Scenario,Region,Variable,Year,Value,Unit,Associated_MI
Canada Net-zero,Canada,Bioenergy,2021,2.5431,GW,"Biomass, Aggregated"
Canada Net-zero,Canada,Bioenergy,2022,2.5431,GW,"Biomass, Aggregated"
Canada Net-zero,Canada,Bioenergy,2023,2.5431,GW,"Biomass, Aggregated"
Canada Net-zero,Canada,Bioenergy,2024,2.5431,GW,"Biomass, Aggregated"
Canada Net-zero,Canada,Bioenergy,2025,2.6936,GW,"Biomass, Aggregated"
Canada Net-zero,Canada,Bioenergy,2026,2.6936,GW,"Biomass, Aggregated"
Canada Net-zero,Canada,Bioenergy,2027,2.6936,GW,"Biomass, Aggregated"
Canada Net-zero,Canada,Bioenergy,2028,2.6936,GW,"Biomass, Aggregated"
Canada Net-zero,Canada,Bioenergy,2029,2.6936,GW,"Biomass, Aggregated"
Canada Net-zero,Canada,Bioenergy,2030,2.6936,GW,"Biomass, Aggregated"
Canada Net-zero,Canada,Bioenergy,2031,2.6936,GW,"Biomass, Aggregated"
Canada Net-zero,Canada,Bioenergy,2032,2.6936,GW,"Biomass, Aggregated"
Canada Net-zero,Canada,Bioenergy,2033,2.6936,GW,"Biomass, Aggregated"
Canada Net-zero,Canada,Bioenergy,2034,2.6936,GW,"Biomass, Aggregated"
Canada Net-zero,Canada,Bioenergy,2035,2.6936,GW,"Biomass, Aggregated"
Canada Net-zero,Canada,Bioenergy,2036,2.6936,GW,"Biomass, Aggregated"
Canada Net-zero,Canada,Bioenergy,2037,2.6936,GW,"Biomass, Aggregated"
Canada Net-zero,Canada,Bioenergy,2038,2.6936,GW,"Biomass, Aggregated"
Canada Net-zero,Canada,Bioenergy,2039,2.6936,GW,"Biomass, Aggregated"
Canada Net-zero,Canada,Bioenergy,2040,2.6936,GW,"Biomass, Aggregated"
Canada Net-zero,Canada,Bioenergy,2041,3.1066,GW,"Biomass, Aggregated"
Canada Net-zero,Canada,Bioenergy,2042,3.5265999999999997,GW,"Biomass, Aggregated"
Canada Net-zero,Canada,Bioenergy,2043,3.9366,GW,"Biomass, Aggregated"
Canada Net-zero,Canada,Bioenergy,2044,4.3566,GW,"Biomass, Aggregated"
Canada Net-zero,Canada,Bioenergy,2045,4.7766,GW,"Biomass, Aggregated"
Canada Net-zero,Canada,Bioenergy,2046,5.0966000000000005,GW,"Biomass, Aggregated"
Canada Net-zero,Canada,Bioenergy,2047,5.416600000000001,GW,"Biomass, Aggregated"
Canada Net-zero,Canada,Bioenergy,2048,5.7366,GW,"Biomass, Aggregated"
Canada Net-zero,Canada,Bioenergy,2049,6.0666,GW,"Biomass, Aggregated"
Canada Net-zero,Canada,Bioenergy,2050,6.3866000000000005,GW,"Biomass, Aggregated"
Canada Net-zero,Canada,Bioenergy with CCUS,2021,0.0,GW,"Biomass with CCS, Aggregated"
Canada Net-zero,Canada,Bioenergy with CCUS,2022,0.0,GW,"Biomass with CCS, Aggregated"
Canada Net-zero,Canada,Bioenergy with CCUS,2023,0.0,GW,"Biomass with CCS, Aggregated"
Canada Net-zero,Canada,Bioenergy with CCUS,2024,0.0,GW,"Biomass with CCS, Aggregated"
Canada Net-zero,Canada,Bioenergy with CCUS,2025,0.0,GW,"Biomass with CCS, Aggregated"
Canada Net-zero,Canada,Bioenergy with CCUS,2026,0.0,GW,"Biomass with CCS, Aggregated"
Canada Net-zero,Canada,Bioenergy with CCUS,2027,0.0,GW,"Biomass with CCS, Aggregated"
Canada Net-zero,Canada,Bioenergy with CCUS,2028,0.0,GW,"Biomass with CCS, Aggregated"
Canada Net-zero,Canada,Bioenergy with CCUS,2029,0.0,GW,"Biomass with CCS, Aggregated"
Canada Net-zero,Canada,Bioenergy with CCUS,2030,0.0,GW,"Biomass with CCS, Aggregated"
Canada Net-zero,Canada,Bioenergy with CCUS,2031,0.2904,GW,"Biomass with CCS, Aggregated"
Canada Net-zero,Canada,Bioenergy with CCUS,2032,0.5796,GW,"Biomass with CCS, Aggregated"
Canada Net-zero,Canada,Bioenergy with CCUS,2033,0.87,GW,"Biomass with CCS, Aggregated"
Canada Net-zero,Canada,Bioenergy with CCUS,2034,1.1594,GW,"Biomass with CCS, Aggregated"
Canada Net-zero,Canada,Bioenergy with CCUS,2035,1.4506,GW,"Biomass with CCS, Aggregated"
Canada Net-zero,Canada,Bioenergy with CCUS,2036,1.761,GW,"Biomass with CCS, Aggregated"
Canada Net-zero,Canada,Bioenergy with CCUS,2037,2.076,GW,"Biomass with CCS, Aggregated"
Canada Net-zero,Canada,Bioenergy with CCUS,2038,2.382,GW,"Biomass with CCS, Aggregated"
Canada Net-zero,Canada,Bioenergy with CCUS,2039,2.7,GW,"Biomass with CCS, Aggregated"
Canada Net-zero,Canada,Bioenergy with CCUS,2040,3.004,GW,"Biomass with CCS, Aggregated"
Canada Net-zero,Canada,Bioenergy with CCUS,2041,3.346,GW,"Biomass with CCS, Aggregated"
Canada Net-zero,Canada,Bioenergy with CCUS,2042,3.67,GW,"Biomass with CCS, Aggregated"
Canada Net-zero,Canada,Bioenergy with CCUS,2043,4.004,GW,"Biomass with CCS, Aggregated"
Canada Net-zero,Canada,Bioenergy with CCUS,2044,4.346,GW,"Biomass with CCS, Aggregated"
Canada Net-zero,Canada,Bioenergy with CCUS,2045,4.67,GW,"Biomass with CCS, Aggregated"
Canada Net-zero,Canada,Bioenergy with CCUS,2046,5.034,GW,"Biomass with CCS, Aggregated"
Canada Net-zero,Canada,Bioenergy with CCUS,2047,5.406,GW,"Biomass with CCS, Aggregated"
Canada Net-zero,Canada,Bioenergy with CCUS,2048,5.77,GW,"Biomass with CCS, Aggregated"
Canada Net-zero,Canada,Bioenergy with CCUS,2049,6.144,GW,"Biomass with CCS, Aggregated"
Canada Net-zero,Canada,Bioenergy with CCUS,2050,6.506,GW,"Biomass with CCS, Aggregated"
Canada Net-zero,Canada,Bioenergy,2020,2.5241,GW,"Biomass, Aggregated"
Canada Net-zero,Canada,Coal and Coke,2021,6.434,GW,Coal and Coke
Canada Net-zero,Canada,Coal and Coke,2022,4.594,GW,Coal and Coke
Canada Net-zero,Canada,Coal and Coke,2023,3.644,GW,Coal and Coke
Canada Net-zero,Canada,Coal and Coke,2024,2.814,GW,Coal and Coke
Canada Net-zero,Canada,Coal and Coke,2025,2.814,GW,Coal and Coke
Canada Net-zero,Canada,Coal and Coke,2026,2.814,GW,Coal and Coke
Canada Net-zero,Canada,Coal and Coke,2027,2.525,GW,Coal and Coke
Canada Net-zero,Canada,Coal and Coke,2028,2.525,GW,Coal and Coke
Canada Net-zero,Canada,Coal and Coke,2029,1.95,GW,Coal and Coke
Canada Net-zero,Canada,Coal and Coke,2030,1.95,GW,Coal and Coke
Canada Net-zero,Canada,Coal and Coke,2031,0.0,GW,Coal and Coke
Canada Net-zero,Canada,Coal and Coke,2032,0.0,GW,Coal and Coke
Canada Net-zero,Canada,Coal and Coke,2033,0.0,GW,Coal and Coke
Canada Net-zero,Canada,Coal and Coke,2034,0.0,GW,Coal and Coke
Canada Net-zero,Canada,Coal and Coke,2035,0.0,GW,Coal and Coke
Canada Net-zero,Canada,Coal and Coke,2036,0.0,GW,Coal and Coke
Canada Net-zero,Canada,Coal and Coke,2037,0.0,GW,Coal and Coke
Canada Net-zero,Canada,Coal and Coke,2038,0.0,GW,Coal and Coke
Canada Net-zero,Canada,Coal and Coke,2039,0.0,GW,Coal and Coke
Canada Net-zero,Canada,Coal and Coke,2040,0.0,GW,Coal and Coke
Canada Net-zero,Canada,Coal and Coke,2041,0.0,GW,Coal and Coke
Canada Net-zero,Canada,Coal and Coke,2042,0.0,GW,Coal and Coke
Canada Net-zero,Canada,Coal and Coke,2043,0.0,GW,Coal and Coke
Canada Net-zero,Canada,Coal and Coke,2044,0.0,GW,Coal and Coke
Canada Net-zero,Canada,Coal and Coke,2045,0.0,GW,Coal and Coke
Canada Net-zero,Canada,Coal and Coke,2046,0.0,GW,Coal and Coke
Canada Net-zero,Canada,Coal and Coke,2047,0.0,GW,Coal and Coke
Canada Net-zero,Canada,Coal and Coke,2048,0.0,GW,Coal and Coke
Canada Net-zero,Canada,Coal and Coke,2049,0.0,GW,Coal and Coke
Canada Net-zero,Canada,Coal and Coke,2050,0.0,GW,Coal and Coke
Current Measures,Canada,Bioenergy,2020,2.5241,GW,"Biomass, Aggregated"
Canada Net-zero,Canada,Coal with CCUS,2021,0.115,GW,"Fossil energy, Coal with CCS"
Canada Net-zero,Canada,Coal with CCUS,2022,0.115,GW,"Fossil energy, Coal with CCS"
Canada Net-zero,Canada,Coal with CCUS,2023,0.115,GW,"Fossil energy, Coal with CCS"
Canada Net-zero,Canada,Coal with CCUS,2024,0.115,GW,"Fossil energy, Coal with CCS"
Canada Net-zero,Canada,Coal with CCUS,2025,0.115,GW,"Fossil energy, Coal with CCS"
Canada Net-zero,Canada,Coal with CCUS,2026,0.115,GW,"Fossil energy, Coal with CCS"
Canada Net-zero,Canada,Coal with CCUS,2027,0.115,GW,"Fossil energy, Coal with CCS"
Canada Net-zero,Canada,Coal with CCUS,2028,0.115,GW,"Fossil energy, Coal with CCS"
Canada Net-zero,Canada,Coal with CCUS,2029,0.115,GW,"Fossil energy, Coal with CCS"
Canada Net-zero,Canada,Coal with CCUS,2030,0.115,GW,"Fossil energy, Coal with CCS"
Canada Net-zero,Canada,Coal with CCUS,2031,0.115,GW,"Fossil energy, Coal with CCS"
Canada Net-zero,Canada,Coal with CCUS,2032,0.115,GW,"Fossil energy, Coal with CCS"
Canada Net-zero,Canada,Coal with CCUS,2033,0.115,GW,"Fossil energy, Coal with CCS"
Canada Net-zero,Canada,Coal with CCUS,2034,0.115,GW,"Fossil energy, Coal with CCS"
Canada Net-zero,Canada,Coal with CCUS,2035,0.0,GW,"Fossil energy, Coal with CCS"
Canada Net-zero,Canada,Coal with CCUS,2036,0.0,GW,"Fossil energy, Coal with CCS"
Canada Net-zero,Canada,Coal with CCUS,2037,0.0,GW,"Fossil energy, Coal with CCS"
Canada Net-zero,Canada,Coal with CCUS,2038,0.0,GW,"Fossil energy, Coal with CCS"
Canada Net-zero,Canada,Coal with CCUS,2039,0.0,GW,"Fossil energy, Coal with CCS"
Canada Net-zero,Canada,Coal with CCUS,2040,0.0,GW,"Fossil energy, Coal with CCS"
Canada Net-zero,Canada,Coal with CCUS,2041,0.0,GW,"Fossil energy, Coal with CCS"
Canada Net-zero,Canada,Coal with CCUS,2042,0.0,GW,"Fossil energy, Coal with CCS"
Canada Net-zero,Canada,Coal with CCUS,2043,0.0,GW,"Fossil energy, Coal with CCS"
Canada Net-zero,Canada,Coal with CCUS,2044,0.0,GW,"Fossil energy, Coal with CCS"
Canada Net-zero,Canada,Coal with CCUS,2045,0.0,GW,"Fossil energy, Coal with CCS"
Canada Net-zero,Canada,Coal with CCUS,2046,0.0,GW,"Fossil energy, Coal with CCS"
Canada Net-zero,Canada,Coal with CCUS,2047,0.0,GW,"Fossil energy, Coal with CCS"
Canada Net-zero,Canada,Coal with CCUS,2048,0.0,GW,"Fossil energy, Coal with CCS"
Canada Net-zero,Canada,Coal with CCUS,2049,0.0,GW,"Fossil energy, Coal with CCS"
Canada Net-zero,Canada,Coal with CCUS,2050,0.0,GW,"Fossil energy, Coal with CCS"
Global Net-zero,Canada,Bioenergy,2020,2.5241,GW,"Biomass, Aggregated"
Canada Net-zero,Canada,Hydro,2021,83.123,GW,"Hydroelectricity, Aggregated"
Canada Net-zero,Canada,Hydro,2022,83.728,GW,"Hydroelectricity, Aggregated"
Canada Net-zero,Canada,Hydro,2023,83.728,GW,"Hydroelectricity, Aggregated"
Canada Net-zero,Canada,Hydro,2024,83.7875,GW,"Hydroelectricity, Aggregated"
Canada Net-zero,Canada,Hydro,2025,84.9125,GW,"Hydroelectricity, Aggregated"
Canada Net-zero,Canada,Hydro,2026,85.8225,GW,"Hydroelectricity, Aggregated"
Canada Net-zero,Canada,Hydro,2027,86.6225,GW,"Hydroelectricity, Aggregated"
Canada Net-zero,Canada,Hydro,2028,87.5225,GW,"Hydroelectricity, Aggregated"
Canada Net-zero,Canada,Hydro,2029,88.437,GW,"Hydroelectricity, Aggregated"
Canada Net-zero,Canada,Hydro,2030,89.237,GW,"Hydroelectricity, Aggregated"
Canada Net-zero,Canada,Hydro,2031,89.867,GW,"Hydroelectricity, Aggregated"
Canada Net-zero,Canada,Hydro,2032,90.412,GW,"Hydroelectricity, Aggregated"
Canada Net-zero,Canada,Hydro,2033,90.942,GW,"Hydroelectricity, Aggregated"
Canada Net-zero,Canada,Hydro,2034,91.612,GW,"Hydroelectricity, Aggregated"
Canada Net-zero,Canada,Hydro,2035,92.149,GW,"Hydroelectricity, Aggregated"
Canada Net-zero,Canada,Hydro,2036,92.149,GW,"Hydroelectricity, Aggregated"
Canada Net-zero,Canada,Hydro,2037,92.149,GW,"Hydroelectricity, Aggregated"
Canada Net-zero,Canada,Hydro,2038,92.149,GW,"Hydroelectricity, Aggregated"
Canada Net-zero,Canada,Hydro,2039,92.149,GW,"Hydroelectricity, Aggregated"
Canada Net-zero,Canada,Hydro,2040,92.152,GW,"Hydroelectricity, Aggregated"
Canada Net-zero,Canada,Hydro,2041,92.252,GW,"Hydroelectricity, Aggregated"
Canada Net-zero,Canada,Hydro,2042,92.452,GW,"Hydroelectricity, Aggregated"
Canada Net-zero,Canada,Hydro,2043,92.552,GW,"Hydroelectricity, Aggregated"
Canada Net-zero,Canada,Hydro,2044,92.752,GW,"Hydroelectricity, Aggregated"
Canada Net-zero,Canada,Hydro,2045,92.852,GW,"Hydroelectricity, Aggregated"
Canada Net-zero,Canada,Hydro,2046,92.852,GW,"Hydroelectricity, Aggregated"
Canada Net-zero,Canada,Hydro,2047,92.852,GW,"Hydroelectricity, Aggregated"
Canada Net-zero,Canada,Hydro,2048,92.852,GW,"Hydroelectricity, Aggregated"
Canada Net-zero,Canada,Hydro,2049,92.852,GW,"Hydroelectricity, Aggregated"
Canada Net-zero,Canada,Hydro,2050,92.852,GW,"Hydroelectricity, Aggregated"
Canada Net-zero,Canada,Bioenergy with CCUS,2020,0.0,GW,"Biomass with CCS, Aggregated"
Canada Net-zero,Canada,Hydrogen,2021,0.0,GW,"Fossil energy, Hydrogen"
Canada Net-zero,Canada,Hydrogen,2022,0.0,GW,"Fossil energy, Hydrogen"
Canada Net-zero,Canada,Hydrogen,2023,0.0,GW,"Fossil energy, Hydrogen"
Canada Net-zero,Canada,Hydrogen,2024,0.0,GW,"Fossil energy, Hydrogen"
Canada Net-zero,Canada,Hydrogen,2025,0.0,GW,"Fossil energy, Hydrogen"
Canada Net-zero,Canada,Hydrogen,2026,0.0,GW,"Fossil energy, Hydrogen"
Canada Net-zero,Canada,Hydrogen,2027,0.0,GW,"Fossil energy, Hydrogen"
Canada Net-zero,Canada,Hydrogen,2028,0.0,GW,"Fossil energy, Hydrogen"
Canada Net-zero,Canada,Hydrogen,2029,0.0,GW,"Fossil energy, Hydrogen"
Canada Net-zero,Canada,Hydrogen,2030,0.0,GW,"Fossil energy, Hydrogen"
Canada Net-zero,Canada,Hydrogen,2031,0.0,GW,"Fossil energy, Hydrogen"
Canada Net-zero,Canada,Hydrogen,2032,0.0,GW,"Fossil energy, Hydrogen"
Canada Net-zero,Canada,Hydrogen,2033,0.0,GW,"Fossil energy, Hydrogen"
Canada Net-zero,Canada,Hydrogen,2034,0.0,GW,"Fossil energy, Hydrogen"
Canada Net-zero,Canada,Hydrogen,2035,0.0,GW,"Fossil energy, Hydrogen"
Canada Net-zero,Canada,Hydrogen,2036,0.0,GW,"Fossil energy, Hydrogen"
Canada Net-zero,Canada,Hydrogen,2037,0.0,GW,"Fossil energy, Hydrogen"
Canada Net-zero,Canada,Hydrogen,2038,0.0,GW,"Fossil energy, Hydrogen"
Canada Net-zero,Canada,Hydrogen,2039,0.0,GW,"Fossil energy, Hydrogen"
Canada Net-zero,Canada,Hydrogen,2040,0.0,GW,"Fossil energy, Hydrogen"
Canada Net-zero,Canada,Hydrogen,2041,0.0574,GW,"Fossil energy, Hydrogen"
Canada Net-zero,Canada,Hydrogen,2042,0.115,GW,"Fossil energy, Hydrogen"
Canada Net-zero,Canada,Hydrogen,2043,0.172,GW,"Fossil energy, Hydrogen"
Canada Net-zero,Canada,Hydrogen,2044,0.23,GW,"Fossil energy, Hydrogen"
Canada Net-zero,Canada,Hydrogen,2045,0.287,GW,"Fossil energy, Hydrogen"
Canada Net-zero,Canada,Hydrogen,2046,0.653,GW,"Fossil energy, Hydrogen"
Canada Net-zero,Canada,Hydrogen,2047,1.02,GW,"Fossil energy, Hydrogen"
Canada Net-zero,Canada,Hydrogen,2048,1.38,GW,"Fossil energy, Hydrogen"
Canada Net-zero,Canada,Hydrogen,2049,1.75,GW,"Fossil energy, Hydrogen"
Canada Net-zero,Canada,Hydrogen,2050,2.12,GW,"Fossil energy, Hydrogen"
Global Net-zero,Canada,Bioenergy with CCUS,2020,0.0,GW,"Biomass with CCS, Aggregated"
Canada Net-zero,Canada,Natural Gas,2021,22.9816,GW,"Fossil energy, Natural gas"
Canada Net-zero,Canada,Natural Gas,2022,23.4816,GW,"Fossil energy, Natural gas"
Canada Net-zero,Canada,Natural Gas,2023,25.9116,GW,"Fossil energy, Natural gas"
Canada Net-zero,Canada,Natural Gas,2024,26.176599999999997,GW,"Fossil energy, Natural gas"
Canada Net-zero,Canada,Natural Gas,2025,29.865599999999997,GW,"Fossil energy, Natural gas"
Canada Net-zero,Canada,Natural Gas,2026,32.166599999999995,GW,"Fossil energy, Natural gas"
Canada Net-zero,Canada,Natural Gas,2027,34.4566,GW,"Fossil energy, Natural gas"
Canada Net-zero,Canada,Natural Gas,2028,36.3966,GW,"Fossil energy, Natural gas"
Canada Net-zero,Canada,Natural Gas,2029,38.6166,GW,"Fossil energy, Natural gas"
Canada Net-zero,Canada,Natural Gas,2030,40.5426,GW,"Fossil energy, Natural gas"
Canada Net-zero,Canada,Natural Gas,2031,41.742599999999996,GW,"Fossil energy, Natural gas"
Canada Net-zero,Canada,Natural Gas,2032,42.7926,GW,"Fossil energy, Natural gas"
Canada Net-zero,Canada,Natural Gas,2033,43.5306,GW,"Fossil energy, Natural gas"
Canada Net-zero,Canada,Natural Gas,2034,43.8306,GW,"Fossil energy, Natural gas"
Canada Net-zero,Canada,Natural Gas,2035,34.1328,GW,"Fossil energy, Natural gas"
Canada Net-zero,Canada,Natural Gas,2036,33.5428,GW,"Fossil energy, Natural gas"
Canada Net-zero,Canada,Natural Gas,2037,33.0328,GW,"Fossil energy, Natural gas"
Canada Net-zero,Canada,Natural Gas,2038,31.8098,GW,"Fossil energy, Natural gas"
Canada Net-zero,Canada,Natural Gas,2039,31.369799999999998,GW,"Fossil energy, Natural gas"
Canada Net-zero,Canada,Natural Gas,2040,30.0098,GW,"Fossil energy, Natural gas"
Canada Net-zero,Canada,Natural Gas,2041,29.7698,GW,"Fossil energy, Natural gas"
Canada Net-zero,Canada,Natural Gas,2042,29.3398,GW,"Fossil energy, Natural gas"
Canada Net-zero,Canada,Natural Gas,2043,29.3398,GW,"Fossil energy, Natural gas"
Canada Net-zero,Canada,Natural Gas,2044,29.209799999999998,GW,"Fossil energy, Natural gas"
Canada Net-zero,Canada,Natural Gas,2045,28.8198,GW,"Fossil energy, Natural gas"
Canada Net-zero,Canada,Natural Gas,2046,28.1298,GW,"Fossil energy, Natural gas"
Canada Net-zero,Canada,Natural Gas,2047,27.9798,GW,"Fossil energy, Natural gas"
Canada Net-zero,Canada,Natural Gas,2048,27.5698,GW,"Fossil energy, Natural gas"
Canada Net-zero,Canada,Natural Gas,2049,27.5598,GW,"Fossil energy, Natural gas"
Canada Net-zero,Canada,Natural Gas,2050,25.9098,GW,"Fossil energy, Natural gas"
Canada Net-zero,Canada,Coal and Coke,2020,7.814,GW,Coal and Coke
Canada Net-zero,Canada,Natural Gas with CCUS,2021,0.0,GW,"Fossil energy, Natural gas with CCS"
Canada Net-zero,Canada,Natural Gas with CCUS,2022,0.0,GW,"Fossil energy, Natural gas with CCS"
Canada Net-zero,Canada,Natural Gas with CCUS,2023,0.0,GW,"Fossil energy, Natural gas with CCS"
Canada Net-zero,Canada,Natural Gas with CCUS,2024,0.0,GW,"Fossil energy, Natural gas with CCS"
Canada Net-zero,Canada,Natural Gas with CCUS,2025,0.0,GW,"Fossil energy, Natural gas with CCS"
Canada Net-zero,Canada,Natural Gas with CCUS,2026,0.216,GW,"Fossil energy, Natural gas with CCS"
Canada Net-zero,Canada,Natural Gas with CCUS,2027,0.433,GW,"Fossil energy, Natural gas with CCS"
Canada Net-zero,Canada,Natural Gas with CCUS,2028,0.649,GW,"Fossil energy, Natural gas with CCS"
Canada Net-zero,Canada,Natural Gas with CCUS,2029,0.865,GW,"Fossil energy, Natural gas with CCS"
Canada Net-zero,Canada,Natural Gas with CCUS,2030,2.09,GW,"Fossil energy, Natural gas with CCS"
Canada Net-zero,Canada,Natural Gas with CCUS,2031,2.09,GW,"Fossil energy, Natural gas with CCS"
Canada Net-zero,Canada,Natural Gas with CCUS,2032,2.09,GW,"Fossil energy, Natural gas with CCS"
Canada Net-zero,Canada,Natural Gas with CCUS,2033,2.09,GW,"Fossil energy, Natural gas with CCS"
Canada Net-zero,Canada,Natural Gas with CCUS,2034,2.09,GW,"Fossil energy, Natural gas with CCS"
Canada Net-zero,Canada,Natural Gas with CCUS,2035,4.3033,GW,"Fossil energy, Natural gas with CCS"
Canada Net-zero,Canada,Natural Gas with CCUS,2036,5.6476999999999995,GW,"Fossil energy, Natural gas with CCS"
Canada Net-zero,Canada,Natural Gas with CCUS,2037,7.002,GW,"Fossil energy, Natural gas with CCS"
Canada Net-zero,Canada,Natural Gas with CCUS,2038,8.347,GW,"Fossil energy, Natural gas with CCS"
Canada Net-zero,Canada,Natural Gas with CCUS,2039,9.691,GW,"Fossil energy, Natural gas with CCS"
Canada Net-zero,Canada,Natural Gas with CCUS,2040,11.036,GW,"Fossil energy, Natural gas with CCS"
Canada Net-zero,Canada,Natural Gas with CCUS,2041,12.278,GW,"Fossil energy, Natural gas with CCS"
Canada Net-zero,Canada,Natural Gas with CCUS,2042,13.53,GW,"Fossil energy, Natural gas with CCS"
Canada Net-zero,Canada,Natural Gas with CCUS,2043,14.763,GW,"Fossil energy, Natural gas with CCS"
Canada Net-zero,Canada,Natural Gas with CCUS,2044,16.005,GW,"Fossil energy, Natural gas with CCS"
Canada Net-zero,Canada,Natural Gas with CCUS,2045,17.237,GW,"Fossil energy, Natural gas with CCS"
Canada Net-zero,Canada,Natural Gas with CCUS,2046,17.454,GW,"Fossil energy, Natural gas with CCS"
Canada Net-zero,Canada,Natural Gas with CCUS,2047,17.672,GW,"Fossil energy, Natural gas with CCS"
Canada Net-zero,Canada,Natural Gas with CCUS,2048,17.89,GW,"Fossil energy, Natural gas with CCS"
Canada Net-zero,Canada,Natural Gas with CCUS,2049,18.108,GW,"Fossil energy, Natural gas with CCS"
Canada Net-zero,Canada,Natural Gas with CCUS,2050,18.327,GW,"Fossil energy, Natural gas with CCS"
Current Measures,Canada,Coal and Coke,2020,7.784,GW,Coal and Coke
Canada Net-zero,Canada,Offshore Wind,2021,0.0,GW,"Wind, Offshore"
Canada Net-zero,Canada,Offshore Wind,2022,0.0,GW,"Wind, Offshore"
Canada Net-zero,Canada,Offshore Wind,2023,0.0,GW,"Wind, Offshore"
Canada Net-zero,Canada,Offshore Wind,2024,0.0,GW,"Wind, Offshore"
Canada Net-zero,Canada,Offshore Wind,2025,0.0,GW,"Wind, Offshore"
Canada Net-zero,Canada,Offshore Wind,2026,0.4,GW,"Wind, Offshore"
Canada Net-zero,Canada,Offshore Wind,2027,0.8,GW,"Wind, Offshore"
Canada Net-zero,Canada,Offshore Wind,2028,1.2,GW,"Wind, Offshore"
Canada Net-zero,Canada,Offshore Wind,2029,1.6,GW,"Wind, Offshore"
Canada Net-zero,Canada,Offshore Wind,2030,2.0,GW,"Wind, Offshore"
Canada Net-zero,Canada,Offshore Wind,2031,2.6,GW,"Wind, Offshore"
Canada Net-zero,Canada,Offshore Wind,2032,3.2,GW,"Wind, Offshore"
Canada Net-zero,Canada,Offshore Wind,2033,3.8,GW,"Wind, Offshore"
Canada Net-zero,Canada,Offshore Wind,2034,4.4,GW,"Wind, Offshore"
Canada Net-zero,Canada,Offshore Wind,2035,5.0,GW,"Wind, Offshore"
Canada Net-zero,Canada,Offshore Wind,2036,5.0,GW,"Wind, Offshore"
Canada Net-zero,Canada,Offshore Wind,2037,5.0,GW,"Wind, Offshore"
Canada Net-zero,Canada,Offshore Wind,2038,5.0,GW,"Wind, Offshore"
Canada Net-zero,Canada,Offshore Wind,2039,5.0,GW,"Wind, Offshore"
Canada Net-zero,Canada,Offshore Wind,2040,5.0,GW,"Wind, Offshore"
Canada Net-zero,Canada,Offshore Wind,2041,5.0,GW,"Wind, Offshore"
Canada Net-zero,Canada,Offshore Wind,2042,5.0,GW,"Wind, Offshore"
Canada Net-zero,Canada,Offshore Wind,2043,5.0,GW,"Wind, Offshore"
Canada Net-zero,Canada,Offshore Wind,2044,5.0,GW,"Wind, Offshore"
Canada Net-zero,Canada,Offshore Wind,2045,5.0,GW,"Wind, Offshore"
Canada Net-zero,Canada,Offshore Wind,2046,5.0,GW,"Wind, Offshore"
Canada Net-zero,Canada,Offshore Wind,2047,5.0,GW,"Wind, Offshore"
Canada Net-zero,Canada,Offshore Wind,2048,5.0,GW,"Wind, Offshore"
Canada Net-zero,Canada,Offshore Wind,2049,5.0,GW,"Wind, Offshore"
Canada Net-zero,Canada,Offshore Wind,2050,5.0,GW,"Wind, Offshore"
Global Net-zero,Canada,Coal and Coke,2020,7.814,GW,Coal and Coke
Canada Net-zero,Canada,Oil,2021,3.66085,GW,"Fossil energy, Natural gas"
Canada Net-zero,Canada,Oil,2022,3.66085,GW,"Fossil energy, Natural gas"
Canada Net-zero,Canada,Oil,2023,3.66085,GW,"Fossil energy, Natural gas"
Canada Net-zero,Canada,Oil,2024,3.66485,GW,"Fossil energy, Natural gas"
Canada Net-zero,Canada,Oil,2025,3.6748499999999997,GW,"Fossil energy, Natural gas"
Canada Net-zero,Canada,Oil,2026,3.55085,GW,"Fossil energy, Natural gas"
Canada Net-zero,Canada,Oil,2027,3.51885,GW,"Fossil energy, Natural gas"
Canada Net-zero,Canada,Oil,2028,3.51885,GW,"Fossil energy, Natural gas"
Canada Net-zero,Canada,Oil,2029,3.51885,GW,"Fossil energy, Natural gas"
Canada Net-zero,Canada,Oil,2030,3.49305,GW,"Fossil energy, Natural gas"
Canada Net-zero,Canada,Oil,2031,3.00605,GW,"Fossil energy, Natural gas"
Canada Net-zero,Canada,Oil,2032,2.99005,GW,"Fossil energy, Natural gas"
Canada Net-zero,Canada,Oil,2033,2.99005,GW,"Fossil energy, Natural gas"
Canada Net-zero,Canada,Oil,2034,2.99005,GW,"Fossil energy, Natural gas"
Canada Net-zero,Canada,Oil,2035,2.99005,GW,"Fossil energy, Natural gas"
Canada Net-zero,Canada,Oil,2036,1.8650499999999999,GW,"Fossil energy, Natural gas"
Canada Net-zero,Canada,Oil,2037,1.8650499999999999,GW,"Fossil energy, Natural gas"
Canada Net-zero,Canada,Oil,2038,1.8650499999999999,GW,"Fossil energy, Natural gas"
Canada Net-zero,Canada,Oil,2039,1.8650499999999999,GW,"Fossil energy, Natural gas"
Canada Net-zero,Canada,Oil,2040,1.8650499999999999,GW,"Fossil energy, Natural gas"
Canada Net-zero,Canada,Oil,2041,1.81005,GW,"Fossil energy, Natural gas"
Canada Net-zero,Canada,Oil,2042,1.81005,GW,"Fossil energy, Natural gas"
Canada Net-zero,Canada,Oil,2043,1.81005,GW,"Fossil energy, Natural gas"
Canada Net-zero,Canada,Oil,2044,1.81005,GW,"Fossil energy, Natural gas"
Canada Net-zero,Canada,Oil,2045,1.81005,GW,"Fossil energy, Natural gas"
Canada Net-zero,Canada,Oil,2046,1.81005,GW,"Fossil energy, Natural gas"
Canada Net-zero,Canada,Oil,2047,1.81005,GW,"Fossil energy, Natural gas"
Canada Net-zero,Canada,Oil,2048,1.81005,GW,"Fossil energy, Natural gas"
Canada Net-zero,Canada,Oil,2049,1.81005,GW,"Fossil energy, Natural gas"
Canada Net-zero,Canada,Oil,2050,1.81005,GW,"Fossil energy, Natural gas"
Canada Net-zero,Canada,Coal with CCUS,2020,0.115,GW,"Fossil energy, Coal with CCS"
Canada Net-zero,Canada,Onshore Wind,2021,13.88131,GW,"Wind, Onshore"
Canada Net-zero,Canada,Onshore Wind,2022,15.24031,GW,"Wind, Onshore"
Canada Net-zero,Canada,Onshore Wind,2023,16.14031,GW,"Wind, Onshore"
Canada Net-zero,Canada,Onshore Wind,2024,17.80931,GW,"Wind, Onshore"
Canada Net-zero,Canada,Onshore Wind,2025,19.376810000000003,GW,"Wind, Onshore"
Canada Net-zero,Canada,Onshore Wind,2026,20.420810000000003,GW,"Wind, Onshore"
Canada Net-zero,Canada,Onshore Wind,2027,21.47681,GW,"Wind, Onshore"
Canada Net-zero,Canada,Onshore Wind,2028,22.53781,GW,"Wind, Onshore"
Canada Net-zero,Canada,Onshore Wind,2029,23.582810000000002,GW,"Wind, Onshore"
Canada Net-zero,Canada,Onshore Wind,2030,24.69575,GW,"Wind, Onshore"
Canada Net-zero,Canada,Onshore Wind,2031,30.07075,GW,"Wind, Onshore"
Canada Net-zero,Canada,Onshore Wind,2032,35.38275,GW,"Wind, Onshore"
Canada Net-zero,Canada,Onshore Wind,2033,40.77275,GW,"Wind, Onshore"
Canada Net-zero,Canada,Onshore Wind,2034,46.22275,GW,"Wind, Onshore"
Canada Net-zero,Canada,Onshore Wind,2035,51.742,GW,"Wind, Onshore"
Canada Net-zero,Canada,Onshore Wind,2036,54.992,GW,"Wind, Onshore"
Canada Net-zero,Canada,Onshore Wind,2037,58.222,GW,"Wind, Onshore"
Canada Net-zero,Canada,Onshore Wind,2038,61.552,GW,"Wind, Onshore"
Canada Net-zero,Canada,Onshore Wind,2039,64.892,GW,"Wind, Onshore"
Canada Net-zero,Canada,Onshore Wind,2040,68.1683,GW,"Wind, Onshore"
Canada Net-zero,Canada,Onshore Wind,2041,72.84830000000001,GW,"Wind, Onshore"
Canada Net-zero,Canada,Onshore Wind,2042,77.6383,GW,"Wind, Onshore"
Canada Net-zero,Canada,Onshore Wind,2043,82.4183,GW,"Wind, Onshore"
Canada Net-zero,Canada,Onshore Wind,2044,87.1183,GW,"Wind, Onshore"
Canada Net-zero,Canada,Onshore Wind,2045,91.91789999999999,GW,"Wind, Onshore"
Canada Net-zero,Canada,Onshore Wind,2046,94.7319,GW,"Wind, Onshore"
Canada Net-zero,Canada,Onshore Wind,2047,97.5949,GW,"Wind, Onshore"
Canada Net-zero,Canada,Onshore Wind,2048,100.4189,GW,"Wind, Onshore"
Canada Net-zero,Canada,Onshore Wind,2049,103.2419,GW,"Wind, Onshore"
Canada Net-zero,Canada,Onshore Wind,2050,106.0841,GW,"Wind, Onshore"
Current Measures,Canada,Coal with CCUS,2020,0.115,GW,"Fossil energy, Coal with CCS"
Canada Net-zero,Canada,Solar (Distributed),2021,2.420077124844,GW,"Solar PV, Aggregated"
Canada Net-zero,Canada,Solar (Distributed),2022,2.482693419916,GW,"Solar PV, Aggregated"
Canada Net-zero,Canada,Solar (Distributed),2023,2.61030971499,GW,"Solar PV, Aggregated"
Canada Net-zero,Canada,Solar (Distributed),2024,2.755783152964,GW,"Solar PV, Aggregated"
Canada Net-zero,Canada,Solar (Distributed),2025,2.9570899241379998,GW,"Solar PV, Aggregated"
Canada Net-zero,Canada,Solar (Distributed),2026,3.204429568662,GW,"Solar PV, Aggregated"
Canada Net-zero,Canada,Solar (Distributed),2027,3.451769213987,GW,"Solar PV, Aggregated"
Canada Net-zero,Canada,Solar (Distributed),2028,3.69910885941299,GW,"Solar PV, Aggregated"
Canada Net-zero,Canada,Solar (Distributed),2029,3.94644850483599,GW,"Solar PV, Aggregated"
Canada Net-zero,Canada,Solar (Distributed),2030,4.193788150262001,GW,"Solar PV, Aggregated"
Canada Net-zero,Canada,Solar (Distributed),2031,4.4595196725,GW,"Solar PV, Aggregated"
Canada Net-zero,Canada,Solar (Distributed),2032,4.72525119574,GW,"Solar PV, Aggregated"
Canada Net-zero,Canada,Solar (Distributed),2033,4.990982717978,GW,"Solar PV, Aggregated"
Canada Net-zero,Canada,Solar (Distributed),2034,5.256714240216,GW,"Solar PV, Aggregated"
Canada Net-zero,Canada,Solar (Distributed),2035,5.522445763456,GW,"Solar PV, Aggregated"
Canada Net-zero,Canada,Solar (Distributed),2036,5.788177285494,GW,"Solar PV, Aggregated"
Canada Net-zero,Canada,Solar (Distributed),2037,6.053908808031999,GW,"Solar PV, Aggregated"
Canada Net-zero,Canada,Solar (Distributed),2038,6.3196403305699995,GW,"Solar PV, Aggregated"
Canada Net-zero,Canada,Solar (Distributed),2039,6.585371853110001,GW,"Solar PV, Aggregated"
Canada Net-zero,Canada,Solar (Distributed),2040,6.851103375648,GW,"Solar PV, Aggregated"
Canada Net-zero,Canada,Solar (Distributed),2041,6.986759175773,GW,"Solar PV, Aggregated"
Canada Net-zero,Canada,Solar (Distributed),2042,7.122414976787001,GW,"Solar PV, Aggregated"
Canada Net-zero,Canada,Solar (Distributed),2043,7.2580707769210004,GW,"Solar PV, Aggregated"
Canada Net-zero,Canada,Solar (Distributed),2044,7.3937265770459994,GW,"Solar PV, Aggregated"
Canada Net-zero,Canada,Solar (Distributed),2045,7.529382379171,GW,"Solar PV, Aggregated"
Canada Net-zero,Canada,Solar (Distributed),2046,7.665038179174999,GW,"Solar PV, Aggregated"
Canada Net-zero,Canada,Solar (Distributed),2047,7.8006939793,GW,"Solar PV, Aggregated"
Canada Net-zero,Canada,Solar (Distributed),2048,7.936349779434,GW,"Solar PV, Aggregated"
Canada Net-zero,Canada,Solar (Distributed),2049,8.072005580448,GW,"Solar PV, Aggregated"
Canada Net-zero,Canada,Solar (Distributed),2050,8.207661380572999,GW,"Solar PV, Aggregated"
Global Net-zero,Canada,Coal with CCUS,2020,0.115,GW,"Fossil energy, Coal with CCS"
Canada Net-zero,Canada,Solar (Utility scale),2021,3.3509360000000004,GW,"Solar CSP, Aggregated"
Canada Net-zero,Canada,Solar (Utility scale),2022,3.994936,GW,"Solar CSP, Aggregated"
Canada Net-zero,Canada,Solar (Utility scale),2023,4.225936,GW,"Solar CSP, Aggregated"
Canada Net-zero,Canada,Solar (Utility scale),2024,4.225936,GW,"Solar CSP, Aggregated"
Canada Net-zero,Canada,Solar (Utility scale),2025,4.678966999999999,GW,"Solar CSP, Aggregated"
Canada Net-zero,Canada,Solar (Utility scale),2026,4.942367,GW,"Solar CSP, Aggregated"
Canada Net-zero,Canada,Solar (Utility scale),2027,5.2047669999999995,GW,"Solar CSP, Aggregated"
Canada Net-zero,Canada,Solar (Utility scale),2028,5.467167000000001,GW,"Solar CSP, Aggregated"
Canada Net-zero,Canada,Solar (Utility scale),2029,5.730567,GW,"Solar CSP, Aggregated"
Canada Net-zero,Canada,Solar (Utility scale),2030,6.028967,GW,"Solar CSP, Aggregated"
Canada Net-zero,Canada,Solar (Utility scale),2031,8.983967,GW,"Solar CSP, Aggregated"
Canada Net-zero,Canada,Solar (Utility scale),2032,11.923967000000001,GW,"Solar CSP, Aggregated"
Canada Net-zero,Canada,Solar (Utility scale),2033,14.883967,GW,"Solar CSP, Aggregated"
Canada Net-zero,Canada,Solar (Utility scale),2034,17.837967,GW,"Solar CSP, Aggregated"
Canada Net-zero,Canada,Solar (Utility scale),2035,20.890877,GW,"Solar CSP, Aggregated"
Canada Net-zero,Canada,Solar (Utility scale),2036,21.240877,GW,"Solar CSP, Aggregated"
Canada Net-zero,Canada,Solar (Utility scale),2037,21.580877,GW,"Solar CSP, Aggregated"
Canada Net-zero,Canada,Solar (Utility scale),2038,21.930877,GW,"Solar CSP, Aggregated"
Canada Net-zero,Canada,Solar (Utility scale),2039,22.280877,GW,"Solar CSP, Aggregated"
Canada Net-zero,Canada,Solar (Utility scale),2040,22.620877,GW,"Solar CSP, Aggregated"
Canada Net-zero,Canada,Solar (Utility scale),2041,23.980877,GW,"Solar CSP, Aggregated"
Canada Net-zero,Canada,Solar (Utility scale),2042,25.340877,GW,"Solar CSP, Aggregated"
Canada Net-zero,Canada,Solar (Utility scale),2043,26.690877,GW,"Solar CSP, Aggregated"
Canada Net-zero,Canada,Solar (Utility scale),2044,28.040877000000002,GW,"Solar CSP, Aggregated"
Canada Net-zero,Canada,Solar (Utility scale),2045,29.400877,GW,"Solar CSP, Aggregated"
Canada Net-zero,Canada,Solar (Utility scale),2046,30.510877,GW,"Solar CSP, Aggregated"
Canada Net-zero,Canada,Solar (Utility scale),2047,31.710877,GW,"Solar CSP, Aggregated"
Canada Net-zero,Canada,Solar (Utility scale),2048,32.920877,GW,"Solar CSP, Aggregated"
Canada Net-zero,Canada,Solar (Utility scale),2049,34.130877,GW,"Solar CSP, Aggregated"
Canada Net-zero,Canada,Solar (Utility scale),2050,34.867377,GW,"Solar CSP, Aggregated"
Canada Net-zero,Canada,Hydro,2020,81.793,GW,"Hydroelectricity, Aggregated"
Canada Net-zero,Canada,Total,2021,151.709873124844,GW,"Grid, Transmission grid"
Canada Net-zero,Canada,Total,2021,151.709873124844,GW,"Grid, Distribution grid"
Canada Net-zero,Canada,Total,2021,151.709873124844,GW,"Grid, Transmission transformers"
Canada Net-zero,Canada,Total,2021,151.709873124844,GW,"Grid, Distribution transformers"
Canada Net-zero,Canada,Total,2022,153.085489419916,GW,"Grid, Transmission grid"
Canada Net-zero,Canada,Total,2022,153.085489419916,GW,"Grid, Distribution grid"
Canada Net-zero,Canada,Total,2022,153.085489419916,GW,"Grid, Transmission transformers"
Canada Net-zero,Canada,Total,2022,153.085489419916,GW,"Grid, Distribution transformers"
Canada Net-zero,Canada,Total,2023,154.82410571499,GW,"Grid, Transmission grid"
Canada Net-zero,Canada,Total,2023,154.82410571499,GW,"Grid, Distribution grid"
Canada Net-zero,Canada,Total,2023,154.82410571499,GW,"Grid, Transmission transformers"
Canada Net-zero,Canada,Total,2023,154.82410571499,GW,"Grid, Distribution transformers"
Canada Net-zero,Canada,Total,2024,156.137079152964,GW,"Grid, Transmission grid"
Canada Net-zero,Canada,Total,2024,156.137079152964,GW,"Grid, Distribution grid"
Canada Net-zero,Canada,Total,2024,156.137079152964,GW,"Grid, Transmission transformers"
Canada Net-zero,Canada,Total,2024,156.137079152964,GW,"Grid, Distribution transformers"
Canada Net-zero,Canada,Total,2025,163.333416924138,GW,"Grid, Transmission grid"
Canada Net-zero,Canada,Total,2025,163.333416924138,GW,"Grid, Distribution grid"
Canada Net-zero,Canada,Total,2025,163.333416924138,GW,"Grid, Transmission transformers"
Canada Net-zero,Canada,Total,2025,163.333416924138,GW,"Grid, Distribution transformers"
Canada Net-zero,Canada,Total,2026,167.691156568662,GW,"Grid, Transmission grid"
Canada Net-zero,Canada,Total,2026,167.691156568662,GW,"Grid, Distribution grid"
Canada Net-zero,Canada,Total,2026,167.691156568662,GW,"Grid, Transmission transformers"
Canada Net-zero,Canada,Total,2026,167.691156568662,GW,"Grid, Distribution transformers"
Canada Net-zero,Canada,Total,2027,172.242896213987,GW,"Grid, Transmission grid"
Canada Net-zero,Canada,Total,2027,172.242896213987,GW,"Grid, Distribution grid"
Canada Net-zero,Canada,Total,2027,172.242896213987,GW,"Grid, Transmission transformers"
Canada Net-zero,Canada,Total,2027,172.242896213987,GW,"Grid, Distribution transformers"
Canada Net-zero,Canada,Total,2028,177.269635859413,GW,"Grid, Transmission grid"
Canada Net-zero,Canada,Total,2028,177.269635859413,GW,"Grid, Distribution grid"
Canada Net-zero,Canada,Total,2028,177.269635859413,GW,"Grid, Transmission transformers"
Canada Net-zero,Canada,Total,2028,177.269635859413,GW,"Grid, Distribution transformers"
Canada Net-zero,Canada,Total,2029,182.00087550483602,GW,"Grid, Transmission grid"
Canada Net-zero,Canada,Total,2029,182.00087550483602,GW,"Grid, Distribution grid"
Canada Net-zero,Canada,Total,2029,182.00087550483602,GW,"Grid, Transmission transformers"
Canada Net-zero,Canada,Total,2029,182.00087550483602,GW,"Grid, Distribution transformers"
Canada Net-zero,Canada,Total,2030,188.484755150262,GW,"Grid, Transmission grid"
Canada Net-zero,Canada,Total,2030,188.484755150262,GW,"Grid, Distribution grid"
Canada Net-zero,Canada,Total,2030,188.484755150262,GW,"Grid, Transmission transformers"
Canada Net-zero,Canada,Total,2030,188.484755150262,GW,"Grid, Distribution transformers"
Canada Net-zero,Canada,Total,2031,199.9559866725,GW,"Grid, Transmission grid"
Canada Net-zero,Canada,Total,2031,199.9559866725,GW,"Grid, Distribution grid"
Canada Net-zero,Canada,Total,2031,199.9559866725,GW,"Grid, Transmission transformers"
Canada Net-zero,Canada,Total,2031,199.9559866725,GW,"Grid, Distribution transformers"
Canada Net-zero,Canada,Total,2032,213.53481819574,GW,"Grid, Transmission grid"
Canada Net-zero,Canada,Total,2032,213.53481819574,GW,"Grid, Distribution grid"
Canada Net-zero,Canada,Total,2032,213.53481819574,GW,"Grid, Transmission transformers"
Canada Net-zero,Canada,Total,2032,213.53481819574,GW,"Grid, Distribution transformers"
Canada Net-zero,Canada,Total,2033,226.895949717978,GW,"Grid, Transmission grid"
Canada Net-zero,Canada,Total,2033,226.895949717978,GW,"Grid, Distribution grid"
Canada Net-zero,Canada,Total,2033,226.895949717978,GW,"Grid, Transmission transformers"
Canada Net-zero,Canada,Total,2033,226.895949717978,GW,"Grid, Distribution transformers"
Canada Net-zero,Canada,Total,2034,240.819081240216,GW,"Grid, Transmission grid"
Canada Net-zero,Canada,Total,2034,240.819081240216,GW,"Grid, Distribution grid"
Canada Net-zero,Canada,Total,2034,240.819081240216,GW,"Grid, Transmission transformers"
Canada Net-zero,Canada,Total,2034,240.819081240216,GW,"Grid, Distribution transformers"
Canada Net-zero,Canada,Total,2035,246.601672763456,GW,"Grid, Transmission grid"
Canada Net-zero,Canada,Total,2035,246.601672763456,GW,"Grid, Distribution grid"
Canada Net-zero,Canada,Total,2035,246.601672763456,GW,"Grid, Transmission transformers"
Canada Net-zero,Canada,Total,2035,246.601672763456,GW,"Grid, Distribution transformers"
Canada Net-zero,Canada,Total,2036,252.42020428549398,GW,"Grid, Transmission grid"
Canada Net-zero,Canada,Total,2036,252.42020428549398,GW,"Grid, Distribution grid"
Canada Net-zero,Canada,Total,2036,252.42020428549398,GW,"Grid, Transmission transformers"
Canada Net-zero,Canada,Total,2036,252.42020428549398,GW,"Grid, Distribution transformers"
Canada Net-zero,Canada,Total,2037,259.44423580803203,GW,"Grid, Transmission grid"
Canada Net-zero,Canada,Total,2037,259.44423580803203,GW,"Grid, Distribution grid"
Canada Net-zero,Canada,Total,2037,259.44423580803203,GW,"Grid, Transmission transformers"
Canada Net-zero,Canada,Total,2037,259.44423580803203,GW,"Grid, Distribution transformers"
Canada Net-zero,Canada,Total,2038,265.79096733056997,GW,"Grid, Transmission grid"
Canada Net-zero,Canada,Total,2038,265.79096733056997,GW,"Grid, Distribution grid"
Canada Net-zero,Canada,Total,2038,265.79096733056997,GW,"Grid, Transmission transformers"
Canada Net-zero,Canada,Total,2038,265.79096733056997,GW,"Grid, Distribution transformers"
Canada Net-zero,Canada,Total,2039,273.04769885311003,GW,"Grid, Transmission grid"
Canada Net-zero,Canada,Total,2039,273.04769885311003,GW,"Grid, Distribution grid"
Canada Net-zero,Canada,Total,2039,273.04769885311003,GW,"Grid, Transmission transformers"
Canada Net-zero,Canada,Total,2039,273.04769885311003,GW,"Grid, Distribution transformers"
Canada Net-zero,Canada,Total,2040,279.153730375648,GW,"Grid, Transmission grid"
Canada Net-zero,Canada,Total,2040,279.153730375648,GW,"Grid, Distribution grid"
Canada Net-zero,Canada,Total,2040,279.153730375648,GW,"Grid, Transmission transformers"
Canada Net-zero,Canada,Total,2040,279.153730375648,GW,"Grid, Distribution transformers"
Canada Net-zero,Canada,Total,2041,287.471786175773,GW,"Grid, Transmission grid"
Canada Net-zero,Canada,Total,2041,287.471786175773,GW,"Grid, Distribution grid"
Canada Net-zero,Canada,Total,2041,287.471786175773,GW,"Grid, Transmission transformers"
Canada Net-zero,Canada,Total,2041,287.471786175773,GW,"Grid, Distribution transformers"
Canada Net-zero,Canada,Total,2042,295.30404197678695,GW,"Grid, Transmission grid"
Canada Net-zero,Canada,Total,2042,295.30404197678695,GW,"Grid, Distribution grid"
Canada Net-zero,Canada,Total,2042,295.30404197678695,GW,"Grid, Transmission transformers"
Canada Net-zero,Canada,Total,2042,295.30404197678695,GW,"Grid, Distribution transformers"
Canada Net-zero,Canada,Total,2043,303.996697776921,GW,"Grid, Transmission grid"
Canada Net-zero,Canada,Total,2043,303.996697776921,GW,"Grid, Distribution grid"
Canada Net-zero,Canada,Total,2043,303.996697776921,GW,"Grid, Transmission transformers"
Canada Net-zero,Canada,Total,2043,303.996697776921,GW,"Grid, Distribution transformers"
Canada Net-zero,Canada,Total,2044,313.276353577046,GW,"Grid, Transmission grid"
Canada Net-zero,Canada,Total,2044,313.276353577046,GW,"Grid, Distribution grid"
Canada Net-zero,Canada,Total,2044,313.276353577046,GW,"Grid, Transmission transformers"
Canada Net-zero,Canada,Total,2044,313.276353577046,GW,"Grid, Distribution transformers"
Canada Net-zero,Canada,Total,2045,322.027609379171,GW,"Grid, Transmission grid"
Canada Net-zero,Canada,Total,2045,322.027609379171,GW,"Grid, Distribution grid"
Canada Net-zero,Canada,Total,2045,322.027609379171,GW,"Grid, Transmission transformers"
Canada Net-zero,Canada,Total,2045,322.027609379171,GW,"Grid, Distribution transformers"
Canada Net-zero,Canada,Total,2046,327.902265179175,GW,"Grid, Transmission grid"
Canada Net-zero,Canada,Total,2046,327.902265179175,GW,"Grid, Distribution grid"
Canada Net-zero,Canada,Total,2046,327.902265179175,GW,"Grid, Transmission transformers"
Canada Net-zero,Canada,Total,2046,327.902265179175,GW,"Grid, Distribution transformers"
Canada Net-zero,Canada,Total,2047,334.7259209793,GW,"Grid, Transmission grid"
Canada Net-zero,Canada,Total,2047,334.7259209793,GW,"Grid, Distribution grid"
Canada Net-zero,Canada,Total,2047,334.7259209793,GW,"Grid, Transmission transformers"
Canada Net-zero,Canada,Total,2047,334.7259209793,GW,"Grid, Distribution transformers"
Canada Net-zero,Canada,Total,2048,341.12557677943397,GW,"Grid, Transmission grid"
Canada Net-zero,Canada,Total,2048,341.12557677943397,GW,"Grid, Distribution grid"
Canada Net-zero,Canada,Total,2048,341.12557677943397,GW,"Grid, Transmission transformers"
Canada Net-zero,Canada,Total,2048,341.12557677943397,GW,"Grid, Distribution transformers"
Canada Net-zero,Canada,Total,2049,347.055232580448,GW,"Grid, Transmission grid"
Canada Net-zero,Canada,Total,2049,347.055232580448,GW,"Grid, Distribution grid"
Canada Net-zero,Canada,Total,2049,347.055232580448,GW,"Grid, Transmission transformers"
Canada Net-zero,Canada,Total,2049,347.055232580448,GW,"Grid, Distribution transformers"
Canada Net-zero,Canada,Total,2050,350.80658838057303,GW,"Grid, Transmission grid"
Canada Net-zero,Canada,Total,2050,350.80658838057303,GW,"Grid, Distribution grid"
Canada Net-zero,Canada,Total,2050,350.80658838057303,GW,"Grid, Transmission transformers"
Canada Net-zero,Canada,Total,2050,350.80658838057303,GW,"Grid, Distribution transformers"
Current Measures,Canada,Hydro,2020,81.793,GW,"Hydroelectricity, Aggregated"
Canada Net-zero,Canada,Uranium,2021,13.105,GW,"Nuclear, Nuclear Aggregated"
Canada Net-zero,Canada,Uranium,2022,13.105,GW,"Nuclear, Nuclear Aggregated"
Canada Net-zero,Canada,Uranium,2023,12.105,GW,"Nuclear, Nuclear Aggregated"
Canada Net-zero,Canada,Uranium,2024,12.105,GW,"Nuclear, Nuclear Aggregated"
Canada Net-zero,Canada,Uranium,2025,12.105,GW,"Nuclear, Nuclear Aggregated"
Canada Net-zero,Canada,Uranium,2026,11.205,GW,"Nuclear, Nuclear Aggregated"
Canada Net-zero,Canada,Uranium,2027,10.805,GW,"Nuclear, Nuclear Aggregated"
Canada Net-zero,Canada,Uranium,2028,10.805,GW,"Nuclear, Nuclear Aggregated"
Canada Net-zero,Canada,Uranium,2029,10.805,GW,"Nuclear, Nuclear Aggregated"
Canada Net-zero,Canada,Uranium,2030,10.805,GW,"Nuclear, Nuclear Aggregated"
Canada Net-zero,Canada,Uranium,2031,10.805,GW,"Nuclear, Nuclear Aggregated"
Canada Net-zero,Canada,Uranium,2032,10.805,GW,"Nuclear, Nuclear Aggregated"
Canada Net-zero,Canada,Uranium,2033,10.805,GW,"Nuclear, Nuclear Aggregated"
Canada Net-zero,Canada,Uranium,2034,11.605,GW,"Nuclear, Nuclear Aggregated"
Canada Net-zero,Canada,Uranium,2035,11.605,GW,"Nuclear, Nuclear Aggregated"
Canada Net-zero,Canada,Uranium,2036,11.605,GW,"Nuclear, Nuclear Aggregated"
Canada Net-zero,Canada,Uranium,2037,11.605,GW,"Nuclear, Nuclear Aggregated"
Canada Net-zero,Canada,Uranium,2038,11.605,GW,"Nuclear, Nuclear Aggregated"
Canada Net-zero,Canada,Uranium,2039,11.605,GW,"Nuclear, Nuclear Aggregated"
Canada Net-zero,Canada,Uranium,2040,11.605,GW,"Nuclear, Nuclear Aggregated"
Canada Net-zero,Canada,Uranium,2041,11.605,GW,"Nuclear, Nuclear Aggregated"
Canada Net-zero,Canada,Uranium,2042,10.9,GW,"Nuclear, Nuclear Aggregated"
Canada Net-zero,Canada,Uranium,2043,10.9,GW,"Nuclear, Nuclear Aggregated"
Canada Net-zero,Canada,Uranium,2044,11.579,GW,"Nuclear, Nuclear Aggregated"
Canada Net-zero,Canada,Uranium,2045,11.579,GW,"Nuclear, Nuclear Aggregated"
Canada Net-zero,Canada,Uranium,2046,11.579,GW,"Nuclear, Nuclear Aggregated"
Canada Net-zero,Canada,Uranium,2047,11.579,GW,"Nuclear, Nuclear Aggregated"
Canada Net-zero,Canada,Uranium,2048,11.579,GW,"Nuclear, Nuclear Aggregated"
Canada Net-zero,Canada,Uranium,2049,11.579,GW,"Nuclear, Nuclear Aggregated"
Canada Net-zero,Canada,Uranium,2050,11.579,GW,"Nuclear, Nuclear Aggregated"
Global Net-zero,Canada,Hydro,2020,81.793,GW,"Hydroelectricity, Aggregated"
Canada Net-zero,Canada,Uranium SMR,2021,0.0,GW,"Nuclear, Nuclear Boiling water power plant"
Canada Net-zero,Canada,Uranium SMR,2021,0.0,GW,"Nuclear, HTGR"
Canada Net-zero,Canada,Uranium SMR,2022,0.0,GW,"Nuclear, Nuclear Boiling water power plant"
Canada Net-zero,Canada,Uranium SMR,2022,0.0,GW,"Nuclear, HTGR"
Canada Net-zero,Canada,Uranium SMR,2023,0.0,GW,"Nuclear, Nuclear Boiling water power plant"
Canada Net-zero,Canada,Uranium SMR,2023,0.0,GW,"Nuclear, HTGR"
Canada Net-zero,Canada,Uranium SMR,2024,0.0,GW,"Nuclear, Nuclear Boiling water power plant"
Canada Net-zero,Canada,Uranium SMR,2024,0.0,GW,"Nuclear, HTGR"
Canada Net-zero,Canada,Uranium SMR,2025,0.0,GW,"Nuclear, Nuclear Boiling water power plant"
Canada Net-zero,Canada,Uranium SMR,2025,0.0,GW,"Nuclear, HTGR"
Canada Net-zero,Canada,Uranium SMR,2026,0.0,GW,"Nuclear, Nuclear Boiling water power plant"
Canada Net-zero,Canada,Uranium SMR,2026,0.0,GW,"Nuclear, HTGR"
Canada Net-zero,Canada,Uranium SMR,2027,0.0,GW,"Nuclear, Nuclear Boiling water power plant"
Canada Net-zero,Canada,Uranium SMR,2027,0.0,GW,"Nuclear, HTGR"
Canada Net-zero,Canada,Uranium SMR,2028,0.0,GW,"Nuclear, Nuclear Boiling water power plant"
Canada Net-zero,Canada,Uranium SMR,2028,0.0,GW,"Nuclear, HTGR"
Canada Net-zero,Canada,Uranium SMR,2029,0.0,GW,"Nuclear, Nuclear Boiling water power plant"
Canada Net-zero,Canada,Uranium SMR,2029,0.0,GW,"Nuclear, HTGR"
Canada Net-zero,Canada,Uranium SMR,2030,0.24,GW,"Nuclear, Nuclear Boiling water power plant"
Canada Net-zero,Canada,Uranium SMR,2030,0.06,GW,"Nuclear, HTGR"
Canada Net-zero,Canada,Uranium SMR,2031,2.3136799999999997,GW,"Nuclear, Nuclear Boiling water power plant"
Canada Net-zero,Canada,Uranium SMR,2031,0.5784199999999999,GW,"Nuclear, HTGR"
Canada Net-zero,Canada,Uranium SMR,2032,4.388,GW,"Nuclear, Nuclear Boiling water power plant"
Canada Net-zero,Canada,Uranium SMR,2032,1.097,GW,"Nuclear, HTGR"
Canada Net-zero,Canada,Uranium SMR,2033,6.4576,GW,"Nuclear, Nuclear Boiling water power plant"
Canada Net-zero,Canada,Uranium SMR,2033,1.6144,GW,"Nuclear, HTGR"
Canada Net-zero,Canada,Uranium SMR,2034,8.532800000000002,GW,"Nuclear, Nuclear Boiling water power plant"
Canada Net-zero,Canada,Uranium SMR,2034,2.1332000000000004,GW,"Nuclear, HTGR"
Canada Net-zero,Canada,Uranium SMR,2035,10.6976,GW,"Nuclear, Nuclear Boiling water power plant"
Canada Net-zero,Canada,Uranium SMR,2035,2.6744,GW,"Nuclear, HTGR"
Canada Net-zero,Canada,Uranium SMR,2036,12.308,GW,"Nuclear, Nuclear Boiling water power plant"
Canada Net-zero,Canada,Uranium SMR,2036,3.077,GW,"Nuclear, HTGR"
Canada Net-zero,Canada,Uranium SMR,2037,13.9312,GW,"Nuclear, Nuclear Boiling water power plant"
Canada Net-zero,Canada,Uranium SMR,2037,3.4828,GW,"Nuclear, HTGR"
Canada Net-zero,Canada,Uranium SMR,2038,15.5096,GW,"Nuclear, Nuclear Boiling water power plant"
Canada Net-zero,Canada,Uranium SMR,2038,3.8774,GW,"Nuclear, HTGR"
Canada Net-zero,Canada,Uranium SMR,2039,17.1728,GW,"Nuclear, Nuclear Boiling water power plant"
Canada Net-zero,Canada,Uranium SMR,2039,4.2932,GW,"Nuclear, HTGR"
Canada Net-zero,Canada,Uranium SMR,2040,18.7544,GW,"Nuclear, Nuclear Boiling water power plant"
Canada Net-zero,Canada,Uranium SMR,2040,4.6886,GW,"Nuclear, HTGR"
Canada Net-zero,Canada,Uranium SMR,2041,18.9808,GW,"Nuclear, Nuclear Boiling water power plant"
Canada Net-zero,Canada,Uranium SMR,2041,4.7452,GW,"Nuclear, HTGR"
Canada Net-zero,Canada,Uranium SMR,2042,19.1992,GW,"Nuclear, Nuclear Boiling water power plant"
Canada Net-zero,Canada,Uranium SMR,2042,4.7998,GW,"Nuclear, HTGR"
Canada Net-zero,Canada,Uranium SMR,2043,19.433600000000002,GW,"Nuclear, Nuclear Boiling water power plant"
Canada Net-zero,Canada,Uranium SMR,2043,4.8584000000000005,GW,"Nuclear, HTGR"
Canada Net-zero,Canada,Uranium SMR,2044,19.66,GW,"Nuclear, Nuclear Boiling water power plant"
Canada Net-zero,Canada,Uranium SMR,2044,4.915,GW,"Nuclear, HTGR"
Canada Net-zero,Canada,Uranium SMR,2045,19.8944,GW,"Nuclear, Nuclear Boiling water power plant"
Canada Net-zero,Canada,Uranium SMR,2045,4.9736,GW,"Nuclear, HTGR"
Canada Net-zero,Canada,Uranium SMR,2046,19.9568,GW,"Nuclear, Nuclear Boiling water power plant"
Canada Net-zero,Canada,Uranium SMR,2046,4.9892,GW,"Nuclear, HTGR"
Canada Net-zero,Canada,Uranium SMR,2047,20.0192,GW,"Nuclear, Nuclear Boiling water power plant"
Canada Net-zero,Canada,Uranium SMR,2047,5.0048,GW,"Nuclear, HTGR"
Canada Net-zero,Canada,Uranium SMR,2048,20.0816,GW,"Nuclear, Nuclear Boiling water power plant"
Canada Net-zero,Canada,Uranium SMR,2048,5.0204,GW,"Nuclear, HTGR"
Canada Net-zero,Canada,Uranium SMR,2049,20.144800000000004,GW,"Nuclear, Nuclear Boiling water power plant"
Canada Net-zero,Canada,Uranium SMR,2049,5.036200000000001,GW,"Nuclear, HTGR"
Canada Net-zero,Canada,Uranium SMR,2050,20.2376,GW,"Nuclear, Nuclear Boiling water power plant"
Canada Net-zero,Canada,Uranium SMR,2050,5.0594,GW,"Nuclear, HTGR"
Canada Net-zero,Canada,Hydrogen,2020,0.0,GW,"Fossil energy, Hydrogen"
Canada Net-zero,Canada,Natural Gas,2020,22.9016,GW,"Fossil energy, Natural gas"
Current Measures,Canada,Bioenergy,2021,2.5431,GW,"Biomass, Aggregated"
Current Measures,Canada,Bioenergy,2022,2.5431,GW,"Biomass, Aggregated"
Current Measures,Canada,Bioenergy,2023,2.5431,GW,"Biomass, Aggregated"
Current Measures,Canada,Bioenergy,2024,2.5431,GW,"Biomass, Aggregated"
Current Measures,Canada,Bioenergy,2025,7.5933,GW,"Biomass, Aggregated"
Current Measures,Canada,Bioenergy,2026,7.8433,GW,"Biomass, Aggregated"
Current Measures,Canada,Bioenergy,2027,8.0833,GW,"Biomass, Aggregated"
Current Measures,Canada,Bioenergy,2028,8.3333,GW,"Biomass, Aggregated"
Current Measures,Canada,Bioenergy,2029,8.5733,GW,"Biomass, Aggregated"
Current Measures,Canada,Bioenergy,2030,8.8497,GW,"Biomass, Aggregated"
Current Measures,Canada,Bioenergy,2031,9.373299999999999,GW,"Biomass, Aggregated"
Current Measures,Canada,Bioenergy,2032,9.8963,GW,"Biomass, Aggregated"
Current Measures,Canada,Bioenergy,2033,10.4203,GW,"Biomass, Aggregated"
Current Measures,Canada,Bioenergy,2034,10.9443,GW,"Biomass, Aggregated"
Current Measures,Canada,Bioenergy,2035,11.4856,GW,"Biomass, Aggregated"
Current Measures,Canada,Bioenergy,2036,11.9666,GW,"Biomass, Aggregated"
Current Measures,Canada,Bioenergy,2037,12.4466,GW,"Biomass, Aggregated"
Current Measures,Canada,Bioenergy,2038,12.9276,GW,"Biomass, Aggregated"
Current Measures,Canada,Bioenergy,2039,13.3886,GW,"Biomass, Aggregated"
Current Measures,Canada,Bioenergy,2040,13.858600000000001,GW,"Biomass, Aggregated"
Current Measures,Canada,Bioenergy,2041,14.1096,GW,"Biomass, Aggregated"
Current Measures,Canada,Bioenergy,2042,14.4496,GW,"Biomass, Aggregated"
Current Measures,Canada,Bioenergy,2043,14.6996,GW,"Biomass, Aggregated"
Current Measures,Canada,Bioenergy,2044,14.9496,GW,"Biomass, Aggregated"
Current Measures,Canada,Bioenergy,2045,15.221,GW,"Biomass, Aggregated"
Current Measures,Canada,Bioenergy,2046,15.321,GW,"Biomass, Aggregated"
Current Measures,Canada,Bioenergy,2047,15.321,GW,"Biomass, Aggregated"
Current Measures,Canada,Bioenergy,2048,15.421,GW,"Biomass, Aggregated"
Current Measures,Canada,Bioenergy,2049,15.421,GW,"Biomass, Aggregated"
Current Measures,Canada,Bioenergy,2050,15.5927,GW,"Biomass, Aggregated"
Current Measures,Canada,Natural Gas,2020,22.9016,GW,"Fossil energy, Natural gas"
Current Measures,Canada,Coal and Coke,2021,6.434,GW,Coal and Coke
Current Measures,Canada,Coal and Coke,2022,4.594,GW,Coal and Coke
Current Measures,Canada,Coal and Coke,2023,3.644,GW,Coal and Coke
Current Measures,Canada,Coal and Coke,2024,2.814,GW,Coal and Coke
Current Measures,Canada,Coal and Coke,2025,2.814,GW,Coal and Coke
Current Measures,Canada,Coal and Coke,2026,2.814,GW,Coal and Coke
Current Measures,Canada,Coal and Coke,2027,2.525,GW,Coal and Coke
Current Measures,Canada,Coal and Coke,2028,2.525,GW,Coal and Coke
Current Measures,Canada,Coal and Coke,2029,1.95,GW,Coal and Coke
Current Measures,Canada,Coal and Coke,2030,1.95,GW,Coal and Coke
Current Measures,Canada,Coal and Coke,2031,0.0,GW,Coal and Coke
Current Measures,Canada,Coal and Coke,2032,0.0,GW,Coal and Coke
Current Measures,Canada,Coal and Coke,2033,0.0,GW,Coal and Coke
Current Measures,Canada,Coal and Coke,2034,0.0,GW,Coal and Coke
Current Measures,Canada,Coal and Coke,2035,0.0,GW,Coal and Coke
Current Measures,Canada,Coal and Coke,2036,0.0,GW,Coal and Coke
Current Measures,Canada,Coal and Coke,2037,0.0,GW,Coal and Coke
Current Measures,Canada,Coal and Coke,2038,0.0,GW,Coal and Coke
Current Measures,Canada,Coal and Coke,2039,0.0,GW,Coal and Coke
Current Measures,Canada,Coal and Coke,2040,0.0,GW,Coal and Coke
Current Measures,Canada,Coal and Coke,2041,0.0,GW,Coal and Coke
Current Measures,Canada,Coal and Coke,2042,0.0,GW,Coal and Coke
Current Measures,Canada,Coal and Coke,2043,0.0,GW,Coal and Coke
Current Measures,Canada,Coal and Coke,2044,0.0,GW,Coal and Coke
Current Measures,Canada,Coal and Coke,2045,0.0,GW,Coal and Coke
Current Measures,Canada,Coal and Coke,2046,0.0,GW,Coal and Coke
Current Measures,Canada,Coal and Coke,2047,0.0,GW,Coal and Coke
Current Measures,Canada,Coal and Coke,2048,0.0,GW,Coal and Coke
Current Measures,Canada,Coal and Coke,2049,0.0,GW,Coal and Coke
Current Measures,Canada,Coal and Coke,2050,0.0,GW,Coal and Coke
Global Net-zero,Canada,Natural Gas,2020,22.9016,GW,"Fossil energy, Natural gas"
Current Measures,Canada,Coal with CCUS,2021,0.115,GW,"Fossil energy, Coal with CCS"
Current Measures,Canada,Coal with CCUS,2022,0.115,GW,"Fossil energy, Coal with CCS"
Current Measures,Canada,Coal with CCUS,2023,0.115,GW,"Fossil energy, Coal with CCS"
Current Measures,Canada,Coal with CCUS,2024,0.115,GW,"Fossil energy, Coal with CCS"
Current Measures,Canada,Coal with CCUS,2025,0.115,GW,"Fossil energy, Coal with CCS"
Current Measures,Canada,Coal with CCUS,2026,0.115,GW,"Fossil energy, Coal with CCS"
Current Measures,Canada,Coal with CCUS,2027,0.115,GW,"Fossil energy, Coal with CCS"
Current Measures,Canada,Coal with CCUS,2028,0.115,GW,"Fossil energy, Coal with CCS"
Current Measures,Canada,Coal with CCUS,2029,0.115,GW,"Fossil energy, Coal with CCS"
Current Measures,Canada,Coal with CCUS,2030,0.115,GW,"Fossil energy, Coal with CCS"
Current Measures,Canada,Coal with CCUS,2031,0.115,GW,"Fossil energy, Coal with CCS"
Current Measures,Canada,Coal with CCUS,2032,0.115,GW,"Fossil energy, Coal with CCS"
Current Measures,Canada,Coal with CCUS,2033,0.115,GW,"Fossil energy, Coal with CCS"
Current Measures,Canada,Coal with CCUS,2034,0.115,GW,"Fossil energy, Coal with CCS"
Current Measures,Canada,Coal with CCUS,2035,0.115,GW,"Fossil energy, Coal with CCS"
Current Measures,Canada,Coal with CCUS,2036,0.115,GW,"Fossil energy, Coal with CCS"
Current Measures,Canada,Coal with CCUS,2037,0.115,GW,"Fossil energy, Coal with CCS"
Current Measures,Canada,Coal with CCUS,2038,0.115,GW,"Fossil energy, Coal with CCS"
Current Measures,Canada,Coal with CCUS,2039,0.115,GW,"Fossil energy, Coal with CCS"
Current Measures,Canada,Coal with CCUS,2040,0.115,GW,"Fossil energy, Coal with CCS"
Current Measures,Canada,Coal with CCUS,2041,0.115,GW,"Fossil energy, Coal with CCS"
Current Measures,Canada,Coal with CCUS,2042,0.115,GW,"Fossil energy, Coal with CCS"
Current Measures,Canada,Coal with CCUS,2043,0.115,GW,"Fossil energy, Coal with CCS"
Current Measures,Canada,Coal with CCUS,2044,0.115,GW,"Fossil energy, Coal with CCS"
Current Measures,Canada,Coal with CCUS,2045,0.115,GW,"Fossil energy, Coal with CCS"
Current Measures,Canada,Coal with CCUS,2046,0.115,GW,"Fossil energy, Coal with CCS"
Current Measures,Canada,Coal with CCUS,2047,0.115,GW,"Fossil energy, Coal with CCS"
Current Measures,Canada,Coal with CCUS,2048,0.115,GW,"Fossil energy, Coal with CCS"
Current Measures,Canada,Coal with CCUS,2049,0.115,GW,"Fossil energy, Coal with CCS"
Current Measures,Canada,Coal with CCUS,2050,0.115,GW,"Fossil energy, Coal with CCS"
Canada Net-zero,Canada,Natural Gas with CCUS,2020,0.0,GW,"Fossil energy, Natural gas with CCS"
Current Measures,Canada,Hydro,2021,83.123,GW,"Hydroelectricity, Aggregated"
Current Measures,Canada,Hydro,2022,83.728,GW,"Hydroelectricity, Aggregated"
Current Measures,Canada,Hydro,2023,83.728,GW,"Hydroelectricity, Aggregated"
Current Measures,Canada,Hydro,2024,83.7875,GW,"Hydroelectricity, Aggregated"
Current Measures,Canada,Hydro,2025,84.9125,GW,"Hydroelectricity, Aggregated"
Current Measures,Canada,Hydro,2026,85.4125,GW,"Hydroelectricity, Aggregated"
Current Measures,Canada,Hydro,2027,85.9125,GW,"Hydroelectricity, Aggregated"
Current Measures,Canada,Hydro,2028,86.4125,GW,"Hydroelectricity, Aggregated"
Current Measures,Canada,Hydro,2029,86.917,GW,"Hydroelectricity, Aggregated"
Current Measures,Canada,Hydro,2030,87.417,GW,"Hydroelectricity, Aggregated"
Current Measures,Canada,Hydro,2031,87.417,GW,"Hydroelectricity, Aggregated"
Current Measures,Canada,Hydro,2032,87.542,GW,"Hydroelectricity, Aggregated"
Current Measures,Canada,Hydro,2033,87.542,GW,"Hydroelectricity, Aggregated"
Current Measures,Canada,Hydro,2034,87.642,GW,"Hydroelectricity, Aggregated"
Current Measures,Canada,Hydro,2035,87.642,GW,"Hydroelectricity, Aggregated"
Current Measures,Canada,Hydro,2036,87.652,GW,"Hydroelectricity, Aggregated"
Current Measures,Canada,Hydro,2037,87.662,GW,"Hydroelectricity, Aggregated"
Current Measures,Canada,Hydro,2038,87.672,GW,"Hydroelectricity, Aggregated"
Current Measures,Canada,Hydro,2039,87.682,GW,"Hydroelectricity, Aggregated"
Current Measures,Canada,Hydro,2040,87.692,GW,"Hydroelectricity, Aggregated"
Current Measures,Canada,Hydro,2041,87.692,GW,"Hydroelectricity, Aggregated"
Current Measures,Canada,Hydro,2042,87.692,GW,"Hydroelectricity, Aggregated"
Current Measures,Canada,Hydro,2043,87.692,GW,"Hydroelectricity, Aggregated"
Current Measures,Canada,Hydro,2044,87.692,GW,"Hydroelectricity, Aggregated"
Current Measures,Canada,Hydro,2045,87.692,GW,"Hydroelectricity, Aggregated"
Current Measures,Canada,Hydro,2046,87.692,GW,"Hydroelectricity, Aggregated"
Current Measures,Canada,Hydro,2047,87.692,GW,"Hydroelectricity, Aggregated"
Current Measures,Canada,Hydro,2048,87.692,GW,"Hydroelectricity, Aggregated"
Current Measures,Canada,Hydro,2049,87.692,GW,"Hydroelectricity, Aggregated"
Current Measures,Canada,Hydro,2050,87.692,GW,"Hydroelectricity, Aggregated"
Global Net-zero,Canada,Natural Gas with CCUS,2020,0.0,GW,"Fossil energy, Natural gas with CCS"
Current Measures,Canada,Natural Gas,2021,22.9816,GW,"Fossil energy, Natural gas"
Current Measures,Canada,Natural Gas,2022,23.4816,GW,"Fossil energy, Natural gas"
Current Measures,Canada,Natural Gas,2023,25.9116,GW,"Fossil energy, Natural gas"
Current Measures,Canada,Natural Gas,2024,26.176599999999997,GW,"Fossil energy, Natural gas"
Current Measures,Canada,Natural Gas,2025,30.1646,GW,"Fossil energy, Natural gas"
Current Measures,Canada,Natural Gas,2026,32.282599999999995,GW,"Fossil energy, Natural gas"
Current Measures,Canada,Natural Gas,2027,34.5426,GW,"Fossil energy, Natural gas"
Current Measures,Canada,Natural Gas,2028,36.3626,GW,"Fossil energy, Natural gas"
Current Measures,Canada,Natural Gas,2029,38.3626,GW,"Fossil energy, Natural gas"
Current Measures,Canada,Natural Gas,2030,40.3326,GW,"Fossil energy, Natural gas"
Current Measures,Canada,Natural Gas,2031,41.6526,GW,"Fossil energy, Natural gas"
Current Measures,Canada,Natural Gas,2032,42.742599999999996,GW,"Fossil energy, Natural gas"
Current Measures,Canada,Natural Gas,2033,43.4906,GW,"Fossil energy, Natural gas"
Current Measures,Canada,Natural Gas,2034,43.910599999999995,GW,"Fossil energy, Natural gas"
Current Measures,Canada,Natural Gas,2035,44.802800000000005,GW,"Fossil energy, Natural gas"
Current Measures,Canada,Natural Gas,2036,44.8828,GW,"Fossil energy, Natural gas"
Current Measures,Canada,Natural Gas,2037,45.152800000000006,GW,"Fossil energy, Natural gas"
Current Measures,Canada,Natural Gas,2038,44.579800000000006,GW,"Fossil energy, Natural gas"
Current Measures,Canada,Natural Gas,2039,43.7898,GW,"Fossil energy, Natural gas"
Current Measures,Canada,Natural Gas,2040,42.3798,GW,"Fossil energy, Natural gas"
Current Measures,Canada,Natural Gas,2041,43.549800000000005,GW,"Fossil energy, Natural gas"
Current Measures,Canada,Natural Gas,2042,43.9898,GW,"Fossil energy, Natural gas"
Current Measures,Canada,Natural Gas,2043,45.3598,GW,"Fossil energy, Natural gas"
Current Measures,Canada,Natural Gas,2044,44.9298,GW,"Fossil energy, Natural gas"
Current Measures,Canada,Natural Gas,2045,44.2098,GW,"Fossil energy, Natural gas"
Current Measures,Canada,Natural Gas,2046,43.759800000000006,GW,"Fossil energy, Natural gas"
Current Measures,Canada,Natural Gas,2047,44.6098,GW,"Fossil energy, Natural gas"
Current Measures,Canada,Natural Gas,2048,44.8198,GW,"Fossil energy, Natural gas"
Current Measures,Canada,Natural Gas,2049,45.6098,GW,"Fossil energy, Natural gas"
Current Measures,Canada,Natural Gas,2050,44.439800000000005,GW,"Fossil energy, Natural gas"
Canada Net-zero,Canada,Offshore Wind,2020,0.0,GW,"Wind, Offshore"
Current Measures,Canada,Oil,2021,3.66085,GW,"Fossil energy, Natural gas"
Current Measures,Canada,Oil,2022,3.66085,GW,"Fossil energy, Natural gas"
Current Measures,Canada,Oil,2023,3.66085,GW,"Fossil energy, Natural gas"
Current Measures,Canada,Oil,2024,3.66485,GW,"Fossil energy, Natural gas"
Current Measures,Canada,Oil,2025,3.6748499999999997,GW,"Fossil energy, Natural gas"
Current Measures,Canada,Oil,2026,3.55085,GW,"Fossil energy, Natural gas"
Current Measures,Canada,Oil,2027,3.51885,GW,"Fossil energy, Natural gas"
Current Measures,Canada,Oil,2028,3.51885,GW,"Fossil energy, Natural gas"
Current Measures,Canada,Oil,2029,3.51885,GW,"Fossil energy, Natural gas"
Current Measures,Canada,Oil,2030,3.52385,GW,"Fossil energy, Natural gas"
Current Measures,Canada,Oil,2031,3.03685,GW,"Fossil energy, Natural gas"
Current Measures,Canada,Oil,2032,3.02085,GW,"Fossil energy, Natural gas"
Current Measures,Canada,Oil,2033,3.02085,GW,"Fossil energy, Natural gas"
Current Measures,Canada,Oil,2034,3.02085,GW,"Fossil energy, Natural gas"
Current Measures,Canada,Oil,2035,3.02085,GW,"Fossil energy, Natural gas"
Current Measures,Canada,Oil,2036,1.8958499999999998,GW,"Fossil energy, Natural gas"
Current Measures,Canada,Oil,2037,1.8958499999999998,GW,"Fossil energy, Natural gas"
Current Measures,Canada,Oil,2038,1.8958499999999998,GW,"Fossil energy, Natural gas"
Current Measures,Canada,Oil,2039,1.8958499999999998,GW,"Fossil energy, Natural gas"
Current Measures,Canada,Oil,2040,1.8958499999999998,GW,"Fossil energy, Natural gas"
Current Measures,Canada,Oil,2041,1.8408499999999999,GW,"Fossil energy, Natural gas"
Current Measures,Canada,Oil,2042,1.8408499999999999,GW,"Fossil energy, Natural gas"
Current Measures,Canada,Oil,2043,1.8408499999999999,GW,"Fossil energy, Natural gas"
Current Measures,Canada,Oil,2044,1.8408499999999999,GW,"Fossil energy, Natural gas"
Current Measures,Canada,Oil,2045,1.8408499999999999,GW,"Fossil energy, Natural gas"
Current Measures,Canada,Oil,2046,1.8408499999999999,GW,"Fossil energy, Natural gas"
Current Measures,Canada,Oil,2047,1.8408499999999999,GW,"Fossil energy, Natural gas"
Current Measures,Canada,Oil,2048,1.8408499999999999,GW,"Fossil energy, Natural gas"
Current Measures,Canada,Oil,2049,1.8408499999999999,GW,"Fossil energy, Natural gas"
Current Measures,Canada,Oil,2050,1.8408499999999999,GW,"Fossil energy, Natural gas"
Global Net-zero,Canada,Offshore Wind,2020,0.0,GW,"Wind, Offshore"
Current Measures,Canada,Onshore Wind,2021,13.88131,GW,"Wind, Onshore"
Current Measures,Canada,Onshore Wind,2022,15.24031,GW,"Wind, Onshore"
Current Measures,Canada,Onshore Wind,2023,15.24031,GW,"Wind, Onshore"
Current Measures,Canada,Onshore Wind,2024,16.90931,GW,"Wind, Onshore"
Current Measures,Canada,Onshore Wind,2025,17.297810000000002,GW,"Wind, Onshore"
Current Measures,Canada,Onshore Wind,2026,18.356810000000003,GW,"Wind, Onshore"
Current Measures,Canada,Onshore Wind,2027,19.41581,GW,"Wind, Onshore"
Current Measures,Canada,Onshore Wind,2028,21.393810000000002,GW,"Wind, Onshore"
Current Measures,Canada,Onshore Wind,2029,22.454810000000002,GW,"Wind, Onshore"
Current Measures,Canada,Onshore Wind,2030,23.512259999999998,GW,"Wind, Onshore"
Current Measures,Canada,Onshore Wind,2031,25.273259999999997,GW,"Wind, Onshore"
Current Measures,Canada,Onshore Wind,2032,27.012259999999998,GW,"Wind, Onshore"
Current Measures,Canada,Onshore Wind,2033,28.797259999999998,GW,"Wind, Onshore"
Current Measures,Canada,Onshore Wind,2034,30.660259999999997,GW,"Wind, Onshore"
Current Measures,Canada,Onshore Wind,2035,32.4721,GW,"Wind, Onshore"
Current Measures,Canada,Onshore Wind,2036,35.5661,GW,"Wind, Onshore"
Current Measures,Canada,Onshore Wind,2037,38.6581,GW,"Wind, Onshore"
Current Measures,Canada,Onshore Wind,2038,41.9641,GW,"Wind, Onshore"
Current Measures,Canada,Onshore Wind,2039,45.0711,GW,"Wind, Onshore"
Current Measures,Canada,Onshore Wind,2040,48.2781,GW,"Wind, Onshore"
Current Measures,Canada,Onshore Wind,2041,51.110099999999996,GW,"Wind, Onshore"
Current Measures,Canada,Onshore Wind,2042,54.052099999999996,GW,"Wind, Onshore"
Current Measures,Canada,Onshore Wind,2043,57.0151,GW,"Wind, Onshore"
Current Measures,Canada,Onshore Wind,2044,59.9371,GW,"Wind, Onshore"
Current Measures,Canada,Onshore Wind,2045,62.8801,GW,"Wind, Onshore"
Current Measures,Canada,Onshore Wind,2046,64.3531,GW,"Wind, Onshore"
Current Measures,Canada,Onshore Wind,2047,65.8371,GW,"Wind, Onshore"
Current Measures,Canada,Onshore Wind,2048,67.20110000000001,GW,"Wind, Onshore"
Current Measures,Canada,Onshore Wind,2049,68.7051,GW,"Wind, Onshore"
Current Measures,Canada,Onshore Wind,2050,70.0391,GW,"Wind, Onshore"
Canada Net-zero,Canada,Oil,2020,3.66085,GW,"Fossil energy, Natural gas"
Current Measures,Canada,Solar (Distributed),2021,2.419965113793,GW,"Solar PV, Aggregated"
Current Measures,Canada,Solar (Distributed),2022,2.4824693978159997,GW,"Solar PV, Aggregated"
Current Measures,Canada,Solar (Distributed),2023,2.6099736818389903,GW,"Solar PV, Aggregated"
Current Measures,Canada,Solar (Distributed),2024,2.7210493944320002,GW,"Solar PV, Aggregated"
Current Measures,Canada,Solar (Distributed),2025,2.854625106985,GW,"Solar PV, Aggregated"
Current Measures,Canada,Solar (Distributed),2026,3.010900818608,GW,"Solar PV, Aggregated"
Current Measures,Canada,Solar (Distributed),2027,3.167176531231,GW,"Solar PV, Aggregated"
Current Measures,Canada,Solar (Distributed),2028,3.3234522438539997,GW,"Solar PV, Aggregated"
Current Measures,Canada,Solar (Distributed),2029,3.479727956377,GW,"Solar PV, Aggregated"
Current Measures,Canada,Solar (Distributed),2030,3.6360036690000004,GW,"Solar PV, Aggregated"
Current Measures,Canada,Solar (Distributed),2031,3.7532133020000003,GW,"Solar PV, Aggregated"
Current Measures,Canada,Solar (Distributed),2032,3.870422935,GW,"Solar PV, Aggregated"
Current Measures,Canada,Solar (Distributed),2033,3.987632568,GW,"Solar PV, Aggregated"
Current Measures,Canada,Solar (Distributed),2034,4.104842201,GW,"Solar PV, Aggregated"
Current Measures,Canada,Solar (Distributed),2035,4.222051835,GW,"Solar PV, Aggregated"
Current Measures,Canada,Solar (Distributed),2036,4.339261468,GW,"Solar PV, Aggregated"
Current Measures,Canada,Solar (Distributed),2037,4.456471101,GW,"Solar PV, Aggregated"
Current Measures,Canada,Solar (Distributed),2038,4.573680734,GW,"Solar PV, Aggregated"
Current Measures,Canada,Solar (Distributed),2039,4.690890367,GW,"Solar PV, Aggregated"
Current Measures,Canada,Solar (Distributed),2040,4.8081000000000005,GW,"Solar PV, Aggregated"
Current Measures,Canada,Solar (Distributed),2041,4.9073,GW,"Solar PV, Aggregated"
Current Measures,Canada,Solar (Distributed),2042,5.0065,GW,"Solar PV, Aggregated"
Current Measures,Canada,Solar (Distributed),2043,5.1057,GW,"Solar PV, Aggregated"
Current Measures,Canada,Solar (Distributed),2044,5.204899999999999,GW,"Solar PV, Aggregated"
Current Measures,Canada,Solar (Distributed),2045,5.3041,GW,"Solar PV, Aggregated"
Current Measures,Canada,Solar (Distributed),2046,5.4033,GW,"Solar PV, Aggregated"
Current Measures,Canada,Solar (Distributed),2047,5.5025,GW,"Solar PV, Aggregated"
Current Measures,Canada,Solar (Distributed),2048,5.6017,GW,"Solar PV, Aggregated"
Current Measures,Canada,Solar (Distributed),2049,5.7009,GW,"Solar PV, Aggregated"
Current Measures,Canada,Solar (Distributed),2050,5.8001000000000005,GW,"Solar PV, Aggregated"
Current Measures,Canada,Oil,2020,3.66085,GW,"Fossil energy, Natural gas"
Current Measures,Canada,Solar (Utility scale),2021,4.545935999999999,GW,"Solar CSP, Aggregated"
Current Measures,Canada,Solar (Utility scale),2022,4.545935999999999,GW,"Solar CSP, Aggregated"
Current Measures,Canada,Solar (Utility scale),2023,4.545935999999999,GW,"Solar CSP, Aggregated"
Current Measures,Canada,Solar (Utility scale),2024,4.545935999999999,GW,"Solar CSP, Aggregated"
Current Measures,Canada,Solar (Utility scale),2025,4.668966999999999,GW,"Solar CSP, Aggregated"
Current Measures,Canada,Solar (Utility scale),2026,4.699967,GW,"Solar CSP, Aggregated"
Current Measures,Canada,Solar (Utility scale),2027,4.729966999999999,GW,"Solar CSP, Aggregated"
Current Measures,Canada,Solar (Utility scale),2028,4.759967,GW,"Solar CSP, Aggregated"
Current Measures,Canada,Solar (Utility scale),2029,4.790966999999999,GW,"Solar CSP, Aggregated"
Current Measures,Canada,Solar (Utility scale),2030,4.854966999999999,GW,"Solar CSP, Aggregated"
Current Measures,Canada,Solar (Utility scale),2031,6.141966999999999,GW,"Solar CSP, Aggregated"
Current Measures,Canada,Solar (Utility scale),2032,7.434966999999999,GW,"Solar CSP, Aggregated"
Current Measures,Canada,Solar (Utility scale),2033,8.727967000000001,GW,"Solar CSP, Aggregated"
Current Measures,Canada,Solar (Utility scale),2034,10.010967,GW,"Solar CSP, Aggregated"
Current Measures,Canada,Solar (Utility scale),2035,11.361097,GW,"Solar CSP, Aggregated"
Current Measures,Canada,Solar (Utility scale),2036,11.780097,GW,"Solar CSP, Aggregated"
Current Measures,Canada,Solar (Utility scale),2037,12.190097,GW,"Solar CSP, Aggregated"
Current Measures,Canada,Solar (Utility scale),2038,12.590097,GW,"Solar CSP, Aggregated"
Current Measures,Canada,Solar (Utility scale),2039,13.010097,GW,"Solar CSP, Aggregated"
Current Measures,Canada,Solar (Utility scale),2040,13.461997,GW,"Solar CSP, Aggregated"
Current Measures,Canada,Solar (Utility scale),2041,14.719897000000001,GW,"Solar CSP, Aggregated"
Current Measures,Canada,Solar (Utility scale),2042,15.987997,GW,"Solar CSP, Aggregated"
Current Measures,Canada,Solar (Utility scale),2043,17.245997,GW,"Solar CSP, Aggregated"
Current Measures,Canada,Solar (Utility scale),2044,18.513997,GW,"Solar CSP, Aggregated"
Current Measures,Canada,Solar (Utility scale),2045,19.855532,GW,"Solar CSP, Aggregated"
Current Measures,Canada,Solar (Utility scale),2046,21.829134999999997,GW,"Solar CSP, Aggregated"
Current Measures,Canada,Solar (Utility scale),2047,23.802135,GW,"Solar CSP, Aggregated"
Current Measures,Canada,Solar (Utility scale),2048,25.789134999999998,GW,"Solar CSP, Aggregated"
Current Measures,Canada,Solar (Utility scale),2049,27.768134999999997,GW,"Solar CSP, Aggregated"
Current Measures,Canada,Solar (Utility scale),2050,29.708634999999997,GW,"Solar CSP, Aggregated"
Global Net-zero,Canada,Oil,2020,3.66085,GW,"Fossil energy, Natural gas"
Current Measures,Canada,Total,2021,152.904761113793,GW,"Grid, Transmission grid"
Current Measures,Canada,Total,2021,152.904761113793,GW,"Grid, Distribution grid"
Current Measures,Canada,Total,2021,152.904761113793,GW,"Grid, Transmission transformers"
Current Measures,Canada,Total,2021,152.904761113793,GW,"Grid, Distribution transformers"
Current Measures,Canada,Total,2022,153.636265397816,GW,"Grid, Transmission grid"
Current Measures,Canada,Total,2022,153.636265397816,GW,"Grid, Distribution grid"
Current Measures,Canada,Total,2022,153.636265397816,GW,"Grid, Transmission transformers"
Current Measures,Canada,Total,2022,153.636265397816,GW,"Grid, Distribution transformers"
Current Measures,Canada,Total,2023,154.243769681839,GW,"Grid, Transmission grid"
Current Measures,Canada,Total,2023,154.243769681839,GW,"Grid, Distribution grid"
Current Measures,Canada,Total,2023,154.243769681839,GW,"Grid, Transmission transformers"
Current Measures,Canada,Total,2023,154.243769681839,GW,"Grid, Distribution transformers"
Current Measures,Canada,Total,2024,155.522345394432,GW,"Grid, Transmission grid"
Current Measures,Canada,Total,2024,155.522345394432,GW,"Grid, Distribution grid"
Current Measures,Canada,Total,2024,155.522345394432,GW,"Grid, Transmission transformers"
Current Measures,Canada,Total,2024,155.522345394432,GW,"Grid, Distribution transformers"
Current Measures,Canada,Total,2025,166.340652106985,GW,"Grid, Transmission grid"
Current Measures,Canada,Total,2025,166.340652106985,GW,"Grid, Distribution grid"
Current Measures,Canada,Total,2025,166.340652106985,GW,"Grid, Transmission transformers"
Current Measures,Canada,Total,2025,166.340652106985,GW,"Grid, Distribution transformers"
Current Measures,Canada,Total,2026,169.430927818608,GW,"Grid, Transmission grid"
Current Measures,Canada,Total,2026,169.430927818608,GW,"Grid, Distribution grid"
Current Measures,Canada,Total,2026,169.430927818608,GW,"Grid, Transmission transformers"
Current Measures,Canada,Total,2026,169.430927818608,GW,"Grid, Distribution transformers"
Current Measures,Canada,Total,2027,172.955203531231,GW,"Grid, Transmission grid"
Current Measures,Canada,Total,2027,172.955203531231,GW,"Grid, Distribution grid"
Current Measures,Canada,Total,2027,172.955203531231,GW,"Grid, Transmission transformers"
Current Measures,Canada,Total,2027,172.955203531231,GW,"Grid, Distribution transformers"
Current Measures,Canada,Total,2028,177.689479243854,GW,"Grid, Transmission grid"
Current Measures,Canada,Total,2028,177.689479243854,GW,"Grid, Distribution grid"
Current Measures,Canada,Total,2028,177.689479243854,GW,"Grid, Transmission transformers"
Current Measures,Canada,Total,2028,177.689479243854,GW,"Grid, Distribution transformers"
Current Measures,Canada,Total,2029,181.107254956377,GW,"Grid, Transmission grid"
Current Measures,Canada,Total,2029,181.107254956377,GW,"Grid, Distribution grid"
Current Measures,Canada,Total,2029,181.107254956377,GW,"Grid, Transmission transformers"
Current Measures,Canada,Total,2029,181.107254956377,GW,"Grid, Distribution transformers"
Current Measures,Canada,Total,2030,185.725380669,GW,"Grid, Transmission grid"
Current Measures,Canada,Total,2030,185.725380669,GW,"Grid, Distribution grid"
Current Measures,Canada,Total,2030,185.725380669,GW,"Grid, Transmission transformers"
Current Measures,Canada,Total,2030,185.725380669,GW,"Grid, Distribution transformers"
Current Measures,Canada,Total,2031,188.297190302,GW,"Grid, Transmission grid"
Current Measures,Canada,Total,2031,188.297190302,GW,"Grid, Distribution grid"
Current Measures,Canada,Total,2031,188.297190302,GW,"Grid, Transmission transformers"
Current Measures,Canada,Total,2031,188.297190302,GW,"Grid, Distribution transformers"
Current Measures,Canada,Total,2032,193.168399935,GW,"Grid, Transmission grid"
Current Measures,Canada,Total,2032,193.168399935,GW,"Grid, Distribution grid"
Current Measures,Canada,Total,2032,193.168399935,GW,"Grid, Transmission transformers"
Current Measures,Canada,Total,2032,193.168399935,GW,"Grid, Distribution transformers"
Current Measures,Canada,Total,2033,197.63560956799898,GW,"Grid, Transmission grid"
Current Measures,Canada,Total,2033,197.63560956799898,GW,"Grid, Distribution grid"
Current Measures,Canada,Total,2033,197.63560956799898,GW,"Grid, Transmission transformers"
Current Measures,Canada,Total,2033,197.63560956799898,GW,"Grid, Distribution transformers"
Current Measures,Canada,Total,2034,202.742819201,GW,"Grid, Transmission grid"
Current Measures,Canada,Total,2034,202.742819201,GW,"Grid, Distribution grid"
Current Measures,Canada,Total,2034,202.742819201,GW,"Grid, Transmission transformers"
Current Measures,Canada,Total,2034,202.742819201,GW,"Grid, Distribution transformers"
Current Measures,Canada,Total,2035,207.45549883500001,GW,"Grid, Transmission grid"
Current Measures,Canada,Total,2035,207.45549883500001,GW,"Grid, Distribution grid"
Current Measures,Canada,Total,2035,207.45549883500001,GW,"Grid, Transmission transformers"
Current Measures,Canada,Total,2035,207.45549883500001,GW,"Grid, Distribution transformers"
Current Measures,Canada,Total,2036,210.531708468,GW,"Grid, Transmission grid"
Current Measures,Canada,Total,2036,210.531708468,GW,"Grid, Distribution grid"
Current Measures,Canada,Total,2036,210.531708468,GW,"Grid, Transmission transformers"
Current Measures,Canada,Total,2036,210.531708468,GW,"Grid, Distribution transformers"
Current Measures,Canada,Total,2037,214.910918101,GW,"Grid, Transmission grid"
Current Measures,Canada,Total,2037,214.910918101,GW,"Grid, Distribution grid"
Current Measures,Canada,Total,2037,214.910918101,GW,"Grid, Transmission transformers"
Current Measures,Canada,Total,2037,214.910918101,GW,"Grid, Distribution transformers"
Current Measures,Canada,Total,2038,218.652127734,GW,"Grid, Transmission grid"
Current Measures,Canada,Total,2038,218.652127734,GW,"Grid, Distribution grid"
Current Measures,Canada,Total,2038,218.652127734,GW,"Grid, Transmission transformers"
Current Measures,Canada,Total,2038,218.652127734,GW,"Grid, Distribution transformers"
Current Measures,Canada,Total,2039,221.977337367,GW,"Grid, Transmission grid"
Current Measures,Canada,Total,2039,221.977337367,GW,"Grid, Distribution grid"
Current Measures,Canada,Total,2039,221.977337367,GW,"Grid, Transmission transformers"
Current Measures,Canada,Total,2039,221.977337367,GW,"Grid, Distribution transformers"
Current Measures,Canada,Total,2040,224.77844699999997,GW,"Grid, Transmission grid"
Current Measures,Canada,Total,2040,224.77844699999997,GW,"Grid, Distribution grid"
Current Measures,Canada,Total,2040,224.77844699999997,GW,"Grid, Transmission transformers"
Current Measures,Canada,Total,2040,224.77844699999997,GW,"Grid, Distribution transformers"
Current Measures,Canada,Total,2041,230.33354699999998,GW,"Grid, Transmission grid"
Current Measures,Canada,Total,2041,230.33354699999998,GW,"Grid, Distribution grid"
Current Measures,Canada,Total,2041,230.33354699999998,GW,"Grid, Transmission transformers"
Current Measures,Canada,Total,2041,230.33354699999998,GW,"Grid, Distribution transformers"
Current Measures,Canada,Total,2042,234.67284700000002,GW,"Grid, Transmission grid"
Current Measures,Canada,Total,2042,234.67284700000002,GW,"Grid, Distribution grid"
Current Measures,Canada,Total,2042,234.67284700000002,GW,"Grid, Transmission transformers"
Current Measures,Canada,Total,2042,234.67284700000002,GW,"Grid, Distribution transformers"
Current Measures,Canada,Total,2043,240.613047,GW,"Grid, Transmission grid"
Current Measures,Canada,Total,2043,240.613047,GW,"Grid, Distribution grid"
Current Measures,Canada,Total,2043,240.613047,GW,"Grid, Transmission transformers"
Current Measures,Canada,Total,2043,240.613047,GW,"Grid, Distribution transformers"
Current Measures,Canada,Total,2044,245.401247,GW,"Grid, Transmission grid"
Current Measures,Canada,Total,2044,245.401247,GW,"Grid, Distribution grid"
Current Measures,Canada,Total,2044,245.401247,GW,"Grid, Transmission transformers"
Current Measures,Canada,Total,2044,245.401247,GW,"Grid, Distribution transformers"
Current Measures,Canada,Total,2045,249.347382,GW,"Grid, Transmission grid"
Current Measures,Canada,Total,2045,249.347382,GW,"Grid, Distribution grid"
Current Measures,Canada,Total,2045,249.347382,GW,"Grid, Transmission transformers"
Current Measures,Canada,Total,2045,249.347382,GW,"Grid, Distribution transformers"
Current Measures,Canada,Total,2046,252.543185,GW,"Grid, Transmission grid"
Current Measures,Canada,Total,2046,252.543185,GW,"Grid, Distribution grid"
Current Measures,Canada,Total,2046,252.543185,GW,"Grid, Transmission transformers"
Current Measures,Canada,Total,2046,252.543185,GW,"Grid, Distribution transformers"
Current Measures,Canada,Total,2047,256.949385,GW,"Grid, Transmission grid"
Current Measures,Canada,Total,2047,256.949385,GW,"Grid, Distribution grid"
Current Measures,Canada,Total,2047,256.949385,GW,"Grid, Transmission transformers"
Current Measures,Canada,Total,2047,256.949385,GW,"Grid, Distribution transformers"
Current Measures,Canada,Total,2048,260.709585,GW,"Grid, Transmission grid"
Current Measures,Canada,Total,2048,260.709585,GW,"Grid, Distribution grid"
Current Measures,Canada,Total,2048,260.709585,GW,"Grid, Transmission transformers"
Current Measures,Canada,Total,2048,260.709585,GW,"Grid, Distribution transformers"
Current Measures,Canada,Total,2049,265.08178499999997,GW,"Grid, Transmission grid"
Current Measures,Canada,Total,2049,265.08178499999997,GW,"Grid, Distribution grid"
Current Measures,Canada,Total,2049,265.08178499999997,GW,"Grid, Transmission transformers"
Current Measures,Canada,Total,2049,265.08178499999997,GW,"Grid, Distribution transformers"
Current Measures,Canada,Total,2050,267.717185,GW,"Grid, Transmission grid"
Current Measures,Canada,Total,2050,267.717185,GW,"Grid, Distribution grid"
Current Measures,Canada,Total,2050,267.717185,GW,"Grid, Transmission transformers"
Current Measures,Canada,Total,2050,267.717185,GW,"Grid, Distribution transformers"
Canada Net-zero,Canada,Onshore Wind,2020,13.66131,GW,"Wind, Onshore"
Current Measures,Canada,Uranium,2021,13.105,GW,"Nuclear, Nuclear Aggregated"
Current Measures,Canada,Uranium,2022,13.105,GW,"Nuclear, Nuclear Aggregated"
Current Measures,Canada,Uranium,2023,12.105,GW,"Nuclear, Nuclear Aggregated"
Current Measures,Canada,Uranium,2024,12.105,GW,"Nuclear, Nuclear Aggregated"
Current Measures,Canada,Uranium,2025,12.105,GW,"Nuclear, Nuclear Aggregated"
Current Measures,Canada,Uranium,2026,11.205,GW,"Nuclear, Nuclear Aggregated"
Current Measures,Canada,Uranium,2027,10.805,GW,"Nuclear, Nuclear Aggregated"
Current Measures,Canada,Uranium,2028,10.805,GW,"Nuclear, Nuclear Aggregated"
Current Measures,Canada,Uranium,2029,10.805,GW,"Nuclear, Nuclear Aggregated"
Current Measures,Canada,Uranium,2030,10.805,GW,"Nuclear, Nuclear Aggregated"
Current Measures,Canada,Uranium,2031,10.805,GW,"Nuclear, Nuclear Aggregated"
Current Measures,Canada,Uranium,2032,10.805,GW,"Nuclear, Nuclear Aggregated"
Current Measures,Canada,Uranium,2033,10.805,GW,"Nuclear, Nuclear Aggregated"
Current Measures,Canada,Uranium,2034,11.605,GW,"Nuclear, Nuclear Aggregated"
Current Measures,Canada,Uranium,2035,11.605,GW,"Nuclear, Nuclear Aggregated"
Current Measures,Canada,Uranium,2036,11.605,GW,"Nuclear, Nuclear Aggregated"
Current Measures,Canada,Uranium,2037,11.605,GW,"Nuclear, Nuclear Aggregated"
Current Measures,Canada,Uranium,2038,11.605,GW,"Nuclear, Nuclear Aggregated"
Current Measures,Canada,Uranium,2039,11.605,GW,"Nuclear, Nuclear Aggregated"
Current Measures,Canada,Uranium,2040,11.605,GW,"Nuclear, Nuclear Aggregated"
Current Measures,Canada,Uranium,2041,11.605,GW,"Nuclear, Nuclear Aggregated"
Current Measures,Canada,Uranium,2042,10.9,GW,"Nuclear, Nuclear Aggregated"
Current Measures,Canada,Uranium,2043,10.9,GW,"Nuclear, Nuclear Aggregated"
Current Measures,Canada,Uranium,2044,11.579,GW,"Nuclear, Nuclear Aggregated"
Current Measures,Canada,Uranium,2045,11.579,GW,"Nuclear, Nuclear Aggregated"
Current Measures,Canada,Uranium,2046,11.579,GW,"Nuclear, Nuclear Aggregated"
Current Measures,Canada,Uranium,2047,11.579,GW,"Nuclear, Nuclear Aggregated"
Current Measures,Canada,Uranium,2048,11.579,GW,"Nuclear, Nuclear Aggregated"
Current Measures,Canada,Uranium,2049,11.579,GW,"Nuclear, Nuclear Aggregated"
Current Measures,Canada,Uranium,2050,11.579,GW,"Nuclear, Nuclear Aggregated"
Current Measures,Canada,Onshore Wind,2020,13.66131,GW,"Wind, Onshore"
Current Measures,Canada,Uranium SMR,2021,0.0,GW,"Nuclear, Nuclear Boiling water power plant"
Current Measures,Canada,Uranium SMR,2021,0.0,GW,"Nuclear, HTGR"
Current Measures,Canada,Uranium SMR,2022,0.0,GW,"Nuclear, Nuclear Boiling water power plant"
Current Measures,Canada,Uranium SMR,2022,0.0,GW,"Nuclear, HTGR"
Current Measures,Canada,Uranium SMR,2023,0.0,GW,"Nuclear, Nuclear Boiling water power plant"
Current Measures,Canada,Uranium SMR,2023,0.0,GW,"Nuclear, HTGR"
Current Measures,Canada,Uranium SMR,2024,0.0,GW,"Nuclear, Nuclear Boiling water power plant"
Current Measures,Canada,Uranium SMR,2024,0.0,GW,"Nuclear, HTGR"
Current Measures,Canada,Uranium SMR,2025,0.0,GW,"Nuclear, Nuclear Boiling water power plant"
Current Measures,Canada,Uranium SMR,2025,0.0,GW,"Nuclear, HTGR"
Current Measures,Canada,Uranium SMR,2026,0.0,GW,"Nuclear, Nuclear Boiling water power plant"
Current Measures,Canada,Uranium SMR,2026,0.0,GW,"Nuclear, HTGR"
Current Measures,Canada,Uranium SMR,2027,0.0,GW,"Nuclear, Nuclear Boiling water power plant"
Current Measures,Canada,Uranium SMR,2027,0.0,GW,"Nuclear, HTGR"
Current Measures,Canada,Uranium SMR,2028,0.0,GW,"Nuclear, Nuclear Boiling water power plant"
Current Measures,Canada,Uranium SMR,2028,0.0,GW,"Nuclear, HTGR"
Current Measures,Canada,Uranium SMR,2029,0.0,GW,"Nuclear, Nuclear Boiling water power plant"
Current Measures,Canada,Uranium SMR,2029,0.0,GW,"Nuclear, HTGR"
Current Measures,Canada,Uranium SMR,2030,0.24,GW,"Nuclear, Nuclear Boiling water power plant"
Current Measures,Canada,Uranium SMR,2030,0.06,GW,"Nuclear, HTGR"
Current Measures,Canada,Uranium SMR,2031,0.24,GW,"Nuclear, Nuclear Boiling water power plant"
Current Measures,Canada,Uranium SMR,2031,0.06,GW,"Nuclear, HTGR"
Current Measures,Canada,Uranium SMR,2032,0.24,GW,"Nuclear, Nuclear Boiling water power plant"
Current Measures,Canada,Uranium SMR,2032,0.06,GW,"Nuclear, HTGR"
Current Measures,Canada,Uranium SMR,2033,0.24,GW,"Nuclear, Nuclear Boiling water power plant"
Current Measures,Canada,Uranium SMR,2033,0.06,GW,"Nuclear, HTGR"
Current Measures,Canada,Uranium SMR,2034,0.24,GW,"Nuclear, Nuclear Boiling water power plant"
Current Measures,Canada,Uranium SMR,2034,0.06,GW,"Nuclear, HTGR"
Current Measures,Canada,Uranium SMR,2035,0.24,GW,"Nuclear, Nuclear Boiling water power plant"
Current Measures,Canada,Uranium SMR,2035,0.06,GW,"Nuclear, HTGR"
Current Measures,Canada,Uranium SMR,2036,0.24,GW,"Nuclear, Nuclear Boiling water power plant"
Current Measures,Canada,Uranium SMR,2036,0.06,GW,"Nuclear, HTGR"
Current Measures,Canada,Uranium SMR,2037,0.24,GW,"Nuclear, Nuclear Boiling water power plant"
Current Measures,Canada,Uranium SMR,2037,0.06,GW,"Nuclear, HTGR"
Current Measures,Canada,Uranium SMR,2038,0.24,GW,"Nuclear, Nuclear Boiling water power plant"
Current Measures,Canada,Uranium SMR,2038,0.06,GW,"Nuclear, HTGR"
Current Measures,Canada,Uranium SMR,2039,0.24,GW,"Nuclear, Nuclear Boiling water power plant"
Current Measures,Canada,Uranium SMR,2039,0.06,GW,"Nuclear, HTGR"
Current Measures,Canada,Uranium SMR,2040,0.24,GW,"Nuclear, Nuclear Boiling water power plant"
Current Measures,Canada,Uranium SMR,2040,0.06,GW,"Nuclear, HTGR"
Current Measures,Canada,Uranium SMR,2041,0.24,GW,"Nuclear, Nuclear Boiling water power plant"
Current Measures,Canada,Uranium SMR,2041,0.06,GW,"Nuclear, HTGR"
Current Measures,Canada,Uranium SMR,2042,0.24,GW,"Nuclear, Nuclear Boiling water power plant"
Current Measures,Canada,Uranium SMR,2042,0.06,GW,"Nuclear, HTGR"
Current Measures,Canada,Uranium SMR,2043,0.24,GW,"Nuclear, Nuclear Boiling water power plant"
Current Measures,Canada,Uranium SMR,2043,0.06,GW,"Nuclear, HTGR"
Current Measures,Canada,Uranium SMR,2044,0.24,GW,"Nuclear, Nuclear Boiling water power plant"
Current Measures,Canada,Uranium SMR,2044,0.06,GW,"Nuclear, HTGR"
Current Measures,Canada,Uranium SMR,2045,0.24,GW,"Nuclear, Nuclear Boiling water power plant"
Current Measures,Canada,Uranium SMR,2045,0.06,GW,"Nuclear, HTGR"
Current Measures,Canada,Uranium SMR,2046,0.24,GW,"Nuclear, Nuclear Boiling water power plant"
Current Measures,Canada,Uranium SMR,2046,0.06,GW,"Nuclear, HTGR"
Current Measures,Canada,Uranium SMR,2047,0.24,GW,"Nuclear, Nuclear Boiling water power plant"
Current Measures,Canada,Uranium SMR,2047,0.06,GW,"Nuclear, HTGR"
Current Measures,Canada,Uranium SMR,2048,0.24,GW,"Nuclear, Nuclear Boiling water power plant"
Current Measures,Canada,Uranium SMR,2048,0.06,GW,"Nuclear, HTGR"
Current Measures,Canada,Uranium SMR,2049,0.24,GW,"Nuclear, Nuclear Boiling water power plant"
Current Measures,Canada,Uranium SMR,2049,0.06,GW,"Nuclear, HTGR"
Current Measures,Canada,Uranium SMR,2050,0.24,GW,"Nuclear, Nuclear Boiling water power plant"
Current Measures,Canada,Uranium SMR,2050,0.06,GW,"Nuclear, HTGR"
Global Net-zero,Canada,Onshore Wind,2020,13.66131,GW,"Wind, Onshore"
Canada Net-zero,Canada,Solar (Distributed),2020,2.35746082977,GW,"Solar PV, Aggregated"
Global Net-zero,Canada,Bioenergy,2021,2.5431,GW,"Biomass, Aggregated"
Global Net-zero,Canada,Bioenergy,2022,2.5431,GW,"Biomass, Aggregated"
Global Net-zero,Canada,Bioenergy,2023,2.5431,GW,"Biomass, Aggregated"
Global Net-zero,Canada,Bioenergy,2024,2.5431,GW,"Biomass, Aggregated"
Global Net-zero,Canada,Bioenergy,2025,2.5831999999999997,GW,"Biomass, Aggregated"
Global Net-zero,Canada,Bioenergy,2026,2.5831999999999997,GW,"Biomass, Aggregated"
Global Net-zero,Canada,Bioenergy,2027,2.5831999999999997,GW,"Biomass, Aggregated"
Global Net-zero,Canada,Bioenergy,2028,2.5831999999999997,GW,"Biomass, Aggregated"
Global Net-zero,Canada,Bioenergy,2029,2.5831999999999997,GW,"Biomass, Aggregated"
Global Net-zero,Canada,Bioenergy,2030,2.5831999999999997,GW,"Biomass, Aggregated"
Global Net-zero,Canada,Bioenergy,2031,2.5831999999999997,GW,"Biomass, Aggregated"
Global Net-zero,Canada,Bioenergy,2032,2.5831999999999997,GW,"Biomass, Aggregated"
Global Net-zero,Canada,Bioenergy,2033,2.5831999999999997,GW,"Biomass, Aggregated"
Global Net-zero,Canada,Bioenergy,2034,2.5831999999999997,GW,"Biomass, Aggregated"
Global Net-zero,Canada,Bioenergy,2035,2.5831999999999997,GW,"Biomass, Aggregated"
Global Net-zero,Canada,Bioenergy,2036,2.5831999999999997,GW,"Biomass, Aggregated"
Global Net-zero,Canada,Bioenergy,2037,2.5831999999999997,GW,"Biomass, Aggregated"
Global Net-zero,Canada,Bioenergy,2038,2.5831999999999997,GW,"Biomass, Aggregated"
Global Net-zero,Canada,Bioenergy,2039,2.5831999999999997,GW,"Biomass, Aggregated"
Global Net-zero,Canada,Bioenergy,2040,2.5831999999999997,GW,"Biomass, Aggregated"
Global Net-zero,Canada,Bioenergy,2041,2.5831999999999997,GW,"Biomass, Aggregated"
Global Net-zero,Canada,Bioenergy,2042,2.5831999999999997,GW,"Biomass, Aggregated"
Global Net-zero,Canada,Bioenergy,2043,2.5831999999999997,GW,"Biomass, Aggregated"
Global Net-zero,Canada,Bioenergy,2044,2.5831999999999997,GW,"Biomass, Aggregated"
Global Net-zero,Canada,Bioenergy,2045,2.5831999999999997,GW,"Biomass, Aggregated"
Global Net-zero,Canada,Bioenergy,2046,2.5831999999999997,GW,"Biomass, Aggregated"
Global Net-zero,Canada,Bioenergy,2047,2.5831999999999997,GW,"Biomass, Aggregated"
Global Net-zero,Canada,Bioenergy,2048,2.5831999999999997,GW,"Biomass, Aggregated"
Global Net-zero,Canada,Bioenergy,2049,2.5831999999999997,GW,"Biomass, Aggregated"
Global Net-zero,Canada,Bioenergy,2050,2.5831999999999997,GW,"Biomass, Aggregated"
Current Measures,Canada,Solar (Distributed),2020,2.35746082977,GW,"Solar PV, Aggregated"
Global Net-zero,Canada,Bioenergy with CCUS,2021,0.0,GW,"Biomass with CCS, Aggregated"
Global Net-zero,Canada,Bioenergy with CCUS,2022,0.0,GW,"Biomass with CCS, Aggregated"
Global Net-zero,Canada,Bioenergy with CCUS,2023,0.0,GW,"Biomass with CCS, Aggregated"
Global Net-zero,Canada,Bioenergy with CCUS,2024,0.0,GW,"Biomass with CCS, Aggregated"
Global Net-zero,Canada,Bioenergy with CCUS,2025,0.0,GW,"Biomass with CCS, Aggregated"
Global Net-zero,Canada,Bioenergy with CCUS,2026,0.0,GW,"Biomass with CCS, Aggregated"
Global Net-zero,Canada,Bioenergy with CCUS,2027,0.0,GW,"Biomass with CCS, Aggregated"
Global Net-zero,Canada,Bioenergy with CCUS,2028,0.0,GW,"Biomass with CCS, Aggregated"
Global Net-zero,Canada,Bioenergy with CCUS,2029,0.0,GW,"Biomass with CCS, Aggregated"
Global Net-zero,Canada,Bioenergy with CCUS,2030,0.0,GW,"Biomass with CCS, Aggregated"
Global Net-zero,Canada,Bioenergy with CCUS,2031,0.2904,GW,"Biomass with CCS, Aggregated"
Global Net-zero,Canada,Bioenergy with CCUS,2032,0.5796,GW,"Biomass with CCS, Aggregated"
Global Net-zero,Canada,Bioenergy with CCUS,2033,0.87,GW,"Biomass with CCS, Aggregated"
Global Net-zero,Canada,Bioenergy with CCUS,2034,1.1594,GW,"Biomass with CCS, Aggregated"
Global Net-zero,Canada,Bioenergy with CCUS,2035,1.4506,GW,"Biomass with CCS, Aggregated"
Global Net-zero,Canada,Bioenergy with CCUS,2036,1.761,GW,"Biomass with CCS, Aggregated"
Global Net-zero,Canada,Bioenergy with CCUS,2037,2.076,GW,"Biomass with CCS, Aggregated"
Global Net-zero,Canada,Bioenergy with CCUS,2038,2.382,GW,"Biomass with CCS, Aggregated"
Global Net-zero,Canada,Bioenergy with CCUS,2039,2.7,GW,"Biomass with CCS, Aggregated"
Global Net-zero,Canada,Bioenergy with CCUS,2040,3.004,GW,"Biomass with CCS, Aggregated"
Global Net-zero,Canada,Bioenergy with CCUS,2041,3.346,GW,"Biomass with CCS, Aggregated"
Global Net-zero,Canada,Bioenergy with CCUS,2042,3.67,GW,"Biomass with CCS, Aggregated"
Global Net-zero,Canada,Bioenergy with CCUS,2043,4.004,GW,"Biomass with CCS, Aggregated"
Global Net-zero,Canada,Bioenergy with CCUS,2044,4.346,GW,"Biomass with CCS, Aggregated"
Global Net-zero,Canada,Bioenergy with CCUS,2045,4.67,GW,"Biomass with CCS, Aggregated"
Global Net-zero,Canada,Bioenergy with CCUS,2046,5.034,GW,"Biomass with CCS, Aggregated"
Global Net-zero,Canada,Bioenergy with CCUS,2047,5.406,GW,"Biomass with CCS, Aggregated"
Global Net-zero,Canada,Bioenergy with CCUS,2048,5.77,GW,"Biomass with CCS, Aggregated"
Global Net-zero,Canada,Bioenergy with CCUS,2049,6.144,GW,"Biomass with CCS, Aggregated"
Global Net-zero,Canada,Bioenergy with CCUS,2050,6.506,GW,"Biomass with CCS, Aggregated"
Global Net-zero,Canada,Solar (Distributed),2020,2.35746082977,GW,"Solar PV, Aggregated"
Global Net-zero,Canada,Coal and Coke,2021,6.794,GW,Coal and Coke
Global Net-zero,Canada,Coal and Coke,2022,4.594,GW,Coal and Coke
Global Net-zero,Canada,Coal and Coke,2023,3.644,GW,Coal and Coke
Global Net-zero,Canada,Coal and Coke,2024,2.814,GW,Coal and Coke
Global Net-zero,Canada,Coal and Coke,2025,2.814,GW,Coal and Coke
Global Net-zero,Canada,Coal and Coke,2026,2.814,GW,Coal and Coke
Global Net-zero,Canada,Coal and Coke,2027,2.525,GW,Coal and Coke
Global Net-zero,Canada,Coal and Coke,2028,2.525,GW,Coal and Coke
Global Net-zero,Canada,Coal and Coke,2029,1.95,GW,Coal and Coke
Global Net-zero,Canada,Coal and Coke,2030,1.95,GW,Coal and Coke
Global Net-zero,Canada,Coal and Coke,2031,0.0,GW,Coal and Coke
Global Net-zero,Canada,Coal and Coke,2032,0.0,GW,Coal and Coke
Global Net-zero,Canada,Coal and Coke,2033,0.0,GW,Coal and Coke
Global Net-zero,Canada,Coal and Coke,2034,0.0,GW,Coal and Coke
Global Net-zero,Canada,Coal and Coke,2035,0.0,GW,Coal and Coke
Global Net-zero,Canada,Coal and Coke,2036,0.0,GW,Coal and Coke
Global Net-zero,Canada,Coal and Coke,2037,0.0,GW,Coal and Coke
Global Net-zero,Canada,Coal and Coke,2038,0.0,GW,Coal and Coke
Global Net-zero,Canada,Coal and Coke,2039,0.0,GW,Coal and Coke
Global Net-zero,Canada,Coal and Coke,2040,0.0,GW,Coal and Coke
Global Net-zero,Canada,Coal and Coke,2041,0.0,GW,Coal and Coke
Global Net-zero,Canada,Coal and Coke,2042,0.0,GW,Coal and Coke
Global Net-zero,Canada,Coal and Coke,2043,0.0,GW,Coal and Coke
Global Net-zero,Canada,Coal and Coke,2044,0.0,GW,Coal and Coke
Global Net-zero,Canada,Coal and Coke,2045,0.0,GW,Coal and Coke
Global Net-zero,Canada,Coal and Coke,2046,0.0,GW,Coal and Coke
Global Net-zero,Canada,Coal and Coke,2047,0.0,GW,Coal and Coke
Global Net-zero,Canada,Coal and Coke,2048,0.0,GW,Coal and Coke
Global Net-zero,Canada,Coal and Coke,2049,0.0,GW,Coal and Coke
Global Net-zero,Canada,Coal and Coke,2050,0.0,GW,Coal and Coke
Canada Net-zero,Canada,Solar (Utility scale),2020,3.116936,GW,"Solar CSP, Aggregated"
Global Net-zero,Canada,Coal with CCUS,2021,0.115,GW,"Fossil energy, Coal with CCS"
Global Net-zero,Canada,Coal with CCUS,2022,0.115,GW,"Fossil energy, Coal with CCS"
Global Net-zero,Canada,Coal with CCUS,2023,0.115,GW,"Fossil energy, Coal with CCS"
Global Net-zero,Canada,Coal with CCUS,2024,0.115,GW,"Fossil energy, Coal with CCS"
Global Net-zero,Canada,Coal with CCUS,2025,0.115,GW,"Fossil energy, Coal with CCS"
Global Net-zero,Canada,Coal with CCUS,2026,0.115,GW,"Fossil energy, Coal with CCS"
Global Net-zero,Canada,Coal with CCUS,2027,0.115,GW,"Fossil energy, Coal with CCS"
Global Net-zero,Canada,Coal with CCUS,2028,0.115,GW,"Fossil energy, Coal with CCS"
Global Net-zero,Canada,Coal with CCUS,2029,0.115,GW,"Fossil energy, Coal with CCS"
Global Net-zero,Canada,Coal with CCUS,2030,0.115,GW,"Fossil energy, Coal with CCS"
Global Net-zero,Canada,Coal with CCUS,2031,0.115,GW,"Fossil energy, Coal with CCS"
Global Net-zero,Canada,Coal with CCUS,2032,0.115,GW,"Fossil energy, Coal with CCS"
Global Net-zero,Canada,Coal with CCUS,2033,0.115,GW,"Fossil energy, Coal with CCS"
Global Net-zero,Canada,Coal with CCUS,2034,0.115,GW,"Fossil energy, Coal with CCS"
Global Net-zero,Canada,Coal with CCUS,2035,0.0,GW,"Fossil energy, Coal with CCS"
Global Net-zero,Canada,Coal with CCUS,2036,0.0,GW,"Fossil energy, Coal with CCS"
Global Net-zero,Canada,Coal with CCUS,2037,0.0,GW,"Fossil energy, Coal with CCS"
Global Net-zero,Canada,Coal with CCUS,2038,0.0,GW,"Fossil energy, Coal with CCS"
Global Net-zero,Canada,Coal with CCUS,2039,0.0,GW,"Fossil energy, Coal with CCS"
Global Net-zero,Canada,Coal with CCUS,2040,0.0,GW,"Fossil energy, Coal with CCS"
Global Net-zero,Canada,Coal with CCUS,2041,0.0,GW,"Fossil energy, Coal with CCS"
Global Net-zero,Canada,Coal with CCUS,2042,0.0,GW,"Fossil energy, Coal with CCS"
Global Net-zero,Canada,Coal with CCUS,2043,0.0,GW,"Fossil energy, Coal with CCS"
Global Net-zero,Canada,Coal with CCUS,2044,0.0,GW,"Fossil energy, Coal with CCS"
Global Net-zero,Canada,Coal with CCUS,2045,0.0,GW,"Fossil energy, Coal with CCS"
Global Net-zero,Canada,Coal with CCUS,2046,0.0,GW,"Fossil energy, Coal with CCS"
Global Net-zero,Canada,Coal with CCUS,2047,0.0,GW,"Fossil energy, Coal with CCS"
Global Net-zero,Canada,Coal with CCUS,2048,0.0,GW,"Fossil energy, Coal with CCS"
Global Net-zero,Canada,Coal with CCUS,2049,0.0,GW,"Fossil energy, Coal with CCS"
Global Net-zero,Canada,Coal with CCUS,2050,0.0,GW,"Fossil energy, Coal with CCS"
Current Measures,Canada,Solar (Utility scale),2020,4.545935999999999,GW,"Solar CSP, Aggregated"
Global Net-zero,Canada,Hydro,2021,83.123,GW,"Hydroelectricity, Aggregated"
Global Net-zero,Canada,Hydro,2022,83.728,GW,"Hydroelectricity, Aggregated"
Global Net-zero,Canada,Hydro,2023,83.728,GW,"Hydroelectricity, Aggregated"
Global Net-zero,Canada,Hydro,2024,83.7875,GW,"Hydroelectricity, Aggregated"
Global Net-zero,Canada,Hydro,2025,84.9125,GW,"Hydroelectricity, Aggregated"
Global Net-zero,Canada,Hydro,2026,85.5625,GW,"Hydroelectricity, Aggregated"
Global Net-zero,Canada,Hydro,2027,86.1225,GW,"Hydroelectricity, Aggregated"
Global Net-zero,Canada,Hydro,2028,86.7725,GW,"Hydroelectricity, Aggregated"
Global Net-zero,Canada,Hydro,2029,87.427,GW,"Hydroelectricity, Aggregated"
Global Net-zero,Canada,Hydro,2030,88.077,GW,"Hydroelectricity, Aggregated"
Global Net-zero,Canada,Hydro,2031,88.847,GW,"Hydroelectricity, Aggregated"
Global Net-zero,Canada,Hydro,2032,89.642,GW,"Hydroelectricity, Aggregated"
Global Net-zero,Canada,Hydro,2033,90.412,GW,"Hydroelectricity, Aggregated"
Global Net-zero,Canada,Hydro,2034,91.312,GW,"Hydroelectricity, Aggregated"
Global Net-zero,Canada,Hydro,2035,92.082,GW,"Hydroelectricity, Aggregated"
Global Net-zero,Canada,Hydro,2036,92.082,GW,"Hydroelectricity, Aggregated"
Global Net-zero,Canada,Hydro,2037,92.082,GW,"Hydroelectricity, Aggregated"
Global Net-zero,Canada,Hydro,2038,92.082,GW,"Hydroelectricity, Aggregated"
Global Net-zero,Canada,Hydro,2039,92.082,GW,"Hydroelectricity, Aggregated"
Global Net-zero,Canada,Hydro,2040,92.082,GW,"Hydroelectricity, Aggregated"
Global Net-zero,Canada,Hydro,2041,92.082,GW,"Hydroelectricity, Aggregated"
Global Net-zero,Canada,Hydro,2042,92.082,GW,"Hydroelectricity, Aggregated"
Global Net-zero,Canada,Hydro,2043,92.082,GW,"Hydroelectricity, Aggregated"
Global Net-zero,Canada,Hydro,2044,92.082,GW,"Hydroelectricity, Aggregated"
Global Net-zero,Canada,Hydro,2045,92.082,GW,"Hydroelectricity, Aggregated"
Global Net-zero,Canada,Hydro,2046,92.182,GW,"Hydroelectricity, Aggregated"
Global Net-zero,Canada,Hydro,2047,92.382,GW,"Hydroelectricity, Aggregated"
Global Net-zero,Canada,Hydro,2048,92.482,GW,"Hydroelectricity, Aggregated"
Global Net-zero,Canada,Hydro,2049,92.682,GW,"Hydroelectricity, Aggregated"
Global Net-zero,Canada,Hydro,2050,92.782,GW,"Hydroelectricity, Aggregated"
Global Net-zero,Canada,Solar (Utility scale),2020,3.116936,GW,"Solar CSP, Aggregated"
Global Net-zero,Canada,Natural Gas,2021,22.9816,GW,"Fossil energy, Natural gas"
Global Net-zero,Canada,Natural Gas,2022,23.4816,GW,"Fossil energy, Natural gas"
Global Net-zero,Canada,Natural Gas,2023,25.9116,GW,"Fossil energy, Natural gas"
Global Net-zero,Canada,Natural Gas,2024,26.176599999999997,GW,"Fossil energy, Natural gas"
Global Net-zero,Canada,Natural Gas,2025,31.540599999999998,GW,"Fossil energy, Natural gas"
Global Net-zero,Canada,Natural Gas,2026,33.1216,GW,"Fossil energy, Natural gas"
Global Net-zero,Canada,Natural Gas,2027,34.8416,GW,"Fossil energy, Natural gas"
Global Net-zero,Canada,Natural Gas,2028,36.1916,GW,"Fossil energy, Natural gas"
Global Net-zero,Canada,Natural Gas,2029,37.6216,GW,"Fossil energy, Natural gas"
Global Net-zero,Canada,Natural Gas,2030,38.1616,GW,"Fossil energy, Natural gas"
Global Net-zero,Canada,Natural Gas,2031,39.361599999999996,GW,"Fossil energy, Natural gas"
Global Net-zero,Canada,Natural Gas,2032,40.5116,GW,"Fossil energy, Natural gas"
Global Net-zero,Canada,Natural Gas,2033,41.1396,GW,"Fossil energy, Natural gas"
Global Net-zero,Canada,Natural Gas,2034,41.5396,GW,"Fossil energy, Natural gas"
Global Net-zero,Canada,Natural Gas,2035,31.671799999999998,GW,"Fossil energy, Natural gas"
Global Net-zero,Canada,Natural Gas,2036,31.0228,GW,"Fossil energy, Natural gas"
Global Net-zero,Canada,Natural Gas,2037,30.212799999999998,GW,"Fossil energy, Natural gas"
Global Net-zero,Canada,Natural Gas,2038,28.5798,GW,"Fossil energy, Natural gas"
Global Net-zero,Canada,Natural Gas,2039,27.7498,GW,"Fossil energy, Natural gas"
Global Net-zero,Canada,Natural Gas,2040,25.9898,GW,"Fossil energy, Natural gas"
Global Net-zero,Canada,Natural Gas,2041,25.7398,GW,"Fossil energy, Natural gas"
Global Net-zero,Canada,Natural Gas,2042,25.3098,GW,"Fossil energy, Natural gas"
Global Net-zero,Canada,Natural Gas,2043,25.3098,GW,"Fossil energy, Natural gas"
Global Net-zero,Canada,Natural Gas,2044,25.189799999999998,GW,"Fossil energy, Natural gas"
Global Net-zero,Canada,Natural Gas,2045,24.799799999999998,GW,"Fossil energy, Natural gas"
Global Net-zero,Canada,Natural Gas,2046,24.369799999999998,GW,"Fossil energy, Natural gas"
Global Net-zero,Canada,Natural Gas,2047,24.5798,GW,"Fossil energy, Natural gas"
Global Net-zero,Canada,Natural Gas,2048,24.3198,GW,"Fossil energy, Natural gas"
Global Net-zero,Canada,Natural Gas,2049,24.5698,GW,"Fossil energy, Natural gas"
Global Net-zero,Canada,Natural Gas,2050,20.2238,GW,"Fossil energy, Natural gas"
Canada Net-zero,Canada,Total,2020,152.84425682977,GW,"Grid, Transmission grid"
Canada Net-zero,Canada,Total,2020,152.84425682977,GW,"Grid, Distribution grid"
Canada Net-zero,Canada,Total,2020,152.84425682977,GW,"Grid, Transmission transformers"
Canada Net-zero,Canada,Total,2020,152.84425682977,GW,"Grid, Distribution transformers"
Global Net-zero,Canada,Natural Gas with CCUS,2021,0.0,GW,"Fossil energy, Natural gas with CCS"
Global Net-zero,Canada,Natural Gas with CCUS,2022,0.0,GW,"Fossil energy, Natural gas with CCS"
Global Net-zero,Canada,Natural Gas with CCUS,2023,0.0,GW,"Fossil energy, Natural gas with CCS"
Global Net-zero,Canada,Natural Gas with CCUS,2024,0.0,GW,"Fossil energy, Natural gas with CCS"
Global Net-zero,Canada,Natural Gas with CCUS,2025,0.0,GW,"Fossil energy, Natural gas with CCS"
Global Net-zero,Canada,Natural Gas with CCUS,2026,0.111,GW,"Fossil energy, Natural gas with CCS"
Global Net-zero,Canada,Natural Gas with CCUS,2027,0.221,GW,"Fossil energy, Natural gas with CCS"
Global Net-zero,Canada,Natural Gas with CCUS,2028,0.332,GW,"Fossil energy, Natural gas with CCS"
Global Net-zero,Canada,Natural Gas with CCUS,2029,0.442,GW,"Fossil energy, Natural gas with CCS"
Global Net-zero,Canada,Natural Gas with CCUS,2030,1.553,GW,"Fossil energy, Natural gas with CCS"
Global Net-zero,Canada,Natural Gas with CCUS,2031,2.153,GW,"Fossil energy, Natural gas with CCS"
Global Net-zero,Canada,Natural Gas with CCUS,2032,2.743,GW,"Fossil energy, Natural gas with CCS"
Global Net-zero,Canada,Natural Gas with CCUS,2033,3.333,GW,"Fossil energy, Natural gas with CCS"
Global Net-zero,Canada,Natural Gas with CCUS,2034,3.92,GW,"Fossil energy, Natural gas with CCS"
Global Net-zero,Canada,Natural Gas with CCUS,2035,6.72,GW,"Fossil energy, Natural gas with CCS"
Global Net-zero,Canada,Natural Gas with CCUS,2036,8.3371,GW,"Fossil energy, Natural gas with CCS"
Global Net-zero,Canada,Natural Gas with CCUS,2037,9.9541,GW,"Fossil energy, Natural gas with CCS"
Global Net-zero,Canada,Natural Gas with CCUS,2038,11.571200000000001,GW,"Fossil energy, Natural gas with CCS"
Global Net-zero,Canada,Natural Gas with CCUS,2039,13.198,GW,"Fossil energy, Natural gas with CCS"
Global Net-zero,Canada,Natural Gas with CCUS,2040,14.815,GW,"Fossil energy, Natural gas with CCS"
Global Net-zero,Canada,Natural Gas with CCUS,2041,16.514,GW,"Fossil energy, Natural gas with CCS"
Global Net-zero,Canada,Natural Gas with CCUS,2042,18.323,GW,"Fossil energy, Natural gas with CCS"
Global Net-zero,Canada,Natural Gas with CCUS,2043,20.03,GW,"Fossil energy, Natural gas with CCS"
Global Net-zero,Canada,Natural Gas with CCUS,2044,21.84,GW,"Fossil energy, Natural gas with CCS"
Global Net-zero,Canada,Natural Gas with CCUS,2045,23.55,GW,"Fossil energy, Natural gas with CCS"
Global Net-zero,Canada,Natural Gas with CCUS,2046,24.27,GW,"Fossil energy, Natural gas with CCS"
Global Net-zero,Canada,Natural Gas with CCUS,2047,24.97,GW,"Fossil energy, Natural gas with CCS"
Global Net-zero,Canada,Natural Gas with CCUS,2048,25.57,GW,"Fossil energy, Natural gas with CCS"
Global Net-zero,Canada,Natural Gas with CCUS,2049,26.28,GW,"Fossil energy, Natural gas with CCS"
Global Net-zero,Canada,Natural Gas with CCUS,2050,26.98,GW,"Fossil energy, Natural gas with CCS"
Current Measures,Canada,Total,2020,154.24325682977,GW,"Grid, Transmission grid"
Current Measures,Canada,Total,2020,154.24325682977,GW,"Grid, Distribution grid"
Current Measures,Canada,Total,2020,154.24325682977,GW,"Grid, Transmission transformers"
Current Measures,Canada,Total,2020,154.24325682977,GW,"Grid, Distribution transformers"
Global Net-zero,Canada,Offshore Wind,2021,0.0,GW,"Wind, Offshore"
Global Net-zero,Canada,Offshore Wind,2022,0.0,GW,"Wind, Offshore"
Global Net-zero,Canada,Offshore Wind,2023,0.0,GW,"Wind, Offshore"
Global Net-zero,Canada,Offshore Wind,2024,0.0,GW,"Wind, Offshore"
Global Net-zero,Canada,Offshore Wind,2025,0.0,GW,"Wind, Offshore"
Global Net-zero,Canada,Offshore Wind,2026,0.4,GW,"Wind, Offshore"
Global Net-zero,Canada,Offshore Wind,2027,0.8,GW,"Wind, Offshore"
Global Net-zero,Canada,Offshore Wind,2028,1.2,GW,"Wind, Offshore"
Global Net-zero,Canada,Offshore Wind,2029,1.6,GW,"Wind, Offshore"
Global Net-zero,Canada,Offshore Wind,2030,2.0,GW,"Wind, Offshore"
Global Net-zero,Canada,Offshore Wind,2031,2.6,GW,"Wind, Offshore"
Global Net-zero,Canada,Offshore Wind,2032,3.2,GW,"Wind, Offshore"
Global Net-zero,Canada,Offshore Wind,2033,3.8,GW,"Wind, Offshore"
Global Net-zero,Canada,Offshore Wind,2034,4.4,GW,"Wind, Offshore"
Global Net-zero,Canada,Offshore Wind,2035,5.0,GW,"Wind, Offshore"
Global Net-zero,Canada,Offshore Wind,2036,5.0,GW,"Wind, Offshore"
Global Net-zero,Canada,Offshore Wind,2037,5.0,GW,"Wind, Offshore"
Global Net-zero,Canada,Offshore Wind,2038,5.0,GW,"Wind, Offshore"
Global Net-zero,Canada,Offshore Wind,2039,5.0,GW,"Wind, Offshore"
Global Net-zero,Canada,Offshore Wind,2040,5.0,GW,"Wind, Offshore"
Global Net-zero,Canada,Offshore Wind,2041,5.0,GW,"Wind, Offshore"
Global Net-zero,Canada,Offshore Wind,2042,5.0,GW,"Wind, Offshore"
Global Net-zero,Canada,Offshore Wind,2043,5.0,GW,"Wind, Offshore"
Global Net-zero,Canada,Offshore Wind,2044,5.0,GW,"Wind, Offshore"
Global Net-zero,Canada,Offshore Wind,2045,5.0,GW,"Wind, Offshore"
Global Net-zero,Canada,Offshore Wind,2046,5.0,GW,"Wind, Offshore"
Global Net-zero,Canada,Offshore Wind,2047,5.0,GW,"Wind, Offshore"
Global Net-zero,Canada,Offshore Wind,2048,5.0,GW,"Wind, Offshore"
Global Net-zero,Canada,Offshore Wind,2049,5.0,GW,"Wind, Offshore"
Global Net-zero,Canada,Offshore Wind,2050,5.0,GW,"Wind, Offshore"
Global Net-zero,Canada,Total,2020,152.84425682977,GW,"Grid, Transmission grid"
Global Net-zero,Canada,Total,2020,152.84425682977,GW,"Grid, Distribution grid"
Global Net-zero,Canada,Total,2020,152.84425682977,GW,"Grid, Transmission transformers"
Global Net-zero,Canada,Total,2020,152.84425682977,GW,"Grid, Distribution transformers"
Global Net-zero,Canada,Oil,2021,3.66085,GW,"Fossil energy, Natural gas"
Global Net-zero,Canada,Oil,2022,3.66085,GW,"Fossil energy, Natural gas"
Global Net-zero,Canada,Oil,2023,3.66085,GW,"Fossil energy, Natural gas"
Global Net-zero,Canada,Oil,2024,3.66485,GW,"Fossil energy, Natural gas"
Global Net-zero,Canada,Oil,2025,3.6748499999999997,GW,"Fossil energy, Natural gas"
Global Net-zero,Canada,Oil,2026,3.55085,GW,"Fossil energy, Natural gas"
Global Net-zero,Canada,Oil,2027,3.51885,GW,"Fossil energy, Natural gas"
Global Net-zero,Canada,Oil,2028,3.51885,GW,"Fossil energy, Natural gas"
Global Net-zero,Canada,Oil,2029,3.51885,GW,"Fossil energy, Natural gas"
Global Net-zero,Canada,Oil,2030,3.49305,GW,"Fossil energy, Natural gas"
Global Net-zero,Canada,Oil,2031,3.00605,GW,"Fossil energy, Natural gas"
Global Net-zero,Canada,Oil,2032,2.99005,GW,"Fossil energy, Natural gas"
Global Net-zero,Canada,Oil,2033,2.99005,GW,"Fossil energy, Natural gas"
Global Net-zero,Canada,Oil,2034,2.99005,GW,"Fossil energy, Natural gas"
Global Net-zero,Canada,Oil,2035,2.99005,GW,"Fossil energy, Natural gas"
Global Net-zero,Canada,Oil,2036,1.8650499999999999,GW,"Fossil energy, Natural gas"
Global Net-zero,Canada,Oil,2037,1.8650499999999999,GW,"Fossil energy, Natural gas"
Global Net-zero,Canada,Oil,2038,1.8650499999999999,GW,"Fossil energy, Natural gas"
Global Net-zero,Canada,Oil,2039,1.8650499999999999,GW,"Fossil energy, Natural gas"
Global Net-zero,Canada,Oil,2040,1.8650499999999999,GW,"Fossil energy, Natural gas"
Global Net-zero,Canada,Oil,2041,1.81005,GW,"Fossil energy, Natural gas"
Global Net-zero,Canada,Oil,2042,1.81005,GW,"Fossil energy, Natural gas"
Global Net-zero,Canada,Oil,2043,1.81005,GW,"Fossil energy, Natural gas"
Global Net-zero,Canada,Oil,2044,1.81005,GW,"Fossil energy, Natural gas"
Global Net-zero,Canada,Oil,2045,1.81005,GW,"Fossil energy, Natural gas"
Global Net-zero,Canada,Oil,2046,1.81005,GW,"Fossil energy, Natural gas"
Global Net-zero,Canada,Oil,2047,1.81005,GW,"Fossil energy, Natural gas"
Global Net-zero,Canada,Oil,2048,1.81005,GW,"Fossil energy, Natural gas"
Global Net-zero,Canada,Oil,2049,1.81005,GW,"Fossil energy, Natural gas"
Global Net-zero,Canada,Oil,2050,1.81005,GW,"Fossil energy, Natural gas"
Canada Net-zero,Canada,Uranium,2020,14.805,GW,"Nuclear, Nuclear Aggregated"
Global Net-zero,Canada,Onshore Wind,2021,13.88131,GW,"Wind, Onshore"
Global Net-zero,Canada,Onshore Wind,2022,15.24031,GW,"Wind, Onshore"
Global Net-zero,Canada,Onshore Wind,2023,16.14031,GW,"Wind, Onshore"
Global Net-zero,Canada,Onshore Wind,2024,17.80931,GW,"Wind, Onshore"
Global Net-zero,Canada,Onshore Wind,2025,18.24081,GW,"Wind, Onshore"
Global Net-zero,Canada,Onshore Wind,2026,19.23081,GW,"Wind, Onshore"
Global Net-zero,Canada,Onshore Wind,2027,20.22181,GW,"Wind, Onshore"
Global Net-zero,Canada,Onshore Wind,2028,21.222810000000003,GW,"Wind, Onshore"
Global Net-zero,Canada,Onshore Wind,2029,22.21181,GW,"Wind, Onshore"
Global Net-zero,Canada,Onshore Wind,2030,23.21224,GW,"Wind, Onshore"
Global Net-zero,Canada,Onshore Wind,2031,27.696240000000003,GW,"Wind, Onshore"
Global Net-zero,Canada,Onshore Wind,2032,32.16324,GW,"Wind, Onshore"
Global Net-zero,Canada,Onshore Wind,2033,36.68324,GW,"Wind, Onshore"
Global Net-zero,Canada,Onshore Wind,2034,41.17324,GW,"Wind, Onshore"
Global Net-zero,Canada,Onshore Wind,2035,45.7067,GW,"Wind, Onshore"
Global Net-zero,Canada,Onshore Wind,2036,47.4967,GW,"Wind, Onshore"
Global Net-zero,Canada,Onshore Wind,2037,49.1667,GW,"Wind, Onshore"
Global Net-zero,Canada,Onshore Wind,2038,51.0667,GW,"Wind, Onshore"
Global Net-zero,Canada,Onshore Wind,2039,52.7467,GW,"Wind, Onshore"
Global Net-zero,Canada,Onshore Wind,2040,54.571,GW,"Wind, Onshore"
Global Net-zero,Canada,Onshore Wind,2041,58.711,GW,"Wind, Onshore"
Global Net-zero,Canada,Onshore Wind,2042,62.941,GW,"Wind, Onshore"
Global Net-zero,Canada,Onshore Wind,2043,67.181,GW,"Wind, Onshore"
Global Net-zero,Canada,Onshore Wind,2044,71.411,GW,"Wind, Onshore"
Global Net-zero,Canada,Onshore Wind,2045,75.58760000000001,GW,"Wind, Onshore"
Global Net-zero,Canada,Onshore Wind,2046,78.67460000000001,GW,"Wind, Onshore"
Global Net-zero,Canada,Onshore Wind,2047,81.67060000000001,GW,"Wind, Onshore"
Global Net-zero,Canada,Onshore Wind,2048,84.6576,GW,"Wind, Onshore"
Global Net-zero,Canada,Onshore Wind,2049,87.7446,GW,"Wind, Onshore"
Global Net-zero,Canada,Onshore Wind,2050,90.7676,GW,"Wind, Onshore"
Current Measures,Canada,Uranium,2020,14.805,GW,"Nuclear, Nuclear Aggregated"
Global Net-zero,Canada,Solar (Distributed),2021,2.420077124844,GW,"Solar PV, Aggregated"
Global Net-zero,Canada,Solar (Distributed),2022,2.482693419916,GW,"Solar PV, Aggregated"
Global Net-zero,Canada,Solar (Distributed),2023,2.61030971499,GW,"Solar PV, Aggregated"
Global Net-zero,Canada,Solar (Distributed),2024,2.755783152964,GW,"Solar PV, Aggregated"
Global Net-zero,Canada,Solar (Distributed),2025,2.9570899241379998,GW,"Solar PV, Aggregated"
Global Net-zero,Canada,Solar (Distributed),2026,3.204429568662,GW,"Solar PV, Aggregated"
Global Net-zero,Canada,Solar (Distributed),2027,3.451769213987,GW,"Solar PV, Aggregated"
Global Net-zero,Canada,Solar (Distributed),2028,3.69910885941299,GW,"Solar PV, Aggregated"
Global Net-zero,Canada,Solar (Distributed),2029,3.94644850483599,GW,"Solar PV, Aggregated"
Global Net-zero,Canada,Solar (Distributed),2030,4.193788150262001,GW,"Solar PV, Aggregated"
Global Net-zero,Canada,Solar (Distributed),2031,4.4595196725,GW,"Solar PV, Aggregated"
Global Net-zero,Canada,Solar (Distributed),2032,4.72525119574,GW,"Solar PV, Aggregated"
Global Net-zero,Canada,Solar (Distributed),2033,4.990982717978,GW,"Solar PV, Aggregated"
Global Net-zero,Canada,Solar (Distributed),2034,5.256714240216,GW,"Solar PV, Aggregated"
Global Net-zero,Canada,Solar (Distributed),2035,5.522445763456,GW,"Solar PV, Aggregated"
Global Net-zero,Canada,Solar (Distributed),2036,5.788177285494,GW,"Solar PV, Aggregated"
Global Net-zero,Canada,Solar (Distributed),2037,6.053908808031999,GW,"Solar PV, Aggregated"
Global Net-zero,Canada,Solar (Distributed),2038,6.3196403305699995,GW,"Solar PV, Aggregated"
Global Net-zero,Canada,Solar (Distributed),2039,6.585371853110001,GW,"Solar PV, Aggregated"
Global Net-zero,Canada,Solar (Distributed),2040,6.851103375648,GW,"Solar PV, Aggregated"
Global Net-zero,Canada,Solar (Distributed),2041,6.986759175773,GW,"Solar PV, Aggregated"
Global Net-zero,Canada,Solar (Distributed),2042,7.122414976787001,GW,"Solar PV, Aggregated"
Global Net-zero,Canada,Solar (Distributed),2043,7.2580707769210004,GW,"Solar PV, Aggregated"
Global Net-zero,Canada,Solar (Distributed),2044,7.3937265770459994,GW,"Solar PV, Aggregated"
Global Net-zero,Canada,Solar (Distributed),2045,7.529382379171,GW,"Solar PV, Aggregated"
Global Net-zero,Canada,Solar (Distributed),2046,7.665038179174999,GW,"Solar PV, Aggregated"
Global Net-zero,Canada,Solar (Distributed),2047,7.8006939793,GW,"Solar PV, Aggregated"
Global Net-zero,Canada,Solar (Distributed),2048,7.936349779434,GW,"Solar PV, Aggregated"
Global Net-zero,Canada,Solar (Distributed),2049,8.072005580448,GW,"Solar PV, Aggregated"
Global Net-zero,Canada,Solar (Distributed),2050,8.207661380572999,GW,"Solar PV, Aggregated"
Global Net-zero,Canada,Uranium,2020,14.805,GW,"Nuclear, Nuclear Aggregated"
Global Net-zero,Canada,Solar (Utility scale),2021,3.3509360000000004,GW,"Solar CSP, Aggregated"
Global Net-zero,Canada,Solar (Utility scale),2022,3.994936,GW,"Solar CSP, Aggregated"
Global Net-zero,Canada,Solar (Utility scale),2023,4.225936,GW,"Solar CSP, Aggregated"
Global Net-zero,Canada,Solar (Utility scale),2024,4.225936,GW,"Solar CSP, Aggregated"
Global Net-zero,Canada,Solar (Utility scale),2025,4.348967,GW,"Solar CSP, Aggregated"
Global Net-zero,Canada,Solar (Utility scale),2026,4.529967,GW,"Solar CSP, Aggregated"
Global Net-zero,Canada,Solar (Utility scale),2027,4.709967,GW,"Solar CSP, Aggregated"
Global Net-zero,Canada,Solar (Utility scale),2028,4.8899669999999995,GW,"Solar CSP, Aggregated"
Global Net-zero,Canada,Solar (Utility scale),2029,5.070967,GW,"Solar CSP, Aggregated"
Global Net-zero,Canada,Solar (Utility scale),2030,5.302267,GW,"Solar CSP, Aggregated"
Global Net-zero,Canada,Solar (Utility scale),2031,8.126305,GW,"Solar CSP, Aggregated"
Global Net-zero,Canada,Solar (Utility scale),2032,10.947305,GW,"Solar CSP, Aggregated"
Global Net-zero,Canada,Solar (Utility scale),2033,13.777004999999999,GW,"Solar CSP, Aggregated"
Global Net-zero,Canada,Solar (Utility scale),2034,16.597805,GW,"Solar CSP, Aggregated"
Global Net-zero,Canada,Solar (Utility scale),2035,19.523335,GW,"Solar CSP, Aggregated"
Global Net-zero,Canada,Solar (Utility scale),2036,19.633335,GW,"Solar CSP, Aggregated"
Global Net-zero,Canada,Solar (Utility scale),2037,19.743335,GW,"Solar CSP, Aggregated"
Global Net-zero,Canada,Solar (Utility scale),2038,19.853334999999998,GW,"Solar CSP, Aggregated"
Global Net-zero,Canada,Solar (Utility scale),2039,19.963335,GW,"Solar CSP, Aggregated"
Global Net-zero,Canada,Solar (Utility scale),2040,20.094015,GW,"Solar CSP, Aggregated"
Global Net-zero,Canada,Solar (Utility scale),2041,21.485015,GW,"Solar CSP, Aggregated"
Global Net-zero,Canada,Solar (Utility scale),2042,22.876015,GW,"Solar CSP, Aggregated"
Global Net-zero,Canada,Solar (Utility scale),2043,24.257015,GW,"Solar CSP, Aggregated"
Global Net-zero,Canada,Solar (Utility scale),2044,25.648015,GW,"Solar CSP, Aggregated"
Global Net-zero,Canada,Solar (Utility scale),2045,26.977215,GW,"Solar CSP, Aggregated"
Global Net-zero,Canada,Solar (Utility scale),2046,27.312615,GW,"Solar CSP, Aggregated"
Global Net-zero,Canada,Solar (Utility scale),2047,27.657115,GW,"Solar CSP, Aggregated"
Global Net-zero,Canada,Solar (Utility scale),2048,28.002915,GW,"Solar CSP, Aggregated"
Global Net-zero,Canada,Solar (Utility scale),2049,28.337915000000002,GW,"Solar CSP, Aggregated"
Global Net-zero,Canada,Solar (Utility scale),2050,28.592015,GW,"Solar CSP, Aggregated"
Canada Net-zero,Canada,Uranium SMR,2020,0.0,GW,"Nuclear, Nuclear Boiling water power plant"
Canada Net-zero,Canada,Uranium SMR,2020,0.0,GW,"Nuclear, HTGR"
Global Net-zero,Canada,Total,2021,152.06987312484398,GW,"Grid, Transmission grid"
Global Net-zero,Canada,Total,2021,152.06987312484398,GW,"Grid, Distribution grid"
Global Net-zero,Canada,Total,2021,152.06987312484398,GW,"Grid, Transmission transformers"
Global Net-zero,Canada,Total,2021,152.06987312484398,GW,"Grid, Distribution transformers"
Global Net-zero,Canada,Total,2022,153.085489419916,GW,"Grid, Transmission grid"
Global Net-zero,Canada,Total,2022,153.085489419916,GW,"Grid, Distribution grid"
Global Net-zero,Canada,Total,2022,153.085489419916,GW,"Grid, Transmission transformers"
Global Net-zero,Canada,Total,2022,153.085489419916,GW,"Grid, Distribution transformers"
Global Net-zero,Canada,Total,2023,154.82410571499,GW,"Grid, Transmission grid"
Global Net-zero,Canada,Total,2023,154.82410571499,GW,"Grid, Distribution grid"
Global Net-zero,Canada,Total,2023,154.82410571499,GW,"Grid, Transmission transformers"
Global Net-zero,Canada,Total,2023,154.82410571499,GW,"Grid, Distribution transformers"
Global Net-zero,Canada,Total,2024,156.137079152964,GW,"Grid, Transmission grid"
Global Net-zero,Canada,Total,2024,156.137079152964,GW,"Grid, Distribution grid"
Global Net-zero,Canada,Total,2024,156.137079152964,GW,"Grid, Transmission transformers"
Global Net-zero,Canada,Total,2024,156.137079152964,GW,"Grid, Distribution transformers"
Global Net-zero,Canada,Total,2025,163.43511692413801,GW,"Grid, Transmission grid"
Global Net-zero,Canada,Total,2025,163.43511692413801,GW,"Grid, Distribution grid"
Global Net-zero,Canada,Total,2025,163.43511692413801,GW,"Grid, Transmission transformers"
Global Net-zero,Canada,Total,2025,163.43511692413801,GW,"Grid, Distribution transformers"
Global Net-zero,Canada,Total,2026,166.571456568662,GW,"Grid, Transmission grid"
Global Net-zero,Canada,Total,2026,166.571456568662,GW,"Grid, Distribution grid"
Global Net-zero,Canada,Total,2026,166.571456568662,GW,"Grid, Transmission transformers"
Global Net-zero,Canada,Total,2026,166.571456568662,GW,"Grid, Distribution transformers"
Global Net-zero,Canada,Total,2027,170.058796213987,GW,"Grid, Transmission grid"
Global Net-zero,Canada,Total,2027,170.058796213987,GW,"Grid, Distribution grid"
Global Net-zero,Canada,Total,2027,170.058796213987,GW,"Grid, Transmission transformers"
Global Net-zero,Canada,Total,2027,170.058796213987,GW,"Grid, Distribution transformers"
Global Net-zero,Canada,Total,2028,173.998135859412,GW,"Grid, Transmission grid"
Global Net-zero,Canada,Total,2028,173.998135859412,GW,"Grid, Distribution grid"
Global Net-zero,Canada,Total,2028,173.998135859412,GW,"Grid, Transmission transformers"
Global Net-zero,Canada,Total,2028,173.998135859412,GW,"Grid, Distribution transformers"
Global Net-zero,Canada,Total,2029,177.43497550483602,GW,"Grid, Transmission grid"
Global Net-zero,Canada,Total,2029,177.43497550483602,GW,"Grid, Distribution grid"
Global Net-zero,Canada,Total,2029,177.43497550483602,GW,"Grid, Transmission transformers"
Global Net-zero,Canada,Total,2029,177.43497550483602,GW,"Grid, Distribution transformers"
Global Net-zero,Canada,Total,2030,183.838245150262,GW,"Grid, Transmission grid"
Global Net-zero,Canada,Total,2030,183.838245150262,GW,"Grid, Distribution grid"
Global Net-zero,Canada,Total,2030,183.838245150262,GW,"Grid, Transmission transformers"
Global Net-zero,Canada,Total,2030,183.838245150262,GW,"Grid, Distribution transformers"
Global Net-zero,Canada,Total,2031,193.7435146725,GW,"Grid, Transmission grid"
Global Net-zero,Canada,Total,2031,193.7435146725,GW,"Grid, Distribution grid"
Global Net-zero,Canada,Total,2031,193.7435146725,GW,"Grid, Transmission transformers"
Global Net-zero,Canada,Total,2031,193.7435146725,GW,"Grid, Distribution transformers"
Global Net-zero,Canada,Total,2032,206.02254619574,GW,"Grid, Transmission grid"
Global Net-zero,Canada,Total,2032,206.02254619574,GW,"Grid, Distribution grid"
Global Net-zero,Canada,Total,2032,206.02254619574,GW,"Grid, Transmission transformers"
Global Net-zero,Canada,Total,2032,206.02254619574,GW,"Grid, Distribution transformers"
Global Net-zero,Canada,Total,2033,217.824577717977,GW,"Grid, Transmission grid"
Global Net-zero,Canada,Total,2033,217.824577717977,GW,"Grid, Distribution grid"
Global Net-zero,Canada,Total,2033,217.824577717977,GW,"Grid, Transmission transformers"
Global Net-zero,Canada,Total,2033,217.824577717977,GW,"Grid, Distribution transformers"
Global Net-zero,Canada,Total,2034,230.28460924021599,GW,"Grid, Transmission grid"
Global Net-zero,Canada,Total,2034,230.28460924021599,GW,"Grid, Distribution grid"
Global Net-zero,Canada,Total,2034,230.28460924021599,GW,"Grid, Transmission transformers"
Global Net-zero,Canada,Total,2034,230.28460924021599,GW,"Grid, Distribution transformers"
Global Net-zero,Canada,Total,2035,234.301930763455,GW,"Grid, Transmission grid"
Global Net-zero,Canada,Total,2035,234.301930763455,GW,"Grid, Distribution grid"
Global Net-zero,Canada,Total,2035,234.301930763455,GW,"Grid, Transmission transformers"
Global Net-zero,Canada,Total,2035,234.301930763455,GW,"Grid, Distribution transformers"
Global Net-zero,Canada,Total,2036,238.921462285494,GW,"Grid, Transmission grid"
Global Net-zero,Canada,Total,2036,238.921462285494,GW,"Grid, Distribution grid"
Global Net-zero,Canada,Total,2036,238.921462285494,GW,"Grid, Transmission transformers"
Global Net-zero,Canada,Total,2036,238.921462285494,GW,"Grid, Distribution transformers"
Global Net-zero,Canada,Total,2037,244.395193808032,GW,"Grid, Transmission grid"
Global Net-zero,Canada,Total,2037,244.395193808032,GW,"Grid, Distribution grid"
Global Net-zero,Canada,Total,2037,244.395193808032,GW,"Grid, Transmission transformers"
Global Net-zero,Canada,Total,2037,244.395193808032,GW,"Grid, Distribution transformers"
Global Net-zero,Canada,Total,2038,249.27902533057,GW,"Grid, Transmission grid"
Global Net-zero,Canada,Total,2038,249.27902533057,GW,"Grid, Distribution grid"
Global Net-zero,Canada,Total,2038,249.27902533057,GW,"Grid, Transmission transformers"
Global Net-zero,Canada,Total,2038,249.27902533057,GW,"Grid, Distribution transformers"
Global Net-zero,Canada,Total,2039,254.80555685311,GW,"Grid, Transmission grid"
Global Net-zero,Canada,Total,2039,254.80555685311,GW,"Grid, Distribution grid"
Global Net-zero,Canada,Total,2039,254.80555685311,GW,"Grid, Transmission transformers"
Global Net-zero,Canada,Total,2039,254.80555685311,GW,"Grid, Distribution transformers"
Global Net-zero,Canada,Total,2040,259.469668375648,GW,"Grid, Transmission grid"
Global Net-zero,Canada,Total,2040,259.469668375648,GW,"Grid, Distribution grid"
Global Net-zero,Canada,Total,2040,259.469668375648,GW,"Grid, Transmission transformers"
Global Net-zero,Canada,Total,2040,259.469668375648,GW,"Grid, Distribution transformers"
Global Net-zero,Canada,Total,2041,267.632924175773,GW,"Grid, Transmission grid"
Global Net-zero,Canada,Total,2041,267.632924175773,GW,"Grid, Distribution grid"
Global Net-zero,Canada,Total,2041,267.632924175773,GW,"Grid, Transmission transformers"
Global Net-zero,Canada,Total,2041,267.632924175773,GW,"Grid, Distribution transformers"
Global Net-zero,Canada,Total,2042,275.303579976787,GW,"Grid, Transmission grid"
Global Net-zero,Canada,Total,2042,275.303579976787,GW,"Grid, Distribution grid"
Global Net-zero,Canada,Total,2042,275.303579976787,GW,"Grid, Transmission transformers"
Global Net-zero,Canada,Total,2042,275.303579976787,GW,"Grid, Distribution transformers"
Global Net-zero,Canada,Total,2043,283.86223577692095,GW,"Grid, Transmission grid"
Global Net-zero,Canada,Total,2043,283.86223577692095,GW,"Grid, Distribution grid"
Global Net-zero,Canada,Total,2043,283.86223577692095,GW,"Grid, Transmission transformers"
Global Net-zero,Canada,Total,2043,283.86223577692095,GW,"Grid, Distribution transformers"
Global Net-zero,Canada,Total,2044,293.089891577046,GW,"Grid, Transmission grid"
Global Net-zero,Canada,Total,2044,293.089891577046,GW,"Grid, Distribution grid"
Global Net-zero,Canada,Total,2044,293.089891577046,GW,"Grid, Transmission transformers"
Global Net-zero,Canada,Total,2044,293.089891577046,GW,"Grid, Distribution transformers"
Global Net-zero,Canada,Total,2045,301.423247379171,GW,"Grid, Transmission grid"
Global Net-zero,Canada,Total,2045,301.423247379171,GW,"Grid, Distribution grid"
Global Net-zero,Canada,Total,2045,301.423247379171,GW,"Grid, Transmission transformers"
Global Net-zero,Canada,Total,2045,301.423247379171,GW,"Grid, Distribution transformers"
Global Net-zero,Canada,Total,2046,307.100303179175,GW,"Grid, Transmission grid"
Global Net-zero,Canada,Total,2046,307.100303179175,GW,"Grid, Distribution grid"
Global Net-zero,Canada,Total,2046,307.100303179175,GW,"Grid, Transmission transformers"
Global Net-zero,Canada,Total,2046,307.100303179175,GW,"Grid, Distribution transformers"
Global Net-zero,Canada,Total,2047,313.6634589793,GW,"Grid, Transmission grid"
Global Net-zero,Canada,Total,2047,313.6634589793,GW,"Grid, Distribution grid"
Global Net-zero,Canada,Total,2047,313.6634589793,GW,"Grid, Transmission transformers"
Global Net-zero,Canada,Total,2047,313.6634589793,GW,"Grid, Distribution transformers"
Global Net-zero,Canada,Total,2048,319.420914779434,GW,"Grid, Transmission grid"
Global Net-zero,Canada,Total,2048,319.420914779434,GW,"Grid, Distribution grid"
Global Net-zero,Canada,Total,2048,319.420914779434,GW,"Grid, Transmission transformers"
Global Net-zero,Canada,Total,2048,319.420914779434,GW,"Grid, Distribution transformers"
Global Net-zero,Canada,Total,2049,326.128570580448,GW,"Grid, Transmission grid"
Global Net-zero,Canada,Total,2049,326.128570580448,GW,"Grid, Distribution grid"
Global Net-zero,Canada,Total,2049,326.128570580448,GW,"Grid, Transmission transformers"
Global Net-zero,Canada,Total,2049,326.128570580448,GW,"Grid, Distribution transformers"
Global Net-zero,Canada,Total,2050,328.360326380573,GW,"Grid, Transmission grid"
Global Net-zero,Canada,Total,2050,328.360326380573,GW,"Grid, Distribution grid"
Global Net-zero,Canada,Total,2050,328.360326380573,GW,"Grid, Transmission transformers"
Global Net-zero,Canada,Total,2050,328.360326380573,GW,"Grid, Distribution transformers"
Current Measures,Canada,Uranium SMR,2020,0.0,GW,"Nuclear, Nuclear Boiling water power plant"
Current Measures,Canada,Uranium SMR,2020,0.0,GW,"Nuclear, HTGR"
Global Net-zero,Canada,Uranium,2021,13.105,GW,"Nuclear, Nuclear Aggregated"
Global Net-zero,Canada,Uranium,2022,13.105,GW,"Nuclear, Nuclear Aggregated"
Global Net-zero,Canada,Uranium,2023,12.105,GW,"Nuclear, Nuclear Aggregated"
Global Net-zero,Canada,Uranium,2024,12.105,GW,"Nuclear, Nuclear Aggregated"
Global Net-zero,Canada,Uranium,2025,12.105,GW,"Nuclear, Nuclear Aggregated"
Global Net-zero,Canada,Uranium,2026,11.205,GW,"Nuclear, Nuclear Aggregated"
Global Net-zero,Canada,Uranium,2027,10.805,GW,"Nuclear, Nuclear Aggregated"
Global Net-zero,Canada,Uranium,2028,10.805,GW,"Nuclear, Nuclear Aggregated"
Global Net-zero,Canada,Uranium,2029,10.805,GW,"Nuclear, Nuclear Aggregated"
Global Net-zero,Canada,Uranium,2030,10.805,GW,"Nuclear, Nuclear Aggregated"
Global Net-zero,Canada,Uranium,2031,10.805,GW,"Nuclear, Nuclear Aggregated"
Global Net-zero,Canada,Uranium,2032,10.805,GW,"Nuclear, Nuclear Aggregated"
Global Net-zero,Canada,Uranium,2033,10.805,GW,"Nuclear, Nuclear Aggregated"
Global Net-zero,Canada,Uranium,2034,11.605,GW,"Nuclear, Nuclear Aggregated"
Global Net-zero,Canada,Uranium,2035,11.605,GW,"Nuclear, Nuclear Aggregated"
Global Net-zero,Canada,Uranium,2036,11.605,GW,"Nuclear, Nuclear Aggregated"
Global Net-zero,Canada,Uranium,2037,11.605,GW,"Nuclear, Nuclear Aggregated"
Global Net-zero,Canada,Uranium,2038,11.605,GW,"Nuclear, Nuclear Aggregated"
Global Net-zero,Canada,Uranium,2039,11.605,GW,"Nuclear, Nuclear Aggregated"
Global Net-zero,Canada,Uranium,2040,11.605,GW,"Nuclear, Nuclear Aggregated"
Global Net-zero,Canada,Uranium,2041,11.605,GW,"Nuclear, Nuclear Aggregated"
Global Net-zero,Canada,Uranium,2042,10.9,GW,"Nuclear, Nuclear Aggregated"
Global Net-zero,Canada,Uranium,2043,10.9,GW,"Nuclear, Nuclear Aggregated"
Global Net-zero,Canada,Uranium,2044,11.579,GW,"Nuclear, Nuclear Aggregated"
Global Net-zero,Canada,Uranium,2045,11.579,GW,"Nuclear, Nuclear Aggregated"
Global Net-zero,Canada,Uranium,2046,11.579,GW,"Nuclear, Nuclear Aggregated"
Global Net-zero,Canada,Uranium,2047,11.579,GW,"Nuclear, Nuclear Aggregated"
Global Net-zero,Canada,Uranium,2048,11.579,GW,"Nuclear, Nuclear Aggregated"
Global Net-zero,Canada,Uranium,2049,11.579,GW,"Nuclear, Nuclear Aggregated"
Global Net-zero,Canada,Uranium,2050,11.579,GW,"Nuclear, Nuclear Aggregated"
Global Net-zero,Canada,Uranium SMR,2020,0.0,GW,"Nuclear, Nuclear Boiling water power plant"
Global Net-zero,Canada,Uranium SMR,2020,0.0,GW,"Nuclear, HTGR"
Global Net-zero,Canada,Uranium SMR,2021,0.0,GW,"Nuclear, Nuclear Boiling water power plant"
Global Net-zero,Canada,Uranium SMR,2021,0.0,GW,"Nuclear, HTGR"
Global Net-zero,Canada,Uranium SMR,2022,0.0,GW,"Nuclear, Nuclear Boiling water power plant"
Global Net-zero,Canada,Uranium SMR,2022,0.0,GW,"Nuclear, HTGR"
Global Net-zero,Canada,Uranium SMR,2023,0.0,GW,"Nuclear, Nuclear Boiling water power plant"
Global Net-zero,Canada,Uranium SMR,2023,0.0,GW,"Nuclear, HTGR"
Global Net-zero,Canada,Uranium SMR,2024,0.0,GW,"Nuclear, Nuclear Boiling water power plant"
Global Net-zero,Canada,Uranium SMR,2024,0.0,GW,"Nuclear, HTGR"
Global Net-zero,Canada,Uranium SMR,2025,0.0,GW,"Nuclear, Nuclear Boiling water power plant"
Global Net-zero,Canada,Uranium SMR,2025,0.0,GW,"Nuclear, HTGR"
Global Net-zero,Canada,Uranium SMR,2026,0.0,GW,"Nuclear, Nuclear Boiling water power plant"
Global Net-zero,Canada,Uranium SMR,2026,0.0,GW,"Nuclear, HTGR"
Global Net-zero,Canada,Uranium SMR,2027,0.0,GW,"Nuclear, Nuclear Boiling water power plant"
Global Net-zero,Canada,Uranium SMR,2027,0.0,GW,"Nuclear, HTGR"
Global Net-zero,Canada,Uranium SMR,2028,0.0,GW,"Nuclear, Nuclear Boiling water power plant"
Global Net-zero,Canada,Uranium SMR,2028,0.0,GW,"Nuclear, HTGR"
Global Net-zero,Canada,Uranium SMR,2029,0.0,GW,"Nuclear, Nuclear Boiling water power plant"
Global Net-zero,Canada,Uranium SMR,2029,0.0,GW,"Nuclear, HTGR"
Global Net-zero,Canada,Uranium SMR,2030,0.24,GW,"Nuclear, Nuclear Boiling water power plant"
Global Net-zero,Canada,Uranium SMR,2030,0.06,GW,"Nuclear, HTGR"
Global Net-zero,Canada,Uranium SMR,2031,1.28648,GW,"Nuclear, Nuclear Boiling water power plant"
Global Net-zero,Canada,Uranium SMR,2031,0.32162,GW,"Nuclear, HTGR"
Global Net-zero,Canada,Uranium SMR,2032,2.34016,GW,"Nuclear, Nuclear Boiling water power plant"
Global Net-zero,Canada,Uranium SMR,2032,0.58504,GW,"Nuclear, HTGR"
Global Net-zero,Canada,Uranium SMR,2033,3.38672,GW,"Nuclear, Nuclear Boiling water power plant"
Global Net-zero,Canada,Uranium SMR,2033,0.84668,GW,"Nuclear, HTGR"
Global Net-zero,Canada,Uranium SMR,2034,4.4324,GW,"Nuclear, Nuclear Boiling water power plant"
Global Net-zero,Canada,Uranium SMR,2034,1.1081,GW,"Nuclear, HTGR"
Global Net-zero,Canada,Uranium SMR,2035,5.56376,GW,"Nuclear, Nuclear Boiling water power plant"
Global Net-zero,Canada,Uranium SMR,2035,1.39094,GW,"Nuclear, HTGR"
Global Net-zero,Canada,Uranium SMR,2036,7.404,GW,"Nuclear, Nuclear Boiling water power plant"
Global Net-zero,Canada,Uranium SMR,2036,1.851,GW,"Nuclear, HTGR"
Global Net-zero,Canada,Uranium SMR,2037,9.248800000000001,GW,"Nuclear, Nuclear Boiling water power plant"
Global Net-zero,Canada,Uranium SMR,2037,2.3122000000000003,GW,"Nuclear, HTGR"
Global Net-zero,Canada,Uranium SMR,2038,11.103200000000001,GW,"Nuclear, Nuclear Boiling water power plant"
Global Net-zero,Canada,Uranium SMR,2038,2.7758000000000003,GW,"Nuclear, HTGR"
Global Net-zero,Canada,Uranium SMR,2039,12.988,GW,"Nuclear, Nuclear Boiling water power plant"
Global Net-zero,Canada,Uranium SMR,2039,3.247,GW,"Nuclear, HTGR"
Global Net-zero,Canada,Uranium SMR,2040,14.849920000000003,GW,"Nuclear, Nuclear Boiling water power plant"
Global Net-zero,Canada,Uranium SMR,2040,3.7124800000000007,GW,"Nuclear, HTGR"
Global Net-zero,Canada,Uranium SMR,2041,15.458400000000001,GW,"Nuclear, Nuclear Boiling water power plant"
Global Net-zero,Canada,Uranium SMR,2041,3.8646000000000003,GW,"Nuclear, HTGR"
Global Net-zero,Canada,Uranium SMR,2042,16.0672,GW,"Nuclear, Nuclear Boiling water power plant"
Global Net-zero,Canada,Uranium SMR,2042,4.0168,GW,"Nuclear, HTGR"
Global Net-zero,Canada,Uranium SMR,2043,16.676,GW,"Nuclear, Nuclear Boiling water power plant"
Global Net-zero,Canada,Uranium SMR,2043,4.169,GW,"Nuclear, HTGR"
Global Net-zero,Canada,Uranium SMR,2044,17.284,GW,"Nuclear, Nuclear Boiling water power plant"
Global Net-zero,Canada,Uranium SMR,2044,4.321,GW,"Nuclear, HTGR"
Global Net-zero,Canada,Uranium SMR,2045,17.8848,GW,"Nuclear, Nuclear Boiling water power plant"
Global Net-zero,Canada,Uranium SMR,2045,4.4712,GW,"Nuclear, HTGR"
Global Net-zero,Canada,Uranium SMR,2046,18.1368,GW,"Nuclear, Nuclear Boiling water power plant"
Global Net-zero,Canada,Uranium SMR,2046,4.5342,GW,"Nuclear, HTGR"
Global Net-zero,Canada,Uranium SMR,2047,18.3968,GW,"Nuclear, Nuclear Boiling water power plant"
Global Net-zero,Canada,Uranium SMR,2047,4.5992,GW,"Nuclear, HTGR"
Global Net-zero,Canada,Uranium SMR,2048,18.648799999999998,GW,"Nuclear, Nuclear Boiling water power plant"
Global Net-zero,Canada,Uranium SMR,2048,4.6621999999999995,GW,"Nuclear, HTGR"
Global Net-zero,Canada,Uranium SMR,2049,18.901600000000002,GW,"Nuclear, Nuclear Boiling water power plant"
Global Net-zero,Canada,Uranium SMR,2049,4.7254000000000005,GW,"Nuclear, HTGR"
Global Net-zero,Canada,Uranium SMR,2050,19.1832,GW,"Nuclear, Nuclear Boiling water power plant"
Global Net-zero,Canada,Uranium SMR,2050,4.7958,GW,"Nuclear, HTGR"
