"Scenario","Region","Variable","Year","Value"
"Canada Net-zero","Alberta","Battery Storage",2020,45
"Canada Net-zero","Alberta","Battery Storage",2021,45
"Canada Net-zero","Alberta","Battery Storage",2022,90
"Canada Net-zero","Alberta","Battery Storage",2023,90
"Canada Net-zero","Alberta","Battery Storage",2024,90
"Canada Net-zero","Alberta","Battery Storage",2025,90
"Canada Net-zero","Alberta","Battery Storage",2026,90
"Canada Net-zero","Alberta","Battery Storage",2027,90
"Canada Net-zero","Alberta","Battery Storage",2028,90
"Canada Net-zero","Alberta","Battery Storage",2029,90
"Canada Net-zero","Alberta","Battery Storage",2030,90
"Canada Net-zero","Alberta","Battery Storage",2031,90
"Canada Net-zero","Alberta","Battery Storage",2032,90
"Canada Net-zero","Alberta","Battery Storage",2033,90
"Canada Net-zero","Alberta","Battery Storage",2034,90
"Canada Net-zero","Alberta","Battery Storage",2035,90
"Canada Net-zero","Alberta","Battery Storage",2036,90
"Canada Net-zero","Alberta","Battery Storage",2037,90
"Canada Net-zero","Alberta","Battery Storage",2038,90
"Canada Net-zero","Alberta","Battery Storage",2039,90
"Canada Net-zero","Alberta","Battery Storage",2040,45
"Canada Net-zero","Alberta","Battery Storage",2041,45
"Canada Net-zero","Alberta","Battery Storage",2042,200
"Canada Net-zero","Alberta","Battery Storage",2043,200
"Canada Net-zero","Alberta","Battery Storage",2044,200
"Canada Net-zero","Alberta","Battery Storage",2045,200
"Canada Net-zero","Alberta","Battery Storage",2046,980
"Canada Net-zero","Alberta","Battery Storage",2047,2000
"Canada Net-zero","Alberta","Battery Storage",2048,2900
"Canada Net-zero","Alberta","Battery Storage",2049,2900
"Canada Net-zero","Alberta","Battery Storage",2050,2900
"Canada Net-zero","Alberta","Bioenergy",2020,286
"Canada Net-zero","Alberta","Bioenergy",2021,286
"Canada Net-zero","Alberta","Bioenergy",2022,286
"Canada Net-zero","Alberta","Bioenergy",2023,286
"Canada Net-zero","Alberta","Bioenergy",2024,286
"Canada Net-zero","Alberta","Bioenergy",2025,286
"Canada Net-zero","Alberta","Bioenergy",2026,286
"Canada Net-zero","Alberta","Bioenergy",2027,286
"Canada Net-zero","Alberta","Bioenergy",2028,286
"Canada Net-zero","Alberta","Bioenergy",2029,286
"Canada Net-zero","Alberta","Bioenergy",2030,286
"Canada Net-zero","Alberta","Bioenergy",2031,286
"Canada Net-zero","Alberta","Bioenergy",2032,286
"Canada Net-zero","Alberta","Bioenergy",2033,286
"Canada Net-zero","Alberta","Bioenergy",2034,286
"Canada Net-zero","Alberta","Bioenergy",2035,286
"Canada Net-zero","Alberta","Bioenergy",2036,286
"Canada Net-zero","Alberta","Bioenergy",2037,286
"Canada Net-zero","Alberta","Bioenergy",2038,286
"Canada Net-zero","Alberta","Bioenergy",2039,286
"Canada Net-zero","Alberta","Bioenergy",2040,286
"Canada Net-zero","Alberta","Bioenergy",2041,286
"Canada Net-zero","Alberta","Bioenergy",2042,286
"Canada Net-zero","Alberta","Bioenergy",2043,286
"Canada Net-zero","Alberta","Bioenergy",2044,286
"Canada Net-zero","Alberta","Bioenergy",2045,286
"Canada Net-zero","Alberta","Bioenergy",2046,286
"Canada Net-zero","Alberta","Bioenergy",2047,286
"Canada Net-zero","Alberta","Bioenergy",2048,286
"Canada Net-zero","Alberta","Bioenergy",2049,286
"Canada Net-zero","Alberta","Bioenergy",2050,286
"Canada Net-zero","Alberta","Bioenergy with CCUS",2020,0
"Canada Net-zero","Alberta","Bioenergy with CCUS",2021,0
"Canada Net-zero","Alberta","Bioenergy with CCUS",2022,0
"Canada Net-zero","Alberta","Bioenergy with CCUS",2023,0
"Canada Net-zero","Alberta","Bioenergy with CCUS",2024,0
"Canada Net-zero","Alberta","Bioenergy with CCUS",2025,0
"Canada Net-zero","Alberta","Bioenergy with CCUS",2026,0
"Canada Net-zero","Alberta","Bioenergy with CCUS",2027,0
"Canada Net-zero","Alberta","Bioenergy with CCUS",2028,0
"Canada Net-zero","Alberta","Bioenergy with CCUS",2029,0
"Canada Net-zero","Alberta","Bioenergy with CCUS",2030,0
"Canada Net-zero","Alberta","Bioenergy with CCUS",2031,146
"Canada Net-zero","Alberta","Bioenergy with CCUS",2032,291
"Canada Net-zero","Alberta","Bioenergy with CCUS",2033,437
"Canada Net-zero","Alberta","Bioenergy with CCUS",2034,582
"Canada Net-zero","Alberta","Bioenergy with CCUS",2035,728
"Canada Net-zero","Alberta","Bioenergy with CCUS",2036,872
"Canada Net-zero","Alberta","Bioenergy with CCUS",2037,1020
"Canada Net-zero","Alberta","Bioenergy with CCUS",2038,1160
"Canada Net-zero","Alberta","Bioenergy with CCUS",2039,1310
"Canada Net-zero","Alberta","Bioenergy with CCUS",2040,1450
"Canada Net-zero","Alberta","Bioenergy with CCUS",2041,1620
"Canada Net-zero","Alberta","Bioenergy with CCUS",2042,1780
"Canada Net-zero","Alberta","Bioenergy with CCUS",2043,1950
"Canada Net-zero","Alberta","Bioenergy with CCUS",2044,2120
"Canada Net-zero","Alberta","Bioenergy with CCUS",2045,2280
"Canada Net-zero","Alberta","Bioenergy with CCUS",2046,2470
"Canada Net-zero","Alberta","Bioenergy with CCUS",2047,2660
"Canada Net-zero","Alberta","Bioenergy with CCUS",2048,2850
"Canada Net-zero","Alberta","Bioenergy with CCUS",2049,3040
"Canada Net-zero","Alberta","Bioenergy with CCUS",2050,3230
"Canada Net-zero","Alberta","Coal and Coke",2020,4720
"Canada Net-zero","Alberta","Coal and Coke",2021,3340
"Canada Net-zero","Alberta","Coal and Coke",2022,1640
"Canada Net-zero","Alberta","Coal and Coke",2023,830
"Canada Net-zero","Alberta","Coal and Coke",2024,0
"Canada Net-zero","Alberta","Coal and Coke",2025,0
"Canada Net-zero","Alberta","Coal and Coke",2026,0
"Canada Net-zero","Alberta","Coal and Coke",2027,0
"Canada Net-zero","Alberta","Coal and Coke",2028,0
"Canada Net-zero","Alberta","Coal and Coke",2029,0
"Canada Net-zero","Alberta","Coal and Coke",2030,0
"Canada Net-zero","Alberta","Coal and Coke",2031,0
"Canada Net-zero","Alberta","Coal and Coke",2032,0
"Canada Net-zero","Alberta","Coal and Coke",2033,0
"Canada Net-zero","Alberta","Coal and Coke",2034,0
"Canada Net-zero","Alberta","Coal and Coke",2035,0
"Canada Net-zero","Alberta","Coal and Coke",2036,0
"Canada Net-zero","Alberta","Coal and Coke",2037,0
"Canada Net-zero","Alberta","Coal and Coke",2038,0
"Canada Net-zero","Alberta","Coal and Coke",2039,0
"Canada Net-zero","Alberta","Coal and Coke",2040,0
"Canada Net-zero","Alberta","Coal and Coke",2041,0
"Canada Net-zero","Alberta","Coal and Coke",2042,0
"Canada Net-zero","Alberta","Coal and Coke",2043,0
"Canada Net-zero","Alberta","Coal and Coke",2044,0
"Canada Net-zero","Alberta","Coal and Coke",2045,0
"Canada Net-zero","Alberta","Coal and Coke",2046,0
"Canada Net-zero","Alberta","Coal and Coke",2047,0
"Canada Net-zero","Alberta","Coal and Coke",2048,0
"Canada Net-zero","Alberta","Coal and Coke",2049,0
"Canada Net-zero","Alberta","Coal and Coke",2050,0
"Canada Net-zero","Alberta","Hydro",2020,894
"Canada Net-zero","Alberta","Hydro",2021,894
"Canada Net-zero","Alberta","Hydro",2022,894
"Canada Net-zero","Alberta","Hydro",2023,894
"Canada Net-zero","Alberta","Hydro",2024,894
"Canada Net-zero","Alberta","Hydro",2025,894
"Canada Net-zero","Alberta","Hydro",2026,894
"Canada Net-zero","Alberta","Hydro",2027,894
"Canada Net-zero","Alberta","Hydro",2028,894
"Canada Net-zero","Alberta","Hydro",2029,894
"Canada Net-zero","Alberta","Hydro",2030,894
"Canada Net-zero","Alberta","Hydro",2031,894
"Canada Net-zero","Alberta","Hydro",2032,894
"Canada Net-zero","Alberta","Hydro",2033,894
"Canada Net-zero","Alberta","Hydro",2034,894
"Canada Net-zero","Alberta","Hydro",2035,894
"Canada Net-zero","Alberta","Hydro",2036,894
"Canada Net-zero","Alberta","Hydro",2037,894
"Canada Net-zero","Alberta","Hydro",2038,894
"Canada Net-zero","Alberta","Hydro",2039,894
"Canada Net-zero","Alberta","Hydro",2040,894
"Canada Net-zero","Alberta","Hydro",2041,894
"Canada Net-zero","Alberta","Hydro",2042,894
"Canada Net-zero","Alberta","Hydro",2043,894
"Canada Net-zero","Alberta","Hydro",2044,894
"Canada Net-zero","Alberta","Hydro",2045,894
"Canada Net-zero","Alberta","Hydro",2046,894
"Canada Net-zero","Alberta","Hydro",2047,894
"Canada Net-zero","Alberta","Hydro",2048,894
"Canada Net-zero","Alberta","Hydro",2049,894
"Canada Net-zero","Alberta","Hydro",2050,894
"Canada Net-zero","Alberta","Hydrogen",2020,0
"Canada Net-zero","Alberta","Hydrogen",2021,0
"Canada Net-zero","Alberta","Hydrogen",2022,0
"Canada Net-zero","Alberta","Hydrogen",2023,0
"Canada Net-zero","Alberta","Hydrogen",2024,0
"Canada Net-zero","Alberta","Hydrogen",2025,0
"Canada Net-zero","Alberta","Hydrogen",2026,0
"Canada Net-zero","Alberta","Hydrogen",2027,0
"Canada Net-zero","Alberta","Hydrogen",2028,0
"Canada Net-zero","Alberta","Hydrogen",2029,0
"Canada Net-zero","Alberta","Hydrogen",2030,0
"Canada Net-zero","Alberta","Hydrogen",2031,0
"Canada Net-zero","Alberta","Hydrogen",2032,0
"Canada Net-zero","Alberta","Hydrogen",2033,0
"Canada Net-zero","Alberta","Hydrogen",2034,0
"Canada Net-zero","Alberta","Hydrogen",2035,0
"Canada Net-zero","Alberta","Hydrogen",2036,0
"Canada Net-zero","Alberta","Hydrogen",2037,0
"Canada Net-zero","Alberta","Hydrogen",2038,0
"Canada Net-zero","Alberta","Hydrogen",2039,0
"Canada Net-zero","Alberta","Hydrogen",2040,0
"Canada Net-zero","Alberta","Hydrogen",2041,57.4
"Canada Net-zero","Alberta","Hydrogen",2042,115
"Canada Net-zero","Alberta","Hydrogen",2043,172
"Canada Net-zero","Alberta","Hydrogen",2044,230
"Canada Net-zero","Alberta","Hydrogen",2045,287
"Canada Net-zero","Alberta","Hydrogen",2046,653
"Canada Net-zero","Alberta","Hydrogen",2047,1020
"Canada Net-zero","Alberta","Hydrogen",2048,1380
"Canada Net-zero","Alberta","Hydrogen",2049,1750
"Canada Net-zero","Alberta","Hydrogen",2050,2120
"Canada Net-zero","Alberta","Natural Gas",2020,9570
"Canada Net-zero","Alberta","Natural Gas",2021,9670
"Canada Net-zero","Alberta","Natural Gas",2022,9870
"Canada Net-zero","Alberta","Natural Gas",2023,12300
"Canada Net-zero","Alberta","Natural Gas",2024,12300
"Canada Net-zero","Alberta","Natural Gas",2025,14300
"Canada Net-zero","Alberta","Natural Gas",2026,14500
"Canada Net-zero","Alberta","Natural Gas",2027,14600
"Canada Net-zero","Alberta","Natural Gas",2028,14700
"Canada Net-zero","Alberta","Natural Gas",2029,14900
"Canada Net-zero","Alberta","Natural Gas",2030,14000
"Canada Net-zero","Alberta","Natural Gas",2031,14000
"Canada Net-zero","Alberta","Natural Gas",2032,13900
"Canada Net-zero","Alberta","Natural Gas",2033,13500
"Canada Net-zero","Alberta","Natural Gas",2034,12500
"Canada Net-zero","Alberta","Natural Gas",2035,8660
"Canada Net-zero","Alberta","Natural Gas",2036,7670
"Canada Net-zero","Alberta","Natural Gas",2037,7250
"Canada Net-zero","Alberta","Natural Gas",2038,6180
"Canada Net-zero","Alberta","Natural Gas",2039,6100
"Canada Net-zero","Alberta","Natural Gas",2040,4540
"Canada Net-zero","Alberta","Natural Gas",2041,4400
"Canada Net-zero","Alberta","Natural Gas",2042,4260
"Canada Net-zero","Alberta","Natural Gas",2043,4260
"Canada Net-zero","Alberta","Natural Gas",2044,4130
"Canada Net-zero","Alberta","Natural Gas",2045,3930
"Canada Net-zero","Alberta","Natural Gas",2046,3790
"Canada Net-zero","Alberta","Natural Gas",2047,3740
"Canada Net-zero","Alberta","Natural Gas",2048,3710
"Canada Net-zero","Alberta","Natural Gas",2049,3700
"Canada Net-zero","Alberta","Natural Gas",2050,3660
"Canada Net-zero","Alberta","Natural Gas with CCUS",2020,0
"Canada Net-zero","Alberta","Natural Gas with CCUS",2021,0
"Canada Net-zero","Alberta","Natural Gas with CCUS",2022,0
"Canada Net-zero","Alberta","Natural Gas with CCUS",2023,0
"Canada Net-zero","Alberta","Natural Gas with CCUS",2024,0
"Canada Net-zero","Alberta","Natural Gas with CCUS",2025,0
"Canada Net-zero","Alberta","Natural Gas with CCUS",2026,216
"Canada Net-zero","Alberta","Natural Gas with CCUS",2027,433
"Canada Net-zero","Alberta","Natural Gas with CCUS",2028,649
"Canada Net-zero","Alberta","Natural Gas with CCUS",2029,865
"Canada Net-zero","Alberta","Natural Gas with CCUS",2030,2090
"Canada Net-zero","Alberta","Natural Gas with CCUS",2031,2090
"Canada Net-zero","Alberta","Natural Gas with CCUS",2032,2090
"Canada Net-zero","Alberta","Natural Gas with CCUS",2033,2090
"Canada Net-zero","Alberta","Natural Gas with CCUS",2034,2090
"Canada Net-zero","Alberta","Natural Gas with CCUS",2035,4290
"Canada Net-zero","Alberta","Natural Gas with CCUS",2036,4480
"Canada Net-zero","Alberta","Natural Gas with CCUS",2037,4680
"Canada Net-zero","Alberta","Natural Gas with CCUS",2038,4870
"Canada Net-zero","Alberta","Natural Gas with CCUS",2039,5060
"Canada Net-zero","Alberta","Natural Gas with CCUS",2040,5250
"Canada Net-zero","Alberta","Natural Gas with CCUS",2041,5400
"Canada Net-zero","Alberta","Natural Gas with CCUS",2042,5550
"Canada Net-zero","Alberta","Natural Gas with CCUS",2043,5690
"Canada Net-zero","Alberta","Natural Gas with CCUS",2044,5840
"Canada Net-zero","Alberta","Natural Gas with CCUS",2045,5990
"Canada Net-zero","Alberta","Natural Gas with CCUS",2046,5990
"Canada Net-zero","Alberta","Natural Gas with CCUS",2047,5990
"Canada Net-zero","Alberta","Natural Gas with CCUS",2048,5990
"Canada Net-zero","Alberta","Natural Gas with CCUS",2049,5990
"Canada Net-zero","Alberta","Natural Gas with CCUS",2050,5990
"Canada Net-zero","Alberta","Oil",2020,7.15
"Canada Net-zero","Alberta","Oil",2021,7.15
"Canada Net-zero","Alberta","Oil",2022,7.15
"Canada Net-zero","Alberta","Oil",2023,7.15
"Canada Net-zero","Alberta","Oil",2024,7.15
"Canada Net-zero","Alberta","Oil",2025,7.15
"Canada Net-zero","Alberta","Oil",2026,7.15
"Canada Net-zero","Alberta","Oil",2027,7.15
"Canada Net-zero","Alberta","Oil",2028,7.15
"Canada Net-zero","Alberta","Oil",2029,7.15
"Canada Net-zero","Alberta","Oil",2030,7.15
"Canada Net-zero","Alberta","Oil",2031,7.15
"Canada Net-zero","Alberta","Oil",2032,7.15
"Canada Net-zero","Alberta","Oil",2033,7.15
"Canada Net-zero","Alberta","Oil",2034,7.15
"Canada Net-zero","Alberta","Oil",2035,7.15
"Canada Net-zero","Alberta","Oil",2036,7.15
"Canada Net-zero","Alberta","Oil",2037,7.15
"Canada Net-zero","Alberta","Oil",2038,7.15
"Canada Net-zero","Alberta","Oil",2039,7.15
"Canada Net-zero","Alberta","Oil",2040,7.15
"Canada Net-zero","Alberta","Oil",2041,7.15
"Canada Net-zero","Alberta","Oil",2042,7.15
"Canada Net-zero","Alberta","Oil",2043,7.15
"Canada Net-zero","Alberta","Oil",2044,7.15
"Canada Net-zero","Alberta","Oil",2045,7.15
"Canada Net-zero","Alberta","Oil",2046,7.15
"Canada Net-zero","Alberta","Oil",2047,7.15
"Canada Net-zero","Alberta","Oil",2048,7.15
"Canada Net-zero","Alberta","Oil",2049,7.15
"Canada Net-zero","Alberta","Oil",2050,7.15
"Canada Net-zero","Alberta","Onshore Wind",2020,1530
"Canada Net-zero","Alberta","Onshore Wind",2021,1530
"Canada Net-zero","Alberta","Onshore Wind",2022,2850
"Canada Net-zero","Alberta","Onshore Wind",2023,3750
"Canada Net-zero","Alberta","Onshore Wind",2024,3750
"Canada Net-zero","Alberta","Onshore Wind",2025,4500
"Canada Net-zero","Alberta","Onshore Wind",2026,4810
"Canada Net-zero","Alberta","Onshore Wind",2027,5120
"Canada Net-zero","Alberta","Onshore Wind",2028,5440
"Canada Net-zero","Alberta","Onshore Wind",2029,5750
"Canada Net-zero","Alberta","Onshore Wind",2030,6060
"Canada Net-zero","Alberta","Onshore Wind",2031,8350
"Canada Net-zero","Alberta","Onshore Wind",2032,10600
"Canada Net-zero","Alberta","Onshore Wind",2033,12900
"Canada Net-zero","Alberta","Onshore Wind",2034,15200
"Canada Net-zero","Alberta","Onshore Wind",2035,17500
"Canada Net-zero","Alberta","Onshore Wind",2036,17500
"Canada Net-zero","Alberta","Onshore Wind",2037,17500
"Canada Net-zero","Alberta","Onshore Wind",2038,17500
"Canada Net-zero","Alberta","Onshore Wind",2039,17500
"Canada Net-zero","Alberta","Onshore Wind",2040,17500
"Canada Net-zero","Alberta","Onshore Wind",2041,17600
"Canada Net-zero","Alberta","Onshore Wind",2042,17800
"Canada Net-zero","Alberta","Onshore Wind",2043,18000
"Canada Net-zero","Alberta","Onshore Wind",2044,18100
"Canada Net-zero","Alberta","Onshore Wind",2045,18300
"Canada Net-zero","Alberta","Onshore Wind",2046,18300
"Canada Net-zero","Alberta","Onshore Wind",2047,18300
"Canada Net-zero","Alberta","Onshore Wind",2048,18300
"Canada Net-zero","Alberta","Onshore Wind",2049,18400
"Canada Net-zero","Alberta","Onshore Wind",2050,18400
"Canada Net-zero","Alberta","Solar (Distributed)",2020,100
"Canada Net-zero","Alberta","Solar (Distributed)",2021,100
"Canada Net-zero","Alberta","Solar (Distributed)",2022,100
"Canada Net-zero","Alberta","Solar (Distributed)",2023,165
"Canada Net-zero","Alberta","Solar (Distributed)",2024,165
"Canada Net-zero","Alberta","Solar (Distributed)",2025,220.8333333
"Canada Net-zero","Alberta","Solar (Distributed)",2026,276.6666667
"Canada Net-zero","Alberta","Solar (Distributed)",2027,332.5
"Canada Net-zero","Alberta","Solar (Distributed)",2028,388.3333333
"Canada Net-zero","Alberta","Solar (Distributed)",2029,444.1666667
"Canada Net-zero","Alberta","Solar (Distributed)",2030,500
"Canada Net-zero","Alberta","Solar (Distributed)",2031,600
"Canada Net-zero","Alberta","Solar (Distributed)",2032,700
"Canada Net-zero","Alberta","Solar (Distributed)",2033,800
"Canada Net-zero","Alberta","Solar (Distributed)",2034,900
"Canada Net-zero","Alberta","Solar (Distributed)",2035,1000
"Canada Net-zero","Alberta","Solar (Distributed)",2036,1100
"Canada Net-zero","Alberta","Solar (Distributed)",2037,1200
"Canada Net-zero","Alberta","Solar (Distributed)",2038,1300
"Canada Net-zero","Alberta","Solar (Distributed)",2039,1400
"Canada Net-zero","Alberta","Solar (Distributed)",2040,1500
"Canada Net-zero","Alberta","Solar (Distributed)",2041,1550
"Canada Net-zero","Alberta","Solar (Distributed)",2042,1600
"Canada Net-zero","Alberta","Solar (Distributed)",2043,1650
"Canada Net-zero","Alberta","Solar (Distributed)",2044,1700
"Canada Net-zero","Alberta","Solar (Distributed)",2045,1750
"Canada Net-zero","Alberta","Solar (Distributed)",2046,1800
"Canada Net-zero","Alberta","Solar (Distributed)",2047,1850
"Canada Net-zero","Alberta","Solar (Distributed)",2048,1900
"Canada Net-zero","Alberta","Solar (Distributed)",2049,1950
"Canada Net-zero","Alberta","Solar (Distributed)",2050,2000
"Canada Net-zero","Alberta","Solar (Utility scale)",2020,71
"Canada Net-zero","Alberta","Solar (Utility scale)",2021,305
"Canada Net-zero","Alberta","Solar (Utility scale)",2022,949
"Canada Net-zero","Alberta","Solar (Utility scale)",2023,1180
"Canada Net-zero","Alberta","Solar (Utility scale)",2024,1180
"Canada Net-zero","Alberta","Solar (Utility scale)",2025,1180
"Canada Net-zero","Alberta","Solar (Utility scale)",2026,1330
"Canada Net-zero","Alberta","Solar (Utility scale)",2027,1480
"Canada Net-zero","Alberta","Solar (Utility scale)",2028,1630
"Canada Net-zero","Alberta","Solar (Utility scale)",2029,1780
"Canada Net-zero","Alberta","Solar (Utility scale)",2030,1930
"Canada Net-zero","Alberta","Solar (Utility scale)",2031,4150
"Canada Net-zero","Alberta","Solar (Utility scale)",2032,6360
"Canada Net-zero","Alberta","Solar (Utility scale)",2033,8580
"Canada Net-zero","Alberta","Solar (Utility scale)",2034,10800
"Canada Net-zero","Alberta","Solar (Utility scale)",2035,13000
"Canada Net-zero","Alberta","Solar (Utility scale)",2036,13000
"Canada Net-zero","Alberta","Solar (Utility scale)",2037,13000
"Canada Net-zero","Alberta","Solar (Utility scale)",2038,13000
"Canada Net-zero","Alberta","Solar (Utility scale)",2039,13000
"Canada Net-zero","Alberta","Solar (Utility scale)",2040,13000
"Canada Net-zero","Alberta","Solar (Utility scale)",2041,13100
"Canada Net-zero","Alberta","Solar (Utility scale)",2042,13200
"Canada Net-zero","Alberta","Solar (Utility scale)",2043,13300
"Canada Net-zero","Alberta","Solar (Utility scale)",2044,13400
"Canada Net-zero","Alberta","Solar (Utility scale)",2045,13500
"Canada Net-zero","Alberta","Solar (Utility scale)",2046,13500
"Canada Net-zero","Alberta","Solar (Utility scale)",2047,13600
"Canada Net-zero","Alberta","Solar (Utility scale)",2048,13700
"Canada Net-zero","Alberta","Solar (Utility scale)",2049,13800
"Canada Net-zero","Alberta","Solar (Utility scale)",2050,13800
"Canada Net-zero","Alberta","Total",2020,17223.15
"Canada Net-zero","Alberta","Total",2021,16177.15
"Canada Net-zero","Alberta","Total",2022,16686.15
"Canada Net-zero","Alberta","Total",2023,19502.15
"Canada Net-zero","Alberta","Total",2024,18672.15
"Canada Net-zero","Alberta","Total",2025,21477.9833333
"Canada Net-zero","Alberta","Total",2026,22409.8166667
"Canada Net-zero","Alberta","Total",2027,23242.65
"Canada Net-zero","Alberta","Total",2028,24084.4833333
"Canada Net-zero","Alberta","Total",2029,25016.3166667
"Canada Net-zero","Alberta","Total",2030,25857.15
"Canada Net-zero","Alberta","Total",2031,30704.95
"Canada Net-zero","Alberta","Total",2032,35402.15
"Canada Net-zero","Alberta","Total",2033,39859.15
"Canada Net-zero","Alberta","Total",2034,43716.15
"Canada Net-zero","Alberta","Total",2035,46914.15
"Canada Net-zero","Alberta","Total",2036,46694.15
"Canada Net-zero","Alberta","Total",2037,47057.15
"Canada Net-zero","Alberta","Total",2038,46757.15
"Canada Net-zero","Alberta","Total",2039,47447.15
"Canada Net-zero","Alberta","Total",2040,46612.15
"Canada Net-zero","Alberta","Total",2041,47099.55
"Canada Net-zero","Alberta","Total",2042,47832.15
"Canada Net-zero","Alberta","Total",2043,48549.15
"Canada Net-zero","Alberta","Total",2044,49047.15
"Canada Net-zero","Alberta","Total",2045,49564.15
"Canada Net-zero","Alberta","Total",2046,50810.15
"Canada Net-zero","Alberta","Total",2047,52487.15
"Canada Net-zero","Alberta","Total",2048,54057.15
"Canada Net-zero","Alberta","Total",2049,54857.15
"Canada Net-zero","Alberta","Total",2050,55427.15
"Canada Net-zero","Alberta","Uranium SMR",2020,0
"Canada Net-zero","Alberta","Uranium SMR",2021,0
"Canada Net-zero","Alberta","Uranium SMR",2022,0
"Canada Net-zero","Alberta","Uranium SMR",2023,0
"Canada Net-zero","Alberta","Uranium SMR",2024,0
"Canada Net-zero","Alberta","Uranium SMR",2025,0
"Canada Net-zero","Alberta","Uranium SMR",2026,0
"Canada Net-zero","Alberta","Uranium SMR",2027,0
"Canada Net-zero","Alberta","Uranium SMR",2028,0
"Canada Net-zero","Alberta","Uranium SMR",2029,0
"Canada Net-zero","Alberta","Uranium SMR",2030,0
"Canada Net-zero","Alberta","Uranium SMR",2031,91.8
"Canada Net-zero","Alberta","Uranium SMR",2032,184
"Canada Net-zero","Alberta","Uranium SMR",2033,275
"Canada Net-zero","Alberta","Uranium SMR",2034,367
"Canada Net-zero","Alberta","Uranium SMR",2035,459
"Canada Net-zero","Alberta","Uranium SMR",2036,795
"Canada Net-zero","Alberta","Uranium SMR",2037,1130
"Canada Net-zero","Alberta","Uranium SMR",2038,1470
"Canada Net-zero","Alberta","Uranium SMR",2039,1800
"Canada Net-zero","Alberta","Uranium SMR",2040,2140
"Canada Net-zero","Alberta","Uranium SMR",2041,2140
"Canada Net-zero","Alberta","Uranium SMR",2042,2140
"Canada Net-zero","Alberta","Uranium SMR",2043,2140
"Canada Net-zero","Alberta","Uranium SMR",2044,2140
"Canada Net-zero","Alberta","Uranium SMR",2045,2140
"Canada Net-zero","Alberta","Uranium SMR",2046,2140
"Canada Net-zero","Alberta","Uranium SMR",2047,2140
"Canada Net-zero","Alberta","Uranium SMR",2048,2140
"Canada Net-zero","Alberta","Uranium SMR",2049,2140
"Canada Net-zero","Alberta","Uranium SMR",2050,2140
"Canada Net-zero","British Columbia","Bioenergy",2020,979
"Canada Net-zero","British Columbia","Bioenergy",2021,979
"Canada Net-zero","British Columbia","Bioenergy",2022,979
"Canada Net-zero","British Columbia","Bioenergy",2023,979
"Canada Net-zero","British Columbia","Bioenergy",2024,979
"Canada Net-zero","British Columbia","Bioenergy",2025,1079
"Canada Net-zero","British Columbia","Bioenergy",2026,1079
"Canada Net-zero","British Columbia","Bioenergy",2027,1079
"Canada Net-zero","British Columbia","Bioenergy",2028,1079
"Canada Net-zero","British Columbia","Bioenergy",2029,1079
"Canada Net-zero","British Columbia","Bioenergy",2030,1079
"Canada Net-zero","British Columbia","Bioenergy",2031,1079
"Canada Net-zero","British Columbia","Bioenergy",2032,1079
"Canada Net-zero","British Columbia","Bioenergy",2033,1079
"Canada Net-zero","British Columbia","Bioenergy",2034,1079
"Canada Net-zero","British Columbia","Bioenergy",2035,1079
"Canada Net-zero","British Columbia","Bioenergy",2036,1079
"Canada Net-zero","British Columbia","Bioenergy",2037,1079
"Canada Net-zero","British Columbia","Bioenergy",2038,1079
"Canada Net-zero","British Columbia","Bioenergy",2039,1079
"Canada Net-zero","British Columbia","Bioenergy",2040,1079
"Canada Net-zero","British Columbia","Bioenergy",2041,1079
"Canada Net-zero","British Columbia","Bioenergy",2042,1079
"Canada Net-zero","British Columbia","Bioenergy",2043,1079
"Canada Net-zero","British Columbia","Bioenergy",2044,1079
"Canada Net-zero","British Columbia","Bioenergy",2045,1079
"Canada Net-zero","British Columbia","Bioenergy",2046,1079
"Canada Net-zero","British Columbia","Bioenergy",2047,1079
"Canada Net-zero","British Columbia","Bioenergy",2048,1079
"Canada Net-zero","British Columbia","Bioenergy",2049,1079
"Canada Net-zero","British Columbia","Bioenergy",2050,1079
"Canada Net-zero","British Columbia","Bioenergy with CCUS",2020,0
"Canada Net-zero","British Columbia","Bioenergy with CCUS",2021,0
"Canada Net-zero","British Columbia","Bioenergy with CCUS",2022,0
"Canada Net-zero","British Columbia","Bioenergy with CCUS",2023,0
"Canada Net-zero","British Columbia","Bioenergy with CCUS",2024,0
"Canada Net-zero","British Columbia","Bioenergy with CCUS",2025,0
"Canada Net-zero","British Columbia","Bioenergy with CCUS",2026,0
"Canada Net-zero","British Columbia","Bioenergy with CCUS",2027,0
"Canada Net-zero","British Columbia","Bioenergy with CCUS",2028,0
"Canada Net-zero","British Columbia","Bioenergy with CCUS",2029,0
"Canada Net-zero","British Columbia","Bioenergy with CCUS",2030,0
"Canada Net-zero","British Columbia","Bioenergy with CCUS",2031,16.7
"Canada Net-zero","British Columbia","Bioenergy with CCUS",2032,33.3
"Canada Net-zero","British Columbia","Bioenergy with CCUS",2033,50
"Canada Net-zero","British Columbia","Bioenergy with CCUS",2034,66.7
"Canada Net-zero","British Columbia","Bioenergy with CCUS",2035,83.3
"Canada Net-zero","British Columbia","Bioenergy with CCUS",2036,100
"Canada Net-zero","British Columbia","Bioenergy with CCUS",2037,117
"Canada Net-zero","British Columbia","Bioenergy with CCUS",2038,133
"Canada Net-zero","British Columbia","Bioenergy with CCUS",2039,150
"Canada Net-zero","British Columbia","Bioenergy with CCUS",2040,167
"Canada Net-zero","British Columbia","Bioenergy with CCUS",2041,183
"Canada Net-zero","British Columbia","Bioenergy with CCUS",2042,200
"Canada Net-zero","British Columbia","Bioenergy with CCUS",2043,217
"Canada Net-zero","British Columbia","Bioenergy with CCUS",2044,233
"Canada Net-zero","British Columbia","Bioenergy with CCUS",2045,250
"Canada Net-zero","British Columbia","Bioenergy with CCUS",2046,267
"Canada Net-zero","British Columbia","Bioenergy with CCUS",2047,283
"Canada Net-zero","British Columbia","Bioenergy with CCUS",2048,300
"Canada Net-zero","British Columbia","Bioenergy with CCUS",2049,317
"Canada Net-zero","British Columbia","Bioenergy with CCUS",2050,333
"Canada Net-zero","British Columbia","Hydro",2020,16000
"Canada Net-zero","British Columbia","Hydro",2021,16000
"Canada Net-zero","British Columbia","Hydro",2022,16000
"Canada Net-zero","British Columbia","Hydro",2023,16000
"Canada Net-zero","British Columbia","Hydro",2024,16000
"Canada Net-zero","British Columbia","Hydro",2025,17100
"Canada Net-zero","British Columbia","Hydro",2026,17100
"Canada Net-zero","British Columbia","Hydro",2027,17100
"Canada Net-zero","British Columbia","Hydro",2028,17100
"Canada Net-zero","British Columbia","Hydro",2029,17100
"Canada Net-zero","British Columbia","Hydro",2030,17100
"Canada Net-zero","British Columbia","Hydro",2031,17100
"Canada Net-zero","British Columbia","Hydro",2032,17100
"Canada Net-zero","British Columbia","Hydro",2033,17100
"Canada Net-zero","British Columbia","Hydro",2034,17100
"Canada Net-zero","British Columbia","Hydro",2035,17100
"Canada Net-zero","British Columbia","Hydro",2036,17100
"Canada Net-zero","British Columbia","Hydro",2037,17100
"Canada Net-zero","British Columbia","Hydro",2038,17100
"Canada Net-zero","British Columbia","Hydro",2039,17100
"Canada Net-zero","British Columbia","Hydro",2040,17100
"Canada Net-zero","British Columbia","Hydro",2041,17200
"Canada Net-zero","British Columbia","Hydro",2042,17400
"Canada Net-zero","British Columbia","Hydro",2043,17500
"Canada Net-zero","British Columbia","Hydro",2044,17700
"Canada Net-zero","British Columbia","Hydro",2045,17800
"Canada Net-zero","British Columbia","Hydro",2046,17800
"Canada Net-zero","British Columbia","Hydro",2047,17800
"Canada Net-zero","British Columbia","Hydro",2048,17800
"Canada Net-zero","British Columbia","Hydro",2049,17800
"Canada Net-zero","British Columbia","Hydro",2050,17800
"Canada Net-zero","British Columbia","Natural Gas",2020,540
"Canada Net-zero","British Columbia","Natural Gas",2021,540
"Canada Net-zero","British Columbia","Natural Gas",2022,540
"Canada Net-zero","British Columbia","Natural Gas",2023,540
"Canada Net-zero","British Columbia","Natural Gas",2024,540
"Canada Net-zero","British Columbia","Natural Gas",2025,1040
"Canada Net-zero","British Columbia","Natural Gas",2026,1660
"Canada Net-zero","British Columbia","Natural Gas",2027,2270
"Canada Net-zero","British Columbia","Natural Gas",2028,2890
"Canada Net-zero","British Columbia","Natural Gas",2029,3390
"Canada Net-zero","British Columbia","Natural Gas",2030,4000
"Canada Net-zero","British Columbia","Natural Gas",2031,4000
"Canada Net-zero","British Columbia","Natural Gas",2032,3950
"Canada Net-zero","British Columbia","Natural Gas",2033,3950
"Canada Net-zero","British Columbia","Natural Gas",2034,3950
"Canada Net-zero","British Columbia","Natural Gas",2035,3950
"Canada Net-zero","British Columbia","Natural Gas",2036,3950
"Canada Net-zero","British Columbia","Natural Gas",2037,3580
"Canada Net-zero","British Columbia","Natural Gas",2038,3580
"Canada Net-zero","British Columbia","Natural Gas",2039,3580
"Canada Net-zero","British Columbia","Natural Gas",2040,3580
"Canada Net-zero","British Columbia","Natural Gas",2041,3580
"Canada Net-zero","British Columbia","Natural Gas",2042,3580
"Canada Net-zero","British Columbia","Natural Gas",2043,3580
"Canada Net-zero","British Columbia","Natural Gas",2044,3580
"Canada Net-zero","British Columbia","Natural Gas",2045,3580
"Canada Net-zero","British Columbia","Natural Gas",2046,3580
"Canada Net-zero","British Columbia","Natural Gas",2047,3580
"Canada Net-zero","British Columbia","Natural Gas",2048,3580
"Canada Net-zero","British Columbia","Natural Gas",2049,3580
"Canada Net-zero","British Columbia","Natural Gas",2050,3080
"Canada Net-zero","British Columbia","Natural Gas with CCUS",2020,0
"Canada Net-zero","British Columbia","Natural Gas with CCUS",2021,0
"Canada Net-zero","British Columbia","Natural Gas with CCUS",2022,0
"Canada Net-zero","British Columbia","Natural Gas with CCUS",2023,0
"Canada Net-zero","British Columbia","Natural Gas with CCUS",2024,0
"Canada Net-zero","British Columbia","Natural Gas with CCUS",2025,0
"Canada Net-zero","British Columbia","Natural Gas with CCUS",2026,0
"Canada Net-zero","British Columbia","Natural Gas with CCUS",2027,0
"Canada Net-zero","British Columbia","Natural Gas with CCUS",2028,0
"Canada Net-zero","British Columbia","Natural Gas with CCUS",2029,0
"Canada Net-zero","British Columbia","Natural Gas with CCUS",2030,0
"Canada Net-zero","British Columbia","Natural Gas with CCUS",2031,0
"Canada Net-zero","British Columbia","Natural Gas with CCUS",2032,0
"Canada Net-zero","British Columbia","Natural Gas with CCUS",2033,0
"Canada Net-zero","British Columbia","Natural Gas with CCUS",2034,0
"Canada Net-zero","British Columbia","Natural Gas with CCUS",2035,0
"Canada Net-zero","British Columbia","Natural Gas with CCUS",2036,0
"Canada Net-zero","British Columbia","Natural Gas with CCUS",2037,0
"Canada Net-zero","British Columbia","Natural Gas with CCUS",2038,0
"Canada Net-zero","British Columbia","Natural Gas with CCUS",2039,0
"Canada Net-zero","British Columbia","Natural Gas with CCUS",2040,0
"Canada Net-zero","British Columbia","Natural Gas with CCUS",2041,61
"Canada Net-zero","British Columbia","Natural Gas with CCUS",2042,122
"Canada Net-zero","British Columbia","Natural Gas with CCUS",2043,183
"Canada Net-zero","British Columbia","Natural Gas with CCUS",2044,244
"Canada Net-zero","British Columbia","Natural Gas with CCUS",2045,305
"Canada Net-zero","British Columbia","Natural Gas with CCUS",2046,503
"Canada Net-zero","British Columbia","Natural Gas with CCUS",2047,702
"Canada Net-zero","British Columbia","Natural Gas with CCUS",2048,901
"Canada Net-zero","British Columbia","Natural Gas with CCUS",2049,1100
"Canada Net-zero","British Columbia","Natural Gas with CCUS",2050,1300
"Canada Net-zero","British Columbia","Oil",2020,36.5
"Canada Net-zero","British Columbia","Oil",2021,36.5
"Canada Net-zero","British Columbia","Oil",2022,36.5
"Canada Net-zero","British Columbia","Oil",2023,36.5
"Canada Net-zero","British Columbia","Oil",2024,36.5
"Canada Net-zero","British Columbia","Oil",2025,36.5
"Canada Net-zero","British Columbia","Oil",2026,36.5
"Canada Net-zero","British Columbia","Oil",2027,36.5
"Canada Net-zero","British Columbia","Oil",2028,36.5
"Canada Net-zero","British Columbia","Oil",2029,36.5
"Canada Net-zero","British Columbia","Oil",2030,36.5
"Canada Net-zero","British Columbia","Oil",2031,36.5
"Canada Net-zero","British Columbia","Oil",2032,36.5
"Canada Net-zero","British Columbia","Oil",2033,36.5
"Canada Net-zero","British Columbia","Oil",2034,36.5
"Canada Net-zero","British Columbia","Oil",2035,36.5
"Canada Net-zero","British Columbia","Oil",2036,36.5
"Canada Net-zero","British Columbia","Oil",2037,36.5
"Canada Net-zero","British Columbia","Oil",2038,36.5
"Canada Net-zero","British Columbia","Oil",2039,36.5
"Canada Net-zero","British Columbia","Oil",2040,36.5
"Canada Net-zero","British Columbia","Oil",2041,36.5
"Canada Net-zero","British Columbia","Oil",2042,36.5
"Canada Net-zero","British Columbia","Oil",2043,36.5
"Canada Net-zero","British Columbia","Oil",2044,36.5
"Canada Net-zero","British Columbia","Oil",2045,36.5
"Canada Net-zero","British Columbia","Oil",2046,36.5
"Canada Net-zero","British Columbia","Oil",2047,36.5
"Canada Net-zero","British Columbia","Oil",2048,36.5
"Canada Net-zero","British Columbia","Oil",2049,36.5
"Canada Net-zero","British Columbia","Oil",2050,36.5
"Canada Net-zero","British Columbia","Onshore Wind",2020,702
"Canada Net-zero","British Columbia","Onshore Wind",2021,702
"Canada Net-zero","British Columbia","Onshore Wind",2022,702
"Canada Net-zero","British Columbia","Onshore Wind",2023,702
"Canada Net-zero","British Columbia","Onshore Wind",2024,702
"Canada Net-zero","British Columbia","Onshore Wind",2025,852
"Canada Net-zero","British Columbia","Onshore Wind",2026,912
"Canada Net-zero","British Columbia","Onshore Wind",2027,973
"Canada Net-zero","British Columbia","Onshore Wind",2028,1030
"Canada Net-zero","British Columbia","Onshore Wind",2029,1090
"Canada Net-zero","British Columbia","Onshore Wind",2030,1150
"Canada Net-zero","British Columbia","Onshore Wind",2031,1510
"Canada Net-zero","British Columbia","Onshore Wind",2032,1860
"Canada Net-zero","British Columbia","Onshore Wind",2033,2210
"Canada Net-zero","British Columbia","Onshore Wind",2034,2570
"Canada Net-zero","British Columbia","Onshore Wind",2035,2920
"Canada Net-zero","British Columbia","Onshore Wind",2036,3600
"Canada Net-zero","British Columbia","Onshore Wind",2037,4270
"Canada Net-zero","British Columbia","Onshore Wind",2038,4940
"Canada Net-zero","British Columbia","Onshore Wind",2039,5610
"Canada Net-zero","British Columbia","Onshore Wind",2040,6290
"Canada Net-zero","British Columbia","Onshore Wind",2041,6880
"Canada Net-zero","British Columbia","Onshore Wind",2042,7470
"Canada Net-zero","British Columbia","Onshore Wind",2043,8060
"Canada Net-zero","British Columbia","Onshore Wind",2044,8660
"Canada Net-zero","British Columbia","Onshore Wind",2045,9250
"Canada Net-zero","British Columbia","Onshore Wind",2046,9750
"Canada Net-zero","British Columbia","Onshore Wind",2047,10300
"Canada Net-zero","British Columbia","Onshore Wind",2048,10800
"Canada Net-zero","British Columbia","Onshore Wind",2049,11300
"Canada Net-zero","British Columbia","Onshore Wind",2050,11800
"Canada Net-zero","British Columbia","Solar (Distributed)",2020,20
"Canada Net-zero","British Columbia","Solar (Distributed)",2021,20
"Canada Net-zero","British Columbia","Solar (Distributed)",2022,20
"Canada Net-zero","British Columbia","Solar (Distributed)",2023,20
"Canada Net-zero","British Columbia","Solar (Distributed)",2024,102.8571429
"Canada Net-zero","British Columbia","Solar (Distributed)",2025,185.7142857
"Canada Net-zero","British Columbia","Solar (Distributed)",2026,268.5714286
"Canada Net-zero","British Columbia","Solar (Distributed)",2027,351.4285714
"Canada Net-zero","British Columbia","Solar (Distributed)",2028,434.2857143
"Canada Net-zero","British Columbia","Solar (Distributed)",2029,517.1428571
"Canada Net-zero","British Columbia","Solar (Distributed)",2030,600
"Canada Net-zero","British Columbia","Solar (Distributed)",2031,668.8374907
"Canada Net-zero","British Columbia","Solar (Distributed)",2032,737.6749814
"Canada Net-zero","British Columbia","Solar (Distributed)",2033,806.5124721
"Canada Net-zero","British Columbia","Solar (Distributed)",2034,875.3499628
"Canada Net-zero","British Columbia","Solar (Distributed)",2035,944.1874535
"Canada Net-zero","British Columbia","Solar (Distributed)",2036,1013.024944
"Canada Net-zero","British Columbia","Solar (Distributed)",2037,1081.862435
"Canada Net-zero","British Columbia","Solar (Distributed)",2038,1150.699926
"Canada Net-zero","British Columbia","Solar (Distributed)",2039,1219.537416
"Canada Net-zero","British Columbia","Solar (Distributed)",2040,1288.374907
"Canada Net-zero","British Columbia","Solar (Distributed)",2041,1299.5887
"Canada Net-zero","British Columbia","Solar (Distributed)",2042,1310.802494
"Canada Net-zero","British Columbia","Solar (Distributed)",2043,1322.016287
"Canada Net-zero","British Columbia","Solar (Distributed)",2044,1333.23008
"Canada Net-zero","British Columbia","Solar (Distributed)",2045,1344.443874
"Canada Net-zero","British Columbia","Solar (Distributed)",2046,1355.657667
"Canada Net-zero","British Columbia","Solar (Distributed)",2047,1366.87146
"Canada Net-zero","British Columbia","Solar (Distributed)",2048,1378.085253
"Canada Net-zero","British Columbia","Solar (Distributed)",2049,1389.299047
"Canada Net-zero","British Columbia","Solar (Distributed)",2050,1400.51284
"Canada Net-zero","British Columbia","Solar (Utility scale)",2020,303
"Canada Net-zero","British Columbia","Solar (Utility scale)",2021,303
"Canada Net-zero","British Columbia","Solar (Utility scale)",2022,303
"Canada Net-zero","British Columbia","Solar (Utility scale)",2023,303
"Canada Net-zero","British Columbia","Solar (Utility scale)",2024,303
"Canada Net-zero","British Columbia","Solar (Utility scale)",2025,703
"Canada Net-zero","British Columbia","Solar (Utility scale)",2026,734
"Canada Net-zero","British Columbia","Solar (Utility scale)",2027,764
"Canada Net-zero","British Columbia","Solar (Utility scale)",2028,794
"Canada Net-zero","British Columbia","Solar (Utility scale)",2029,825
"Canada Net-zero","British Columbia","Solar (Utility scale)",2030,855
"Canada Net-zero","British Columbia","Solar (Utility scale)",2031,1320
"Canada Net-zero","British Columbia","Solar (Utility scale)",2032,1780
"Canada Net-zero","British Columbia","Solar (Utility scale)",2033,2250
"Canada Net-zero","British Columbia","Solar (Utility scale)",2034,2710
"Canada Net-zero","British Columbia","Solar (Utility scale)",2035,3180
"Canada Net-zero","British Columbia","Solar (Utility scale)",2036,3530
"Canada Net-zero","British Columbia","Solar (Utility scale)",2037,3870
"Canada Net-zero","British Columbia","Solar (Utility scale)",2038,4220
"Canada Net-zero","British Columbia","Solar (Utility scale)",2039,4570
"Canada Net-zero","British Columbia","Solar (Utility scale)",2040,4910
"Canada Net-zero","British Columbia","Solar (Utility scale)",2041,5570
"Canada Net-zero","British Columbia","Solar (Utility scale)",2042,6230
"Canada Net-zero","British Columbia","Solar (Utility scale)",2043,6880
"Canada Net-zero","British Columbia","Solar (Utility scale)",2044,7540
"Canada Net-zero","British Columbia","Solar (Utility scale)",2045,8200
"Canada Net-zero","British Columbia","Solar (Utility scale)",2046,8530
"Canada Net-zero","British Columbia","Solar (Utility scale)",2047,8850
"Canada Net-zero","British Columbia","Solar (Utility scale)",2048,9180
"Canada Net-zero","British Columbia","Solar (Utility scale)",2049,9510
"Canada Net-zero","British Columbia","Solar (Utility scale)",2050,9440
"Canada Net-zero","British Columbia","Total",2020,18580.5
"Canada Net-zero","British Columbia","Total",2021,18580.5
"Canada Net-zero","British Columbia","Total",2022,18580.5
"Canada Net-zero","British Columbia","Total",2023,18580.5
"Canada Net-zero","British Columbia","Total",2024,18663.3571429
"Canada Net-zero","British Columbia","Total",2025,20996.2142857
"Canada Net-zero","British Columbia","Total",2026,21790.0714286
"Canada Net-zero","British Columbia","Total",2027,22573.9285714
"Canada Net-zero","British Columbia","Total",2028,23363.7857143
"Canada Net-zero","British Columbia","Total",2029,24037.6428571
"Canada Net-zero","British Columbia","Total",2030,24820.5
"Canada Net-zero","British Columbia","Total",2031,26159.0374907
"Canada Net-zero","British Columbia","Total",2032,27432.4749814
"Canada Net-zero","British Columbia","Total",2033,28762.0124721
"Canada Net-zero","British Columbia","Total",2034,30097.5499628
"Canada Net-zero","British Columbia","Total",2035,31432.9874535
"Canada Net-zero","British Columbia","Total",2036,32548.524944
"Canada Net-zero","British Columbia","Total",2037,33274.362435
"Canada Net-zero","British Columbia","Total",2038,34379.199926
"Canada Net-zero","British Columbia","Total",2039,35485.037416
"Canada Net-zero","British Columbia","Total",2040,36590.874907
"Canada Net-zero","British Columbia","Total",2041,38029.0887
"Canada Net-zero","British Columbia","Total",2042,39568.302494
"Canada Net-zero","British Columbia","Total",2043,40997.516287
"Canada Net-zero","British Columbia","Total",2044,42545.73008
"Canada Net-zero","British Columbia","Total",2045,43984.943874
"Canada Net-zero","British Columbia","Total",2046,45041.157667
"Canada Net-zero","British Columbia","Total",2047,46137.37146
"Canada Net-zero","British Columbia","Total",2048,47194.585253
"Canada Net-zero","British Columbia","Total",2049,48251.799047
"Canada Net-zero","British Columbia","Total",2050,48409.01284
"Canada Net-zero","British Columbia","Uranium SMR",2020,0
"Canada Net-zero","British Columbia","Uranium SMR",2021,0
"Canada Net-zero","British Columbia","Uranium SMR",2022,0
"Canada Net-zero","British Columbia","Uranium SMR",2023,0
"Canada Net-zero","British Columbia","Uranium SMR",2024,0
"Canada Net-zero","British Columbia","Uranium SMR",2025,0
"Canada Net-zero","British Columbia","Uranium SMR",2026,0
"Canada Net-zero","British Columbia","Uranium SMR",2027,0
"Canada Net-zero","British Columbia","Uranium SMR",2028,0
"Canada Net-zero","British Columbia","Uranium SMR",2029,0
"Canada Net-zero","British Columbia","Uranium SMR",2030,0
"Canada Net-zero","British Columbia","Uranium SMR",2031,428
"Canada Net-zero","British Columbia","Uranium SMR",2032,856
"Canada Net-zero","British Columbia","Uranium SMR",2033,1280
"Canada Net-zero","British Columbia","Uranium SMR",2034,1710
"Canada Net-zero","British Columbia","Uranium SMR",2035,2140
"Canada Net-zero","British Columbia","Uranium SMR",2036,2140
"Canada Net-zero","British Columbia","Uranium SMR",2037,2140
"Canada Net-zero","British Columbia","Uranium SMR",2038,2140
"Canada Net-zero","British Columbia","Uranium SMR",2039,2140
"Canada Net-zero","British Columbia","Uranium SMR",2040,2140
"Canada Net-zero","British Columbia","Uranium SMR",2041,2140
"Canada Net-zero","British Columbia","Uranium SMR",2042,2140
"Canada Net-zero","British Columbia","Uranium SMR",2043,2140
"Canada Net-zero","British Columbia","Uranium SMR",2044,2140
"Canada Net-zero","British Columbia","Uranium SMR",2045,2140
"Canada Net-zero","British Columbia","Uranium SMR",2046,2140
"Canada Net-zero","British Columbia","Uranium SMR",2047,2140
"Canada Net-zero","British Columbia","Uranium SMR",2048,2140
"Canada Net-zero","British Columbia","Uranium SMR",2049,2140
"Canada Net-zero","British Columbia","Uranium SMR",2050,2140
"Canada Net-zero","Canada","Battery Storage",2020,95
"Canada Net-zero","Canada","Battery Storage",2021,95
"Canada Net-zero","Canada","Battery Storage",2022,140
"Canada Net-zero","Canada","Battery Storage",2023,140
"Canada Net-zero","Canada","Battery Storage",2024,140
"Canada Net-zero","Canada","Battery Storage",2025,140
"Canada Net-zero","Canada","Battery Storage",2026,140
"Canada Net-zero","Canada","Battery Storage",2027,140
"Canada Net-zero","Canada","Battery Storage",2028,140
"Canada Net-zero","Canada","Battery Storage",2029,140
"Canada Net-zero","Canada","Battery Storage",2030,340
"Canada Net-zero","Canada","Battery Storage",2031,340
"Canada Net-zero","Canada","Battery Storage",2032,340
"Canada Net-zero","Canada","Battery Storage",2033,340
"Canada Net-zero","Canada","Battery Storage",2034,340
"Canada Net-zero","Canada","Battery Storage",2035,750
"Canada Net-zero","Canada","Battery Storage",2036,750
"Canada Net-zero","Canada","Battery Storage",2037,750
"Canada Net-zero","Canada","Battery Storage",2038,750
"Canada Net-zero","Canada","Battery Storage",2039,750
"Canada Net-zero","Canada","Battery Storage",2040,705
"Canada Net-zero","Canada","Battery Storage",2041,705
"Canada Net-zero","Canada","Battery Storage",2042,860
"Canada Net-zero","Canada","Battery Storage",2043,860
"Canada Net-zero","Canada","Battery Storage",2044,860
"Canada Net-zero","Canada","Battery Storage",2045,1280
"Canada Net-zero","Canada","Battery Storage",2046,2440
"Canada Net-zero","Canada","Battery Storage",2047,3860
"Canada Net-zero","Canada","Battery Storage",2048,5160
"Canada Net-zero","Canada","Battery Storage",2049,5560
"Canada Net-zero","Canada","Battery Storage",2050,5860
"Canada Net-zero","Canada","Bioenergy",2020,2524.1
"Canada Net-zero","Canada","Bioenergy",2021,2543.1
"Canada Net-zero","Canada","Bioenergy",2022,2543.1
"Canada Net-zero","Canada","Bioenergy",2023,2543.1
"Canada Net-zero","Canada","Bioenergy",2024,2543.1
"Canada Net-zero","Canada","Bioenergy",2025,2693.6
"Canada Net-zero","Canada","Bioenergy",2026,2693.6
"Canada Net-zero","Canada","Bioenergy",2027,2693.6
"Canada Net-zero","Canada","Bioenergy",2028,2693.6
"Canada Net-zero","Canada","Bioenergy",2029,2693.6
"Canada Net-zero","Canada","Bioenergy",2030,2693.6
"Canada Net-zero","Canada","Bioenergy",2031,2693.6
"Canada Net-zero","Canada","Bioenergy",2032,2693.6
"Canada Net-zero","Canada","Bioenergy",2033,2693.6
"Canada Net-zero","Canada","Bioenergy",2034,2693.6
"Canada Net-zero","Canada","Bioenergy",2035,2693.6
"Canada Net-zero","Canada","Bioenergy",2036,2693.6
"Canada Net-zero","Canada","Bioenergy",2037,2693.6
"Canada Net-zero","Canada","Bioenergy",2038,2693.6
"Canada Net-zero","Canada","Bioenergy",2039,2693.6
"Canada Net-zero","Canada","Bioenergy",2040,2693.6
"Canada Net-zero","Canada","Bioenergy",2041,3106.6
"Canada Net-zero","Canada","Bioenergy",2042,3526.6
"Canada Net-zero","Canada","Bioenergy",2043,3936.6
"Canada Net-zero","Canada","Bioenergy",2044,4356.6
"Canada Net-zero","Canada","Bioenergy",2045,4776.6
"Canada Net-zero","Canada","Bioenergy",2046,5096.6
"Canada Net-zero","Canada","Bioenergy",2047,5416.6
"Canada Net-zero","Canada","Bioenergy",2048,5736.6
"Canada Net-zero","Canada","Bioenergy",2049,6066.6
"Canada Net-zero","Canada","Bioenergy",2050,6386.6
"Canada Net-zero","Canada","Bioenergy with CCUS",2020,0
"Canada Net-zero","Canada","Bioenergy with CCUS",2021,0
"Canada Net-zero","Canada","Bioenergy with CCUS",2022,0
"Canada Net-zero","Canada","Bioenergy with CCUS",2023,0
"Canada Net-zero","Canada","Bioenergy with CCUS",2024,0
"Canada Net-zero","Canada","Bioenergy with CCUS",2025,0
"Canada Net-zero","Canada","Bioenergy with CCUS",2026,0
"Canada Net-zero","Canada","Bioenergy with CCUS",2027,0
"Canada Net-zero","Canada","Bioenergy with CCUS",2028,0
"Canada Net-zero","Canada","Bioenergy with CCUS",2029,0
"Canada Net-zero","Canada","Bioenergy with CCUS",2030,0
"Canada Net-zero","Canada","Bioenergy with CCUS",2031,290.4
"Canada Net-zero","Canada","Bioenergy with CCUS",2032,579.6
"Canada Net-zero","Canada","Bioenergy with CCUS",2033,870
"Canada Net-zero","Canada","Bioenergy with CCUS",2034,1159.4
"Canada Net-zero","Canada","Bioenergy with CCUS",2035,1450.6
"Canada Net-zero","Canada","Bioenergy with CCUS",2036,1761
"Canada Net-zero","Canada","Bioenergy with CCUS",2037,2076
"Canada Net-zero","Canada","Bioenergy with CCUS",2038,2382
"Canada Net-zero","Canada","Bioenergy with CCUS",2039,2700
"Canada Net-zero","Canada","Bioenergy with CCUS",2040,3004
"Canada Net-zero","Canada","Bioenergy with CCUS",2041,3346
"Canada Net-zero","Canada","Bioenergy with CCUS",2042,3670
"Canada Net-zero","Canada","Bioenergy with CCUS",2043,4004
"Canada Net-zero","Canada","Bioenergy with CCUS",2044,4346
"Canada Net-zero","Canada","Bioenergy with CCUS",2045,4670
"Canada Net-zero","Canada","Bioenergy with CCUS",2046,5034
"Canada Net-zero","Canada","Bioenergy with CCUS",2047,5406
"Canada Net-zero","Canada","Bioenergy with CCUS",2048,5770
"Canada Net-zero","Canada","Bioenergy with CCUS",2049,6144
"Canada Net-zero","Canada","Bioenergy with CCUS",2050,6506
"Canada Net-zero","Canada","Coal and Coke",2020,7814
"Canada Net-zero","Canada","Coal and Coke",2021,6434
"Canada Net-zero","Canada","Coal and Coke",2022,4594
"Canada Net-zero","Canada","Coal and Coke",2023,3644
"Canada Net-zero","Canada","Coal and Coke",2024,2814
"Canada Net-zero","Canada","Coal and Coke",2025,2814
"Canada Net-zero","Canada","Coal and Coke",2026,2814
"Canada Net-zero","Canada","Coal and Coke",2027,2525
"Canada Net-zero","Canada","Coal and Coke",2028,2525
"Canada Net-zero","Canada","Coal and Coke",2029,1950
"Canada Net-zero","Canada","Coal and Coke",2030,1950
"Canada Net-zero","Canada","Coal and Coke",2031,0
"Canada Net-zero","Canada","Coal and Coke",2032,0
"Canada Net-zero","Canada","Coal and Coke",2033,0
"Canada Net-zero","Canada","Coal and Coke",2034,0
"Canada Net-zero","Canada","Coal and Coke",2035,0
"Canada Net-zero","Canada","Coal and Coke",2036,0
"Canada Net-zero","Canada","Coal and Coke",2037,0
"Canada Net-zero","Canada","Coal and Coke",2038,0
"Canada Net-zero","Canada","Coal and Coke",2039,0
"Canada Net-zero","Canada","Coal and Coke",2040,0
"Canada Net-zero","Canada","Coal and Coke",2041,0
"Canada Net-zero","Canada","Coal and Coke",2042,0
"Canada Net-zero","Canada","Coal and Coke",2043,0
"Canada Net-zero","Canada","Coal and Coke",2044,0
"Canada Net-zero","Canada","Coal and Coke",2045,0
"Canada Net-zero","Canada","Coal and Coke",2046,0
"Canada Net-zero","Canada","Coal and Coke",2047,0
"Canada Net-zero","Canada","Coal and Coke",2048,0
"Canada Net-zero","Canada","Coal and Coke",2049,0
"Canada Net-zero","Canada","Coal and Coke",2050,0
"Canada Net-zero","Canada","Coal with CCUS",2020,115
"Canada Net-zero","Canada","Coal with CCUS",2021,115
"Canada Net-zero","Canada","Coal with CCUS",2022,115
"Canada Net-zero","Canada","Coal with CCUS",2023,115
"Canada Net-zero","Canada","Coal with CCUS",2024,115
"Canada Net-zero","Canada","Coal with CCUS",2025,115
"Canada Net-zero","Canada","Coal with CCUS",2026,115
"Canada Net-zero","Canada","Coal with CCUS",2027,115
"Canada Net-zero","Canada","Coal with CCUS",2028,115
"Canada Net-zero","Canada","Coal with CCUS",2029,115
"Canada Net-zero","Canada","Coal with CCUS",2030,115
"Canada Net-zero","Canada","Coal with CCUS",2031,115
"Canada Net-zero","Canada","Coal with CCUS",2032,115
"Canada Net-zero","Canada","Coal with CCUS",2033,115
"Canada Net-zero","Canada","Coal with CCUS",2034,115
"Canada Net-zero","Canada","Coal with CCUS",2035,0
"Canada Net-zero","Canada","Coal with CCUS",2036,0
"Canada Net-zero","Canada","Coal with CCUS",2037,0
"Canada Net-zero","Canada","Coal with CCUS",2038,0
"Canada Net-zero","Canada","Coal with CCUS",2039,0
"Canada Net-zero","Canada","Coal with CCUS",2040,0
"Canada Net-zero","Canada","Coal with CCUS",2041,0
"Canada Net-zero","Canada","Coal with CCUS",2042,0
"Canada Net-zero","Canada","Coal with CCUS",2043,0
"Canada Net-zero","Canada","Coal with CCUS",2044,0
"Canada Net-zero","Canada","Coal with CCUS",2045,0
"Canada Net-zero","Canada","Coal with CCUS",2046,0
"Canada Net-zero","Canada","Coal with CCUS",2047,0
"Canada Net-zero","Canada","Coal with CCUS",2048,0
"Canada Net-zero","Canada","Coal with CCUS",2049,0
"Canada Net-zero","Canada","Coal with CCUS",2050,0
"Canada Net-zero","Canada","Hydro",2020,81793
"Canada Net-zero","Canada","Hydro",2021,83123
"Canada Net-zero","Canada","Hydro",2022,83728
"Canada Net-zero","Canada","Hydro",2023,83728
"Canada Net-zero","Canada","Hydro",2024,83787.5
"Canada Net-zero","Canada","Hydro",2025,84912.5
"Canada Net-zero","Canada","Hydro",2026,85822.5
"Canada Net-zero","Canada","Hydro",2027,86622.5
"Canada Net-zero","Canada","Hydro",2028,87522.5
"Canada Net-zero","Canada","Hydro",2029,88437
"Canada Net-zero","Canada","Hydro",2030,89237
"Canada Net-zero","Canada","Hydro",2031,89867
"Canada Net-zero","Canada","Hydro",2032,90412
"Canada Net-zero","Canada","Hydro",2033,90942
"Canada Net-zero","Canada","Hydro",2034,91612
"Canada Net-zero","Canada","Hydro",2035,92149
"Canada Net-zero","Canada","Hydro",2036,92149
"Canada Net-zero","Canada","Hydro",2037,92149
"Canada Net-zero","Canada","Hydro",2038,92149
"Canada Net-zero","Canada","Hydro",2039,92149
"Canada Net-zero","Canada","Hydro",2040,92152
"Canada Net-zero","Canada","Hydro",2041,92252
"Canada Net-zero","Canada","Hydro",2042,92452
"Canada Net-zero","Canada","Hydro",2043,92552
"Canada Net-zero","Canada","Hydro",2044,92752
"Canada Net-zero","Canada","Hydro",2045,92852
"Canada Net-zero","Canada","Hydro",2046,92852
"Canada Net-zero","Canada","Hydro",2047,92852
"Canada Net-zero","Canada","Hydro",2048,92852
"Canada Net-zero","Canada","Hydro",2049,92852
"Canada Net-zero","Canada","Hydro",2050,92852
"Canada Net-zero","Canada","Hydrogen",2020,0
"Canada Net-zero","Canada","Hydrogen",2021,0
"Canada Net-zero","Canada","Hydrogen",2022,0
"Canada Net-zero","Canada","Hydrogen",2023,0
"Canada Net-zero","Canada","Hydrogen",2024,0
"Canada Net-zero","Canada","Hydrogen",2025,0
"Canada Net-zero","Canada","Hydrogen",2026,0
"Canada Net-zero","Canada","Hydrogen",2027,0
"Canada Net-zero","Canada","Hydrogen",2028,0
"Canada Net-zero","Canada","Hydrogen",2029,0
"Canada Net-zero","Canada","Hydrogen",2030,0
"Canada Net-zero","Canada","Hydrogen",2031,0
"Canada Net-zero","Canada","Hydrogen",2032,0
"Canada Net-zero","Canada","Hydrogen",2033,0
"Canada Net-zero","Canada","Hydrogen",2034,0
"Canada Net-zero","Canada","Hydrogen",2035,0
"Canada Net-zero","Canada","Hydrogen",2036,0
"Canada Net-zero","Canada","Hydrogen",2037,0
"Canada Net-zero","Canada","Hydrogen",2038,0
"Canada Net-zero","Canada","Hydrogen",2039,0
"Canada Net-zero","Canada","Hydrogen",2040,0
"Canada Net-zero","Canada","Hydrogen",2041,57.4
"Canada Net-zero","Canada","Hydrogen",2042,115
"Canada Net-zero","Canada","Hydrogen",2043,172
"Canada Net-zero","Canada","Hydrogen",2044,230
"Canada Net-zero","Canada","Hydrogen",2045,287
"Canada Net-zero","Canada","Hydrogen",2046,653
"Canada Net-zero","Canada","Hydrogen",2047,1020
"Canada Net-zero","Canada","Hydrogen",2048,1380
"Canada Net-zero","Canada","Hydrogen",2049,1750
"Canada Net-zero","Canada","Hydrogen",2050,2120
"Canada Net-zero","Canada","Natural Gas",2020,22901.6
"Canada Net-zero","Canada","Natural Gas",2021,22981.6
"Canada Net-zero","Canada","Natural Gas",2022,23481.6
"Canada Net-zero","Canada","Natural Gas",2023,25911.6
"Canada Net-zero","Canada","Natural Gas",2024,26176.6
"Canada Net-zero","Canada","Natural Gas",2025,29865.6
"Canada Net-zero","Canada","Natural Gas",2026,32166.6
"Canada Net-zero","Canada","Natural Gas",2027,34456.6
"Canada Net-zero","Canada","Natural Gas",2028,36396.6
"Canada Net-zero","Canada","Natural Gas",2029,38616.6
"Canada Net-zero","Canada","Natural Gas",2030,40542.6
"Canada Net-zero","Canada","Natural Gas",2031,41742.6
"Canada Net-zero","Canada","Natural Gas",2032,42792.6
"Canada Net-zero","Canada","Natural Gas",2033,43530.6
"Canada Net-zero","Canada","Natural Gas",2034,43830.6
"Canada Net-zero","Canada","Natural Gas",2035,34132.8
"Canada Net-zero","Canada","Natural Gas",2036,33542.8
"Canada Net-zero","Canada","Natural Gas",2037,33032.8
"Canada Net-zero","Canada","Natural Gas",2038,31809.8
"Canada Net-zero","Canada","Natural Gas",2039,31369.8
"Canada Net-zero","Canada","Natural Gas",2040,30009.8
"Canada Net-zero","Canada","Natural Gas",2041,29769.8
"Canada Net-zero","Canada","Natural Gas",2042,29339.8
"Canada Net-zero","Canada","Natural Gas",2043,29339.8
"Canada Net-zero","Canada","Natural Gas",2044,29209.8
"Canada Net-zero","Canada","Natural Gas",2045,28819.8
"Canada Net-zero","Canada","Natural Gas",2046,28129.8
"Canada Net-zero","Canada","Natural Gas",2047,27979.8
"Canada Net-zero","Canada","Natural Gas",2048,27569.8
"Canada Net-zero","Canada","Natural Gas",2049,27559.8
"Canada Net-zero","Canada","Natural Gas",2050,25909.8
"Canada Net-zero","Canada","Natural Gas with CCUS",2020,0
"Canada Net-zero","Canada","Natural Gas with CCUS",2021,0
"Canada Net-zero","Canada","Natural Gas with CCUS",2022,0
"Canada Net-zero","Canada","Natural Gas with CCUS",2023,0
"Canada Net-zero","Canada","Natural Gas with CCUS",2024,0
"Canada Net-zero","Canada","Natural Gas with CCUS",2025,0
"Canada Net-zero","Canada","Natural Gas with CCUS",2026,216
"Canada Net-zero","Canada","Natural Gas with CCUS",2027,433
"Canada Net-zero","Canada","Natural Gas with CCUS",2028,649
"Canada Net-zero","Canada","Natural Gas with CCUS",2029,865
"Canada Net-zero","Canada","Natural Gas with CCUS",2030,2090
"Canada Net-zero","Canada","Natural Gas with CCUS",2031,2090
"Canada Net-zero","Canada","Natural Gas with CCUS",2032,2090
"Canada Net-zero","Canada","Natural Gas with CCUS",2033,2090
"Canada Net-zero","Canada","Natural Gas with CCUS",2034,2090
"Canada Net-zero","Canada","Natural Gas with CCUS",2035,4303.3
"Canada Net-zero","Canada","Natural Gas with CCUS",2036,5647.7
"Canada Net-zero","Canada","Natural Gas with CCUS",2037,7002
"Canada Net-zero","Canada","Natural Gas with CCUS",2038,8347
"Canada Net-zero","Canada","Natural Gas with CCUS",2039,9691
"Canada Net-zero","Canada","Natural Gas with CCUS",2040,11036
"Canada Net-zero","Canada","Natural Gas with CCUS",2041,12278
"Canada Net-zero","Canada","Natural Gas with CCUS",2042,13530
"Canada Net-zero","Canada","Natural Gas with CCUS",2043,14763
"Canada Net-zero","Canada","Natural Gas with CCUS",2044,16005
"Canada Net-zero","Canada","Natural Gas with CCUS",2045,17237
"Canada Net-zero","Canada","Natural Gas with CCUS",2046,17454
"Canada Net-zero","Canada","Natural Gas with CCUS",2047,17672
"Canada Net-zero","Canada","Natural Gas with CCUS",2048,17890
"Canada Net-zero","Canada","Natural Gas with CCUS",2049,18108
"Canada Net-zero","Canada","Natural Gas with CCUS",2050,18327
"Canada Net-zero","Canada","Offshore Wind",2020,0
"Canada Net-zero","Canada","Offshore Wind",2021,0
"Canada Net-zero","Canada","Offshore Wind",2022,0
"Canada Net-zero","Canada","Offshore Wind",2023,0
"Canada Net-zero","Canada","Offshore Wind",2024,0
"Canada Net-zero","Canada","Offshore Wind",2025,0
"Canada Net-zero","Canada","Offshore Wind",2026,400
"Canada Net-zero","Canada","Offshore Wind",2027,800
"Canada Net-zero","Canada","Offshore Wind",2028,1200
"Canada Net-zero","Canada","Offshore Wind",2029,1600
"Canada Net-zero","Canada","Offshore Wind",2030,2000
"Canada Net-zero","Canada","Offshore Wind",2031,2600
"Canada Net-zero","Canada","Offshore Wind",2032,3200
"Canada Net-zero","Canada","Offshore Wind",2033,3800
"Canada Net-zero","Canada","Offshore Wind",2034,4400
"Canada Net-zero","Canada","Offshore Wind",2035,5000
"Canada Net-zero","Canada","Offshore Wind",2036,5000
"Canada Net-zero","Canada","Offshore Wind",2037,5000
"Canada Net-zero","Canada","Offshore Wind",2038,5000
"Canada Net-zero","Canada","Offshore Wind",2039,5000
"Canada Net-zero","Canada","Offshore Wind",2040,5000
"Canada Net-zero","Canada","Offshore Wind",2041,5000
"Canada Net-zero","Canada","Offshore Wind",2042,5000
"Canada Net-zero","Canada","Offshore Wind",2043,5000
"Canada Net-zero","Canada","Offshore Wind",2044,5000
"Canada Net-zero","Canada","Offshore Wind",2045,5000
"Canada Net-zero","Canada","Offshore Wind",2046,5000
"Canada Net-zero","Canada","Offshore Wind",2047,5000
"Canada Net-zero","Canada","Offshore Wind",2048,5000
"Canada Net-zero","Canada","Offshore Wind",2049,5000
"Canada Net-zero","Canada","Offshore Wind",2050,5000
"Canada Net-zero","Canada","Oil",2020,3660.85
"Canada Net-zero","Canada","Oil",2021,3660.85
"Canada Net-zero","Canada","Oil",2022,3660.85
"Canada Net-zero","Canada","Oil",2023,3660.85
"Canada Net-zero","Canada","Oil",2024,3664.85
"Canada Net-zero","Canada","Oil",2025,3674.85
"Canada Net-zero","Canada","Oil",2026,3550.85
"Canada Net-zero","Canada","Oil",2027,3518.85
"Canada Net-zero","Canada","Oil",2028,3518.85
"Canada Net-zero","Canada","Oil",2029,3518.85
"Canada Net-zero","Canada","Oil",2030,3493.05
"Canada Net-zero","Canada","Oil",2031,3006.05
"Canada Net-zero","Canada","Oil",2032,2990.05
"Canada Net-zero","Canada","Oil",2033,2990.05
"Canada Net-zero","Canada","Oil",2034,2990.05
"Canada Net-zero","Canada","Oil",2035,2990.05
"Canada Net-zero","Canada","Oil",2036,1865.05
"Canada Net-zero","Canada","Oil",2037,1865.05
"Canada Net-zero","Canada","Oil",2038,1865.05
"Canada Net-zero","Canada","Oil",2039,1865.05
"Canada Net-zero","Canada","Oil",2040,1865.05
"Canada Net-zero","Canada","Oil",2041,1810.05
"Canada Net-zero","Canada","Oil",2042,1810.05
"Canada Net-zero","Canada","Oil",2043,1810.05
"Canada Net-zero","Canada","Oil",2044,1810.05
"Canada Net-zero","Canada","Oil",2045,1810.05
"Canada Net-zero","Canada","Oil",2046,1810.05
"Canada Net-zero","Canada","Oil",2047,1810.05
"Canada Net-zero","Canada","Oil",2048,1810.05
"Canada Net-zero","Canada","Oil",2049,1810.05
"Canada Net-zero","Canada","Oil",2050,1810.05
"Canada Net-zero","Canada","Onshore Wind",2020,13661.31
"Canada Net-zero","Canada","Onshore Wind",2021,13881.31
"Canada Net-zero","Canada","Onshore Wind",2022,15240.31
"Canada Net-zero","Canada","Onshore Wind",2023,16140.31
"Canada Net-zero","Canada","Onshore Wind",2024,17809.31
"Canada Net-zero","Canada","Onshore Wind",2025,19376.81
"Canada Net-zero","Canada","Onshore Wind",2026,20420.81
"Canada Net-zero","Canada","Onshore Wind",2027,21476.81
"Canada Net-zero","Canada","Onshore Wind",2028,22537.81
"Canada Net-zero","Canada","Onshore Wind",2029,23582.81
"Canada Net-zero","Canada","Onshore Wind",2030,24695.75
"Canada Net-zero","Canada","Onshore Wind",2031,30070.75
"Canada Net-zero","Canada","Onshore Wind",2032,35382.75
"Canada Net-zero","Canada","Onshore Wind",2033,40772.75
"Canada Net-zero","Canada","Onshore Wind",2034,46222.75
"Canada Net-zero","Canada","Onshore Wind",2035,51742
"Canada Net-zero","Canada","Onshore Wind",2036,54992
"Canada Net-zero","Canada","Onshore Wind",2037,58222
"Canada Net-zero","Canada","Onshore Wind",2038,61552
"Canada Net-zero","Canada","Onshore Wind",2039,64892
"Canada Net-zero","Canada","Onshore Wind",2040,68168.3
"Canada Net-zero","Canada","Onshore Wind",2041,72848.3
"Canada Net-zero","Canada","Onshore Wind",2042,77638.3
"Canada Net-zero","Canada","Onshore Wind",2043,82418.3
"Canada Net-zero","Canada","Onshore Wind",2044,87118.3
"Canada Net-zero","Canada","Onshore Wind",2045,91917.9
"Canada Net-zero","Canada","Onshore Wind",2046,94731.9
"Canada Net-zero","Canada","Onshore Wind",2047,97594.9
"Canada Net-zero","Canada","Onshore Wind",2048,100418.9
"Canada Net-zero","Canada","Onshore Wind",2049,103241.9
"Canada Net-zero","Canada","Onshore Wind",2050,106084.1
"Canada Net-zero","Canada","Solar (Distributed)",2020,2357.46082977
"Canada Net-zero","Canada","Solar (Distributed)",2021,2420.077124844
"Canada Net-zero","Canada","Solar (Distributed)",2022,2482.693419916
"Canada Net-zero","Canada","Solar (Distributed)",2023,2610.30971499
"Canada Net-zero","Canada","Solar (Distributed)",2024,2755.783152964
"Canada Net-zero","Canada","Solar (Distributed)",2025,2957.089924138
"Canada Net-zero","Canada","Solar (Distributed)",2026,3204.429568662
"Canada Net-zero","Canada","Solar (Distributed)",2027,3451.769213987
"Canada Net-zero","Canada","Solar (Distributed)",2028,3699.10885941299
"Canada Net-zero","Canada","Solar (Distributed)",2029,3946.44850483599
"Canada Net-zero","Canada","Solar (Distributed)",2030,4193.788150262
"Canada Net-zero","Canada","Solar (Distributed)",2031,4459.5196725
"Canada Net-zero","Canada","Solar (Distributed)",2032,4725.25119574
"Canada Net-zero","Canada","Solar (Distributed)",2033,4990.982717978
"Canada Net-zero","Canada","Solar (Distributed)",2034,5256.714240216
"Canada Net-zero","Canada","Solar (Distributed)",2035,5522.445763456
"Canada Net-zero","Canada","Solar (Distributed)",2036,5788.177285494
"Canada Net-zero","Canada","Solar (Distributed)",2037,6053.908808032
"Canada Net-zero","Canada","Solar (Distributed)",2038,6319.64033057
"Canada Net-zero","Canada","Solar (Distributed)",2039,6585.37185311
"Canada Net-zero","Canada","Solar (Distributed)",2040,6851.103375648
"Canada Net-zero","Canada","Solar (Distributed)",2041,6986.759175773
"Canada Net-zero","Canada","Solar (Distributed)",2042,7122.414976787
"Canada Net-zero","Canada","Solar (Distributed)",2043,7258.070776921
"Canada Net-zero","Canada","Solar (Distributed)",2044,7393.726577046
"Canada Net-zero","Canada","Solar (Distributed)",2045,7529.382379171
"Canada Net-zero","Canada","Solar (Distributed)",2046,7665.038179175
"Canada Net-zero","Canada","Solar (Distributed)",2047,7800.6939793
"Canada Net-zero","Canada","Solar (Distributed)",2048,7936.349779434
"Canada Net-zero","Canada","Solar (Distributed)",2049,8072.005580448
"Canada Net-zero","Canada","Solar (Distributed)",2050,8207.661380573
"Canada Net-zero","Canada","Solar (Utility scale)",2020,3116.936
"Canada Net-zero","Canada","Solar (Utility scale)",2021,3350.936
"Canada Net-zero","Canada","Solar (Utility scale)",2022,3994.936
"Canada Net-zero","Canada","Solar (Utility scale)",2023,4225.936
"Canada Net-zero","Canada","Solar (Utility scale)",2024,4225.936
"Canada Net-zero","Canada","Solar (Utility scale)",2025,4678.967
"Canada Net-zero","Canada","Solar (Utility scale)",2026,4942.367
"Canada Net-zero","Canada","Solar (Utility scale)",2027,5204.767
"Canada Net-zero","Canada","Solar (Utility scale)",2028,5467.167
"Canada Net-zero","Canada","Solar (Utility scale)",2029,5730.567
"Canada Net-zero","Canada","Solar (Utility scale)",2030,6028.967
"Canada Net-zero","Canada","Solar (Utility scale)",2031,8983.967
"Canada Net-zero","Canada","Solar (Utility scale)",2032,11923.967
"Canada Net-zero","Canada","Solar (Utility scale)",2033,14883.967
"Canada Net-zero","Canada","Solar (Utility scale)",2034,17837.967
"Canada Net-zero","Canada","Solar (Utility scale)",2035,20890.877
"Canada Net-zero","Canada","Solar (Utility scale)",2036,21240.877
"Canada Net-zero","Canada","Solar (Utility scale)",2037,21580.877
"Canada Net-zero","Canada","Solar (Utility scale)",2038,21930.877
"Canada Net-zero","Canada","Solar (Utility scale)",2039,22280.877
"Canada Net-zero","Canada","Solar (Utility scale)",2040,22620.877
"Canada Net-zero","Canada","Solar (Utility scale)",2041,23980.877
"Canada Net-zero","Canada","Solar (Utility scale)",2042,25340.877
"Canada Net-zero","Canada","Solar (Utility scale)",2043,26690.877
"Canada Net-zero","Canada","Solar (Utility scale)",2044,28040.877
"Canada Net-zero","Canada","Solar (Utility scale)",2045,29400.877
"Canada Net-zero","Canada","Solar (Utility scale)",2046,30510.877
"Canada Net-zero","Canada","Solar (Utility scale)",2047,31710.877
"Canada Net-zero","Canada","Solar (Utility scale)",2048,32920.877
"Canada Net-zero","Canada","Solar (Utility scale)",2049,34130.877
"Canada Net-zero","Canada","Solar (Utility scale)",2050,34867.377
"Canada Net-zero","Canada","Total",2020,152844.25682977
"Canada Net-zero","Canada","Total",2021,151709.873124844
"Canada Net-zero","Canada","Total",2022,153085.489419916
"Canada Net-zero","Canada","Total",2023,154824.10571499
"Canada Net-zero","Canada","Total",2024,156137.079152964
"Canada Net-zero","Canada","Total",2025,163333.416924138
"Canada Net-zero","Canada","Total",2026,167691.156568662
"Canada Net-zero","Canada","Total",2027,172242.896213987
"Canada Net-zero","Canada","Total",2028,177269.635859413
"Canada Net-zero","Canada","Total",2029,182000.875504836
"Canada Net-zero","Canada","Total",2030,188484.755150262
"Canada Net-zero","Canada","Total",2031,199955.9866725
"Canada Net-zero","Canada","Total",2032,213534.81819574
"Canada Net-zero","Canada","Total",2033,226895.949717978
"Canada Net-zero","Canada","Total",2034,240819.081240216
"Canada Net-zero","Canada","Total",2035,246601.672763456
"Canada Net-zero","Canada","Total",2036,252420.204285494
"Canada Net-zero","Canada","Total",2037,259444.235808032
"Canada Net-zero","Canada","Total",2038,265790.96733057
"Canada Net-zero","Canada","Total",2039,273047.69885311
"Canada Net-zero","Canada","Total",2040,279153.730375648
"Canada Net-zero","Canada","Total",2041,287471.786175773
"Canada Net-zero","Canada","Total",2042,295304.041976787
"Canada Net-zero","Canada","Total",2043,303996.697776921
"Canada Net-zero","Canada","Total",2044,313276.353577046
"Canada Net-zero","Canada","Total",2045,322027.609379171
"Canada Net-zero","Canada","Total",2046,327902.265179175
"Canada Net-zero","Canada","Total",2047,334725.9209793
"Canada Net-zero","Canada","Total",2048,341125.576779434
"Canada Net-zero","Canada","Total",2049,347055.232580448
"Canada Net-zero","Canada","Total",2050,350806.588380573
"Canada Net-zero","Canada","Uranium",2020,14805
"Canada Net-zero","Canada","Uranium",2021,13105
"Canada Net-zero","Canada","Uranium",2022,13105
"Canada Net-zero","Canada","Uranium",2023,12105
"Canada Net-zero","Canada","Uranium",2024,12105
"Canada Net-zero","Canada","Uranium",2025,12105
"Canada Net-zero","Canada","Uranium",2026,11205
"Canada Net-zero","Canada","Uranium",2027,10805
"Canada Net-zero","Canada","Uranium",2028,10805
"Canada Net-zero","Canada","Uranium",2029,10805
"Canada Net-zero","Canada","Uranium",2030,10805
"Canada Net-zero","Canada","Uranium",2031,10805
"Canada Net-zero","Canada","Uranium",2032,10805
"Canada Net-zero","Canada","Uranium",2033,10805
"Canada Net-zero","Canada","Uranium",2034,11605
"Canada Net-zero","Canada","Uranium",2035,11605
"Canada Net-zero","Canada","Uranium",2036,11605
"Canada Net-zero","Canada","Uranium",2037,11605
"Canada Net-zero","Canada","Uranium",2038,11605
"Canada Net-zero","Canada","Uranium",2039,11605
"Canada Net-zero","Canada","Uranium",2040,11605
"Canada Net-zero","Canada","Uranium",2041,11605
"Canada Net-zero","Canada","Uranium",2042,10900
"Canada Net-zero","Canada","Uranium",2043,10900
"Canada Net-zero","Canada","Uranium",2044,11579
"Canada Net-zero","Canada","Uranium",2045,11579
"Canada Net-zero","Canada","Uranium",2046,11579
"Canada Net-zero","Canada","Uranium",2047,11579
"Canada Net-zero","Canada","Uranium",2048,11579
"Canada Net-zero","Canada","Uranium",2049,11579
"Canada Net-zero","Canada","Uranium",2050,11579
"Canada Net-zero","Canada","Uranium SMR",2020,0
"Canada Net-zero","Canada","Uranium SMR",2021,0
"Canada Net-zero","Canada","Uranium SMR",2022,0
"Canada Net-zero","Canada","Uranium SMR",2023,0
"Canada Net-zero","Canada","Uranium SMR",2024,0
"Canada Net-zero","Canada","Uranium SMR",2025,0
"Canada Net-zero","Canada","Uranium SMR",2026,0
"Canada Net-zero","Canada","Uranium SMR",2027,0
"Canada Net-zero","Canada","Uranium SMR",2028,0
"Canada Net-zero","Canada","Uranium SMR",2029,0
"Canada Net-zero","Canada","Uranium SMR",2030,300
"Canada Net-zero","Canada","Uranium SMR",2031,2892.1
"Canada Net-zero","Canada","Uranium SMR",2032,5485
"Canada Net-zero","Canada","Uranium SMR",2033,8072
"Canada Net-zero","Canada","Uranium SMR",2034,10666
"Canada Net-zero","Canada","Uranium SMR",2035,13372
"Canada Net-zero","Canada","Uranium SMR",2036,15385
"Canada Net-zero","Canada","Uranium SMR",2037,17414
"Canada Net-zero","Canada","Uranium SMR",2038,19387
"Canada Net-zero","Canada","Uranium SMR",2039,21466
"Canada Net-zero","Canada","Uranium SMR",2040,23443
"Canada Net-zero","Canada","Uranium SMR",2041,23726
"Canada Net-zero","Canada","Uranium SMR",2042,23999
"Canada Net-zero","Canada","Uranium SMR",2043,24292
"Canada Net-zero","Canada","Uranium SMR",2044,24575
"Canada Net-zero","Canada","Uranium SMR",2045,24868
"Canada Net-zero","Canada","Uranium SMR",2046,24946
"Canada Net-zero","Canada","Uranium SMR",2047,25024
"Canada Net-zero","Canada","Uranium SMR",2048,25102
"Canada Net-zero","Canada","Uranium SMR",2049,25181
"Canada Net-zero","Canada","Uranium SMR",2050,25297
"Canada Net-zero","Manitoba","Bioenergy",2020,22
"Canada Net-zero","Manitoba","Bioenergy",2021,22
"Canada Net-zero","Manitoba","Bioenergy",2022,22
"Canada Net-zero","Manitoba","Bioenergy",2023,22
"Canada Net-zero","Manitoba","Bioenergy",2024,22
"Canada Net-zero","Manitoba","Bioenergy",2025,29.1
"Canada Net-zero","Manitoba","Bioenergy",2026,29.1
"Canada Net-zero","Manitoba","Bioenergy",2027,29.1
"Canada Net-zero","Manitoba","Bioenergy",2028,29.1
"Canada Net-zero","Manitoba","Bioenergy",2029,29.1
"Canada Net-zero","Manitoba","Bioenergy",2030,29.1
"Canada Net-zero","Manitoba","Bioenergy",2031,29.1
"Canada Net-zero","Manitoba","Bioenergy",2032,29.1
"Canada Net-zero","Manitoba","Bioenergy",2033,29.1
"Canada Net-zero","Manitoba","Bioenergy",2034,29.1
"Canada Net-zero","Manitoba","Bioenergy",2035,29.1
"Canada Net-zero","Manitoba","Bioenergy",2036,29.1
"Canada Net-zero","Manitoba","Bioenergy",2037,29.1
"Canada Net-zero","Manitoba","Bioenergy",2038,29.1
"Canada Net-zero","Manitoba","Bioenergy",2039,29.1
"Canada Net-zero","Manitoba","Bioenergy",2040,29.1
"Canada Net-zero","Manitoba","Bioenergy",2041,29.1
"Canada Net-zero","Manitoba","Bioenergy",2042,29.1
"Canada Net-zero","Manitoba","Bioenergy",2043,29.1
"Canada Net-zero","Manitoba","Bioenergy",2044,29.1
"Canada Net-zero","Manitoba","Bioenergy",2045,29.1
"Canada Net-zero","Manitoba","Bioenergy",2046,29.1
"Canada Net-zero","Manitoba","Bioenergy",2047,29.1
"Canada Net-zero","Manitoba","Bioenergy",2048,29.1
"Canada Net-zero","Manitoba","Bioenergy",2049,29.1
"Canada Net-zero","Manitoba","Bioenergy",2050,29.1
"Canada Net-zero","Manitoba","Hydro",2020,5370
"Canada Net-zero","Manitoba","Hydro",2021,5470
"Canada Net-zero","Manitoba","Hydro",2022,6070
"Canada Net-zero","Manitoba","Hydro",2023,6070
"Canada Net-zero","Manitoba","Hydro",2024,6070
"Canada Net-zero","Manitoba","Hydro",2025,6070
"Canada Net-zero","Manitoba","Hydro",2026,6380
"Canada Net-zero","Manitoba","Hydro",2027,6680
"Canada Net-zero","Manitoba","Hydro",2028,6980
"Canada Net-zero","Manitoba","Hydro",2029,7290
"Canada Net-zero","Manitoba","Hydro",2030,7590
"Canada Net-zero","Manitoba","Hydro",2031,7610
"Canada Net-zero","Manitoba","Hydro",2032,7620
"Canada Net-zero","Manitoba","Hydro",2033,7640
"Canada Net-zero","Manitoba","Hydro",2034,7660
"Canada Net-zero","Manitoba","Hydro",2035,7670
"Canada Net-zero","Manitoba","Hydro",2036,7670
"Canada Net-zero","Manitoba","Hydro",2037,7670
"Canada Net-zero","Manitoba","Hydro",2038,7670
"Canada Net-zero","Manitoba","Hydro",2039,7670
"Canada Net-zero","Manitoba","Hydro",2040,7670
"Canada Net-zero","Manitoba","Hydro",2041,7670
"Canada Net-zero","Manitoba","Hydro",2042,7670
"Canada Net-zero","Manitoba","Hydro",2043,7670
"Canada Net-zero","Manitoba","Hydro",2044,7670
"Canada Net-zero","Manitoba","Hydro",2045,7670
"Canada Net-zero","Manitoba","Hydro",2046,7670
"Canada Net-zero","Manitoba","Hydro",2047,7670
"Canada Net-zero","Manitoba","Hydro",2048,7670
"Canada Net-zero","Manitoba","Hydro",2049,7670
"Canada Net-zero","Manitoba","Hydro",2050,7670
"Canada Net-zero","Manitoba","Natural Gas",2020,403
"Canada Net-zero","Manitoba","Natural Gas",2021,403
"Canada Net-zero","Manitoba","Natural Gas",2022,403
"Canada Net-zero","Manitoba","Natural Gas",2023,403
"Canada Net-zero","Manitoba","Natural Gas",2024,403
"Canada Net-zero","Manitoba","Natural Gas",2025,403
"Canada Net-zero","Manitoba","Natural Gas",2026,403
"Canada Net-zero","Manitoba","Natural Gas",2027,403
"Canada Net-zero","Manitoba","Natural Gas",2028,403
"Canada Net-zero","Manitoba","Natural Gas",2029,403
"Canada Net-zero","Manitoba","Natural Gas",2030,403
"Canada Net-zero","Manitoba","Natural Gas",2031,403
"Canada Net-zero","Manitoba","Natural Gas",2032,403
"Canada Net-zero","Manitoba","Natural Gas",2033,403
"Canada Net-zero","Manitoba","Natural Gas",2034,403
"Canada Net-zero","Manitoba","Natural Gas",2035,403
"Canada Net-zero","Manitoba","Natural Gas",2036,403
"Canada Net-zero","Manitoba","Natural Gas",2037,403
"Canada Net-zero","Manitoba","Natural Gas",2038,0
"Canada Net-zero","Manitoba","Natural Gas",2039,0
"Canada Net-zero","Manitoba","Natural Gas",2040,0
"Canada Net-zero","Manitoba","Natural Gas",2041,0
"Canada Net-zero","Manitoba","Natural Gas",2042,0
"Canada Net-zero","Manitoba","Natural Gas",2043,0
"Canada Net-zero","Manitoba","Natural Gas",2044,0
"Canada Net-zero","Manitoba","Natural Gas",2045,0
"Canada Net-zero","Manitoba","Natural Gas",2046,0
"Canada Net-zero","Manitoba","Natural Gas",2047,0
"Canada Net-zero","Manitoba","Natural Gas",2048,0
"Canada Net-zero","Manitoba","Natural Gas",2049,0
"Canada Net-zero","Manitoba","Natural Gas",2050,0
"Canada Net-zero","Manitoba","Oil",2020,37.3
"Canada Net-zero","Manitoba","Oil",2021,37.3
"Canada Net-zero","Manitoba","Oil",2022,37.3
"Canada Net-zero","Manitoba","Oil",2023,37.3
"Canada Net-zero","Manitoba","Oil",2024,37.3
"Canada Net-zero","Manitoba","Oil",2025,37.3
"Canada Net-zero","Manitoba","Oil",2026,37.3
"Canada Net-zero","Manitoba","Oil",2027,37.3
"Canada Net-zero","Manitoba","Oil",2028,37.3
"Canada Net-zero","Manitoba","Oil",2029,37.3
"Canada Net-zero","Manitoba","Oil",2030,37.3
"Canada Net-zero","Manitoba","Oil",2031,37.3
"Canada Net-zero","Manitoba","Oil",2032,37.3
"Canada Net-zero","Manitoba","Oil",2033,37.3
"Canada Net-zero","Manitoba","Oil",2034,37.3
"Canada Net-zero","Manitoba","Oil",2035,37.3
"Canada Net-zero","Manitoba","Oil",2036,37.3
"Canada Net-zero","Manitoba","Oil",2037,37.3
"Canada Net-zero","Manitoba","Oil",2038,37.3
"Canada Net-zero","Manitoba","Oil",2039,37.3
"Canada Net-zero","Manitoba","Oil",2040,37.3
"Canada Net-zero","Manitoba","Oil",2041,37.3
"Canada Net-zero","Manitoba","Oil",2042,37.3
"Canada Net-zero","Manitoba","Oil",2043,37.3
"Canada Net-zero","Manitoba","Oil",2044,37.3
"Canada Net-zero","Manitoba","Oil",2045,37.3
"Canada Net-zero","Manitoba","Oil",2046,37.3
"Canada Net-zero","Manitoba","Oil",2047,37.3
"Canada Net-zero","Manitoba","Oil",2048,37.3
"Canada Net-zero","Manitoba","Oil",2049,37.3
"Canada Net-zero","Manitoba","Oil",2050,37.3
"Canada Net-zero","Manitoba","Onshore Wind",2020,259
"Canada Net-zero","Manitoba","Onshore Wind",2021,259
"Canada Net-zero","Manitoba","Onshore Wind",2022,259
"Canada Net-zero","Manitoba","Onshore Wind",2023,259
"Canada Net-zero","Manitoba","Onshore Wind",2024,259
"Canada Net-zero","Manitoba","Onshore Wind",2025,309
"Canada Net-zero","Manitoba","Onshore Wind",2026,331
"Canada Net-zero","Manitoba","Onshore Wind",2027,353
"Canada Net-zero","Manitoba","Onshore Wind",2028,375
"Canada Net-zero","Manitoba","Onshore Wind",2029,398
"Canada Net-zero","Manitoba","Onshore Wind",2030,420
"Canada Net-zero","Manitoba","Onshore Wind",2031,420
"Canada Net-zero","Manitoba","Onshore Wind",2032,420
"Canada Net-zero","Manitoba","Onshore Wind",2033,420
"Canada Net-zero","Manitoba","Onshore Wind",2034,420
"Canada Net-zero","Manitoba","Onshore Wind",2035,420
"Canada Net-zero","Manitoba","Onshore Wind",2036,420
"Canada Net-zero","Manitoba","Onshore Wind",2037,420
"Canada Net-zero","Manitoba","Onshore Wind",2038,420
"Canada Net-zero","Manitoba","Onshore Wind",2039,420
"Canada Net-zero","Manitoba","Onshore Wind",2040,420
"Canada Net-zero","Manitoba","Onshore Wind",2041,420
"Canada Net-zero","Manitoba","Onshore Wind",2042,420
"Canada Net-zero","Manitoba","Onshore Wind",2043,420
"Canada Net-zero","Manitoba","Onshore Wind",2044,420
"Canada Net-zero","Manitoba","Onshore Wind",2045,420
"Canada Net-zero","Manitoba","Onshore Wind",2046,420
"Canada Net-zero","Manitoba","Onshore Wind",2047,420
"Canada Net-zero","Manitoba","Onshore Wind",2048,420
"Canada Net-zero","Manitoba","Onshore Wind",2049,420
"Canada Net-zero","Manitoba","Onshore Wind",2050,420
"Canada Net-zero","Manitoba","Solar (Distributed)",2020,5
"Canada Net-zero","Manitoba","Solar (Distributed)",2021,5
"Canada Net-zero","Manitoba","Solar (Distributed)",2022,5
"Canada Net-zero","Manitoba","Solar (Distributed)",2023,5
"Canada Net-zero","Manitoba","Solar (Distributed)",2024,5
"Canada Net-zero","Manitoba","Solar (Distributed)",2025,5
"Canada Net-zero","Manitoba","Solar (Distributed)",2026,12
"Canada Net-zero","Manitoba","Solar (Distributed)",2027,19
"Canada Net-zero","Manitoba","Solar (Distributed)",2028,26
"Canada Net-zero","Manitoba","Solar (Distributed)",2029,33
"Canada Net-zero","Manitoba","Solar (Distributed)",2030,40
"Canada Net-zero","Manitoba","Solar (Distributed)",2031,42
"Canada Net-zero","Manitoba","Solar (Distributed)",2032,44
"Canada Net-zero","Manitoba","Solar (Distributed)",2033,46
"Canada Net-zero","Manitoba","Solar (Distributed)",2034,48
"Canada Net-zero","Manitoba","Solar (Distributed)",2035,50
"Canada Net-zero","Manitoba","Solar (Distributed)",2036,52
"Canada Net-zero","Manitoba","Solar (Distributed)",2037,54
"Canada Net-zero","Manitoba","Solar (Distributed)",2038,56
"Canada Net-zero","Manitoba","Solar (Distributed)",2039,58
"Canada Net-zero","Manitoba","Solar (Distributed)",2040,60
"Canada Net-zero","Manitoba","Solar (Distributed)",2041,61
"Canada Net-zero","Manitoba","Solar (Distributed)",2042,62
"Canada Net-zero","Manitoba","Solar (Distributed)",2043,63
"Canada Net-zero","Manitoba","Solar (Distributed)",2044,64
"Canada Net-zero","Manitoba","Solar (Distributed)",2045,65
"Canada Net-zero","Manitoba","Solar (Distributed)",2046,66
"Canada Net-zero","Manitoba","Solar (Distributed)",2047,67
"Canada Net-zero","Manitoba","Solar (Distributed)",2048,68
"Canada Net-zero","Manitoba","Solar (Distributed)",2049,69
"Canada Net-zero","Manitoba","Solar (Distributed)",2050,70
"Canada Net-zero","Manitoba","Solar (Utility scale)",2020,6
"Canada Net-zero","Manitoba","Solar (Utility scale)",2021,6
"Canada Net-zero","Manitoba","Solar (Utility scale)",2022,6
"Canada Net-zero","Manitoba","Solar (Utility scale)",2023,6
"Canada Net-zero","Manitoba","Solar (Utility scale)",2024,6
"Canada Net-zero","Manitoba","Solar (Utility scale)",2025,6
"Canada Net-zero","Manitoba","Solar (Utility scale)",2026,6
"Canada Net-zero","Manitoba","Solar (Utility scale)",2027,6
"Canada Net-zero","Manitoba","Solar (Utility scale)",2028,6
"Canada Net-zero","Manitoba","Solar (Utility scale)",2029,6
"Canada Net-zero","Manitoba","Solar (Utility scale)",2030,6
"Canada Net-zero","Manitoba","Solar (Utility scale)",2031,6
"Canada Net-zero","Manitoba","Solar (Utility scale)",2032,6
"Canada Net-zero","Manitoba","Solar (Utility scale)",2033,6
"Canada Net-zero","Manitoba","Solar (Utility scale)",2034,6
"Canada Net-zero","Manitoba","Solar (Utility scale)",2035,6
"Canada Net-zero","Manitoba","Solar (Utility scale)",2036,6
"Canada Net-zero","Manitoba","Solar (Utility scale)",2037,6
"Canada Net-zero","Manitoba","Solar (Utility scale)",2038,6
"Canada Net-zero","Manitoba","Solar (Utility scale)",2039,6
"Canada Net-zero","Manitoba","Solar (Utility scale)",2040,6
"Canada Net-zero","Manitoba","Solar (Utility scale)",2041,6
"Canada Net-zero","Manitoba","Solar (Utility scale)",2042,6
"Canada Net-zero","Manitoba","Solar (Utility scale)",2043,6
"Canada Net-zero","Manitoba","Solar (Utility scale)",2044,6
"Canada Net-zero","Manitoba","Solar (Utility scale)",2045,6
"Canada Net-zero","Manitoba","Solar (Utility scale)",2046,6
"Canada Net-zero","Manitoba","Solar (Utility scale)",2047,6
"Canada Net-zero","Manitoba","Solar (Utility scale)",2048,6
"Canada Net-zero","Manitoba","Solar (Utility scale)",2049,6
"Canada Net-zero","Manitoba","Solar (Utility scale)",2050,6
"Canada Net-zero","Manitoba","Total",2020,6102.3
"Canada Net-zero","Manitoba","Total",2021,6202.3
"Canada Net-zero","Manitoba","Total",2022,6802.3
"Canada Net-zero","Manitoba","Total",2023,6802.3
"Canada Net-zero","Manitoba","Total",2024,6802.3
"Canada Net-zero","Manitoba","Total",2025,6859.4
"Canada Net-zero","Manitoba","Total",2026,7198.4
"Canada Net-zero","Manitoba","Total",2027,7527.4
"Canada Net-zero","Manitoba","Total",2028,7856.4
"Canada Net-zero","Manitoba","Total",2029,8196.4
"Canada Net-zero","Manitoba","Total",2030,8525.4
"Canada Net-zero","Manitoba","Total",2031,8645.7
"Canada Net-zero","Manitoba","Total",2032,8756.4
"Canada Net-zero","Manitoba","Total",2033,8876.4
"Canada Net-zero","Manitoba","Total",2034,8996.4
"Canada Net-zero","Manitoba","Total",2035,9106.4
"Canada Net-zero","Manitoba","Total",2036,9345.4
"Canada Net-zero","Manitoba","Total",2037,9584.4
"Canada Net-zero","Manitoba","Total",2038,9418.4
"Canada Net-zero","Manitoba","Total",2039,9660.4
"Canada Net-zero","Manitoba","Total",2040,9902.4
"Canada Net-zero","Manitoba","Total",2041,10053.4
"Canada Net-zero","Manitoba","Total",2042,10204.4
"Canada Net-zero","Manitoba","Total",2043,10365.4
"Canada Net-zero","Manitoba","Total",2044,10516.4
"Canada Net-zero","Manitoba","Total",2045,10677.4
"Canada Net-zero","Manitoba","Total",2046,10708.4
"Canada Net-zero","Manitoba","Total",2047,10739.4
"Canada Net-zero","Manitoba","Total",2048,10770.4
"Canada Net-zero","Manitoba","Total",2049,10801.4
"Canada Net-zero","Manitoba","Total",2050,10832.4
"Canada Net-zero","Manitoba","Uranium SMR",2020,0
"Canada Net-zero","Manitoba","Uranium SMR",2021,0
"Canada Net-zero","Manitoba","Uranium SMR",2022,0
"Canada Net-zero","Manitoba","Uranium SMR",2023,0
"Canada Net-zero","Manitoba","Uranium SMR",2024,0
"Canada Net-zero","Manitoba","Uranium SMR",2025,0
"Canada Net-zero","Manitoba","Uranium SMR",2026,0
"Canada Net-zero","Manitoba","Uranium SMR",2027,0
"Canada Net-zero","Manitoba","Uranium SMR",2028,0
"Canada Net-zero","Manitoba","Uranium SMR",2029,0
"Canada Net-zero","Manitoba","Uranium SMR",2030,0
"Canada Net-zero","Manitoba","Uranium SMR",2031,98.3
"Canada Net-zero","Manitoba","Uranium SMR",2032,197
"Canada Net-zero","Manitoba","Uranium SMR",2033,295
"Canada Net-zero","Manitoba","Uranium SMR",2034,393
"Canada Net-zero","Manitoba","Uranium SMR",2035,491
"Canada Net-zero","Manitoba","Uranium SMR",2036,728
"Canada Net-zero","Manitoba","Uranium SMR",2037,965
"Canada Net-zero","Manitoba","Uranium SMR",2038,1200
"Canada Net-zero","Manitoba","Uranium SMR",2039,1440
"Canada Net-zero","Manitoba","Uranium SMR",2040,1680
"Canada Net-zero","Manitoba","Uranium SMR",2041,1830
"Canada Net-zero","Manitoba","Uranium SMR",2042,1980
"Canada Net-zero","Manitoba","Uranium SMR",2043,2140
"Canada Net-zero","Manitoba","Uranium SMR",2044,2290
"Canada Net-zero","Manitoba","Uranium SMR",2045,2450
"Canada Net-zero","Manitoba","Uranium SMR",2046,2480
"Canada Net-zero","Manitoba","Uranium SMR",2047,2510
"Canada Net-zero","Manitoba","Uranium SMR",2048,2540
"Canada Net-zero","Manitoba","Uranium SMR",2049,2570
"Canada Net-zero","Manitoba","Uranium SMR",2050,2600
"Canada Net-zero","New Brunswick","Bioenergy",2020,79.2
"Canada Net-zero","New Brunswick","Bioenergy",2021,79.2
"Canada Net-zero","New Brunswick","Bioenergy",2022,79.2
"Canada Net-zero","New Brunswick","Bioenergy",2023,79.2
"Canada Net-zero","New Brunswick","Bioenergy",2024,79.2
"Canada Net-zero","New Brunswick","Bioenergy",2025,79.2
"Canada Net-zero","New Brunswick","Bioenergy",2026,79.2
"Canada Net-zero","New Brunswick","Bioenergy",2027,79.2
"Canada Net-zero","New Brunswick","Bioenergy",2028,79.2
"Canada Net-zero","New Brunswick","Bioenergy",2029,79.2
"Canada Net-zero","New Brunswick","Bioenergy",2030,79.2
"Canada Net-zero","New Brunswick","Bioenergy",2031,79.2
"Canada Net-zero","New Brunswick","Bioenergy",2032,79.2
"Canada Net-zero","New Brunswick","Bioenergy",2033,79.2
"Canada Net-zero","New Brunswick","Bioenergy",2034,79.2
"Canada Net-zero","New Brunswick","Bioenergy",2035,79.2
"Canada Net-zero","New Brunswick","Bioenergy",2036,79.2
"Canada Net-zero","New Brunswick","Bioenergy",2037,79.2
"Canada Net-zero","New Brunswick","Bioenergy",2038,79.2
"Canada Net-zero","New Brunswick","Bioenergy",2039,79.2
"Canada Net-zero","New Brunswick","Bioenergy",2040,79.2
"Canada Net-zero","New Brunswick","Bioenergy",2041,79.2
"Canada Net-zero","New Brunswick","Bioenergy",2042,79.2
"Canada Net-zero","New Brunswick","Bioenergy",2043,79.2
"Canada Net-zero","New Brunswick","Bioenergy",2044,79.2
"Canada Net-zero","New Brunswick","Bioenergy",2045,79.2
"Canada Net-zero","New Brunswick","Bioenergy",2046,79.2
"Canada Net-zero","New Brunswick","Bioenergy",2047,79.2
"Canada Net-zero","New Brunswick","Bioenergy",2048,79.2
"Canada Net-zero","New Brunswick","Bioenergy",2049,79.2
"Canada Net-zero","New Brunswick","Bioenergy",2050,79.2
"Canada Net-zero","New Brunswick","Coal and Coke",2020,541
"Canada Net-zero","New Brunswick","Coal and Coke",2021,541
"Canada Net-zero","New Brunswick","Coal and Coke",2022,541
"Canada Net-zero","New Brunswick","Coal and Coke",2023,541
"Canada Net-zero","New Brunswick","Coal and Coke",2024,541
"Canada Net-zero","New Brunswick","Coal and Coke",2025,541
"Canada Net-zero","New Brunswick","Coal and Coke",2026,541
"Canada Net-zero","New Brunswick","Coal and Coke",2027,541
"Canada Net-zero","New Brunswick","Coal and Coke",2028,541
"Canada Net-zero","New Brunswick","Coal and Coke",2029,541
"Canada Net-zero","New Brunswick","Coal and Coke",2030,541
"Canada Net-zero","New Brunswick","Coal and Coke",2031,0
"Canada Net-zero","New Brunswick","Coal and Coke",2032,0
"Canada Net-zero","New Brunswick","Coal and Coke",2033,0
"Canada Net-zero","New Brunswick","Coal and Coke",2034,0
"Canada Net-zero","New Brunswick","Coal and Coke",2035,0
"Canada Net-zero","New Brunswick","Coal and Coke",2036,0
"Canada Net-zero","New Brunswick","Coal and Coke",2037,0
"Canada Net-zero","New Brunswick","Coal and Coke",2038,0
"Canada Net-zero","New Brunswick","Coal and Coke",2039,0
"Canada Net-zero","New Brunswick","Coal and Coke",2040,0
"Canada Net-zero","New Brunswick","Coal and Coke",2041,0
"Canada Net-zero","New Brunswick","Coal and Coke",2042,0
"Canada Net-zero","New Brunswick","Coal and Coke",2043,0
"Canada Net-zero","New Brunswick","Coal and Coke",2044,0
"Canada Net-zero","New Brunswick","Coal and Coke",2045,0
"Canada Net-zero","New Brunswick","Coal and Coke",2046,0
"Canada Net-zero","New Brunswick","Coal and Coke",2047,0
"Canada Net-zero","New Brunswick","Coal and Coke",2048,0
"Canada Net-zero","New Brunswick","Coal and Coke",2049,0
"Canada Net-zero","New Brunswick","Coal and Coke",2050,0
"Canada Net-zero","New Brunswick","Hydro",2020,961
"Canada Net-zero","New Brunswick","Hydro",2021,961
"Canada Net-zero","New Brunswick","Hydro",2022,961
"Canada Net-zero","New Brunswick","Hydro",2023,961
"Canada Net-zero","New Brunswick","Hydro",2024,961
"Canada Net-zero","New Brunswick","Hydro",2025,961
"Canada Net-zero","New Brunswick","Hydro",2026,961
"Canada Net-zero","New Brunswick","Hydro",2027,961
"Canada Net-zero","New Brunswick","Hydro",2028,961
"Canada Net-zero","New Brunswick","Hydro",2029,961
"Canada Net-zero","New Brunswick","Hydro",2030,961
"Canada Net-zero","New Brunswick","Hydro",2031,961
"Canada Net-zero","New Brunswick","Hydro",2032,961
"Canada Net-zero","New Brunswick","Hydro",2033,961
"Canada Net-zero","New Brunswick","Hydro",2034,961
"Canada Net-zero","New Brunswick","Hydro",2035,961
"Canada Net-zero","New Brunswick","Hydro",2036,961
"Canada Net-zero","New Brunswick","Hydro",2037,961
"Canada Net-zero","New Brunswick","Hydro",2038,961
"Canada Net-zero","New Brunswick","Hydro",2039,961
"Canada Net-zero","New Brunswick","Hydro",2040,961
"Canada Net-zero","New Brunswick","Hydro",2041,961
"Canada Net-zero","New Brunswick","Hydro",2042,961
"Canada Net-zero","New Brunswick","Hydro",2043,961
"Canada Net-zero","New Brunswick","Hydro",2044,961
"Canada Net-zero","New Brunswick","Hydro",2045,961
"Canada Net-zero","New Brunswick","Hydro",2046,961
"Canada Net-zero","New Brunswick","Hydro",2047,961
"Canada Net-zero","New Brunswick","Hydro",2048,961
"Canada Net-zero","New Brunswick","Hydro",2049,961
"Canada Net-zero","New Brunswick","Hydro",2050,961
"Canada Net-zero","New Brunswick","Natural Gas",2020,550
"Canada Net-zero","New Brunswick","Natural Gas",2021,550
"Canada Net-zero","New Brunswick","Natural Gas",2022,550
"Canada Net-zero","New Brunswick","Natural Gas",2023,550
"Canada Net-zero","New Brunswick","Natural Gas",2024,550
"Canada Net-zero","New Brunswick","Natural Gas",2025,550
"Canada Net-zero","New Brunswick","Natural Gas",2026,550
"Canada Net-zero","New Brunswick","Natural Gas",2027,550
"Canada Net-zero","New Brunswick","Natural Gas",2028,290
"Canada Net-zero","New Brunswick","Natural Gas",2029,290
"Canada Net-zero","New Brunswick","Natural Gas",2030,290
"Canada Net-zero","New Brunswick","Natural Gas",2031,290
"Canada Net-zero","New Brunswick","Natural Gas",2032,290
"Canada Net-zero","New Brunswick","Natural Gas",2033,290
"Canada Net-zero","New Brunswick","Natural Gas",2034,290
"Canada Net-zero","New Brunswick","Natural Gas",2035,290
"Canada Net-zero","New Brunswick","Natural Gas",2036,290
"Canada Net-zero","New Brunswick","Natural Gas",2037,290
"Canada Net-zero","New Brunswick","Natural Gas",2038,290
"Canada Net-zero","New Brunswick","Natural Gas",2039,290
"Canada Net-zero","New Brunswick","Natural Gas",2040,290
"Canada Net-zero","New Brunswick","Natural Gas",2041,290
"Canada Net-zero","New Brunswick","Natural Gas",2042,0
"Canada Net-zero","New Brunswick","Natural Gas",2043,0
"Canada Net-zero","New Brunswick","Natural Gas",2044,0
"Canada Net-zero","New Brunswick","Natural Gas",2045,0
"Canada Net-zero","New Brunswick","Natural Gas",2046,0
"Canada Net-zero","New Brunswick","Natural Gas",2047,0
"Canada Net-zero","New Brunswick","Natural Gas",2048,0
"Canada Net-zero","New Brunswick","Natural Gas",2049,0
"Canada Net-zero","New Brunswick","Natural Gas",2050,0
"Canada Net-zero","New Brunswick","Oil",2020,1593.5
"Canada Net-zero","New Brunswick","Oil",2021,1593.5
"Canada Net-zero","New Brunswick","Oil",2022,1593.5
"Canada Net-zero","New Brunswick","Oil",2023,1593.5
"Canada Net-zero","New Brunswick","Oil",2024,1593.5
"Canada Net-zero","New Brunswick","Oil",2025,1593.5
"Canada Net-zero","New Brunswick","Oil",2026,1593.5
"Canada Net-zero","New Brunswick","Oil",2027,1564.5
"Canada Net-zero","New Brunswick","Oil",2028,1564.5
"Canada Net-zero","New Brunswick","Oil",2029,1564.5
"Canada Net-zero","New Brunswick","Oil",2030,1564.5
"Canada Net-zero","New Brunswick","Oil",2031,1564.5
"Canada Net-zero","New Brunswick","Oil",2032,1564.5
"Canada Net-zero","New Brunswick","Oil",2033,1564.5
"Canada Net-zero","New Brunswick","Oil",2034,1564.5
"Canada Net-zero","New Brunswick","Oil",2035,1564.5
"Canada Net-zero","New Brunswick","Oil",2036,514.5
"Canada Net-zero","New Brunswick","Oil",2037,514.5
"Canada Net-zero","New Brunswick","Oil",2038,514.5
"Canada Net-zero","New Brunswick","Oil",2039,514.5
"Canada Net-zero","New Brunswick","Oil",2040,514.5
"Canada Net-zero","New Brunswick","Oil",2041,514.5
"Canada Net-zero","New Brunswick","Oil",2042,514.5
"Canada Net-zero","New Brunswick","Oil",2043,514.5
"Canada Net-zero","New Brunswick","Oil",2044,514.5
"Canada Net-zero","New Brunswick","Oil",2045,514.5
"Canada Net-zero","New Brunswick","Oil",2046,514.5
"Canada Net-zero","New Brunswick","Oil",2047,514.5
"Canada Net-zero","New Brunswick","Oil",2048,514.5
"Canada Net-zero","New Brunswick","Oil",2049,514.5
"Canada Net-zero","New Brunswick","Oil",2050,514.5
"Canada Net-zero","New Brunswick","Onshore Wind",2020,294
"Canada Net-zero","New Brunswick","Onshore Wind",2021,294
"Canada Net-zero","New Brunswick","Onshore Wind",2022,329
"Canada Net-zero","New Brunswick","Onshore Wind",2023,329
"Canada Net-zero","New Brunswick","Onshore Wind",2024,329
"Canada Net-zero","New Brunswick","Onshore Wind",2025,399
"Canada Net-zero","New Brunswick","Onshore Wind",2026,399
"Canada Net-zero","New Brunswick","Onshore Wind",2027,399
"Canada Net-zero","New Brunswick","Onshore Wind",2028,399
"Canada Net-zero","New Brunswick","Onshore Wind",2029,399
"Canada Net-zero","New Brunswick","Onshore Wind",2030,443
"Canada Net-zero","New Brunswick","Onshore Wind",2031,798
"Canada Net-zero","New Brunswick","Onshore Wind",2032,1150
"Canada Net-zero","New Brunswick","Onshore Wind",2033,1540
"Canada Net-zero","New Brunswick","Onshore Wind",2034,1890
"Canada Net-zero","New Brunswick","Onshore Wind",2035,2250
"Canada Net-zero","New Brunswick","Onshore Wind",2036,2250
"Canada Net-zero","New Brunswick","Onshore Wind",2037,2250
"Canada Net-zero","New Brunswick","Onshore Wind",2038,2250
"Canada Net-zero","New Brunswick","Onshore Wind",2039,2250
"Canada Net-zero","New Brunswick","Onshore Wind",2040,2280
"Canada Net-zero","New Brunswick","Onshore Wind",2041,2280
"Canada Net-zero","New Brunswick","Onshore Wind",2042,2280
"Canada Net-zero","New Brunswick","Onshore Wind",2043,2280
"Canada Net-zero","New Brunswick","Onshore Wind",2044,2280
"Canada Net-zero","New Brunswick","Onshore Wind",2045,2290
"Canada Net-zero","New Brunswick","Onshore Wind",2046,2290
"Canada Net-zero","New Brunswick","Onshore Wind",2047,2290
"Canada Net-zero","New Brunswick","Onshore Wind",2048,2290
"Canada Net-zero","New Brunswick","Onshore Wind",2049,2290
"Canada Net-zero","New Brunswick","Onshore Wind",2050,2290
"Canada Net-zero","New Brunswick","Solar (Distributed)",2020,1
"Canada Net-zero","New Brunswick","Solar (Distributed)",2021,1
"Canada Net-zero","New Brunswick","Solar (Distributed)",2022,1
"Canada Net-zero","New Brunswick","Solar (Distributed)",2023,1
"Canada Net-zero","New Brunswick","Solar (Distributed)",2024,1
"Canada Net-zero","New Brunswick","Solar (Distributed)",2025,1
"Canada Net-zero","New Brunswick","Solar (Distributed)",2026,3.8
"Canada Net-zero","New Brunswick","Solar (Distributed)",2027,6.6
"Canada Net-zero","New Brunswick","Solar (Distributed)",2028,9.4
"Canada Net-zero","New Brunswick","Solar (Distributed)",2029,12.2
"Canada Net-zero","New Brunswick","Solar (Distributed)",2030,15
"Canada Net-zero","New Brunswick","Solar (Distributed)",2031,15.5
"Canada Net-zero","New Brunswick","Solar (Distributed)",2032,16
"Canada Net-zero","New Brunswick","Solar (Distributed)",2033,16.5
"Canada Net-zero","New Brunswick","Solar (Distributed)",2034,17
"Canada Net-zero","New Brunswick","Solar (Distributed)",2035,17.5
"Canada Net-zero","New Brunswick","Solar (Distributed)",2036,18
"Canada Net-zero","New Brunswick","Solar (Distributed)",2037,18.5
"Canada Net-zero","New Brunswick","Solar (Distributed)",2038,19
"Canada Net-zero","New Brunswick","Solar (Distributed)",2039,19.5
"Canada Net-zero","New Brunswick","Solar (Distributed)",2040,20
"Canada Net-zero","New Brunswick","Solar (Distributed)",2041,21.29723133
"Canada Net-zero","New Brunswick","Solar (Distributed)",2042,22.59446266
"Canada Net-zero","New Brunswick","Solar (Distributed)",2043,23.891694
"Canada Net-zero","New Brunswick","Solar (Distributed)",2044,25.18892533
"Canada Net-zero","New Brunswick","Solar (Distributed)",2045,26.48615666
"Canada Net-zero","New Brunswick","Solar (Distributed)",2046,27.78338799
"Canada Net-zero","New Brunswick","Solar (Distributed)",2047,29.08061932
"Canada Net-zero","New Brunswick","Solar (Distributed)",2048,30.37785066
"Canada Net-zero","New Brunswick","Solar (Distributed)",2049,31.67508199
"Canada Net-zero","New Brunswick","Solar (Distributed)",2050,32.97231332
"Canada Net-zero","New Brunswick","Solar (Utility scale)",2020,0.162
"Canada Net-zero","New Brunswick","Solar (Utility scale)",2021,0.162
"Canada Net-zero","New Brunswick","Solar (Utility scale)",2022,0.162
"Canada Net-zero","New Brunswick","Solar (Utility scale)",2023,0.162
"Canada Net-zero","New Brunswick","Solar (Utility scale)",2024,0.162
"Canada Net-zero","New Brunswick","Solar (Utility scale)",2025,30.2
"Canada Net-zero","New Brunswick","Solar (Utility scale)",2026,30.2
"Canada Net-zero","New Brunswick","Solar (Utility scale)",2027,30.2
"Canada Net-zero","New Brunswick","Solar (Utility scale)",2028,30.2
"Canada Net-zero","New Brunswick","Solar (Utility scale)",2029,30.2
"Canada Net-zero","New Brunswick","Solar (Utility scale)",2030,30.2
"Canada Net-zero","New Brunswick","Solar (Utility scale)",2031,30.2
"Canada Net-zero","New Brunswick","Solar (Utility scale)",2032,30.2
"Canada Net-zero","New Brunswick","Solar (Utility scale)",2033,30.2
"Canada Net-zero","New Brunswick","Solar (Utility scale)",2034,30.2
"Canada Net-zero","New Brunswick","Solar (Utility scale)",2035,30.2
"Canada Net-zero","New Brunswick","Solar (Utility scale)",2036,30.2
"Canada Net-zero","New Brunswick","Solar (Utility scale)",2037,30.2
"Canada Net-zero","New Brunswick","Solar (Utility scale)",2038,30.2
"Canada Net-zero","New Brunswick","Solar (Utility scale)",2039,30.2
"Canada Net-zero","New Brunswick","Solar (Utility scale)",2040,30.2
"Canada Net-zero","New Brunswick","Solar (Utility scale)",2041,30.2
"Canada Net-zero","New Brunswick","Solar (Utility scale)",2042,30.2
"Canada Net-zero","New Brunswick","Solar (Utility scale)",2043,30.2
"Canada Net-zero","New Brunswick","Solar (Utility scale)",2044,30.2
"Canada Net-zero","New Brunswick","Solar (Utility scale)",2045,30.2
"Canada Net-zero","New Brunswick","Solar (Utility scale)",2046,30.2
"Canada Net-zero","New Brunswick","Solar (Utility scale)",2047,30.2
"Canada Net-zero","New Brunswick","Solar (Utility scale)",2048,30.2
"Canada Net-zero","New Brunswick","Solar (Utility scale)",2049,30.2
"Canada Net-zero","New Brunswick","Solar (Utility scale)",2050,36.7
"Canada Net-zero","New Brunswick","Total",2020,4724.862
"Canada Net-zero","New Brunswick","Total",2021,4724.862
"Canada Net-zero","New Brunswick","Total",2022,4759.862
"Canada Net-zero","New Brunswick","Total",2023,4759.862
"Canada Net-zero","New Brunswick","Total",2024,4759.862
"Canada Net-zero","New Brunswick","Total",2025,4859.9
"Canada Net-zero","New Brunswick","Total",2026,4862.7
"Canada Net-zero","New Brunswick","Total",2027,4836.5
"Canada Net-zero","New Brunswick","Total",2028,4579.3
"Canada Net-zero","New Brunswick","Total",2029,4582.1
"Canada Net-zero","New Brunswick","Total",2030,4628.9
"Canada Net-zero","New Brunswick","Total",2031,4443.4
"Canada Net-zero","New Brunswick","Total",2032,4795.9
"Canada Net-zero","New Brunswick","Total",2033,5186.4
"Canada Net-zero","New Brunswick","Total",2034,5536.9
"Canada Net-zero","New Brunswick","Total",2035,5897.4
"Canada Net-zero","New Brunswick","Total",2036,4981.9
"Canada Net-zero","New Brunswick","Total",2037,5117.4
"Canada Net-zero","New Brunswick","Total",2038,5251.9
"Canada Net-zero","New Brunswick","Total",2039,5387.4
"Canada Net-zero","New Brunswick","Total",2040,5551.9
"Canada Net-zero","New Brunswick","Total",2041,5588.19723133
"Canada Net-zero","New Brunswick","Total",2042,4629.49446266
"Canada Net-zero","New Brunswick","Total",2043,4665.791694
"Canada Net-zero","New Brunswick","Total",2044,5381.08892533
"Canada Net-zero","New Brunswick","Total",2045,5427.38615666
"Canada Net-zero","New Brunswick","Total",2046,5476.68338799
"Canada Net-zero","New Brunswick","Total",2047,5525.98061932
"Canada Net-zero","New Brunswick","Total",2048,5575.27785066
"Canada Net-zero","New Brunswick","Total",2049,5625.57508199
"Canada Net-zero","New Brunswick","Total",2050,5683.37231332
"Canada Net-zero","New Brunswick","Uranium",2020,705
"Canada Net-zero","New Brunswick","Uranium",2021,705
"Canada Net-zero","New Brunswick","Uranium",2022,705
"Canada Net-zero","New Brunswick","Uranium",2023,705
"Canada Net-zero","New Brunswick","Uranium",2024,705
"Canada Net-zero","New Brunswick","Uranium",2025,705
"Canada Net-zero","New Brunswick","Uranium",2026,705
"Canada Net-zero","New Brunswick","Uranium",2027,705
"Canada Net-zero","New Brunswick","Uranium",2028,705
"Canada Net-zero","New Brunswick","Uranium",2029,705
"Canada Net-zero","New Brunswick","Uranium",2030,705
"Canada Net-zero","New Brunswick","Uranium",2031,705
"Canada Net-zero","New Brunswick","Uranium",2032,705
"Canada Net-zero","New Brunswick","Uranium",2033,705
"Canada Net-zero","New Brunswick","Uranium",2034,705
"Canada Net-zero","New Brunswick","Uranium",2035,705
"Canada Net-zero","New Brunswick","Uranium",2036,705
"Canada Net-zero","New Brunswick","Uranium",2037,705
"Canada Net-zero","New Brunswick","Uranium",2038,705
"Canada Net-zero","New Brunswick","Uranium",2039,705
"Canada Net-zero","New Brunswick","Uranium",2040,705
"Canada Net-zero","New Brunswick","Uranium",2041,705
"Canada Net-zero","New Brunswick","Uranium",2042,0
"Canada Net-zero","New Brunswick","Uranium",2043,0
"Canada Net-zero","New Brunswick","Uranium",2044,679
"Canada Net-zero","New Brunswick","Uranium",2045,679
"Canada Net-zero","New Brunswick","Uranium",2046,679
"Canada Net-zero","New Brunswick","Uranium",2047,679
"Canada Net-zero","New Brunswick","Uranium",2048,679
"Canada Net-zero","New Brunswick","Uranium",2049,679
"Canada Net-zero","New Brunswick","Uranium",2050,679
"Canada Net-zero","New Brunswick","Uranium SMR",2020,0
"Canada Net-zero","New Brunswick","Uranium SMR",2021,0
"Canada Net-zero","New Brunswick","Uranium SMR",2022,0
"Canada Net-zero","New Brunswick","Uranium SMR",2023,0
"Canada Net-zero","New Brunswick","Uranium SMR",2024,0
"Canada Net-zero","New Brunswick","Uranium SMR",2025,0
"Canada Net-zero","New Brunswick","Uranium SMR",2026,0
"Canada Net-zero","New Brunswick","Uranium SMR",2027,0
"Canada Net-zero","New Brunswick","Uranium SMR",2028,0
"Canada Net-zero","New Brunswick","Uranium SMR",2029,0
"Canada Net-zero","New Brunswick","Uranium SMR",2030,0
"Canada Net-zero","New Brunswick","Uranium SMR",2031,0
"Canada Net-zero","New Brunswick","Uranium SMR",2032,0
"Canada Net-zero","New Brunswick","Uranium SMR",2033,0
"Canada Net-zero","New Brunswick","Uranium SMR",2034,0
"Canada Net-zero","New Brunswick","Uranium SMR",2035,0
"Canada Net-zero","New Brunswick","Uranium SMR",2036,134
"Canada Net-zero","New Brunswick","Uranium SMR",2037,269
"Canada Net-zero","New Brunswick","Uranium SMR",2038,403
"Canada Net-zero","New Brunswick","Uranium SMR",2039,538
"Canada Net-zero","New Brunswick","Uranium SMR",2040,672
"Canada Net-zero","New Brunswick","Uranium SMR",2041,707
"Canada Net-zero","New Brunswick","Uranium SMR",2042,742
"Canada Net-zero","New Brunswick","Uranium SMR",2043,777
"Canada Net-zero","New Brunswick","Uranium SMR",2044,812
"Canada Net-zero","New Brunswick","Uranium SMR",2045,847
"Canada Net-zero","New Brunswick","Uranium SMR",2046,895
"Canada Net-zero","New Brunswick","Uranium SMR",2047,943
"Canada Net-zero","New Brunswick","Uranium SMR",2048,991
"Canada Net-zero","New Brunswick","Uranium SMR",2049,1040
"Canada Net-zero","New Brunswick","Uranium SMR",2050,1090
"Canada Net-zero","Newfoundland and Labrador","Hydro",2020,6780
"Canada Net-zero","Newfoundland and Labrador","Hydro",2021,7610
"Canada Net-zero","Newfoundland and Labrador","Hydro",2022,7610
"Canada Net-zero","Newfoundland and Labrador","Hydro",2023,7610
"Canada Net-zero","Newfoundland and Labrador","Hydro",2024,7610
"Canada Net-zero","Newfoundland and Labrador","Hydro",2025,7610
"Canada Net-zero","Newfoundland and Labrador","Hydro",2026,7610
"Canada Net-zero","Newfoundland and Labrador","Hydro",2027,7610
"Canada Net-zero","Newfoundland and Labrador","Hydro",2028,7610
"Canada Net-zero","Newfoundland and Labrador","Hydro",2029,7610
"Canada Net-zero","Newfoundland and Labrador","Hydro",2030,7610
"Canada Net-zero","Newfoundland and Labrador","Hydro",2031,7610
"Canada Net-zero","Newfoundland and Labrador","Hydro",2032,7610
"Canada Net-zero","Newfoundland and Labrador","Hydro",2033,7610
"Canada Net-zero","Newfoundland and Labrador","Hydro",2034,7610
"Canada Net-zero","Newfoundland and Labrador","Hydro",2035,7610
"Canada Net-zero","Newfoundland and Labrador","Hydro",2036,7610
"Canada Net-zero","Newfoundland and Labrador","Hydro",2037,7610
"Canada Net-zero","Newfoundland and Labrador","Hydro",2038,7610
"Canada Net-zero","Newfoundland and Labrador","Hydro",2039,7610
"Canada Net-zero","Newfoundland and Labrador","Hydro",2040,7610
"Canada Net-zero","Newfoundland and Labrador","Hydro",2041,7610
"Canada Net-zero","Newfoundland and Labrador","Hydro",2042,7610
"Canada Net-zero","Newfoundland and Labrador","Hydro",2043,7610
"Canada Net-zero","Newfoundland and Labrador","Hydro",2044,7610
"Canada Net-zero","Newfoundland and Labrador","Hydro",2045,7610
"Canada Net-zero","Newfoundland and Labrador","Hydro",2046,7610
"Canada Net-zero","Newfoundland and Labrador","Hydro",2047,7610
"Canada Net-zero","Newfoundland and Labrador","Hydro",2048,7610
"Canada Net-zero","Newfoundland and Labrador","Hydro",2049,7610
"Canada Net-zero","Newfoundland and Labrador","Hydro",2050,7610
"Canada Net-zero","Newfoundland and Labrador","Natural Gas",2020,252
"Canada Net-zero","Newfoundland and Labrador","Natural Gas",2021,252
"Canada Net-zero","Newfoundland and Labrador","Natural Gas",2022,252
"Canada Net-zero","Newfoundland and Labrador","Natural Gas",2023,252
"Canada Net-zero","Newfoundland and Labrador","Natural Gas",2024,252
"Canada Net-zero","Newfoundland and Labrador","Natural Gas",2025,252
"Canada Net-zero","Newfoundland and Labrador","Natural Gas",2026,252
"Canada Net-zero","Newfoundland and Labrador","Natural Gas",2027,252
"Canada Net-zero","Newfoundland and Labrador","Natural Gas",2028,252
"Canada Net-zero","Newfoundland and Labrador","Natural Gas",2029,192
"Canada Net-zero","Newfoundland and Labrador","Natural Gas",2030,192
"Canada Net-zero","Newfoundland and Labrador","Natural Gas",2031,192
"Canada Net-zero","Newfoundland and Labrador","Natural Gas",2032,192
"Canada Net-zero","Newfoundland and Labrador","Natural Gas",2033,120
"Canada Net-zero","Newfoundland and Labrador","Natural Gas",2034,120
"Canada Net-zero","Newfoundland and Labrador","Natural Gas",2035,120
"Canada Net-zero","Newfoundland and Labrador","Natural Gas",2036,120
"Canada Net-zero","Newfoundland and Labrador","Natural Gas",2037,120
"Canada Net-zero","Newfoundland and Labrador","Natural Gas",2038,120
"Canada Net-zero","Newfoundland and Labrador","Natural Gas",2039,120
"Canada Net-zero","Newfoundland and Labrador","Natural Gas",2040,120
"Canada Net-zero","Newfoundland and Labrador","Natural Gas",2041,120
"Canada Net-zero","Newfoundland and Labrador","Natural Gas",2042,120
"Canada Net-zero","Newfoundland and Labrador","Natural Gas",2043,120
"Canada Net-zero","Newfoundland and Labrador","Natural Gas",2044,120
"Canada Net-zero","Newfoundland and Labrador","Natural Gas",2045,120
"Canada Net-zero","Newfoundland and Labrador","Natural Gas",2046,120
"Canada Net-zero","Newfoundland and Labrador","Natural Gas",2047,120
"Canada Net-zero","Newfoundland and Labrador","Natural Gas",2048,120
"Canada Net-zero","Newfoundland and Labrador","Natural Gas",2049,120
"Canada Net-zero","Newfoundland and Labrador","Natural Gas",2050,120
"Canada Net-zero","Newfoundland and Labrador","Oil",2020,769.8
"Canada Net-zero","Newfoundland and Labrador","Oil",2021,769.8
"Canada Net-zero","Newfoundland and Labrador","Oil",2022,769.8
"Canada Net-zero","Newfoundland and Labrador","Oil",2023,769.8
"Canada Net-zero","Newfoundland and Labrador","Oil",2024,769.8
"Canada Net-zero","Newfoundland and Labrador","Oil",2025,769.8
"Canada Net-zero","Newfoundland and Labrador","Oil",2026,769.8
"Canada Net-zero","Newfoundland and Labrador","Oil",2027,769.8
"Canada Net-zero","Newfoundland and Labrador","Oil",2028,769.8
"Canada Net-zero","Newfoundland and Labrador","Oil",2029,769.8
"Canada Net-zero","Newfoundland and Labrador","Oil",2030,769.8
"Canada Net-zero","Newfoundland and Labrador","Oil",2031,279.8
"Canada Net-zero","Newfoundland and Labrador","Oil",2032,279.8
"Canada Net-zero","Newfoundland and Labrador","Oil",2033,279.8
"Canada Net-zero","Newfoundland and Labrador","Oil",2034,279.8
"Canada Net-zero","Newfoundland and Labrador","Oil",2035,279.8
"Canada Net-zero","Newfoundland and Labrador","Oil",2036,279.8
"Canada Net-zero","Newfoundland and Labrador","Oil",2037,279.8
"Canada Net-zero","Newfoundland and Labrador","Oil",2038,279.8
"Canada Net-zero","Newfoundland and Labrador","Oil",2039,279.8
"Canada Net-zero","Newfoundland and Labrador","Oil",2040,279.8
"Canada Net-zero","Newfoundland and Labrador","Oil",2041,279.8
"Canada Net-zero","Newfoundland and Labrador","Oil",2042,279.8
"Canada Net-zero","Newfoundland and Labrador","Oil",2043,279.8
"Canada Net-zero","Newfoundland and Labrador","Oil",2044,279.8
"Canada Net-zero","Newfoundland and Labrador","Oil",2045,279.8
"Canada Net-zero","Newfoundland and Labrador","Oil",2046,279.8
"Canada Net-zero","Newfoundland and Labrador","Oil",2047,279.8
"Canada Net-zero","Newfoundland and Labrador","Oil",2048,279.8
"Canada Net-zero","Newfoundland and Labrador","Oil",2049,279.8
"Canada Net-zero","Newfoundland and Labrador","Oil",2050,279.8
"Canada Net-zero","Newfoundland and Labrador","Onshore Wind",2020,54.3
"Canada Net-zero","Newfoundland and Labrador","Onshore Wind",2021,54.3
"Canada Net-zero","Newfoundland and Labrador","Onshore Wind",2022,54.3
"Canada Net-zero","Newfoundland and Labrador","Onshore Wind",2023,54.3
"Canada Net-zero","Newfoundland and Labrador","Onshore Wind",2024,54.3
"Canada Net-zero","Newfoundland and Labrador","Onshore Wind",2025,54.3
"Canada Net-zero","Newfoundland and Labrador","Onshore Wind",2026,54.3
"Canada Net-zero","Newfoundland and Labrador","Onshore Wind",2027,54.3
"Canada Net-zero","Newfoundland and Labrador","Onshore Wind",2028,54.3
"Canada Net-zero","Newfoundland and Labrador","Onshore Wind",2029,54.3
"Canada Net-zero","Newfoundland and Labrador","Onshore Wind",2030,54.3
"Canada Net-zero","Newfoundland and Labrador","Onshore Wind",2031,54.3
"Canada Net-zero","Newfoundland and Labrador","Onshore Wind",2032,54.3
"Canada Net-zero","Newfoundland and Labrador","Onshore Wind",2033,54.3
"Canada Net-zero","Newfoundland and Labrador","Onshore Wind",2034,54.3
"Canada Net-zero","Newfoundland and Labrador","Onshore Wind",2035,54.3
"Canada Net-zero","Newfoundland and Labrador","Onshore Wind",2036,54.3
"Canada Net-zero","Newfoundland and Labrador","Onshore Wind",2037,54.3
"Canada Net-zero","Newfoundland and Labrador","Onshore Wind",2038,54.3
"Canada Net-zero","Newfoundland and Labrador","Onshore Wind",2039,54.3
"Canada Net-zero","Newfoundland and Labrador","Onshore Wind",2040,54.3
"Canada Net-zero","Newfoundland and Labrador","Onshore Wind",2041,54.3
"Canada Net-zero","Newfoundland and Labrador","Onshore Wind",2042,54.3
"Canada Net-zero","Newfoundland and Labrador","Onshore Wind",2043,54.3
"Canada Net-zero","Newfoundland and Labrador","Onshore Wind",2044,54.3
"Canada Net-zero","Newfoundland and Labrador","Onshore Wind",2045,54.3
"Canada Net-zero","Newfoundland and Labrador","Onshore Wind",2046,54.3
"Canada Net-zero","Newfoundland and Labrador","Onshore Wind",2047,54.3
"Canada Net-zero","Newfoundland and Labrador","Onshore Wind",2048,54.3
"Canada Net-zero","Newfoundland and Labrador","Onshore Wind",2049,54.3
"Canada Net-zero","Newfoundland and Labrador","Onshore Wind",2050,78.9
"Canada Net-zero","Newfoundland and Labrador","Solar (Distributed)",2020,1
"Canada Net-zero","Newfoundland and Labrador","Solar (Distributed)",2021,1
"Canada Net-zero","Newfoundland and Labrador","Solar (Distributed)",2022,1
"Canada Net-zero","Newfoundland and Labrador","Solar (Distributed)",2023,1
"Canada Net-zero","Newfoundland and Labrador","Solar (Distributed)",2024,1
"Canada Net-zero","Newfoundland and Labrador","Solar (Distributed)",2025,1
"Canada Net-zero","Newfoundland and Labrador","Solar (Distributed)",2026,2.8
"Canada Net-zero","Newfoundland and Labrador","Solar (Distributed)",2027,4.6
"Canada Net-zero","Newfoundland and Labrador","Solar (Distributed)",2028,6.4
"Canada Net-zero","Newfoundland and Labrador","Solar (Distributed)",2029,8.2
"Canada Net-zero","Newfoundland and Labrador","Solar (Distributed)",2030,10
"Canada Net-zero","Newfoundland and Labrador","Solar (Distributed)",2031,10.5
"Canada Net-zero","Newfoundland and Labrador","Solar (Distributed)",2032,11
"Canada Net-zero","Newfoundland and Labrador","Solar (Distributed)",2033,11.5
"Canada Net-zero","Newfoundland and Labrador","Solar (Distributed)",2034,12
"Canada Net-zero","Newfoundland and Labrador","Solar (Distributed)",2035,12.5
"Canada Net-zero","Newfoundland and Labrador","Solar (Distributed)",2036,13
"Canada Net-zero","Newfoundland and Labrador","Solar (Distributed)",2037,13.5
"Canada Net-zero","Newfoundland and Labrador","Solar (Distributed)",2038,14
"Canada Net-zero","Newfoundland and Labrador","Solar (Distributed)",2039,14.5
"Canada Net-zero","Newfoundland and Labrador","Solar (Distributed)",2040,15
"Canada Net-zero","Newfoundland and Labrador","Solar (Distributed)",2041,15.59159332
"Canada Net-zero","Newfoundland and Labrador","Solar (Distributed)",2042,16.18318663
"Canada Net-zero","Newfoundland and Labrador","Solar (Distributed)",2043,16.77477995
"Canada Net-zero","Newfoundland and Labrador","Solar (Distributed)",2044,17.36637327
"Canada Net-zero","Newfoundland and Labrador","Solar (Distributed)",2045,17.95796659
"Canada Net-zero","Newfoundland and Labrador","Solar (Distributed)",2046,18.5495599
"Canada Net-zero","Newfoundland and Labrador","Solar (Distributed)",2047,19.14115322
"Canada Net-zero","Newfoundland and Labrador","Solar (Distributed)",2048,19.73274654
"Canada Net-zero","Newfoundland and Labrador","Solar (Distributed)",2049,20.32433985
"Canada Net-zero","Newfoundland and Labrador","Solar (Distributed)",2050,20.91593317
"Canada Net-zero","Newfoundland and Labrador","Solar (Utility scale)",2020,0.015
"Canada Net-zero","Newfoundland and Labrador","Solar (Utility scale)",2021,0.015
"Canada Net-zero","Newfoundland and Labrador","Solar (Utility scale)",2022,0.015
"Canada Net-zero","Newfoundland and Labrador","Solar (Utility scale)",2023,0.015
"Canada Net-zero","Newfoundland and Labrador","Solar (Utility scale)",2024,0.015
"Canada Net-zero","Newfoundland and Labrador","Solar (Utility scale)",2025,0.015
"Canada Net-zero","Newfoundland and Labrador","Solar (Utility scale)",2026,0.015
"Canada Net-zero","Newfoundland and Labrador","Solar (Utility scale)",2027,0.015
"Canada Net-zero","Newfoundland and Labrador","Solar (Utility scale)",2028,0.015
"Canada Net-zero","Newfoundland and Labrador","Solar (Utility scale)",2029,0.015
"Canada Net-zero","Newfoundland and Labrador","Solar (Utility scale)",2030,0.015
"Canada Net-zero","Newfoundland and Labrador","Solar (Utility scale)",2031,0.015
"Canada Net-zero","Newfoundland and Labrador","Solar (Utility scale)",2032,0.015
"Canada Net-zero","Newfoundland and Labrador","Solar (Utility scale)",2033,0.015
"Canada Net-zero","Newfoundland and Labrador","Solar (Utility scale)",2034,0.015
"Canada Net-zero","Newfoundland and Labrador","Solar (Utility scale)",2035,0.015
"Canada Net-zero","Newfoundland and Labrador","Solar (Utility scale)",2036,0.015
"Canada Net-zero","Newfoundland and Labrador","Solar (Utility scale)",2037,0.015
"Canada Net-zero","Newfoundland and Labrador","Solar (Utility scale)",2038,0.015
"Canada Net-zero","Newfoundland and Labrador","Solar (Utility scale)",2039,0.015
"Canada Net-zero","Newfoundland and Labrador","Solar (Utility scale)",2040,0.015
"Canada Net-zero","Newfoundland and Labrador","Solar (Utility scale)",2041,0.015
"Canada Net-zero","Newfoundland and Labrador","Solar (Utility scale)",2042,0.015
"Canada Net-zero","Newfoundland and Labrador","Solar (Utility scale)",2043,0.015
"Canada Net-zero","Newfoundland and Labrador","Solar (Utility scale)",2044,0.015
"Canada Net-zero","Newfoundland and Labrador","Solar (Utility scale)",2045,0.015
"Canada Net-zero","Newfoundland and Labrador","Solar (Utility scale)",2046,0.015
"Canada Net-zero","Newfoundland and Labrador","Solar (Utility scale)",2047,0.015
"Canada Net-zero","Newfoundland and Labrador","Solar (Utility scale)",2048,0.015
"Canada Net-zero","Newfoundland and Labrador","Solar (Utility scale)",2049,0.015
"Canada Net-zero","Newfoundland and Labrador","Solar (Utility scale)",2050,0.015
"Canada Net-zero","Newfoundland and Labrador","Total",2020,7857.115
"Canada Net-zero","Newfoundland and Labrador","Total",2021,8687.115
"Canada Net-zero","Newfoundland and Labrador","Total",2022,8687.115
"Canada Net-zero","Newfoundland and Labrador","Total",2023,8687.115
"Canada Net-zero","Newfoundland and Labrador","Total",2024,8687.115
"Canada Net-zero","Newfoundland and Labrador","Total",2025,8687.115
"Canada Net-zero","Newfoundland and Labrador","Total",2026,8688.91499999999
"Canada Net-zero","Newfoundland and Labrador","Total",2027,8690.715
"Canada Net-zero","Newfoundland and Labrador","Total",2028,8692.515
"Canada Net-zero","Newfoundland and Labrador","Total",2029,8634.315
"Canada Net-zero","Newfoundland and Labrador","Total",2030,8636.115
"Canada Net-zero","Newfoundland and Labrador","Total",2031,8146.615
"Canada Net-zero","Newfoundland and Labrador","Total",2032,8147.115
"Canada Net-zero","Newfoundland and Labrador","Total",2033,8075.615
"Canada Net-zero","Newfoundland and Labrador","Total",2034,8076.115
"Canada Net-zero","Newfoundland and Labrador","Total",2035,8076.615
"Canada Net-zero","Newfoundland and Labrador","Total",2036,8077.115
"Canada Net-zero","Newfoundland and Labrador","Total",2037,8077.615
"Canada Net-zero","Newfoundland and Labrador","Total",2038,8078.115
"Canada Net-zero","Newfoundland and Labrador","Total",2039,8078.615
"Canada Net-zero","Newfoundland and Labrador","Total",2040,8079.115
"Canada Net-zero","Newfoundland and Labrador","Total",2041,8079.70659332
"Canada Net-zero","Newfoundland and Labrador","Total",2042,8080.29818663
"Canada Net-zero","Newfoundland and Labrador","Total",2043,8080.88977995
"Canada Net-zero","Newfoundland and Labrador","Total",2044,8081.48137327
"Canada Net-zero","Newfoundland and Labrador","Total",2045,8082.07296659
"Canada Net-zero","Newfoundland and Labrador","Total",2046,8082.6645599
"Canada Net-zero","Newfoundland and Labrador","Total",2047,8083.25615322
"Canada Net-zero","Newfoundland and Labrador","Total",2048,8083.84774654
"Canada Net-zero","Newfoundland and Labrador","Total",2049,8084.43933985
"Canada Net-zero","Newfoundland and Labrador","Total",2050,8109.63093317
"Canada Net-zero","Nova Scotia","Battery Storage",2020,0
"Canada Net-zero","Nova Scotia","Battery Storage",2021,0
"Canada Net-zero","Nova Scotia","Battery Storage",2022,0
"Canada Net-zero","Nova Scotia","Battery Storage",2023,0
"Canada Net-zero","Nova Scotia","Battery Storage",2024,0
"Canada Net-zero","Nova Scotia","Battery Storage",2025,0
"Canada Net-zero","Nova Scotia","Battery Storage",2026,0
"Canada Net-zero","Nova Scotia","Battery Storage",2027,0
"Canada Net-zero","Nova Scotia","Battery Storage",2028,0
"Canada Net-zero","Nova Scotia","Battery Storage",2029,0
"Canada Net-zero","Nova Scotia","Battery Storage",2030,0
"Canada Net-zero","Nova Scotia","Battery Storage",2031,0
"Canada Net-zero","Nova Scotia","Battery Storage",2032,0
"Canada Net-zero","Nova Scotia","Battery Storage",2033,0
"Canada Net-zero","Nova Scotia","Battery Storage",2034,0
"Canada Net-zero","Nova Scotia","Battery Storage",2035,410
"Canada Net-zero","Nova Scotia","Battery Storage",2036,410
"Canada Net-zero","Nova Scotia","Battery Storage",2037,410
"Canada Net-zero","Nova Scotia","Battery Storage",2038,410
"Canada Net-zero","Nova Scotia","Battery Storage",2039,410
"Canada Net-zero","Nova Scotia","Battery Storage",2040,410
"Canada Net-zero","Nova Scotia","Battery Storage",2041,410
"Canada Net-zero","Nova Scotia","Battery Storage",2042,410
"Canada Net-zero","Nova Scotia","Battery Storage",2043,410
"Canada Net-zero","Nova Scotia","Battery Storage",2044,410
"Canada Net-zero","Nova Scotia","Battery Storage",2045,410
"Canada Net-zero","Nova Scotia","Battery Storage",2046,410
"Canada Net-zero","Nova Scotia","Battery Storage",2047,410
"Canada Net-zero","Nova Scotia","Battery Storage",2048,410
"Canada Net-zero","Nova Scotia","Battery Storage",2049,410
"Canada Net-zero","Nova Scotia","Battery Storage",2050,410
"Canada Net-zero","Nova Scotia","Bioenergy",2020,113
"Canada Net-zero","Nova Scotia","Bioenergy",2021,113
"Canada Net-zero","Nova Scotia","Bioenergy",2022,113
"Canada Net-zero","Nova Scotia","Bioenergy",2023,113
"Canada Net-zero","Nova Scotia","Bioenergy",2024,113
"Canada Net-zero","Nova Scotia","Bioenergy",2025,113
"Canada Net-zero","Nova Scotia","Bioenergy",2026,113
"Canada Net-zero","Nova Scotia","Bioenergy",2027,113
"Canada Net-zero","Nova Scotia","Bioenergy",2028,113
"Canada Net-zero","Nova Scotia","Bioenergy",2029,113
"Canada Net-zero","Nova Scotia","Bioenergy",2030,113
"Canada Net-zero","Nova Scotia","Bioenergy",2031,113
"Canada Net-zero","Nova Scotia","Bioenergy",2032,113
"Canada Net-zero","Nova Scotia","Bioenergy",2033,113
"Canada Net-zero","Nova Scotia","Bioenergy",2034,113
"Canada Net-zero","Nova Scotia","Bioenergy",2035,113
"Canada Net-zero","Nova Scotia","Bioenergy",2036,113
"Canada Net-zero","Nova Scotia","Bioenergy",2037,113
"Canada Net-zero","Nova Scotia","Bioenergy",2038,113
"Canada Net-zero","Nova Scotia","Bioenergy",2039,113
"Canada Net-zero","Nova Scotia","Bioenergy",2040,113
"Canada Net-zero","Nova Scotia","Bioenergy",2041,113
"Canada Net-zero","Nova Scotia","Bioenergy",2042,113
"Canada Net-zero","Nova Scotia","Bioenergy",2043,113
"Canada Net-zero","Nova Scotia","Bioenergy",2044,113
"Canada Net-zero","Nova Scotia","Bioenergy",2045,113
"Canada Net-zero","Nova Scotia","Bioenergy",2046,113
"Canada Net-zero","Nova Scotia","Bioenergy",2047,113
"Canada Net-zero","Nova Scotia","Bioenergy",2048,113
"Canada Net-zero","Nova Scotia","Bioenergy",2049,113
"Canada Net-zero","Nova Scotia","Bioenergy",2050,113
"Canada Net-zero","Nova Scotia","Coal and Coke",2020,1133
"Canada Net-zero","Nova Scotia","Coal and Coke",2021,1133
"Canada Net-zero","Nova Scotia","Coal and Coke",2022,1133
"Canada Net-zero","Nova Scotia","Coal and Coke",2023,1133
"Canada Net-zero","Nova Scotia","Coal and Coke",2024,1133
"Canada Net-zero","Nova Scotia","Coal and Coke",2025,1133
"Canada Net-zero","Nova Scotia","Coal and Coke",2026,1133
"Canada Net-zero","Nova Scotia","Coal and Coke",2027,1133
"Canada Net-zero","Nova Scotia","Coal and Coke",2028,1133
"Canada Net-zero","Nova Scotia","Coal and Coke",2029,1133
"Canada Net-zero","Nova Scotia","Coal and Coke",2030,1133
"Canada Net-zero","Nova Scotia","Coal and Coke",2031,0
"Canada Net-zero","Nova Scotia","Coal and Coke",2032,0
"Canada Net-zero","Nova Scotia","Coal and Coke",2033,0
"Canada Net-zero","Nova Scotia","Coal and Coke",2034,0
"Canada Net-zero","Nova Scotia","Coal and Coke",2035,0
"Canada Net-zero","Nova Scotia","Coal and Coke",2036,0
"Canada Net-zero","Nova Scotia","Coal and Coke",2037,0
"Canada Net-zero","Nova Scotia","Coal and Coke",2038,0
"Canada Net-zero","Nova Scotia","Coal and Coke",2039,0
"Canada Net-zero","Nova Scotia","Coal and Coke",2040,0
"Canada Net-zero","Nova Scotia","Coal and Coke",2041,0
"Canada Net-zero","Nova Scotia","Coal and Coke",2042,0
"Canada Net-zero","Nova Scotia","Coal and Coke",2043,0
"Canada Net-zero","Nova Scotia","Coal and Coke",2044,0
"Canada Net-zero","Nova Scotia","Coal and Coke",2045,0
"Canada Net-zero","Nova Scotia","Coal and Coke",2046,0
"Canada Net-zero","Nova Scotia","Coal and Coke",2047,0
"Canada Net-zero","Nova Scotia","Coal and Coke",2048,0
"Canada Net-zero","Nova Scotia","Coal and Coke",2049,0
"Canada Net-zero","Nova Scotia","Coal and Coke",2050,0
"Canada Net-zero","Nova Scotia","Hydro",2020,389
"Canada Net-zero","Nova Scotia","Hydro",2021,389
"Canada Net-zero","Nova Scotia","Hydro",2022,389
"Canada Net-zero","Nova Scotia","Hydro",2023,389
"Canada Net-zero","Nova Scotia","Hydro",2024,389
"Canada Net-zero","Nova Scotia","Hydro",2025,389
"Canada Net-zero","Nova Scotia","Hydro",2026,389
"Canada Net-zero","Nova Scotia","Hydro",2027,389
"Canada Net-zero","Nova Scotia","Hydro",2028,389
"Canada Net-zero","Nova Scotia","Hydro",2029,389
"Canada Net-zero","Nova Scotia","Hydro",2030,389
"Canada Net-zero","Nova Scotia","Hydro",2031,389
"Canada Net-zero","Nova Scotia","Hydro",2032,389
"Canada Net-zero","Nova Scotia","Hydro",2033,389
"Canada Net-zero","Nova Scotia","Hydro",2034,389
"Canada Net-zero","Nova Scotia","Hydro",2035,389
"Canada Net-zero","Nova Scotia","Hydro",2036,389
"Canada Net-zero","Nova Scotia","Hydro",2037,389
"Canada Net-zero","Nova Scotia","Hydro",2038,389
"Canada Net-zero","Nova Scotia","Hydro",2039,389
"Canada Net-zero","Nova Scotia","Hydro",2040,389
"Canada Net-zero","Nova Scotia","Hydro",2041,389
"Canada Net-zero","Nova Scotia","Hydro",2042,389
"Canada Net-zero","Nova Scotia","Hydro",2043,389
"Canada Net-zero","Nova Scotia","Hydro",2044,389
"Canada Net-zero","Nova Scotia","Hydro",2045,389
"Canada Net-zero","Nova Scotia","Hydro",2046,389
"Canada Net-zero","Nova Scotia","Hydro",2047,389
"Canada Net-zero","Nova Scotia","Hydro",2048,389
"Canada Net-zero","Nova Scotia","Hydro",2049,389
"Canada Net-zero","Nova Scotia","Hydro",2050,389
"Canada Net-zero","Nova Scotia","Natural Gas",2020,378
"Canada Net-zero","Nova Scotia","Natural Gas",2021,378
"Canada Net-zero","Nova Scotia","Natural Gas",2022,678
"Canada Net-zero","Nova Scotia","Natural Gas",2023,678
"Canada Net-zero","Nova Scotia","Natural Gas",2024,678
"Canada Net-zero","Nova Scotia","Natural Gas",2025,853
"Canada Net-zero","Nova Scotia","Natural Gas",2026,724
"Canada Net-zero","Nova Scotia","Natural Gas",2027,724
"Canada Net-zero","Nova Scotia","Natural Gas",2028,724
"Canada Net-zero","Nova Scotia","Natural Gas",2029,724
"Canada Net-zero","Nova Scotia","Natural Gas",2030,1470
"Canada Net-zero","Nova Scotia","Natural Gas",2031,1470
"Canada Net-zero","Nova Scotia","Natural Gas",2032,1470
"Canada Net-zero","Nova Scotia","Natural Gas",2033,1380
"Canada Net-zero","Nova Scotia","Natural Gas",2034,1380
"Canada Net-zero","Nova Scotia","Natural Gas",2035,1380
"Canada Net-zero","Nova Scotia","Natural Gas",2036,1380
"Canada Net-zero","Nova Scotia","Natural Gas",2037,1380
"Canada Net-zero","Nova Scotia","Natural Gas",2038,1380
"Canada Net-zero","Nova Scotia","Natural Gas",2039,1380
"Canada Net-zero","Nova Scotia","Natural Gas",2040,1380
"Canada Net-zero","Nova Scotia","Natural Gas",2041,1380
"Canada Net-zero","Nova Scotia","Natural Gas",2042,1380
"Canada Net-zero","Nova Scotia","Natural Gas",2043,1380
"Canada Net-zero","Nova Scotia","Natural Gas",2044,1380
"Canada Net-zero","Nova Scotia","Natural Gas",2045,1380
"Canada Net-zero","Nova Scotia","Natural Gas",2046,1380
"Canada Net-zero","Nova Scotia","Natural Gas",2047,1380
"Canada Net-zero","Nova Scotia","Natural Gas",2048,1380
"Canada Net-zero","Nova Scotia","Natural Gas",2049,1380
"Canada Net-zero","Nova Scotia","Natural Gas",2050,1380
"Canada Net-zero","Nova Scotia","Offshore Wind",2020,0
"Canada Net-zero","Nova Scotia","Offshore Wind",2021,0
"Canada Net-zero","Nova Scotia","Offshore Wind",2022,0
"Canada Net-zero","Nova Scotia","Offshore Wind",2023,0
"Canada Net-zero","Nova Scotia","Offshore Wind",2024,0
"Canada Net-zero","Nova Scotia","Offshore Wind",2025,0
"Canada Net-zero","Nova Scotia","Offshore Wind",2026,400
"Canada Net-zero","Nova Scotia","Offshore Wind",2027,800
"Canada Net-zero","Nova Scotia","Offshore Wind",2028,1200
"Canada Net-zero","Nova Scotia","Offshore Wind",2029,1600
"Canada Net-zero","Nova Scotia","Offshore Wind",2030,2000
"Canada Net-zero","Nova Scotia","Offshore Wind",2031,2600
"Canada Net-zero","Nova Scotia","Offshore Wind",2032,3200
"Canada Net-zero","Nova Scotia","Offshore Wind",2033,3800
"Canada Net-zero","Nova Scotia","Offshore Wind",2034,4400
"Canada Net-zero","Nova Scotia","Offshore Wind",2035,5000
"Canada Net-zero","Nova Scotia","Offshore Wind",2036,5000
"Canada Net-zero","Nova Scotia","Offshore Wind",2037,5000
"Canada Net-zero","Nova Scotia","Offshore Wind",2038,5000
"Canada Net-zero","Nova Scotia","Offshore Wind",2039,5000
"Canada Net-zero","Nova Scotia","Offshore Wind",2040,5000
"Canada Net-zero","Nova Scotia","Offshore Wind",2041,5000
"Canada Net-zero","Nova Scotia","Offshore Wind",2042,5000
"Canada Net-zero","Nova Scotia","Offshore Wind",2043,5000
"Canada Net-zero","Nova Scotia","Offshore Wind",2044,5000
"Canada Net-zero","Nova Scotia","Offshore Wind",2045,5000
"Canada Net-zero","Nova Scotia","Offshore Wind",2046,5000
"Canada Net-zero","Nova Scotia","Offshore Wind",2047,5000
"Canada Net-zero","Nova Scotia","Offshore Wind",2048,5000
"Canada Net-zero","Nova Scotia","Offshore Wind",2049,5000
"Canada Net-zero","Nova Scotia","Offshore Wind",2050,5000
"Canada Net-zero","Nova Scotia","Oil",2020,222
"Canada Net-zero","Nova Scotia","Oil",2021,222
"Canada Net-zero","Nova Scotia","Oil",2022,222
"Canada Net-zero","Nova Scotia","Oil",2023,222
"Canada Net-zero","Nova Scotia","Oil",2024,222
"Canada Net-zero","Nova Scotia","Oil",2025,222
"Canada Net-zero","Nova Scotia","Oil",2026,222
"Canada Net-zero","Nova Scotia","Oil",2027,222
"Canada Net-zero","Nova Scotia","Oil",2028,222
"Canada Net-zero","Nova Scotia","Oil",2029,222
"Canada Net-zero","Nova Scotia","Oil",2030,222
"Canada Net-zero","Nova Scotia","Oil",2031,222
"Canada Net-zero","Nova Scotia","Oil",2032,222
"Canada Net-zero","Nova Scotia","Oil",2033,222
"Canada Net-zero","Nova Scotia","Oil",2034,222
"Canada Net-zero","Nova Scotia","Oil",2035,222
"Canada Net-zero","Nova Scotia","Oil",2036,222
"Canada Net-zero","Nova Scotia","Oil",2037,222
"Canada Net-zero","Nova Scotia","Oil",2038,222
"Canada Net-zero","Nova Scotia","Oil",2039,222
"Canada Net-zero","Nova Scotia","Oil",2040,222
"Canada Net-zero","Nova Scotia","Oil",2041,222
"Canada Net-zero","Nova Scotia","Oil",2042,222
"Canada Net-zero","Nova Scotia","Oil",2043,222
"Canada Net-zero","Nova Scotia","Oil",2044,222
"Canada Net-zero","Nova Scotia","Oil",2045,222
"Canada Net-zero","Nova Scotia","Oil",2046,222
"Canada Net-zero","Nova Scotia","Oil",2047,222
"Canada Net-zero","Nova Scotia","Oil",2048,222
"Canada Net-zero","Nova Scotia","Oil",2049,222
"Canada Net-zero","Nova Scotia","Oil",2050,222
"Canada Net-zero","Nova Scotia","Onshore Wind",2020,603
"Canada Net-zero","Nova Scotia","Onshore Wind",2021,603
"Canada Net-zero","Nova Scotia","Onshore Wind",2022,603
"Canada Net-zero","Nova Scotia","Onshore Wind",2023,603
"Canada Net-zero","Nova Scotia","Onshore Wind",2024,603
"Canada Net-zero","Nova Scotia","Onshore Wind",2025,603
"Canada Net-zero","Nova Scotia","Onshore Wind",2026,603
"Canada Net-zero","Nova Scotia","Onshore Wind",2027,603
"Canada Net-zero","Nova Scotia","Onshore Wind",2028,603
"Canada Net-zero","Nova Scotia","Onshore Wind",2029,603
"Canada Net-zero","Nova Scotia","Onshore Wind",2030,603
"Canada Net-zero","Nova Scotia","Onshore Wind",2031,603
"Canada Net-zero","Nova Scotia","Onshore Wind",2032,603
"Canada Net-zero","Nova Scotia","Onshore Wind",2033,603
"Canada Net-zero","Nova Scotia","Onshore Wind",2034,603
"Canada Net-zero","Nova Scotia","Onshore Wind",2035,603
"Canada Net-zero","Nova Scotia","Onshore Wind",2036,603
"Canada Net-zero","Nova Scotia","Onshore Wind",2037,603
"Canada Net-zero","Nova Scotia","Onshore Wind",2038,603
"Canada Net-zero","Nova Scotia","Onshore Wind",2039,603
"Canada Net-zero","Nova Scotia","Onshore Wind",2040,603
"Canada Net-zero","Nova Scotia","Onshore Wind",2041,603
"Canada Net-zero","Nova Scotia","Onshore Wind",2042,603
"Canada Net-zero","Nova Scotia","Onshore Wind",2043,603
"Canada Net-zero","Nova Scotia","Onshore Wind",2044,603
"Canada Net-zero","Nova Scotia","Onshore Wind",2045,603
"Canada Net-zero","Nova Scotia","Onshore Wind",2046,667
"Canada Net-zero","Nova Scotia","Onshore Wind",2047,730
"Canada Net-zero","Nova Scotia","Onshore Wind",2048,794
"Canada Net-zero","Nova Scotia","Onshore Wind",2049,857
"Canada Net-zero","Nova Scotia","Onshore Wind",2050,921
"Canada Net-zero","Nova Scotia","Solar (Distributed)",2020,1
"Canada Net-zero","Nova Scotia","Solar (Distributed)",2021,1
"Canada Net-zero","Nova Scotia","Solar (Distributed)",2022,1
"Canada Net-zero","Nova Scotia","Solar (Distributed)",2023,1
"Canada Net-zero","Nova Scotia","Solar (Distributed)",2024,1
"Canada Net-zero","Nova Scotia","Solar (Distributed)",2025,1
"Canada Net-zero","Nova Scotia","Solar (Distributed)",2026,2.8
"Canada Net-zero","Nova Scotia","Solar (Distributed)",2027,4.6
"Canada Net-zero","Nova Scotia","Solar (Distributed)",2028,6.4
"Canada Net-zero","Nova Scotia","Solar (Distributed)",2029,8.2
"Canada Net-zero","Nova Scotia","Solar (Distributed)",2030,10
"Canada Net-zero","Nova Scotia","Solar (Distributed)",2031,10.5
"Canada Net-zero","Nova Scotia","Solar (Distributed)",2032,11
"Canada Net-zero","Nova Scotia","Solar (Distributed)",2033,11.5
"Canada Net-zero","Nova Scotia","Solar (Distributed)",2034,12
"Canada Net-zero","Nova Scotia","Solar (Distributed)",2035,12.5
"Canada Net-zero","Nova Scotia","Solar (Distributed)",2036,13
"Canada Net-zero","Nova Scotia","Solar (Distributed)",2037,13.5
"Canada Net-zero","Nova Scotia","Solar (Distributed)",2038,14
"Canada Net-zero","Nova Scotia","Solar (Distributed)",2039,14.5
"Canada Net-zero","Nova Scotia","Solar (Distributed)",2040,15
"Canada Net-zero","Nova Scotia","Solar (Distributed)",2041,16.63970625
"Canada Net-zero","Nova Scotia","Solar (Distributed)",2042,18.2794125
"Canada Net-zero","Nova Scotia","Solar (Distributed)",2043,19.91911875
"Canada Net-zero","Nova Scotia","Solar (Distributed)",2044,21.558825
"Canada Net-zero","Nova Scotia","Solar (Distributed)",2045,23.19853125
"Canada Net-zero","Nova Scotia","Solar (Distributed)",2046,24.83823749
"Canada Net-zero","Nova Scotia","Solar (Distributed)",2047,26.47794374
"Canada Net-zero","Nova Scotia","Solar (Distributed)",2048,28.11764999
"Canada Net-zero","Nova Scotia","Solar (Distributed)",2049,29.75735624
"Canada Net-zero","Nova Scotia","Solar (Distributed)",2050,31.39706249
"Canada Net-zero","Nova Scotia","Solar (Utility scale)",2020,0.365
"Canada Net-zero","Nova Scotia","Solar (Utility scale)",2021,0.365
"Canada Net-zero","Nova Scotia","Solar (Utility scale)",2022,0.365
"Canada Net-zero","Nova Scotia","Solar (Utility scale)",2023,0.365
"Canada Net-zero","Nova Scotia","Solar (Utility scale)",2024,0.365
"Canada Net-zero","Nova Scotia","Solar (Utility scale)",2025,0.365
"Canada Net-zero","Nova Scotia","Solar (Utility scale)",2026,0.365
"Canada Net-zero","Nova Scotia","Solar (Utility scale)",2027,0.365
"Canada Net-zero","Nova Scotia","Solar (Utility scale)",2028,0.365
"Canada Net-zero","Nova Scotia","Solar (Utility scale)",2029,0.365
"Canada Net-zero","Nova Scotia","Solar (Utility scale)",2030,0.365
"Canada Net-zero","Nova Scotia","Solar (Utility scale)",2031,0.365
"Canada Net-zero","Nova Scotia","Solar (Utility scale)",2032,0.365
"Canada Net-zero","Nova Scotia","Solar (Utility scale)",2033,0.365
"Canada Net-zero","Nova Scotia","Solar (Utility scale)",2034,0.365
"Canada Net-zero","Nova Scotia","Solar (Utility scale)",2035,0.365
"Canada Net-zero","Nova Scotia","Solar (Utility scale)",2036,0.365
"Canada Net-zero","Nova Scotia","Solar (Utility scale)",2037,0.365
"Canada Net-zero","Nova Scotia","Solar (Utility scale)",2038,0.365
"Canada Net-zero","Nova Scotia","Solar (Utility scale)",2039,0.365
"Canada Net-zero","Nova Scotia","Solar (Utility scale)",2040,0.365
"Canada Net-zero","Nova Scotia","Solar (Utility scale)",2041,0.365
"Canada Net-zero","Nova Scotia","Solar (Utility scale)",2042,0.365
"Canada Net-zero","Nova Scotia","Solar (Utility scale)",2043,0.365
"Canada Net-zero","Nova Scotia","Solar (Utility scale)",2044,0.365
"Canada Net-zero","Nova Scotia","Solar (Utility scale)",2045,0.365
"Canada Net-zero","Nova Scotia","Solar (Utility scale)",2046,0.365
"Canada Net-zero","Nova Scotia","Solar (Utility scale)",2047,0.365
"Canada Net-zero","Nova Scotia","Solar (Utility scale)",2048,0.365
"Canada Net-zero","Nova Scotia","Solar (Utility scale)",2049,0.365
"Canada Net-zero","Nova Scotia","Solar (Utility scale)",2050,0.365
"Canada Net-zero","Nova Scotia","Total",2020,2839.365
"Canada Net-zero","Nova Scotia","Total",2021,2839.365
"Canada Net-zero","Nova Scotia","Total",2022,3139.365
"Canada Net-zero","Nova Scotia","Total",2023,3139.365
"Canada Net-zero","Nova Scotia","Total",2024,3139.365
"Canada Net-zero","Nova Scotia","Total",2025,3314.365
"Canada Net-zero","Nova Scotia","Total",2026,3587.165
"Canada Net-zero","Nova Scotia","Total",2027,3988.965
"Canada Net-zero","Nova Scotia","Total",2028,4390.765
"Canada Net-zero","Nova Scotia","Total",2029,4792.565
"Canada Net-zero","Nova Scotia","Total",2030,5940.365
"Canada Net-zero","Nova Scotia","Total",2031,5407.865
"Canada Net-zero","Nova Scotia","Total",2032,6008.365
"Canada Net-zero","Nova Scotia","Total",2033,6518.865
"Canada Net-zero","Nova Scotia","Total",2034,7119.365
"Canada Net-zero","Nova Scotia","Total",2035,8129.865
"Canada Net-zero","Nova Scotia","Total",2036,8130.365
"Canada Net-zero","Nova Scotia","Total",2037,8130.865
"Canada Net-zero","Nova Scotia","Total",2038,8131.365
"Canada Net-zero","Nova Scotia","Total",2039,8131.865
"Canada Net-zero","Nova Scotia","Total",2040,8132.365
"Canada Net-zero","Nova Scotia","Total",2041,8134.00470625
"Canada Net-zero","Nova Scotia","Total",2042,8135.6444125
"Canada Net-zero","Nova Scotia","Total",2043,8137.28411875
"Canada Net-zero","Nova Scotia","Total",2044,8138.923825
"Canada Net-zero","Nova Scotia","Total",2045,8140.56353125
"Canada Net-zero","Nova Scotia","Total",2046,8206.20323749
"Canada Net-zero","Nova Scotia","Total",2047,8270.84294374
"Canada Net-zero","Nova Scotia","Total",2048,8336.48264999
"Canada Net-zero","Nova Scotia","Total",2049,8401.12235624
"Canada Net-zero","Nova Scotia","Total",2050,8466.76206249
"Canada Net-zero","Northwest Territories","Hydro",2020,55.5
"Canada Net-zero","Northwest Territories","Hydro",2021,55.5
"Canada Net-zero","Northwest Territories","Hydro",2022,55.5
"Canada Net-zero","Northwest Territories","Hydro",2023,55.5
"Canada Net-zero","Northwest Territories","Hydro",2024,115
"Canada Net-zero","Northwest Territories","Hydro",2025,115
"Canada Net-zero","Northwest Territories","Hydro",2026,115
"Canada Net-zero","Northwest Territories","Hydro",2027,115
"Canada Net-zero","Northwest Territories","Hydro",2028,115
"Canada Net-zero","Northwest Territories","Hydro",2029,115
"Canada Net-zero","Northwest Territories","Hydro",2030,115
"Canada Net-zero","Northwest Territories","Hydro",2031,115
"Canada Net-zero","Northwest Territories","Hydro",2032,115
"Canada Net-zero","Northwest Territories","Hydro",2033,115
"Canada Net-zero","Northwest Territories","Hydro",2034,115
"Canada Net-zero","Northwest Territories","Hydro",2035,132
"Canada Net-zero","Northwest Territories","Hydro",2036,132
"Canada Net-zero","Northwest Territories","Hydro",2037,132
"Canada Net-zero","Northwest Territories","Hydro",2038,132
"Canada Net-zero","Northwest Territories","Hydro",2039,132
"Canada Net-zero","Northwest Territories","Hydro",2040,135
"Canada Net-zero","Northwest Territories","Hydro",2041,135
"Canada Net-zero","Northwest Territories","Hydro",2042,135
"Canada Net-zero","Northwest Territories","Hydro",2043,135
"Canada Net-zero","Northwest Territories","Hydro",2044,135
"Canada Net-zero","Northwest Territories","Hydro",2045,135
"Canada Net-zero","Northwest Territories","Hydro",2046,135
"Canada Net-zero","Northwest Territories","Hydro",2047,135
"Canada Net-zero","Northwest Territories","Hydro",2048,135
"Canada Net-zero","Northwest Territories","Hydro",2049,135
"Canada Net-zero","Northwest Territories","Hydro",2050,135
"Canada Net-zero","Northwest Territories","Natural Gas",2020,7.8
"Canada Net-zero","Northwest Territories","Natural Gas",2021,7.8
"Canada Net-zero","Northwest Territories","Natural Gas",2022,7.8
"Canada Net-zero","Northwest Territories","Natural Gas",2023,7.8
"Canada Net-zero","Northwest Territories","Natural Gas",2024,12.8
"Canada Net-zero","Northwest Territories","Natural Gas",2025,17.8
"Canada Net-zero","Northwest Territories","Natural Gas",2026,17.8
"Canada Net-zero","Northwest Territories","Natural Gas",2027,17.8
"Canada Net-zero","Northwest Territories","Natural Gas",2028,17.8
"Canada Net-zero","Northwest Territories","Natural Gas",2029,17.8
"Canada Net-zero","Northwest Territories","Natural Gas",2030,17.8
"Canada Net-zero","Northwest Territories","Natural Gas",2031,17.8
"Canada Net-zero","Northwest Territories","Natural Gas",2032,17.8
"Canada Net-zero","Northwest Territories","Natural Gas",2033,17.8
"Canada Net-zero","Northwest Territories","Natural Gas",2034,17.8
"Canada Net-zero","Northwest Territories","Natural Gas",2035,10
"Canada Net-zero","Northwest Territories","Natural Gas",2036,10
"Canada Net-zero","Northwest Territories","Natural Gas",2037,10
"Canada Net-zero","Northwest Territories","Natural Gas",2038,10
"Canada Net-zero","Northwest Territories","Natural Gas",2039,10
"Canada Net-zero","Northwest Territories","Natural Gas",2040,10
"Canada Net-zero","Northwest Territories","Natural Gas",2041,10
"Canada Net-zero","Northwest Territories","Natural Gas",2042,10
"Canada Net-zero","Northwest Territories","Natural Gas",2043,10
"Canada Net-zero","Northwest Territories","Natural Gas",2044,10
"Canada Net-zero","Northwest Territories","Natural Gas",2045,10
"Canada Net-zero","Northwest Territories","Natural Gas",2046,10
"Canada Net-zero","Northwest Territories","Natural Gas",2047,10
"Canada Net-zero","Northwest Territories","Natural Gas",2048,10
"Canada Net-zero","Northwest Territories","Natural Gas",2049,10
"Canada Net-zero","Northwest Territories","Natural Gas",2050,10
"Canada Net-zero","Northwest Territories","Oil",2020,159
"Canada Net-zero","Northwest Territories","Oil",2021,159
"Canada Net-zero","Northwest Territories","Oil",2022,159
"Canada Net-zero","Northwest Territories","Oil",2023,159
"Canada Net-zero","Northwest Territories","Oil",2024,159
"Canada Net-zero","Northwest Territories","Oil",2025,159
"Canada Net-zero","Northwest Territories","Oil",2026,115
"Canada Net-zero","Northwest Territories","Oil",2027,115
"Canada Net-zero","Northwest Territories","Oil",2028,115
"Canada Net-zero","Northwest Territories","Oil",2029,115
"Canada Net-zero","Northwest Territories","Oil",2030,89.2
"Canada Net-zero","Northwest Territories","Oil",2031,89.2
"Canada Net-zero","Northwest Territories","Oil",2032,89.2
"Canada Net-zero","Northwest Territories","Oil",2033,89.2
"Canada Net-zero","Northwest Territories","Oil",2034,89.2
"Canada Net-zero","Northwest Territories","Oil",2035,89.2
"Canada Net-zero","Northwest Territories","Oil",2036,89.2
"Canada Net-zero","Northwest Territories","Oil",2037,89.2
"Canada Net-zero","Northwest Territories","Oil",2038,89.2
"Canada Net-zero","Northwest Territories","Oil",2039,89.2
"Canada Net-zero","Northwest Territories","Oil",2040,89.2
"Canada Net-zero","Northwest Territories","Oil",2041,89.2
"Canada Net-zero","Northwest Territories","Oil",2042,89.2
"Canada Net-zero","Northwest Territories","Oil",2043,89.2
"Canada Net-zero","Northwest Territories","Oil",2044,89.2
"Canada Net-zero","Northwest Territories","Oil",2045,89.2
"Canada Net-zero","Northwest Territories","Oil",2046,89.2
"Canada Net-zero","Northwest Territories","Oil",2047,89.2
"Canada Net-zero","Northwest Territories","Oil",2048,89.2
"Canada Net-zero","Northwest Territories","Oil",2049,89.2
"Canada Net-zero","Northwest Territories","Oil",2050,89.2
"Canada Net-zero","Northwest Territories","Onshore Wind",2020,9.2
"Canada Net-zero","Northwest Territories","Onshore Wind",2021,9.2
"Canada Net-zero","Northwest Territories","Onshore Wind",2022,13.2
"Canada Net-zero","Northwest Territories","Onshore Wind",2023,13.2
"Canada Net-zero","Northwest Territories","Onshore Wind",2024,13.2
"Canada Net-zero","Northwest Territories","Onshore Wind",2025,13.2
"Canada Net-zero","Northwest Territories","Onshore Wind",2026,13.2
"Canada Net-zero","Northwest Territories","Onshore Wind",2027,13.2
"Canada Net-zero","Northwest Territories","Onshore Wind",2028,13.2
"Canada Net-zero","Northwest Territories","Onshore Wind",2029,13.2
"Canada Net-zero","Northwest Territories","Onshore Wind",2030,19.6
"Canada Net-zero","Northwest Territories","Onshore Wind",2031,19.6
"Canada Net-zero","Northwest Territories","Onshore Wind",2032,19.6
"Canada Net-zero","Northwest Territories","Onshore Wind",2033,19.6
"Canada Net-zero","Northwest Territories","Onshore Wind",2034,19.6
"Canada Net-zero","Northwest Territories","Onshore Wind",2035,25.8
"Canada Net-zero","Northwest Territories","Onshore Wind",2036,25.8
"Canada Net-zero","Northwest Territories","Onshore Wind",2037,25.8
"Canada Net-zero","Northwest Territories","Onshore Wind",2038,25.8
"Canada Net-zero","Northwest Territories","Onshore Wind",2039,25.8
"Canada Net-zero","Northwest Territories","Onshore Wind",2040,32.1
"Canada Net-zero","Northwest Territories","Onshore Wind",2041,32.1
"Canada Net-zero","Northwest Territories","Onshore Wind",2042,32.1
"Canada Net-zero","Northwest Territories","Onshore Wind",2043,32.1
"Canada Net-zero","Northwest Territories","Onshore Wind",2044,32.1
"Canada Net-zero","Northwest Territories","Onshore Wind",2045,41.7
"Canada Net-zero","Northwest Territories","Onshore Wind",2046,41.7
"Canada Net-zero","Northwest Territories","Onshore Wind",2047,41.7
"Canada Net-zero","Northwest Territories","Onshore Wind",2048,41.7
"Canada Net-zero","Northwest Territories","Onshore Wind",2049,41.7
"Canada Net-zero","Northwest Territories","Onshore Wind",2050,45.3
"Canada Net-zero","Northwest Territories","Solar (Distributed)",2020,0.05
"Canada Net-zero","Northwest Territories","Solar (Distributed)",2021,0.120555635
"Canada Net-zero","Northwest Territories","Solar (Distributed)",2022,0.19111127
"Canada Net-zero","Northwest Territories","Solar (Distributed)",2023,0.261666905
"Canada Net-zero","Northwest Territories","Solar (Distributed)",2024,0.33222254
"Canada Net-zero","Northwest Territories","Solar (Distributed)",2025,0.402778175
"Canada Net-zero","Northwest Territories","Solar (Distributed)",2026,0.47333381
"Canada Net-zero","Northwest Territories","Solar (Distributed)",2027,0.543889445
"Canada Net-zero","Northwest Territories","Solar (Distributed)",2028,0.61444508
"Canada Net-zero","Northwest Territories","Solar (Distributed)",2029,0.685000715
"Canada Net-zero","Northwest Territories","Solar (Distributed)",2030,0.75555635
"Canada Net-zero","Northwest Territories","Solar (Distributed)",2031,0.753732847
"Canada Net-zero","Northwest Territories","Solar (Distributed)",2032,0.751909344
"Canada Net-zero","Northwest Territories","Solar (Distributed)",2033,0.75008584
"Canada Net-zero","Northwest Territories","Solar (Distributed)",2034,0.748262337
"Canada Net-zero","Northwest Territories","Solar (Distributed)",2035,0.746438834
"Canada Net-zero","Northwest Territories","Solar (Distributed)",2036,0.744615331
"Canada Net-zero","Northwest Territories","Solar (Distributed)",2037,0.742791828
"Canada Net-zero","Northwest Territories","Solar (Distributed)",2038,0.740968324
"Canada Net-zero","Northwest Territories","Solar (Distributed)",2039,0.739144821
"Canada Net-zero","Northwest Territories","Solar (Distributed)",2040,0.737321318
"Canada Net-zero","Northwest Territories","Solar (Distributed)",2041,0.737608885
"Canada Net-zero","Northwest Territories","Solar (Distributed)",2042,0.737896451
"Canada Net-zero","Northwest Territories","Solar (Distributed)",2043,0.738184018
"Canada Net-zero","Northwest Territories","Solar (Distributed)",2044,0.738471585
"Canada Net-zero","Northwest Territories","Solar (Distributed)",2045,0.738759152
"Canada Net-zero","Northwest Territories","Solar (Distributed)",2046,0.739046718
"Canada Net-zero","Northwest Territories","Solar (Distributed)",2047,0.739334285
"Canada Net-zero","Northwest Territories","Solar (Distributed)",2048,0.739621852
"Canada Net-zero","Northwest Territories","Solar (Distributed)",2049,0.739909418
"Canada Net-zero","Northwest Territories","Solar (Distributed)",2050,0.740196985
"Canada Net-zero","Northwest Territories","Solar (Utility scale)",2020,2.02
"Canada Net-zero","Northwest Territories","Solar (Utility scale)",2021,2.02
"Canada Net-zero","Northwest Territories","Solar (Utility scale)",2022,2.02
"Canada Net-zero","Northwest Territories","Solar (Utility scale)",2023,2.02
"Canada Net-zero","Northwest Territories","Solar (Utility scale)",2024,2.02
"Canada Net-zero","Northwest Territories","Solar (Utility scale)",2025,3.02
"Canada Net-zero","Northwest Territories","Solar (Utility scale)",2026,3.02
"Canada Net-zero","Northwest Territories","Solar (Utility scale)",2027,3.02
"Canada Net-zero","Northwest Territories","Solar (Utility scale)",2028,3.02
"Canada Net-zero","Northwest Territories","Solar (Utility scale)",2029,3.02
"Canada Net-zero","Northwest Territories","Solar (Utility scale)",2030,5.02
"Canada Net-zero","Northwest Territories","Solar (Utility scale)",2031,5.02
"Canada Net-zero","Northwest Territories","Solar (Utility scale)",2032,5.02
"Canada Net-zero","Northwest Territories","Solar (Utility scale)",2033,5.02
"Canada Net-zero","Northwest Territories","Solar (Utility scale)",2034,5.02
"Canada Net-zero","Northwest Territories","Solar (Utility scale)",2035,42
"Canada Net-zero","Northwest Territories","Solar (Utility scale)",2036,42
"Canada Net-zero","Northwest Territories","Solar (Utility scale)",2037,42
"Canada Net-zero","Northwest Territories","Solar (Utility scale)",2038,42
"Canada Net-zero","Northwest Territories","Solar (Utility scale)",2039,42
"Canada Net-zero","Northwest Territories","Solar (Utility scale)",2040,42
"Canada Net-zero","Northwest Territories","Solar (Utility scale)",2041,42
"Canada Net-zero","Northwest Territories","Solar (Utility scale)",2042,42
"Canada Net-zero","Northwest Territories","Solar (Utility scale)",2043,42
"Canada Net-zero","Northwest Territories","Solar (Utility scale)",2044,42
"Canada Net-zero","Northwest Territories","Solar (Utility scale)",2045,42
"Canada Net-zero","Northwest Territories","Solar (Utility scale)",2046,42
"Canada Net-zero","Northwest Territories","Solar (Utility scale)",2047,42
"Canada Net-zero","Northwest Territories","Solar (Utility scale)",2048,42
"Canada Net-zero","Northwest Territories","Solar (Utility scale)",2049,42
"Canada Net-zero","Northwest Territories","Solar (Utility scale)",2050,41
"Canada Net-zero","Northwest Territories","Total",2020,233.57
"Canada Net-zero","Northwest Territories","Total",2021,233.640555635
"Canada Net-zero","Northwest Territories","Total",2022,237.71111127
"Canada Net-zero","Northwest Territories","Total",2023,237.781666905
"Canada Net-zero","Northwest Territories","Total",2024,302.35222254
"Canada Net-zero","Northwest Territories","Total",2025,308.422778175
"Canada Net-zero","Northwest Territories","Total",2026,264.49333381
"Canada Net-zero","Northwest Territories","Total",2027,264.563889445
"Canada Net-zero","Northwest Territories","Total",2028,264.63444508
"Canada Net-zero","Northwest Territories","Total",2029,264.705000715
"Canada Net-zero","Northwest Territories","Total",2030,247.37555635
"Canada Net-zero","Northwest Territories","Total",2031,247.373732847
"Canada Net-zero","Northwest Territories","Total",2032,247.371909344
"Canada Net-zero","Northwest Territories","Total",2033,247.37008584
"Canada Net-zero","Northwest Territories","Total",2034,247.368262337
"Canada Net-zero","Northwest Territories","Total",2035,299.746438834
"Canada Net-zero","Northwest Territories","Total",2036,299.744615331
"Canada Net-zero","Northwest Territories","Total",2037,299.742791828
"Canada Net-zero","Northwest Territories","Total",2038,299.740968324
"Canada Net-zero","Northwest Territories","Total",2039,299.739144821
"Canada Net-zero","Northwest Territories","Total",2040,309.037321318
"Canada Net-zero","Northwest Territories","Total",2041,309.037608885
"Canada Net-zero","Northwest Territories","Total",2042,309.037896451
"Canada Net-zero","Northwest Territories","Total",2043,309.038184018
"Canada Net-zero","Northwest Territories","Total",2044,309.038471585
"Canada Net-zero","Northwest Territories","Total",2045,318.638759152
"Canada Net-zero","Northwest Territories","Total",2046,318.639046718
"Canada Net-zero","Northwest Territories","Total",2047,318.639334285
"Canada Net-zero","Northwest Territories","Total",2048,318.639621852
"Canada Net-zero","Northwest Territories","Total",2049,318.639909418
"Canada Net-zero","Northwest Territories","Total",2050,321.240196985
"Canada Net-zero","Nunavut","Oil",2020,62.3
"Canada Net-zero","Nunavut","Oil",2021,62.3
"Canada Net-zero","Nunavut","Oil",2022,62.3
"Canada Net-zero","Nunavut","Oil",2023,62.3
"Canada Net-zero","Nunavut","Oil",2024,66.3
"Canada Net-zero","Nunavut","Oil",2025,66.3
"Canada Net-zero","Nunavut","Oil",2026,66.3
"Canada Net-zero","Nunavut","Oil",2027,66.3
"Canada Net-zero","Nunavut","Oil",2028,66.3
"Canada Net-zero","Nunavut","Oil",2029,66.3
"Canada Net-zero","Nunavut","Oil",2030,66.3
"Canada Net-zero","Nunavut","Oil",2031,66.3
"Canada Net-zero","Nunavut","Oil",2032,70.3
"Canada Net-zero","Nunavut","Oil",2033,70.3
"Canada Net-zero","Nunavut","Oil",2034,70.3
"Canada Net-zero","Nunavut","Oil",2035,70.3
"Canada Net-zero","Nunavut","Oil",2036,70.3
"Canada Net-zero","Nunavut","Oil",2037,70.3
"Canada Net-zero","Nunavut","Oil",2038,70.3
"Canada Net-zero","Nunavut","Oil",2039,70.3
"Canada Net-zero","Nunavut","Oil",2040,70.3
"Canada Net-zero","Nunavut","Oil",2041,70.3
"Canada Net-zero","Nunavut","Oil",2042,70.3
"Canada Net-zero","Nunavut","Oil",2043,70.3
"Canada Net-zero","Nunavut","Oil",2044,70.3
"Canada Net-zero","Nunavut","Oil",2045,70.3
"Canada Net-zero","Nunavut","Oil",2046,70.3
"Canada Net-zero","Nunavut","Oil",2047,70.3
"Canada Net-zero","Nunavut","Oil",2048,70.3
"Canada Net-zero","Nunavut","Oil",2049,70.3
"Canada Net-zero","Nunavut","Oil",2050,70.3
"Canada Net-zero","Nunavut","Onshore Wind",2020,0
"Canada Net-zero","Nunavut","Onshore Wind",2021,0
"Canada Net-zero","Nunavut","Onshore Wind",2022,0
"Canada Net-zero","Nunavut","Onshore Wind",2023,0
"Canada Net-zero","Nunavut","Onshore Wind",2024,0
"Canada Net-zero","Nunavut","Onshore Wind",2025,0.5
"Canada Net-zero","Nunavut","Onshore Wind",2026,0.5
"Canada Net-zero","Nunavut","Onshore Wind",2027,0.5
"Canada Net-zero","Nunavut","Onshore Wind",2028,0.5
"Canada Net-zero","Nunavut","Onshore Wind",2029,0.5
"Canada Net-zero","Nunavut","Onshore Wind",2030,5.85
"Canada Net-zero","Nunavut","Onshore Wind",2031,5.85
"Canada Net-zero","Nunavut","Onshore Wind",2032,5.85
"Canada Net-zero","Nunavut","Onshore Wind",2033,5.85
"Canada Net-zero","Nunavut","Onshore Wind",2034,5.85
"Canada Net-zero","Nunavut","Onshore Wind",2035,32.1
"Canada Net-zero","Nunavut","Onshore Wind",2036,32.1
"Canada Net-zero","Nunavut","Onshore Wind",2037,32.1
"Canada Net-zero","Nunavut","Onshore Wind",2038,32.1
"Canada Net-zero","Nunavut","Onshore Wind",2039,32.1
"Canada Net-zero","Nunavut","Onshore Wind",2040,32.1
"Canada Net-zero","Nunavut","Onshore Wind",2041,32.1
"Canada Net-zero","Nunavut","Onshore Wind",2042,32.1
"Canada Net-zero","Nunavut","Onshore Wind",2043,32.1
"Canada Net-zero","Nunavut","Onshore Wind",2044,32.1
"Canada Net-zero","Nunavut","Onshore Wind",2045,32.1
"Canada Net-zero","Nunavut","Onshore Wind",2046,32.1
"Canada Net-zero","Nunavut","Onshore Wind",2047,32.1
"Canada Net-zero","Nunavut","Onshore Wind",2048,32.1
"Canada Net-zero","Nunavut","Onshore Wind",2049,32.1
"Canada Net-zero","Nunavut","Onshore Wind",2050,32.1
"Canada Net-zero","Nunavut","Solar (Distributed)",2020,0.42469977
"Canada Net-zero","Nunavut","Solar (Distributed)",2021,0.428720217
"Canada Net-zero","Nunavut","Solar (Distributed)",2022,0.432740663
"Canada Net-zero","Nunavut","Solar (Distributed)",2023,0.43676111
"Canada Net-zero","Nunavut","Solar (Distributed)",2024,0.440781557
"Canada Net-zero","Nunavut","Solar (Distributed)",2025,0.444802004
"Canada Net-zero","Nunavut","Solar (Distributed)",2026,0.44882245
"Canada Net-zero","Nunavut","Solar (Distributed)",2027,0.452842897
"Canada Net-zero","Nunavut","Solar (Distributed)",2028,0.456863344
"Canada Net-zero","Nunavut","Solar (Distributed)",2029,0.46088379
"Canada Net-zero","Nunavut","Solar (Distributed)",2030,0.464904237
"Canada Net-zero","Nunavut","Solar (Distributed)",2031,0.463183355
"Canada Net-zero","Nunavut","Solar (Distributed)",2032,0.461462474
"Canada Net-zero","Nunavut","Solar (Distributed)",2033,0.459741592
"Canada Net-zero","Nunavut","Solar (Distributed)",2034,0.45802071
"Canada Net-zero","Nunavut","Solar (Distributed)",2035,0.456299829
"Canada Net-zero","Nunavut","Solar (Distributed)",2036,0.454578947
"Canada Net-zero","Nunavut","Solar (Distributed)",2037,0.452858065
"Canada Net-zero","Nunavut","Solar (Distributed)",2038,0.451137183
"Canada Net-zero","Nunavut","Solar (Distributed)",2039,0.449416302
"Canada Net-zero","Nunavut","Solar (Distributed)",2040,0.44769542
"Canada Net-zero","Nunavut","Solar (Distributed)",2041,0.452382379
"Canada Net-zero","Nunavut","Solar (Distributed)",2042,0.457069338
"Canada Net-zero","Nunavut","Solar (Distributed)",2043,0.461756296
"Canada Net-zero","Nunavut","Solar (Distributed)",2044,0.466443255
"Canada Net-zero","Nunavut","Solar (Distributed)",2045,0.471130214
"Canada Net-zero","Nunavut","Solar (Distributed)",2046,0.475817173
"Canada Net-zero","Nunavut","Solar (Distributed)",2047,0.480504132
"Canada Net-zero","Nunavut","Solar (Distributed)",2048,0.48519109
"Canada Net-zero","Nunavut","Solar (Distributed)",2049,0.489878049
"Canada Net-zero","Nunavut","Solar (Distributed)",2050,0.494565008
"Canada Net-zero","Nunavut","Solar (Utility scale)",2020,0.033
"Canada Net-zero","Nunavut","Solar (Utility scale)",2021,0.033
"Canada Net-zero","Nunavut","Solar (Utility scale)",2022,0.033
"Canada Net-zero","Nunavut","Solar (Utility scale)",2023,0.033
"Canada Net-zero","Nunavut","Solar (Utility scale)",2024,0.033
"Canada Net-zero","Nunavut","Solar (Utility scale)",2025,1.03
"Canada Net-zero","Nunavut","Solar (Utility scale)",2026,1.03
"Canada Net-zero","Nunavut","Solar (Utility scale)",2027,1.03
"Canada Net-zero","Nunavut","Solar (Utility scale)",2028,1.03
"Canada Net-zero","Nunavut","Solar (Utility scale)",2029,1.03
"Canada Net-zero","Nunavut","Solar (Utility scale)",2030,2.03
"Canada Net-zero","Nunavut","Solar (Utility scale)",2031,2.03
"Canada Net-zero","Nunavut","Solar (Utility scale)",2032,2.03
"Canada Net-zero","Nunavut","Solar (Utility scale)",2033,2.03
"Canada Net-zero","Nunavut","Solar (Utility scale)",2034,2.03
"Canada Net-zero","Nunavut","Solar (Utility scale)",2035,40
"Canada Net-zero","Nunavut","Solar (Utility scale)",2036,40
"Canada Net-zero","Nunavut","Solar (Utility scale)",2037,40
"Canada Net-zero","Nunavut","Solar (Utility scale)",2038,40
"Canada Net-zero","Nunavut","Solar (Utility scale)",2039,40
"Canada Net-zero","Nunavut","Solar (Utility scale)",2040,40
"Canada Net-zero","Nunavut","Solar (Utility scale)",2041,40
"Canada Net-zero","Nunavut","Solar (Utility scale)",2042,40
"Canada Net-zero","Nunavut","Solar (Utility scale)",2043,40
"Canada Net-zero","Nunavut","Solar (Utility scale)",2044,40
"Canada Net-zero","Nunavut","Solar (Utility scale)",2045,40
"Canada Net-zero","Nunavut","Solar (Utility scale)",2046,40
"Canada Net-zero","Nunavut","Solar (Utility scale)",2047,40
"Canada Net-zero","Nunavut","Solar (Utility scale)",2048,40
"Canada Net-zero","Nunavut","Solar (Utility scale)",2049,40
"Canada Net-zero","Nunavut","Solar (Utility scale)",2050,39
"Canada Net-zero","Nunavut","Total",2020,62.7576997699999
"Canada Net-zero","Nunavut","Total",2021,62.761720217
"Canada Net-zero","Nunavut","Total",2022,62.7657406629999
"Canada Net-zero","Nunavut","Total",2023,62.76976111
"Canada Net-zero","Nunavut","Total",2024,66.7737815569999
"Canada Net-zero","Nunavut","Total",2025,68.274802004
"Canada Net-zero","Nunavut","Total",2026,68.2788224499999
"Canada Net-zero","Nunavut","Total",2027,68.282842897
"Canada Net-zero","Nunavut","Total",2028,68.286863344
"Canada Net-zero","Nunavut","Total",2029,68.29088379
"Canada Net-zero","Nunavut","Total",2030,74.6449042369999
"Canada Net-zero","Nunavut","Total",2031,74.6431833549999
"Canada Net-zero","Nunavut","Total",2032,78.641462474
"Canada Net-zero","Nunavut","Total",2033,78.639741592
"Canada Net-zero","Nunavut","Total",2034,78.6380207099999
"Canada Net-zero","Nunavut","Total",2035,142.856299829
"Canada Net-zero","Nunavut","Total",2036,142.854578947
"Canada Net-zero","Nunavut","Total",2037,142.852858065
"Canada Net-zero","Nunavut","Total",2038,142.851137183
"Canada Net-zero","Nunavut","Total",2039,142.849416302
"Canada Net-zero","Nunavut","Total",2040,142.84769542
"Canada Net-zero","Nunavut","Total",2041,142.852382379
"Canada Net-zero","Nunavut","Total",2042,142.857069338
"Canada Net-zero","Nunavut","Total",2043,142.861756296
"Canada Net-zero","Nunavut","Total",2044,142.866443255
"Canada Net-zero","Nunavut","Total",2045,142.871130214
"Canada Net-zero","Nunavut","Total",2046,142.875817173
"Canada Net-zero","Nunavut","Total",2047,142.880504132
"Canada Net-zero","Nunavut","Total",2048,142.88519109
"Canada Net-zero","Nunavut","Total",2049,142.889878049
"Canada Net-zero","Nunavut","Total",2050,141.894565008
"Canada Net-zero","Ontario","Battery Storage",2020,50
"Canada Net-zero","Ontario","Battery Storage",2021,50
"Canada Net-zero","Ontario","Battery Storage",2022,50
"Canada Net-zero","Ontario","Battery Storage",2023,50
"Canada Net-zero","Ontario","Battery Storage",2024,50
"Canada Net-zero","Ontario","Battery Storage",2025,50
"Canada Net-zero","Ontario","Battery Storage",2026,50
"Canada Net-zero","Ontario","Battery Storage",2027,50
"Canada Net-zero","Ontario","Battery Storage",2028,50
"Canada Net-zero","Ontario","Battery Storage",2029,50
"Canada Net-zero","Ontario","Battery Storage",2030,250
"Canada Net-zero","Ontario","Battery Storage",2031,250
"Canada Net-zero","Ontario","Battery Storage",2032,250
"Canada Net-zero","Ontario","Battery Storage",2033,250
"Canada Net-zero","Ontario","Battery Storage",2034,250
"Canada Net-zero","Ontario","Battery Storage",2035,250
"Canada Net-zero","Ontario","Battery Storage",2036,250
"Canada Net-zero","Ontario","Battery Storage",2037,250
"Canada Net-zero","Ontario","Battery Storage",2038,250
"Canada Net-zero","Ontario","Battery Storage",2039,250
"Canada Net-zero","Ontario","Battery Storage",2040,250
"Canada Net-zero","Ontario","Battery Storage",2041,250
"Canada Net-zero","Ontario","Battery Storage",2042,250
"Canada Net-zero","Ontario","Battery Storage",2043,250
"Canada Net-zero","Ontario","Battery Storage",2044,250
"Canada Net-zero","Ontario","Battery Storage",2045,250
"Canada Net-zero","Ontario","Battery Storage",2046,250
"Canada Net-zero","Ontario","Battery Storage",2047,250
"Canada Net-zero","Ontario","Battery Storage",2048,250
"Canada Net-zero","Ontario","Battery Storage",2049,250
"Canada Net-zero","Ontario","Battery Storage",2050,250
"Canada Net-zero","Ontario","Bioenergy",2020,698.7
"Canada Net-zero","Ontario","Bioenergy",2021,698.7
"Canada Net-zero","Ontario","Bioenergy",2022,698.7
"Canada Net-zero","Ontario","Bioenergy",2023,698.7
"Canada Net-zero","Ontario","Bioenergy",2024,698.7
"Canada Net-zero","Ontario","Bioenergy",2025,698.7
"Canada Net-zero","Ontario","Bioenergy",2026,698.7
"Canada Net-zero","Ontario","Bioenergy",2027,698.7
"Canada Net-zero","Ontario","Bioenergy",2028,698.7
"Canada Net-zero","Ontario","Bioenergy",2029,698.7
"Canada Net-zero","Ontario","Bioenergy",2030,698.7
"Canada Net-zero","Ontario","Bioenergy",2031,698.7
"Canada Net-zero","Ontario","Bioenergy",2032,698.7
"Canada Net-zero","Ontario","Bioenergy",2033,698.7
"Canada Net-zero","Ontario","Bioenergy",2034,698.7
"Canada Net-zero","Ontario","Bioenergy",2035,698.7
"Canada Net-zero","Ontario","Bioenergy",2036,698.7
"Canada Net-zero","Ontario","Bioenergy",2037,698.7
"Canada Net-zero","Ontario","Bioenergy",2038,698.7
"Canada Net-zero","Ontario","Bioenergy",2039,698.7
"Canada Net-zero","Ontario","Bioenergy",2040,698.7
"Canada Net-zero","Ontario","Bioenergy",2041,1111.7
"Canada Net-zero","Ontario","Bioenergy",2042,1531.7
"Canada Net-zero","Ontario","Bioenergy",2043,1941.7
"Canada Net-zero","Ontario","Bioenergy",2044,2361.7
"Canada Net-zero","Ontario","Bioenergy",2045,2781.7
"Canada Net-zero","Ontario","Bioenergy",2046,3101.7
"Canada Net-zero","Ontario","Bioenergy",2047,3421.7
"Canada Net-zero","Ontario","Bioenergy",2048,3741.7
"Canada Net-zero","Ontario","Bioenergy",2049,4071.7
"Canada Net-zero","Ontario","Bioenergy",2050,4391.7
"Canada Net-zero","Ontario","Bioenergy with CCUS",2020,0
"Canada Net-zero","Ontario","Bioenergy with CCUS",2021,0
"Canada Net-zero","Ontario","Bioenergy with CCUS",2022,0
"Canada Net-zero","Ontario","Bioenergy with CCUS",2023,0
"Canada Net-zero","Ontario","Bioenergy with CCUS",2024,0
"Canada Net-zero","Ontario","Bioenergy with CCUS",2025,0
"Canada Net-zero","Ontario","Bioenergy with CCUS",2026,0
"Canada Net-zero","Ontario","Bioenergy with CCUS",2027,0
"Canada Net-zero","Ontario","Bioenergy with CCUS",2028,0
"Canada Net-zero","Ontario","Bioenergy with CCUS",2029,0
"Canada Net-zero","Ontario","Bioenergy with CCUS",2030,0
"Canada Net-zero","Ontario","Bioenergy with CCUS",2031,16.7
"Canada Net-zero","Ontario","Bioenergy with CCUS",2032,33.3
"Canada Net-zero","Ontario","Bioenergy with CCUS",2033,50
"Canada Net-zero","Ontario","Bioenergy with CCUS",2034,66.7
"Canada Net-zero","Ontario","Bioenergy with CCUS",2035,83.3
"Canada Net-zero","Ontario","Bioenergy with CCUS",2036,100
"Canada Net-zero","Ontario","Bioenergy with CCUS",2037,117
"Canada Net-zero","Ontario","Bioenergy with CCUS",2038,133
"Canada Net-zero","Ontario","Bioenergy with CCUS",2039,150
"Canada Net-zero","Ontario","Bioenergy with CCUS",2040,167
"Canada Net-zero","Ontario","Bioenergy with CCUS",2041,183
"Canada Net-zero","Ontario","Bioenergy with CCUS",2042,200
"Canada Net-zero","Ontario","Bioenergy with CCUS",2043,217
"Canada Net-zero","Ontario","Bioenergy with CCUS",2044,233
"Canada Net-zero","Ontario","Bioenergy with CCUS",2045,250
"Canada Net-zero","Ontario","Bioenergy with CCUS",2046,267
"Canada Net-zero","Ontario","Bioenergy with CCUS",2047,283
"Canada Net-zero","Ontario","Bioenergy with CCUS",2048,300
"Canada Net-zero","Ontario","Bioenergy with CCUS",2049,317
"Canada Net-zero","Ontario","Bioenergy with CCUS",2050,333
"Canada Net-zero","Ontario","Hydro",2020,9260
"Canada Net-zero","Ontario","Hydro",2021,9260
"Canada Net-zero","Ontario","Hydro",2022,9260
"Canada Net-zero","Ontario","Hydro",2023,9260
"Canada Net-zero","Ontario","Hydro",2024,9260
"Canada Net-zero","Ontario","Hydro",2025,9260
"Canada Net-zero","Ontario","Hydro",2026,9260
"Canada Net-zero","Ontario","Hydro",2027,9260
"Canada Net-zero","Ontario","Hydro",2028,9260
"Canada Net-zero","Ontario","Hydro",2029,9260
"Canada Net-zero","Ontario","Hydro",2030,9260
"Canada Net-zero","Ontario","Hydro",2031,9460
"Canada Net-zero","Ontario","Hydro",2032,9660
"Canada Net-zero","Ontario","Hydro",2033,9860
"Canada Net-zero","Ontario","Hydro",2034,10100
"Canada Net-zero","Ontario","Hydro",2035,10300
"Canada Net-zero","Ontario","Hydro",2036,10300
"Canada Net-zero","Ontario","Hydro",2037,10300
"Canada Net-zero","Ontario","Hydro",2038,10300
"Canada Net-zero","Ontario","Hydro",2039,10300
"Canada Net-zero","Ontario","Hydro",2040,10300
"Canada Net-zero","Ontario","Hydro",2041,10300
"Canada Net-zero","Ontario","Hydro",2042,10300
"Canada Net-zero","Ontario","Hydro",2043,10300
"Canada Net-zero","Ontario","Hydro",2044,10300
"Canada Net-zero","Ontario","Hydro",2045,10300
"Canada Net-zero","Ontario","Hydro",2046,10300
"Canada Net-zero","Ontario","Hydro",2047,10300
"Canada Net-zero","Ontario","Hydro",2048,10300
"Canada Net-zero","Ontario","Hydro",2049,10300
"Canada Net-zero","Ontario","Hydro",2050,10300
"Canada Net-zero","Ontario","Natural Gas",2020,8750
"Canada Net-zero","Ontario","Natural Gas",2021,8730
"Canada Net-zero","Ontario","Natural Gas",2022,8730
"Canada Net-zero","Ontario","Natural Gas",2023,8730
"Canada Net-zero","Ontario","Natural Gas",2024,8730
"Canada Net-zero","Ontario","Natural Gas",2025,8860
"Canada Net-zero","Ontario","Natural Gas",2026,10300
"Canada Net-zero","Ontario","Natural Gas",2027,11700
"Canada Net-zero","Ontario","Natural Gas",2028,13000
"Canada Net-zero","Ontario","Natural Gas",2029,14400
"Canada Net-zero","Ontario","Natural Gas",2030,15700
"Canada Net-zero","Ontario","Natural Gas",2031,16900
"Canada Net-zero","Ontario","Natural Gas",2032,18100
"Canada Net-zero","Ontario","Natural Gas",2033,19400
"Canada Net-zero","Ontario","Natural Gas",2034,20700
"Canada Net-zero","Ontario","Natural Gas",2035,16500
"Canada Net-zero","Ontario","Natural Gas",2036,16900
"Canada Net-zero","Ontario","Natural Gas",2037,17200
"Canada Net-zero","Ontario","Natural Gas",2038,17600
"Canada Net-zero","Ontario","Natural Gas",2039,17500
"Canada Net-zero","Ontario","Natural Gas",2040,17700
"Canada Net-zero","Ontario","Natural Gas",2041,17600
"Canada Net-zero","Ontario","Natural Gas",2042,17600
"Canada Net-zero","Ontario","Natural Gas",2043,17600
"Canada Net-zero","Ontario","Natural Gas",2044,17600
"Canada Net-zero","Ontario","Natural Gas",2045,17500
"Canada Net-zero","Ontario","Natural Gas",2046,17200
"Canada Net-zero","Ontario","Natural Gas",2047,17100
"Canada Net-zero","Ontario","Natural Gas",2048,16800
"Canada Net-zero","Ontario","Natural Gas",2049,16800
"Canada Net-zero","Ontario","Natural Gas",2050,16600
"Canada Net-zero","Ontario","Natural Gas with CCUS",2020,0
"Canada Net-zero","Ontario","Natural Gas with CCUS",2021,0
"Canada Net-zero","Ontario","Natural Gas with CCUS",2022,0
"Canada Net-zero","Ontario","Natural Gas with CCUS",2023,0
"Canada Net-zero","Ontario","Natural Gas with CCUS",2024,0
"Canada Net-zero","Ontario","Natural Gas with CCUS",2025,0
"Canada Net-zero","Ontario","Natural Gas with CCUS",2026,0
"Canada Net-zero","Ontario","Natural Gas with CCUS",2027,0
"Canada Net-zero","Ontario","Natural Gas with CCUS",2028,0
"Canada Net-zero","Ontario","Natural Gas with CCUS",2029,0
"Canada Net-zero","Ontario","Natural Gas with CCUS",2030,0
"Canada Net-zero","Ontario","Natural Gas with CCUS",2031,0
"Canada Net-zero","Ontario","Natural Gas with CCUS",2032,0
"Canada Net-zero","Ontario","Natural Gas with CCUS",2033,0
"Canada Net-zero","Ontario","Natural Gas with CCUS",2034,0
"Canada Net-zero","Ontario","Natural Gas with CCUS",2035,0
"Canada Net-zero","Ontario","Natural Gas with CCUS",2036,1090
"Canada Net-zero","Ontario","Natural Gas with CCUS",2037,2180
"Canada Net-zero","Ontario","Natural Gas with CCUS",2038,3270
"Canada Net-zero","Ontario","Natural Gas with CCUS",2039,4360
"Canada Net-zero","Ontario","Natural Gas with CCUS",2040,5450
"Canada Net-zero","Ontario","Natural Gas with CCUS",2041,6440
"Canada Net-zero","Ontario","Natural Gas with CCUS",2042,7440
"Canada Net-zero","Ontario","Natural Gas with CCUS",2043,8430
"Canada Net-zero","Ontario","Natural Gas with CCUS",2044,9420
"Canada Net-zero","Ontario","Natural Gas with CCUS",2045,10400
"Canada Net-zero","Ontario","Natural Gas with CCUS",2046,10400
"Canada Net-zero","Ontario","Natural Gas with CCUS",2047,10400
"Canada Net-zero","Ontario","Natural Gas with CCUS",2048,10400
"Canada Net-zero","Ontario","Natural Gas with CCUS",2049,10400
"Canada Net-zero","Ontario","Natural Gas with CCUS",2050,10400
"Canada Net-zero","Ontario","Oil",2020,250.3
"Canada Net-zero","Ontario","Oil",2021,250.3
"Canada Net-zero","Ontario","Oil",2022,250.3
"Canada Net-zero","Ontario","Oil",2023,250.3
"Canada Net-zero","Ontario","Oil",2024,250.3
"Canada Net-zero","Ontario","Oil",2025,250.3
"Canada Net-zero","Ontario","Oil",2026,250.3
"Canada Net-zero","Ontario","Oil",2027,250.3
"Canada Net-zero","Ontario","Oil",2028,250.3
"Canada Net-zero","Ontario","Oil",2029,250.3
"Canada Net-zero","Ontario","Oil",2030,250.3
"Canada Net-zero","Ontario","Oil",2031,248.3
"Canada Net-zero","Ontario","Oil",2032,228.3
"Canada Net-zero","Ontario","Oil",2033,228.3
"Canada Net-zero","Ontario","Oil",2034,228.3
"Canada Net-zero","Ontario","Oil",2035,228.3
"Canada Net-zero","Ontario","Oil",2036,228.3
"Canada Net-zero","Ontario","Oil",2037,228.3
"Canada Net-zero","Ontario","Oil",2038,228.3
"Canada Net-zero","Ontario","Oil",2039,228.3
"Canada Net-zero","Ontario","Oil",2040,228.3
"Canada Net-zero","Ontario","Oil",2041,228.3
"Canada Net-zero","Ontario","Oil",2042,228.3
"Canada Net-zero","Ontario","Oil",2043,228.3
"Canada Net-zero","Ontario","Oil",2044,228.3
"Canada Net-zero","Ontario","Oil",2045,228.3
"Canada Net-zero","Ontario","Oil",2046,228.3
"Canada Net-zero","Ontario","Oil",2047,228.3
"Canada Net-zero","Ontario","Oil",2048,228.3
"Canada Net-zero","Ontario","Oil",2049,228.3
"Canada Net-zero","Ontario","Oil",2050,228.3
"Canada Net-zero","Ontario","Onshore Wind",2020,5420
"Canada Net-zero","Ontario","Onshore Wind",2021,5580
"Canada Net-zero","Ontario","Onshore Wind",2022,5580
"Canada Net-zero","Ontario","Onshore Wind",2023,5580
"Canada Net-zero","Ontario","Onshore Wind",2024,5580
"Canada Net-zero","Ontario","Onshore Wind",2025,5580
"Canada Net-zero","Ontario","Onshore Wind",2026,6050
"Canada Net-zero","Ontario","Onshore Wind",2027,6530
"Canada Net-zero","Ontario","Onshore Wind",2028,7010
"Canada Net-zero","Ontario","Onshore Wind",2029,7480
"Canada Net-zero","Ontario","Onshore Wind",2030,7960
"Canada Net-zero","Ontario","Onshore Wind",2031,9780
"Canada Net-zero","Ontario","Onshore Wind",2032,11600
"Canada Net-zero","Ontario","Onshore Wind",2033,13400
"Canada Net-zero","Ontario","Onshore Wind",2034,15200
"Canada Net-zero","Ontario","Onshore Wind",2035,17100
"Canada Net-zero","Ontario","Onshore Wind",2036,19600
"Canada Net-zero","Ontario","Onshore Wind",2037,22100
"Canada Net-zero","Ontario","Onshore Wind",2038,24600
"Canada Net-zero","Ontario","Onshore Wind",2039,27200
"Canada Net-zero","Ontario","Onshore Wind",2040,29700
"Canada Net-zero","Ontario","Onshore Wind",2041,33500
"Canada Net-zero","Ontario","Onshore Wind",2042,37300
"Canada Net-zero","Ontario","Onshore Wind",2043,41100
"Canada Net-zero","Ontario","Onshore Wind",2044,44900
"Canada Net-zero","Ontario","Onshore Wind",2045,48700
"Canada Net-zero","Ontario","Onshore Wind",2046,50900
"Canada Net-zero","Ontario","Onshore Wind",2047,53100
"Canada Net-zero","Ontario","Onshore Wind",2048,55300
"Canada Net-zero","Ontario","Onshore Wind",2049,57400
"Canada Net-zero","Ontario","Onshore Wind",2050,59600
"Canada Net-zero","Ontario","Solar (Distributed)",2020,2188.43613
"Canada Net-zero","Ontario","Solar (Distributed)",2021,2250.862884
"Canada Net-zero","Ontario","Solar (Distributed)",2022,2313.289638
"Canada Net-zero","Ontario","Solar (Distributed)",2023,2375.716392
"Canada Net-zero","Ontario","Solar (Distributed)",2024,2438.143146
"Canada Net-zero","Ontario","Solar (Distributed)",2025,2500.5699
"Canada Net-zero","Ontario","Solar (Distributed)",2026,2562.996653
"Canada Net-zero","Ontario","Solar (Distributed)",2027,2625.423407
"Canada Net-zero","Ontario","Solar (Distributed)",2028,2687.850161
"Canada Net-zero","Ontario","Solar (Distributed)",2029,2750.276915
"Canada Net-zero","Ontario","Solar (Distributed)",2030,2812.703669
"Canada Net-zero","Ontario","Solar (Distributed)",2031,2866.099097
"Canada Net-zero","Ontario","Solar (Distributed)",2032,2919.494526
"Canada Net-zero","Ontario","Solar (Distributed)",2033,2972.889954
"Canada Net-zero","Ontario","Solar (Distributed)",2034,3026.285382
"Canada Net-zero","Ontario","Solar (Distributed)",2035,3079.680811
"Canada Net-zero","Ontario","Solar (Distributed)",2036,3133.076239
"Canada Net-zero","Ontario","Solar (Distributed)",2037,3186.471667
"Canada Net-zero","Ontario","Solar (Distributed)",2038,3239.867095
"Canada Net-zero","Ontario","Solar (Distributed)",2039,3293.262524
"Canada Net-zero","Ontario","Solar (Distributed)",2040,3346.657952
"Canada Net-zero","Ontario","Solar (Distributed)",2041,3378.48595
"Canada Net-zero","Ontario","Solar (Distributed)",2042,3410.313948
"Canada Net-zero","Ontario","Solar (Distributed)",2043,3442.141946
"Canada Net-zero","Ontario","Solar (Distributed)",2044,3473.969944
"Canada Net-zero","Ontario","Solar (Distributed)",2045,3505.797943
"Canada Net-zero","Ontario","Solar (Distributed)",2046,3537.625941
"Canada Net-zero","Ontario","Solar (Distributed)",2047,3569.453939
"Canada Net-zero","Ontario","Solar (Distributed)",2048,3601.281937
"Canada Net-zero","Ontario","Solar (Distributed)",2049,3633.109935
"Canada Net-zero","Ontario","Solar (Distributed)",2050,3664.937933
"Canada Net-zero","Ontario","Solar (Utility scale)",2020,2670
"Canada Net-zero","Ontario","Solar (Utility scale)",2021,2670
"Canada Net-zero","Ontario","Solar (Utility scale)",2022,2670
"Canada Net-zero","Ontario","Solar (Utility scale)",2023,2670
"Canada Net-zero","Ontario","Solar (Utility scale)",2024,2670
"Canada Net-zero","Ontario","Solar (Utility scale)",2025,2670
"Canada Net-zero","Ontario","Solar (Utility scale)",2026,2740
"Canada Net-zero","Ontario","Solar (Utility scale)",2027,2810
"Canada Net-zero","Ontario","Solar (Utility scale)",2028,2880
"Canada Net-zero","Ontario","Solar (Utility scale)",2029,2950
"Canada Net-zero","Ontario","Solar (Utility scale)",2030,3020
"Canada Net-zero","Ontario","Solar (Utility scale)",2031,3020
"Canada Net-zero","Ontario","Solar (Utility scale)",2032,3020
"Canada Net-zero","Ontario","Solar (Utility scale)",2033,3020
"Canada Net-zero","Ontario","Solar (Utility scale)",2034,3020
"Canada Net-zero","Ontario","Solar (Utility scale)",2035,3020
"Canada Net-zero","Ontario","Solar (Utility scale)",2036,3020
"Canada Net-zero","Ontario","Solar (Utility scale)",2037,3020
"Canada Net-zero","Ontario","Solar (Utility scale)",2038,3020
"Canada Net-zero","Ontario","Solar (Utility scale)",2039,3020
"Canada Net-zero","Ontario","Solar (Utility scale)",2040,3020
"Canada Net-zero","Ontario","Solar (Utility scale)",2041,3620
"Canada Net-zero","Ontario","Solar (Utility scale)",2042,4220
"Canada Net-zero","Ontario","Solar (Utility scale)",2043,4820
"Canada Net-zero","Ontario","Solar (Utility scale)",2044,5410
"Canada Net-zero","Ontario","Solar (Utility scale)",2045,6010
"Canada Net-zero","Ontario","Solar (Utility scale)",2046,6790
"Canada Net-zero","Ontario","Solar (Utility scale)",2047,7570
"Canada Net-zero","Ontario","Solar (Utility scale)",2048,8350
"Canada Net-zero","Ontario","Solar (Utility scale)",2049,9130
"Canada Net-zero","Ontario","Solar (Utility scale)",2050,9910
"Canada Net-zero","Ontario","Total",2020,43387.43613
"Canada Net-zero","Ontario","Total",2021,41889.862884
"Canada Net-zero","Ontario","Total",2022,41952.289638
"Canada Net-zero","Ontario","Total",2023,41014.716392
"Canada Net-zero","Ontario","Total",2024,41077.143146
"Canada Net-zero","Ontario","Total",2025,41269.5699
"Canada Net-zero","Ontario","Total",2026,42411.996653
"Canada Net-zero","Ontario","Total",2027,44024.423407
"Canada Net-zero","Ontario","Total",2028,45936.850161
"Canada Net-zero","Ontario","Total",2029,47939.276915
"Canada Net-zero","Ontario","Total",2030,50351.703669
"Canada Net-zero","Ontario","Total",2031,55399.799097
"Canada Net-zero","Ontario","Total",2032,60429.794526
"Canada Net-zero","Ontario","Total",2033,65559.889954
"Canada Net-zero","Ontario","Total",2034,71529.985382
"Canada Net-zero","Ontario","Total",2035,71259.980811
"Canada Net-zero","Ontario","Total",2036,76060.076239
"Canada Net-zero","Ontario","Total",2037,80780.471667
"Canada Net-zero","Ontario","Total",2038,85539.867095
"Canada Net-zero","Ontario","Total",2039,90000.262524
"Canada Net-zero","Ontario","Total",2040,94560.657952
"Canada Net-zero","Ontario","Total",2041,100311.48595
"Canada Net-zero","Ontario","Total",2042,106180.313948
"Canada Net-zero","Ontario","Total",2043,112029.141946
"Canada Net-zero","Ontario","Total",2044,117876.969944
"Canada Net-zero","Ontario","Total",2045,123625.797943
"Canada Net-zero","Ontario","Total",2046,126674.625941
"Canada Net-zero","Ontario","Total",2047,129922.453939
"Canada Net-zero","Ontario","Total",2048,132971.281937
"Canada Net-zero","Ontario","Total",2049,136230.109935
"Canada Net-zero","Ontario","Total",2050,139377.937933
"Canada Net-zero","Ontario","Uranium",2020,14100
"Canada Net-zero","Ontario","Uranium",2021,12400
"Canada Net-zero","Ontario","Uranium",2022,12400
"Canada Net-zero","Ontario","Uranium",2023,11400
"Canada Net-zero","Ontario","Uranium",2024,11400
"Canada Net-zero","Ontario","Uranium",2025,11400
"Canada Net-zero","Ontario","Uranium",2026,10500
"Canada Net-zero","Ontario","Uranium",2027,10100
"Canada Net-zero","Ontario","Uranium",2028,10100
"Canada Net-zero","Ontario","Uranium",2029,10100
"Canada Net-zero","Ontario","Uranium",2030,10100
"Canada Net-zero","Ontario","Uranium",2031,10100
"Canada Net-zero","Ontario","Uranium",2032,10100
"Canada Net-zero","Ontario","Uranium",2033,10100
"Canada Net-zero","Ontario","Uranium",2034,10900
"Canada Net-zero","Ontario","Uranium",2035,10900
"Canada Net-zero","Ontario","Uranium",2036,10900
"Canada Net-zero","Ontario","Uranium",2037,10900
"Canada Net-zero","Ontario","Uranium",2038,10900
"Canada Net-zero","Ontario","Uranium",2039,10900
"Canada Net-zero","Ontario","Uranium",2040,10900
"Canada Net-zero","Ontario","Uranium",2041,10900
"Canada Net-zero","Ontario","Uranium",2042,10900
"Canada Net-zero","Ontario","Uranium",2043,10900
"Canada Net-zero","Ontario","Uranium",2044,10900
"Canada Net-zero","Ontario","Uranium",2045,10900
"Canada Net-zero","Ontario","Uranium",2046,10900
"Canada Net-zero","Ontario","Uranium",2047,10900
"Canada Net-zero","Ontario","Uranium",2048,10900
"Canada Net-zero","Ontario","Uranium",2049,10900
"Canada Net-zero","Ontario","Uranium",2050,10900
"Canada Net-zero","Ontario","Uranium SMR",2020,0
"Canada Net-zero","Ontario","Uranium SMR",2021,0
"Canada Net-zero","Ontario","Uranium SMR",2022,0
"Canada Net-zero","Ontario","Uranium SMR",2023,0
"Canada Net-zero","Ontario","Uranium SMR",2024,0
"Canada Net-zero","Ontario","Uranium SMR",2025,0
"Canada Net-zero","Ontario","Uranium SMR",2026,0
"Canada Net-zero","Ontario","Uranium SMR",2027,0
"Canada Net-zero","Ontario","Uranium SMR",2028,0
"Canada Net-zero","Ontario","Uranium SMR",2029,0
"Canada Net-zero","Ontario","Uranium SMR",2030,300
"Canada Net-zero","Ontario","Uranium SMR",2031,2060
"Canada Net-zero","Ontario","Uranium SMR",2032,3820
"Canada Net-zero","Ontario","Uranium SMR",2033,5580
"Canada Net-zero","Ontario","Uranium SMR",2034,7340
"Canada Net-zero","Ontario","Uranium SMR",2035,9100
"Canada Net-zero","Ontario","Uranium SMR",2036,9840
"Canada Net-zero","Ontario","Uranium SMR",2037,10600
"Canada Net-zero","Ontario","Uranium SMR",2038,11300
"Canada Net-zero","Ontario","Uranium SMR",2039,12100
"Canada Net-zero","Ontario","Uranium SMR",2040,12800
"Canada Net-zero","Ontario","Uranium SMR",2041,12800
"Canada Net-zero","Ontario","Uranium SMR",2042,12800
"Canada Net-zero","Ontario","Uranium SMR",2043,12800
"Canada Net-zero","Ontario","Uranium SMR",2044,12800
"Canada Net-zero","Ontario","Uranium SMR",2045,12800
"Canada Net-zero","Ontario","Uranium SMR",2046,12800
"Canada Net-zero","Ontario","Uranium SMR",2047,12800
"Canada Net-zero","Ontario","Uranium SMR",2048,12800
"Canada Net-zero","Ontario","Uranium SMR",2049,12800
"Canada Net-zero","Ontario","Uranium SMR",2050,12800
"Canada Net-zero","Prince Edward Island","Bioenergy",2020,2.1
"Canada Net-zero","Prince Edward Island","Bioenergy",2021,2.1
"Canada Net-zero","Prince Edward Island","Bioenergy",2022,2.1
"Canada Net-zero","Prince Edward Island","Bioenergy",2023,2.1
"Canada Net-zero","Prince Edward Island","Bioenergy",2024,2.1
"Canada Net-zero","Prince Edward Island","Bioenergy",2025,2.1
"Canada Net-zero","Prince Edward Island","Bioenergy",2026,2.1
"Canada Net-zero","Prince Edward Island","Bioenergy",2027,2.1
"Canada Net-zero","Prince Edward Island","Bioenergy",2028,2.1
"Canada Net-zero","Prince Edward Island","Bioenergy",2029,2.1
"Canada Net-zero","Prince Edward Island","Bioenergy",2030,2.1
"Canada Net-zero","Prince Edward Island","Bioenergy",2031,2.1
"Canada Net-zero","Prince Edward Island","Bioenergy",2032,2.1
"Canada Net-zero","Prince Edward Island","Bioenergy",2033,2.1
"Canada Net-zero","Prince Edward Island","Bioenergy",2034,2.1
"Canada Net-zero","Prince Edward Island","Bioenergy",2035,2.1
"Canada Net-zero","Prince Edward Island","Bioenergy",2036,2.1
"Canada Net-zero","Prince Edward Island","Bioenergy",2037,2.1
"Canada Net-zero","Prince Edward Island","Bioenergy",2038,2.1
"Canada Net-zero","Prince Edward Island","Bioenergy",2039,2.1
"Canada Net-zero","Prince Edward Island","Bioenergy",2040,2.1
"Canada Net-zero","Prince Edward Island","Bioenergy",2041,2.1
"Canada Net-zero","Prince Edward Island","Bioenergy",2042,2.1
"Canada Net-zero","Prince Edward Island","Bioenergy",2043,2.1
"Canada Net-zero","Prince Edward Island","Bioenergy",2044,2.1
"Canada Net-zero","Prince Edward Island","Bioenergy",2045,2.1
"Canada Net-zero","Prince Edward Island","Bioenergy",2046,2.1
"Canada Net-zero","Prince Edward Island","Bioenergy",2047,2.1
"Canada Net-zero","Prince Edward Island","Bioenergy",2048,2.1
"Canada Net-zero","Prince Edward Island","Bioenergy",2049,2.1
"Canada Net-zero","Prince Edward Island","Bioenergy",2050,2.1
"Canada Net-zero","Prince Edward Island","Oil",2020,170.4
"Canada Net-zero","Prince Edward Island","Oil",2021,170.4
"Canada Net-zero","Prince Edward Island","Oil",2022,170.4
"Canada Net-zero","Prince Edward Island","Oil",2023,170.4
"Canada Net-zero","Prince Edward Island","Oil",2024,170.4
"Canada Net-zero","Prince Edward Island","Oil",2025,170.4
"Canada Net-zero","Prince Edward Island","Oil",2026,170.4
"Canada Net-zero","Prince Edward Island","Oil",2027,170.4
"Canada Net-zero","Prince Edward Island","Oil",2028,170.4
"Canada Net-zero","Prince Edward Island","Oil",2029,170.4
"Canada Net-zero","Prince Edward Island","Oil",2030,170.4
"Canada Net-zero","Prince Edward Island","Oil",2031,170.4
"Canada Net-zero","Prince Edward Island","Oil",2032,170.4
"Canada Net-zero","Prince Edward Island","Oil",2033,170.4
"Canada Net-zero","Prince Edward Island","Oil",2034,170.4
"Canada Net-zero","Prince Edward Island","Oil",2035,170.4
"Canada Net-zero","Prince Edward Island","Oil",2036,95.4
"Canada Net-zero","Prince Edward Island","Oil",2037,95.4
"Canada Net-zero","Prince Edward Island","Oil",2038,95.4
"Canada Net-zero","Prince Edward Island","Oil",2039,95.4
"Canada Net-zero","Prince Edward Island","Oil",2040,95.4
"Canada Net-zero","Prince Edward Island","Oil",2041,40.4
"Canada Net-zero","Prince Edward Island","Oil",2042,40.4
"Canada Net-zero","Prince Edward Island","Oil",2043,40.4
"Canada Net-zero","Prince Edward Island","Oil",2044,40.4
"Canada Net-zero","Prince Edward Island","Oil",2045,40.4
"Canada Net-zero","Prince Edward Island","Oil",2046,40.4
"Canada Net-zero","Prince Edward Island","Oil",2047,40.4
"Canada Net-zero","Prince Edward Island","Oil",2048,40.4
"Canada Net-zero","Prince Edward Island","Oil",2049,40.4
"Canada Net-zero","Prince Edward Island","Oil",2050,40.4
"Canada Net-zero","Prince Edward Island","Onshore Wind",2020,208
"Canada Net-zero","Prince Edward Island","Onshore Wind",2021,268
"Canada Net-zero","Prince Edward Island","Onshore Wind",2022,268
"Canada Net-zero","Prince Edward Island","Onshore Wind",2023,268
"Canada Net-zero","Prince Edward Island","Onshore Wind",2024,268
"Canada Net-zero","Prince Edward Island","Onshore Wind",2025,358
"Canada Net-zero","Prince Edward Island","Onshore Wind",2026,370
"Canada Net-zero","Prince Edward Island","Onshore Wind",2027,383
"Canada Net-zero","Prince Edward Island","Onshore Wind",2028,395
"Canada Net-zero","Prince Edward Island","Onshore Wind",2029,407
"Canada Net-zero","Prince Edward Island","Onshore Wind",2030,419
"Canada Net-zero","Prince Edward Island","Onshore Wind",2031,419
"Canada Net-zero","Prince Edward Island","Onshore Wind",2032,419
"Canada Net-zero","Prince Edward Island","Onshore Wind",2033,419
"Canada Net-zero","Prince Edward Island","Onshore Wind",2034,419
"Canada Net-zero","Prince Edward Island","Onshore Wind",2035,419
"Canada Net-zero","Prince Edward Island","Onshore Wind",2036,419
"Canada Net-zero","Prince Edward Island","Onshore Wind",2037,419
"Canada Net-zero","Prince Edward Island","Onshore Wind",2038,419
"Canada Net-zero","Prince Edward Island","Onshore Wind",2039,419
"Canada Net-zero","Prince Edward Island","Onshore Wind",2040,419
"Canada Net-zero","Prince Edward Island","Onshore Wind",2041,419
"Canada Net-zero","Prince Edward Island","Onshore Wind",2042,419
"Canada Net-zero","Prince Edward Island","Onshore Wind",2043,419
"Canada Net-zero","Prince Edward Island","Onshore Wind",2044,419
"Canada Net-zero","Prince Edward Island","Onshore Wind",2045,419
"Canada Net-zero","Prince Edward Island","Onshore Wind",2046,419
"Canada Net-zero","Prince Edward Island","Onshore Wind",2047,419
"Canada Net-zero","Prince Edward Island","Onshore Wind",2048,419
"Canada Net-zero","Prince Edward Island","Onshore Wind",2049,419
"Canada Net-zero","Prince Edward Island","Onshore Wind",2050,419
"Canada Net-zero","Prince Edward Island","Solar (Distributed)",2020,0.5
"Canada Net-zero","Prince Edward Island","Solar (Distributed)",2021,0.5
"Canada Net-zero","Prince Edward Island","Solar (Distributed)",2022,0.5
"Canada Net-zero","Prince Edward Island","Solar (Distributed)",2023,0.5
"Canada Net-zero","Prince Edward Island","Solar (Distributed)",2024,0.5
"Canada Net-zero","Prince Edward Island","Solar (Distributed)",2025,0.5
"Canada Net-zero","Prince Edward Island","Solar (Distributed)",2026,1.132874152
"Canada Net-zero","Prince Edward Island","Solar (Distributed)",2027,1.765748303
"Canada Net-zero","Prince Edward Island","Solar (Distributed)",2028,2.398622455
"Canada Net-zero","Prince Edward Island","Solar (Distributed)",2029,3.031496606
"Canada Net-zero","Prince Edward Island","Solar (Distributed)",2030,3.664370758
"Canada Net-zero","Prince Edward Island","Solar (Distributed)",2031,3.689129811
"Canada Net-zero","Prince Edward Island","Solar (Distributed)",2032,3.713888864
"Canada Net-zero","Prince Edward Island","Solar (Distributed)",2033,3.738647918
"Canada Net-zero","Prince Edward Island","Solar (Distributed)",2034,3.763406971
"Canada Net-zero","Prince Edward Island","Solar (Distributed)",2035,3.788166024
"Canada Net-zero","Prince Edward Island","Solar (Distributed)",2036,3.812925077
"Canada Net-zero","Prince Edward Island","Solar (Distributed)",2037,3.83768413
"Canada Net-zero","Prince Edward Island","Solar (Distributed)",2038,3.862443184
"Canada Net-zero","Prince Edward Island","Solar (Distributed)",2039,3.887202237
"Canada Net-zero","Prince Edward Island","Solar (Distributed)",2040,3.91196129
"Canada Net-zero","Prince Edward Island","Solar (Distributed)",2041,3.930007817
"Canada Net-zero","Prince Edward Island","Solar (Distributed)",2042,3.948054345
"Canada Net-zero","Prince Edward Island","Solar (Distributed)",2043,3.966100872
"Canada Net-zero","Prince Edward Island","Solar (Distributed)",2044,3.9841474
"Canada Net-zero","Prince Edward Island","Solar (Distributed)",2045,4.002193927
"Canada Net-zero","Prince Edward Island","Solar (Distributed)",2046,4.020240454
"Canada Net-zero","Prince Edward Island","Solar (Distributed)",2047,4.038286982
"Canada Net-zero","Prince Edward Island","Solar (Distributed)",2048,4.056333509
"Canada Net-zero","Prince Edward Island","Solar (Distributed)",2049,4.074380037
"Canada Net-zero","Prince Edward Island","Solar (Distributed)",2050,4.092426564
"Canada Net-zero","Prince Edward Island","Solar (Utility scale)",2020,0
"Canada Net-zero","Prince Edward Island","Solar (Utility scale)",2021,0
"Canada Net-zero","Prince Edward Island","Solar (Utility scale)",2022,0
"Canada Net-zero","Prince Edward Island","Solar (Utility scale)",2023,0
"Canada Net-zero","Prince Edward Island","Solar (Utility scale)",2024,0
"Canada Net-zero","Prince Edward Island","Solar (Utility scale)",2025,0
"Canada Net-zero","Prince Edward Island","Solar (Utility scale)",2026,12.4
"Canada Net-zero","Prince Edward Island","Solar (Utility scale)",2027,24.8
"Canada Net-zero","Prince Edward Island","Solar (Utility scale)",2028,37.2
"Canada Net-zero","Prince Edward Island","Solar (Utility scale)",2029,49.6
"Canada Net-zero","Prince Edward Island","Solar (Utility scale)",2030,62
"Canada Net-zero","Prince Edward Island","Solar (Utility scale)",2031,62
"Canada Net-zero","Prince Edward Island","Solar (Utility scale)",2032,62
"Canada Net-zero","Prince Edward Island","Solar (Utility scale)",2033,62
"Canada Net-zero","Prince Edward Island","Solar (Utility scale)",2034,62
"Canada Net-zero","Prince Edward Island","Solar (Utility scale)",2035,62
"Canada Net-zero","Prince Edward Island","Solar (Utility scale)",2036,62
"Canada Net-zero","Prince Edward Island","Solar (Utility scale)",2037,62
"Canada Net-zero","Prince Edward Island","Solar (Utility scale)",2038,62
"Canada Net-zero","Prince Edward Island","Solar (Utility scale)",2039,62
"Canada Net-zero","Prince Edward Island","Solar (Utility scale)",2040,62
"Canada Net-zero","Prince Edward Island","Solar (Utility scale)",2041,62
"Canada Net-zero","Prince Edward Island","Solar (Utility scale)",2042,62
"Canada Net-zero","Prince Edward Island","Solar (Utility scale)",2043,62
"Canada Net-zero","Prince Edward Island","Solar (Utility scale)",2044,62
"Canada Net-zero","Prince Edward Island","Solar (Utility scale)",2045,62
"Canada Net-zero","Prince Edward Island","Solar (Utility scale)",2046,62
"Canada Net-zero","Prince Edward Island","Solar (Utility scale)",2047,62
"Canada Net-zero","Prince Edward Island","Solar (Utility scale)",2048,62
"Canada Net-zero","Prince Edward Island","Solar (Utility scale)",2049,62
"Canada Net-zero","Prince Edward Island","Solar (Utility scale)",2050,105
"Canada Net-zero","Prince Edward Island","Total",2020,381
"Canada Net-zero","Prince Edward Island","Total",2021,441
"Canada Net-zero","Prince Edward Island","Total",2022,441
"Canada Net-zero","Prince Edward Island","Total",2023,441
"Canada Net-zero","Prince Edward Island","Total",2024,441
"Canada Net-zero","Prince Edward Island","Total",2025,531
"Canada Net-zero","Prince Edward Island","Total",2026,556.032874152
"Canada Net-zero","Prince Edward Island","Total",2027,582.065748303
"Canada Net-zero","Prince Edward Island","Total",2028,607.098622455
"Canada Net-zero","Prince Edward Island","Total",2029,632.131496606
"Canada Net-zero","Prince Edward Island","Total",2030,657.164370758
"Canada Net-zero","Prince Edward Island","Total",2031,657.189129811
"Canada Net-zero","Prince Edward Island","Total",2032,657.213888864
"Canada Net-zero","Prince Edward Island","Total",2033,657.238647918
"Canada Net-zero","Prince Edward Island","Total",2034,657.263406971
"Canada Net-zero","Prince Edward Island","Total",2035,769.288166024
"Canada Net-zero","Prince Edward Island","Total",2036,728.312925077
"Canada Net-zero","Prince Edward Island","Total",2037,762.33768413
"Canada Net-zero","Prince Edward Island","Total",2038,796.362443184
"Canada Net-zero","Prince Edward Island","Total",2039,830.387202237
"Canada Net-zero","Prince Edward Island","Total",2040,863.41196129
"Canada Net-zero","Prince Edward Island","Total",2041,836.430007817
"Canada Net-zero","Prince Edward Island","Total",2042,864.448054345
"Canada Net-zero","Prince Edward Island","Total",2043,892.466100872
"Canada Net-zero","Prince Edward Island","Total",2044,920.4841474
"Canada Net-zero","Prince Edward Island","Total",2045,948.502193927
"Canada Net-zero","Prince Edward Island","Total",2046,948.520240454
"Canada Net-zero","Prince Edward Island","Total",2047,948.538286982
"Canada Net-zero","Prince Edward Island","Total",2048,948.556333509
"Canada Net-zero","Prince Edward Island","Total",2049,948.574380037
"Canada Net-zero","Prince Edward Island","Total",2050,1027.592426564
"Canada Net-zero","Prince Edward Island","Uranium SMR",2020,0
"Canada Net-zero","Prince Edward Island","Uranium SMR",2021,0
"Canada Net-zero","Prince Edward Island","Uranium SMR",2022,0
"Canada Net-zero","Prince Edward Island","Uranium SMR",2023,0
"Canada Net-zero","Prince Edward Island","Uranium SMR",2024,0
"Canada Net-zero","Prince Edward Island","Uranium SMR",2025,0
"Canada Net-zero","Prince Edward Island","Uranium SMR",2026,0
"Canada Net-zero","Prince Edward Island","Uranium SMR",2027,0
"Canada Net-zero","Prince Edward Island","Uranium SMR",2028,0
"Canada Net-zero","Prince Edward Island","Uranium SMR",2029,0
"Canada Net-zero","Prince Edward Island","Uranium SMR",2030,0
"Canada Net-zero","Prince Edward Island","Uranium SMR",2031,0
"Canada Net-zero","Prince Edward Island","Uranium SMR",2032,0
"Canada Net-zero","Prince Edward Island","Uranium SMR",2033,0
"Canada Net-zero","Prince Edward Island","Uranium SMR",2034,0
"Canada Net-zero","Prince Edward Island","Uranium SMR",2035,112
"Canada Net-zero","Prince Edward Island","Uranium SMR",2036,146
"Canada Net-zero","Prince Edward Island","Uranium SMR",2037,180
"Canada Net-zero","Prince Edward Island","Uranium SMR",2038,214
"Canada Net-zero","Prince Edward Island","Uranium SMR",2039,248
"Canada Net-zero","Prince Edward Island","Uranium SMR",2040,281
"Canada Net-zero","Prince Edward Island","Uranium SMR",2041,309
"Canada Net-zero","Prince Edward Island","Uranium SMR",2042,337
"Canada Net-zero","Prince Edward Island","Uranium SMR",2043,365
"Canada Net-zero","Prince Edward Island","Uranium SMR",2044,393
"Canada Net-zero","Prince Edward Island","Uranium SMR",2045,421
"Canada Net-zero","Prince Edward Island","Uranium SMR",2046,421
"Canada Net-zero","Prince Edward Island","Uranium SMR",2047,421
"Canada Net-zero","Prince Edward Island","Uranium SMR",2048,421
"Canada Net-zero","Prince Edward Island","Uranium SMR",2049,421
"Canada Net-zero","Prince Edward Island","Uranium SMR",2050,457
"Canada Net-zero","Quebec","Battery Storage",2020,0
"Canada Net-zero","Quebec","Battery Storage",2021,0
"Canada Net-zero","Quebec","Battery Storage",2022,0
"Canada Net-zero","Quebec","Battery Storage",2023,0
"Canada Net-zero","Quebec","Battery Storage",2024,0
"Canada Net-zero","Quebec","Battery Storage",2025,0
"Canada Net-zero","Quebec","Battery Storage",2026,0
"Canada Net-zero","Quebec","Battery Storage",2027,0
"Canada Net-zero","Quebec","Battery Storage",2028,0
"Canada Net-zero","Quebec","Battery Storage",2029,0
"Canada Net-zero","Quebec","Battery Storage",2030,0
"Canada Net-zero","Quebec","Battery Storage",2031,0
"Canada Net-zero","Quebec","Battery Storage",2032,0
"Canada Net-zero","Quebec","Battery Storage",2033,0
"Canada Net-zero","Quebec","Battery Storage",2034,0
"Canada Net-zero","Quebec","Battery Storage",2035,0
"Canada Net-zero","Quebec","Battery Storage",2036,0
"Canada Net-zero","Quebec","Battery Storage",2037,0
"Canada Net-zero","Quebec","Battery Storage",2038,0
"Canada Net-zero","Quebec","Battery Storage",2039,0
"Canada Net-zero","Quebec","Battery Storage",2040,0
"Canada Net-zero","Quebec","Battery Storage",2041,0
"Canada Net-zero","Quebec","Battery Storage",2042,0
"Canada Net-zero","Quebec","Battery Storage",2043,0
"Canada Net-zero","Quebec","Battery Storage",2044,0
"Canada Net-zero","Quebec","Battery Storage",2045,420
"Canada Net-zero","Quebec","Battery Storage",2046,800
"Canada Net-zero","Quebec","Battery Storage",2047,1200
"Canada Net-zero","Quebec","Battery Storage",2048,1600
"Canada Net-zero","Quebec","Battery Storage",2049,2000
"Canada Net-zero","Quebec","Battery Storage",2050,2300
"Canada Net-zero","Quebec","Bioenergy",2020,307.6
"Canada Net-zero","Quebec","Bioenergy",2021,326.6
"Canada Net-zero","Quebec","Bioenergy",2022,326.6
"Canada Net-zero","Quebec","Bioenergy",2023,326.6
"Canada Net-zero","Quebec","Bioenergy",2024,326.6
"Canada Net-zero","Quebec","Bioenergy",2025,326.6
"Canada Net-zero","Quebec","Bioenergy",2026,326.6
"Canada Net-zero","Quebec","Bioenergy",2027,326.6
"Canada Net-zero","Quebec","Bioenergy",2028,326.6
"Canada Net-zero","Quebec","Bioenergy",2029,326.6
"Canada Net-zero","Quebec","Bioenergy",2030,326.6
"Canada Net-zero","Quebec","Bioenergy",2031,326.6
"Canada Net-zero","Quebec","Bioenergy",2032,326.6
"Canada Net-zero","Quebec","Bioenergy",2033,326.6
"Canada Net-zero","Quebec","Bioenergy",2034,326.6
"Canada Net-zero","Quebec","Bioenergy",2035,326.6
"Canada Net-zero","Quebec","Bioenergy",2036,326.6
"Canada Net-zero","Quebec","Bioenergy",2037,326.6
"Canada Net-zero","Quebec","Bioenergy",2038,326.6
"Canada Net-zero","Quebec","Bioenergy",2039,326.6
"Canada Net-zero","Quebec","Bioenergy",2040,326.6
"Canada Net-zero","Quebec","Bioenergy",2041,326.6
"Canada Net-zero","Quebec","Bioenergy",2042,326.6
"Canada Net-zero","Quebec","Bioenergy",2043,326.6
"Canada Net-zero","Quebec","Bioenergy",2044,326.6
"Canada Net-zero","Quebec","Bioenergy",2045,326.6
"Canada Net-zero","Quebec","Bioenergy",2046,326.6
"Canada Net-zero","Quebec","Bioenergy",2047,326.6
"Canada Net-zero","Quebec","Bioenergy",2048,326.6
"Canada Net-zero","Quebec","Bioenergy",2049,326.6
"Canada Net-zero","Quebec","Bioenergy",2050,326.6
"Canada Net-zero","Quebec","Hydro",2020,41100
"Canada Net-zero","Quebec","Hydro",2021,41500
"Canada Net-zero","Quebec","Hydro",2022,41500
"Canada Net-zero","Quebec","Hydro",2023,41500
"Canada Net-zero","Quebec","Hydro",2024,41500
"Canada Net-zero","Quebec","Hydro",2025,41500
"Canada Net-zero","Quebec","Hydro",2026,42100
"Canada Net-zero","Quebec","Hydro",2027,42600
"Canada Net-zero","Quebec","Hydro",2028,43200
"Canada Net-zero","Quebec","Hydro",2029,43800
"Canada Net-zero","Quebec","Hydro",2030,44300
"Canada Net-zero","Quebec","Hydro",2031,44700
"Canada Net-zero","Quebec","Hydro",2032,45000
"Canada Net-zero","Quebec","Hydro",2033,45300
"Canada Net-zero","Quebec","Hydro",2034,45700
"Canada Net-zero","Quebec","Hydro",2035,46000
"Canada Net-zero","Quebec","Hydro",2036,46000
"Canada Net-zero","Quebec","Hydro",2037,46000
"Canada Net-zero","Quebec","Hydro",2038,46000
"Canada Net-zero","Quebec","Hydro",2039,46000
"Canada Net-zero","Quebec","Hydro",2040,46000
"Canada Net-zero","Quebec","Hydro",2041,46000
"Canada Net-zero","Quebec","Hydro",2042,46000
"Canada Net-zero","Quebec","Hydro",2043,46000
"Canada Net-zero","Quebec","Hydro",2044,46000
"Canada Net-zero","Quebec","Hydro",2045,46000
"Canada Net-zero","Quebec","Hydro",2046,46000
"Canada Net-zero","Quebec","Hydro",2047,46000
"Canada Net-zero","Quebec","Hydro",2048,46000
"Canada Net-zero","Quebec","Hydro",2049,46000
"Canada Net-zero","Quebec","Hydro",2050,46000
"Canada Net-zero","Quebec","Natural Gas",2020,591
"Canada Net-zero","Quebec","Natural Gas",2021,591
"Canada Net-zero","Quebec","Natural Gas",2022,591
"Canada Net-zero","Quebec","Natural Gas",2023,591
"Canada Net-zero","Quebec","Natural Gas",2024,591
"Canada Net-zero","Quebec","Natural Gas",2025,560
"Canada Net-zero","Quebec","Natural Gas",2026,560
"Canada Net-zero","Quebec","Natural Gas",2027,560
"Canada Net-zero","Quebec","Natural Gas",2028,560
"Canada Net-zero","Quebec","Natural Gas",2029,560
"Canada Net-zero","Quebec","Natural Gas",2030,560
"Canada Net-zero","Quebec","Natural Gas",2031,560
"Canada Net-zero","Quebec","Natural Gas",2032,560
"Canada Net-zero","Quebec","Natural Gas",2033,560
"Canada Net-zero","Quebec","Natural Gas",2034,560
"Canada Net-zero","Quebec","Natural Gas",2035,0
"Canada Net-zero","Quebec","Natural Gas",2036,0
"Canada Net-zero","Quebec","Natural Gas",2037,0
"Canada Net-zero","Quebec","Natural Gas",2038,0
"Canada Net-zero","Quebec","Natural Gas",2039,0
"Canada Net-zero","Quebec","Natural Gas",2040,0
"Canada Net-zero","Quebec","Natural Gas",2041,0
"Canada Net-zero","Quebec","Natural Gas",2042,0
"Canada Net-zero","Quebec","Natural Gas",2043,0
"Canada Net-zero","Quebec","Natural Gas",2044,0
"Canada Net-zero","Quebec","Natural Gas",2045,0
"Canada Net-zero","Quebec","Natural Gas",2046,0
"Canada Net-zero","Quebec","Natural Gas",2047,0
"Canada Net-zero","Quebec","Natural Gas",2048,0
"Canada Net-zero","Quebec","Natural Gas",2049,0
"Canada Net-zero","Quebec","Natural Gas",2050,0
"Canada Net-zero","Quebec","Oil",2020,311
"Canada Net-zero","Quebec","Oil",2021,311
"Canada Net-zero","Quebec","Oil",2022,311
"Canada Net-zero","Quebec","Oil",2023,311
"Canada Net-zero","Quebec","Oil",2024,311
"Canada Net-zero","Quebec","Oil",2025,311
"Canada Net-zero","Quebec","Oil",2026,244
"Canada Net-zero","Quebec","Oil",2027,244
"Canada Net-zero","Quebec","Oil",2028,244
"Canada Net-zero","Quebec","Oil",2029,244
"Canada Net-zero","Quebec","Oil",2030,244
"Canada Net-zero","Quebec","Oil",2031,244
"Canada Net-zero","Quebec","Oil",2032,244
"Canada Net-zero","Quebec","Oil",2033,244
"Canada Net-zero","Quebec","Oil",2034,244
"Canada Net-zero","Quebec","Oil",2035,244
"Canada Net-zero","Quebec","Oil",2036,244
"Canada Net-zero","Quebec","Oil",2037,244
"Canada Net-zero","Quebec","Oil",2038,244
"Canada Net-zero","Quebec","Oil",2039,244
"Canada Net-zero","Quebec","Oil",2040,244
"Canada Net-zero","Quebec","Oil",2041,244
"Canada Net-zero","Quebec","Oil",2042,244
"Canada Net-zero","Quebec","Oil",2043,244
"Canada Net-zero","Quebec","Oil",2044,244
"Canada Net-zero","Quebec","Oil",2045,244
"Canada Net-zero","Quebec","Oil",2046,244
"Canada Net-zero","Quebec","Oil",2047,244
"Canada Net-zero","Quebec","Oil",2048,244
"Canada Net-zero","Quebec","Oil",2049,244
"Canada Net-zero","Quebec","Oil",2050,244
"Canada Net-zero","Quebec","Onshore Wind",2020,4360
"Canada Net-zero","Quebec","Onshore Wind",2021,4360
"Canada Net-zero","Quebec","Onshore Wind",2022,4360
"Canada Net-zero","Quebec","Onshore Wind",2023,4360
"Canada Net-zero","Quebec","Onshore Wind",2024,4560
"Canada Net-zero","Quebec","Onshore Wind",2025,4560
"Canada Net-zero","Quebec","Onshore Wind",2026,4560
"Canada Net-zero","Quebec","Onshore Wind",2027,4560
"Canada Net-zero","Quebec","Onshore Wind",2028,4560
"Canada Net-zero","Quebec","Onshore Wind",2029,4560
"Canada Net-zero","Quebec","Onshore Wind",2030,4560
"Canada Net-zero","Quebec","Onshore Wind",2031,4770
"Canada Net-zero","Quebec","Onshore Wind",2032,4970
"Canada Net-zero","Quebec","Onshore Wind",2033,5180
"Canada Net-zero","Quebec","Onshore Wind",2034,5380
"Canada Net-zero","Quebec","Onshore Wind",2035,5590
"Canada Net-zero","Quebec","Onshore Wind",2036,5590
"Canada Net-zero","Quebec","Onshore Wind",2037,5590
"Canada Net-zero","Quebec","Onshore Wind",2038,5590
"Canada Net-zero","Quebec","Onshore Wind",2039,5590
"Canada Net-zero","Quebec","Onshore Wind",2040,5590
"Canada Net-zero","Quebec","Onshore Wind",2041,5720
"Canada Net-zero","Quebec","Onshore Wind",2042,5860
"Canada Net-zero","Quebec","Onshore Wind",2043,5990
"Canada Net-zero","Quebec","Onshore Wind",2044,6130
"Canada Net-zero","Quebec","Onshore Wind",2045,6260
"Canada Net-zero","Quebec","Onshore Wind",2046,6300
"Canada Net-zero","Quebec","Onshore Wind",2047,6340
"Canada Net-zero","Quebec","Onshore Wind",2048,6390
"Canada Net-zero","Quebec","Onshore Wind",2049,6430
"Canada Net-zero","Quebec","Onshore Wind",2050,6470
"Canada Net-zero","Quebec","Solar (Distributed)",2020,20
"Canada Net-zero","Quebec","Solar (Distributed)",2021,20
"Canada Net-zero","Quebec","Solar (Distributed)",2022,20
"Canada Net-zero","Quebec","Solar (Distributed)",2023,20
"Canada Net-zero","Quebec","Solar (Distributed)",2024,20
"Canada Net-zero","Quebec","Solar (Distributed)",2025,20
"Canada Net-zero","Quebec","Solar (Distributed)",2026,36
"Canada Net-zero","Quebec","Solar (Distributed)",2027,52
"Canada Net-zero","Quebec","Solar (Distributed)",2028,68
"Canada Net-zero","Quebec","Solar (Distributed)",2029,84
"Canada Net-zero","Quebec","Solar (Distributed)",2030,100
"Canada Net-zero","Quebec","Solar (Distributed)",2031,130
"Canada Net-zero","Quebec","Solar (Distributed)",2032,160
"Canada Net-zero","Quebec","Solar (Distributed)",2033,190
"Canada Net-zero","Quebec","Solar (Distributed)",2034,220
"Canada Net-zero","Quebec","Solar (Distributed)",2035,250
"Canada Net-zero","Quebec","Solar (Distributed)",2036,280
"Canada Net-zero","Quebec","Solar (Distributed)",2037,310
"Canada Net-zero","Quebec","Solar (Distributed)",2038,340
"Canada Net-zero","Quebec","Solar (Distributed)",2039,370
"Canada Net-zero","Quebec","Solar (Distributed)",2040,400
"Canada Net-zero","Quebec","Solar (Distributed)",2041,420
"Canada Net-zero","Quebec","Solar (Distributed)",2042,440
"Canada Net-zero","Quebec","Solar (Distributed)",2043,460
"Canada Net-zero","Quebec","Solar (Distributed)",2044,480
"Canada Net-zero","Quebec","Solar (Distributed)",2045,500
"Canada Net-zero","Quebec","Solar (Distributed)",2046,520
"Canada Net-zero","Quebec","Solar (Distributed)",2047,540
"Canada Net-zero","Quebec","Solar (Distributed)",2048,560
"Canada Net-zero","Quebec","Solar (Distributed)",2049,580
"Canada Net-zero","Quebec","Solar (Distributed)",2050,600
"Canada Net-zero","Quebec","Solar (Utility scale)",2020,0.297
"Canada Net-zero","Quebec","Solar (Utility scale)",2021,0.297
"Canada Net-zero","Quebec","Solar (Utility scale)",2022,0.297
"Canada Net-zero","Quebec","Solar (Utility scale)",2023,0.297
"Canada Net-zero","Quebec","Solar (Utility scale)",2024,0.297
"Canada Net-zero","Quebec","Solar (Utility scale)",2025,0.297
"Canada Net-zero","Quebec","Solar (Utility scale)",2026,0.297
"Canada Net-zero","Quebec","Solar (Utility scale)",2027,0.297
"Canada Net-zero","Quebec","Solar (Utility scale)",2028,0.297
"Canada Net-zero","Quebec","Solar (Utility scale)",2029,0.297
"Canada Net-zero","Quebec","Solar (Utility scale)",2030,0.297
"Canada Net-zero","Quebec","Solar (Utility scale)",2031,0.297
"Canada Net-zero","Quebec","Solar (Utility scale)",2032,0.297
"Canada Net-zero","Quebec","Solar (Utility scale)",2033,0.297
"Canada Net-zero","Quebec","Solar (Utility scale)",2034,0.297
"Canada Net-zero","Quebec","Solar (Utility scale)",2035,0.297
"Canada Net-zero","Quebec","Solar (Utility scale)",2036,0.297
"Canada Net-zero","Quebec","Solar (Utility scale)",2037,0.297
"Canada Net-zero","Quebec","Solar (Utility scale)",2038,0.297
"Canada Net-zero","Quebec","Solar (Utility scale)",2039,0.297
"Canada Net-zero","Quebec","Solar (Utility scale)",2040,0.297
"Canada Net-zero","Quebec","Solar (Utility scale)",2041,0.297
"Canada Net-zero","Quebec","Solar (Utility scale)",2042,0.297
"Canada Net-zero","Quebec","Solar (Utility scale)",2043,0.297
"Canada Net-zero","Quebec","Solar (Utility scale)",2044,0.297
"Canada Net-zero","Quebec","Solar (Utility scale)",2045,0.297
"Canada Net-zero","Quebec","Solar (Utility scale)",2046,0.297
"Canada Net-zero","Quebec","Solar (Utility scale)",2047,0.297
"Canada Net-zero","Quebec","Solar (Utility scale)",2048,0.297
"Canada Net-zero","Quebec","Solar (Utility scale)",2049,0.297
"Canada Net-zero","Quebec","Solar (Utility scale)",2050,0.297
"Canada Net-zero","Quebec","Total",2020,46689.897
"Canada Net-zero","Quebec","Total",2021,47108.897
"Canada Net-zero","Quebec","Total",2022,47108.897
"Canada Net-zero","Quebec","Total",2023,47108.897
"Canada Net-zero","Quebec","Total",2024,47308.897
"Canada Net-zero","Quebec","Total",2025,47277.897
"Canada Net-zero","Quebec","Total",2026,47826.897
"Canada Net-zero","Quebec","Total",2027,48342.897
"Canada Net-zero","Quebec","Total",2028,48958.897
"Canada Net-zero","Quebec","Total",2029,49574.897
"Canada Net-zero","Quebec","Total",2030,50090.897
"Canada Net-zero","Quebec","Total",2031,50730.897
"Canada Net-zero","Quebec","Total",2032,51260.897
"Canada Net-zero","Quebec","Total",2033,51800.897
"Canada Net-zero","Quebec","Total",2034,52430.897
"Canada Net-zero","Quebec","Total",2035,52410.897
"Canada Net-zero","Quebec","Total",2036,52972.897
"Canada Net-zero","Quebec","Total",2037,53530.897
"Canada Net-zero","Quebec","Total",2038,54090.897
"Canada Net-zero","Quebec","Total",2039,54660.897
"Canada Net-zero","Quebec","Total",2040,55220.897
"Canada Net-zero","Quebec","Total",2041,55440.897
"Canada Net-zero","Quebec","Total",2042,55660.897
"Canada Net-zero","Quebec","Total",2043,55880.897
"Canada Net-zero","Quebec","Total",2044,56110.897
"Canada Net-zero","Quebec","Total",2045,56750.897
"Canada Net-zero","Quebec","Total",2046,57190.897
"Canada Net-zero","Quebec","Total",2047,57650.897
"Canada Net-zero","Quebec","Total",2048,58120.897
"Canada Net-zero","Quebec","Total",2049,58580.897
"Canada Net-zero","Quebec","Total",2050,58940.897
"Canada Net-zero","Quebec","Uranium SMR",2020,0
"Canada Net-zero","Quebec","Uranium SMR",2021,0
"Canada Net-zero","Quebec","Uranium SMR",2022,0
"Canada Net-zero","Quebec","Uranium SMR",2023,0
"Canada Net-zero","Quebec","Uranium SMR",2024,0
"Canada Net-zero","Quebec","Uranium SMR",2025,0
"Canada Net-zero","Quebec","Uranium SMR",2026,0
"Canada Net-zero","Quebec","Uranium SMR",2027,0
"Canada Net-zero","Quebec","Uranium SMR",2028,0
"Canada Net-zero","Quebec","Uranium SMR",2029,0
"Canada Net-zero","Quebec","Uranium SMR",2030,0
"Canada Net-zero","Quebec","Uranium SMR",2031,0
"Canada Net-zero","Quebec","Uranium SMR",2032,0
"Canada Net-zero","Quebec","Uranium SMR",2033,0
"Canada Net-zero","Quebec","Uranium SMR",2034,0
"Canada Net-zero","Quebec","Uranium SMR",2035,0
"Canada Net-zero","Quebec","Uranium SMR",2036,532
"Canada Net-zero","Quebec","Uranium SMR",2037,1060
"Canada Net-zero","Quebec","Uranium SMR",2038,1590
"Canada Net-zero","Quebec","Uranium SMR",2039,2130
"Canada Net-zero","Quebec","Uranium SMR",2040,2660
"Canada Net-zero","Quebec","Uranium SMR",2041,2730
"Canada Net-zero","Quebec","Uranium SMR",2042,2790
"Canada Net-zero","Quebec","Uranium SMR",2043,2860
"Canada Net-zero","Quebec","Uranium SMR",2044,2930
"Canada Net-zero","Quebec","Uranium SMR",2045,3000
"Canada Net-zero","Quebec","Uranium SMR",2046,3000
"Canada Net-zero","Quebec","Uranium SMR",2047,3000
"Canada Net-zero","Quebec","Uranium SMR",2048,3000
"Canada Net-zero","Quebec","Uranium SMR",2049,3000
"Canada Net-zero","Quebec","Uranium SMR",2050,3000
"Canada Net-zero","Saskatchewan","Bioenergy",2020,36
"Canada Net-zero","Saskatchewan","Bioenergy",2021,36
"Canada Net-zero","Saskatchewan","Bioenergy",2022,36
"Canada Net-zero","Saskatchewan","Bioenergy",2023,36
"Canada Net-zero","Saskatchewan","Bioenergy",2024,36
"Canada Net-zero","Saskatchewan","Bioenergy",2025,36
"Canada Net-zero","Saskatchewan","Bioenergy",2026,36
"Canada Net-zero","Saskatchewan","Bioenergy",2027,36
"Canada Net-zero","Saskatchewan","Bioenergy",2028,36
"Canada Net-zero","Saskatchewan","Bioenergy",2029,36
"Canada Net-zero","Saskatchewan","Bioenergy",2030,36
"Canada Net-zero","Saskatchewan","Bioenergy",2031,36
"Canada Net-zero","Saskatchewan","Bioenergy",2032,36
"Canada Net-zero","Saskatchewan","Bioenergy",2033,36
"Canada Net-zero","Saskatchewan","Bioenergy",2034,36
"Canada Net-zero","Saskatchewan","Bioenergy",2035,36
"Canada Net-zero","Saskatchewan","Bioenergy",2036,36
"Canada Net-zero","Saskatchewan","Bioenergy",2037,36
"Canada Net-zero","Saskatchewan","Bioenergy",2038,36
"Canada Net-zero","Saskatchewan","Bioenergy",2039,36
"Canada Net-zero","Saskatchewan","Bioenergy",2040,36
"Canada Net-zero","Saskatchewan","Bioenergy",2041,36
"Canada Net-zero","Saskatchewan","Bioenergy",2042,36
"Canada Net-zero","Saskatchewan","Bioenergy",2043,36
"Canada Net-zero","Saskatchewan","Bioenergy",2044,36
"Canada Net-zero","Saskatchewan","Bioenergy",2045,36
"Canada Net-zero","Saskatchewan","Bioenergy",2046,36
"Canada Net-zero","Saskatchewan","Bioenergy",2047,36
"Canada Net-zero","Saskatchewan","Bioenergy",2048,36
"Canada Net-zero","Saskatchewan","Bioenergy",2049,36
"Canada Net-zero","Saskatchewan","Bioenergy",2050,36
"Canada Net-zero","Saskatchewan","Bioenergy with CCUS",2020,0
"Canada Net-zero","Saskatchewan","Bioenergy with CCUS",2021,0
"Canada Net-zero","Saskatchewan","Bioenergy with CCUS",2022,0
"Canada Net-zero","Saskatchewan","Bioenergy with CCUS",2023,0
"Canada Net-zero","Saskatchewan","Bioenergy with CCUS",2024,0
"Canada Net-zero","Saskatchewan","Bioenergy with CCUS",2025,0
"Canada Net-zero","Saskatchewan","Bioenergy with CCUS",2026,0
"Canada Net-zero","Saskatchewan","Bioenergy with CCUS",2027,0
"Canada Net-zero","Saskatchewan","Bioenergy with CCUS",2028,0
"Canada Net-zero","Saskatchewan","Bioenergy with CCUS",2029,0
"Canada Net-zero","Saskatchewan","Bioenergy with CCUS",2030,0
"Canada Net-zero","Saskatchewan","Bioenergy with CCUS",2031,111
"Canada Net-zero","Saskatchewan","Bioenergy with CCUS",2032,222
"Canada Net-zero","Saskatchewan","Bioenergy with CCUS",2033,333
"Canada Net-zero","Saskatchewan","Bioenergy with CCUS",2034,444
"Canada Net-zero","Saskatchewan","Bioenergy with CCUS",2035,556
"Canada Net-zero","Saskatchewan","Bioenergy with CCUS",2036,689
"Canada Net-zero","Saskatchewan","Bioenergy with CCUS",2037,822
"Canada Net-zero","Saskatchewan","Bioenergy with CCUS",2038,956
"Canada Net-zero","Saskatchewan","Bioenergy with CCUS",2039,1090
"Canada Net-zero","Saskatchewan","Bioenergy with CCUS",2040,1220
"Canada Net-zero","Saskatchewan","Bioenergy with CCUS",2041,1360
"Canada Net-zero","Saskatchewan","Bioenergy with CCUS",2042,1490
"Canada Net-zero","Saskatchewan","Bioenergy with CCUS",2043,1620
"Canada Net-zero","Saskatchewan","Bioenergy with CCUS",2044,1760
"Canada Net-zero","Saskatchewan","Bioenergy with CCUS",2045,1890
"Canada Net-zero","Saskatchewan","Bioenergy with CCUS",2046,2030
"Canada Net-zero","Saskatchewan","Bioenergy with CCUS",2047,2180
"Canada Net-zero","Saskatchewan","Bioenergy with CCUS",2048,2320
"Canada Net-zero","Saskatchewan","Bioenergy with CCUS",2049,2470
"Canada Net-zero","Saskatchewan","Bioenergy with CCUS",2050,2610
"Canada Net-zero","Saskatchewan","Coal and Coke",2020,1420
"Canada Net-zero","Saskatchewan","Coal and Coke",2021,1420
"Canada Net-zero","Saskatchewan","Coal and Coke",2022,1280
"Canada Net-zero","Saskatchewan","Coal and Coke",2023,1140
"Canada Net-zero","Saskatchewan","Coal and Coke",2024,1140
"Canada Net-zero","Saskatchewan","Coal and Coke",2025,1140
"Canada Net-zero","Saskatchewan","Coal and Coke",2026,1140
"Canada Net-zero","Saskatchewan","Coal and Coke",2027,851
"Canada Net-zero","Saskatchewan","Coal and Coke",2028,851
"Canada Net-zero","Saskatchewan","Coal and Coke",2029,276
"Canada Net-zero","Saskatchewan","Coal and Coke",2030,276
"Canada Net-zero","Saskatchewan","Coal and Coke",2031,0
"Canada Net-zero","Saskatchewan","Coal and Coke",2032,0
"Canada Net-zero","Saskatchewan","Coal and Coke",2033,0
"Canada Net-zero","Saskatchewan","Coal and Coke",2034,0
"Canada Net-zero","Saskatchewan","Coal and Coke",2035,0
"Canada Net-zero","Saskatchewan","Coal and Coke",2036,0
"Canada Net-zero","Saskatchewan","Coal and Coke",2037,0
"Canada Net-zero","Saskatchewan","Coal and Coke",2038,0
"Canada Net-zero","Saskatchewan","Coal and Coke",2039,0
"Canada Net-zero","Saskatchewan","Coal and Coke",2040,0
"Canada Net-zero","Saskatchewan","Coal and Coke",2041,0
"Canada Net-zero","Saskatchewan","Coal and Coke",2042,0
"Canada Net-zero","Saskatchewan","Coal and Coke",2043,0
"Canada Net-zero","Saskatchewan","Coal and Coke",2044,0
"Canada Net-zero","Saskatchewan","Coal and Coke",2045,0
"Canada Net-zero","Saskatchewan","Coal and Coke",2046,0
"Canada Net-zero","Saskatchewan","Coal and Coke",2047,0
"Canada Net-zero","Saskatchewan","Coal and Coke",2048,0
"Canada Net-zero","Saskatchewan","Coal and Coke",2049,0
"Canada Net-zero","Saskatchewan","Coal and Coke",2050,0
"Canada Net-zero","Saskatchewan","Coal with CCUS",2020,115
"Canada Net-zero","Saskatchewan","Coal with CCUS",2021,115
"Canada Net-zero","Saskatchewan","Coal with CCUS",2022,115
"Canada Net-zero","Saskatchewan","Coal with CCUS",2023,115
"Canada Net-zero","Saskatchewan","Coal with CCUS",2024,115
"Canada Net-zero","Saskatchewan","Coal with CCUS",2025,115
"Canada Net-zero","Saskatchewan","Coal with CCUS",2026,115
"Canada Net-zero","Saskatchewan","Coal with CCUS",2027,115
"Canada Net-zero","Saskatchewan","Coal with CCUS",2028,115
"Canada Net-zero","Saskatchewan","Coal with CCUS",2029,115
"Canada Net-zero","Saskatchewan","Coal with CCUS",2030,115
"Canada Net-zero","Saskatchewan","Coal with CCUS",2031,115
"Canada Net-zero","Saskatchewan","Coal with CCUS",2032,115
"Canada Net-zero","Saskatchewan","Coal with CCUS",2033,115
"Canada Net-zero","Saskatchewan","Coal with CCUS",2034,115
"Canada Net-zero","Saskatchewan","Coal with CCUS",2035,0
"Canada Net-zero","Saskatchewan","Coal with CCUS",2036,0
"Canada Net-zero","Saskatchewan","Coal with CCUS",2037,0
"Canada Net-zero","Saskatchewan","Coal with CCUS",2038,0
"Canada Net-zero","Saskatchewan","Coal with CCUS",2039,0
"Canada Net-zero","Saskatchewan","Coal with CCUS",2040,0
"Canada Net-zero","Saskatchewan","Coal with CCUS",2041,0
"Canada Net-zero","Saskatchewan","Coal with CCUS",2042,0
"Canada Net-zero","Saskatchewan","Coal with CCUS",2043,0
"Canada Net-zero","Saskatchewan","Coal with CCUS",2044,0
"Canada Net-zero","Saskatchewan","Coal with CCUS",2045,0
"Canada Net-zero","Saskatchewan","Coal with CCUS",2046,0
"Canada Net-zero","Saskatchewan","Coal with CCUS",2047,0
"Canada Net-zero","Saskatchewan","Coal with CCUS",2048,0
"Canada Net-zero","Saskatchewan","Coal with CCUS",2049,0
"Canada Net-zero","Saskatchewan","Coal with CCUS",2050,0
"Canada Net-zero","Saskatchewan","Hydro",2020,889
"Canada Net-zero","Saskatchewan","Hydro",2021,889
"Canada Net-zero","Saskatchewan","Hydro",2022,889
"Canada Net-zero","Saskatchewan","Hydro",2023,889
"Canada Net-zero","Saskatchewan","Hydro",2024,889
"Canada Net-zero","Saskatchewan","Hydro",2025,914
"Canada Net-zero","Saskatchewan","Hydro",2026,914
"Canada Net-zero","Saskatchewan","Hydro",2027,914
"Canada Net-zero","Saskatchewan","Hydro",2028,914
"Canada Net-zero","Saskatchewan","Hydro",2029,914
"Canada Net-zero","Saskatchewan","Hydro",2030,914
"Canada Net-zero","Saskatchewan","Hydro",2031,924
"Canada Net-zero","Saskatchewan","Hydro",2032,959
"Canada Net-zero","Saskatchewan","Hydro",2033,969
"Canada Net-zero","Saskatchewan","Hydro",2034,979
"Canada Net-zero","Saskatchewan","Hydro",2035,989
"Canada Net-zero","Saskatchewan","Hydro",2036,989
"Canada Net-zero","Saskatchewan","Hydro",2037,989
"Canada Net-zero","Saskatchewan","Hydro",2038,989
"Canada Net-zero","Saskatchewan","Hydro",2039,989
"Canada Net-zero","Saskatchewan","Hydro",2040,989
"Canada Net-zero","Saskatchewan","Hydro",2041,989
"Canada Net-zero","Saskatchewan","Hydro",2042,989
"Canada Net-zero","Saskatchewan","Hydro",2043,989
"Canada Net-zero","Saskatchewan","Hydro",2044,989
"Canada Net-zero","Saskatchewan","Hydro",2045,989
"Canada Net-zero","Saskatchewan","Hydro",2046,989
"Canada Net-zero","Saskatchewan","Hydro",2047,989
"Canada Net-zero","Saskatchewan","Hydro",2048,989
"Canada Net-zero","Saskatchewan","Hydro",2049,989
"Canada Net-zero","Saskatchewan","Hydro",2050,989
"Canada Net-zero","Saskatchewan","Natural Gas",2020,1840
"Canada Net-zero","Saskatchewan","Natural Gas",2021,1840
"Canada Net-zero","Saskatchewan","Natural Gas",2022,1840
"Canada Net-zero","Saskatchewan","Natural Gas",2023,1840
"Canada Net-zero","Saskatchewan","Natural Gas",2024,2100
"Canada Net-zero","Saskatchewan","Natural Gas",2025,3010
"Canada Net-zero","Saskatchewan","Natural Gas",2026,3180
"Canada Net-zero","Saskatchewan","Natural Gas",2027,3360
"Canada Net-zero","Saskatchewan","Natural Gas",2028,3540
"Canada Net-zero","Saskatchewan","Natural Gas",2029,3720
"Canada Net-zero","Saskatchewan","Natural Gas",2030,3890
"Canada Net-zero","Saskatchewan","Natural Gas",2031,3890
"Canada Net-zero","Saskatchewan","Natural Gas",2032,3890
"Canada Net-zero","Saskatchewan","Natural Gas",2033,3890
"Canada Net-zero","Saskatchewan","Natural Gas",2034,3890
"Canada Net-zero","Saskatchewan","Natural Gas",2035,2800
"Canada Net-zero","Saskatchewan","Natural Gas",2036,2800
"Canada Net-zero","Saskatchewan","Natural Gas",2037,2780
"Canada Net-zero","Saskatchewan","Natural Gas",2038,2630
"Canada Net-zero","Saskatchewan","Natural Gas",2039,2370
"Canada Net-zero","Saskatchewan","Natural Gas",2040,2370
"Canada Net-zero","Saskatchewan","Natural Gas",2041,2370
"Canada Net-zero","Saskatchewan","Natural Gas",2042,2370
"Canada Net-zero","Saskatchewan","Natural Gas",2043,2370
"Canada Net-zero","Saskatchewan","Natural Gas",2044,2370
"Canada Net-zero","Saskatchewan","Natural Gas",2045,2280
"Canada Net-zero","Saskatchewan","Natural Gas",2046,2030
"Canada Net-zero","Saskatchewan","Natural Gas",2047,2030
"Canada Net-zero","Saskatchewan","Natural Gas",2048,1950
"Canada Net-zero","Saskatchewan","Natural Gas",2049,1950
"Canada Net-zero","Saskatchewan","Natural Gas",2050,1040
"Canada Net-zero","Saskatchewan","Natural Gas with CCUS",2020,0
"Canada Net-zero","Saskatchewan","Natural Gas with CCUS",2021,0
"Canada Net-zero","Saskatchewan","Natural Gas with CCUS",2022,0
"Canada Net-zero","Saskatchewan","Natural Gas with CCUS",2023,0
"Canada Net-zero","Saskatchewan","Natural Gas with CCUS",2024,0
"Canada Net-zero","Saskatchewan","Natural Gas with CCUS",2025,0
"Canada Net-zero","Saskatchewan","Natural Gas with CCUS",2026,0
"Canada Net-zero","Saskatchewan","Natural Gas with CCUS",2027,0
"Canada Net-zero","Saskatchewan","Natural Gas with CCUS",2028,0
"Canada Net-zero","Saskatchewan","Natural Gas with CCUS",2029,0
"Canada Net-zero","Saskatchewan","Natural Gas with CCUS",2030,0
"Canada Net-zero","Saskatchewan","Natural Gas with CCUS",2031,0
"Canada Net-zero","Saskatchewan","Natural Gas with CCUS",2032,0
"Canada Net-zero","Saskatchewan","Natural Gas with CCUS",2033,0
"Canada Net-zero","Saskatchewan","Natural Gas with CCUS",2034,0
"Canada Net-zero","Saskatchewan","Natural Gas with CCUS",2035,13.3
"Canada Net-zero","Saskatchewan","Natural Gas with CCUS",2036,77.7
"Canada Net-zero","Saskatchewan","Natural Gas with CCUS",2037,142
"Canada Net-zero","Saskatchewan","Natural Gas with CCUS",2038,207
"Canada Net-zero","Saskatchewan","Natural Gas with CCUS",2039,271
"Canada Net-zero","Saskatchewan","Natural Gas with CCUS",2040,336
"Canada Net-zero","Saskatchewan","Natural Gas with CCUS",2041,377
"Canada Net-zero","Saskatchewan","Natural Gas with CCUS",2042,418
"Canada Net-zero","Saskatchewan","Natural Gas with CCUS",2043,460
"Canada Net-zero","Saskatchewan","Natural Gas with CCUS",2044,501
"Canada Net-zero","Saskatchewan","Natural Gas with CCUS",2045,542
"Canada Net-zero","Saskatchewan","Natural Gas with CCUS",2046,561
"Canada Net-zero","Saskatchewan","Natural Gas with CCUS",2047,580
"Canada Net-zero","Saskatchewan","Natural Gas with CCUS",2048,599
"Canada Net-zero","Saskatchewan","Natural Gas with CCUS",2049,618
"Canada Net-zero","Saskatchewan","Natural Gas with CCUS",2050,637
"Canada Net-zero","Saskatchewan","Oil",2020,17
"Canada Net-zero","Saskatchewan","Oil",2021,17
"Canada Net-zero","Saskatchewan","Oil",2022,17
"Canada Net-zero","Saskatchewan","Oil",2023,17
"Canada Net-zero","Saskatchewan","Oil",2024,17
"Canada Net-zero","Saskatchewan","Oil",2025,17
"Canada Net-zero","Saskatchewan","Oil",2026,17
"Canada Net-zero","Saskatchewan","Oil",2027,17
"Canada Net-zero","Saskatchewan","Oil",2028,17
"Canada Net-zero","Saskatchewan","Oil",2029,17
"Canada Net-zero","Saskatchewan","Oil",2030,17
"Canada Net-zero","Saskatchewan","Oil",2031,17
"Canada Net-zero","Saskatchewan","Oil",2032,17
"Canada Net-zero","Saskatchewan","Oil",2033,17
"Canada Net-zero","Saskatchewan","Oil",2034,17
"Canada Net-zero","Saskatchewan","Oil",2035,17
"Canada Net-zero","Saskatchewan","Oil",2036,17
"Canada Net-zero","Saskatchewan","Oil",2037,17
"Canada Net-zero","Saskatchewan","Oil",2038,17
"Canada Net-zero","Saskatchewan","Oil",2039,17
"Canada Net-zero","Saskatchewan","Oil",2040,17
"Canada Net-zero","Saskatchewan","Oil",2041,17
"Canada Net-zero","Saskatchewan","Oil",2042,17
"Canada Net-zero","Saskatchewan","Oil",2043,17
"Canada Net-zero","Saskatchewan","Oil",2044,17
"Canada Net-zero","Saskatchewan","Oil",2045,17
"Canada Net-zero","Saskatchewan","Oil",2046,17
"Canada Net-zero","Saskatchewan","Oil",2047,17
"Canada Net-zero","Saskatchewan","Oil",2048,17
"Canada Net-zero","Saskatchewan","Oil",2049,17
"Canada Net-zero","Saskatchewan","Oil",2050,17
"Canada Net-zero","Saskatchewan","Onshore Wind",2020,221
"Canada Net-zero","Saskatchewan","Onshore Wind",2021,221
"Canada Net-zero","Saskatchewan","Onshore Wind",2022,221
"Canada Net-zero","Saskatchewan","Onshore Wind",2023,221
"Canada Net-zero","Saskatchewan","Onshore Wind",2024,1690
"Canada Net-zero","Saskatchewan","Onshore Wind",2025,2140
"Canada Net-zero","Saskatchewan","Onshore Wind",2026,2310
"Canada Net-zero","Saskatchewan","Onshore Wind",2027,2480
"Canada Net-zero","Saskatchewan","Onshore Wind",2028,2650
"Canada Net-zero","Saskatchewan","Onshore Wind",2029,2820
"Canada Net-zero","Saskatchewan","Onshore Wind",2030,2990
"Canada Net-zero","Saskatchewan","Onshore Wind",2031,3330
"Canada Net-zero","Saskatchewan","Onshore Wind",2032,3670
"Canada Net-zero","Saskatchewan","Onshore Wind",2033,4010
"Canada Net-zero","Saskatchewan","Onshore Wind",2034,4450
"Canada Net-zero","Saskatchewan","Onshore Wind",2035,4790
"Canada Net-zero","Saskatchewan","Onshore Wind",2036,4860
"Canada Net-zero","Saskatchewan","Onshore Wind",2037,4920
"Canada Net-zero","Saskatchewan","Onshore Wind",2038,5080
"Canada Net-zero","Saskatchewan","Onshore Wind",2039,5150
"Canada Net-zero","Saskatchewan","Onshore Wind",2040,5210
"Canada Net-zero","Saskatchewan","Onshore Wind",2041,5270
"Canada Net-zero","Saskatchewan","Onshore Wind",2042,5330
"Canada Net-zero","Saskatchewan","Onshore Wind",2043,5390
"Canada Net-zero","Saskatchewan","Onshore Wind",2044,5450
"Canada Net-zero","Saskatchewan","Onshore Wind",2045,5510
"Canada Net-zero","Saskatchewan","Onshore Wind",2046,5520
"Canada Net-zero","Saskatchewan","Onshore Wind",2047,5530
"Canada Net-zero","Saskatchewan","Onshore Wind",2048,5540
"Canada Net-zero","Saskatchewan","Onshore Wind",2049,5560
"Canada Net-zero","Saskatchewan","Onshore Wind",2050,5570
"Canada Net-zero","Saskatchewan","Solar (Distributed)",2020,20
"Canada Net-zero","Saskatchewan","Solar (Distributed)",2021,20
"Canada Net-zero","Saskatchewan","Solar (Distributed)",2022,20
"Canada Net-zero","Saskatchewan","Solar (Distributed)",2023,20
"Canada Net-zero","Saskatchewan","Solar (Distributed)",2024,20
"Canada Net-zero","Saskatchewan","Solar (Distributed)",2025,20
"Canada Net-zero","Saskatchewan","Solar (Distributed)",2026,36
"Canada Net-zero","Saskatchewan","Solar (Distributed)",2027,52
"Canada Net-zero","Saskatchewan","Solar (Distributed)",2028,68
"Canada Net-zero","Saskatchewan","Solar (Distributed)",2029,84
"Canada Net-zero","Saskatchewan","Solar (Distributed)",2030,100
"Canada Net-zero","Saskatchewan","Solar (Distributed)",2031,110
"Canada Net-zero","Saskatchewan","Solar (Distributed)",2032,120
"Canada Net-zero","Saskatchewan","Solar (Distributed)",2033,130
"Canada Net-zero","Saskatchewan","Solar (Distributed)",2034,140
"Canada Net-zero","Saskatchewan","Solar (Distributed)",2035,150
"Canada Net-zero","Saskatchewan","Solar (Distributed)",2036,160
"Canada Net-zero","Saskatchewan","Solar (Distributed)",2037,170
"Canada Net-zero","Saskatchewan","Solar (Distributed)",2038,180
"Canada Net-zero","Saskatchewan","Solar (Distributed)",2039,190
"Canada Net-zero","Saskatchewan","Solar (Distributed)",2040,200
"Canada Net-zero","Saskatchewan","Solar (Distributed)",2041,218.0753979
"Canada Net-zero","Saskatchewan","Solar (Distributed)",2042,236.1507957
"Canada Net-zero","Saskatchewan","Solar (Distributed)",2043,254.2261936
"Canada Net-zero","Saskatchewan","Solar (Distributed)",2044,272.3015915
"Canada Net-zero","Saskatchewan","Solar (Distributed)",2045,290.3769894
"Canada Net-zero","Saskatchewan","Solar (Distributed)",2046,308.4523872
"Canada Net-zero","Saskatchewan","Solar (Distributed)",2047,326.5277851
"Canada Net-zero","Saskatchewan","Solar (Distributed)",2048,344.603183
"Canada Net-zero","Saskatchewan","Solar (Distributed)",2049,362.6785808
"Canada Net-zero","Saskatchewan","Solar (Distributed)",2050,380.7539787
"Canada Net-zero","Saskatchewan","Solar (Utility scale)",2020,64
"Canada Net-zero","Saskatchewan","Solar (Utility scale)",2021,64
"Canada Net-zero","Saskatchewan","Solar (Utility scale)",2022,64
"Canada Net-zero","Saskatchewan","Solar (Utility scale)",2023,64
"Canada Net-zero","Saskatchewan","Solar (Utility scale)",2024,64
"Canada Net-zero","Saskatchewan","Solar (Utility scale)",2025,84
"Canada Net-zero","Saskatchewan","Solar (Utility scale)",2026,84
"Canada Net-zero","Saskatchewan","Solar (Utility scale)",2027,84
"Canada Net-zero","Saskatchewan","Solar (Utility scale)",2028,84
"Canada Net-zero","Saskatchewan","Solar (Utility scale)",2029,84
"Canada Net-zero","Saskatchewan","Solar (Utility scale)",2030,116
"Canada Net-zero","Saskatchewan","Solar (Utility scale)",2031,386
"Canada Net-zero","Saskatchewan","Solar (Utility scale)",2032,656
"Canada Net-zero","Saskatchewan","Solar (Utility scale)",2033,926
"Canada Net-zero","Saskatchewan","Solar (Utility scale)",2034,1200
"Canada Net-zero","Saskatchewan","Solar (Utility scale)",2035,1470
"Canada Net-zero","Saskatchewan","Solar (Utility scale)",2036,1470
"Canada Net-zero","Saskatchewan","Solar (Utility scale)",2037,1470
"Canada Net-zero","Saskatchewan","Solar (Utility scale)",2038,1470
"Canada Net-zero","Saskatchewan","Solar (Utility scale)",2039,1470
"Canada Net-zero","Saskatchewan","Solar (Utility scale)",2040,1470
"Canada Net-zero","Saskatchewan","Solar (Utility scale)",2041,1470
"Canada Net-zero","Saskatchewan","Solar (Utility scale)",2042,1470
"Canada Net-zero","Saskatchewan","Solar (Utility scale)",2043,1470
"Canada Net-zero","Saskatchewan","Solar (Utility scale)",2044,1470
"Canada Net-zero","Saskatchewan","Solar (Utility scale)",2045,1470
"Canada Net-zero","Saskatchewan","Solar (Utility scale)",2046,1470
"Canada Net-zero","Saskatchewan","Solar (Utility scale)",2047,1470
"Canada Net-zero","Saskatchewan","Solar (Utility scale)",2048,1470
"Canada Net-zero","Saskatchewan","Solar (Utility scale)",2049,1470
"Canada Net-zero","Saskatchewan","Solar (Utility scale)",2050,1450
"Canada Net-zero","Saskatchewan","Total",2020,4622
"Canada Net-zero","Saskatchewan","Total",2021,4622
"Canada Net-zero","Saskatchewan","Total",2022,4482
"Canada Net-zero","Saskatchewan","Total",2023,4342
"Canada Net-zero","Saskatchewan","Total",2024,6071
"Canada Net-zero","Saskatchewan","Total",2025,7476
"Canada Net-zero","Saskatchewan","Total",2026,7832
"Canada Net-zero","Saskatchewan","Total",2027,7909
"Canada Net-zero","Saskatchewan","Total",2028,8275
"Canada Net-zero","Saskatchewan","Total",2029,8066
"Canada Net-zero","Saskatchewan","Total",2030,8454
"Canada Net-zero","Saskatchewan","Total",2031,9133
"Canada Net-zero","Saskatchewan","Total",2032,10113
"Canada Net-zero","Saskatchewan","Total",2033,11068
"Canada Net-zero","Saskatchewan","Total",2034,12127
"Canada Net-zero","Saskatchewan","Total",2035,11891.3
"Canada Net-zero","Saskatchewan","Total",2036,12168.7
"Canada Net-zero","Saskatchewan","Total",2037,12416
"Canada Net-zero","Saskatchewan","Total",2038,12635
"Canada Net-zero","Saskatchewan","Total",2039,12653
"Canada Net-zero","Saskatchewan","Total",2040,12918
"Canada Net-zero","Saskatchewan","Total",2041,13177.0753979
"Canada Net-zero","Saskatchewan","Total",2042,13426.1507957
"Canada Net-zero","Saskatchewan","Total",2043,13676.2261936
"Canada Net-zero","Saskatchewan","Total",2044,13935.3015915
"Canada Net-zero","Saskatchewan","Total",2045,14094.3769894
"Canada Net-zero","Saskatchewan","Total",2046,14031.4523871999
"Canada Net-zero","Saskatchewan","Total",2047,14228.5277851
"Canada Net-zero","Saskatchewan","Total",2048,14335.603183
"Canada Net-zero","Saskatchewan","Total",2049,14542.6785808
"Canada Net-zero","Saskatchewan","Total",2050,13799.7539787
"Canada Net-zero","Saskatchewan","Uranium SMR",2020,0
"Canada Net-zero","Saskatchewan","Uranium SMR",2021,0
"Canada Net-zero","Saskatchewan","Uranium SMR",2022,0
"Canada Net-zero","Saskatchewan","Uranium SMR",2023,0
"Canada Net-zero","Saskatchewan","Uranium SMR",2024,0
"Canada Net-zero","Saskatchewan","Uranium SMR",2025,0
"Canada Net-zero","Saskatchewan","Uranium SMR",2026,0
"Canada Net-zero","Saskatchewan","Uranium SMR",2027,0
"Canada Net-zero","Saskatchewan","Uranium SMR",2028,0
"Canada Net-zero","Saskatchewan","Uranium SMR",2029,0
"Canada Net-zero","Saskatchewan","Uranium SMR",2030,0
"Canada Net-zero","Saskatchewan","Uranium SMR",2031,214
"Canada Net-zero","Saskatchewan","Uranium SMR",2032,428
"Canada Net-zero","Saskatchewan","Uranium SMR",2033,642
"Canada Net-zero","Saskatchewan","Uranium SMR",2034,856
"Canada Net-zero","Saskatchewan","Uranium SMR",2035,1070
"Canada Net-zero","Saskatchewan","Uranium SMR",2036,1070
"Canada Net-zero","Saskatchewan","Uranium SMR",2037,1070
"Canada Net-zero","Saskatchewan","Uranium SMR",2038,1070
"Canada Net-zero","Saskatchewan","Uranium SMR",2039,1070
"Canada Net-zero","Saskatchewan","Uranium SMR",2040,1070
"Canada Net-zero","Saskatchewan","Uranium SMR",2041,1070
"Canada Net-zero","Saskatchewan","Uranium SMR",2042,1070
"Canada Net-zero","Saskatchewan","Uranium SMR",2043,1070
"Canada Net-zero","Saskatchewan","Uranium SMR",2044,1070
"Canada Net-zero","Saskatchewan","Uranium SMR",2045,1070
"Canada Net-zero","Saskatchewan","Uranium SMR",2046,1070
"Canada Net-zero","Saskatchewan","Uranium SMR",2047,1070
"Canada Net-zero","Saskatchewan","Uranium SMR",2048,1070
"Canada Net-zero","Saskatchewan","Uranium SMR",2049,1070
"Canada Net-zero","Saskatchewan","Uranium SMR",2050,1070
"Canada Net-zero","Yukon","Bioenergy",2020,0.5
"Canada Net-zero","Yukon","Bioenergy",2021,0.5
"Canada Net-zero","Yukon","Bioenergy",2022,0.5
"Canada Net-zero","Yukon","Bioenergy",2023,0.5
"Canada Net-zero","Yukon","Bioenergy",2024,0.5
"Canada Net-zero","Yukon","Bioenergy",2025,43.9
"Canada Net-zero","Yukon","Bioenergy",2026,43.9
"Canada Net-zero","Yukon","Bioenergy",2027,43.9
"Canada Net-zero","Yukon","Bioenergy",2028,43.9
"Canada Net-zero","Yukon","Bioenergy",2029,43.9
"Canada Net-zero","Yukon","Bioenergy",2030,43.9
"Canada Net-zero","Yukon","Bioenergy",2031,43.9
"Canada Net-zero","Yukon","Bioenergy",2032,43.9
"Canada Net-zero","Yukon","Bioenergy",2033,43.9
"Canada Net-zero","Yukon","Bioenergy",2034,43.9
"Canada Net-zero","Yukon","Bioenergy",2035,43.9
"Canada Net-zero","Yukon","Bioenergy",2036,43.9
"Canada Net-zero","Yukon","Bioenergy",2037,43.9
"Canada Net-zero","Yukon","Bioenergy",2038,43.9
"Canada Net-zero","Yukon","Bioenergy",2039,43.9
"Canada Net-zero","Yukon","Bioenergy",2040,43.9
"Canada Net-zero","Yukon","Bioenergy",2041,43.9
"Canada Net-zero","Yukon","Bioenergy",2042,43.9
"Canada Net-zero","Yukon","Bioenergy",2043,43.9
"Canada Net-zero","Yukon","Bioenergy",2044,43.9
"Canada Net-zero","Yukon","Bioenergy",2045,43.9
"Canada Net-zero","Yukon","Bioenergy",2046,43.9
"Canada Net-zero","Yukon","Bioenergy",2047,43.9
"Canada Net-zero","Yukon","Bioenergy",2048,43.9
"Canada Net-zero","Yukon","Bioenergy",2049,43.9
"Canada Net-zero","Yukon","Bioenergy",2050,43.9
"Canada Net-zero","Yukon","Hydro",2020,94.5
"Canada Net-zero","Yukon","Hydro",2021,94.5
"Canada Net-zero","Yukon","Hydro",2022,99.5
"Canada Net-zero","Yukon","Hydro",2023,99.5
"Canada Net-zero","Yukon","Hydro",2024,99.5
"Canada Net-zero","Yukon","Hydro",2025,99.5
"Canada Net-zero","Yukon","Hydro",2026,99.5
"Canada Net-zero","Yukon","Hydro",2027,99.5
"Canada Net-zero","Yukon","Hydro",2028,99.5
"Canada Net-zero","Yukon","Hydro",2029,104
"Canada Net-zero","Yukon","Hydro",2030,104
"Canada Net-zero","Yukon","Hydro",2031,104
"Canada Net-zero","Yukon","Hydro",2032,104
"Canada Net-zero","Yukon","Hydro",2033,104
"Canada Net-zero","Yukon","Hydro",2034,104
"Canada Net-zero","Yukon","Hydro",2035,104
"Canada Net-zero","Yukon","Hydro",2036,104
"Canada Net-zero","Yukon","Hydro",2037,104
"Canada Net-zero","Yukon","Hydro",2038,104
"Canada Net-zero","Yukon","Hydro",2039,104
"Canada Net-zero","Yukon","Hydro",2040,104
"Canada Net-zero","Yukon","Hydro",2041,104
"Canada Net-zero","Yukon","Hydro",2042,104
"Canada Net-zero","Yukon","Hydro",2043,104
"Canada Net-zero","Yukon","Hydro",2044,104
"Canada Net-zero","Yukon","Hydro",2045,104
"Canada Net-zero","Yukon","Hydro",2046,104
"Canada Net-zero","Yukon","Hydro",2047,104
"Canada Net-zero","Yukon","Hydro",2048,104
"Canada Net-zero","Yukon","Hydro",2049,104
"Canada Net-zero","Yukon","Hydro",2050,104
"Canada Net-zero","Yukon","Natural Gas",2020,19.8
"Canada Net-zero","Yukon","Natural Gas",2021,19.8
"Canada Net-zero","Yukon","Natural Gas",2022,19.8
"Canada Net-zero","Yukon","Natural Gas",2023,19.8
"Canada Net-zero","Yukon","Natural Gas",2024,19.8
"Canada Net-zero","Yukon","Natural Gas",2025,19.8
"Canada Net-zero","Yukon","Natural Gas",2026,19.8
"Canada Net-zero","Yukon","Natural Gas",2027,19.8
"Canada Net-zero","Yukon","Natural Gas",2028,19.8
"Canada Net-zero","Yukon","Natural Gas",2029,19.8
"Canada Net-zero","Yukon","Natural Gas",2030,19.8
"Canada Net-zero","Yukon","Natural Gas",2031,19.8
"Canada Net-zero","Yukon","Natural Gas",2032,19.8
"Canada Net-zero","Yukon","Natural Gas",2033,19.8
"Canada Net-zero","Yukon","Natural Gas",2034,19.8
"Canada Net-zero","Yukon","Natural Gas",2035,19.8
"Canada Net-zero","Yukon","Natural Gas",2036,19.8
"Canada Net-zero","Yukon","Natural Gas",2037,19.8
"Canada Net-zero","Yukon","Natural Gas",2038,19.8
"Canada Net-zero","Yukon","Natural Gas",2039,19.8
"Canada Net-zero","Yukon","Natural Gas",2040,19.8
"Canada Net-zero","Yukon","Natural Gas",2041,19.8
"Canada Net-zero","Yukon","Natural Gas",2042,19.8
"Canada Net-zero","Yukon","Natural Gas",2043,19.8
"Canada Net-zero","Yukon","Natural Gas",2044,19.8
"Canada Net-zero","Yukon","Natural Gas",2045,19.8
"Canada Net-zero","Yukon","Natural Gas",2046,19.8
"Canada Net-zero","Yukon","Natural Gas",2047,19.8
"Canada Net-zero","Yukon","Natural Gas",2048,19.8
"Canada Net-zero","Yukon","Natural Gas",2049,19.8
"Canada Net-zero","Yukon","Natural Gas",2050,19.8
"Canada Net-zero","Yukon","Oil",2020,24.6
"Canada Net-zero","Yukon","Oil",2021,24.6
"Canada Net-zero","Yukon","Oil",2022,24.6
"Canada Net-zero","Yukon","Oil",2023,24.6
"Canada Net-zero","Yukon","Oil",2024,24.6
"Canada Net-zero","Yukon","Oil",2025,34.6
"Canada Net-zero","Yukon","Oil",2026,21.6
"Canada Net-zero","Yukon","Oil",2027,18.6
"Canada Net-zero","Yukon","Oil",2028,18.6
"Canada Net-zero","Yukon","Oil",2029,18.6
"Canada Net-zero","Yukon","Oil",2030,18.6
"Canada Net-zero","Yukon","Oil",2031,23.6
"Canada Net-zero","Yukon","Oil",2032,23.6
"Canada Net-zero","Yukon","Oil",2033,23.6
"Canada Net-zero","Yukon","Oil",2034,23.6
"Canada Net-zero","Yukon","Oil",2035,23.6
"Canada Net-zero","Yukon","Oil",2036,23.6
"Canada Net-zero","Yukon","Oil",2037,23.6
"Canada Net-zero","Yukon","Oil",2038,23.6
"Canada Net-zero","Yukon","Oil",2039,23.6
"Canada Net-zero","Yukon","Oil",2040,23.6
"Canada Net-zero","Yukon","Oil",2041,23.6
"Canada Net-zero","Yukon","Oil",2042,23.6
"Canada Net-zero","Yukon","Oil",2043,23.6
"Canada Net-zero","Yukon","Oil",2044,23.6
"Canada Net-zero","Yukon","Oil",2045,23.6
"Canada Net-zero","Yukon","Oil",2046,23.6
"Canada Net-zero","Yukon","Oil",2047,23.6
"Canada Net-zero","Yukon","Oil",2048,23.6
"Canada Net-zero","Yukon","Oil",2049,23.6
"Canada Net-zero","Yukon","Oil",2050,23.6
"Canada Net-zero","Yukon","Onshore Wind",2020,0.81
"Canada Net-zero","Yukon","Onshore Wind",2021,0.81
"Canada Net-zero","Yukon","Onshore Wind",2022,0.81
"Canada Net-zero","Yukon","Onshore Wind",2023,0.81
"Canada Net-zero","Yukon","Onshore Wind",2024,0.81
"Canada Net-zero","Yukon","Onshore Wind",2025,7.81
"Canada Net-zero","Yukon","Onshore Wind",2026,7.81
"Canada Net-zero","Yukon","Onshore Wind",2027,7.81
"Canada Net-zero","Yukon","Onshore Wind",2028,7.81
"Canada Net-zero","Yukon","Onshore Wind",2029,7.81
"Canada Net-zero","Yukon","Onshore Wind",2030,11
"Canada Net-zero","Yukon","Onshore Wind",2031,11
"Canada Net-zero","Yukon","Onshore Wind",2032,11
"Canada Net-zero","Yukon","Onshore Wind",2033,11
"Canada Net-zero","Yukon","Onshore Wind",2034,11
"Canada Net-zero","Yukon","Onshore Wind",2035,37.8
"Canada Net-zero","Yukon","Onshore Wind",2036,37.8
"Canada Net-zero","Yukon","Onshore Wind",2037,37.8
"Canada Net-zero","Yukon","Onshore Wind",2038,37.8
"Canada Net-zero","Yukon","Onshore Wind",2039,37.8
"Canada Net-zero","Yukon","Onshore Wind",2040,37.8
"Canada Net-zero","Yukon","Onshore Wind",2041,37.8
"Canada Net-zero","Yukon","Onshore Wind",2042,37.8
"Canada Net-zero","Yukon","Onshore Wind",2043,37.8
"Canada Net-zero","Yukon","Onshore Wind",2044,37.8
"Canada Net-zero","Yukon","Onshore Wind",2045,37.8
"Canada Net-zero","Yukon","Onshore Wind",2046,37.8
"Canada Net-zero","Yukon","Onshore Wind",2047,37.8
"Canada Net-zero","Yukon","Onshore Wind",2048,37.8
"Canada Net-zero","Yukon","Onshore Wind",2049,37.8
"Canada Net-zero","Yukon","Onshore Wind",2050,37.8
"Canada Net-zero","Yukon","Solar (Distributed)",2020,0.05
"Canada Net-zero","Yukon","Solar (Distributed)",2021,0.164964992
"Canada Net-zero","Yukon","Solar (Distributed)",2022,0.279929983
"Canada Net-zero","Yukon","Solar (Distributed)",2023,0.394894975
"Canada Net-zero","Yukon","Solar (Distributed)",2024,0.509859967
"Canada Net-zero","Yukon","Solar (Distributed)",2025,0.624824959
"Canada Net-zero","Yukon","Solar (Distributed)",2026,0.73978995
"Canada Net-zero","Yukon","Solar (Distributed)",2027,0.854754942
"Canada Net-zero","Yukon","Solar (Distributed)",2028,0.969719934
"Canada Net-zero","Yukon","Solar (Distributed)",2029,1.084684925
"Canada Net-zero","Yukon","Solar (Distributed)",2030,1.199649917
"Canada Net-zero","Yukon","Solar (Distributed)",2031,1.177038787
"Canada Net-zero","Yukon","Solar (Distributed)",2032,1.154427658
"Canada Net-zero","Yukon","Solar (Distributed)",2033,1.131816528
"Canada Net-zero","Yukon","Solar (Distributed)",2034,1.109205398
"Canada Net-zero","Yukon","Solar (Distributed)",2035,1.086594269
"Canada Net-zero","Yukon","Solar (Distributed)",2036,1.063983139
"Canada Net-zero","Yukon","Solar (Distributed)",2037,1.041372009
"Canada Net-zero","Yukon","Solar (Distributed)",2038,1.018760879
"Canada Net-zero","Yukon","Solar (Distributed)",2039,0.99614975
"Canada Net-zero","Yukon","Solar (Distributed)",2040,0.97353862
"Canada Net-zero","Yukon","Solar (Distributed)",2041,0.960597892
"Canada Net-zero","Yukon","Solar (Distributed)",2042,0.947657163
"Canada Net-zero","Yukon","Solar (Distributed)",2043,0.934716435
"Canada Net-zero","Yukon","Solar (Distributed)",2044,0.921775706
"Canada Net-zero","Yukon","Solar (Distributed)",2045,0.908834978
"Canada Net-zero","Yukon","Solar (Distributed)",2046,0.89589425
"Canada Net-zero","Yukon","Solar (Distributed)",2047,0.882953521
"Canada Net-zero","Yukon","Solar (Distributed)",2048,0.870012793
"Canada Net-zero","Yukon","Solar (Distributed)",2049,0.857072064
"Canada Net-zero","Yukon","Solar (Distributed)",2050,0.844131336
"Canada Net-zero","Yukon","Solar (Utility scale)",2020,0.044
"Canada Net-zero","Yukon","Solar (Utility scale)",2021,0.044
"Canada Net-zero","Yukon","Solar (Utility scale)",2022,0.044
"Canada Net-zero","Yukon","Solar (Utility scale)",2023,0.044
"Canada Net-zero","Yukon","Solar (Utility scale)",2024,0.044
"Canada Net-zero","Yukon","Solar (Utility scale)",2025,1.04
"Canada Net-zero","Yukon","Solar (Utility scale)",2026,1.04
"Canada Net-zero","Yukon","Solar (Utility scale)",2027,1.04
"Canada Net-zero","Yukon","Solar (Utility scale)",2028,1.04
"Canada Net-zero","Yukon","Solar (Utility scale)",2029,1.04
"Canada Net-zero","Yukon","Solar (Utility scale)",2030,2.04
"Canada Net-zero","Yukon","Solar (Utility scale)",2031,2.04
"Canada Net-zero","Yukon","Solar (Utility scale)",2032,2.04
"Canada Net-zero","Yukon","Solar (Utility scale)",2033,2.04
"Canada Net-zero","Yukon","Solar (Utility scale)",2034,2.04
"Canada Net-zero","Yukon","Solar (Utility scale)",2035,40
"Canada Net-zero","Yukon","Solar (Utility scale)",2036,40
"Canada Net-zero","Yukon","Solar (Utility scale)",2037,40
"Canada Net-zero","Yukon","Solar (Utility scale)",2038,40
"Canada Net-zero","Yukon","Solar (Utility scale)",2039,40
"Canada Net-zero","Yukon","Solar (Utility scale)",2040,40
"Canada Net-zero","Yukon","Solar (Utility scale)",2041,40
"Canada Net-zero","Yukon","Solar (Utility scale)",2042,40
"Canada Net-zero","Yukon","Solar (Utility scale)",2043,40
"Canada Net-zero","Yukon","Solar (Utility scale)",2044,40
"Canada Net-zero","Yukon","Solar (Utility scale)",2045,40
"Canada Net-zero","Yukon","Solar (Utility scale)",2046,40
"Canada Net-zero","Yukon","Solar (Utility scale)",2047,40
"Canada Net-zero","Yukon","Solar (Utility scale)",2048,40
"Canada Net-zero","Yukon","Solar (Utility scale)",2049,40
"Canada Net-zero","Yukon","Solar (Utility scale)",2050,39
"Canada Net-zero","Yukon","Total",2020,140.304
"Canada Net-zero","Yukon","Total",2021,140.418964992
"Canada Net-zero","Yukon","Total",2022,145.533929983
"Canada Net-zero","Yukon","Total",2023,145.648894975
"Canada Net-zero","Yukon","Total",2024,145.763859967
"Canada Net-zero","Yukon","Total",2025,207.274824959
"Canada Net-zero","Yukon","Total",2026,194.38978995
"Canada Net-zero","Yukon","Total",2027,191.504754942
"Canada Net-zero","Yukon","Total",2028,191.619719934
"Canada Net-zero","Yukon","Total",2029,196.234684925
"Canada Net-zero","Yukon","Total",2030,200.539649917
"Canada Net-zero","Yukon","Total",2031,205.517038787
"Canada Net-zero","Yukon","Total",2032,205.494427658
"Canada Net-zero","Yukon","Total",2033,205.471816528
"Canada Net-zero","Yukon","Total",2034,205.449205398
"Canada Net-zero","Yukon","Total",2035,270.186594269
"Canada Net-zero","Yukon","Total",2036,270.163983139
"Canada Net-zero","Yukon","Total",2037,270.141372009
"Canada Net-zero","Yukon","Total",2038,270.118760879
"Canada Net-zero","Yukon","Total",2039,270.09614975
"Canada Net-zero","Yukon","Total",2040,270.07353862
"Canada Net-zero","Yukon","Total",2041,270.060597892
"Canada Net-zero","Yukon","Total",2042,270.047657163
"Canada Net-zero","Yukon","Total",2043,270.034716435
"Canada Net-zero","Yukon","Total",2044,270.021775705999
"Canada Net-zero","Yukon","Total",2045,270.008834978
"Canada Net-zero","Yukon","Total",2046,269.99589425
"Canada Net-zero","Yukon","Total",2047,269.982953521
"Canada Net-zero","Yukon","Total",2048,269.970012793
"Canada Net-zero","Yukon","Total",2049,269.957072064
"Canada Net-zero","Yukon","Total",2050,268.944131336
"Current Measures","Alberta","Battery Storage",2020,45
"Current Measures","Alberta","Battery Storage",2021,45
"Current Measures","Alberta","Battery Storage",2022,90
"Current Measures","Alberta","Battery Storage",2023,90
"Current Measures","Alberta","Battery Storage",2024,90
"Current Measures","Alberta","Battery Storage",2025,90
"Current Measures","Alberta","Battery Storage",2026,90
"Current Measures","Alberta","Battery Storage",2027,90
"Current Measures","Alberta","Battery Storage",2028,90
"Current Measures","Alberta","Battery Storage",2029,90
"Current Measures","Alberta","Battery Storage",2030,90
"Current Measures","Alberta","Battery Storage",2031,90
"Current Measures","Alberta","Battery Storage",2032,90
"Current Measures","Alberta","Battery Storage",2033,90
"Current Measures","Alberta","Battery Storage",2034,90
"Current Measures","Alberta","Battery Storage",2035,90
"Current Measures","Alberta","Battery Storage",2036,90
"Current Measures","Alberta","Battery Storage",2037,90
"Current Measures","Alberta","Battery Storage",2038,90
"Current Measures","Alberta","Battery Storage",2039,90
"Current Measures","Alberta","Battery Storage",2040,45
"Current Measures","Alberta","Battery Storage",2041,45
"Current Measures","Alberta","Battery Storage",2042,0
"Current Measures","Alberta","Battery Storage",2043,0
"Current Measures","Alberta","Battery Storage",2044,0
"Current Measures","Alberta","Battery Storage",2045,0
"Current Measures","Alberta","Battery Storage",2046,0
"Current Measures","Alberta","Battery Storage",2047,0
"Current Measures","Alberta","Battery Storage",2048,0
"Current Measures","Alberta","Battery Storage",2049,0
"Current Measures","Alberta","Battery Storage",2050,0
"Current Measures","Alberta","Bioenergy",2020,286
"Current Measures","Alberta","Bioenergy",2021,286
"Current Measures","Alberta","Bioenergy",2022,286
"Current Measures","Alberta","Bioenergy",2023,286
"Current Measures","Alberta","Bioenergy",2024,286
"Current Measures","Alberta","Bioenergy",2025,286
"Current Measures","Alberta","Bioenergy",2026,286
"Current Measures","Alberta","Bioenergy",2027,286
"Current Measures","Alberta","Bioenergy",2028,286
"Current Measures","Alberta","Bioenergy",2029,286
"Current Measures","Alberta","Bioenergy",2030,286
"Current Measures","Alberta","Bioenergy",2031,286
"Current Measures","Alberta","Bioenergy",2032,286
"Current Measures","Alberta","Bioenergy",2033,286
"Current Measures","Alberta","Bioenergy",2034,286
"Current Measures","Alberta","Bioenergy",2035,286
"Current Measures","Alberta","Bioenergy",2036,286
"Current Measures","Alberta","Bioenergy",2037,286
"Current Measures","Alberta","Bioenergy",2038,286
"Current Measures","Alberta","Bioenergy",2039,286
"Current Measures","Alberta","Bioenergy",2040,286
"Current Measures","Alberta","Bioenergy",2041,286
"Current Measures","Alberta","Bioenergy",2042,286
"Current Measures","Alberta","Bioenergy",2043,286
"Current Measures","Alberta","Bioenergy",2044,286
"Current Measures","Alberta","Bioenergy",2045,286
"Current Measures","Alberta","Bioenergy",2046,286
"Current Measures","Alberta","Bioenergy",2047,286
"Current Measures","Alberta","Bioenergy",2048,286
"Current Measures","Alberta","Bioenergy",2049,286
"Current Measures","Alberta","Bioenergy",2050,286
"Current Measures","Alberta","Coal and Coke",2020,4690
"Current Measures","Alberta","Coal and Coke",2021,3340
"Current Measures","Alberta","Coal and Coke",2022,1640
"Current Measures","Alberta","Coal and Coke",2023,830
"Current Measures","Alberta","Coal and Coke",2024,0
"Current Measures","Alberta","Coal and Coke",2025,0
"Current Measures","Alberta","Coal and Coke",2026,0
"Current Measures","Alberta","Coal and Coke",2027,0
"Current Measures","Alberta","Coal and Coke",2028,0
"Current Measures","Alberta","Coal and Coke",2029,0
"Current Measures","Alberta","Coal and Coke",2030,0
"Current Measures","Alberta","Coal and Coke",2031,0
"Current Measures","Alberta","Coal and Coke",2032,0
"Current Measures","Alberta","Coal and Coke",2033,0
"Current Measures","Alberta","Coal and Coke",2034,0
"Current Measures","Alberta","Coal and Coke",2035,0
"Current Measures","Alberta","Coal and Coke",2036,0
"Current Measures","Alberta","Coal and Coke",2037,0
"Current Measures","Alberta","Coal and Coke",2038,0
"Current Measures","Alberta","Coal and Coke",2039,0
"Current Measures","Alberta","Coal and Coke",2040,0
"Current Measures","Alberta","Coal and Coke",2041,0
"Current Measures","Alberta","Coal and Coke",2042,0
"Current Measures","Alberta","Coal and Coke",2043,0
"Current Measures","Alberta","Coal and Coke",2044,0
"Current Measures","Alberta","Coal and Coke",2045,0
"Current Measures","Alberta","Coal and Coke",2046,0
"Current Measures","Alberta","Coal and Coke",2047,0
"Current Measures","Alberta","Coal and Coke",2048,0
"Current Measures","Alberta","Coal and Coke",2049,0
"Current Measures","Alberta","Coal and Coke",2050,0
"Current Measures","Alberta","Hydro",2020,894
"Current Measures","Alberta","Hydro",2021,894
"Current Measures","Alberta","Hydro",2022,894
"Current Measures","Alberta","Hydro",2023,894
"Current Measures","Alberta","Hydro",2024,894
"Current Measures","Alberta","Hydro",2025,894
"Current Measures","Alberta","Hydro",2026,894
"Current Measures","Alberta","Hydro",2027,894
"Current Measures","Alberta","Hydro",2028,894
"Current Measures","Alberta","Hydro",2029,894
"Current Measures","Alberta","Hydro",2030,894
"Current Measures","Alberta","Hydro",2031,894
"Current Measures","Alberta","Hydro",2032,894
"Current Measures","Alberta","Hydro",2033,894
"Current Measures","Alberta","Hydro",2034,894
"Current Measures","Alberta","Hydro",2035,894
"Current Measures","Alberta","Hydro",2036,894
"Current Measures","Alberta","Hydro",2037,894
"Current Measures","Alberta","Hydro",2038,894
"Current Measures","Alberta","Hydro",2039,894
"Current Measures","Alberta","Hydro",2040,894
"Current Measures","Alberta","Hydro",2041,894
"Current Measures","Alberta","Hydro",2042,894
"Current Measures","Alberta","Hydro",2043,894
"Current Measures","Alberta","Hydro",2044,894
"Current Measures","Alberta","Hydro",2045,894
"Current Measures","Alberta","Hydro",2046,894
"Current Measures","Alberta","Hydro",2047,894
"Current Measures","Alberta","Hydro",2048,894
"Current Measures","Alberta","Hydro",2049,894
"Current Measures","Alberta","Hydro",2050,894
"Current Measures","Alberta","Natural Gas",2020,9570
"Current Measures","Alberta","Natural Gas",2021,9670
"Current Measures","Alberta","Natural Gas",2022,9870
"Current Measures","Alberta","Natural Gas",2023,12300
"Current Measures","Alberta","Natural Gas",2024,12300
"Current Measures","Alberta","Natural Gas",2025,14300
"Current Measures","Alberta","Natural Gas",2026,15000
"Current Measures","Alberta","Natural Gas",2027,15600
"Current Measures","Alberta","Natural Gas",2028,16300
"Current Measures","Alberta","Natural Gas",2029,16900
"Current Measures","Alberta","Natural Gas",2030,17500
"Current Measures","Alberta","Natural Gas",2031,17800
"Current Measures","Alberta","Natural Gas",2032,18000
"Current Measures","Alberta","Natural Gas",2033,17900
"Current Measures","Alberta","Natural Gas",2034,17200
"Current Measures","Alberta","Natural Gas",2035,17200
"Current Measures","Alberta","Natural Gas",2036,16700
"Current Measures","Alberta","Natural Gas",2037,16800
"Current Measures","Alberta","Natural Gas",2038,16200
"Current Measures","Alberta","Natural Gas",2039,15600
"Current Measures","Alberta","Natural Gas",2040,14300
"Current Measures","Alberta","Natural Gas",2041,14400
"Current Measures","Alberta","Natural Gas",2042,14400
"Current Measures","Alberta","Natural Gas",2043,14600
"Current Measures","Alberta","Natural Gas",2044,14500
"Current Measures","Alberta","Natural Gas",2045,14200
"Current Measures","Alberta","Natural Gas",2046,14400
"Current Measures","Alberta","Natural Gas",2047,14800
"Current Measures","Alberta","Natural Gas",2048,14800
"Current Measures","Alberta","Natural Gas",2049,15000
"Current Measures","Alberta","Natural Gas",2050,15500
"Current Measures","Alberta","Oil",2020,7.15
"Current Measures","Alberta","Oil",2021,7.15
"Current Measures","Alberta","Oil",2022,7.15
"Current Measures","Alberta","Oil",2023,7.15
"Current Measures","Alberta","Oil",2024,7.15
"Current Measures","Alberta","Oil",2025,7.15
"Current Measures","Alberta","Oil",2026,7.15
"Current Measures","Alberta","Oil",2027,7.15
"Current Measures","Alberta","Oil",2028,7.15
"Current Measures","Alberta","Oil",2029,7.15
"Current Measures","Alberta","Oil",2030,7.15
"Current Measures","Alberta","Oil",2031,7.15
"Current Measures","Alberta","Oil",2032,7.15
"Current Measures","Alberta","Oil",2033,7.15
"Current Measures","Alberta","Oil",2034,7.15
"Current Measures","Alberta","Oil",2035,7.15
"Current Measures","Alberta","Oil",2036,7.15
"Current Measures","Alberta","Oil",2037,7.15
"Current Measures","Alberta","Oil",2038,7.15
"Current Measures","Alberta","Oil",2039,7.15
"Current Measures","Alberta","Oil",2040,7.15
"Current Measures","Alberta","Oil",2041,7.15
"Current Measures","Alberta","Oil",2042,7.15
"Current Measures","Alberta","Oil",2043,7.15
"Current Measures","Alberta","Oil",2044,7.15
"Current Measures","Alberta","Oil",2045,7.15
"Current Measures","Alberta","Oil",2046,7.15
"Current Measures","Alberta","Oil",2047,7.15
"Current Measures","Alberta","Oil",2048,7.15
"Current Measures","Alberta","Oil",2049,7.15
"Current Measures","Alberta","Oil",2050,7.15
"Current Measures","Alberta","Onshore Wind",2020,1530
"Current Measures","Alberta","Onshore Wind",2021,1530
"Current Measures","Alberta","Onshore Wind",2022,2850
"Current Measures","Alberta","Onshore Wind",2023,2850
"Current Measures","Alberta","Onshore Wind",2024,2850
"Current Measures","Alberta","Onshore Wind",2025,2850
"Current Measures","Alberta","Onshore Wind",2026,2850
"Current Measures","Alberta","Onshore Wind",2027,2850
"Current Measures","Alberta","Onshore Wind",2028,3750
"Current Measures","Alberta","Onshore Wind",2029,3750
"Current Measures","Alberta","Onshore Wind",2030,3750
"Current Measures","Alberta","Onshore Wind",2031,3750
"Current Measures","Alberta","Onshore Wind",2032,3750
"Current Measures","Alberta","Onshore Wind",2033,3750
"Current Measures","Alberta","Onshore Wind",2034,3750
"Current Measures","Alberta","Onshore Wind",2035,3750
"Current Measures","Alberta","Onshore Wind",2036,3750
"Current Measures","Alberta","Onshore Wind",2037,3750
"Current Measures","Alberta","Onshore Wind",2038,3750
"Current Measures","Alberta","Onshore Wind",2039,3750
"Current Measures","Alberta","Onshore Wind",2040,3750
"Current Measures","Alberta","Onshore Wind",2041,4840
"Current Measures","Alberta","Onshore Wind",2042,5940
"Current Measures","Alberta","Onshore Wind",2043,7040
"Current Measures","Alberta","Onshore Wind",2044,8130
"Current Measures","Alberta","Onshore Wind",2045,9230
"Current Measures","Alberta","Onshore Wind",2046,9390
"Current Measures","Alberta","Onshore Wind",2047,9550
"Current Measures","Alberta","Onshore Wind",2048,9710
"Current Measures","Alberta","Onshore Wind",2049,9870
"Current Measures","Alberta","Onshore Wind",2050,10000
"Current Measures","Alberta","Solar (Distributed)",2020,100
"Current Measures","Alberta","Solar (Distributed)",2021,100
"Current Measures","Alberta","Solar (Distributed)",2022,100
"Current Measures","Alberta","Solar (Distributed)",2023,165
"Current Measures","Alberta","Solar (Distributed)",2024,165
"Current Measures","Alberta","Solar (Distributed)",2025,187.5
"Current Measures","Alberta","Solar (Distributed)",2026,210
"Current Measures","Alberta","Solar (Distributed)",2027,232.5
"Current Measures","Alberta","Solar (Distributed)",2028,255
"Current Measures","Alberta","Solar (Distributed)",2029,277.5
"Current Measures","Alberta","Solar (Distributed)",2030,300
"Current Measures","Alberta","Solar (Distributed)",2031,350
"Current Measures","Alberta","Solar (Distributed)",2032,400
"Current Measures","Alberta","Solar (Distributed)",2033,450
"Current Measures","Alberta","Solar (Distributed)",2034,500
"Current Measures","Alberta","Solar (Distributed)",2035,550
"Current Measures","Alberta","Solar (Distributed)",2036,600
"Current Measures","Alberta","Solar (Distributed)",2037,650
"Current Measures","Alberta","Solar (Distributed)",2038,700
"Current Measures","Alberta","Solar (Distributed)",2039,750
"Current Measures","Alberta","Solar (Distributed)",2040,800
"Current Measures","Alberta","Solar (Distributed)",2041,840
"Current Measures","Alberta","Solar (Distributed)",2042,880
"Current Measures","Alberta","Solar (Distributed)",2043,920
"Current Measures","Alberta","Solar (Distributed)",2044,960
"Current Measures","Alberta","Solar (Distributed)",2045,1000
"Current Measures","Alberta","Solar (Distributed)",2046,1040
"Current Measures","Alberta","Solar (Distributed)",2047,1080
"Current Measures","Alberta","Solar (Distributed)",2048,1120
"Current Measures","Alberta","Solar (Distributed)",2049,1160
"Current Measures","Alberta","Solar (Distributed)",2050,1200
"Current Measures","Alberta","Solar (Utility scale)",2020,1500
"Current Measures","Alberta","Solar (Utility scale)",2021,1500
"Current Measures","Alberta","Solar (Utility scale)",2022,1500
"Current Measures","Alberta","Solar (Utility scale)",2023,1500
"Current Measures","Alberta","Solar (Utility scale)",2024,1500
"Current Measures","Alberta","Solar (Utility scale)",2025,1500
"Current Measures","Alberta","Solar (Utility scale)",2026,1500
"Current Measures","Alberta","Solar (Utility scale)",2027,1500
"Current Measures","Alberta","Solar (Utility scale)",2028,1500
"Current Measures","Alberta","Solar (Utility scale)",2029,1500
"Current Measures","Alberta","Solar (Utility scale)",2030,1500
"Current Measures","Alberta","Solar (Utility scale)",2031,1900
"Current Measures","Alberta","Solar (Utility scale)",2032,2300
"Current Measures","Alberta","Solar (Utility scale)",2033,2700
"Current Measures","Alberta","Solar (Utility scale)",2034,3100
"Current Measures","Alberta","Solar (Utility scale)",2035,3500
"Current Measures","Alberta","Solar (Utility scale)",2036,3500
"Current Measures","Alberta","Solar (Utility scale)",2037,3500
"Current Measures","Alberta","Solar (Utility scale)",2038,3500
"Current Measures","Alberta","Solar (Utility scale)",2039,3500
"Current Measures","Alberta","Solar (Utility scale)",2040,3500
"Current Measures","Alberta","Solar (Utility scale)",2041,3620
"Current Measures","Alberta","Solar (Utility scale)",2042,3730
"Current Measures","Alberta","Solar (Utility scale)",2043,3850
"Current Measures","Alberta","Solar (Utility scale)",2044,3970
"Current Measures","Alberta","Solar (Utility scale)",2045,4090
"Current Measures","Alberta","Solar (Utility scale)",2046,4630
"Current Measures","Alberta","Solar (Utility scale)",2047,5180
"Current Measures","Alberta","Solar (Utility scale)",2048,5730
"Current Measures","Alberta","Solar (Utility scale)",2049,6270
"Current Measures","Alberta","Solar (Utility scale)",2050,6820
"Current Measures","Alberta","Total",2020,18622.15
"Current Measures","Alberta","Total",2021,17372.15
"Current Measures","Alberta","Total",2022,17237.15
"Current Measures","Alberta","Total",2023,18922.15
"Current Measures","Alberta","Total",2024,18092.15
"Current Measures","Alberta","Total",2025,20114.65
"Current Measures","Alberta","Total",2026,20837.15
"Current Measures","Alberta","Total",2027,21459.65
"Current Measures","Alberta","Total",2028,23082.15
"Current Measures","Alberta","Total",2029,23704.65
"Current Measures","Alberta","Total",2030,24327.15
"Current Measures","Alberta","Total",2031,25077.15
"Current Measures","Alberta","Total",2032,25727.15
"Current Measures","Alberta","Total",2033,26077.15
"Current Measures","Alberta","Total",2034,25827.15
"Current Measures","Alberta","Total",2035,26277.15
"Current Measures","Alberta","Total",2036,25827.15
"Current Measures","Alberta","Total",2037,25977.15
"Current Measures","Alberta","Total",2038,25427.15
"Current Measures","Alberta","Total",2039,24877.15
"Current Measures","Alberta","Total",2040,23582.15
"Current Measures","Alberta","Total",2041,24932.15
"Current Measures","Alberta","Total",2042,26137.15
"Current Measures","Alberta","Total",2043,27597.15
"Current Measures","Alberta","Total",2044,28747.15
"Current Measures","Alberta","Total",2045,29707.15
"Current Measures","Alberta","Total",2046,30647.15
"Current Measures","Alberta","Total",2047,31797.15
"Current Measures","Alberta","Total",2048,32547.15
"Current Measures","Alberta","Total",2049,33487.15
"Current Measures","Alberta","Total",2050,34707.15
"Current Measures","British Columbia","Bioenergy",2020,979
"Current Measures","British Columbia","Bioenergy",2021,979
"Current Measures","British Columbia","Bioenergy",2022,979
"Current Measures","British Columbia","Bioenergy",2023,979
"Current Measures","British Columbia","Bioenergy",2024,979
"Current Measures","British Columbia","Bioenergy",2025,1079
"Current Measures","British Columbia","Bioenergy",2026,1079
"Current Measures","British Columbia","Bioenergy",2027,1079
"Current Measures","British Columbia","Bioenergy",2028,1079
"Current Measures","British Columbia","Bioenergy",2029,1079
"Current Measures","British Columbia","Bioenergy",2030,1079
"Current Measures","British Columbia","Bioenergy",2031,1079
"Current Measures","British Columbia","Bioenergy",2032,1079
"Current Measures","British Columbia","Bioenergy",2033,1079
"Current Measures","British Columbia","Bioenergy",2034,1079
"Current Measures","British Columbia","Bioenergy",2035,1079
"Current Measures","British Columbia","Bioenergy",2036,1079
"Current Measures","British Columbia","Bioenergy",2037,1079
"Current Measures","British Columbia","Bioenergy",2038,1079
"Current Measures","British Columbia","Bioenergy",2039,1079
"Current Measures","British Columbia","Bioenergy",2040,1079
"Current Measures","British Columbia","Bioenergy",2041,1079
"Current Measures","British Columbia","Bioenergy",2042,1079
"Current Measures","British Columbia","Bioenergy",2043,1079
"Current Measures","British Columbia","Bioenergy",2044,1079
"Current Measures","British Columbia","Bioenergy",2045,1079
"Current Measures","British Columbia","Bioenergy",2046,1079
"Current Measures","British Columbia","Bioenergy",2047,1079
"Current Measures","British Columbia","Bioenergy",2048,1079
"Current Measures","British Columbia","Bioenergy",2049,1079
"Current Measures","British Columbia","Bioenergy",2050,1079
"Current Measures","British Columbia","Hydro",2020,16000
"Current Measures","British Columbia","Hydro",2021,16000
"Current Measures","British Columbia","Hydro",2022,16000
"Current Measures","British Columbia","Hydro",2023,16000
"Current Measures","British Columbia","Hydro",2024,16000
"Current Measures","British Columbia","Hydro",2025,17100
"Current Measures","British Columbia","Hydro",2026,17100
"Current Measures","British Columbia","Hydro",2027,17100
"Current Measures","British Columbia","Hydro",2028,17100
"Current Measures","British Columbia","Hydro",2029,17100
"Current Measures","British Columbia","Hydro",2030,17100
"Current Measures","British Columbia","Hydro",2031,17100
"Current Measures","British Columbia","Hydro",2032,17200
"Current Measures","British Columbia","Hydro",2033,17200
"Current Measures","British Columbia","Hydro",2034,17300
"Current Measures","British Columbia","Hydro",2035,17300
"Current Measures","British Columbia","Hydro",2036,17300
"Current Measures","British Columbia","Hydro",2037,17300
"Current Measures","British Columbia","Hydro",2038,17300
"Current Measures","British Columbia","Hydro",2039,17300
"Current Measures","British Columbia","Hydro",2040,17300
"Current Measures","British Columbia","Hydro",2041,17300
"Current Measures","British Columbia","Hydro",2042,17300
"Current Measures","British Columbia","Hydro",2043,17300
"Current Measures","British Columbia","Hydro",2044,17300
"Current Measures","British Columbia","Hydro",2045,17300
"Current Measures","British Columbia","Hydro",2046,17300
"Current Measures","British Columbia","Hydro",2047,17300
"Current Measures","British Columbia","Hydro",2048,17300
"Current Measures","British Columbia","Hydro",2049,17300
"Current Measures","British Columbia","Hydro",2050,17300
"Current Measures","British Columbia","Natural Gas",2020,540
"Current Measures","British Columbia","Natural Gas",2021,540
"Current Measures","British Columbia","Natural Gas",2022,540
"Current Measures","British Columbia","Natural Gas",2023,540
"Current Measures","British Columbia","Natural Gas",2024,540
"Current Measures","British Columbia","Natural Gas",2025,1040
"Current Measures","British Columbia","Natural Gas",2026,1710
"Current Measures","British Columbia","Natural Gas",2027,2380
"Current Measures","British Columbia","Natural Gas",2028,3060
"Current Measures","British Columbia","Natural Gas",2029,3610
"Current Measures","British Columbia","Natural Gas",2030,4280
"Current Measures","British Columbia","Natural Gas",2031,4450
"Current Measures","British Columbia","Natural Gas",2032,4580
"Current Measures","British Columbia","Natural Gas",2033,4750
"Current Measures","British Columbia","Natural Gas",2034,4920
"Current Measures","British Columbia","Natural Gas",2035,5090
"Current Measures","British Columbia","Natural Gas",2036,5170
"Current Measures","British Columbia","Natural Gas",2037,4860
"Current Measures","British Columbia","Natural Gas",2038,4940
"Current Measures","British Columbia","Natural Gas",2039,5010
"Current Measures","British Columbia","Natural Gas",2040,5080
"Current Measures","British Columbia","Natural Gas",2041,5220
"Current Measures","British Columbia","Natural Gas",2042,5370
"Current Measures","British Columbia","Natural Gas",2043,5510
"Current Measures","British Columbia","Natural Gas",2044,5650
"Current Measures","British Columbia","Natural Gas",2045,5790
"Current Measures","British Columbia","Natural Gas",2046,5990
"Current Measures","British Columbia","Natural Gas",2047,6180
"Current Measures","British Columbia","Natural Gas",2048,6380
"Current Measures","British Columbia","Natural Gas",2049,6570
"Current Measures","British Columbia","Natural Gas",2050,6270
"Current Measures","British Columbia","Oil",2020,36.5
"Current Measures","British Columbia","Oil",2021,36.5
"Current Measures","British Columbia","Oil",2022,36.5
"Current Measures","British Columbia","Oil",2023,36.5
"Current Measures","British Columbia","Oil",2024,36.5
"Current Measures","British Columbia","Oil",2025,36.5
"Current Measures","British Columbia","Oil",2026,36.5
"Current Measures","British Columbia","Oil",2027,36.5
"Current Measures","British Columbia","Oil",2028,36.5
"Current Measures","British Columbia","Oil",2029,36.5
"Current Measures","British Columbia","Oil",2030,36.5
"Current Measures","British Columbia","Oil",2031,36.5
"Current Measures","British Columbia","Oil",2032,36.5
"Current Measures","British Columbia","Oil",2033,36.5
"Current Measures","British Columbia","Oil",2034,36.5
"Current Measures","British Columbia","Oil",2035,36.5
"Current Measures","British Columbia","Oil",2036,36.5
"Current Measures","British Columbia","Oil",2037,36.5
"Current Measures","British Columbia","Oil",2038,36.5
"Current Measures","British Columbia","Oil",2039,36.5
"Current Measures","British Columbia","Oil",2040,36.5
"Current Measures","British Columbia","Oil",2041,36.5
"Current Measures","British Columbia","Oil",2042,36.5
"Current Measures","British Columbia","Oil",2043,36.5
"Current Measures","British Columbia","Oil",2044,36.5
"Current Measures","British Columbia","Oil",2045,36.5
"Current Measures","British Columbia","Oil",2046,36.5
"Current Measures","British Columbia","Oil",2047,36.5
"Current Measures","British Columbia","Oil",2048,36.5
"Current Measures","British Columbia","Oil",2049,36.5
"Current Measures","British Columbia","Oil",2050,36.5
"Current Measures","British Columbia","Onshore Wind",2020,702
"Current Measures","British Columbia","Onshore Wind",2021,702
"Current Measures","British Columbia","Onshore Wind",2022,702
"Current Measures","British Columbia","Onshore Wind",2023,702
"Current Measures","British Columbia","Onshore Wind",2024,702
"Current Measures","British Columbia","Onshore Wind",2025,852
"Current Measures","British Columbia","Onshore Wind",2026,852
"Current Measures","British Columbia","Onshore Wind",2027,852
"Current Measures","British Columbia","Onshore Wind",2028,852
"Current Measures","British Columbia","Onshore Wind",2029,852
"Current Measures","British Columbia","Onshore Wind",2030,852
"Current Measures","British Columbia","Onshore Wind",2031,1060
"Current Measures","British Columbia","Onshore Wind",2032,1270
"Current Measures","British Columbia","Onshore Wind",2033,1480
"Current Measures","British Columbia","Onshore Wind",2034,1700
"Current Measures","British Columbia","Onshore Wind",2035,1910
"Current Measures","British Columbia","Onshore Wind",2036,2480
"Current Measures","British Columbia","Onshore Wind",2037,3060
"Current Measures","British Columbia","Onshore Wind",2038,3630
"Current Measures","British Columbia","Onshore Wind",2039,4210
"Current Measures","British Columbia","Onshore Wind",2040,4790
"Current Measures","British Columbia","Onshore Wind",2041,5260
"Current Measures","British Columbia","Onshore Wind",2042,5740
"Current Measures","British Columbia","Onshore Wind",2043,6220
"Current Measures","British Columbia","Onshore Wind",2044,6690
"Current Measures","British Columbia","Onshore Wind",2045,7170
"Current Measures","British Columbia","Onshore Wind",2046,7610
"Current Measures","British Columbia","Onshore Wind",2047,8060
"Current Measures","British Columbia","Onshore Wind",2048,8500
"Current Measures","British Columbia","Onshore Wind",2049,8950
"Current Measures","British Columbia","Onshore Wind",2050,9390
"Current Measures","British Columbia","Solar (Distributed)",2020,20
"Current Measures","British Columbia","Solar (Distributed)",2021,20
"Current Measures","British Columbia","Solar (Distributed)",2022,20
"Current Measures","British Columbia","Solar (Distributed)",2023,20
"Current Measures","British Columbia","Solar (Distributed)",2024,68.57142857
"Current Measures","British Columbia","Solar (Distributed)",2025,117.1428571
"Current Measures","British Columbia","Solar (Distributed)",2026,165.7142857
"Current Measures","British Columbia","Solar (Distributed)",2027,214.2857143
"Current Measures","British Columbia","Solar (Distributed)",2028,262.8571429
"Current Measures","British Columbia","Solar (Distributed)",2029,311.4285714
"Current Measures","British Columbia","Solar (Distributed)",2030,360
"Current Measures","British Columbia","Solar (Distributed)",2031,404
"Current Measures","British Columbia","Solar (Distributed)",2032,448
"Current Measures","British Columbia","Solar (Distributed)",2033,492
"Current Measures","British Columbia","Solar (Distributed)",2034,536
"Current Measures","British Columbia","Solar (Distributed)",2035,580
"Current Measures","British Columbia","Solar (Distributed)",2036,624
"Current Measures","British Columbia","Solar (Distributed)",2037,668
"Current Measures","British Columbia","Solar (Distributed)",2038,712
"Current Measures","British Columbia","Solar (Distributed)",2039,756
"Current Measures","British Columbia","Solar (Distributed)",2040,800
"Current Measures","British Columbia","Solar (Distributed)",2041,820
"Current Measures","British Columbia","Solar (Distributed)",2042,840
"Current Measures","British Columbia","Solar (Distributed)",2043,860
"Current Measures","British Columbia","Solar (Distributed)",2044,880
"Current Measures","British Columbia","Solar (Distributed)",2045,900
"Current Measures","British Columbia","Solar (Distributed)",2046,920
"Current Measures","British Columbia","Solar (Distributed)",2047,940
"Current Measures","British Columbia","Solar (Distributed)",2048,960
"Current Measures","British Columbia","Solar (Distributed)",2049,980
"Current Measures","British Columbia","Solar (Distributed)",2050,1000
"Current Measures","British Columbia","Solar (Utility scale)",2020,303
"Current Measures","British Columbia","Solar (Utility scale)",2021,303
"Current Measures","British Columbia","Solar (Utility scale)",2022,303
"Current Measures","British Columbia","Solar (Utility scale)",2023,303
"Current Measures","British Columbia","Solar (Utility scale)",2024,303
"Current Measures","British Columbia","Solar (Utility scale)",2025,394
"Current Measures","British Columbia","Solar (Utility scale)",2026,425
"Current Measures","British Columbia","Solar (Utility scale)",2027,455
"Current Measures","British Columbia","Solar (Utility scale)",2028,485
"Current Measures","British Columbia","Solar (Utility scale)",2029,516
"Current Measures","British Columbia","Solar (Utility scale)",2030,546
"Current Measures","British Columbia","Solar (Utility scale)",2031,1290
"Current Measures","British Columbia","Solar (Utility scale)",2032,2040
"Current Measures","British Columbia","Solar (Utility scale)",2033,2790
"Current Measures","British Columbia","Solar (Utility scale)",2034,3530
"Current Measures","British Columbia","Solar (Utility scale)",2035,4280
"Current Measures","British Columbia","Solar (Utility scale)",2036,4370
"Current Measures","British Columbia","Solar (Utility scale)",2037,4450
"Current Measures","British Columbia","Solar (Utility scale)",2038,4530
"Current Measures","British Columbia","Solar (Utility scale)",2039,4620
"Current Measures","British Columbia","Solar (Utility scale)",2040,4700
"Current Measures","British Columbia","Solar (Utility scale)",2041,5120
"Current Measures","British Columbia","Solar (Utility scale)",2042,5550
"Current Measures","British Columbia","Solar (Utility scale)",2043,5970
"Current Measures","British Columbia","Solar (Utility scale)",2044,6400
"Current Measures","British Columbia","Solar (Utility scale)",2045,6820
"Current Measures","British Columbia","Solar (Utility scale)",2046,6960
"Current Measures","British Columbia","Solar (Utility scale)",2047,7100
"Current Measures","British Columbia","Solar (Utility scale)",2048,7240
"Current Measures","British Columbia","Solar (Utility scale)",2049,7380
"Current Measures","British Columbia","Solar (Utility scale)",2050,7430
"Current Measures","British Columbia","Total",2020,18580.5
"Current Measures","British Columbia","Total",2021,18580.5
"Current Measures","British Columbia","Total",2022,18580.5
"Current Measures","British Columbia","Total",2023,18580.5
"Current Measures","British Columbia","Total",2024,18629.07142857
"Current Measures","British Columbia","Total",2025,20618.6428571
"Current Measures","British Columbia","Total",2026,21368.2142857
"Current Measures","British Columbia","Total",2027,22116.7857143
"Current Measures","British Columbia","Total",2028,22875.3571429
"Current Measures","British Columbia","Total",2029,23504.9285714
"Current Measures","British Columbia","Total",2030,24253.5
"Current Measures","British Columbia","Total",2031,25419.5
"Current Measures","British Columbia","Total",2032,26653.5
"Current Measures","British Columbia","Total",2033,27827.5
"Current Measures","British Columbia","Total",2034,29101.5
"Current Measures","British Columbia","Total",2035,30275.5
"Current Measures","British Columbia","Total",2036,31059.5
"Current Measures","British Columbia","Total",2037,31453.5
"Current Measures","British Columbia","Total",2038,32227.5
"Current Measures","British Columbia","Total",2039,33011.5
"Current Measures","British Columbia","Total",2040,33785.5
"Current Measures","British Columbia","Total",2041,34835.5
"Current Measures","British Columbia","Total",2042,35915.5
"Current Measures","British Columbia","Total",2043,36975.5
"Current Measures","British Columbia","Total",2044,38035.5
"Current Measures","British Columbia","Total",2045,39095.5
"Current Measures","British Columbia","Total",2046,39895.5
"Current Measures","British Columbia","Total",2047,40695.5
"Current Measures","British Columbia","Total",2048,41495.5
"Current Measures","British Columbia","Total",2049,42295.5
"Current Measures","British Columbia","Total",2050,42505.5
"Current Measures","Canada","Battery Storage",2020,95
"Current Measures","Canada","Battery Storage",2021,95
"Current Measures","Canada","Battery Storage",2022,140
"Current Measures","Canada","Battery Storage",2023,140
"Current Measures","Canada","Battery Storage",2024,140
"Current Measures","Canada","Battery Storage",2025,140
"Current Measures","Canada","Battery Storage",2026,140
"Current Measures","Canada","Battery Storage",2027,140
"Current Measures","Canada","Battery Storage",2028,140
"Current Measures","Canada","Battery Storage",2029,140
"Current Measures","Canada","Battery Storage",2030,429
"Current Measures","Canada","Battery Storage",2031,429
"Current Measures","Canada","Battery Storage",2032,429
"Current Measures","Canada","Battery Storage",2033,429
"Current Measures","Canada","Battery Storage",2034,429
"Current Measures","Canada","Battery Storage",2035,429
"Current Measures","Canada","Battery Storage",2036,429
"Current Measures","Canada","Battery Storage",2037,429
"Current Measures","Canada","Battery Storage",2038,429
"Current Measures","Canada","Battery Storage",2039,429
"Current Measures","Canada","Battery Storage",2040,384
"Current Measures","Canada","Battery Storage",2041,384
"Current Measures","Canada","Battery Storage",2042,339
"Current Measures","Canada","Battery Storage",2043,339
"Current Measures","Canada","Battery Storage",2044,339
"Current Measures","Canada","Battery Storage",2045,350
"Current Measures","Canada","Battery Storage",2046,350
"Current Measures","Canada","Battery Storage",2047,350
"Current Measures","Canada","Battery Storage",2048,350
"Current Measures","Canada","Battery Storage",2049,350
"Current Measures","Canada","Battery Storage",2050,610
"Current Measures","Canada","Bioenergy",2020,2524.1
"Current Measures","Canada","Bioenergy",2021,2543.1
"Current Measures","Canada","Bioenergy",2022,2543.1
"Current Measures","Canada","Bioenergy",2023,2543.1
"Current Measures","Canada","Bioenergy",2024,2543.1
"Current Measures","Canada","Bioenergy",2025,7593.3
"Current Measures","Canada","Bioenergy",2026,7843.3
"Current Measures","Canada","Bioenergy",2027,8083.3
"Current Measures","Canada","Bioenergy",2028,8333.3
"Current Measures","Canada","Bioenergy",2029,8573.3
"Current Measures","Canada","Bioenergy",2030,8849.7
"Current Measures","Canada","Bioenergy",2031,9373.3
"Current Measures","Canada","Bioenergy",2032,9896.3
"Current Measures","Canada","Bioenergy",2033,10420.3
"Current Measures","Canada","Bioenergy",2034,10944.3
"Current Measures","Canada","Bioenergy",2035,11485.6
"Current Measures","Canada","Bioenergy",2036,11966.6
"Current Measures","Canada","Bioenergy",2037,12446.6
"Current Measures","Canada","Bioenergy",2038,12927.6
"Current Measures","Canada","Bioenergy",2039,13388.6
"Current Measures","Canada","Bioenergy",2040,13858.6
"Current Measures","Canada","Bioenergy",2041,14109.6
"Current Measures","Canada","Bioenergy",2042,14449.6
"Current Measures","Canada","Bioenergy",2043,14699.6
"Current Measures","Canada","Bioenergy",2044,14949.6
"Current Measures","Canada","Bioenergy",2045,15221
"Current Measures","Canada","Bioenergy",2046,15321
"Current Measures","Canada","Bioenergy",2047,15321
"Current Measures","Canada","Bioenergy",2048,15421
"Current Measures","Canada","Bioenergy",2049,15421
"Current Measures","Canada","Bioenergy",2050,15592.7
"Current Measures","Canada","Coal and Coke",2020,7784
"Current Measures","Canada","Coal and Coke",2021,6434
"Current Measures","Canada","Coal and Coke",2022,4594
"Current Measures","Canada","Coal and Coke",2023,3644
"Current Measures","Canada","Coal and Coke",2024,2814
"Current Measures","Canada","Coal and Coke",2025,2814
"Current Measures","Canada","Coal and Coke",2026,2814
"Current Measures","Canada","Coal and Coke",2027,2525
"Current Measures","Canada","Coal and Coke",2028,2525
"Current Measures","Canada","Coal and Coke",2029,1950
"Current Measures","Canada","Coal and Coke",2030,1950
"Current Measures","Canada","Coal and Coke",2031,0
"Current Measures","Canada","Coal and Coke",2032,0
"Current Measures","Canada","Coal and Coke",2033,0
"Current Measures","Canada","Coal and Coke",2034,0
"Current Measures","Canada","Coal and Coke",2035,0
"Current Measures","Canada","Coal and Coke",2036,0
"Current Measures","Canada","Coal and Coke",2037,0
"Current Measures","Canada","Coal and Coke",2038,0
"Current Measures","Canada","Coal and Coke",2039,0
"Current Measures","Canada","Coal and Coke",2040,0
"Current Measures","Canada","Coal and Coke",2041,0
"Current Measures","Canada","Coal and Coke",2042,0
"Current Measures","Canada","Coal and Coke",2043,0
"Current Measures","Canada","Coal and Coke",2044,0
"Current Measures","Canada","Coal and Coke",2045,0
"Current Measures","Canada","Coal and Coke",2046,0
"Current Measures","Canada","Coal and Coke",2047,0
"Current Measures","Canada","Coal and Coke",2048,0
"Current Measures","Canada","Coal and Coke",2049,0
"Current Measures","Canada","Coal and Coke",2050,0
"Current Measures","Canada","Coal with CCUS",2020,115
"Current Measures","Canada","Coal with CCUS",2021,115
"Current Measures","Canada","Coal with CCUS",2022,115
"Current Measures","Canada","Coal with CCUS",2023,115
"Current Measures","Canada","Coal with CCUS",2024,115
"Current Measures","Canada","Coal with CCUS",2025,115
"Current Measures","Canada","Coal with CCUS",2026,115
"Current Measures","Canada","Coal with CCUS",2027,115
"Current Measures","Canada","Coal with CCUS",2028,115
"Current Measures","Canada","Coal with CCUS",2029,115
"Current Measures","Canada","Coal with CCUS",2030,115
"Current Measures","Canada","Coal with CCUS",2031,115
"Current Measures","Canada","Coal with CCUS",2032,115
"Current Measures","Canada","Coal with CCUS",2033,115
"Current Measures","Canada","Coal with CCUS",2034,115
"Current Measures","Canada","Coal with CCUS",2035,115
"Current Measures","Canada","Coal with CCUS",2036,115
"Current Measures","Canada","Coal with CCUS",2037,115
"Current Measures","Canada","Coal with CCUS",2038,115
"Current Measures","Canada","Coal with CCUS",2039,115
"Current Measures","Canada","Coal with CCUS",2040,115
"Current Measures","Canada","Coal with CCUS",2041,115
"Current Measures","Canada","Coal with CCUS",2042,115
"Current Measures","Canada","Coal with CCUS",2043,115
"Current Measures","Canada","Coal with CCUS",2044,115
"Current Measures","Canada","Coal with CCUS",2045,115
"Current Measures","Canada","Coal with CCUS",2046,115
"Current Measures","Canada","Coal with CCUS",2047,115
"Current Measures","Canada","Coal with CCUS",2048,115
"Current Measures","Canada","Coal with CCUS",2049,115
"Current Measures","Canada","Coal with CCUS",2050,115
"Current Measures","Canada","Hydro",2020,81793
"Current Measures","Canada","Hydro",2021,83123
"Current Measures","Canada","Hydro",2022,83728
"Current Measures","Canada","Hydro",2023,83728
"Current Measures","Canada","Hydro",2024,83787.5
"Current Measures","Canada","Hydro",2025,84912.5
"Current Measures","Canada","Hydro",2026,85412.5
"Current Measures","Canada","Hydro",2027,85912.5
"Current Measures","Canada","Hydro",2028,86412.5
"Current Measures","Canada","Hydro",2029,86917
"Current Measures","Canada","Hydro",2030,87417
"Current Measures","Canada","Hydro",2031,87417
"Current Measures","Canada","Hydro",2032,87542
"Current Measures","Canada","Hydro",2033,87542
"Current Measures","Canada","Hydro",2034,87642
"Current Measures","Canada","Hydro",2035,87642
"Current Measures","Canada","Hydro",2036,87652
"Current Measures","Canada","Hydro",2037,87662
"Current Measures","Canada","Hydro",2038,87672
"Current Measures","Canada","Hydro",2039,87682
"Current Measures","Canada","Hydro",2040,87692
"Current Measures","Canada","Hydro",2041,87692
"Current Measures","Canada","Hydro",2042,87692
"Current Measures","Canada","Hydro",2043,87692
"Current Measures","Canada","Hydro",2044,87692
"Current Measures","Canada","Hydro",2045,87692
"Current Measures","Canada","Hydro",2046,87692
"Current Measures","Canada","Hydro",2047,87692
"Current Measures","Canada","Hydro",2048,87692
"Current Measures","Canada","Hydro",2049,87692
"Current Measures","Canada","Hydro",2050,87692
"Current Measures","Canada","Natural Gas",2020,22901.6
"Current Measures","Canada","Natural Gas",2021,22981.6
"Current Measures","Canada","Natural Gas",2022,23481.6
"Current Measures","Canada","Natural Gas",2023,25911.6
"Current Measures","Canada","Natural Gas",2024,26176.6
"Current Measures","Canada","Natural Gas",2025,30164.6
"Current Measures","Canada","Natural Gas",2026,32282.6
"Current Measures","Canada","Natural Gas",2027,34542.6
"Current Measures","Canada","Natural Gas",2028,36362.6
"Current Measures","Canada","Natural Gas",2029,38362.6
"Current Measures","Canada","Natural Gas",2030,40332.6
"Current Measures","Canada","Natural Gas",2031,41652.6
"Current Measures","Canada","Natural Gas",2032,42742.6
"Current Measures","Canada","Natural Gas",2033,43490.6
"Current Measures","Canada","Natural Gas",2034,43910.6
"Current Measures","Canada","Natural Gas",2035,44802.8
"Current Measures","Canada","Natural Gas",2036,44882.8
"Current Measures","Canada","Natural Gas",2037,45152.8
"Current Measures","Canada","Natural Gas",2038,44579.8
"Current Measures","Canada","Natural Gas",2039,43789.8
"Current Measures","Canada","Natural Gas",2040,42379.8
"Current Measures","Canada","Natural Gas",2041,43549.8
"Current Measures","Canada","Natural Gas",2042,43989.8
"Current Measures","Canada","Natural Gas",2043,45359.8
"Current Measures","Canada","Natural Gas",2044,44929.8
"Current Measures","Canada","Natural Gas",2045,44209.8
"Current Measures","Canada","Natural Gas",2046,43759.8
"Current Measures","Canada","Natural Gas",2047,44609.8
"Current Measures","Canada","Natural Gas",2048,44819.8
"Current Measures","Canada","Natural Gas",2049,45609.8
"Current Measures","Canada","Natural Gas",2050,44439.8
"Current Measures","Canada","Oil",2020,3660.85
"Current Measures","Canada","Oil",2021,3660.85
"Current Measures","Canada","Oil",2022,3660.85
"Current Measures","Canada","Oil",2023,3660.85
"Current Measures","Canada","Oil",2024,3664.85
"Current Measures","Canada","Oil",2025,3674.85
"Current Measures","Canada","Oil",2026,3550.85
"Current Measures","Canada","Oil",2027,3518.85
"Current Measures","Canada","Oil",2028,3518.85
"Current Measures","Canada","Oil",2029,3518.85
"Current Measures","Canada","Oil",2030,3523.85
"Current Measures","Canada","Oil",2031,3036.85
"Current Measures","Canada","Oil",2032,3020.85
"Current Measures","Canada","Oil",2033,3020.85
"Current Measures","Canada","Oil",2034,3020.85
"Current Measures","Canada","Oil",2035,3020.85
"Current Measures","Canada","Oil",2036,1895.85
"Current Measures","Canada","Oil",2037,1895.85
"Current Measures","Canada","Oil",2038,1895.85
"Current Measures","Canada","Oil",2039,1895.85
"Current Measures","Canada","Oil",2040,1895.85
"Current Measures","Canada","Oil",2041,1840.85
"Current Measures","Canada","Oil",2042,1840.85
"Current Measures","Canada","Oil",2043,1840.85
"Current Measures","Canada","Oil",2044,1840.85
"Current Measures","Canada","Oil",2045,1840.85
"Current Measures","Canada","Oil",2046,1840.85
"Current Measures","Canada","Oil",2047,1840.85
"Current Measures","Canada","Oil",2048,1840.85
"Current Measures","Canada","Oil",2049,1840.85
"Current Measures","Canada","Oil",2050,1840.85
"Current Measures","Canada","Onshore Wind",2020,13661.31
"Current Measures","Canada","Onshore Wind",2021,13881.31
"Current Measures","Canada","Onshore Wind",2022,15240.31
"Current Measures","Canada","Onshore Wind",2023,15240.31
"Current Measures","Canada","Onshore Wind",2024,16909.31
"Current Measures","Canada","Onshore Wind",2025,17297.81
"Current Measures","Canada","Onshore Wind",2026,18356.81
"Current Measures","Canada","Onshore Wind",2027,19415.81
"Current Measures","Canada","Onshore Wind",2028,21393.81
"Current Measures","Canada","Onshore Wind",2029,22454.81
"Current Measures","Canada","Onshore Wind",2030,23512.26
"Current Measures","Canada","Onshore Wind",2031,25273.26
"Current Measures","Canada","Onshore Wind",2032,27012.26
"Current Measures","Canada","Onshore Wind",2033,28797.26
"Current Measures","Canada","Onshore Wind",2034,30660.26
"Current Measures","Canada","Onshore Wind",2035,32472.1
"Current Measures","Canada","Onshore Wind",2036,35566.1
"Current Measures","Canada","Onshore Wind",2037,38658.1
"Current Measures","Canada","Onshore Wind",2038,41964.1
"Current Measures","Canada","Onshore Wind",2039,45071.1
"Current Measures","Canada","Onshore Wind",2040,48278.1
"Current Measures","Canada","Onshore Wind",2041,51110.1
"Current Measures","Canada","Onshore Wind",2042,54052.1
"Current Measures","Canada","Onshore Wind",2043,57015.1
"Current Measures","Canada","Onshore Wind",2044,59937.1
"Current Measures","Canada","Onshore Wind",2045,62880.1
"Current Measures","Canada","Onshore Wind",2046,64353.1
"Current Measures","Canada","Onshore Wind",2047,65837.1
"Current Measures","Canada","Onshore Wind",2048,67201.1
"Current Measures","Canada","Onshore Wind",2049,68705.1
"Current Measures","Canada","Onshore Wind",2050,70039.1
"Current Measures","Canada","Solar (Distributed)",2020,2357.46082977
"Current Measures","Canada","Solar (Distributed)",2021,2419.965113793
"Current Measures","Canada","Solar (Distributed)",2022,2482.469397816
"Current Measures","Canada","Solar (Distributed)",2023,2609.97368183899
"Current Measures","Canada","Solar (Distributed)",2024,2721.049394432
"Current Measures","Canada","Solar (Distributed)",2025,2854.625106985
"Current Measures","Canada","Solar (Distributed)",2026,3010.900818608
"Current Measures","Canada","Solar (Distributed)",2027,3167.176531231
"Current Measures","Canada","Solar (Distributed)",2028,3323.452243854
"Current Measures","Canada","Solar (Distributed)",2029,3479.727956377
"Current Measures","Canada","Solar (Distributed)",2030,3636.003669
"Current Measures","Canada","Solar (Distributed)",2031,3753.213302
"Current Measures","Canada","Solar (Distributed)",2032,3870.422935
"Current Measures","Canada","Solar (Distributed)",2033,3987.632568
"Current Measures","Canada","Solar (Distributed)",2034,4104.842201
"Current Measures","Canada","Solar (Distributed)",2035,4222.051835
"Current Measures","Canada","Solar (Distributed)",2036,4339.261468
"Current Measures","Canada","Solar (Distributed)",2037,4456.471101
"Current Measures","Canada","Solar (Distributed)",2038,4573.680734
"Current Measures","Canada","Solar (Distributed)",2039,4690.890367
"Current Measures","Canada","Solar (Distributed)",2040,4808.1
"Current Measures","Canada","Solar (Distributed)",2041,4907.3
"Current Measures","Canada","Solar (Distributed)",2042,5006.5
"Current Measures","Canada","Solar (Distributed)",2043,5105.7
"Current Measures","Canada","Solar (Distributed)",2044,5204.9
"Current Measures","Canada","Solar (Distributed)",2045,5304.1
"Current Measures","Canada","Solar (Distributed)",2046,5403.3
"Current Measures","Canada","Solar (Distributed)",2047,5502.5
"Current Measures","Canada","Solar (Distributed)",2048,5601.7
"Current Measures","Canada","Solar (Distributed)",2049,5700.9
"Current Measures","Canada","Solar (Distributed)",2050,5800.1
"Current Measures","Canada","Solar (Utility scale)",2020,4545.936
"Current Measures","Canada","Solar (Utility scale)",2021,4545.936
"Current Measures","Canada","Solar (Utility scale)",2022,4545.936
"Current Measures","Canada","Solar (Utility scale)",2023,4545.936
"Current Measures","Canada","Solar (Utility scale)",2024,4545.936
"Current Measures","Canada","Solar (Utility scale)",2025,4668.967
"Current Measures","Canada","Solar (Utility scale)",2026,4699.967
"Current Measures","Canada","Solar (Utility scale)",2027,4729.967
"Current Measures","Canada","Solar (Utility scale)",2028,4759.967
"Current Measures","Canada","Solar (Utility scale)",2029,4790.967
"Current Measures","Canada","Solar (Utility scale)",2030,4854.967
"Current Measures","Canada","Solar (Utility scale)",2031,6141.967
"Current Measures","Canada","Solar (Utility scale)",2032,7434.967
"Current Measures","Canada","Solar (Utility scale)",2033,8727.967
"Current Measures","Canada","Solar (Utility scale)",2034,10010.967
"Current Measures","Canada","Solar (Utility scale)",2035,11361.097
"Current Measures","Canada","Solar (Utility scale)",2036,11780.097
"Current Measures","Canada","Solar (Utility scale)",2037,12190.097
"Current Measures","Canada","Solar (Utility scale)",2038,12590.097
"Current Measures","Canada","Solar (Utility scale)",2039,13010.097
"Current Measures","Canada","Solar (Utility scale)",2040,13461.997
"Current Measures","Canada","Solar (Utility scale)",2041,14719.897
"Current Measures","Canada","Solar (Utility scale)",2042,15987.997
"Current Measures","Canada","Solar (Utility scale)",2043,17245.997
"Current Measures","Canada","Solar (Utility scale)",2044,18513.997
"Current Measures","Canada","Solar (Utility scale)",2045,19855.532
"Current Measures","Canada","Solar (Utility scale)",2046,21829.135
"Current Measures","Canada","Solar (Utility scale)",2047,23802.135
"Current Measures","Canada","Solar (Utility scale)",2048,25789.135
"Current Measures","Canada","Solar (Utility scale)",2049,27768.135
"Current Measures","Canada","Solar (Utility scale)",2050,29708.635
"Current Measures","Canada","Total",2020,154243.25682977
"Current Measures","Canada","Total",2021,152904.761113793
"Current Measures","Canada","Total",2022,153636.265397816
"Current Measures","Canada","Total",2023,154243.769681839
"Current Measures","Canada","Total",2024,155522.345394432
"Current Measures","Canada","Total",2025,166340.652106985
"Current Measures","Canada","Total",2026,169430.927818608
"Current Measures","Canada","Total",2027,172955.203531231
"Current Measures","Canada","Total",2028,177689.479243854
"Current Measures","Canada","Total",2029,181107.254956377
"Current Measures","Canada","Total",2030,185725.380669
"Current Measures","Canada","Total",2031,188297.190302
"Current Measures","Canada","Total",2032,193168.399935
"Current Measures","Canada","Total",2033,197635.609567999
"Current Measures","Canada","Total",2034,202742.819201
"Current Measures","Canada","Total",2035,207455.498835
"Current Measures","Canada","Total",2036,210531.708468
"Current Measures","Canada","Total",2037,214910.918101
"Current Measures","Canada","Total",2038,218652.127734
"Current Measures","Canada","Total",2039,221977.337367
"Current Measures","Canada","Total",2040,224778.447
"Current Measures","Canada","Total",2041,230333.547
"Current Measures","Canada","Total",2042,234672.847
"Current Measures","Canada","Total",2043,240613.047
"Current Measures","Canada","Total",2044,245401.247
"Current Measures","Canada","Total",2045,249347.382
"Current Measures","Canada","Total",2046,252543.185
"Current Measures","Canada","Total",2047,256949.385
"Current Measures","Canada","Total",2048,260709.585
"Current Measures","Canada","Total",2049,265081.785
"Current Measures","Canada","Total",2050,267717.185
"Current Measures","Canada","Uranium",2020,14805
"Current Measures","Canada","Uranium",2021,13105
"Current Measures","Canada","Uranium",2022,13105
"Current Measures","Canada","Uranium",2023,12105
"Current Measures","Canada","Uranium",2024,12105
"Current Measures","Canada","Uranium",2025,12105
"Current Measures","Canada","Uranium",2026,11205
"Current Measures","Canada","Uranium",2027,10805
"Current Measures","Canada","Uranium",2028,10805
"Current Measures","Canada","Uranium",2029,10805
"Current Measures","Canada","Uranium",2030,10805
"Current Measures","Canada","Uranium",2031,10805
"Current Measures","Canada","Uranium",2032,10805
"Current Measures","Canada","Uranium",2033,10805
"Current Measures","Canada","Uranium",2034,11605
"Current Measures","Canada","Uranium",2035,11605
"Current Measures","Canada","Uranium",2036,11605
"Current Measures","Canada","Uranium",2037,11605
"Current Measures","Canada","Uranium",2038,11605
"Current Measures","Canada","Uranium",2039,11605
"Current Measures","Canada","Uranium",2040,11605
"Current Measures","Canada","Uranium",2041,11605
"Current Measures","Canada","Uranium",2042,10900
"Current Measures","Canada","Uranium",2043,10900
"Current Measures","Canada","Uranium",2044,11579
"Current Measures","Canada","Uranium",2045,11579
"Current Measures","Canada","Uranium",2046,11579
"Current Measures","Canada","Uranium",2047,11579
"Current Measures","Canada","Uranium",2048,11579
"Current Measures","Canada","Uranium",2049,11579
"Current Measures","Canada","Uranium",2050,11579
"Current Measures","Canada","Uranium SMR",2020,0
"Current Measures","Canada","Uranium SMR",2021,0
"Current Measures","Canada","Uranium SMR",2022,0
"Current Measures","Canada","Uranium SMR",2023,0
"Current Measures","Canada","Uranium SMR",2024,0
"Current Measures","Canada","Uranium SMR",2025,0
"Current Measures","Canada","Uranium SMR",2026,0
"Current Measures","Canada","Uranium SMR",2027,0
"Current Measures","Canada","Uranium SMR",2028,0
"Current Measures","Canada","Uranium SMR",2029,0
"Current Measures","Canada","Uranium SMR",2030,300
"Current Measures","Canada","Uranium SMR",2031,300
"Current Measures","Canada","Uranium SMR",2032,300
"Current Measures","Canada","Uranium SMR",2033,300
"Current Measures","Canada","Uranium SMR",2034,300
"Current Measures","Canada","Uranium SMR",2035,300
"Current Measures","Canada","Uranium SMR",2036,300
"Current Measures","Canada","Uranium SMR",2037,300
"Current Measures","Canada","Uranium SMR",2038,300
"Current Measures","Canada","Uranium SMR",2039,300
"Current Measures","Canada","Uranium SMR",2040,300
"Current Measures","Canada","Uranium SMR",2041,300
"Current Measures","Canada","Uranium SMR",2042,300
"Current Measures","Canada","Uranium SMR",2043,300
"Current Measures","Canada","Uranium SMR",2044,300
"Current Measures","Canada","Uranium SMR",2045,300
"Current Measures","Canada","Uranium SMR",2046,300
"Current Measures","Canada","Uranium SMR",2047,300
"Current Measures","Canada","Uranium SMR",2048,300
"Current Measures","Canada","Uranium SMR",2049,300
"Current Measures","Canada","Uranium SMR",2050,300
"Current Measures","Manitoba","Battery Storage",2020,0
"Current Measures","Manitoba","Battery Storage",2021,0
"Current Measures","Manitoba","Battery Storage",2022,0
"Current Measures","Manitoba","Battery Storage",2023,0
"Current Measures","Manitoba","Battery Storage",2024,0
"Current Measures","Manitoba","Battery Storage",2025,0
"Current Measures","Manitoba","Battery Storage",2026,0
"Current Measures","Manitoba","Battery Storage",2027,0
"Current Measures","Manitoba","Battery Storage",2028,0
"Current Measures","Manitoba","Battery Storage",2029,0
"Current Measures","Manitoba","Battery Storage",2030,89
"Current Measures","Manitoba","Battery Storage",2031,89
"Current Measures","Manitoba","Battery Storage",2032,89
"Current Measures","Manitoba","Battery Storage",2033,89
"Current Measures","Manitoba","Battery Storage",2034,89
"Current Measures","Manitoba","Battery Storage",2035,89
"Current Measures","Manitoba","Battery Storage",2036,89
"Current Measures","Manitoba","Battery Storage",2037,89
"Current Measures","Manitoba","Battery Storage",2038,89
"Current Measures","Manitoba","Battery Storage",2039,89
"Current Measures","Manitoba","Battery Storage",2040,89
"Current Measures","Manitoba","Battery Storage",2041,89
"Current Measures","Manitoba","Battery Storage",2042,89
"Current Measures","Manitoba","Battery Storage",2043,89
"Current Measures","Manitoba","Battery Storage",2044,89
"Current Measures","Manitoba","Battery Storage",2045,100
"Current Measures","Manitoba","Battery Storage",2046,100
"Current Measures","Manitoba","Battery Storage",2047,100
"Current Measures","Manitoba","Battery Storage",2048,100
"Current Measures","Manitoba","Battery Storage",2049,100
"Current Measures","Manitoba","Battery Storage",2050,360
"Current Measures","Manitoba","Bioenergy",2020,22
"Current Measures","Manitoba","Bioenergy",2021,22
"Current Measures","Manitoba","Bioenergy",2022,22
"Current Measures","Manitoba","Bioenergy",2023,22
"Current Measures","Manitoba","Bioenergy",2024,22
"Current Measures","Manitoba","Bioenergy",2025,22
"Current Measures","Manitoba","Bioenergy",2026,22
"Current Measures","Manitoba","Bioenergy",2027,22
"Current Measures","Manitoba","Bioenergy",2028,22
"Current Measures","Manitoba","Bioenergy",2029,22
"Current Measures","Manitoba","Bioenergy",2030,48.4
"Current Measures","Manitoba","Bioenergy",2031,162
"Current Measures","Manitoba","Bioenergy",2032,275
"Current Measures","Manitoba","Bioenergy",2033,389
"Current Measures","Manitoba","Bioenergy",2034,503
"Current Measures","Manitoba","Bioenergy",2035,616
"Current Measures","Manitoba","Bioenergy",2036,687
"Current Measures","Manitoba","Bioenergy",2037,757
"Current Measures","Manitoba","Bioenergy",2038,828
"Current Measures","Manitoba","Bioenergy",2039,899
"Current Measures","Manitoba","Bioenergy",2040,969
"Current Measures","Manitoba","Bioenergy",2041,1020
"Current Measures","Manitoba","Bioenergy",2042,1060
"Current Measures","Manitoba","Bioenergy",2043,1110
"Current Measures","Manitoba","Bioenergy",2044,1160
"Current Measures","Manitoba","Bioenergy",2045,1200
"Current Measures","Manitoba","Bioenergy",2046,1200
"Current Measures","Manitoba","Bioenergy",2047,1200
"Current Measures","Manitoba","Bioenergy",2048,1200
"Current Measures","Manitoba","Bioenergy",2049,1200
"Current Measures","Manitoba","Bioenergy",2050,1250
"Current Measures","Manitoba","Hydro",2020,5370
"Current Measures","Manitoba","Hydro",2021,5470
"Current Measures","Manitoba","Hydro",2022,6070
"Current Measures","Manitoba","Hydro",2023,6070
"Current Measures","Manitoba","Hydro",2024,6070
"Current Measures","Manitoba","Hydro",2025,6070
"Current Measures","Manitoba","Hydro",2026,6170
"Current Measures","Manitoba","Hydro",2027,6270
"Current Measures","Manitoba","Hydro",2028,6370
"Current Measures","Manitoba","Hydro",2029,6470
"Current Measures","Manitoba","Hydro",2030,6570
"Current Measures","Manitoba","Hydro",2031,6570
"Current Measures","Manitoba","Hydro",2032,6570
"Current Measures","Manitoba","Hydro",2033,6570
"Current Measures","Manitoba","Hydro",2034,6570
"Current Measures","Manitoba","Hydro",2035,6570
"Current Measures","Manitoba","Hydro",2036,6570
"Current Measures","Manitoba","Hydro",2037,6570
"Current Measures","Manitoba","Hydro",2038,6570
"Current Measures","Manitoba","Hydro",2039,6570
"Current Measures","Manitoba","Hydro",2040,6570
"Current Measures","Manitoba","Hydro",2041,6570
"Current Measures","Manitoba","Hydro",2042,6570
"Current Measures","Manitoba","Hydro",2043,6570
"Current Measures","Manitoba","Hydro",2044,6570
"Current Measures","Manitoba","Hydro",2045,6570
"Current Measures","Manitoba","Hydro",2046,6570
"Current Measures","Manitoba","Hydro",2047,6570
"Current Measures","Manitoba","Hydro",2048,6570
"Current Measures","Manitoba","Hydro",2049,6570
"Current Measures","Manitoba","Hydro",2050,6570
"Current Measures","Manitoba","Natural Gas",2020,403
"Current Measures","Manitoba","Natural Gas",2021,403
"Current Measures","Manitoba","Natural Gas",2022,403
"Current Measures","Manitoba","Natural Gas",2023,403
"Current Measures","Manitoba","Natural Gas",2024,403
"Current Measures","Manitoba","Natural Gas",2025,403
"Current Measures","Manitoba","Natural Gas",2026,403
"Current Measures","Manitoba","Natural Gas",2027,403
"Current Measures","Manitoba","Natural Gas",2028,403
"Current Measures","Manitoba","Natural Gas",2029,403
"Current Measures","Manitoba","Natural Gas",2030,403
"Current Measures","Manitoba","Natural Gas",2031,403
"Current Measures","Manitoba","Natural Gas",2032,403
"Current Measures","Manitoba","Natural Gas",2033,403
"Current Measures","Manitoba","Natural Gas",2034,403
"Current Measures","Manitoba","Natural Gas",2035,403
"Current Measures","Manitoba","Natural Gas",2036,403
"Current Measures","Manitoba","Natural Gas",2037,403
"Current Measures","Manitoba","Natural Gas",2038,0
"Current Measures","Manitoba","Natural Gas",2039,0
"Current Measures","Manitoba","Natural Gas",2040,0
"Current Measures","Manitoba","Natural Gas",2041,0
"Current Measures","Manitoba","Natural Gas",2042,0
"Current Measures","Manitoba","Natural Gas",2043,0
"Current Measures","Manitoba","Natural Gas",2044,0
"Current Measures","Manitoba","Natural Gas",2045,0
"Current Measures","Manitoba","Natural Gas",2046,0
"Current Measures","Manitoba","Natural Gas",2047,0
"Current Measures","Manitoba","Natural Gas",2048,0
"Current Measures","Manitoba","Natural Gas",2049,0
"Current Measures","Manitoba","Natural Gas",2050,0
"Current Measures","Manitoba","Oil",2020,37.3
"Current Measures","Manitoba","Oil",2021,37.3
"Current Measures","Manitoba","Oil",2022,37.3
"Current Measures","Manitoba","Oil",2023,37.3
"Current Measures","Manitoba","Oil",2024,37.3
"Current Measures","Manitoba","Oil",2025,37.3
"Current Measures","Manitoba","Oil",2026,37.3
"Current Measures","Manitoba","Oil",2027,37.3
"Current Measures","Manitoba","Oil",2028,37.3
"Current Measures","Manitoba","Oil",2029,37.3
"Current Measures","Manitoba","Oil",2030,37.3
"Current Measures","Manitoba","Oil",2031,37.3
"Current Measures","Manitoba","Oil",2032,37.3
"Current Measures","Manitoba","Oil",2033,37.3
"Current Measures","Manitoba","Oil",2034,37.3
"Current Measures","Manitoba","Oil",2035,37.3
"Current Measures","Manitoba","Oil",2036,37.3
"Current Measures","Manitoba","Oil",2037,37.3
"Current Measures","Manitoba","Oil",2038,37.3
"Current Measures","Manitoba","Oil",2039,37.3
"Current Measures","Manitoba","Oil",2040,37.3
"Current Measures","Manitoba","Oil",2041,37.3
"Current Measures","Manitoba","Oil",2042,37.3
"Current Measures","Manitoba","Oil",2043,37.3
"Current Measures","Manitoba","Oil",2044,37.3
"Current Measures","Manitoba","Oil",2045,37.3
"Current Measures","Manitoba","Oil",2046,37.3
"Current Measures","Manitoba","Oil",2047,37.3
"Current Measures","Manitoba","Oil",2048,37.3
"Current Measures","Manitoba","Oil",2049,37.3
"Current Measures","Manitoba","Oil",2050,37.3
"Current Measures","Manitoba","Onshore Wind",2020,259
"Current Measures","Manitoba","Onshore Wind",2021,259
"Current Measures","Manitoba","Onshore Wind",2022,259
"Current Measures","Manitoba","Onshore Wind",2023,259
"Current Measures","Manitoba","Onshore Wind",2024,259
"Current Measures","Manitoba","Onshore Wind",2025,309
"Current Measures","Manitoba","Onshore Wind",2026,331
"Current Measures","Manitoba","Onshore Wind",2027,352
"Current Measures","Manitoba","Onshore Wind",2028,374
"Current Measures","Manitoba","Onshore Wind",2029,396
"Current Measures","Manitoba","Onshore Wind",2030,418
"Current Measures","Manitoba","Onshore Wind",2031,548
"Current Measures","Manitoba","Onshore Wind",2032,678
"Current Measures","Manitoba","Onshore Wind",2033,808
"Current Measures","Manitoba","Onshore Wind",2034,938
"Current Measures","Manitoba","Onshore Wind",2035,1070
"Current Measures","Manitoba","Onshore Wind",2036,1150
"Current Measures","Manitoba","Onshore Wind",2037,1230
"Current Measures","Manitoba","Onshore Wind",2038,1320
"Current Measures","Manitoba","Onshore Wind",2039,1400
"Current Measures","Manitoba","Onshore Wind",2040,1480
"Current Measures","Manitoba","Onshore Wind",2041,1480
"Current Measures","Manitoba","Onshore Wind",2042,1480
"Current Measures","Manitoba","Onshore Wind",2043,1480
"Current Measures","Manitoba","Onshore Wind",2044,1480
"Current Measures","Manitoba","Onshore Wind",2045,1530
"Current Measures","Manitoba","Onshore Wind",2046,1560
"Current Measures","Manitoba","Onshore Wind",2047,1580
"Current Measures","Manitoba","Onshore Wind",2048,1600
"Current Measures","Manitoba","Onshore Wind",2049,1630
"Current Measures","Manitoba","Onshore Wind",2050,1650
"Current Measures","Manitoba","Solar (Distributed)",2020,5
"Current Measures","Manitoba","Solar (Distributed)",2021,5
"Current Measures","Manitoba","Solar (Distributed)",2022,5
"Current Measures","Manitoba","Solar (Distributed)",2023,5
"Current Measures","Manitoba","Solar (Distributed)",2024,5
"Current Measures","Manitoba","Solar (Distributed)",2025,5
"Current Measures","Manitoba","Solar (Distributed)",2026,8
"Current Measures","Manitoba","Solar (Distributed)",2027,11
"Current Measures","Manitoba","Solar (Distributed)",2028,14
"Current Measures","Manitoba","Solar (Distributed)",2029,17
"Current Measures","Manitoba","Solar (Distributed)",2030,20
"Current Measures","Manitoba","Solar (Distributed)",2031,21
"Current Measures","Manitoba","Solar (Distributed)",2032,22
"Current Measures","Manitoba","Solar (Distributed)",2033,23
"Current Measures","Manitoba","Solar (Distributed)",2034,24
"Current Measures","Manitoba","Solar (Distributed)",2035,25
"Current Measures","Manitoba","Solar (Distributed)",2036,26
"Current Measures","Manitoba","Solar (Distributed)",2037,27
"Current Measures","Manitoba","Solar (Distributed)",2038,28
"Current Measures","Manitoba","Solar (Distributed)",2039,29
"Current Measures","Manitoba","Solar (Distributed)",2040,30
"Current Measures","Manitoba","Solar (Distributed)",2041,31
"Current Measures","Manitoba","Solar (Distributed)",2042,32
"Current Measures","Manitoba","Solar (Distributed)",2043,33
"Current Measures","Manitoba","Solar (Distributed)",2044,34
"Current Measures","Manitoba","Solar (Distributed)",2045,35
"Current Measures","Manitoba","Solar (Distributed)",2046,36
"Current Measures","Manitoba","Solar (Distributed)",2047,37
"Current Measures","Manitoba","Solar (Distributed)",2048,38
"Current Measures","Manitoba","Solar (Distributed)",2049,39
"Current Measures","Manitoba","Solar (Distributed)",2050,40
"Current Measures","Manitoba","Solar (Utility scale)",2020,6
"Current Measures","Manitoba","Solar (Utility scale)",2021,6
"Current Measures","Manitoba","Solar (Utility scale)",2022,6
"Current Measures","Manitoba","Solar (Utility scale)",2023,6
"Current Measures","Manitoba","Solar (Utility scale)",2024,6
"Current Measures","Manitoba","Solar (Utility scale)",2025,6
"Current Measures","Manitoba","Solar (Utility scale)",2026,6
"Current Measures","Manitoba","Solar (Utility scale)",2027,6
"Current Measures","Manitoba","Solar (Utility scale)",2028,6
"Current Measures","Manitoba","Solar (Utility scale)",2029,6
"Current Measures","Manitoba","Solar (Utility scale)",2030,6
"Current Measures","Manitoba","Solar (Utility scale)",2031,6
"Current Measures","Manitoba","Solar (Utility scale)",2032,6
"Current Measures","Manitoba","Solar (Utility scale)",2033,6
"Current Measures","Manitoba","Solar (Utility scale)",2034,6
"Current Measures","Manitoba","Solar (Utility scale)",2035,6
"Current Measures","Manitoba","Solar (Utility scale)",2036,6
"Current Measures","Manitoba","Solar (Utility scale)",2037,6
"Current Measures","Manitoba","Solar (Utility scale)",2038,6
"Current Measures","Manitoba","Solar (Utility scale)",2039,6
"Current Measures","Manitoba","Solar (Utility scale)",2040,6
"Current Measures","Manitoba","Solar (Utility scale)",2041,63.9
"Current Measures","Manitoba","Solar (Utility scale)",2042,122
"Current Measures","Manitoba","Solar (Utility scale)",2043,180
"Current Measures","Manitoba","Solar (Utility scale)",2044,238
"Current Measures","Manitoba","Solar (Utility scale)",2045,296
"Current Measures","Manitoba","Solar (Utility scale)",2046,350
"Current Measures","Manitoba","Solar (Utility scale)",2047,405
"Current Measures","Manitoba","Solar (Utility scale)",2048,459
"Current Measures","Manitoba","Solar (Utility scale)",2049,514
"Current Measures","Manitoba","Solar (Utility scale)",2050,569
"Current Measures","Manitoba","Total",2020,6102.3
"Current Measures","Manitoba","Total",2021,6202.3
"Current Measures","Manitoba","Total",2022,6802.3
"Current Measures","Manitoba","Total",2023,6802.3
"Current Measures","Manitoba","Total",2024,6802.3
"Current Measures","Manitoba","Total",2025,6852.3
"Current Measures","Manitoba","Total",2026,6977.3
"Current Measures","Manitoba","Total",2027,7101.3
"Current Measures","Manitoba","Total",2028,7226.3
"Current Measures","Manitoba","Total",2029,7351.3
"Current Measures","Manitoba","Total",2030,7591.7
"Current Measures","Manitoba","Total",2031,7836.3
"Current Measures","Manitoba","Total",2032,8080.3
"Current Measures","Manitoba","Total",2033,8325.3
"Current Measures","Manitoba","Total",2034,8570.3
"Current Measures","Manitoba","Total",2035,8816.3
"Current Measures","Manitoba","Total",2036,8968.3
"Current Measures","Manitoba","Total",2037,9119.3
"Current Measures","Manitoba","Total",2038,8878.3
"Current Measures","Manitoba","Total",2039,9030.3
"Current Measures","Manitoba","Total",2040,9181.3
"Current Measures","Manitoba","Total",2041,9291.2
"Current Measures","Manitoba","Total",2042,9390.3
"Current Measures","Manitoba","Total",2043,9499.3
"Current Measures","Manitoba","Total",2044,9608.3
"Current Measures","Manitoba","Total",2045,9768.3
"Current Measures","Manitoba","Total",2046,9853.3
"Current Measures","Manitoba","Total",2047,9929.3
"Current Measures","Manitoba","Total",2048,10004.3
"Current Measures","Manitoba","Total",2049,10090.3
"Current Measures","Manitoba","Total",2050,10476.3
"Current Measures","New Brunswick","Bioenergy",2020,79.2
"Current Measures","New Brunswick","Bioenergy",2021,79.2
"Current Measures","New Brunswick","Bioenergy",2022,79.2
"Current Measures","New Brunswick","Bioenergy",2023,79.2
"Current Measures","New Brunswick","Bioenergy",2024,79.2
"Current Measures","New Brunswick","Bioenergy",2025,79.2
"Current Measures","New Brunswick","Bioenergy",2026,79.2
"Current Measures","New Brunswick","Bioenergy",2027,79.2
"Current Measures","New Brunswick","Bioenergy",2028,79.2
"Current Measures","New Brunswick","Bioenergy",2029,79.2
"Current Measures","New Brunswick","Bioenergy",2030,79.2
"Current Measures","New Brunswick","Bioenergy",2031,79.2
"Current Measures","New Brunswick","Bioenergy",2032,79.2
"Current Measures","New Brunswick","Bioenergy",2033,79.2
"Current Measures","New Brunswick","Bioenergy",2034,79.2
"Current Measures","New Brunswick","Bioenergy",2035,79.2
"Current Measures","New Brunswick","Bioenergy",2036,79.2
"Current Measures","New Brunswick","Bioenergy",2037,79.2
"Current Measures","New Brunswick","Bioenergy",2038,79.2
"Current Measures","New Brunswick","Bioenergy",2039,79.2
"Current Measures","New Brunswick","Bioenergy",2040,79.2
"Current Measures","New Brunswick","Bioenergy",2041,79.2
"Current Measures","New Brunswick","Bioenergy",2042,79.2
"Current Measures","New Brunswick","Bioenergy",2043,79.2
"Current Measures","New Brunswick","Bioenergy",2044,79.2
"Current Measures","New Brunswick","Bioenergy",2045,79.2
"Current Measures","New Brunswick","Bioenergy",2046,79.2
"Current Measures","New Brunswick","Bioenergy",2047,79.2
"Current Measures","New Brunswick","Bioenergy",2048,79.2
"Current Measures","New Brunswick","Bioenergy",2049,79.2
"Current Measures","New Brunswick","Bioenergy",2050,79.2
"Current Measures","New Brunswick","Coal and Coke",2020,541
"Current Measures","New Brunswick","Coal and Coke",2021,541
"Current Measures","New Brunswick","Coal and Coke",2022,541
"Current Measures","New Brunswick","Coal and Coke",2023,541
"Current Measures","New Brunswick","Coal and Coke",2024,541
"Current Measures","New Brunswick","Coal and Coke",2025,541
"Current Measures","New Brunswick","Coal and Coke",2026,541
"Current Measures","New Brunswick","Coal and Coke",2027,541
"Current Measures","New Brunswick","Coal and Coke",2028,541
"Current Measures","New Brunswick","Coal and Coke",2029,541
"Current Measures","New Brunswick","Coal and Coke",2030,541
"Current Measures","New Brunswick","Coal and Coke",2031,0
"Current Measures","New Brunswick","Coal and Coke",2032,0
"Current Measures","New Brunswick","Coal and Coke",2033,0
"Current Measures","New Brunswick","Coal and Coke",2034,0
"Current Measures","New Brunswick","Coal and Coke",2035,0
"Current Measures","New Brunswick","Coal and Coke",2036,0
"Current Measures","New Brunswick","Coal and Coke",2037,0
"Current Measures","New Brunswick","Coal and Coke",2038,0
"Current Measures","New Brunswick","Coal and Coke",2039,0
"Current Measures","New Brunswick","Coal and Coke",2040,0
"Current Measures","New Brunswick","Coal and Coke",2041,0
"Current Measures","New Brunswick","Coal and Coke",2042,0
"Current Measures","New Brunswick","Coal and Coke",2043,0
"Current Measures","New Brunswick","Coal and Coke",2044,0
"Current Measures","New Brunswick","Coal and Coke",2045,0
"Current Measures","New Brunswick","Coal and Coke",2046,0
"Current Measures","New Brunswick","Coal and Coke",2047,0
"Current Measures","New Brunswick","Coal and Coke",2048,0
"Current Measures","New Brunswick","Coal and Coke",2049,0
"Current Measures","New Brunswick","Coal and Coke",2050,0
"Current Measures","New Brunswick","Hydro",2020,961
"Current Measures","New Brunswick","Hydro",2021,961
"Current Measures","New Brunswick","Hydro",2022,961
"Current Measures","New Brunswick","Hydro",2023,961
"Current Measures","New Brunswick","Hydro",2024,961
"Current Measures","New Brunswick","Hydro",2025,961
"Current Measures","New Brunswick","Hydro",2026,961
"Current Measures","New Brunswick","Hydro",2027,961
"Current Measures","New Brunswick","Hydro",2028,961
"Current Measures","New Brunswick","Hydro",2029,961
"Current Measures","New Brunswick","Hydro",2030,961
"Current Measures","New Brunswick","Hydro",2031,961
"Current Measures","New Brunswick","Hydro",2032,961
"Current Measures","New Brunswick","Hydro",2033,961
"Current Measures","New Brunswick","Hydro",2034,961
"Current Measures","New Brunswick","Hydro",2035,961
"Current Measures","New Brunswick","Hydro",2036,961
"Current Measures","New Brunswick","Hydro",2037,961
"Current Measures","New Brunswick","Hydro",2038,961
"Current Measures","New Brunswick","Hydro",2039,961
"Current Measures","New Brunswick","Hydro",2040,961
"Current Measures","New Brunswick","Hydro",2041,961
"Current Measures","New Brunswick","Hydro",2042,961
"Current Measures","New Brunswick","Hydro",2043,961
"Current Measures","New Brunswick","Hydro",2044,961
"Current Measures","New Brunswick","Hydro",2045,961
"Current Measures","New Brunswick","Hydro",2046,961
"Current Measures","New Brunswick","Hydro",2047,961
"Current Measures","New Brunswick","Hydro",2048,961
"Current Measures","New Brunswick","Hydro",2049,961
"Current Measures","New Brunswick","Hydro",2050,961
"Current Measures","New Brunswick","Natural Gas",2020,550
"Current Measures","New Brunswick","Natural Gas",2021,550
"Current Measures","New Brunswick","Natural Gas",2022,550
"Current Measures","New Brunswick","Natural Gas",2023,550
"Current Measures","New Brunswick","Natural Gas",2024,550
"Current Measures","New Brunswick","Natural Gas",2025,550
"Current Measures","New Brunswick","Natural Gas",2026,550
"Current Measures","New Brunswick","Natural Gas",2027,550
"Current Measures","New Brunswick","Natural Gas",2028,290
"Current Measures","New Brunswick","Natural Gas",2029,290
"Current Measures","New Brunswick","Natural Gas",2030,290
"Current Measures","New Brunswick","Natural Gas",2031,290
"Current Measures","New Brunswick","Natural Gas",2032,290
"Current Measures","New Brunswick","Natural Gas",2033,290
"Current Measures","New Brunswick","Natural Gas",2034,290
"Current Measures","New Brunswick","Natural Gas",2035,290
"Current Measures","New Brunswick","Natural Gas",2036,290
"Current Measures","New Brunswick","Natural Gas",2037,290
"Current Measures","New Brunswick","Natural Gas",2038,290
"Current Measures","New Brunswick","Natural Gas",2039,290
"Current Measures","New Brunswick","Natural Gas",2040,290
"Current Measures","New Brunswick","Natural Gas",2041,290
"Current Measures","New Brunswick","Natural Gas",2042,0
"Current Measures","New Brunswick","Natural Gas",2043,0
"Current Measures","New Brunswick","Natural Gas",2044,0
"Current Measures","New Brunswick","Natural Gas",2045,0
"Current Measures","New Brunswick","Natural Gas",2046,0
"Current Measures","New Brunswick","Natural Gas",2047,0
"Current Measures","New Brunswick","Natural Gas",2048,0
"Current Measures","New Brunswick","Natural Gas",2049,0
"Current Measures","New Brunswick","Natural Gas",2050,0
"Current Measures","New Brunswick","Oil",2020,1593.5
"Current Measures","New Brunswick","Oil",2021,1593.5
"Current Measures","New Brunswick","Oil",2022,1593.5
"Current Measures","New Brunswick","Oil",2023,1593.5
"Current Measures","New Brunswick","Oil",2024,1593.5
"Current Measures","New Brunswick","Oil",2025,1593.5
"Current Measures","New Brunswick","Oil",2026,1593.5
"Current Measures","New Brunswick","Oil",2027,1564.5
"Current Measures","New Brunswick","Oil",2028,1564.5
"Current Measures","New Brunswick","Oil",2029,1564.5
"Current Measures","New Brunswick","Oil",2030,1564.5
"Current Measures","New Brunswick","Oil",2031,1564.5
"Current Measures","New Brunswick","Oil",2032,1564.5
"Current Measures","New Brunswick","Oil",2033,1564.5
"Current Measures","New Brunswick","Oil",2034,1564.5
"Current Measures","New Brunswick","Oil",2035,1564.5
"Current Measures","New Brunswick","Oil",2036,514.5
"Current Measures","New Brunswick","Oil",2037,514.5
"Current Measures","New Brunswick","Oil",2038,514.5
"Current Measures","New Brunswick","Oil",2039,514.5
"Current Measures","New Brunswick","Oil",2040,514.5
"Current Measures","New Brunswick","Oil",2041,514.5
"Current Measures","New Brunswick","Oil",2042,514.5
"Current Measures","New Brunswick","Oil",2043,514.5
"Current Measures","New Brunswick","Oil",2044,514.5
"Current Measures","New Brunswick","Oil",2045,514.5
"Current Measures","New Brunswick","Oil",2046,514.5
"Current Measures","New Brunswick","Oil",2047,514.5
"Current Measures","New Brunswick","Oil",2048,514.5
"Current Measures","New Brunswick","Oil",2049,514.5
"Current Measures","New Brunswick","Oil",2050,514.5
"Current Measures","New Brunswick","Onshore Wind",2020,294
"Current Measures","New Brunswick","Onshore Wind",2021,294
"Current Measures","New Brunswick","Onshore Wind",2022,329
"Current Measures","New Brunswick","Onshore Wind",2023,329
"Current Measures","New Brunswick","Onshore Wind",2024,329
"Current Measures","New Brunswick","Onshore Wind",2025,329
"Current Measures","New Brunswick","Onshore Wind",2026,340
"Current Measures","New Brunswick","Onshore Wind",2027,352
"Current Measures","New Brunswick","Onshore Wind",2028,363
"Current Measures","New Brunswick","Onshore Wind",2029,375
"Current Measures","New Brunswick","Onshore Wind",2030,386
"Current Measures","New Brunswick","Onshore Wind",2031,705
"Current Measures","New Brunswick","Onshore Wind",2032,1020
"Current Measures","New Brunswick","Onshore Wind",2033,1370
"Current Measures","New Brunswick","Onshore Wind",2034,1690
"Current Measures","New Brunswick","Onshore Wind",2035,2010
"Current Measures","New Brunswick","Onshore Wind",2036,2260
"Current Measures","New Brunswick","Onshore Wind",2037,2500
"Current Measures","New Brunswick","Onshore Wind",2038,2740
"Current Measures","New Brunswick","Onshore Wind",2039,2990
"Current Measures","New Brunswick","Onshore Wind",2040,3230
"Current Measures","New Brunswick","Onshore Wind",2041,3230
"Current Measures","New Brunswick","Onshore Wind",2042,3230
"Current Measures","New Brunswick","Onshore Wind",2043,3230
"Current Measures","New Brunswick","Onshore Wind",2044,3230
"Current Measures","New Brunswick","Onshore Wind",2045,3280
"Current Measures","New Brunswick","Onshore Wind",2046,3400
"Current Measures","New Brunswick","Onshore Wind",2047,3530
"Current Measures","New Brunswick","Onshore Wind",2048,3660
"Current Measures","New Brunswick","Onshore Wind",2049,3790
"Current Measures","New Brunswick","Onshore Wind",2050,3920
"Current Measures","New Brunswick","Solar (Distributed)",2020,1
"Current Measures","New Brunswick","Solar (Distributed)",2021,1
"Current Measures","New Brunswick","Solar (Distributed)",2022,1
"Current Measures","New Brunswick","Solar (Distributed)",2023,1
"Current Measures","New Brunswick","Solar (Distributed)",2024,1
"Current Measures","New Brunswick","Solar (Distributed)",2025,1
"Current Measures","New Brunswick","Solar (Distributed)",2026,2.8
"Current Measures","New Brunswick","Solar (Distributed)",2027,4.6
"Current Measures","New Brunswick","Solar (Distributed)",2028,6.4
"Current Measures","New Brunswick","Solar (Distributed)",2029,8.2
"Current Measures","New Brunswick","Solar (Distributed)",2030,10
"Current Measures","New Brunswick","Solar (Distributed)",2031,10.5
"Current Measures","New Brunswick","Solar (Distributed)",2032,11
"Current Measures","New Brunswick","Solar (Distributed)",2033,11.5
"Current Measures","New Brunswick","Solar (Distributed)",2034,12
"Current Measures","New Brunswick","Solar (Distributed)",2035,12.5
"Current Measures","New Brunswick","Solar (Distributed)",2036,13
"Current Measures","New Brunswick","Solar (Distributed)",2037,13.5
"Current Measures","New Brunswick","Solar (Distributed)",2038,14
"Current Measures","New Brunswick","Solar (Distributed)",2039,14.5
"Current Measures","New Brunswick","Solar (Distributed)",2040,15
"Current Measures","New Brunswick","Solar (Distributed)",2041,15.5
"Current Measures","New Brunswick","Solar (Distributed)",2042,16
"Current Measures","New Brunswick","Solar (Distributed)",2043,16.5
"Current Measures","New Brunswick","Solar (Distributed)",2044,17
"Current Measures","New Brunswick","Solar (Distributed)",2045,17.5
"Current Measures","New Brunswick","Solar (Distributed)",2046,18
"Current Measures","New Brunswick","Solar (Distributed)",2047,18.5
"Current Measures","New Brunswick","Solar (Distributed)",2048,19
"Current Measures","New Brunswick","Solar (Distributed)",2049,19.5
"Current Measures","New Brunswick","Solar (Distributed)",2050,20
"Current Measures","New Brunswick","Solar (Utility scale)",2020,0.162
"Current Measures","New Brunswick","Solar (Utility scale)",2021,0.162
"Current Measures","New Brunswick","Solar (Utility scale)",2022,0.162
"Current Measures","New Brunswick","Solar (Utility scale)",2023,0.162
"Current Measures","New Brunswick","Solar (Utility scale)",2024,0.162
"Current Measures","New Brunswick","Solar (Utility scale)",2025,30.2
"Current Measures","New Brunswick","Solar (Utility scale)",2026,30.2
"Current Measures","New Brunswick","Solar (Utility scale)",2027,30.2
"Current Measures","New Brunswick","Solar (Utility scale)",2028,30.2
"Current Measures","New Brunswick","Solar (Utility scale)",2029,30.2
"Current Measures","New Brunswick","Solar (Utility scale)",2030,30.2
"Current Measures","New Brunswick","Solar (Utility scale)",2031,30.2
"Current Measures","New Brunswick","Solar (Utility scale)",2032,30.2
"Current Measures","New Brunswick","Solar (Utility scale)",2033,30.2
"Current Measures","New Brunswick","Solar (Utility scale)",2034,30.2
"Current Measures","New Brunswick","Solar (Utility scale)",2035,30.2
"Current Measures","New Brunswick","Solar (Utility scale)",2036,30.2
"Current Measures","New Brunswick","Solar (Utility scale)",2037,30.2
"Current Measures","New Brunswick","Solar (Utility scale)",2038,30.2
"Current Measures","New Brunswick","Solar (Utility scale)",2039,30.2
"Current Measures","New Brunswick","Solar (Utility scale)",2040,30.2
"Current Measures","New Brunswick","Solar (Utility scale)",2041,30.2
"Current Measures","New Brunswick","Solar (Utility scale)",2042,30.2
"Current Measures","New Brunswick","Solar (Utility scale)",2043,30.2
"Current Measures","New Brunswick","Solar (Utility scale)",2044,30.2
"Current Measures","New Brunswick","Solar (Utility scale)",2045,30.2
"Current Measures","New Brunswick","Solar (Utility scale)",2046,30.2
"Current Measures","New Brunswick","Solar (Utility scale)",2047,30.2
"Current Measures","New Brunswick","Solar (Utility scale)",2048,30.2
"Current Measures","New Brunswick","Solar (Utility scale)",2049,30.2
"Current Measures","New Brunswick","Solar (Utility scale)",2050,30.2
"Current Measures","New Brunswick","Total",2020,4724.862
"Current Measures","New Brunswick","Total",2021,4724.862
"Current Measures","New Brunswick","Total",2022,4759.862
"Current Measures","New Brunswick","Total",2023,4759.862
"Current Measures","New Brunswick","Total",2024,4759.862
"Current Measures","New Brunswick","Total",2025,4789.9
"Current Measures","New Brunswick","Total",2026,4802.7
"Current Measures","New Brunswick","Total",2027,4787.5
"Current Measures","New Brunswick","Total",2028,4540.3
"Current Measures","New Brunswick","Total",2029,4554.1
"Current Measures","New Brunswick","Total",2030,4566.9
"Current Measures","New Brunswick","Total",2031,4345.4
"Current Measures","New Brunswick","Total",2032,4660.9
"Current Measures","New Brunswick","Total",2033,5011.4
"Current Measures","New Brunswick","Total",2034,5331.9
"Current Measures","New Brunswick","Total",2035,5652.4
"Current Measures","New Brunswick","Total",2036,4852.9
"Current Measures","New Brunswick","Total",2037,5093.4
"Current Measures","New Brunswick","Total",2038,5333.9
"Current Measures","New Brunswick","Total",2039,5584.4
"Current Measures","New Brunswick","Total",2040,5824.9
"Current Measures","New Brunswick","Total",2041,5825.4
"Current Measures","New Brunswick","Total",2042,4830.9
"Current Measures","New Brunswick","Total",2043,4831.4
"Current Measures","New Brunswick","Total",2044,5510.9
"Current Measures","New Brunswick","Total",2045,5561.4
"Current Measures","New Brunswick","Total",2046,5681.9
"Current Measures","New Brunswick","Total",2047,5812.4
"Current Measures","New Brunswick","Total",2048,5942.9
"Current Measures","New Brunswick","Total",2049,6073.4
"Current Measures","New Brunswick","Total",2050,6203.9
"Current Measures","New Brunswick","Uranium",2020,705
"Current Measures","New Brunswick","Uranium",2021,705
"Current Measures","New Brunswick","Uranium",2022,705
"Current Measures","New Brunswick","Uranium",2023,705
"Current Measures","New Brunswick","Uranium",2024,705
"Current Measures","New Brunswick","Uranium",2025,705
"Current Measures","New Brunswick","Uranium",2026,705
"Current Measures","New Brunswick","Uranium",2027,705
"Current Measures","New Brunswick","Uranium",2028,705
"Current Measures","New Brunswick","Uranium",2029,705
"Current Measures","New Brunswick","Uranium",2030,705
"Current Measures","New Brunswick","Uranium",2031,705
"Current Measures","New Brunswick","Uranium",2032,705
"Current Measures","New Brunswick","Uranium",2033,705
"Current Measures","New Brunswick","Uranium",2034,705
"Current Measures","New Brunswick","Uranium",2035,705
"Current Measures","New Brunswick","Uranium",2036,705
"Current Measures","New Brunswick","Uranium",2037,705
"Current Measures","New Brunswick","Uranium",2038,705
"Current Measures","New Brunswick","Uranium",2039,705
"Current Measures","New Brunswick","Uranium",2040,705
"Current Measures","New Brunswick","Uranium",2041,705
"Current Measures","New Brunswick","Uranium",2042,0
"Current Measures","New Brunswick","Uranium",2043,0
"Current Measures","New Brunswick","Uranium",2044,679
"Current Measures","New Brunswick","Uranium",2045,679
"Current Measures","New Brunswick","Uranium",2046,679
"Current Measures","New Brunswick","Uranium",2047,679
"Current Measures","New Brunswick","Uranium",2048,679
"Current Measures","New Brunswick","Uranium",2049,679
"Current Measures","New Brunswick","Uranium",2050,679
"Current Measures","Newfoundland and Labrador","Hydro",2020,6780
"Current Measures","Newfoundland and Labrador","Hydro",2021,7610
"Current Measures","Newfoundland and Labrador","Hydro",2022,7610
"Current Measures","Newfoundland and Labrador","Hydro",2023,7610
"Current Measures","Newfoundland and Labrador","Hydro",2024,7610
"Current Measures","Newfoundland and Labrador","Hydro",2025,7610
"Current Measures","Newfoundland and Labrador","Hydro",2026,7610
"Current Measures","Newfoundland and Labrador","Hydro",2027,7610
"Current Measures","Newfoundland and Labrador","Hydro",2028,7610
"Current Measures","Newfoundland and Labrador","Hydro",2029,7610
"Current Measures","Newfoundland and Labrador","Hydro",2030,7610
"Current Measures","Newfoundland and Labrador","Hydro",2031,7610
"Current Measures","Newfoundland and Labrador","Hydro",2032,7610
"Current Measures","Newfoundland and Labrador","Hydro",2033,7610
"Current Measures","Newfoundland and Labrador","Hydro",2034,7610
"Current Measures","Newfoundland and Labrador","Hydro",2035,7610
"Current Measures","Newfoundland and Labrador","Hydro",2036,7610
"Current Measures","Newfoundland and Labrador","Hydro",2037,7610
"Current Measures","Newfoundland and Labrador","Hydro",2038,7610
"Current Measures","Newfoundland and Labrador","Hydro",2039,7610
"Current Measures","Newfoundland and Labrador","Hydro",2040,7610
"Current Measures","Newfoundland and Labrador","Hydro",2041,7610
"Current Measures","Newfoundland and Labrador","Hydro",2042,7610
"Current Measures","Newfoundland and Labrador","Hydro",2043,7610
"Current Measures","Newfoundland and Labrador","Hydro",2044,7610
"Current Measures","Newfoundland and Labrador","Hydro",2045,7610
"Current Measures","Newfoundland and Labrador","Hydro",2046,7610
"Current Measures","Newfoundland and Labrador","Hydro",2047,7610
"Current Measures","Newfoundland and Labrador","Hydro",2048,7610
"Current Measures","Newfoundland and Labrador","Hydro",2049,7610
"Current Measures","Newfoundland and Labrador","Hydro",2050,7610
"Current Measures","Newfoundland and Labrador","Natural Gas",2020,252
"Current Measures","Newfoundland and Labrador","Natural Gas",2021,252
"Current Measures","Newfoundland and Labrador","Natural Gas",2022,252
"Current Measures","Newfoundland and Labrador","Natural Gas",2023,252
"Current Measures","Newfoundland and Labrador","Natural Gas",2024,252
"Current Measures","Newfoundland and Labrador","Natural Gas",2025,252
"Current Measures","Newfoundland and Labrador","Natural Gas",2026,252
"Current Measures","Newfoundland and Labrador","Natural Gas",2027,252
"Current Measures","Newfoundland and Labrador","Natural Gas",2028,252
"Current Measures","Newfoundland and Labrador","Natural Gas",2029,192
"Current Measures","Newfoundland and Labrador","Natural Gas",2030,192
"Current Measures","Newfoundland and Labrador","Natural Gas",2031,192
"Current Measures","Newfoundland and Labrador","Natural Gas",2032,192
"Current Measures","Newfoundland and Labrador","Natural Gas",2033,120
"Current Measures","Newfoundland and Labrador","Natural Gas",2034,120
"Current Measures","Newfoundland and Labrador","Natural Gas",2035,120
"Current Measures","Newfoundland and Labrador","Natural Gas",2036,120
"Current Measures","Newfoundland and Labrador","Natural Gas",2037,120
"Current Measures","Newfoundland and Labrador","Natural Gas",2038,120
"Current Measures","Newfoundland and Labrador","Natural Gas",2039,120
"Current Measures","Newfoundland and Labrador","Natural Gas",2040,120
"Current Measures","Newfoundland and Labrador","Natural Gas",2041,120
"Current Measures","Newfoundland and Labrador","Natural Gas",2042,120
"Current Measures","Newfoundland and Labrador","Natural Gas",2043,120
"Current Measures","Newfoundland and Labrador","Natural Gas",2044,120
"Current Measures","Newfoundland and Labrador","Natural Gas",2045,120
"Current Measures","Newfoundland and Labrador","Natural Gas",2046,120
"Current Measures","Newfoundland and Labrador","Natural Gas",2047,120
"Current Measures","Newfoundland and Labrador","Natural Gas",2048,120
"Current Measures","Newfoundland and Labrador","Natural Gas",2049,120
"Current Measures","Newfoundland and Labrador","Natural Gas",2050,120
"Current Measures","Newfoundland and Labrador","Oil",2020,769.8
"Current Measures","Newfoundland and Labrador","Oil",2021,769.8
"Current Measures","Newfoundland and Labrador","Oil",2022,769.8
"Current Measures","Newfoundland and Labrador","Oil",2023,769.8
"Current Measures","Newfoundland and Labrador","Oil",2024,769.8
"Current Measures","Newfoundland and Labrador","Oil",2025,769.8
"Current Measures","Newfoundland and Labrador","Oil",2026,769.8
"Current Measures","Newfoundland and Labrador","Oil",2027,769.8
"Current Measures","Newfoundland and Labrador","Oil",2028,769.8
"Current Measures","Newfoundland and Labrador","Oil",2029,769.8
"Current Measures","Newfoundland and Labrador","Oil",2030,769.8
"Current Measures","Newfoundland and Labrador","Oil",2031,279.8
"Current Measures","Newfoundland and Labrador","Oil",2032,279.8
"Current Measures","Newfoundland and Labrador","Oil",2033,279.8
"Current Measures","Newfoundland and Labrador","Oil",2034,279.8
"Current Measures","Newfoundland and Labrador","Oil",2035,279.8
"Current Measures","Newfoundland and Labrador","Oil",2036,279.8
"Current Measures","Newfoundland and Labrador","Oil",2037,279.8
"Current Measures","Newfoundland and Labrador","Oil",2038,279.8
"Current Measures","Newfoundland and Labrador","Oil",2039,279.8
"Current Measures","Newfoundland and Labrador","Oil",2040,279.8
"Current Measures","Newfoundland and Labrador","Oil",2041,279.8
"Current Measures","Newfoundland and Labrador","Oil",2042,279.8
"Current Measures","Newfoundland and Labrador","Oil",2043,279.8
"Current Measures","Newfoundland and Labrador","Oil",2044,279.8
"Current Measures","Newfoundland and Labrador","Oil",2045,279.8
"Current Measures","Newfoundland and Labrador","Oil",2046,279.8
"Current Measures","Newfoundland and Labrador","Oil",2047,279.8
"Current Measures","Newfoundland and Labrador","Oil",2048,279.8
"Current Measures","Newfoundland and Labrador","Oil",2049,279.8
"Current Measures","Newfoundland and Labrador","Oil",2050,279.8
"Current Measures","Newfoundland and Labrador","Onshore Wind",2020,54.3
"Current Measures","Newfoundland and Labrador","Onshore Wind",2021,54.3
"Current Measures","Newfoundland and Labrador","Onshore Wind",2022,54.3
"Current Measures","Newfoundland and Labrador","Onshore Wind",2023,54.3
"Current Measures","Newfoundland and Labrador","Onshore Wind",2024,54.3
"Current Measures","Newfoundland and Labrador","Onshore Wind",2025,54.3
"Current Measures","Newfoundland and Labrador","Onshore Wind",2026,54.3
"Current Measures","Newfoundland and Labrador","Onshore Wind",2027,54.3
"Current Measures","Newfoundland and Labrador","Onshore Wind",2028,54.3
"Current Measures","Newfoundland and Labrador","Onshore Wind",2029,54.3
"Current Measures","Newfoundland and Labrador","Onshore Wind",2030,54.3
"Current Measures","Newfoundland and Labrador","Onshore Wind",2031,54.3
"Current Measures","Newfoundland and Labrador","Onshore Wind",2032,54.3
"Current Measures","Newfoundland and Labrador","Onshore Wind",2033,54.3
"Current Measures","Newfoundland and Labrador","Onshore Wind",2034,54.3
"Current Measures","Newfoundland and Labrador","Onshore Wind",2035,54.3
"Current Measures","Newfoundland and Labrador","Onshore Wind",2036,54.3
"Current Measures","Newfoundland and Labrador","Onshore Wind",2037,54.3
"Current Measures","Newfoundland and Labrador","Onshore Wind",2038,54.3
"Current Measures","Newfoundland and Labrador","Onshore Wind",2039,54.3
"Current Measures","Newfoundland and Labrador","Onshore Wind",2040,54.3
"Current Measures","Newfoundland and Labrador","Onshore Wind",2041,54.3
"Current Measures","Newfoundland and Labrador","Onshore Wind",2042,54.3
"Current Measures","Newfoundland and Labrador","Onshore Wind",2043,54.3
"Current Measures","Newfoundland and Labrador","Onshore Wind",2044,54.3
"Current Measures","Newfoundland and Labrador","Onshore Wind",2045,54.3
"Current Measures","Newfoundland and Labrador","Onshore Wind",2046,54.3
"Current Measures","Newfoundland and Labrador","Onshore Wind",2047,54.3
"Current Measures","Newfoundland and Labrador","Onshore Wind",2048,54.3
"Current Measures","Newfoundland and Labrador","Onshore Wind",2049,54.3
"Current Measures","Newfoundland and Labrador","Onshore Wind",2050,54.3
"Current Measures","Newfoundland and Labrador","Solar (Distributed)",2020,1
"Current Measures","Newfoundland and Labrador","Solar (Distributed)",2021,1
"Current Measures","Newfoundland and Labrador","Solar (Distributed)",2022,1
"Current Measures","Newfoundland and Labrador","Solar (Distributed)",2023,1
"Current Measures","Newfoundland and Labrador","Solar (Distributed)",2024,1
"Current Measures","Newfoundland and Labrador","Solar (Distributed)",2025,1
"Current Measures","Newfoundland and Labrador","Solar (Distributed)",2026,1.8
"Current Measures","Newfoundland and Labrador","Solar (Distributed)",2027,2.6
"Current Measures","Newfoundland and Labrador","Solar (Distributed)",2028,3.4
"Current Measures","Newfoundland and Labrador","Solar (Distributed)",2029,4.2
"Current Measures","Newfoundland and Labrador","Solar (Distributed)",2030,5
"Current Measures","Newfoundland and Labrador","Solar (Distributed)",2031,5.5
"Current Measures","Newfoundland and Labrador","Solar (Distributed)",2032,6
"Current Measures","Newfoundland and Labrador","Solar (Distributed)",2033,6.5
"Current Measures","Newfoundland and Labrador","Solar (Distributed)",2034,7
"Current Measures","Newfoundland and Labrador","Solar (Distributed)",2035,7.5
"Current Measures","Newfoundland and Labrador","Solar (Distributed)",2036,8
"Current Measures","Newfoundland and Labrador","Solar (Distributed)",2037,8.5
"Current Measures","Newfoundland and Labrador","Solar (Distributed)",2038,9
"Current Measures","Newfoundland and Labrador","Solar (Distributed)",2039,9.5
"Current Measures","Newfoundland and Labrador","Solar (Distributed)",2040,10
"Current Measures","Newfoundland and Labrador","Solar (Distributed)",2041,10.5
"Current Measures","Newfoundland and Labrador","Solar (Distributed)",2042,11
"Current Measures","Newfoundland and Labrador","Solar (Distributed)",2043,11.5
"Current Measures","Newfoundland and Labrador","Solar (Distributed)",2044,12
"Current Measures","Newfoundland and Labrador","Solar (Distributed)",2045,12.5
"Current Measures","Newfoundland and Labrador","Solar (Distributed)",2046,13
"Current Measures","Newfoundland and Labrador","Solar (Distributed)",2047,13.5
"Current Measures","Newfoundland and Labrador","Solar (Distributed)",2048,14
"Current Measures","Newfoundland and Labrador","Solar (Distributed)",2049,14.5
"Current Measures","Newfoundland and Labrador","Solar (Distributed)",2050,15
"Current Measures","Newfoundland and Labrador","Solar (Utility scale)",2020,0.015
"Current Measures","Newfoundland and Labrador","Solar (Utility scale)",2021,0.015
"Current Measures","Newfoundland and Labrador","Solar (Utility scale)",2022,0.015
"Current Measures","Newfoundland and Labrador","Solar (Utility scale)",2023,0.015
"Current Measures","Newfoundland and Labrador","Solar (Utility scale)",2024,0.015
"Current Measures","Newfoundland and Labrador","Solar (Utility scale)",2025,0.015
"Current Measures","Newfoundland and Labrador","Solar (Utility scale)",2026,0.015
"Current Measures","Newfoundland and Labrador","Solar (Utility scale)",2027,0.015
"Current Measures","Newfoundland and Labrador","Solar (Utility scale)",2028,0.015
"Current Measures","Newfoundland and Labrador","Solar (Utility scale)",2029,0.015
"Current Measures","Newfoundland and Labrador","Solar (Utility scale)",2030,0.015
"Current Measures","Newfoundland and Labrador","Solar (Utility scale)",2031,0.015
"Current Measures","Newfoundland and Labrador","Solar (Utility scale)",2032,0.015
"Current Measures","Newfoundland and Labrador","Solar (Utility scale)",2033,0.015
"Current Measures","Newfoundland and Labrador","Solar (Utility scale)",2034,0.015
"Current Measures","Newfoundland and Labrador","Solar (Utility scale)",2035,0.015
"Current Measures","Newfoundland and Labrador","Solar (Utility scale)",2036,0.015
"Current Measures","Newfoundland and Labrador","Solar (Utility scale)",2037,0.015
"Current Measures","Newfoundland and Labrador","Solar (Utility scale)",2038,0.015
"Current Measures","Newfoundland and Labrador","Solar (Utility scale)",2039,0.015
"Current Measures","Newfoundland and Labrador","Solar (Utility scale)",2040,0.015
"Current Measures","Newfoundland and Labrador","Solar (Utility scale)",2041,0.015
"Current Measures","Newfoundland and Labrador","Solar (Utility scale)",2042,0.015
"Current Measures","Newfoundland and Labrador","Solar (Utility scale)",2043,0.015
"Current Measures","Newfoundland and Labrador","Solar (Utility scale)",2044,0.015
"Current Measures","Newfoundland and Labrador","Solar (Utility scale)",2045,0.015
"Current Measures","Newfoundland and Labrador","Solar (Utility scale)",2046,0.015
"Current Measures","Newfoundland and Labrador","Solar (Utility scale)",2047,0.015
"Current Measures","Newfoundland and Labrador","Solar (Utility scale)",2048,0.015
"Current Measures","Newfoundland and Labrador","Solar (Utility scale)",2049,0.015
"Current Measures","Newfoundland and Labrador","Solar (Utility scale)",2050,0.015
"Current Measures","Newfoundland and Labrador","Total",2020,7857.115
"Current Measures","Newfoundland and Labrador","Total",2021,8687.115
"Current Measures","Newfoundland and Labrador","Total",2022,8687.115
"Current Measures","Newfoundland and Labrador","Total",2023,8687.115
"Current Measures","Newfoundland and Labrador","Total",2024,8687.115
"Current Measures","Newfoundland and Labrador","Total",2025,8687.115
"Current Measures","Newfoundland and Labrador","Total",2026,8687.91499999999
"Current Measures","Newfoundland and Labrador","Total",2027,8688.715
"Current Measures","Newfoundland and Labrador","Total",2028,8689.515
"Current Measures","Newfoundland and Labrador","Total",2029,8630.315
"Current Measures","Newfoundland and Labrador","Total",2030,8631.115
"Current Measures","Newfoundland and Labrador","Total",2031,8141.615
"Current Measures","Newfoundland and Labrador","Total",2032,8142.115
"Current Measures","Newfoundland and Labrador","Total",2033,8070.615
"Current Measures","Newfoundland and Labrador","Total",2034,8071.115
"Current Measures","Newfoundland and Labrador","Total",2035,8071.615
"Current Measures","Newfoundland and Labrador","Total",2036,8072.115
"Current Measures","Newfoundland and Labrador","Total",2037,8072.615
"Current Measures","Newfoundland and Labrador","Total",2038,8073.115
"Current Measures","Newfoundland and Labrador","Total",2039,8073.615
"Current Measures","Newfoundland and Labrador","Total",2040,8074.115
"Current Measures","Newfoundland and Labrador","Total",2041,8074.615
"Current Measures","Newfoundland and Labrador","Total",2042,8075.115
"Current Measures","Newfoundland and Labrador","Total",2043,8075.615
"Current Measures","Newfoundland and Labrador","Total",2044,8076.115
"Current Measures","Newfoundland and Labrador","Total",2045,8076.615
"Current Measures","Newfoundland and Labrador","Total",2046,8077.115
"Current Measures","Newfoundland and Labrador","Total",2047,8077.615
"Current Measures","Newfoundland and Labrador","Total",2048,8078.115
"Current Measures","Newfoundland and Labrador","Total",2049,8078.615
"Current Measures","Newfoundland and Labrador","Total",2050,8079.115
"Current Measures","Nova Scotia","Bioenergy",2020,113
"Current Measures","Nova Scotia","Bioenergy",2021,113
"Current Measures","Nova Scotia","Bioenergy",2022,113
"Current Measures","Nova Scotia","Bioenergy",2023,113
"Current Measures","Nova Scotia","Bioenergy",2024,113
"Current Measures","Nova Scotia","Bioenergy",2025,113
"Current Measures","Nova Scotia","Bioenergy",2026,113
"Current Measures","Nova Scotia","Bioenergy",2027,113
"Current Measures","Nova Scotia","Bioenergy",2028,113
"Current Measures","Nova Scotia","Bioenergy",2029,113
"Current Measures","Nova Scotia","Bioenergy",2030,113
"Current Measures","Nova Scotia","Bioenergy",2031,113
"Current Measures","Nova Scotia","Bioenergy",2032,113
"Current Measures","Nova Scotia","Bioenergy",2033,113
"Current Measures","Nova Scotia","Bioenergy",2034,113
"Current Measures","Nova Scotia","Bioenergy",2035,113
"Current Measures","Nova Scotia","Bioenergy",2036,113
"Current Measures","Nova Scotia","Bioenergy",2037,113
"Current Measures","Nova Scotia","Bioenergy",2038,113
"Current Measures","Nova Scotia","Bioenergy",2039,113
"Current Measures","Nova Scotia","Bioenergy",2040,113
"Current Measures","Nova Scotia","Bioenergy",2041,113
"Current Measures","Nova Scotia","Bioenergy",2042,113
"Current Measures","Nova Scotia","Bioenergy",2043,113
"Current Measures","Nova Scotia","Bioenergy",2044,113
"Current Measures","Nova Scotia","Bioenergy",2045,113
"Current Measures","Nova Scotia","Bioenergy",2046,113
"Current Measures","Nova Scotia","Bioenergy",2047,113
"Current Measures","Nova Scotia","Bioenergy",2048,113
"Current Measures","Nova Scotia","Bioenergy",2049,113
"Current Measures","Nova Scotia","Bioenergy",2050,113
"Current Measures","Nova Scotia","Coal and Coke",2020,1133
"Current Measures","Nova Scotia","Coal and Coke",2021,1133
"Current Measures","Nova Scotia","Coal and Coke",2022,1133
"Current Measures","Nova Scotia","Coal and Coke",2023,1133
"Current Measures","Nova Scotia","Coal and Coke",2024,1133
"Current Measures","Nova Scotia","Coal and Coke",2025,1133
"Current Measures","Nova Scotia","Coal and Coke",2026,1133
"Current Measures","Nova Scotia","Coal and Coke",2027,1133
"Current Measures","Nova Scotia","Coal and Coke",2028,1133
"Current Measures","Nova Scotia","Coal and Coke",2029,1133
"Current Measures","Nova Scotia","Coal and Coke",2030,1133
"Current Measures","Nova Scotia","Coal and Coke",2031,0
"Current Measures","Nova Scotia","Coal and Coke",2032,0
"Current Measures","Nova Scotia","Coal and Coke",2033,0
"Current Measures","Nova Scotia","Coal and Coke",2034,0
"Current Measures","Nova Scotia","Coal and Coke",2035,0
"Current Measures","Nova Scotia","Coal and Coke",2036,0
"Current Measures","Nova Scotia","Coal and Coke",2037,0
"Current Measures","Nova Scotia","Coal and Coke",2038,0
"Current Measures","Nova Scotia","Coal and Coke",2039,0
"Current Measures","Nova Scotia","Coal and Coke",2040,0
"Current Measures","Nova Scotia","Coal and Coke",2041,0
"Current Measures","Nova Scotia","Coal and Coke",2042,0
"Current Measures","Nova Scotia","Coal and Coke",2043,0
"Current Measures","Nova Scotia","Coal and Coke",2044,0
"Current Measures","Nova Scotia","Coal and Coke",2045,0
"Current Measures","Nova Scotia","Coal and Coke",2046,0
"Current Measures","Nova Scotia","Coal and Coke",2047,0
"Current Measures","Nova Scotia","Coal and Coke",2048,0
"Current Measures","Nova Scotia","Coal and Coke",2049,0
"Current Measures","Nova Scotia","Coal and Coke",2050,0
"Current Measures","Nova Scotia","Hydro",2020,389
"Current Measures","Nova Scotia","Hydro",2021,389
"Current Measures","Nova Scotia","Hydro",2022,389
"Current Measures","Nova Scotia","Hydro",2023,389
"Current Measures","Nova Scotia","Hydro",2024,389
"Current Measures","Nova Scotia","Hydro",2025,389
"Current Measures","Nova Scotia","Hydro",2026,389
"Current Measures","Nova Scotia","Hydro",2027,389
"Current Measures","Nova Scotia","Hydro",2028,389
"Current Measures","Nova Scotia","Hydro",2029,389
"Current Measures","Nova Scotia","Hydro",2030,389
"Current Measures","Nova Scotia","Hydro",2031,389
"Current Measures","Nova Scotia","Hydro",2032,389
"Current Measures","Nova Scotia","Hydro",2033,389
"Current Measures","Nova Scotia","Hydro",2034,389
"Current Measures","Nova Scotia","Hydro",2035,389
"Current Measures","Nova Scotia","Hydro",2036,389
"Current Measures","Nova Scotia","Hydro",2037,389
"Current Measures","Nova Scotia","Hydro",2038,389
"Current Measures","Nova Scotia","Hydro",2039,389
"Current Measures","Nova Scotia","Hydro",2040,389
"Current Measures","Nova Scotia","Hydro",2041,389
"Current Measures","Nova Scotia","Hydro",2042,389
"Current Measures","Nova Scotia","Hydro",2043,389
"Current Measures","Nova Scotia","Hydro",2044,389
"Current Measures","Nova Scotia","Hydro",2045,389
"Current Measures","Nova Scotia","Hydro",2046,389
"Current Measures","Nova Scotia","Hydro",2047,389
"Current Measures","Nova Scotia","Hydro",2048,389
"Current Measures","Nova Scotia","Hydro",2049,389
"Current Measures","Nova Scotia","Hydro",2050,389
"Current Measures","Nova Scotia","Natural Gas",2020,378
"Current Measures","Nova Scotia","Natural Gas",2021,378
"Current Measures","Nova Scotia","Natural Gas",2022,678
"Current Measures","Nova Scotia","Natural Gas",2023,678
"Current Measures","Nova Scotia","Natural Gas",2024,678
"Current Measures","Nova Scotia","Natural Gas",2025,962
"Current Measures","Nova Scotia","Natural Gas",2026,1010
"Current Measures","Nova Scotia","Natural Gas",2027,1180
"Current Measures","Nova Scotia","Natural Gas",2028,1350
"Current Measures","Nova Scotia","Natural Gas",2029,1530
"Current Measures","Nova Scotia","Natural Gas",2030,1700
"Current Measures","Nova Scotia","Natural Gas",2031,1720
"Current Measures","Nova Scotia","Natural Gas",2032,1740
"Current Measures","Nova Scotia","Natural Gas",2033,1660
"Current Measures","Nova Scotia","Natural Gas",2034,1670
"Current Measures","Nova Scotia","Natural Gas",2035,1690
"Current Measures","Nova Scotia","Natural Gas",2036,1690
"Current Measures","Nova Scotia","Natural Gas",2037,1690
"Current Measures","Nova Scotia","Natural Gas",2038,1690
"Current Measures","Nova Scotia","Natural Gas",2039,1690
"Current Measures","Nova Scotia","Natural Gas",2040,1690
"Current Measures","Nova Scotia","Natural Gas",2041,1690
"Current Measures","Nova Scotia","Natural Gas",2042,1690
"Current Measures","Nova Scotia","Natural Gas",2043,1690
"Current Measures","Nova Scotia","Natural Gas",2044,1690
"Current Measures","Nova Scotia","Natural Gas",2045,1690
"Current Measures","Nova Scotia","Natural Gas",2046,1720
"Current Measures","Nova Scotia","Natural Gas",2047,1610
"Current Measures","Nova Scotia","Natural Gas",2048,1640
"Current Measures","Nova Scotia","Natural Gas",2049,1670
"Current Measures","Nova Scotia","Natural Gas",2050,1420
"Current Measures","Nova Scotia","Oil",2020,222
"Current Measures","Nova Scotia","Oil",2021,222
"Current Measures","Nova Scotia","Oil",2022,222
"Current Measures","Nova Scotia","Oil",2023,222
"Current Measures","Nova Scotia","Oil",2024,222
"Current Measures","Nova Scotia","Oil",2025,222
"Current Measures","Nova Scotia","Oil",2026,222
"Current Measures","Nova Scotia","Oil",2027,222
"Current Measures","Nova Scotia","Oil",2028,222
"Current Measures","Nova Scotia","Oil",2029,222
"Current Measures","Nova Scotia","Oil",2030,222
"Current Measures","Nova Scotia","Oil",2031,222
"Current Measures","Nova Scotia","Oil",2032,222
"Current Measures","Nova Scotia","Oil",2033,222
"Current Measures","Nova Scotia","Oil",2034,222
"Current Measures","Nova Scotia","Oil",2035,222
"Current Measures","Nova Scotia","Oil",2036,222
"Current Measures","Nova Scotia","Oil",2037,222
"Current Measures","Nova Scotia","Oil",2038,222
"Current Measures","Nova Scotia","Oil",2039,222
"Current Measures","Nova Scotia","Oil",2040,222
"Current Measures","Nova Scotia","Oil",2041,222
"Current Measures","Nova Scotia","Oil",2042,222
"Current Measures","Nova Scotia","Oil",2043,222
"Current Measures","Nova Scotia","Oil",2044,222
"Current Measures","Nova Scotia","Oil",2045,222
"Current Measures","Nova Scotia","Oil",2046,222
"Current Measures","Nova Scotia","Oil",2047,222
"Current Measures","Nova Scotia","Oil",2048,222
"Current Measures","Nova Scotia","Oil",2049,222
"Current Measures","Nova Scotia","Oil",2050,222
"Current Measures","Nova Scotia","Onshore Wind",2020,603
"Current Measures","Nova Scotia","Onshore Wind",2021,603
"Current Measures","Nova Scotia","Onshore Wind",2022,603
"Current Measures","Nova Scotia","Onshore Wind",2023,603
"Current Measures","Nova Scotia","Onshore Wind",2024,603
"Current Measures","Nova Scotia","Onshore Wind",2025,603
"Current Measures","Nova Scotia","Onshore Wind",2026,614
"Current Measures","Nova Scotia","Onshore Wind",2027,625
"Current Measures","Nova Scotia","Onshore Wind",2028,635
"Current Measures","Nova Scotia","Onshore Wind",2029,646
"Current Measures","Nova Scotia","Onshore Wind",2030,657
"Current Measures","Nova Scotia","Onshore Wind",2031,691
"Current Measures","Nova Scotia","Onshore Wind",2032,725
"Current Measures","Nova Scotia","Onshore Wind",2033,760
"Current Measures","Nova Scotia","Onshore Wind",2034,794
"Current Measures","Nova Scotia","Onshore Wind",2035,828
"Current Measures","Nova Scotia","Onshore Wind",2036,915
"Current Measures","Nova Scotia","Onshore Wind",2037,1000
"Current Measures","Nova Scotia","Onshore Wind",2038,1090
"Current Measures","Nova Scotia","Onshore Wind",2039,1170
"Current Measures","Nova Scotia","Onshore Wind",2040,1260
"Current Measures","Nova Scotia","Onshore Wind",2041,1400
"Current Measures","Nova Scotia","Onshore Wind",2042,1540
"Current Measures","Nova Scotia","Onshore Wind",2043,1680
"Current Measures","Nova Scotia","Onshore Wind",2044,1820
"Current Measures","Nova Scotia","Onshore Wind",2045,1960
"Current Measures","Nova Scotia","Onshore Wind",2046,1980
"Current Measures","Nova Scotia","Onshore Wind",2047,2010
"Current Measures","Nova Scotia","Onshore Wind",2048,2030
"Current Measures","Nova Scotia","Onshore Wind",2049,2060
"Current Measures","Nova Scotia","Onshore Wind",2050,2080
"Current Measures","Nova Scotia","Solar (Distributed)",2020,1
"Current Measures","Nova Scotia","Solar (Distributed)",2021,1
"Current Measures","Nova Scotia","Solar (Distributed)",2022,1
"Current Measures","Nova Scotia","Solar (Distributed)",2023,1
"Current Measures","Nova Scotia","Solar (Distributed)",2024,1
"Current Measures","Nova Scotia","Solar (Distributed)",2025,1
"Current Measures","Nova Scotia","Solar (Distributed)",2026,1.8
"Current Measures","Nova Scotia","Solar (Distributed)",2027,2.6
"Current Measures","Nova Scotia","Solar (Distributed)",2028,3.4
"Current Measures","Nova Scotia","Solar (Distributed)",2029,4.2
"Current Measures","Nova Scotia","Solar (Distributed)",2030,5
"Current Measures","Nova Scotia","Solar (Distributed)",2031,5.5
"Current Measures","Nova Scotia","Solar (Distributed)",2032,6
"Current Measures","Nova Scotia","Solar (Distributed)",2033,6.5
"Current Measures","Nova Scotia","Solar (Distributed)",2034,7
"Current Measures","Nova Scotia","Solar (Distributed)",2035,7.5
"Current Measures","Nova Scotia","Solar (Distributed)",2036,8
"Current Measures","Nova Scotia","Solar (Distributed)",2037,8.5
"Current Measures","Nova Scotia","Solar (Distributed)",2038,9
"Current Measures","Nova Scotia","Solar (Distributed)",2039,9.5
"Current Measures","Nova Scotia","Solar (Distributed)",2040,10
"Current Measures","Nova Scotia","Solar (Distributed)",2041,11
"Current Measures","Nova Scotia","Solar (Distributed)",2042,12
"Current Measures","Nova Scotia","Solar (Distributed)",2043,13
"Current Measures","Nova Scotia","Solar (Distributed)",2044,14
"Current Measures","Nova Scotia","Solar (Distributed)",2045,15
"Current Measures","Nova Scotia","Solar (Distributed)",2046,16
"Current Measures","Nova Scotia","Solar (Distributed)",2047,17
"Current Measures","Nova Scotia","Solar (Distributed)",2048,18
"Current Measures","Nova Scotia","Solar (Distributed)",2049,19
"Current Measures","Nova Scotia","Solar (Distributed)",2050,20
"Current Measures","Nova Scotia","Solar (Utility scale)",2020,0.365
"Current Measures","Nova Scotia","Solar (Utility scale)",2021,0.365
"Current Measures","Nova Scotia","Solar (Utility scale)",2022,0.365
"Current Measures","Nova Scotia","Solar (Utility scale)",2023,0.365
"Current Measures","Nova Scotia","Solar (Utility scale)",2024,0.365
"Current Measures","Nova Scotia","Solar (Utility scale)",2025,0.365
"Current Measures","Nova Scotia","Solar (Utility scale)",2026,0.365
"Current Measures","Nova Scotia","Solar (Utility scale)",2027,0.365
"Current Measures","Nova Scotia","Solar (Utility scale)",2028,0.365
"Current Measures","Nova Scotia","Solar (Utility scale)",2029,0.365
"Current Measures","Nova Scotia","Solar (Utility scale)",2030,0.365
"Current Measures","Nova Scotia","Solar (Utility scale)",2031,0.365
"Current Measures","Nova Scotia","Solar (Utility scale)",2032,0.365
"Current Measures","Nova Scotia","Solar (Utility scale)",2033,0.365
"Current Measures","Nova Scotia","Solar (Utility scale)",2034,0.365
"Current Measures","Nova Scotia","Solar (Utility scale)",2035,0.365
"Current Measures","Nova Scotia","Solar (Utility scale)",2036,0.365
"Current Measures","Nova Scotia","Solar (Utility scale)",2037,0.365
"Current Measures","Nova Scotia","Solar (Utility scale)",2038,0.365
"Current Measures","Nova Scotia","Solar (Utility scale)",2039,0.365
"Current Measures","Nova Scotia","Solar (Utility scale)",2040,0.365
"Current Measures","Nova Scotia","Solar (Utility scale)",2041,0.365
"Current Measures","Nova Scotia","Solar (Utility scale)",2042,0.365
"Current Measures","Nova Scotia","Solar (Utility scale)",2043,0.365
"Current Measures","Nova Scotia","Solar (Utility scale)",2044,0.365
"Current Measures","Nova Scotia","Solar (Utility scale)",2045,41.1
"Current Measures","Nova Scotia","Solar (Utility scale)",2046,145
"Current Measures","Nova Scotia","Solar (Utility scale)",2047,249
"Current Measures","Nova Scotia","Solar (Utility scale)",2048,352
"Current Measures","Nova Scotia","Solar (Utility scale)",2049,456
"Current Measures","Nova Scotia","Solar (Utility scale)",2050,560
"Current Measures","Nova Scotia","Total",2020,2839.365
"Current Measures","Nova Scotia","Total",2021,2839.365
"Current Measures","Nova Scotia","Total",2022,3139.365
"Current Measures","Nova Scotia","Total",2023,3139.365
"Current Measures","Nova Scotia","Total",2024,3139.365
"Current Measures","Nova Scotia","Total",2025,3423.365
"Current Measures","Nova Scotia","Total",2026,3483.165
"Current Measures","Nova Scotia","Total",2027,3664.965
"Current Measures","Nova Scotia","Total",2028,3845.765
"Current Measures","Nova Scotia","Total",2029,4037.565
"Current Measures","Nova Scotia","Total",2030,4219.365
"Current Measures","Nova Scotia","Total",2031,3140.865
"Current Measures","Nova Scotia","Total",2032,3195.365
"Current Measures","Nova Scotia","Total",2033,3150.865
"Current Measures","Nova Scotia","Total",2034,3195.365
"Current Measures","Nova Scotia","Total",2035,3249.865
"Current Measures","Nova Scotia","Total",2036,3337.365
"Current Measures","Nova Scotia","Total",2037,3422.865
"Current Measures","Nova Scotia","Total",2038,3513.365
"Current Measures","Nova Scotia","Total",2039,3593.865
"Current Measures","Nova Scotia","Total",2040,3684.365
"Current Measures","Nova Scotia","Total",2041,3825.365
"Current Measures","Nova Scotia","Total",2042,3966.365
"Current Measures","Nova Scotia","Total",2043,4107.365
"Current Measures","Nova Scotia","Total",2044,4248.365
"Current Measures","Nova Scotia","Total",2045,4430.1
"Current Measures","Nova Scotia","Total",2046,4585
"Current Measures","Nova Scotia","Total",2047,4610
"Current Measures","Nova Scotia","Total",2048,4764
"Current Measures","Nova Scotia","Total",2049,4929
"Current Measures","Nova Scotia","Total",2050,4804
"Current Measures","Northwest Territories","Hydro",2020,55.5
"Current Measures","Northwest Territories","Hydro",2021,55.5
"Current Measures","Northwest Territories","Hydro",2022,55.5
"Current Measures","Northwest Territories","Hydro",2023,55.5
"Current Measures","Northwest Territories","Hydro",2024,115
"Current Measures","Northwest Territories","Hydro",2025,115
"Current Measures","Northwest Territories","Hydro",2026,115
"Current Measures","Northwest Territories","Hydro",2027,115
"Current Measures","Northwest Territories","Hydro",2028,115
"Current Measures","Northwest Territories","Hydro",2029,115
"Current Measures","Northwest Territories","Hydro",2030,115
"Current Measures","Northwest Territories","Hydro",2031,115
"Current Measures","Northwest Territories","Hydro",2032,115
"Current Measures","Northwest Territories","Hydro",2033,115
"Current Measures","Northwest Territories","Hydro",2034,115
"Current Measures","Northwest Territories","Hydro",2035,115
"Current Measures","Northwest Territories","Hydro",2036,115
"Current Measures","Northwest Territories","Hydro",2037,115
"Current Measures","Northwest Territories","Hydro",2038,115
"Current Measures","Northwest Territories","Hydro",2039,115
"Current Measures","Northwest Territories","Hydro",2040,115
"Current Measures","Northwest Territories","Hydro",2041,115
"Current Measures","Northwest Territories","Hydro",2042,115
"Current Measures","Northwest Territories","Hydro",2043,115
"Current Measures","Northwest Territories","Hydro",2044,115
"Current Measures","Northwest Territories","Hydro",2045,115
"Current Measures","Northwest Territories","Hydro",2046,115
"Current Measures","Northwest Territories","Hydro",2047,115
"Current Measures","Northwest Territories","Hydro",2048,115
"Current Measures","Northwest Territories","Hydro",2049,115
"Current Measures","Northwest Territories","Hydro",2050,115
"Current Measures","Northwest Territories","Natural Gas",2020,7.8
"Current Measures","Northwest Territories","Natural Gas",2021,7.8
"Current Measures","Northwest Territories","Natural Gas",2022,7.8
"Current Measures","Northwest Territories","Natural Gas",2023,7.8
"Current Measures","Northwest Territories","Natural Gas",2024,12.8
"Current Measures","Northwest Territories","Natural Gas",2025,17.8
"Current Measures","Northwest Territories","Natural Gas",2026,17.8
"Current Measures","Northwest Territories","Natural Gas",2027,17.8
"Current Measures","Northwest Territories","Natural Gas",2028,17.8
"Current Measures","Northwest Territories","Natural Gas",2029,17.8
"Current Measures","Northwest Territories","Natural Gas",2030,17.8
"Current Measures","Northwest Territories","Natural Gas",2031,17.8
"Current Measures","Northwest Territories","Natural Gas",2032,17.8
"Current Measures","Northwest Territories","Natural Gas",2033,17.8
"Current Measures","Northwest Territories","Natural Gas",2034,17.8
"Current Measures","Northwest Territories","Natural Gas",2035,10
"Current Measures","Northwest Territories","Natural Gas",2036,10
"Current Measures","Northwest Territories","Natural Gas",2037,10
"Current Measures","Northwest Territories","Natural Gas",2038,10
"Current Measures","Northwest Territories","Natural Gas",2039,10
"Current Measures","Northwest Territories","Natural Gas",2040,10
"Current Measures","Northwest Territories","Natural Gas",2041,10
"Current Measures","Northwest Territories","Natural Gas",2042,10
"Current Measures","Northwest Territories","Natural Gas",2043,10
"Current Measures","Northwest Territories","Natural Gas",2044,10
"Current Measures","Northwest Territories","Natural Gas",2045,10
"Current Measures","Northwest Territories","Natural Gas",2046,10
"Current Measures","Northwest Territories","Natural Gas",2047,10
"Current Measures","Northwest Territories","Natural Gas",2048,10
"Current Measures","Northwest Territories","Natural Gas",2049,10
"Current Measures","Northwest Territories","Natural Gas",2050,10
"Current Measures","Northwest Territories","Oil",2020,159
"Current Measures","Northwest Territories","Oil",2021,159
"Current Measures","Northwest Territories","Oil",2022,159
"Current Measures","Northwest Territories","Oil",2023,159
"Current Measures","Northwest Territories","Oil",2024,159
"Current Measures","Northwest Territories","Oil",2025,159
"Current Measures","Northwest Territories","Oil",2026,115
"Current Measures","Northwest Territories","Oil",2027,115
"Current Measures","Northwest Territories","Oil",2028,115
"Current Measures","Northwest Territories","Oil",2029,115
"Current Measures","Northwest Territories","Oil",2030,120
"Current Measures","Northwest Territories","Oil",2031,120
"Current Measures","Northwest Territories","Oil",2032,120
"Current Measures","Northwest Territories","Oil",2033,120
"Current Measures","Northwest Territories","Oil",2034,120
"Current Measures","Northwest Territories","Oil",2035,120
"Current Measures","Northwest Territories","Oil",2036,120
"Current Measures","Northwest Territories","Oil",2037,120
"Current Measures","Northwest Territories","Oil",2038,120
"Current Measures","Northwest Territories","Oil",2039,120
"Current Measures","Northwest Territories","Oil",2040,120
"Current Measures","Northwest Territories","Oil",2041,120
"Current Measures","Northwest Territories","Oil",2042,120
"Current Measures","Northwest Territories","Oil",2043,120
"Current Measures","Northwest Territories","Oil",2044,120
"Current Measures","Northwest Territories","Oil",2045,120
"Current Measures","Northwest Territories","Oil",2046,120
"Current Measures","Northwest Territories","Oil",2047,120
"Current Measures","Northwest Territories","Oil",2048,120
"Current Measures","Northwest Territories","Oil",2049,120
"Current Measures","Northwest Territories","Oil",2050,120
"Current Measures","Northwest Territories","Onshore Wind",2020,9.2
"Current Measures","Northwest Territories","Onshore Wind",2021,9.2
"Current Measures","Northwest Territories","Onshore Wind",2022,13.2
"Current Measures","Northwest Territories","Onshore Wind",2023,13.2
"Current Measures","Northwest Territories","Onshore Wind",2024,13.2
"Current Measures","Northwest Territories","Onshore Wind",2025,13.2
"Current Measures","Northwest Territories","Onshore Wind",2026,13.2
"Current Measures","Northwest Territories","Onshore Wind",2027,13.2
"Current Measures","Northwest Territories","Onshore Wind",2028,13.2
"Current Measures","Northwest Territories","Onshore Wind",2029,13.2
"Current Measures","Northwest Territories","Onshore Wind",2030,13.2
"Current Measures","Northwest Territories","Onshore Wind",2031,13.2
"Current Measures","Northwest Territories","Onshore Wind",2032,13.2
"Current Measures","Northwest Territories","Onshore Wind",2033,13.2
"Current Measures","Northwest Territories","Onshore Wind",2034,13.2
"Current Measures","Northwest Territories","Onshore Wind",2035,13.2
"Current Measures","Northwest Territories","Onshore Wind",2036,13.2
"Current Measures","Northwest Territories","Onshore Wind",2037,13.2
"Current Measures","Northwest Territories","Onshore Wind",2038,13.2
"Current Measures","Northwest Territories","Onshore Wind",2039,13.2
"Current Measures","Northwest Territories","Onshore Wind",2040,13.2
"Current Measures","Northwest Territories","Onshore Wind",2041,13.2
"Current Measures","Northwest Territories","Onshore Wind",2042,13.2
"Current Measures","Northwest Territories","Onshore Wind",2043,13.2
"Current Measures","Northwest Territories","Onshore Wind",2044,13.2
"Current Measures","Northwest Territories","Onshore Wind",2045,13.2
"Current Measures","Northwest Territories","Onshore Wind",2046,13.2
"Current Measures","Northwest Territories","Onshore Wind",2047,13.2
"Current Measures","Northwest Territories","Onshore Wind",2048,13.2
"Current Measures","Northwest Territories","Onshore Wind",2049,13.2
"Current Measures","Northwest Territories","Onshore Wind",2050,13.2
"Current Measures","Northwest Territories","Solar (Distributed)",2020,0.05
"Current Measures","Northwest Territories","Solar (Distributed)",2021,0.085
"Current Measures","Northwest Territories","Solar (Distributed)",2022,0.12
"Current Measures","Northwest Territories","Solar (Distributed)",2023,0.155
"Current Measures","Northwest Territories","Solar (Distributed)",2024,0.19
"Current Measures","Northwest Territories","Solar (Distributed)",2025,0.225
"Current Measures","Northwest Territories","Solar (Distributed)",2026,0.26
"Current Measures","Northwest Territories","Solar (Distributed)",2027,0.295
"Current Measures","Northwest Territories","Solar (Distributed)",2028,0.33
"Current Measures","Northwest Territories","Solar (Distributed)",2029,0.365
"Current Measures","Northwest Territories","Solar (Distributed)",2030,0.4
"Current Measures","Northwest Territories","Solar (Distributed)",2031,0.4
"Current Measures","Northwest Territories","Solar (Distributed)",2032,0.4
"Current Measures","Northwest Territories","Solar (Distributed)",2033,0.4
"Current Measures","Northwest Territories","Solar (Distributed)",2034,0.4
"Current Measures","Northwest Territories","Solar (Distributed)",2035,0.4
"Current Measures","Northwest Territories","Solar (Distributed)",2036,0.4
"Current Measures","Northwest Territories","Solar (Distributed)",2037,0.4
"Current Measures","Northwest Territories","Solar (Distributed)",2038,0.4
"Current Measures","Northwest Territories","Solar (Distributed)",2039,0.4
"Current Measures","Northwest Territories","Solar (Distributed)",2040,0.4
"Current Measures","Northwest Territories","Solar (Distributed)",2041,0.4
"Current Measures","Northwest Territories","Solar (Distributed)",2042,0.4
"Current Measures","Northwest Territories","Solar (Distributed)",2043,0.4
"Current Measures","Northwest Territories","Solar (Distributed)",2044,0.4
"Current Measures","Northwest Territories","Solar (Distributed)",2045,0.4
"Current Measures","Northwest Territories","Solar (Distributed)",2046,0.4
"Current Measures","Northwest Territories","Solar (Distributed)",2047,0.4
"Current Measures","Northwest Territories","Solar (Distributed)",2048,0.4
"Current Measures","Northwest Territories","Solar (Distributed)",2049,0.4
"Current Measures","Northwest Territories","Solar (Distributed)",2050,0.4
"Current Measures","Northwest Territories","Solar (Utility scale)",2020,2.02
"Current Measures","Northwest Territories","Solar (Utility scale)",2021,2.02
"Current Measures","Northwest Territories","Solar (Utility scale)",2022,2.02
"Current Measures","Northwest Territories","Solar (Utility scale)",2023,2.02
"Current Measures","Northwest Territories","Solar (Utility scale)",2024,2.02
"Current Measures","Northwest Territories","Solar (Utility scale)",2025,2.02
"Current Measures","Northwest Territories","Solar (Utility scale)",2026,2.02
"Current Measures","Northwest Territories","Solar (Utility scale)",2027,2.02
"Current Measures","Northwest Territories","Solar (Utility scale)",2028,2.02
"Current Measures","Northwest Territories","Solar (Utility scale)",2029,2.02
"Current Measures","Northwest Territories","Solar (Utility scale)",2030,2.02
"Current Measures","Northwest Territories","Solar (Utility scale)",2031,2.02
"Current Measures","Northwest Territories","Solar (Utility scale)",2032,2.02
"Current Measures","Northwest Territories","Solar (Utility scale)",2033,2.02
"Current Measures","Northwest Territories","Solar (Utility scale)",2034,2.02
"Current Measures","Northwest Territories","Solar (Utility scale)",2035,2.02
"Current Measures","Northwest Territories","Solar (Utility scale)",2036,2.02
"Current Measures","Northwest Territories","Solar (Utility scale)",2037,2.02
"Current Measures","Northwest Territories","Solar (Utility scale)",2038,2.02
"Current Measures","Northwest Territories","Solar (Utility scale)",2039,2.02
"Current Measures","Northwest Territories","Solar (Utility scale)",2040,2.02
"Current Measures","Northwest Territories","Solar (Utility scale)",2041,2.02
"Current Measures","Northwest Territories","Solar (Utility scale)",2042,2.02
"Current Measures","Northwest Territories","Solar (Utility scale)",2043,2.02
"Current Measures","Northwest Territories","Solar (Utility scale)",2044,2.02
"Current Measures","Northwest Territories","Solar (Utility scale)",2045,2.02
"Current Measures","Northwest Territories","Solar (Utility scale)",2046,2.02
"Current Measures","Northwest Territories","Solar (Utility scale)",2047,2.02
"Current Measures","Northwest Territories","Solar (Utility scale)",2048,2.02
"Current Measures","Northwest Territories","Solar (Utility scale)",2049,2.02
"Current Measures","Northwest Territories","Solar (Utility scale)",2050,2.02
"Current Measures","Northwest Territories","Total",2020,233.57
"Current Measures","Northwest Territories","Total",2021,233.605
"Current Measures","Northwest Territories","Total",2022,237.64
"Current Measures","Northwest Territories","Total",2023,237.675
"Current Measures","Northwest Territories","Total",2024,302.21
"Current Measures","Northwest Territories","Total",2025,307.245
"Current Measures","Northwest Territories","Total",2026,263.28
"Current Measures","Northwest Territories","Total",2027,263.315
"Current Measures","Northwest Territories","Total",2028,263.35
"Current Measures","Northwest Territories","Total",2029,263.385
"Current Measures","Northwest Territories","Total",2030,268.42
"Current Measures","Northwest Territories","Total",2031,268.42
"Current Measures","Northwest Territories","Total",2032,268.42
"Current Measures","Northwest Territories","Total",2033,268.42
"Current Measures","Northwest Territories","Total",2034,268.42
"Current Measures","Northwest Territories","Total",2035,260.62
"Current Measures","Northwest Territories","Total",2036,260.62
"Current Measures","Northwest Territories","Total",2037,260.62
"Current Measures","Northwest Territories","Total",2038,260.62
"Current Measures","Northwest Territories","Total",2039,260.62
"Current Measures","Northwest Territories","Total",2040,260.62
"Current Measures","Northwest Territories","Total",2041,260.62
"Current Measures","Northwest Territories","Total",2042,260.62
"Current Measures","Northwest Territories","Total",2043,260.62
"Current Measures","Northwest Territories","Total",2044,260.62
"Current Measures","Northwest Territories","Total",2045,260.62
"Current Measures","Northwest Territories","Total",2046,260.62
"Current Measures","Northwest Territories","Total",2047,260.62
"Current Measures","Northwest Territories","Total",2048,260.62
"Current Measures","Northwest Territories","Total",2049,260.62
"Current Measures","Northwest Territories","Total",2050,260.62
"Current Measures","Nunavut","Bioenergy",2020,0
"Current Measures","Nunavut","Bioenergy",2021,0
"Current Measures","Nunavut","Bioenergy",2022,0
"Current Measures","Nunavut","Bioenergy",2023,0
"Current Measures","Nunavut","Bioenergy",2024,0
"Current Measures","Nunavut","Bioenergy",2025,0
"Current Measures","Nunavut","Bioenergy",2026,0
"Current Measures","Nunavut","Bioenergy",2027,0
"Current Measures","Nunavut","Bioenergy",2028,0
"Current Measures","Nunavut","Bioenergy",2029,0
"Current Measures","Nunavut","Bioenergy",2030,0
"Current Measures","Nunavut","Bioenergy",2031,0
"Current Measures","Nunavut","Bioenergy",2032,0
"Current Measures","Nunavut","Bioenergy",2033,0
"Current Measures","Nunavut","Bioenergy",2034,0
"Current Measures","Nunavut","Bioenergy",2035,28.3
"Current Measures","Nunavut","Bioenergy",2036,28.3
"Current Measures","Nunavut","Bioenergy",2037,28.3
"Current Measures","Nunavut","Bioenergy",2038,28.3
"Current Measures","Nunavut","Bioenergy",2039,28.3
"Current Measures","Nunavut","Bioenergy",2040,28.3
"Current Measures","Nunavut","Bioenergy",2041,28.3
"Current Measures","Nunavut","Bioenergy",2042,28.3
"Current Measures","Nunavut","Bioenergy",2043,28.3
"Current Measures","Nunavut","Bioenergy",2044,28.3
"Current Measures","Nunavut","Bioenergy",2045,29.1
"Current Measures","Nunavut","Bioenergy",2046,29.1
"Current Measures","Nunavut","Bioenergy",2047,29.1
"Current Measures","Nunavut","Bioenergy",2048,29.1
"Current Measures","Nunavut","Bioenergy",2049,29.1
"Current Measures","Nunavut","Bioenergy",2050,32.3
"Current Measures","Nunavut","Oil",2020,62.3
"Current Measures","Nunavut","Oil",2021,62.3
"Current Measures","Nunavut","Oil",2022,62.3
"Current Measures","Nunavut","Oil",2023,62.3
"Current Measures","Nunavut","Oil",2024,66.3
"Current Measures","Nunavut","Oil",2025,66.3
"Current Measures","Nunavut","Oil",2026,66.3
"Current Measures","Nunavut","Oil",2027,66.3
"Current Measures","Nunavut","Oil",2028,66.3
"Current Measures","Nunavut","Oil",2029,66.3
"Current Measures","Nunavut","Oil",2030,66.3
"Current Measures","Nunavut","Oil",2031,66.3
"Current Measures","Nunavut","Oil",2032,70.3
"Current Measures","Nunavut","Oil",2033,70.3
"Current Measures","Nunavut","Oil",2034,70.3
"Current Measures","Nunavut","Oil",2035,70.3
"Current Measures","Nunavut","Oil",2036,70.3
"Current Measures","Nunavut","Oil",2037,70.3
"Current Measures","Nunavut","Oil",2038,70.3
"Current Measures","Nunavut","Oil",2039,70.3
"Current Measures","Nunavut","Oil",2040,70.3
"Current Measures","Nunavut","Oil",2041,70.3
"Current Measures","Nunavut","Oil",2042,70.3
"Current Measures","Nunavut","Oil",2043,70.3
"Current Measures","Nunavut","Oil",2044,70.3
"Current Measures","Nunavut","Oil",2045,70.3
"Current Measures","Nunavut","Oil",2046,70.3
"Current Measures","Nunavut","Oil",2047,70.3
"Current Measures","Nunavut","Oil",2048,70.3
"Current Measures","Nunavut","Oil",2049,70.3
"Current Measures","Nunavut","Oil",2050,70.3
"Current Measures","Nunavut","Onshore Wind",2020,0
"Current Measures","Nunavut","Onshore Wind",2021,0
"Current Measures","Nunavut","Onshore Wind",2022,0
"Current Measures","Nunavut","Onshore Wind",2023,0
"Current Measures","Nunavut","Onshore Wind",2024,0
"Current Measures","Nunavut","Onshore Wind",2025,0.5
"Current Measures","Nunavut","Onshore Wind",2026,0.5
"Current Measures","Nunavut","Onshore Wind",2027,0.5
"Current Measures","Nunavut","Onshore Wind",2028,0.5
"Current Measures","Nunavut","Onshore Wind",2029,0.5
"Current Measures","Nunavut","Onshore Wind",2030,5.76
"Current Measures","Nunavut","Onshore Wind",2031,5.76
"Current Measures","Nunavut","Onshore Wind",2032,5.76
"Current Measures","Nunavut","Onshore Wind",2033,5.76
"Current Measures","Nunavut","Onshore Wind",2034,5.76
"Current Measures","Nunavut","Onshore Wind",2035,31.6
"Current Measures","Nunavut","Onshore Wind",2036,31.6
"Current Measures","Nunavut","Onshore Wind",2037,31.6
"Current Measures","Nunavut","Onshore Wind",2038,31.6
"Current Measures","Nunavut","Onshore Wind",2039,31.6
"Current Measures","Nunavut","Onshore Wind",2040,31.6
"Current Measures","Nunavut","Onshore Wind",2041,31.6
"Current Measures","Nunavut","Onshore Wind",2042,31.6
"Current Measures","Nunavut","Onshore Wind",2043,31.6
"Current Measures","Nunavut","Onshore Wind",2044,31.6
"Current Measures","Nunavut","Onshore Wind",2045,31.6
"Current Measures","Nunavut","Onshore Wind",2046,31.6
"Current Measures","Nunavut","Onshore Wind",2047,31.6
"Current Measures","Nunavut","Onshore Wind",2048,31.6
"Current Measures","Nunavut","Onshore Wind",2049,31.6
"Current Measures","Nunavut","Onshore Wind",2050,31.6
"Current Measures","Nunavut","Solar (Distributed)",2020,0.42469977
"Current Measures","Nunavut","Solar (Distributed)",2021,0.402229793
"Current Measures","Nunavut","Solar (Distributed)",2022,0.379759816
"Current Measures","Nunavut","Solar (Distributed)",2023,0.357289839
"Current Measures","Nunavut","Solar (Distributed)",2024,0.334819862
"Current Measures","Nunavut","Solar (Distributed)",2025,0.312349885
"Current Measures","Nunavut","Solar (Distributed)",2026,0.289879908
"Current Measures","Nunavut","Solar (Distributed)",2027,0.267409931
"Current Measures","Nunavut","Solar (Distributed)",2028,0.244939954
"Current Measures","Nunavut","Solar (Distributed)",2029,0.222469977
"Current Measures","Nunavut","Solar (Distributed)",2030,0.2
"Current Measures","Nunavut","Solar (Distributed)",2031,0.2
"Current Measures","Nunavut","Solar (Distributed)",2032,0.2
"Current Measures","Nunavut","Solar (Distributed)",2033,0.2
"Current Measures","Nunavut","Solar (Distributed)",2034,0.2
"Current Measures","Nunavut","Solar (Distributed)",2035,0.2
"Current Measures","Nunavut","Solar (Distributed)",2036,0.2
"Current Measures","Nunavut","Solar (Distributed)",2037,0.2
"Current Measures","Nunavut","Solar (Distributed)",2038,0.2
"Current Measures","Nunavut","Solar (Distributed)",2039,0.2
"Current Measures","Nunavut","Solar (Distributed)",2040,0.2
"Current Measures","Nunavut","Solar (Distributed)",2041,0.2
"Current Measures","Nunavut","Solar (Distributed)",2042,0.2
"Current Measures","Nunavut","Solar (Distributed)",2043,0.2
"Current Measures","Nunavut","Solar (Distributed)",2044,0.2
"Current Measures","Nunavut","Solar (Distributed)",2045,0.2
"Current Measures","Nunavut","Solar (Distributed)",2046,0.2
"Current Measures","Nunavut","Solar (Distributed)",2047,0.2
"Current Measures","Nunavut","Solar (Distributed)",2048,0.2
"Current Measures","Nunavut","Solar (Distributed)",2049,0.2
"Current Measures","Nunavut","Solar (Distributed)",2050,0.2
"Current Measures","Nunavut","Solar (Utility scale)",2020,0.033
"Current Measures","Nunavut","Solar (Utility scale)",2021,0.033
"Current Measures","Nunavut","Solar (Utility scale)",2022,0.033
"Current Measures","Nunavut","Solar (Utility scale)",2023,0.033
"Current Measures","Nunavut","Solar (Utility scale)",2024,0.033
"Current Measures","Nunavut","Solar (Utility scale)",2025,1.03
"Current Measures","Nunavut","Solar (Utility scale)",2026,1.03
"Current Measures","Nunavut","Solar (Utility scale)",2027,1.03
"Current Measures","Nunavut","Solar (Utility scale)",2028,1.03
"Current Measures","Nunavut","Solar (Utility scale)",2029,1.03
"Current Measures","Nunavut","Solar (Utility scale)",2030,2.03
"Current Measures","Nunavut","Solar (Utility scale)",2031,2.03
"Current Measures","Nunavut","Solar (Utility scale)",2032,2.03
"Current Measures","Nunavut","Solar (Utility scale)",2033,2.03
"Current Measures","Nunavut","Solar (Utility scale)",2034,2.03
"Current Measures","Nunavut","Solar (Utility scale)",2035,40
"Current Measures","Nunavut","Solar (Utility scale)",2036,40
"Current Measures","Nunavut","Solar (Utility scale)",2037,40
"Current Measures","Nunavut","Solar (Utility scale)",2038,40
"Current Measures","Nunavut","Solar (Utility scale)",2039,40
"Current Measures","Nunavut","Solar (Utility scale)",2040,40
"Current Measures","Nunavut","Solar (Utility scale)",2041,40
"Current Measures","Nunavut","Solar (Utility scale)",2042,40
"Current Measures","Nunavut","Solar (Utility scale)",2043,40
"Current Measures","Nunavut","Solar (Utility scale)",2044,40
"Current Measures","Nunavut","Solar (Utility scale)",2045,40
"Current Measures","Nunavut","Solar (Utility scale)",2046,40
"Current Measures","Nunavut","Solar (Utility scale)",2047,40
"Current Measures","Nunavut","Solar (Utility scale)",2048,40
"Current Measures","Nunavut","Solar (Utility scale)",2049,40
"Current Measures","Nunavut","Solar (Utility scale)",2050,39
"Current Measures","Nunavut","Total",2020,62.7576997699999
"Current Measures","Nunavut","Total",2021,62.7352297929999
"Current Measures","Nunavut","Total",2022,62.7127598159999
"Current Measures","Nunavut","Total",2023,62.6902898389999
"Current Measures","Nunavut","Total",2024,66.667819862
"Current Measures","Nunavut","Total",2025,68.142349885
"Current Measures","Nunavut","Total",2026,68.119879908
"Current Measures","Nunavut","Total",2027,68.097409931
"Current Measures","Nunavut","Total",2028,68.074939954
"Current Measures","Nunavut","Total",2029,68.052469977
"Current Measures","Nunavut","Total",2030,74.2899999999999
"Current Measures","Nunavut","Total",2031,74.2899999999999
"Current Measures","Nunavut","Total",2032,78.2899999999999
"Current Measures","Nunavut","Total",2033,78.2899999999999
"Current Measures","Nunavut","Total",2034,78.2899999999999
"Current Measures","Nunavut","Total",2035,170.4
"Current Measures","Nunavut","Total",2036,170.4
"Current Measures","Nunavut","Total",2037,170.4
"Current Measures","Nunavut","Total",2038,170.4
"Current Measures","Nunavut","Total",2039,170.4
"Current Measures","Nunavut","Total",2040,170.4
"Current Measures","Nunavut","Total",2041,170.4
"Current Measures","Nunavut","Total",2042,170.4
"Current Measures","Nunavut","Total",2043,170.4
"Current Measures","Nunavut","Total",2044,170.4
"Current Measures","Nunavut","Total",2045,171.2
"Current Measures","Nunavut","Total",2046,171.2
"Current Measures","Nunavut","Total",2047,171.2
"Current Measures","Nunavut","Total",2048,171.2
"Current Measures","Nunavut","Total",2049,171.2
"Current Measures","Nunavut","Total",2050,173.4
"Current Measures","Ontario","Battery Storage",2020,50
"Current Measures","Ontario","Battery Storage",2021,50
"Current Measures","Ontario","Battery Storage",2022,50
"Current Measures","Ontario","Battery Storage",2023,50
"Current Measures","Ontario","Battery Storage",2024,50
"Current Measures","Ontario","Battery Storage",2025,50
"Current Measures","Ontario","Battery Storage",2026,50
"Current Measures","Ontario","Battery Storage",2027,50
"Current Measures","Ontario","Battery Storage",2028,50
"Current Measures","Ontario","Battery Storage",2029,50
"Current Measures","Ontario","Battery Storage",2030,250
"Current Measures","Ontario","Battery Storage",2031,250
"Current Measures","Ontario","Battery Storage",2032,250
"Current Measures","Ontario","Battery Storage",2033,250
"Current Measures","Ontario","Battery Storage",2034,250
"Current Measures","Ontario","Battery Storage",2035,250
"Current Measures","Ontario","Battery Storage",2036,250
"Current Measures","Ontario","Battery Storage",2037,250
"Current Measures","Ontario","Battery Storage",2038,250
"Current Measures","Ontario","Battery Storage",2039,250
"Current Measures","Ontario","Battery Storage",2040,250
"Current Measures","Ontario","Battery Storage",2041,250
"Current Measures","Ontario","Battery Storage",2042,250
"Current Measures","Ontario","Battery Storage",2043,250
"Current Measures","Ontario","Battery Storage",2044,250
"Current Measures","Ontario","Battery Storage",2045,250
"Current Measures","Ontario","Battery Storage",2046,250
"Current Measures","Ontario","Battery Storage",2047,250
"Current Measures","Ontario","Battery Storage",2048,250
"Current Measures","Ontario","Battery Storage",2049,250
"Current Measures","Ontario","Battery Storage",2050,250
"Current Measures","Ontario","Bioenergy",2020,698.7
"Current Measures","Ontario","Bioenergy",2021,698.7
"Current Measures","Ontario","Bioenergy",2022,698.7
"Current Measures","Ontario","Bioenergy",2023,698.7
"Current Measures","Ontario","Bioenergy",2024,698.7
"Current Measures","Ontario","Bioenergy",2025,698.7
"Current Measures","Ontario","Bioenergy",2026,698.7
"Current Measures","Ontario","Bioenergy",2027,698.7
"Current Measures","Ontario","Bioenergy",2028,698.7
"Current Measures","Ontario","Bioenergy",2029,698.7
"Current Measures","Ontario","Bioenergy",2030,698.7
"Current Measures","Ontario","Bioenergy",2031,698.7
"Current Measures","Ontario","Bioenergy",2032,698.7
"Current Measures","Ontario","Bioenergy",2033,698.7
"Current Measures","Ontario","Bioenergy",2034,698.7
"Current Measures","Ontario","Bioenergy",2035,698.7
"Current Measures","Ontario","Bioenergy",2036,698.7
"Current Measures","Ontario","Bioenergy",2037,698.7
"Current Measures","Ontario","Bioenergy",2038,698.7
"Current Measures","Ontario","Bioenergy",2039,698.7
"Current Measures","Ontario","Bioenergy",2040,698.7
"Current Measures","Ontario","Bioenergy",2041,698.7
"Current Measures","Ontario","Bioenergy",2042,698.7
"Current Measures","Ontario","Bioenergy",2043,698.7
"Current Measures","Ontario","Bioenergy",2044,698.7
"Current Measures","Ontario","Bioenergy",2045,698.7
"Current Measures","Ontario","Bioenergy",2046,698.7
"Current Measures","Ontario","Bioenergy",2047,698.7
"Current Measures","Ontario","Bioenergy",2048,698.7
"Current Measures","Ontario","Bioenergy",2049,698.7
"Current Measures","Ontario","Bioenergy",2050,698.7
"Current Measures","Ontario","Hydro",2020,9260
"Current Measures","Ontario","Hydro",2021,9260
"Current Measures","Ontario","Hydro",2022,9260
"Current Measures","Ontario","Hydro",2023,9260
"Current Measures","Ontario","Hydro",2024,9260
"Current Measures","Ontario","Hydro",2025,9260
"Current Measures","Ontario","Hydro",2026,9260
"Current Measures","Ontario","Hydro",2027,9260
"Current Measures","Ontario","Hydro",2028,9260
"Current Measures","Ontario","Hydro",2029,9260
"Current Measures","Ontario","Hydro",2030,9260
"Current Measures","Ontario","Hydro",2031,9260
"Current Measures","Ontario","Hydro",2032,9260
"Current Measures","Ontario","Hydro",2033,9260
"Current Measures","Ontario","Hydro",2034,9260
"Current Measures","Ontario","Hydro",2035,9260
"Current Measures","Ontario","Hydro",2036,9260
"Current Measures","Ontario","Hydro",2037,9260
"Current Measures","Ontario","Hydro",2038,9260
"Current Measures","Ontario","Hydro",2039,9260
"Current Measures","Ontario","Hydro",2040,9260
"Current Measures","Ontario","Hydro",2041,9260
"Current Measures","Ontario","Hydro",2042,9260
"Current Measures","Ontario","Hydro",2043,9260
"Current Measures","Ontario","Hydro",2044,9260
"Current Measures","Ontario","Hydro",2045,9260
"Current Measures","Ontario","Hydro",2046,9260
"Current Measures","Ontario","Hydro",2047,9260
"Current Measures","Ontario","Hydro",2048,9260
"Current Measures","Ontario","Hydro",2049,9260
"Current Measures","Ontario","Hydro",2050,9260
"Current Measures","Ontario","Natural Gas",2020,8750
"Current Measures","Ontario","Natural Gas",2021,8730
"Current Measures","Ontario","Natural Gas",2022,8730
"Current Measures","Ontario","Natural Gas",2023,8730
"Current Measures","Ontario","Natural Gas",2024,8730
"Current Measures","Ontario","Natural Gas",2025,9240
"Current Measures","Ontario","Natural Gas",2026,9810
"Current Measures","Ontario","Natural Gas",2027,10500
"Current Measures","Ontario","Natural Gas",2028,10900
"Current Measures","Ontario","Natural Gas",2029,11500
"Current Measures","Ontario","Natural Gas",2030,11900
"Current Measures","Ontario","Natural Gas",2031,12600
"Current Measures","Ontario","Natural Gas",2032,13200
"Current Measures","Ontario","Natural Gas",2033,13900
"Current Measures","Ontario","Natural Gas",2034,14700
"Current Measures","Ontario","Natural Gas",2035,15500
"Current Measures","Ontario","Natural Gas",2036,15900
"Current Measures","Ontario","Natural Gas",2037,16300
"Current Measures","Ontario","Natural Gas",2038,16700
"Current Measures","Ontario","Natural Gas",2039,16600
"Current Measures","Ontario","Natural Gas",2040,16300
"Current Measures","Ontario","Natural Gas",2041,17100
"Current Measures","Ontario","Natural Gas",2042,18100
"Current Measures","Ontario","Natural Gas",2043,19000
"Current Measures","Ontario","Natural Gas",2044,18400
"Current Measures","Ontario","Natural Gas",2045,17800
"Current Measures","Ontario","Natural Gas",2046,16900
"Current Measures","Ontario","Natural Gas",2047,17000
"Current Measures","Ontario","Natural Gas",2048,16800
"Current Measures","Ontario","Natural Gas",2049,16900
"Current Measures","Ontario","Natural Gas",2050,16500
"Current Measures","Ontario","Oil",2020,250.3
"Current Measures","Ontario","Oil",2021,250.3
"Current Measures","Ontario","Oil",2022,250.3
"Current Measures","Ontario","Oil",2023,250.3
"Current Measures","Ontario","Oil",2024,250.3
"Current Measures","Ontario","Oil",2025,250.3
"Current Measures","Ontario","Oil",2026,250.3
"Current Measures","Ontario","Oil",2027,250.3
"Current Measures","Ontario","Oil",2028,250.3
"Current Measures","Ontario","Oil",2029,250.3
"Current Measures","Ontario","Oil",2030,250.3
"Current Measures","Ontario","Oil",2031,248.3
"Current Measures","Ontario","Oil",2032,228.3
"Current Measures","Ontario","Oil",2033,228.3
"Current Measures","Ontario","Oil",2034,228.3
"Current Measures","Ontario","Oil",2035,228.3
"Current Measures","Ontario","Oil",2036,228.3
"Current Measures","Ontario","Oil",2037,228.3
"Current Measures","Ontario","Oil",2038,228.3
"Current Measures","Ontario","Oil",2039,228.3
"Current Measures","Ontario","Oil",2040,228.3
"Current Measures","Ontario","Oil",2041,228.3
"Current Measures","Ontario","Oil",2042,228.3
"Current Measures","Ontario","Oil",2043,228.3
"Current Measures","Ontario","Oil",2044,228.3
"Current Measures","Ontario","Oil",2045,228.3
"Current Measures","Ontario","Oil",2046,228.3
"Current Measures","Ontario","Oil",2047,228.3
"Current Measures","Ontario","Oil",2048,228.3
"Current Measures","Ontario","Oil",2049,228.3
"Current Measures","Ontario","Oil",2050,228.3
"Current Measures","Ontario","Onshore Wind",2020,5420
"Current Measures","Ontario","Onshore Wind",2021,5580
"Current Measures","Ontario","Onshore Wind",2022,5580
"Current Measures","Ontario","Onshore Wind",2023,5580
"Current Measures","Ontario","Onshore Wind",2024,5580
"Current Measures","Ontario","Onshore Wind",2025,5580
"Current Measures","Ontario","Onshore Wind",2026,6020
"Current Measures","Ontario","Onshore Wind",2027,6460
"Current Measures","Ontario","Onshore Wind",2028,6910
"Current Measures","Ontario","Onshore Wind",2029,7350
"Current Measures","Ontario","Onshore Wind",2030,7790
"Current Measures","Ontario","Onshore Wind",2031,8250
"Current Measures","Ontario","Onshore Wind",2032,8700
"Current Measures","Ontario","Onshore Wind",2033,9160
"Current Measures","Ontario","Onshore Wind",2034,9610
"Current Measures","Ontario","Onshore Wind",2035,10100
"Current Measures","Ontario","Onshore Wind",2036,11900
"Current Measures","Ontario","Onshore Wind",2037,13700
"Current Measures","Ontario","Onshore Wind",2038,15600
"Current Measures","Ontario","Onshore Wind",2039,17400
"Current Measures","Ontario","Onshore Wind",2040,19300
"Current Measures","Ontario","Onshore Wind",2041,20200
"Current Measures","Ontario","Onshore Wind",2042,21200
"Current Measures","Ontario","Onshore Wind",2043,22200
"Current Measures","Ontario","Onshore Wind",2044,23200
"Current Measures","Ontario","Onshore Wind",2045,24100
"Current Measures","Ontario","Onshore Wind",2046,24600
"Current Measures","Ontario","Onshore Wind",2047,25100
"Current Measures","Ontario","Onshore Wind",2048,25600
"Current Measures","Ontario","Onshore Wind",2049,26100
"Current Measures","Ontario","Onshore Wind",2050,26500
"Current Measures","Ontario","Solar (Distributed)",2020,2188.43613
"Current Measures","Ontario","Solar (Distributed)",2021,2250.862884
"Current Measures","Ontario","Solar (Distributed)",2022,2313.289638
"Current Measures","Ontario","Solar (Distributed)",2023,2375.716392
"Current Measures","Ontario","Solar (Distributed)",2024,2438.143146
"Current Measures","Ontario","Solar (Distributed)",2025,2500.5699
"Current Measures","Ontario","Solar (Distributed)",2026,2562.996653
"Current Measures","Ontario","Solar (Distributed)",2027,2625.423407
"Current Measures","Ontario","Solar (Distributed)",2028,2687.850161
"Current Measures","Ontario","Solar (Distributed)",2029,2750.276915
"Current Measures","Ontario","Solar (Distributed)",2030,2812.703669
"Current Measures","Ontario","Solar (Distributed)",2031,2813.433302
"Current Measures","Ontario","Solar (Distributed)",2032,2814.162935
"Current Measures","Ontario","Solar (Distributed)",2033,2814.892568
"Current Measures","Ontario","Solar (Distributed)",2034,2815.622201
"Current Measures","Ontario","Solar (Distributed)",2035,2816.351835
"Current Measures","Ontario","Solar (Distributed)",2036,2817.081468
"Current Measures","Ontario","Solar (Distributed)",2037,2817.811101
"Current Measures","Ontario","Solar (Distributed)",2038,2818.540734
"Current Measures","Ontario","Solar (Distributed)",2039,2819.270367
"Current Measures","Ontario","Solar (Distributed)",2040,2820
"Current Measures","Ontario","Solar (Distributed)",2041,2838
"Current Measures","Ontario","Solar (Distributed)",2042,2856
"Current Measures","Ontario","Solar (Distributed)",2043,2874
"Current Measures","Ontario","Solar (Distributed)",2044,2892
"Current Measures","Ontario","Solar (Distributed)",2045,2910
"Current Measures","Ontario","Solar (Distributed)",2046,2928
"Current Measures","Ontario","Solar (Distributed)",2047,2946
"Current Measures","Ontario","Solar (Distributed)",2048,2964
"Current Measures","Ontario","Solar (Distributed)",2049,2982
"Current Measures","Ontario","Solar (Distributed)",2050,3000
"Current Measures","Ontario","Solar (Utility scale)",2020,2670
"Current Measures","Ontario","Solar (Utility scale)",2021,2670
"Current Measures","Ontario","Solar (Utility scale)",2022,2670
"Current Measures","Ontario","Solar (Utility scale)",2023,2670
"Current Measures","Ontario","Solar (Utility scale)",2024,2670
"Current Measures","Ontario","Solar (Utility scale)",2025,2670
"Current Measures","Ontario","Solar (Utility scale)",2026,2670
"Current Measures","Ontario","Solar (Utility scale)",2027,2670
"Current Measures","Ontario","Solar (Utility scale)",2028,2670
"Current Measures","Ontario","Solar (Utility scale)",2029,2670
"Current Measures","Ontario","Solar (Utility scale)",2030,2670
"Current Measures","Ontario","Solar (Utility scale)",2031,2670
"Current Measures","Ontario","Solar (Utility scale)",2032,2670
"Current Measures","Ontario","Solar (Utility scale)",2033,2670
"Current Measures","Ontario","Solar (Utility scale)",2034,2670
"Current Measures","Ontario","Solar (Utility scale)",2035,2670
"Current Measures","Ontario","Solar (Utility scale)",2036,2670
"Current Measures","Ontario","Solar (Utility scale)",2037,2670
"Current Measures","Ontario","Solar (Utility scale)",2038,2670
"Current Measures","Ontario","Solar (Utility scale)",2039,2670
"Current Measures","Ontario","Solar (Utility scale)",2040,2670
"Current Measures","Ontario","Solar (Utility scale)",2041,3250
"Current Measures","Ontario","Solar (Utility scale)",2042,3840
"Current Measures","Ontario","Solar (Utility scale)",2043,4420
"Current Measures","Ontario","Solar (Utility scale)",2044,5000
"Current Measures","Ontario","Solar (Utility scale)",2045,5590
"Current Measures","Ontario","Solar (Utility scale)",2046,5960
"Current Measures","Ontario","Solar (Utility scale)",2047,6320
"Current Measures","Ontario","Solar (Utility scale)",2048,6690
"Current Measures","Ontario","Solar (Utility scale)",2049,7060
"Current Measures","Ontario","Solar (Utility scale)",2050,7430
"Current Measures","Ontario","Total",2020,43387.43613
"Current Measures","Ontario","Total",2021,41889.862884
"Current Measures","Ontario","Total",2022,41952.289638
"Current Measures","Ontario","Total",2023,41014.716392
"Current Measures","Ontario","Total",2024,41077.143146
"Current Measures","Ontario","Total",2025,41649.5699
"Current Measures","Ontario","Total",2026,41821.996653
"Current Measures","Ontario","Total",2027,42614.423407
"Current Measures","Ontario","Total",2028,43526.850161
"Current Measures","Ontario","Total",2029,44629.276915
"Current Measures","Ontario","Total",2030,46031.703669
"Current Measures","Ontario","Total",2031,47190.433302
"Current Measures","Ontario","Total",2032,48221.162935
"Current Measures","Ontario","Total",2033,49381.892568
"Current Measures","Ontario","Total",2034,51432.622201
"Current Measures","Ontario","Total",2035,52723.351835
"Current Measures","Ontario","Total",2036,54924.081468
"Current Measures","Ontario","Total",2037,57124.811101
"Current Measures","Ontario","Total",2038,59425.540734
"Current Measures","Ontario","Total",2039,61126.270367
"Current Measures","Ontario","Total",2040,62727
"Current Measures","Ontario","Total",2041,65025
"Current Measures","Ontario","Total",2042,67633
"Current Measures","Ontario","Total",2043,70131
"Current Measures","Ontario","Total",2044,71129
"Current Measures","Ontario","Total",2045,72037
"Current Measures","Ontario","Total",2046,72025
"Current Measures","Ontario","Total",2047,73003
"Current Measures","Ontario","Total",2048,73691
"Current Measures","Ontario","Total",2049,74679
"Current Measures","Ontario","Total",2050,75067
"Current Measures","Ontario","Uranium",2020,14100
"Current Measures","Ontario","Uranium",2021,12400
"Current Measures","Ontario","Uranium",2022,12400
"Current Measures","Ontario","Uranium",2023,11400
"Current Measures","Ontario","Uranium",2024,11400
"Current Measures","Ontario","Uranium",2025,11400
"Current Measures","Ontario","Uranium",2026,10500
"Current Measures","Ontario","Uranium",2027,10100
"Current Measures","Ontario","Uranium",2028,10100
"Current Measures","Ontario","Uranium",2029,10100
"Current Measures","Ontario","Uranium",2030,10100
"Current Measures","Ontario","Uranium",2031,10100
"Current Measures","Ontario","Uranium",2032,10100
"Current Measures","Ontario","Uranium",2033,10100
"Current Measures","Ontario","Uranium",2034,10900
"Current Measures","Ontario","Uranium",2035,10900
"Current Measures","Ontario","Uranium",2036,10900
"Current Measures","Ontario","Uranium",2037,10900
"Current Measures","Ontario","Uranium",2038,10900
"Current Measures","Ontario","Uranium",2039,10900
"Current Measures","Ontario","Uranium",2040,10900
"Current Measures","Ontario","Uranium",2041,10900
"Current Measures","Ontario","Uranium",2042,10900
"Current Measures","Ontario","Uranium",2043,10900
"Current Measures","Ontario","Uranium",2044,10900
"Current Measures","Ontario","Uranium",2045,10900
"Current Measures","Ontario","Uranium",2046,10900
"Current Measures","Ontario","Uranium",2047,10900
"Current Measures","Ontario","Uranium",2048,10900
"Current Measures","Ontario","Uranium",2049,10900
"Current Measures","Ontario","Uranium",2050,10900
"Current Measures","Ontario","Uranium SMR",2020,0
"Current Measures","Ontario","Uranium SMR",2021,0
"Current Measures","Ontario","Uranium SMR",2022,0
"Current Measures","Ontario","Uranium SMR",2023,0
"Current Measures","Ontario","Uranium SMR",2024,0
"Current Measures","Ontario","Uranium SMR",2025,0
"Current Measures","Ontario","Uranium SMR",2026,0
"Current Measures","Ontario","Uranium SMR",2027,0
"Current Measures","Ontario","Uranium SMR",2028,0
"Current Measures","Ontario","Uranium SMR",2029,0
"Current Measures","Ontario","Uranium SMR",2030,300
"Current Measures","Ontario","Uranium SMR",2031,300
"Current Measures","Ontario","Uranium SMR",2032,300
"Current Measures","Ontario","Uranium SMR",2033,300
"Current Measures","Ontario","Uranium SMR",2034,300
"Current Measures","Ontario","Uranium SMR",2035,300
"Current Measures","Ontario","Uranium SMR",2036,300
"Current Measures","Ontario","Uranium SMR",2037,300
"Current Measures","Ontario","Uranium SMR",2038,300
"Current Measures","Ontario","Uranium SMR",2039,300
"Current Measures","Ontario","Uranium SMR",2040,300
"Current Measures","Ontario","Uranium SMR",2041,300
"Current Measures","Ontario","Uranium SMR",2042,300
"Current Measures","Ontario","Uranium SMR",2043,300
"Current Measures","Ontario","Uranium SMR",2044,300
"Current Measures","Ontario","Uranium SMR",2045,300
"Current Measures","Ontario","Uranium SMR",2046,300
"Current Measures","Ontario","Uranium SMR",2047,300
"Current Measures","Ontario","Uranium SMR",2048,300
"Current Measures","Ontario","Uranium SMR",2049,300
"Current Measures","Ontario","Uranium SMR",2050,300
"Current Measures","Prince Edward Island","Bioenergy",2020,2.1
"Current Measures","Prince Edward Island","Bioenergy",2021,2.1
"Current Measures","Prince Edward Island","Bioenergy",2022,2.1
"Current Measures","Prince Edward Island","Bioenergy",2023,2.1
"Current Measures","Prince Edward Island","Bioenergy",2024,2.1
"Current Measures","Prince Edward Island","Bioenergy",2025,2.1
"Current Measures","Prince Edward Island","Bioenergy",2026,2.1
"Current Measures","Prince Edward Island","Bioenergy",2027,2.1
"Current Measures","Prince Edward Island","Bioenergy",2028,2.1
"Current Measures","Prince Edward Island","Bioenergy",2029,2.1
"Current Measures","Prince Edward Island","Bioenergy",2030,2.1
"Current Measures","Prince Edward Island","Bioenergy",2031,2.1
"Current Measures","Prince Edward Island","Bioenergy",2032,2.1
"Current Measures","Prince Edward Island","Bioenergy",2033,2.1
"Current Measures","Prince Edward Island","Bioenergy",2034,2.1
"Current Measures","Prince Edward Island","Bioenergy",2035,2.1
"Current Measures","Prince Edward Island","Bioenergy",2036,2.1
"Current Measures","Prince Edward Island","Bioenergy",2037,2.1
"Current Measures","Prince Edward Island","Bioenergy",2038,2.1
"Current Measures","Prince Edward Island","Bioenergy",2039,2.1
"Current Measures","Prince Edward Island","Bioenergy",2040,2.1
"Current Measures","Prince Edward Island","Bioenergy",2041,2.1
"Current Measures","Prince Edward Island","Bioenergy",2042,2.1
"Current Measures","Prince Edward Island","Bioenergy",2043,2.1
"Current Measures","Prince Edward Island","Bioenergy",2044,2.1
"Current Measures","Prince Edward Island","Bioenergy",2045,32.7
"Current Measures","Prince Edward Island","Bioenergy",2046,32.7
"Current Measures","Prince Edward Island","Bioenergy",2047,32.7
"Current Measures","Prince Edward Island","Bioenergy",2048,32.7
"Current Measures","Prince Edward Island","Bioenergy",2049,32.7
"Current Measures","Prince Edward Island","Bioenergy",2050,51.2
"Current Measures","Prince Edward Island","Oil",2020,170.4
"Current Measures","Prince Edward Island","Oil",2021,170.4
"Current Measures","Prince Edward Island","Oil",2022,170.4
"Current Measures","Prince Edward Island","Oil",2023,170.4
"Current Measures","Prince Edward Island","Oil",2024,170.4
"Current Measures","Prince Edward Island","Oil",2025,170.4
"Current Measures","Prince Edward Island","Oil",2026,170.4
"Current Measures","Prince Edward Island","Oil",2027,170.4
"Current Measures","Prince Edward Island","Oil",2028,170.4
"Current Measures","Prince Edward Island","Oil",2029,170.4
"Current Measures","Prince Edward Island","Oil",2030,170.4
"Current Measures","Prince Edward Island","Oil",2031,170.4
"Current Measures","Prince Edward Island","Oil",2032,170.4
"Current Measures","Prince Edward Island","Oil",2033,170.4
"Current Measures","Prince Edward Island","Oil",2034,170.4
"Current Measures","Prince Edward Island","Oil",2035,170.4
"Current Measures","Prince Edward Island","Oil",2036,95.4
"Current Measures","Prince Edward Island","Oil",2037,95.4
"Current Measures","Prince Edward Island","Oil",2038,95.4
"Current Measures","Prince Edward Island","Oil",2039,95.4
"Current Measures","Prince Edward Island","Oil",2040,95.4
"Current Measures","Prince Edward Island","Oil",2041,40.4
"Current Measures","Prince Edward Island","Oil",2042,40.4
"Current Measures","Prince Edward Island","Oil",2043,40.4
"Current Measures","Prince Edward Island","Oil",2044,40.4
"Current Measures","Prince Edward Island","Oil",2045,40.4
"Current Measures","Prince Edward Island","Oil",2046,40.4
"Current Measures","Prince Edward Island","Oil",2047,40.4
"Current Measures","Prince Edward Island","Oil",2048,40.4
"Current Measures","Prince Edward Island","Oil",2049,40.4
"Current Measures","Prince Edward Island","Oil",2050,40.4
"Current Measures","Prince Edward Island","Onshore Wind",2020,208
"Current Measures","Prince Edward Island","Onshore Wind",2021,268
"Current Measures","Prince Edward Island","Onshore Wind",2022,268
"Current Measures","Prince Edward Island","Onshore Wind",2023,268
"Current Measures","Prince Edward Island","Onshore Wind",2024,268
"Current Measures","Prince Edward Island","Onshore Wind",2025,329
"Current Measures","Prince Edward Island","Onshore Wind",2026,354
"Current Measures","Prince Edward Island","Onshore Wind",2027,379
"Current Measures","Prince Edward Island","Onshore Wind",2028,404
"Current Measures","Prince Edward Island","Onshore Wind",2029,430
"Current Measures","Prince Edward Island","Onshore Wind",2030,455
"Current Measures","Prince Edward Island","Onshore Wind",2031,485
"Current Measures","Prince Edward Island","Onshore Wind",2032,515
"Current Measures","Prince Edward Island","Onshore Wind",2033,545
"Current Measures","Prince Edward Island","Onshore Wind",2034,574
"Current Measures","Prince Edward Island","Onshore Wind",2035,604
"Current Measures","Prince Edward Island","Onshore Wind",2036,631
"Current Measures","Prince Edward Island","Onshore Wind",2037,658
"Current Measures","Prince Edward Island","Onshore Wind",2038,684
"Current Measures","Prince Edward Island","Onshore Wind",2039,711
"Current Measures","Prince Edward Island","Onshore Wind",2040,738
"Current Measures","Prince Edward Island","Onshore Wind",2041,750
"Current Measures","Prince Edward Island","Onshore Wind",2042,762
"Current Measures","Prince Edward Island","Onshore Wind",2043,775
"Current Measures","Prince Edward Island","Onshore Wind",2044,787
"Current Measures","Prince Edward Island","Onshore Wind",2045,800
"Current Measures","Prince Edward Island","Onshore Wind",2046,813
"Current Measures","Prince Edward Island","Onshore Wind",2047,827
"Current Measures","Prince Edward Island","Onshore Wind",2048,841
"Current Measures","Prince Edward Island","Onshore Wind",2049,855
"Current Measures","Prince Edward Island","Onshore Wind",2050,869
"Current Measures","Prince Edward Island","Solar (Distributed)",2020,0.5
"Current Measures","Prince Edward Island","Solar (Distributed)",2021,0.5
"Current Measures","Prince Edward Island","Solar (Distributed)",2022,0.5
"Current Measures","Prince Edward Island","Solar (Distributed)",2023,0.5
"Current Measures","Prince Edward Island","Solar (Distributed)",2024,0.5
"Current Measures","Prince Edward Island","Solar (Distributed)",2025,0.5
"Current Measures","Prince Edward Island","Solar (Distributed)",2026,0.8
"Current Measures","Prince Edward Island","Solar (Distributed)",2027,1.1
"Current Measures","Prince Edward Island","Solar (Distributed)",2028,1.4
"Current Measures","Prince Edward Island","Solar (Distributed)",2029,1.7
"Current Measures","Prince Edward Island","Solar (Distributed)",2030,2
"Current Measures","Prince Edward Island","Solar (Distributed)",2031,2
"Current Measures","Prince Edward Island","Solar (Distributed)",2032,2
"Current Measures","Prince Edward Island","Solar (Distributed)",2033,2
"Current Measures","Prince Edward Island","Solar (Distributed)",2034,2
"Current Measures","Prince Edward Island","Solar (Distributed)",2035,2
"Current Measures","Prince Edward Island","Solar (Distributed)",2036,2
"Current Measures","Prince Edward Island","Solar (Distributed)",2037,2
"Current Measures","Prince Edward Island","Solar (Distributed)",2038,2
"Current Measures","Prince Edward Island","Solar (Distributed)",2039,2
"Current Measures","Prince Edward Island","Solar (Distributed)",2040,2
"Current Measures","Prince Edward Island","Solar (Distributed)",2041,2.2
"Current Measures","Prince Edward Island","Solar (Distributed)",2042,2.4
"Current Measures","Prince Edward Island","Solar (Distributed)",2043,2.6
"Current Measures","Prince Edward Island","Solar (Distributed)",2044,2.8
"Current Measures","Prince Edward Island","Solar (Distributed)",2045,3
"Current Measures","Prince Edward Island","Solar (Distributed)",2046,3.2
"Current Measures","Prince Edward Island","Solar (Distributed)",2047,3.4
"Current Measures","Prince Edward Island","Solar (Distributed)",2048,3.6
"Current Measures","Prince Edward Island","Solar (Distributed)",2049,3.8
"Current Measures","Prince Edward Island","Solar (Distributed)",2050,4
"Current Measures","Prince Edward Island","Solar (Utility scale)",2020,0
"Current Measures","Prince Edward Island","Solar (Utility scale)",2021,0
"Current Measures","Prince Edward Island","Solar (Utility scale)",2022,0
"Current Measures","Prince Edward Island","Solar (Utility scale)",2023,0
"Current Measures","Prince Edward Island","Solar (Utility scale)",2024,0
"Current Measures","Prince Edward Island","Solar (Utility scale)",2025,0
"Current Measures","Prince Edward Island","Solar (Utility scale)",2026,0
"Current Measures","Prince Edward Island","Solar (Utility scale)",2027,0
"Current Measures","Prince Edward Island","Solar (Utility scale)",2028,0
"Current Measures","Prince Edward Island","Solar (Utility scale)",2029,0
"Current Measures","Prince Edward Island","Solar (Utility scale)",2030,0
"Current Measures","Prince Edward Island","Solar (Utility scale)",2031,0
"Current Measures","Prince Edward Island","Solar (Utility scale)",2032,0
"Current Measures","Prince Edward Island","Solar (Utility scale)",2033,0
"Current Measures","Prince Edward Island","Solar (Utility scale)",2034,0
"Current Measures","Prince Edward Island","Solar (Utility scale)",2035,0
"Current Measures","Prince Edward Island","Solar (Utility scale)",2036,0
"Current Measures","Prince Edward Island","Solar (Utility scale)",2037,0
"Current Measures","Prince Edward Island","Solar (Utility scale)",2038,0
"Current Measures","Prince Edward Island","Solar (Utility scale)",2039,0
"Current Measures","Prince Edward Island","Solar (Utility scale)",2040,41.1
"Current Measures","Prince Edward Island","Solar (Utility scale)",2041,41.1
"Current Measures","Prince Edward Island","Solar (Utility scale)",2042,41.1
"Current Measures","Prince Edward Island","Solar (Utility scale)",2043,41.1
"Current Measures","Prince Edward Island","Solar (Utility scale)",2044,41.1
"Current Measures","Prince Edward Island","Solar (Utility scale)",2045,65.7
"Current Measures","Prince Edward Island","Solar (Utility scale)",2046,65.7
"Current Measures","Prince Edward Island","Solar (Utility scale)",2047,65.7
"Current Measures","Prince Edward Island","Solar (Utility scale)",2048,65.7
"Current Measures","Prince Edward Island","Solar (Utility scale)",2049,65.7
"Current Measures","Prince Edward Island","Solar (Utility scale)",2050,102
"Current Measures","Prince Edward Island","Total",2020,381
"Current Measures","Prince Edward Island","Total",2021,441
"Current Measures","Prince Edward Island","Total",2022,441
"Current Measures","Prince Edward Island","Total",2023,441
"Current Measures","Prince Edward Island","Total",2024,441
"Current Measures","Prince Edward Island","Total",2025,502
"Current Measures","Prince Edward Island","Total",2026,527.3
"Current Measures","Prince Edward Island","Total",2027,552.6
"Current Measures","Prince Edward Island","Total",2028,577.9
"Current Measures","Prince Edward Island","Total",2029,604.2
"Current Measures","Prince Edward Island","Total",2030,629.5
"Current Measures","Prince Edward Island","Total",2031,659.5
"Current Measures","Prince Edward Island","Total",2032,689.5
"Current Measures","Prince Edward Island","Total",2033,719.5
"Current Measures","Prince Edward Island","Total",2034,748.5
"Current Measures","Prince Edward Island","Total",2035,778.5
"Current Measures","Prince Edward Island","Total",2036,730.5
"Current Measures","Prince Edward Island","Total",2037,757.5
"Current Measures","Prince Edward Island","Total",2038,783.5
"Current Measures","Prince Edward Island","Total",2039,810.5
"Current Measures","Prince Edward Island","Total",2040,878.6
"Current Measures","Prince Edward Island","Total",2041,835.8
"Current Measures","Prince Edward Island","Total",2042,848
"Current Measures","Prince Edward Island","Total",2043,861.2
"Current Measures","Prince Edward Island","Total",2044,873.4
"Current Measures","Prince Edward Island","Total",2045,941.8
"Current Measures","Prince Edward Island","Total",2046,955
"Current Measures","Prince Edward Island","Total",2047,969.2
"Current Measures","Prince Edward Island","Total",2048,983.4
"Current Measures","Prince Edward Island","Total",2049,997.6
"Current Measures","Prince Edward Island","Total",2050,1066.6
"Current Measures","Quebec","Bioenergy",2020,307.6
"Current Measures","Quebec","Bioenergy",2021,326.6
"Current Measures","Quebec","Bioenergy",2022,326.6
"Current Measures","Quebec","Bioenergy",2023,326.6
"Current Measures","Quebec","Bioenergy",2024,326.6
"Current Measures","Quebec","Bioenergy",2025,5240.6
"Current Measures","Quebec","Bioenergy",2026,5490.6
"Current Measures","Quebec","Bioenergy",2027,5730.6
"Current Measures","Quebec","Bioenergy",2028,5980.6
"Current Measures","Quebec","Bioenergy",2029,6220.6
"Current Measures","Quebec","Bioenergy",2030,6470.6
"Current Measures","Quebec","Bioenergy",2031,6880.6
"Current Measures","Quebec","Bioenergy",2032,7290.6
"Current Measures","Quebec","Bioenergy",2033,7700.6
"Current Measures","Quebec","Bioenergy",2034,8110.6
"Current Measures","Quebec","Bioenergy",2035,8510.6
"Current Measures","Quebec","Bioenergy",2036,8920.6
"Current Measures","Quebec","Bioenergy",2037,9330.6
"Current Measures","Quebec","Bioenergy",2038,9740.6
"Current Measures","Quebec","Bioenergy",2039,10130.6
"Current Measures","Quebec","Bioenergy",2040,10530.6
"Current Measures","Quebec","Bioenergy",2041,10730.6
"Current Measures","Quebec","Bioenergy",2042,11030.6
"Current Measures","Quebec","Bioenergy",2043,11230.6
"Current Measures","Quebec","Bioenergy",2044,11430.6
"Current Measures","Quebec","Bioenergy",2045,11630.6
"Current Measures","Quebec","Bioenergy",2046,11730.6
"Current Measures","Quebec","Bioenergy",2047,11730.6
"Current Measures","Quebec","Bioenergy",2048,11830.6
"Current Measures","Quebec","Bioenergy",2049,11830.6
"Current Measures","Quebec","Bioenergy",2050,11930.6
"Current Measures","Quebec","Hydro",2020,41100
"Current Measures","Quebec","Hydro",2021,41500
"Current Measures","Quebec","Hydro",2022,41500
"Current Measures","Quebec","Hydro",2023,41500
"Current Measures","Quebec","Hydro",2024,41500
"Current Measures","Quebec","Hydro",2025,41500
"Current Measures","Quebec","Hydro",2026,41900
"Current Measures","Quebec","Hydro",2027,42300
"Current Measures","Quebec","Hydro",2028,42700
"Current Measures","Quebec","Hydro",2029,43100
"Current Measures","Quebec","Hydro",2030,43500
"Current Measures","Quebec","Hydro",2031,43500
"Current Measures","Quebec","Hydro",2032,43500
"Current Measures","Quebec","Hydro",2033,43500
"Current Measures","Quebec","Hydro",2034,43500
"Current Measures","Quebec","Hydro",2035,43500
"Current Measures","Quebec","Hydro",2036,43500
"Current Measures","Quebec","Hydro",2037,43500
"Current Measures","Quebec","Hydro",2038,43500
"Current Measures","Quebec","Hydro",2039,43500
"Current Measures","Quebec","Hydro",2040,43500
"Current Measures","Quebec","Hydro",2041,43500
"Current Measures","Quebec","Hydro",2042,43500
"Current Measures","Quebec","Hydro",2043,43500
"Current Measures","Quebec","Hydro",2044,43500
"Current Measures","Quebec","Hydro",2045,43500
"Current Measures","Quebec","Hydro",2046,43500
"Current Measures","Quebec","Hydro",2047,43500
"Current Measures","Quebec","Hydro",2048,43500
"Current Measures","Quebec","Hydro",2049,43500
"Current Measures","Quebec","Hydro",2050,43500
"Current Measures","Quebec","Natural Gas",2020,591
"Current Measures","Quebec","Natural Gas",2021,591
"Current Measures","Quebec","Natural Gas",2022,591
"Current Measures","Quebec","Natural Gas",2023,591
"Current Measures","Quebec","Natural Gas",2024,591
"Current Measures","Quebec","Natural Gas",2025,560
"Current Measures","Quebec","Natural Gas",2026,560
"Current Measures","Quebec","Natural Gas",2027,560
"Current Measures","Quebec","Natural Gas",2028,560
"Current Measures","Quebec","Natural Gas",2029,560
"Current Measures","Quebec","Natural Gas",2030,560
"Current Measures","Quebec","Natural Gas",2031,560
"Current Measures","Quebec","Natural Gas",2032,560
"Current Measures","Quebec","Natural Gas",2033,560
"Current Measures","Quebec","Natural Gas",2034,560
"Current Measures","Quebec","Natural Gas",2035,560
"Current Measures","Quebec","Natural Gas",2036,560
"Current Measures","Quebec","Natural Gas",2037,560
"Current Measures","Quebec","Natural Gas",2038,560
"Current Measures","Quebec","Natural Gas",2039,560
"Current Measures","Quebec","Natural Gas",2040,560
"Current Measures","Quebec","Natural Gas",2041,560
"Current Measures","Quebec","Natural Gas",2042,0
"Current Measures","Quebec","Natural Gas",2043,0
"Current Measures","Quebec","Natural Gas",2044,0
"Current Measures","Quebec","Natural Gas",2045,0
"Current Measures","Quebec","Natural Gas",2046,0
"Current Measures","Quebec","Natural Gas",2047,0
"Current Measures","Quebec","Natural Gas",2048,0
"Current Measures","Quebec","Natural Gas",2049,0
"Current Measures","Quebec","Natural Gas",2050,0
"Current Measures","Quebec","Oil",2020,311
"Current Measures","Quebec","Oil",2021,311
"Current Measures","Quebec","Oil",2022,311
"Current Measures","Quebec","Oil",2023,311
"Current Measures","Quebec","Oil",2024,311
"Current Measures","Quebec","Oil",2025,311
"Current Measures","Quebec","Oil",2026,244
"Current Measures","Quebec","Oil",2027,244
"Current Measures","Quebec","Oil",2028,244
"Current Measures","Quebec","Oil",2029,244
"Current Measures","Quebec","Oil",2030,244
"Current Measures","Quebec","Oil",2031,244
"Current Measures","Quebec","Oil",2032,244
"Current Measures","Quebec","Oil",2033,244
"Current Measures","Quebec","Oil",2034,244
"Current Measures","Quebec","Oil",2035,244
"Current Measures","Quebec","Oil",2036,244
"Current Measures","Quebec","Oil",2037,244
"Current Measures","Quebec","Oil",2038,244
"Current Measures","Quebec","Oil",2039,244
"Current Measures","Quebec","Oil",2040,244
"Current Measures","Quebec","Oil",2041,244
"Current Measures","Quebec","Oil",2042,244
"Current Measures","Quebec","Oil",2043,244
"Current Measures","Quebec","Oil",2044,244
"Current Measures","Quebec","Oil",2045,244
"Current Measures","Quebec","Oil",2046,244
"Current Measures","Quebec","Oil",2047,244
"Current Measures","Quebec","Oil",2048,244
"Current Measures","Quebec","Oil",2049,244
"Current Measures","Quebec","Oil",2050,244
"Current Measures","Quebec","Onshore Wind",2020,4360
"Current Measures","Quebec","Onshore Wind",2021,4360
"Current Measures","Quebec","Onshore Wind",2022,4360
"Current Measures","Quebec","Onshore Wind",2023,4360
"Current Measures","Quebec","Onshore Wind",2024,4560
"Current Measures","Quebec","Onshore Wind",2025,4570
"Current Measures","Quebec","Onshore Wind",2026,4960
"Current Measures","Quebec","Onshore Wind",2027,5340
"Current Measures","Quebec","Onshore Wind",2028,5730
"Current Measures","Quebec","Onshore Wind",2029,6110
"Current Measures","Quebec","Onshore Wind",2030,6490
"Current Measures","Quebec","Onshore Wind",2031,6960
"Current Measures","Quebec","Onshore Wind",2032,7420
"Current Measures","Quebec","Onshore Wind",2033,7880
"Current Measures","Quebec","Onshore Wind",2034,8350
"Current Measures","Quebec","Onshore Wind",2035,8810
"Current Measures","Quebec","Onshore Wind",2036,9000
"Current Measures","Quebec","Onshore Wind",2037,9190
"Current Measures","Quebec","Onshore Wind",2038,9380
"Current Measures","Quebec","Onshore Wind",2039,9580
"Current Measures","Quebec","Onshore Wind",2040,9770
"Current Measures","Quebec","Onshore Wind",2041,9880
"Current Measures","Quebec","Onshore Wind",2042,9980
"Current Measures","Quebec","Onshore Wind",2043,10100
"Current Measures","Quebec","Onshore Wind",2044,10200
"Current Measures","Quebec","Onshore Wind",2045,10300
"Current Measures","Quebec","Onshore Wind",2046,10400
"Current Measures","Quebec","Onshore Wind",2047,10500
"Current Measures","Quebec","Onshore Wind",2048,10500
"Current Measures","Quebec","Onshore Wind",2049,10600
"Current Measures","Quebec","Onshore Wind",2050,10700
"Current Measures","Quebec","Solar (Distributed)",2020,20
"Current Measures","Quebec","Solar (Distributed)",2021,20
"Current Measures","Quebec","Solar (Distributed)",2022,20
"Current Measures","Quebec","Solar (Distributed)",2023,20
"Current Measures","Quebec","Solar (Distributed)",2024,20
"Current Measures","Quebec","Solar (Distributed)",2025,20
"Current Measures","Quebec","Solar (Distributed)",2026,28
"Current Measures","Quebec","Solar (Distributed)",2027,36
"Current Measures","Quebec","Solar (Distributed)",2028,44
"Current Measures","Quebec","Solar (Distributed)",2029,52
"Current Measures","Quebec","Solar (Distributed)",2030,60
"Current Measures","Quebec","Solar (Distributed)",2031,74
"Current Measures","Quebec","Solar (Distributed)",2032,88
"Current Measures","Quebec","Solar (Distributed)",2033,102
"Current Measures","Quebec","Solar (Distributed)",2034,116
"Current Measures","Quebec","Solar (Distributed)",2035,130
"Current Measures","Quebec","Solar (Distributed)",2036,144
"Current Measures","Quebec","Solar (Distributed)",2037,158
"Current Measures","Quebec","Solar (Distributed)",2038,172
"Current Measures","Quebec","Solar (Distributed)",2039,186
"Current Measures","Quebec","Solar (Distributed)",2040,200
"Current Measures","Quebec","Solar (Distributed)",2041,210
"Current Measures","Quebec","Solar (Distributed)",2042,220
"Current Measures","Quebec","Solar (Distributed)",2043,230
"Current Measures","Quebec","Solar (Distributed)",2044,240
"Current Measures","Quebec","Solar (Distributed)",2045,250
"Current Measures","Quebec","Solar (Distributed)",2046,260
"Current Measures","Quebec","Solar (Distributed)",2047,270
"Current Measures","Quebec","Solar (Distributed)",2048,280
"Current Measures","Quebec","Solar (Distributed)",2049,290
"Current Measures","Quebec","Solar (Distributed)",2050,300
"Current Measures","Quebec","Solar (Utility scale)",2020,0.297
"Current Measures","Quebec","Solar (Utility scale)",2021,0.297
"Current Measures","Quebec","Solar (Utility scale)",2022,0.297
"Current Measures","Quebec","Solar (Utility scale)",2023,0.297
"Current Measures","Quebec","Solar (Utility scale)",2024,0.297
"Current Measures","Quebec","Solar (Utility scale)",2025,0.297
"Current Measures","Quebec","Solar (Utility scale)",2026,0.297
"Current Measures","Quebec","Solar (Utility scale)",2027,0.297
"Current Measures","Quebec","Solar (Utility scale)",2028,0.297
"Current Measures","Quebec","Solar (Utility scale)",2029,0.297
"Current Measures","Quebec","Solar (Utility scale)",2030,0.297
"Current Measures","Quebec","Solar (Utility scale)",2031,0.297
"Current Measures","Quebec","Solar (Utility scale)",2032,0.297
"Current Measures","Quebec","Solar (Utility scale)",2033,0.297
"Current Measures","Quebec","Solar (Utility scale)",2034,0.297
"Current Measures","Quebec","Solar (Utility scale)",2035,0.297
"Current Measures","Quebec","Solar (Utility scale)",2036,0.297
"Current Measures","Quebec","Solar (Utility scale)",2037,0.297
"Current Measures","Quebec","Solar (Utility scale)",2038,0.297
"Current Measures","Quebec","Solar (Utility scale)",2039,0.297
"Current Measures","Quebec","Solar (Utility scale)",2040,0.297
"Current Measures","Quebec","Solar (Utility scale)",2041,0.297
"Current Measures","Quebec","Solar (Utility scale)",2042,0.297
"Current Measures","Quebec","Solar (Utility scale)",2043,0.297
"Current Measures","Quebec","Solar (Utility scale)",2044,0.297
"Current Measures","Quebec","Solar (Utility scale)",2045,0.297
"Current Measures","Quebec","Solar (Utility scale)",2046,726
"Current Measures","Quebec","Solar (Utility scale)",2047,1450
"Current Measures","Quebec","Solar (Utility scale)",2048,2180
"Current Measures","Quebec","Solar (Utility scale)",2049,2900
"Current Measures","Quebec","Solar (Utility scale)",2050,3630
"Current Measures","Quebec","Total",2020,46689.897
"Current Measures","Quebec","Total",2021,47108.897
"Current Measures","Quebec","Total",2022,47108.897
"Current Measures","Quebec","Total",2023,47108.897
"Current Measures","Quebec","Total",2024,47308.897
"Current Measures","Quebec","Total",2025,52201.897
"Current Measures","Quebec","Total",2026,53182.897
"Current Measures","Quebec","Total",2027,54210.897
"Current Measures","Quebec","Total",2028,55258.897
"Current Measures","Quebec","Total",2029,56286.897
"Current Measures","Quebec","Total",2030,57324.897
"Current Measures","Quebec","Total",2031,58218.897
"Current Measures","Quebec","Total",2032,59102.897
"Current Measures","Quebec","Total",2033,59986.897
"Current Measures","Quebec","Total",2034,60880.897
"Current Measures","Quebec","Total",2035,61754.897
"Current Measures","Quebec","Total",2036,62368.897
"Current Measures","Quebec","Total",2037,62982.897
"Current Measures","Quebec","Total",2038,63596.897
"Current Measures","Quebec","Total",2039,64200.897
"Current Measures","Quebec","Total",2040,64804.897
"Current Measures","Quebec","Total",2041,65124.897
"Current Measures","Quebec","Total",2042,64974.897
"Current Measures","Quebec","Total",2043,65304.897
"Current Measures","Quebec","Total",2044,65614.897
"Current Measures","Quebec","Total",2045,65924.897
"Current Measures","Quebec","Total",2046,66860.6
"Current Measures","Quebec","Total",2047,67694.6
"Current Measures","Quebec","Total",2048,68534.6
"Current Measures","Quebec","Total",2049,69364.6
"Current Measures","Quebec","Total",2050,70304.6
"Current Measures","Saskatchewan","Bioenergy",2020,36
"Current Measures","Saskatchewan","Bioenergy",2021,36
"Current Measures","Saskatchewan","Bioenergy",2022,36
"Current Measures","Saskatchewan","Bioenergy",2023,36
"Current Measures","Saskatchewan","Bioenergy",2024,36
"Current Measures","Saskatchewan","Bioenergy",2025,36
"Current Measures","Saskatchewan","Bioenergy",2026,36
"Current Measures","Saskatchewan","Bioenergy",2027,36
"Current Measures","Saskatchewan","Bioenergy",2028,36
"Current Measures","Saskatchewan","Bioenergy",2029,36
"Current Measures","Saskatchewan","Bioenergy",2030,36
"Current Measures","Saskatchewan","Bioenergy",2031,36
"Current Measures","Saskatchewan","Bioenergy",2032,36
"Current Measures","Saskatchewan","Bioenergy",2033,36
"Current Measures","Saskatchewan","Bioenergy",2034,36
"Current Measures","Saskatchewan","Bioenergy",2035,36
"Current Measures","Saskatchewan","Bioenergy",2036,36
"Current Measures","Saskatchewan","Bioenergy",2037,36
"Current Measures","Saskatchewan","Bioenergy",2038,36
"Current Measures","Saskatchewan","Bioenergy",2039,36
"Current Measures","Saskatchewan","Bioenergy",2040,36
"Current Measures","Saskatchewan","Bioenergy",2041,36
"Current Measures","Saskatchewan","Bioenergy",2042,36
"Current Measures","Saskatchewan","Bioenergy",2043,36
"Current Measures","Saskatchewan","Bioenergy",2044,36
"Current Measures","Saskatchewan","Bioenergy",2045,36
"Current Measures","Saskatchewan","Bioenergy",2046,36
"Current Measures","Saskatchewan","Bioenergy",2047,36
"Current Measures","Saskatchewan","Bioenergy",2048,36
"Current Measures","Saskatchewan","Bioenergy",2049,36
"Current Measures","Saskatchewan","Bioenergy",2050,36
"Current Measures","Saskatchewan","Coal and Coke",2020,1420
"Current Measures","Saskatchewan","Coal and Coke",2021,1420
"Current Measures","Saskatchewan","Coal and Coke",2022,1280
"Current Measures","Saskatchewan","Coal and Coke",2023,1140
"Current Measures","Saskatchewan","Coal and Coke",2024,1140
"Current Measures","Saskatchewan","Coal and Coke",2025,1140
"Current Measures","Saskatchewan","Coal and Coke",2026,1140
"Current Measures","Saskatchewan","Coal and Coke",2027,851
"Current Measures","Saskatchewan","Coal and Coke",2028,851
"Current Measures","Saskatchewan","Coal and Coke",2029,276
"Current Measures","Saskatchewan","Coal and Coke",2030,276
"Current Measures","Saskatchewan","Coal and Coke",2031,0
"Current Measures","Saskatchewan","Coal and Coke",2032,0
"Current Measures","Saskatchewan","Coal and Coke",2033,0
"Current Measures","Saskatchewan","Coal and Coke",2034,0
"Current Measures","Saskatchewan","Coal and Coke",2035,0
"Current Measures","Saskatchewan","Coal and Coke",2036,0
"Current Measures","Saskatchewan","Coal and Coke",2037,0
"Current Measures","Saskatchewan","Coal and Coke",2038,0
"Current Measures","Saskatchewan","Coal and Coke",2039,0
"Current Measures","Saskatchewan","Coal and Coke",2040,0
"Current Measures","Saskatchewan","Coal and Coke",2041,0
"Current Measures","Saskatchewan","Coal and Coke",2042,0
"Current Measures","Saskatchewan","Coal and Coke",2043,0
"Current Measures","Saskatchewan","Coal and Coke",2044,0
"Current Measures","Saskatchewan","Coal and Coke",2045,0
"Current Measures","Saskatchewan","Coal and Coke",2046,0
"Current Measures","Saskatchewan","Coal and Coke",2047,0
"Current Measures","Saskatchewan","Coal and Coke",2048,0
"Current Measures","Saskatchewan","Coal and Coke",2049,0
"Current Measures","Saskatchewan","Coal and Coke",2050,0
"Current Measures","Saskatchewan","Coal with CCUS",2020,115
"Current Measures","Saskatchewan","Coal with CCUS",2021,115
"Current Measures","Saskatchewan","Coal with CCUS",2022,115
"Current Measures","Saskatchewan","Coal with CCUS",2023,115
"Current Measures","Saskatchewan","Coal with CCUS",2024,115
"Current Measures","Saskatchewan","Coal with CCUS",2025,115
"Current Measures","Saskatchewan","Coal with CCUS",2026,115
"Current Measures","Saskatchewan","Coal with CCUS",2027,115
"Current Measures","Saskatchewan","Coal with CCUS",2028,115
"Current Measures","Saskatchewan","Coal with CCUS",2029,115
"Current Measures","Saskatchewan","Coal with CCUS",2030,115
"Current Measures","Saskatchewan","Coal with CCUS",2031,115
"Current Measures","Saskatchewan","Coal with CCUS",2032,115
"Current Measures","Saskatchewan","Coal with CCUS",2033,115
"Current Measures","Saskatchewan","Coal with CCUS",2034,115
"Current Measures","Saskatchewan","Coal with CCUS",2035,115
"Current Measures","Saskatchewan","Coal with CCUS",2036,115
"Current Measures","Saskatchewan","Coal with CCUS",2037,115
"Current Measures","Saskatchewan","Coal with CCUS",2038,115
"Current Measures","Saskatchewan","Coal with CCUS",2039,115
"Current Measures","Saskatchewan","Coal with CCUS",2040,115
"Current Measures","Saskatchewan","Coal with CCUS",2041,115
"Current Measures","Saskatchewan","Coal with CCUS",2042,115
"Current Measures","Saskatchewan","Coal with CCUS",2043,115
"Current Measures","Saskatchewan","Coal with CCUS",2044,115
"Current Measures","Saskatchewan","Coal with CCUS",2045,115
"Current Measures","Saskatchewan","Coal with CCUS",2046,115
"Current Measures","Saskatchewan","Coal with CCUS",2047,115
"Current Measures","Saskatchewan","Coal with CCUS",2048,115
"Current Measures","Saskatchewan","Coal with CCUS",2049,115
"Current Measures","Saskatchewan","Coal with CCUS",2050,115
"Current Measures","Saskatchewan","Hydro",2020,889
"Current Measures","Saskatchewan","Hydro",2021,889
"Current Measures","Saskatchewan","Hydro",2022,889
"Current Measures","Saskatchewan","Hydro",2023,889
"Current Measures","Saskatchewan","Hydro",2024,889
"Current Measures","Saskatchewan","Hydro",2025,914
"Current Measures","Saskatchewan","Hydro",2026,914
"Current Measures","Saskatchewan","Hydro",2027,914
"Current Measures","Saskatchewan","Hydro",2028,914
"Current Measures","Saskatchewan","Hydro",2029,914
"Current Measures","Saskatchewan","Hydro",2030,914
"Current Measures","Saskatchewan","Hydro",2031,914
"Current Measures","Saskatchewan","Hydro",2032,939
"Current Measures","Saskatchewan","Hydro",2033,939
"Current Measures","Saskatchewan","Hydro",2034,939
"Current Measures","Saskatchewan","Hydro",2035,939
"Current Measures","Saskatchewan","Hydro",2036,949
"Current Measures","Saskatchewan","Hydro",2037,959
"Current Measures","Saskatchewan","Hydro",2038,969
"Current Measures","Saskatchewan","Hydro",2039,979
"Current Measures","Saskatchewan","Hydro",2040,989
"Current Measures","Saskatchewan","Hydro",2041,989
"Current Measures","Saskatchewan","Hydro",2042,989
"Current Measures","Saskatchewan","Hydro",2043,989
"Current Measures","Saskatchewan","Hydro",2044,989
"Current Measures","Saskatchewan","Hydro",2045,989
"Current Measures","Saskatchewan","Hydro",2046,989
"Current Measures","Saskatchewan","Hydro",2047,989
"Current Measures","Saskatchewan","Hydro",2048,989
"Current Measures","Saskatchewan","Hydro",2049,989
"Current Measures","Saskatchewan","Hydro",2050,989
"Current Measures","Saskatchewan","Natural Gas",2020,1840
"Current Measures","Saskatchewan","Natural Gas",2021,1840
"Current Measures","Saskatchewan","Natural Gas",2022,1840
"Current Measures","Saskatchewan","Natural Gas",2023,1840
"Current Measures","Saskatchewan","Natural Gas",2024,2100
"Current Measures","Saskatchewan","Natural Gas",2025,2820
"Current Measures","Saskatchewan","Natural Gas",2026,2950
"Current Measures","Saskatchewan","Natural Gas",2027,3080
"Current Measures","Saskatchewan","Natural Gas",2028,3210
"Current Measures","Saskatchewan","Natural Gas",2029,3340
"Current Measures","Saskatchewan","Natural Gas",2030,3470
"Current Measures","Saskatchewan","Natural Gas",2031,3600
"Current Measures","Saskatchewan","Natural Gas",2032,3740
"Current Measures","Saskatchewan","Natural Gas",2033,3870
"Current Measures","Saskatchewan","Natural Gas",2034,4010
"Current Measures","Saskatchewan","Natural Gas",2035,3920
"Current Measures","Saskatchewan","Natural Gas",2036,4020
"Current Measures","Saskatchewan","Natural Gas",2037,4100
"Current Measures","Saskatchewan","Natural Gas",2038,4050
"Current Measures","Saskatchewan","Natural Gas",2039,3890
"Current Measures","Saskatchewan","Natural Gas",2040,4010
"Current Measures","Saskatchewan","Natural Gas",2041,4140
"Current Measures","Saskatchewan","Natural Gas",2042,4280
"Current Measures","Saskatchewan","Natural Gas",2043,4410
"Current Measures","Saskatchewan","Natural Gas",2044,4540
"Current Measures","Saskatchewan","Natural Gas",2045,4580
"Current Measures","Saskatchewan","Natural Gas",2046,4600
"Current Measures","Saskatchewan","Natural Gas",2047,4870
"Current Measures","Saskatchewan","Natural Gas",2048,5050
"Current Measures","Saskatchewan","Natural Gas",2049,5320
"Current Measures","Saskatchewan","Natural Gas",2050,4600
"Current Measures","Saskatchewan","Oil",2020,17
"Current Measures","Saskatchewan","Oil",2021,17
"Current Measures","Saskatchewan","Oil",2022,17
"Current Measures","Saskatchewan","Oil",2023,17
"Current Measures","Saskatchewan","Oil",2024,17
"Current Measures","Saskatchewan","Oil",2025,17
"Current Measures","Saskatchewan","Oil",2026,17
"Current Measures","Saskatchewan","Oil",2027,17
"Current Measures","Saskatchewan","Oil",2028,17
"Current Measures","Saskatchewan","Oil",2029,17
"Current Measures","Saskatchewan","Oil",2030,17
"Current Measures","Saskatchewan","Oil",2031,17
"Current Measures","Saskatchewan","Oil",2032,17
"Current Measures","Saskatchewan","Oil",2033,17
"Current Measures","Saskatchewan","Oil",2034,17
"Current Measures","Saskatchewan","Oil",2035,17
"Current Measures","Saskatchewan","Oil",2036,17
"Current Measures","Saskatchewan","Oil",2037,17
"Current Measures","Saskatchewan","Oil",2038,17
"Current Measures","Saskatchewan","Oil",2039,17
"Current Measures","Saskatchewan","Oil",2040,17
"Current Measures","Saskatchewan","Oil",2041,17
"Current Measures","Saskatchewan","Oil",2042,17
"Current Measures","Saskatchewan","Oil",2043,17
"Current Measures","Saskatchewan","Oil",2044,17
"Current Measures","Saskatchewan","Oil",2045,17
"Current Measures","Saskatchewan","Oil",2046,17
"Current Measures","Saskatchewan","Oil",2047,17
"Current Measures","Saskatchewan","Oil",2048,17
"Current Measures","Saskatchewan","Oil",2049,17
"Current Measures","Saskatchewan","Oil",2050,17
"Current Measures","Saskatchewan","Onshore Wind",2020,221
"Current Measures","Saskatchewan","Onshore Wind",2021,221
"Current Measures","Saskatchewan","Onshore Wind",2022,221
"Current Measures","Saskatchewan","Onshore Wind",2023,221
"Current Measures","Saskatchewan","Onshore Wind",2024,1690
"Current Measures","Saskatchewan","Onshore Wind",2025,1800
"Current Measures","Saskatchewan","Onshore Wind",2026,1960
"Current Measures","Saskatchewan","Onshore Wind",2027,2130
"Current Measures","Saskatchewan","Onshore Wind",2028,2300
"Current Measures","Saskatchewan","Onshore Wind",2029,2470
"Current Measures","Saskatchewan","Onshore Wind",2030,2630
"Current Measures","Saskatchewan","Onshore Wind",2031,2740
"Current Measures","Saskatchewan","Onshore Wind",2032,2850
"Current Measures","Saskatchewan","Onshore Wind",2033,2960
"Current Measures","Saskatchewan","Onshore Wind",2034,3170
"Current Measures","Saskatchewan","Onshore Wind",2035,3280
"Current Measures","Saskatchewan","Onshore Wind",2036,3370
"Current Measures","Saskatchewan","Onshore Wind",2037,3460
"Current Measures","Saskatchewan","Onshore Wind",2038,3660
"Current Measures","Saskatchewan","Onshore Wind",2039,3750
"Current Measures","Saskatchewan","Onshore Wind",2040,3850
"Current Measures","Saskatchewan","Onshore Wind",2041,3960
"Current Measures","Saskatchewan","Onshore Wind",2042,4070
"Current Measures","Saskatchewan","Onshore Wind",2043,4180
"Current Measures","Saskatchewan","Onshore Wind",2044,4290
"Current Measures","Saskatchewan","Onshore Wind",2045,4400
"Current Measures","Saskatchewan","Onshore Wind",2046,4490
"Current Measures","Saskatchewan","Onshore Wind",2047,4570
"Current Measures","Saskatchewan","Onshore Wind",2048,4650
"Current Measures","Saskatchewan","Onshore Wind",2049,4740
"Current Measures","Saskatchewan","Onshore Wind",2050,4820
"Current Measures","Saskatchewan","Solar (Distributed)",2020,20
"Current Measures","Saskatchewan","Solar (Distributed)",2021,20
"Current Measures","Saskatchewan","Solar (Distributed)",2022,20
"Current Measures","Saskatchewan","Solar (Distributed)",2023,20
"Current Measures","Saskatchewan","Solar (Distributed)",2024,20
"Current Measures","Saskatchewan","Solar (Distributed)",2025,20
"Current Measures","Saskatchewan","Solar (Distributed)",2026,28
"Current Measures","Saskatchewan","Solar (Distributed)",2027,36
"Current Measures","Saskatchewan","Solar (Distributed)",2028,44
"Current Measures","Saskatchewan","Solar (Distributed)",2029,52
"Current Measures","Saskatchewan","Solar (Distributed)",2030,60
"Current Measures","Saskatchewan","Solar (Distributed)",2031,66
"Current Measures","Saskatchewan","Solar (Distributed)",2032,72
"Current Measures","Saskatchewan","Solar (Distributed)",2033,78
"Current Measures","Saskatchewan","Solar (Distributed)",2034,84
"Current Measures","Saskatchewan","Solar (Distributed)",2035,90
"Current Measures","Saskatchewan","Solar (Distributed)",2036,96
"Current Measures","Saskatchewan","Solar (Distributed)",2037,102
"Current Measures","Saskatchewan","Solar (Distributed)",2038,108
"Current Measures","Saskatchewan","Solar (Distributed)",2039,114
"Current Measures","Saskatchewan","Solar (Distributed)",2040,120
"Current Measures","Saskatchewan","Solar (Distributed)",2041,128
"Current Measures","Saskatchewan","Solar (Distributed)",2042,136
"Current Measures","Saskatchewan","Solar (Distributed)",2043,144
"Current Measures","Saskatchewan","Solar (Distributed)",2044,152
"Current Measures","Saskatchewan","Solar (Distributed)",2045,160
"Current Measures","Saskatchewan","Solar (Distributed)",2046,168
"Current Measures","Saskatchewan","Solar (Distributed)",2047,176
"Current Measures","Saskatchewan","Solar (Distributed)",2048,184
"Current Measures","Saskatchewan","Solar (Distributed)",2049,192
"Current Measures","Saskatchewan","Solar (Distributed)",2050,200
"Current Measures","Saskatchewan","Solar (Utility scale)",2020,64
"Current Measures","Saskatchewan","Solar (Utility scale)",2021,64
"Current Measures","Saskatchewan","Solar (Utility scale)",2022,64
"Current Measures","Saskatchewan","Solar (Utility scale)",2023,64
"Current Measures","Saskatchewan","Solar (Utility scale)",2024,64
"Current Measures","Saskatchewan","Solar (Utility scale)",2025,64
"Current Measures","Saskatchewan","Solar (Utility scale)",2026,64
"Current Measures","Saskatchewan","Solar (Utility scale)",2027,64
"Current Measures","Saskatchewan","Solar (Utility scale)",2028,64
"Current Measures","Saskatchewan","Solar (Utility scale)",2029,64
"Current Measures","Saskatchewan","Solar (Utility scale)",2030,96
"Current Measures","Saskatchewan","Solar (Utility scale)",2031,239
"Current Measures","Saskatchewan","Solar (Utility scale)",2032,382
"Current Measures","Saskatchewan","Solar (Utility scale)",2033,525
"Current Measures","Saskatchewan","Solar (Utility scale)",2034,668
"Current Measures","Saskatchewan","Solar (Utility scale)",2035,811
"Current Measures","Saskatchewan","Solar (Utility scale)",2036,1140
"Current Measures","Saskatchewan","Solar (Utility scale)",2037,1470
"Current Measures","Saskatchewan","Solar (Utility scale)",2038,1790
"Current Measures","Saskatchewan","Solar (Utility scale)",2039,2120
"Current Measures","Saskatchewan","Solar (Utility scale)",2040,2450
"Current Measures","Saskatchewan","Solar (Utility scale)",2041,2530
"Current Measures","Saskatchewan","Solar (Utility scale)",2042,2610
"Current Measures","Saskatchewan","Solar (Utility scale)",2043,2690
"Current Measures","Saskatchewan","Solar (Utility scale)",2044,2770
"Current Measures","Saskatchewan","Solar (Utility scale)",2045,2850
"Current Measures","Saskatchewan","Solar (Utility scale)",2046,2890
"Current Measures","Saskatchewan","Solar (Utility scale)",2047,2930
"Current Measures","Saskatchewan","Solar (Utility scale)",2048,2970
"Current Measures","Saskatchewan","Solar (Utility scale)",2049,3020
"Current Measures","Saskatchewan","Solar (Utility scale)",2050,3060
"Current Measures","Saskatchewan","Total",2020,4622
"Current Measures","Saskatchewan","Total",2021,4622
"Current Measures","Saskatchewan","Total",2022,4482
"Current Measures","Saskatchewan","Total",2023,4342
"Current Measures","Saskatchewan","Total",2024,6071
"Current Measures","Saskatchewan","Total",2025,6926
"Current Measures","Saskatchewan","Total",2026,7224
"Current Measures","Saskatchewan","Total",2027,7243
"Current Measures","Saskatchewan","Total",2028,7551
"Current Measures","Saskatchewan","Total",2029,7284
"Current Measures","Saskatchewan","Total",2030,7614
"Current Measures","Saskatchewan","Total",2031,7727
"Current Measures","Saskatchewan","Total",2032,8151
"Current Measures","Saskatchewan","Total",2033,8540
"Current Measures","Saskatchewan","Total",2034,9039
"Current Measures","Saskatchewan","Total",2035,9208
"Current Measures","Saskatchewan","Total",2036,9743
"Current Measures","Saskatchewan","Total",2037,10259
"Current Measures","Saskatchewan","Total",2038,10745
"Current Measures","Saskatchewan","Total",2039,11021
"Current Measures","Saskatchewan","Total",2040,11587
"Current Measures","Saskatchewan","Total",2041,11915
"Current Measures","Saskatchewan","Total",2042,12253
"Current Measures","Saskatchewan","Total",2043,12581
"Current Measures","Saskatchewan","Total",2044,12909
"Current Measures","Saskatchewan","Total",2045,13147
"Current Measures","Saskatchewan","Total",2046,13305
"Current Measures","Saskatchewan","Total",2047,13703
"Current Measures","Saskatchewan","Total",2048,14011
"Current Measures","Saskatchewan","Total",2049,14429
"Current Measures","Saskatchewan","Total",2050,13837
"Current Measures","Yukon","Bioenergy",2020,0.5
"Current Measures","Yukon","Bioenergy",2021,0.5
"Current Measures","Yukon","Bioenergy",2022,0.5
"Current Measures","Yukon","Bioenergy",2023,0.5
"Current Measures","Yukon","Bioenergy",2024,0.5
"Current Measures","Yukon","Bioenergy",2025,36.7
"Current Measures","Yukon","Bioenergy",2026,36.7
"Current Measures","Yukon","Bioenergy",2027,36.7
"Current Measures","Yukon","Bioenergy",2028,36.7
"Current Measures","Yukon","Bioenergy",2029,36.7
"Current Measures","Yukon","Bioenergy",2030,36.7
"Current Measures","Yukon","Bioenergy",2031,36.7
"Current Measures","Yukon","Bioenergy",2032,36.7
"Current Measures","Yukon","Bioenergy",2033,36.7
"Current Measures","Yukon","Bioenergy",2034,36.7
"Current Measures","Yukon","Bioenergy",2035,36.7
"Current Measures","Yukon","Bioenergy",2036,36.7
"Current Measures","Yukon","Bioenergy",2037,36.7
"Current Measures","Yukon","Bioenergy",2038,36.7
"Current Measures","Yukon","Bioenergy",2039,36.7
"Current Measures","Yukon","Bioenergy",2040,36.7
"Current Measures","Yukon","Bioenergy",2041,36.7
"Current Measures","Yukon","Bioenergy",2042,36.7
"Current Measures","Yukon","Bioenergy",2043,36.7
"Current Measures","Yukon","Bioenergy",2044,36.7
"Current Measures","Yukon","Bioenergy",2045,36.7
"Current Measures","Yukon","Bioenergy",2046,36.7
"Current Measures","Yukon","Bioenergy",2047,36.7
"Current Measures","Yukon","Bioenergy",2048,36.7
"Current Measures","Yukon","Bioenergy",2049,36.7
"Current Measures","Yukon","Bioenergy",2050,36.7
"Current Measures","Yukon","Hydro",2020,94.5
"Current Measures","Yukon","Hydro",2021,94.5
"Current Measures","Yukon","Hydro",2022,99.5
"Current Measures","Yukon","Hydro",2023,99.5
"Current Measures","Yukon","Hydro",2024,99.5
"Current Measures","Yukon","Hydro",2025,99.5
"Current Measures","Yukon","Hydro",2026,99.5
"Current Measures","Yukon","Hydro",2027,99.5
"Current Measures","Yukon","Hydro",2028,99.5
"Current Measures","Yukon","Hydro",2029,104
"Current Measures","Yukon","Hydro",2030,104
"Current Measures","Yukon","Hydro",2031,104
"Current Measures","Yukon","Hydro",2032,104
"Current Measures","Yukon","Hydro",2033,104
"Current Measures","Yukon","Hydro",2034,104
"Current Measures","Yukon","Hydro",2035,104
"Current Measures","Yukon","Hydro",2036,104
"Current Measures","Yukon","Hydro",2037,104
"Current Measures","Yukon","Hydro",2038,104
"Current Measures","Yukon","Hydro",2039,104
"Current Measures","Yukon","Hydro",2040,104
"Current Measures","Yukon","Hydro",2041,104
"Current Measures","Yukon","Hydro",2042,104
"Current Measures","Yukon","Hydro",2043,104
"Current Measures","Yukon","Hydro",2044,104
"Current Measures","Yukon","Hydro",2045,104
"Current Measures","Yukon","Hydro",2046,104
"Current Measures","Yukon","Hydro",2047,104
"Current Measures","Yukon","Hydro",2048,104
"Current Measures","Yukon","Hydro",2049,104
"Current Measures","Yukon","Hydro",2050,104
"Current Measures","Yukon","Natural Gas",2020,19.8
"Current Measures","Yukon","Natural Gas",2021,19.8
"Current Measures","Yukon","Natural Gas",2022,19.8
"Current Measures","Yukon","Natural Gas",2023,19.8
"Current Measures","Yukon","Natural Gas",2024,19.8
"Current Measures","Yukon","Natural Gas",2025,19.8
"Current Measures","Yukon","Natural Gas",2026,19.8
"Current Measures","Yukon","Natural Gas",2027,19.8
"Current Measures","Yukon","Natural Gas",2028,19.8
"Current Measures","Yukon","Natural Gas",2029,19.8
"Current Measures","Yukon","Natural Gas",2030,19.8
"Current Measures","Yukon","Natural Gas",2031,19.8
"Current Measures","Yukon","Natural Gas",2032,19.8
"Current Measures","Yukon","Natural Gas",2033,19.8
"Current Measures","Yukon","Natural Gas",2034,19.8
"Current Measures","Yukon","Natural Gas",2035,19.8
"Current Measures","Yukon","Natural Gas",2036,19.8
"Current Measures","Yukon","Natural Gas",2037,19.8
"Current Measures","Yukon","Natural Gas",2038,19.8
"Current Measures","Yukon","Natural Gas",2039,19.8
"Current Measures","Yukon","Natural Gas",2040,19.8
"Current Measures","Yukon","Natural Gas",2041,19.8
"Current Measures","Yukon","Natural Gas",2042,19.8
"Current Measures","Yukon","Natural Gas",2043,19.8
"Current Measures","Yukon","Natural Gas",2044,19.8
"Current Measures","Yukon","Natural Gas",2045,19.8
"Current Measures","Yukon","Natural Gas",2046,19.8
"Current Measures","Yukon","Natural Gas",2047,19.8
"Current Measures","Yukon","Natural Gas",2048,19.8
"Current Measures","Yukon","Natural Gas",2049,19.8
"Current Measures","Yukon","Natural Gas",2050,19.8
"Current Measures","Yukon","Oil",2020,24.6
"Current Measures","Yukon","Oil",2021,24.6
"Current Measures","Yukon","Oil",2022,24.6
"Current Measures","Yukon","Oil",2023,24.6
"Current Measures","Yukon","Oil",2024,24.6
"Current Measures","Yukon","Oil",2025,34.6
"Current Measures","Yukon","Oil",2026,21.6
"Current Measures","Yukon","Oil",2027,18.6
"Current Measures","Yukon","Oil",2028,18.6
"Current Measures","Yukon","Oil",2029,18.6
"Current Measures","Yukon","Oil",2030,18.6
"Current Measures","Yukon","Oil",2031,23.6
"Current Measures","Yukon","Oil",2032,23.6
"Current Measures","Yukon","Oil",2033,23.6
"Current Measures","Yukon","Oil",2034,23.6
"Current Measures","Yukon","Oil",2035,23.6
"Current Measures","Yukon","Oil",2036,23.6
"Current Measures","Yukon","Oil",2037,23.6
"Current Measures","Yukon","Oil",2038,23.6
"Current Measures","Yukon","Oil",2039,23.6
"Current Measures","Yukon","Oil",2040,23.6
"Current Measures","Yukon","Oil",2041,23.6
"Current Measures","Yukon","Oil",2042,23.6
"Current Measures","Yukon","Oil",2043,23.6
"Current Measures","Yukon","Oil",2044,23.6
"Current Measures","Yukon","Oil",2045,23.6
"Current Measures","Yukon","Oil",2046,23.6
"Current Measures","Yukon","Oil",2047,23.6
"Current Measures","Yukon","Oil",2048,23.6
"Current Measures","Yukon","Oil",2049,23.6
"Current Measures","Yukon","Oil",2050,23.6
"Current Measures","Yukon","Onshore Wind",2020,0.81
"Current Measures","Yukon","Onshore Wind",2021,0.81
"Current Measures","Yukon","Onshore Wind",2022,0.81
"Current Measures","Yukon","Onshore Wind",2023,0.81
"Current Measures","Yukon","Onshore Wind",2024,0.81
"Current Measures","Yukon","Onshore Wind",2025,7.81
"Current Measures","Yukon","Onshore Wind",2026,7.81
"Current Measures","Yukon","Onshore Wind",2027,7.81
"Current Measures","Yukon","Onshore Wind",2028,7.81
"Current Measures","Yukon","Onshore Wind",2029,7.81
"Current Measures","Yukon","Onshore Wind",2030,11
"Current Measures","Yukon","Onshore Wind",2031,11
"Current Measures","Yukon","Onshore Wind",2032,11
"Current Measures","Yukon","Onshore Wind",2033,11
"Current Measures","Yukon","Onshore Wind",2034,11
"Current Measures","Yukon","Onshore Wind",2035,11
"Current Measures","Yukon","Onshore Wind",2036,11
"Current Measures","Yukon","Onshore Wind",2037,11
"Current Measures","Yukon","Onshore Wind",2038,11
"Current Measures","Yukon","Onshore Wind",2039,11
"Current Measures","Yukon","Onshore Wind",2040,11
"Current Measures","Yukon","Onshore Wind",2041,11
"Current Measures","Yukon","Onshore Wind",2042,11
"Current Measures","Yukon","Onshore Wind",2043,11
"Current Measures","Yukon","Onshore Wind",2044,11
"Current Measures","Yukon","Onshore Wind",2045,11
"Current Measures","Yukon","Onshore Wind",2046,11
"Current Measures","Yukon","Onshore Wind",2047,11
"Current Measures","Yukon","Onshore Wind",2048,11
"Current Measures","Yukon","Onshore Wind",2049,11
"Current Measures","Yukon","Onshore Wind",2050,11
"Current Measures","Yukon","Solar (Distributed)",2020,0.05
"Current Measures","Yukon","Solar (Distributed)",2021,0.115
"Current Measures","Yukon","Solar (Distributed)",2022,0.18
"Current Measures","Yukon","Solar (Distributed)",2023,0.245
"Current Measures","Yukon","Solar (Distributed)",2024,0.31
"Current Measures","Yukon","Solar (Distributed)",2025,0.375
"Current Measures","Yukon","Solar (Distributed)",2026,0.44
"Current Measures","Yukon","Solar (Distributed)",2027,0.505
"Current Measures","Yukon","Solar (Distributed)",2028,0.57
"Current Measures","Yukon","Solar (Distributed)",2029,0.635
"Current Measures","Yukon","Solar (Distributed)",2030,0.7
"Current Measures","Yukon","Solar (Distributed)",2031,0.68
"Current Measures","Yukon","Solar (Distributed)",2032,0.66
"Current Measures","Yukon","Solar (Distributed)",2033,0.64
"Current Measures","Yukon","Solar (Distributed)",2034,0.62
"Current Measures","Yukon","Solar (Distributed)",2035,0.6
"Current Measures","Yukon","Solar (Distributed)",2036,0.58
"Current Measures","Yukon","Solar (Distributed)",2037,0.56
"Current Measures","Yukon","Solar (Distributed)",2038,0.54
"Current Measures","Yukon","Solar (Distributed)",2039,0.52
"Current Measures","Yukon","Solar (Distributed)",2040,0.5
"Current Measures","Yukon","Solar (Distributed)",2041,0.5
"Current Measures","Yukon","Solar (Distributed)",2042,0.5
"Current Measures","Yukon","Solar (Distributed)",2043,0.5
"Current Measures","Yukon","Solar (Distributed)",2044,0.5
"Current Measures","Yukon","Solar (Distributed)",2045,0.5
"Current Measures","Yukon","Solar (Distributed)",2046,0.5
"Current Measures","Yukon","Solar (Distributed)",2047,0.5
"Current Measures","Yukon","Solar (Distributed)",2048,0.5
"Current Measures","Yukon","Solar (Distributed)",2049,0.5
"Current Measures","Yukon","Solar (Distributed)",2050,0.5
"Current Measures","Yukon","Solar (Utility scale)",2020,0.044
"Current Measures","Yukon","Solar (Utility scale)",2021,0.044
"Current Measures","Yukon","Solar (Utility scale)",2022,0.044
"Current Measures","Yukon","Solar (Utility scale)",2023,0.044
"Current Measures","Yukon","Solar (Utility scale)",2024,0.044
"Current Measures","Yukon","Solar (Utility scale)",2025,1.04
"Current Measures","Yukon","Solar (Utility scale)",2026,1.04
"Current Measures","Yukon","Solar (Utility scale)",2027,1.04
"Current Measures","Yukon","Solar (Utility scale)",2028,1.04
"Current Measures","Yukon","Solar (Utility scale)",2029,1.04
"Current Measures","Yukon","Solar (Utility scale)",2030,2.04
"Current Measures","Yukon","Solar (Utility scale)",2031,2.04
"Current Measures","Yukon","Solar (Utility scale)",2032,2.04
"Current Measures","Yukon","Solar (Utility scale)",2033,2.04
"Current Measures","Yukon","Solar (Utility scale)",2034,2.04
"Current Measures","Yukon","Solar (Utility scale)",2035,21.2
"Current Measures","Yukon","Solar (Utility scale)",2036,21.2
"Current Measures","Yukon","Solar (Utility scale)",2037,21.2
"Current Measures","Yukon","Solar (Utility scale)",2038,21.2
"Current Measures","Yukon","Solar (Utility scale)",2039,21.2
"Current Measures","Yukon","Solar (Utility scale)",2040,22
"Current Measures","Yukon","Solar (Utility scale)",2041,22
"Current Measures","Yukon","Solar (Utility scale)",2042,22
"Current Measures","Yukon","Solar (Utility scale)",2043,22
"Current Measures","Yukon","Solar (Utility scale)",2044,22
"Current Measures","Yukon","Solar (Utility scale)",2045,30.2
"Current Measures","Yukon","Solar (Utility scale)",2046,30.2
"Current Measures","Yukon","Solar (Utility scale)",2047,30.2
"Current Measures","Yukon","Solar (Utility scale)",2048,30.2
"Current Measures","Yukon","Solar (Utility scale)",2049,30.2
"Current Measures","Yukon","Solar (Utility scale)",2050,36.4
"Current Measures","Yukon","Total",2020,140.304
"Current Measures","Yukon","Total",2021,140.369
"Current Measures","Yukon","Total",2022,145.434
"Current Measures","Yukon","Total",2023,145.499
"Current Measures","Yukon","Total",2024,145.564
"Current Measures","Yukon","Total",2025,199.825
"Current Measures","Yukon","Total",2026,186.89
"Current Measures","Yukon","Total",2027,183.955
"Current Measures","Yukon","Total",2028,184.02
"Current Measures","Yukon","Total",2029,188.585
"Current Measures","Yukon","Total",2030,192.84
"Current Measures","Yukon","Total",2031,197.82
"Current Measures","Yukon","Total",2032,197.8
"Current Measures","Yukon","Total",2033,197.78
"Current Measures","Yukon","Total",2034,197.76
"Current Measures","Yukon","Total",2035,216.9
"Current Measures","Yukon","Total",2036,216.88
"Current Measures","Yukon","Total",2037,216.86
"Current Measures","Yukon","Total",2038,216.84
"Current Measures","Yukon","Total",2039,216.82
"Current Measures","Yukon","Total",2040,217.6
"Current Measures","Yukon","Total",2041,217.6
"Current Measures","Yukon","Total",2042,217.6
"Current Measures","Yukon","Total",2043,217.6
"Current Measures","Yukon","Total",2044,217.6
"Current Measures","Yukon","Total",2045,225.8
"Current Measures","Yukon","Total",2046,225.8
"Current Measures","Yukon","Total",2047,225.8
"Current Measures","Yukon","Total",2048,225.8
"Current Measures","Yukon","Total",2049,225.8
"Current Measures","Yukon","Total",2050,232
"Global Net-zero","Alberta","Battery Storage",2020,45
"Global Net-zero","Alberta","Battery Storage",2021,45
"Global Net-zero","Alberta","Battery Storage",2022,90
"Global Net-zero","Alberta","Battery Storage",2023,90
"Global Net-zero","Alberta","Battery Storage",2024,90
"Global Net-zero","Alberta","Battery Storage",2025,90
"Global Net-zero","Alberta","Battery Storage",2026,90
"Global Net-zero","Alberta","Battery Storage",2027,90
"Global Net-zero","Alberta","Battery Storage",2028,90
"Global Net-zero","Alberta","Battery Storage",2029,90
"Global Net-zero","Alberta","Battery Storage",2030,90
"Global Net-zero","Alberta","Battery Storage",2031,90
"Global Net-zero","Alberta","Battery Storage",2032,90
"Global Net-zero","Alberta","Battery Storage",2033,90
"Global Net-zero","Alberta","Battery Storage",2034,90
"Global Net-zero","Alberta","Battery Storage",2035,90
"Global Net-zero","Alberta","Battery Storage",2036,90
"Global Net-zero","Alberta","Battery Storage",2037,90
"Global Net-zero","Alberta","Battery Storage",2038,90
"Global Net-zero","Alberta","Battery Storage",2039,90
"Global Net-zero","Alberta","Battery Storage",2040,45
"Global Net-zero","Alberta","Battery Storage",2041,45
"Global Net-zero","Alberta","Battery Storage",2042,200
"Global Net-zero","Alberta","Battery Storage",2043,200
"Global Net-zero","Alberta","Battery Storage",2044,200
"Global Net-zero","Alberta","Battery Storage",2045,200
"Global Net-zero","Alberta","Battery Storage",2046,980
"Global Net-zero","Alberta","Battery Storage",2047,2000
"Global Net-zero","Alberta","Battery Storage",2048,2900
"Global Net-zero","Alberta","Battery Storage",2049,3900
"Global Net-zero","Alberta","Battery Storage",2050,4900
"Global Net-zero","Alberta","Bioenergy",2020,286
"Global Net-zero","Alberta","Bioenergy",2021,286
"Global Net-zero","Alberta","Bioenergy",2022,286
"Global Net-zero","Alberta","Bioenergy",2023,286
"Global Net-zero","Alberta","Bioenergy",2024,286
"Global Net-zero","Alberta","Bioenergy",2025,286
"Global Net-zero","Alberta","Bioenergy",2026,286
"Global Net-zero","Alberta","Bioenergy",2027,286
"Global Net-zero","Alberta","Bioenergy",2028,286
"Global Net-zero","Alberta","Bioenergy",2029,286
"Global Net-zero","Alberta","Bioenergy",2030,286
"Global Net-zero","Alberta","Bioenergy",2031,286
"Global Net-zero","Alberta","Bioenergy",2032,286
"Global Net-zero","Alberta","Bioenergy",2033,286
"Global Net-zero","Alberta","Bioenergy",2034,286
"Global Net-zero","Alberta","Bioenergy",2035,286
"Global Net-zero","Alberta","Bioenergy",2036,286
"Global Net-zero","Alberta","Bioenergy",2037,286
"Global Net-zero","Alberta","Bioenergy",2038,286
"Global Net-zero","Alberta","Bioenergy",2039,286
"Global Net-zero","Alberta","Bioenergy",2040,286
"Global Net-zero","Alberta","Bioenergy",2041,286
"Global Net-zero","Alberta","Bioenergy",2042,286
"Global Net-zero","Alberta","Bioenergy",2043,286
"Global Net-zero","Alberta","Bioenergy",2044,286
"Global Net-zero","Alberta","Bioenergy",2045,286
"Global Net-zero","Alberta","Bioenergy",2046,286
"Global Net-zero","Alberta","Bioenergy",2047,286
"Global Net-zero","Alberta","Bioenergy",2048,286
"Global Net-zero","Alberta","Bioenergy",2049,286
"Global Net-zero","Alberta","Bioenergy",2050,286
"Global Net-zero","Alberta","Bioenergy with CCUS",2020,0
"Global Net-zero","Alberta","Bioenergy with CCUS",2021,0
"Global Net-zero","Alberta","Bioenergy with CCUS",2022,0
"Global Net-zero","Alberta","Bioenergy with CCUS",2023,0
"Global Net-zero","Alberta","Bioenergy with CCUS",2024,0
"Global Net-zero","Alberta","Bioenergy with CCUS",2025,0
"Global Net-zero","Alberta","Bioenergy with CCUS",2026,0
"Global Net-zero","Alberta","Bioenergy with CCUS",2027,0
"Global Net-zero","Alberta","Bioenergy with CCUS",2028,0
"Global Net-zero","Alberta","Bioenergy with CCUS",2029,0
"Global Net-zero","Alberta","Bioenergy with CCUS",2030,0
"Global Net-zero","Alberta","Bioenergy with CCUS",2031,146
"Global Net-zero","Alberta","Bioenergy with CCUS",2032,291
"Global Net-zero","Alberta","Bioenergy with CCUS",2033,437
"Global Net-zero","Alberta","Bioenergy with CCUS",2034,582
"Global Net-zero","Alberta","Bioenergy with CCUS",2035,728
"Global Net-zero","Alberta","Bioenergy with CCUS",2036,872
"Global Net-zero","Alberta","Bioenergy with CCUS",2037,1020
"Global Net-zero","Alberta","Bioenergy with CCUS",2038,1160
"Global Net-zero","Alberta","Bioenergy with CCUS",2039,1310
"Global Net-zero","Alberta","Bioenergy with CCUS",2040,1450
"Global Net-zero","Alberta","Bioenergy with CCUS",2041,1620
"Global Net-zero","Alberta","Bioenergy with CCUS",2042,1780
"Global Net-zero","Alberta","Bioenergy with CCUS",2043,1950
"Global Net-zero","Alberta","Bioenergy with CCUS",2044,2120
"Global Net-zero","Alberta","Bioenergy with CCUS",2045,2280
"Global Net-zero","Alberta","Bioenergy with CCUS",2046,2470
"Global Net-zero","Alberta","Bioenergy with CCUS",2047,2660
"Global Net-zero","Alberta","Bioenergy with CCUS",2048,2850
"Global Net-zero","Alberta","Bioenergy with CCUS",2049,3040
"Global Net-zero","Alberta","Bioenergy with CCUS",2050,3230
"Global Net-zero","Alberta","Coal and Coke",2020,4720
"Global Net-zero","Alberta","Coal and Coke",2021,3700
"Global Net-zero","Alberta","Coal and Coke",2022,1640
"Global Net-zero","Alberta","Coal and Coke",2023,830
"Global Net-zero","Alberta","Coal and Coke",2024,0
"Global Net-zero","Alberta","Coal and Coke",2025,0
"Global Net-zero","Alberta","Coal and Coke",2026,0
"Global Net-zero","Alberta","Coal and Coke",2027,0
"Global Net-zero","Alberta","Coal and Coke",2028,0
"Global Net-zero","Alberta","Coal and Coke",2029,0
"Global Net-zero","Alberta","Coal and Coke",2030,0
"Global Net-zero","Alberta","Coal and Coke",2031,0
"Global Net-zero","Alberta","Coal and Coke",2032,0
"Global Net-zero","Alberta","Coal and Coke",2033,0
"Global Net-zero","Alberta","Coal and Coke",2034,0
"Global Net-zero","Alberta","Coal and Coke",2035,0
"Global Net-zero","Alberta","Coal and Coke",2036,0
"Global Net-zero","Alberta","Coal and Coke",2037,0
"Global Net-zero","Alberta","Coal and Coke",2038,0
"Global Net-zero","Alberta","Coal and Coke",2039,0
"Global Net-zero","Alberta","Coal and Coke",2040,0
"Global Net-zero","Alberta","Coal and Coke",2041,0
"Global Net-zero","Alberta","Coal and Coke",2042,0
"Global Net-zero","Alberta","Coal and Coke",2043,0
"Global Net-zero","Alberta","Coal and Coke",2044,0
"Global Net-zero","Alberta","Coal and Coke",2045,0
"Global Net-zero","Alberta","Coal and Coke",2046,0
"Global Net-zero","Alberta","Coal and Coke",2047,0
"Global Net-zero","Alberta","Coal and Coke",2048,0
"Global Net-zero","Alberta","Coal and Coke",2049,0
"Global Net-zero","Alberta","Coal and Coke",2050,0
"Global Net-zero","Alberta","Hydro",2020,894
"Global Net-zero","Alberta","Hydro",2021,894
"Global Net-zero","Alberta","Hydro",2022,894
"Global Net-zero","Alberta","Hydro",2023,894
"Global Net-zero","Alberta","Hydro",2024,894
"Global Net-zero","Alberta","Hydro",2025,894
"Global Net-zero","Alberta","Hydro",2026,894
"Global Net-zero","Alberta","Hydro",2027,894
"Global Net-zero","Alberta","Hydro",2028,894
"Global Net-zero","Alberta","Hydro",2029,894
"Global Net-zero","Alberta","Hydro",2030,894
"Global Net-zero","Alberta","Hydro",2031,894
"Global Net-zero","Alberta","Hydro",2032,894
"Global Net-zero","Alberta","Hydro",2033,894
"Global Net-zero","Alberta","Hydro",2034,894
"Global Net-zero","Alberta","Hydro",2035,894
"Global Net-zero","Alberta","Hydro",2036,894
"Global Net-zero","Alberta","Hydro",2037,894
"Global Net-zero","Alberta","Hydro",2038,894
"Global Net-zero","Alberta","Hydro",2039,894
"Global Net-zero","Alberta","Hydro",2040,894
"Global Net-zero","Alberta","Hydro",2041,894
"Global Net-zero","Alberta","Hydro",2042,894
"Global Net-zero","Alberta","Hydro",2043,894
"Global Net-zero","Alberta","Hydro",2044,894
"Global Net-zero","Alberta","Hydro",2045,894
"Global Net-zero","Alberta","Hydro",2046,894
"Global Net-zero","Alberta","Hydro",2047,894
"Global Net-zero","Alberta","Hydro",2048,894
"Global Net-zero","Alberta","Hydro",2049,894
"Global Net-zero","Alberta","Hydro",2050,894
"Global Net-zero","Alberta","Natural Gas",2020,9570
"Global Net-zero","Alberta","Natural Gas",2021,9670
"Global Net-zero","Alberta","Natural Gas",2022,9870
"Global Net-zero","Alberta","Natural Gas",2023,12300
"Global Net-zero","Alberta","Natural Gas",2024,12300
"Global Net-zero","Alberta","Natural Gas",2025,15100
"Global Net-zero","Alberta","Natural Gas",2026,15100
"Global Net-zero","Alberta","Natural Gas",2027,15100
"Global Net-zero","Alberta","Natural Gas",2028,15100
"Global Net-zero","Alberta","Natural Gas",2029,15100
"Global Net-zero","Alberta","Natural Gas",2030,14000
"Global Net-zero","Alberta","Natural Gas",2031,14000
"Global Net-zero","Alberta","Natural Gas",2032,14000
"Global Net-zero","Alberta","Natural Gas",2033,13600
"Global Net-zero","Alberta","Natural Gas",2034,12600
"Global Net-zero","Alberta","Natural Gas",2035,8690
"Global Net-zero","Alberta","Natural Gas",2036,7700
"Global Net-zero","Alberta","Natural Gas",2037,7280
"Global Net-zero","Alberta","Natural Gas",2038,6200
"Global Net-zero","Alberta","Natural Gas",2039,6130
"Global Net-zero","Alberta","Natural Gas",2040,4570
"Global Net-zero","Alberta","Natural Gas",2041,4420
"Global Net-zero","Alberta","Natural Gas",2042,4280
"Global Net-zero","Alberta","Natural Gas",2043,4280
"Global Net-zero","Alberta","Natural Gas",2044,4160
"Global Net-zero","Alberta","Natural Gas",2045,3960
"Global Net-zero","Alberta","Natural Gas",2046,3820
"Global Net-zero","Alberta","Natural Gas",2047,3770
"Global Net-zero","Alberta","Natural Gas",2048,3740
"Global Net-zero","Alberta","Natural Gas",2049,3730
"Global Net-zero","Alberta","Natural Gas",2050,1630
"Global Net-zero","Alberta","Natural Gas with CCUS",2020,0
"Global Net-zero","Alberta","Natural Gas with CCUS",2021,0
"Global Net-zero","Alberta","Natural Gas with CCUS",2022,0
"Global Net-zero","Alberta","Natural Gas with CCUS",2023,0
"Global Net-zero","Alberta","Natural Gas with CCUS",2024,0
"Global Net-zero","Alberta","Natural Gas with CCUS",2025,0
"Global Net-zero","Alberta","Natural Gas with CCUS",2026,0
"Global Net-zero","Alberta","Natural Gas with CCUS",2027,0
"Global Net-zero","Alberta","Natural Gas with CCUS",2028,0
"Global Net-zero","Alberta","Natural Gas with CCUS",2029,0
"Global Net-zero","Alberta","Natural Gas with CCUS",2030,1000
"Global Net-zero","Alberta","Natural Gas with CCUS",2031,1100
"Global Net-zero","Alberta","Natural Gas with CCUS",2032,1190
"Global Net-zero","Alberta","Natural Gas with CCUS",2033,1280
"Global Net-zero","Alberta","Natural Gas with CCUS",2034,1370
"Global Net-zero","Alberta","Natural Gas with CCUS",2035,3670
"Global Net-zero","Alberta","Natural Gas with CCUS",2036,3870
"Global Net-zero","Alberta","Natural Gas with CCUS",2037,4070
"Global Net-zero","Alberta","Natural Gas with CCUS",2038,4270
"Global Net-zero","Alberta","Natural Gas with CCUS",2039,4470
"Global Net-zero","Alberta","Natural Gas with CCUS",2040,4670
"Global Net-zero","Alberta","Natural Gas with CCUS",2041,4670
"Global Net-zero","Alberta","Natural Gas with CCUS",2042,4670
"Global Net-zero","Alberta","Natural Gas with CCUS",2043,4670
"Global Net-zero","Alberta","Natural Gas with CCUS",2044,4670
"Global Net-zero","Alberta","Natural Gas with CCUS",2045,4670
"Global Net-zero","Alberta","Natural Gas with CCUS",2046,4920
"Global Net-zero","Alberta","Natural Gas with CCUS",2047,5160
"Global Net-zero","Alberta","Natural Gas with CCUS",2048,5400
"Global Net-zero","Alberta","Natural Gas with CCUS",2049,5640
"Global Net-zero","Alberta","Natural Gas with CCUS",2050,5880
"Global Net-zero","Alberta","Oil",2020,7.15
"Global Net-zero","Alberta","Oil",2021,7.15
"Global Net-zero","Alberta","Oil",2022,7.15
"Global Net-zero","Alberta","Oil",2023,7.15
"Global Net-zero","Alberta","Oil",2024,7.15
"Global Net-zero","Alberta","Oil",2025,7.15
"Global Net-zero","Alberta","Oil",2026,7.15
"Global Net-zero","Alberta","Oil",2027,7.15
"Global Net-zero","Alberta","Oil",2028,7.15
"Global Net-zero","Alberta","Oil",2029,7.15
"Global Net-zero","Alberta","Oil",2030,7.15
"Global Net-zero","Alberta","Oil",2031,7.15
"Global Net-zero","Alberta","Oil",2032,7.15
"Global Net-zero","Alberta","Oil",2033,7.15
"Global Net-zero","Alberta","Oil",2034,7.15
"Global Net-zero","Alberta","Oil",2035,7.15
"Global Net-zero","Alberta","Oil",2036,7.15
"Global Net-zero","Alberta","Oil",2037,7.15
"Global Net-zero","Alberta","Oil",2038,7.15
"Global Net-zero","Alberta","Oil",2039,7.15
"Global Net-zero","Alberta","Oil",2040,7.15
"Global Net-zero","Alberta","Oil",2041,7.15
"Global Net-zero","Alberta","Oil",2042,7.15
"Global Net-zero","Alberta","Oil",2043,7.15
"Global Net-zero","Alberta","Oil",2044,7.15
"Global Net-zero","Alberta","Oil",2045,7.15
"Global Net-zero","Alberta","Oil",2046,7.15
"Global Net-zero","Alberta","Oil",2047,7.15
"Global Net-zero","Alberta","Oil",2048,7.15
"Global Net-zero","Alberta","Oil",2049,7.15
"Global Net-zero","Alberta","Oil",2050,7.15
"Global Net-zero","Alberta","Onshore Wind",2020,1530
"Global Net-zero","Alberta","Onshore Wind",2021,1530
"Global Net-zero","Alberta","Onshore Wind",2022,2850
"Global Net-zero","Alberta","Onshore Wind",2023,3750
"Global Net-zero","Alberta","Onshore Wind",2024,3750
"Global Net-zero","Alberta","Onshore Wind",2025,3750
"Global Net-zero","Alberta","Onshore Wind",2026,4050
"Global Net-zero","Alberta","Onshore Wind",2027,4360
"Global Net-zero","Alberta","Onshore Wind",2028,4670
"Global Net-zero","Alberta","Onshore Wind",2029,4970
"Global Net-zero","Alberta","Onshore Wind",2030,5280
"Global Net-zero","Alberta","Onshore Wind",2031,6890
"Global Net-zero","Alberta","Onshore Wind",2032,8500
"Global Net-zero","Alberta","Onshore Wind",2033,10100
"Global Net-zero","Alberta","Onshore Wind",2034,11700
"Global Net-zero","Alberta","Onshore Wind",2035,13300
"Global Net-zero","Alberta","Onshore Wind",2036,13300
"Global Net-zero","Alberta","Onshore Wind",2037,13300
"Global Net-zero","Alberta","Onshore Wind",2038,13300
"Global Net-zero","Alberta","Onshore Wind",2039,13300
"Global Net-zero","Alberta","Onshore Wind",2040,13300
"Global Net-zero","Alberta","Onshore Wind",2041,13400
"Global Net-zero","Alberta","Onshore Wind",2042,13500
"Global Net-zero","Alberta","Onshore Wind",2043,13600
"Global Net-zero","Alberta","Onshore Wind",2044,13700
"Global Net-zero","Alberta","Onshore Wind",2045,13800
"Global Net-zero","Alberta","Onshore Wind",2046,13800
"Global Net-zero","Alberta","Onshore Wind",2047,13800
"Global Net-zero","Alberta","Onshore Wind",2048,13800
"Global Net-zero","Alberta","Onshore Wind",2049,13800
"Global Net-zero","Alberta","Onshore Wind",2050,13800
"Global Net-zero","Alberta","Solar (Distributed)",2020,100
"Global Net-zero","Alberta","Solar (Distributed)",2021,100
"Global Net-zero","Alberta","Solar (Distributed)",2022,100
"Global Net-zero","Alberta","Solar (Distributed)",2023,165
"Global Net-zero","Alberta","Solar (Distributed)",2024,165
"Global Net-zero","Alberta","Solar (Distributed)",2025,220.8333333
"Global Net-zero","Alberta","Solar (Distributed)",2026,276.6666667
"Global Net-zero","Alberta","Solar (Distributed)",2027,332.5
"Global Net-zero","Alberta","Solar (Distributed)",2028,388.3333333
"Global Net-zero","Alberta","Solar (Distributed)",2029,444.1666667
"Global Net-zero","Alberta","Solar (Distributed)",2030,500
"Global Net-zero","Alberta","Solar (Distributed)",2031,600
"Global Net-zero","Alberta","Solar (Distributed)",2032,700
"Global Net-zero","Alberta","Solar (Distributed)",2033,800
"Global Net-zero","Alberta","Solar (Distributed)",2034,900
"Global Net-zero","Alberta","Solar (Distributed)",2035,1000
"Global Net-zero","Alberta","Solar (Distributed)",2036,1100
"Global Net-zero","Alberta","Solar (Distributed)",2037,1200
"Global Net-zero","Alberta","Solar (Distributed)",2038,1300
"Global Net-zero","Alberta","Solar (Distributed)",2039,1400
"Global Net-zero","Alberta","Solar (Distributed)",2040,1500
"Global Net-zero","Alberta","Solar (Distributed)",2041,1550
"Global Net-zero","Alberta","Solar (Distributed)",2042,1600
"Global Net-zero","Alberta","Solar (Distributed)",2043,1650
"Global Net-zero","Alberta","Solar (Distributed)",2044,1700
"Global Net-zero","Alberta","Solar (Distributed)",2045,1750
"Global Net-zero","Alberta","Solar (Distributed)",2046,1800
"Global Net-zero","Alberta","Solar (Distributed)",2047,1850
"Global Net-zero","Alberta","Solar (Distributed)",2048,1900
"Global Net-zero","Alberta","Solar (Distributed)",2049,1950
"Global Net-zero","Alberta","Solar (Distributed)",2050,2000
"Global Net-zero","Alberta","Solar (Utility scale)",2020,71
"Global Net-zero","Alberta","Solar (Utility scale)",2021,305
"Global Net-zero","Alberta","Solar (Utility scale)",2022,949
"Global Net-zero","Alberta","Solar (Utility scale)",2023,1180
"Global Net-zero","Alberta","Solar (Utility scale)",2024,1180
"Global Net-zero","Alberta","Solar (Utility scale)",2025,1180
"Global Net-zero","Alberta","Solar (Utility scale)",2026,1330
"Global Net-zero","Alberta","Solar (Utility scale)",2027,1480
"Global Net-zero","Alberta","Solar (Utility scale)",2028,1630
"Global Net-zero","Alberta","Solar (Utility scale)",2029,1780
"Global Net-zero","Alberta","Solar (Utility scale)",2030,1930
"Global Net-zero","Alberta","Solar (Utility scale)",2031,3700
"Global Net-zero","Alberta","Solar (Utility scale)",2032,5470
"Global Net-zero","Alberta","Solar (Utility scale)",2033,7240
"Global Net-zero","Alberta","Solar (Utility scale)",2034,9010
"Global Net-zero","Alberta","Solar (Utility scale)",2035,10800
"Global Net-zero","Alberta","Solar (Utility scale)",2036,10800
"Global Net-zero","Alberta","Solar (Utility scale)",2037,10800
"Global Net-zero","Alberta","Solar (Utility scale)",2038,10800
"Global Net-zero","Alberta","Solar (Utility scale)",2039,10800
"Global Net-zero","Alberta","Solar (Utility scale)",2040,10800
"Global Net-zero","Alberta","Solar (Utility scale)",2041,11100
"Global Net-zero","Alberta","Solar (Utility scale)",2042,11400
"Global Net-zero","Alberta","Solar (Utility scale)",2043,11700
"Global Net-zero","Alberta","Solar (Utility scale)",2044,12000
"Global Net-zero","Alberta","Solar (Utility scale)",2045,12200
"Global Net-zero","Alberta","Solar (Utility scale)",2046,12200
"Global Net-zero","Alberta","Solar (Utility scale)",2047,12200
"Global Net-zero","Alberta","Solar (Utility scale)",2048,12200
"Global Net-zero","Alberta","Solar (Utility scale)",2049,12200
"Global Net-zero","Alberta","Solar (Utility scale)",2050,12200
"Global Net-zero","Alberta","Total",2020,17223.15
"Global Net-zero","Alberta","Total",2021,16537.15
"Global Net-zero","Alberta","Total",2022,16686.15
"Global Net-zero","Alberta","Total",2023,19502.15
"Global Net-zero","Alberta","Total",2024,18672.15
"Global Net-zero","Alberta","Total",2025,21527.9833333
"Global Net-zero","Alberta","Total",2026,22033.8166667
"Global Net-zero","Alberta","Total",2027,22549.65
"Global Net-zero","Alberta","Total",2028,23065.4833333
"Global Net-zero","Alberta","Total",2029,23571.3166667
"Global Net-zero","Alberta","Total",2030,23987.15
"Global Net-zero","Alberta","Total",2031,27713.15
"Global Net-zero","Alberta","Total",2032,31428.15
"Global Net-zero","Alberta","Total",2033,34734.15
"Global Net-zero","Alberta","Total",2034,37439.15
"Global Net-zero","Alberta","Total",2035,39465.15
"Global Net-zero","Alberta","Total",2036,38919.15
"Global Net-zero","Alberta","Total",2037,38947.15
"Global Net-zero","Alberta","Total",2038,38307.15
"Global Net-zero","Alberta","Total",2039,38687.15
"Global Net-zero","Alberta","Total",2040,37557.55
"Global Net-zero","Alberta","Total",2041,38232.15
"Global Net-zero","Alberta","Total",2042,39062.15
"Global Net-zero","Alberta","Total",2043,39887.15
"Global Net-zero","Alberta","Total",2044,40592.15
"Global Net-zero","Alberta","Total",2045,41107.15
"Global Net-zero","Alberta","Total",2046,42437.15
"Global Net-zero","Alberta","Total",2047,44087.15
"Global Net-zero","Alberta","Total",2048,45637.15
"Global Net-zero","Alberta","Total",2049,47307.15
"Global Net-zero","Alberta","Total",2050,46887.15
"Global Net-zero","Alberta","Uranium SMR",2020,0
"Global Net-zero","Alberta","Uranium SMR",2021,0
"Global Net-zero","Alberta","Uranium SMR",2022,0
"Global Net-zero","Alberta","Uranium SMR",2023,0
"Global Net-zero","Alberta","Uranium SMR",2024,0
"Global Net-zero","Alberta","Uranium SMR",2025,0
"Global Net-zero","Alberta","Uranium SMR",2026,0
"Global Net-zero","Alberta","Uranium SMR",2027,0
"Global Net-zero","Alberta","Uranium SMR",2028,0
"Global Net-zero","Alberta","Uranium SMR",2029,0
"Global Net-zero","Alberta","Uranium SMR",2030,0
"Global Net-zero","Alberta","Uranium SMR",2031,0
"Global Net-zero","Alberta","Uranium SMR",2032,0
"Global Net-zero","Alberta","Uranium SMR",2033,0
"Global Net-zero","Alberta","Uranium SMR",2034,0
"Global Net-zero","Alberta","Uranium SMR",2035,0
"Global Net-zero","Alberta","Uranium SMR",2036,0
"Global Net-zero","Alberta","Uranium SMR",2037,0
"Global Net-zero","Alberta","Uranium SMR",2038,0
"Global Net-zero","Alberta","Uranium SMR",2039,0
"Global Net-zero","Alberta","Uranium SMR",2040,35.4
"Global Net-zero","Alberta","Uranium SMR",2041,240
"Global Net-zero","Alberta","Uranium SMR",2042,445
"Global Net-zero","Alberta","Uranium SMR",2043,650
"Global Net-zero","Alberta","Uranium SMR",2044,855
"Global Net-zero","Alberta","Uranium SMR",2045,1060
"Global Net-zero","Alberta","Uranium SMR",2046,1260
"Global Net-zero","Alberta","Uranium SMR",2047,1460
"Global Net-zero","Alberta","Uranium SMR",2048,1660
"Global Net-zero","Alberta","Uranium SMR",2049,1860
"Global Net-zero","Alberta","Uranium SMR",2050,2060
"Global Net-zero","British Columbia","Battery Storage",2020,0
"Global Net-zero","British Columbia","Battery Storage",2021,0
"Global Net-zero","British Columbia","Battery Storage",2022,0
"Global Net-zero","British Columbia","Battery Storage",2023,0
"Global Net-zero","British Columbia","Battery Storage",2024,0
"Global Net-zero","British Columbia","Battery Storage",2025,0
"Global Net-zero","British Columbia","Battery Storage",2026,0
"Global Net-zero","British Columbia","Battery Storage",2027,0
"Global Net-zero","British Columbia","Battery Storage",2028,0
"Global Net-zero","British Columbia","Battery Storage",2029,0
"Global Net-zero","British Columbia","Battery Storage",2030,0
"Global Net-zero","British Columbia","Battery Storage",2031,0
"Global Net-zero","British Columbia","Battery Storage",2032,0
"Global Net-zero","British Columbia","Battery Storage",2033,0
"Global Net-zero","British Columbia","Battery Storage",2034,0
"Global Net-zero","British Columbia","Battery Storage",2035,0
"Global Net-zero","British Columbia","Battery Storage",2036,0
"Global Net-zero","British Columbia","Battery Storage",2037,0
"Global Net-zero","British Columbia","Battery Storage",2038,0
"Global Net-zero","British Columbia","Battery Storage",2039,0
"Global Net-zero","British Columbia","Battery Storage",2040,0
"Global Net-zero","British Columbia","Battery Storage",2041,0
"Global Net-zero","British Columbia","Battery Storage",2042,0
"Global Net-zero","British Columbia","Battery Storage",2043,0
"Global Net-zero","British Columbia","Battery Storage",2044,0
"Global Net-zero","British Columbia","Battery Storage",2045,0
"Global Net-zero","British Columbia","Battery Storage",2046,270
"Global Net-zero","British Columbia","Battery Storage",2047,530
"Global Net-zero","British Columbia","Battery Storage",2048,800
"Global Net-zero","British Columbia","Battery Storage",2049,1100
"Global Net-zero","British Columbia","Battery Storage",2050,1300
"Global Net-zero","British Columbia","Bioenergy",2020,979
"Global Net-zero","British Columbia","Bioenergy",2021,979
"Global Net-zero","British Columbia","Bioenergy",2022,979
"Global Net-zero","British Columbia","Bioenergy",2023,979
"Global Net-zero","British Columbia","Bioenergy",2024,979
"Global Net-zero","British Columbia","Bioenergy",2025,979
"Global Net-zero","British Columbia","Bioenergy",2026,979
"Global Net-zero","British Columbia","Bioenergy",2027,979
"Global Net-zero","British Columbia","Bioenergy",2028,979
"Global Net-zero","British Columbia","Bioenergy",2029,979
"Global Net-zero","British Columbia","Bioenergy",2030,979
"Global Net-zero","British Columbia","Bioenergy",2031,979
"Global Net-zero","British Columbia","Bioenergy",2032,979
"Global Net-zero","British Columbia","Bioenergy",2033,979
"Global Net-zero","British Columbia","Bioenergy",2034,979
"Global Net-zero","British Columbia","Bioenergy",2035,979
"Global Net-zero","British Columbia","Bioenergy",2036,979
"Global Net-zero","British Columbia","Bioenergy",2037,979
"Global Net-zero","British Columbia","Bioenergy",2038,979
"Global Net-zero","British Columbia","Bioenergy",2039,979
"Global Net-zero","British Columbia","Bioenergy",2040,979
"Global Net-zero","British Columbia","Bioenergy",2041,979
"Global Net-zero","British Columbia","Bioenergy",2042,979
"Global Net-zero","British Columbia","Bioenergy",2043,979
"Global Net-zero","British Columbia","Bioenergy",2044,979
"Global Net-zero","British Columbia","Bioenergy",2045,979
"Global Net-zero","British Columbia","Bioenergy",2046,979
"Global Net-zero","British Columbia","Bioenergy",2047,979
"Global Net-zero","British Columbia","Bioenergy",2048,979
"Global Net-zero","British Columbia","Bioenergy",2049,979
"Global Net-zero","British Columbia","Bioenergy",2050,979
"Global Net-zero","British Columbia","Bioenergy with CCUS",2020,0
"Global Net-zero","British Columbia","Bioenergy with CCUS",2021,0
"Global Net-zero","British Columbia","Bioenergy with CCUS",2022,0
"Global Net-zero","British Columbia","Bioenergy with CCUS",2023,0
"Global Net-zero","British Columbia","Bioenergy with CCUS",2024,0
"Global Net-zero","British Columbia","Bioenergy with CCUS",2025,0
"Global Net-zero","British Columbia","Bioenergy with CCUS",2026,0
"Global Net-zero","British Columbia","Bioenergy with CCUS",2027,0
"Global Net-zero","British Columbia","Bioenergy with CCUS",2028,0
"Global Net-zero","British Columbia","Bioenergy with CCUS",2029,0
"Global Net-zero","British Columbia","Bioenergy with CCUS",2030,0
"Global Net-zero","British Columbia","Bioenergy with CCUS",2031,16.7
"Global Net-zero","British Columbia","Bioenergy with CCUS",2032,33.3
"Global Net-zero","British Columbia","Bioenergy with CCUS",2033,50
"Global Net-zero","British Columbia","Bioenergy with CCUS",2034,66.7
"Global Net-zero","British Columbia","Bioenergy with CCUS",2035,83.3
"Global Net-zero","British Columbia","Bioenergy with CCUS",2036,100
"Global Net-zero","British Columbia","Bioenergy with CCUS",2037,117
"Global Net-zero","British Columbia","Bioenergy with CCUS",2038,133
"Global Net-zero","British Columbia","Bioenergy with CCUS",2039,150
"Global Net-zero","British Columbia","Bioenergy with CCUS",2040,167
"Global Net-zero","British Columbia","Bioenergy with CCUS",2041,183
"Global Net-zero","British Columbia","Bioenergy with CCUS",2042,200
"Global Net-zero","British Columbia","Bioenergy with CCUS",2043,217
"Global Net-zero","British Columbia","Bioenergy with CCUS",2044,233
"Global Net-zero","British Columbia","Bioenergy with CCUS",2045,250
"Global Net-zero","British Columbia","Bioenergy with CCUS",2046,267
"Global Net-zero","British Columbia","Bioenergy with CCUS",2047,283
"Global Net-zero","British Columbia","Bioenergy with CCUS",2048,300
"Global Net-zero","British Columbia","Bioenergy with CCUS",2049,317
"Global Net-zero","British Columbia","Bioenergy with CCUS",2050,333
"Global Net-zero","British Columbia","Hydro",2020,16000
"Global Net-zero","British Columbia","Hydro",2021,16000
"Global Net-zero","British Columbia","Hydro",2022,16000
"Global Net-zero","British Columbia","Hydro",2023,16000
"Global Net-zero","British Columbia","Hydro",2024,16000
"Global Net-zero","British Columbia","Hydro",2025,17100
"Global Net-zero","British Columbia","Hydro",2026,17100
"Global Net-zero","British Columbia","Hydro",2027,17100
"Global Net-zero","British Columbia","Hydro",2028,17100
"Global Net-zero","British Columbia","Hydro",2029,17100
"Global Net-zero","British Columbia","Hydro",2030,17100
"Global Net-zero","British Columbia","Hydro",2031,17100
"Global Net-zero","British Columbia","Hydro",2032,17100
"Global Net-zero","British Columbia","Hydro",2033,17100
"Global Net-zero","British Columbia","Hydro",2034,17100
"Global Net-zero","British Columbia","Hydro",2035,17100
"Global Net-zero","British Columbia","Hydro",2036,17100
"Global Net-zero","British Columbia","Hydro",2037,17100
"Global Net-zero","British Columbia","Hydro",2038,17100
"Global Net-zero","British Columbia","Hydro",2039,17100
"Global Net-zero","British Columbia","Hydro",2040,17100
"Global Net-zero","British Columbia","Hydro",2041,17100
"Global Net-zero","British Columbia","Hydro",2042,17100
"Global Net-zero","British Columbia","Hydro",2043,17100
"Global Net-zero","British Columbia","Hydro",2044,17100
"Global Net-zero","British Columbia","Hydro",2045,17100
"Global Net-zero","British Columbia","Hydro",2046,17200
"Global Net-zero","British Columbia","Hydro",2047,17400
"Global Net-zero","British Columbia","Hydro",2048,17500
"Global Net-zero","British Columbia","Hydro",2049,17700
"Global Net-zero","British Columbia","Hydro",2050,17800
"Global Net-zero","British Columbia","Natural Gas",2020,540
"Global Net-zero","British Columbia","Natural Gas",2021,540
"Global Net-zero","British Columbia","Natural Gas",2022,540
"Global Net-zero","British Columbia","Natural Gas",2023,540
"Global Net-zero","British Columbia","Natural Gas",2024,540
"Global Net-zero","British Columbia","Natural Gas",2025,2250
"Global Net-zero","British Columbia","Natural Gas",2026,2440
"Global Net-zero","British Columbia","Natural Gas",2027,2630
"Global Net-zero","British Columbia","Natural Gas",2028,2810
"Global Net-zero","British Columbia","Natural Gas",2029,2880
"Global Net-zero","British Columbia","Natural Gas",2030,3090
"Global Net-zero","British Columbia","Natural Gas",2031,3090
"Global Net-zero","British Columbia","Natural Gas",2032,3040
"Global Net-zero","British Columbia","Natural Gas",2033,3040
"Global Net-zero","British Columbia","Natural Gas",2034,3040
"Global Net-zero","British Columbia","Natural Gas",2035,3040
"Global Net-zero","British Columbia","Natural Gas",2036,3040
"Global Net-zero","British Columbia","Natural Gas",2037,2670
"Global Net-zero","British Columbia","Natural Gas",2038,2670
"Global Net-zero","British Columbia","Natural Gas",2039,2670
"Global Net-zero","British Columbia","Natural Gas",2040,2670
"Global Net-zero","British Columbia","Natural Gas",2041,2670
"Global Net-zero","British Columbia","Natural Gas",2042,2670
"Global Net-zero","British Columbia","Natural Gas",2043,2670
"Global Net-zero","British Columbia","Natural Gas",2044,2670
"Global Net-zero","British Columbia","Natural Gas",2045,2670
"Global Net-zero","British Columbia","Natural Gas",2046,2930
"Global Net-zero","British Columbia","Natural Gas",2047,3190
"Global Net-zero","British Columbia","Natural Gas",2048,3450
"Global Net-zero","British Columbia","Natural Gas",2049,3710
"Global Net-zero","British Columbia","Natural Gas",2050,2260
"Global Net-zero","British Columbia","Natural Gas with CCUS",2020,0
"Global Net-zero","British Columbia","Natural Gas with CCUS",2021,0
"Global Net-zero","British Columbia","Natural Gas with CCUS",2022,0
"Global Net-zero","British Columbia","Natural Gas with CCUS",2023,0
"Global Net-zero","British Columbia","Natural Gas with CCUS",2024,0
"Global Net-zero","British Columbia","Natural Gas with CCUS",2025,0
"Global Net-zero","British Columbia","Natural Gas with CCUS",2026,0
"Global Net-zero","British Columbia","Natural Gas with CCUS",2027,0
"Global Net-zero","British Columbia","Natural Gas with CCUS",2028,0
"Global Net-zero","British Columbia","Natural Gas with CCUS",2029,0
"Global Net-zero","British Columbia","Natural Gas with CCUS",2030,0
"Global Net-zero","British Columbia","Natural Gas with CCUS",2031,0
"Global Net-zero","British Columbia","Natural Gas with CCUS",2032,0
"Global Net-zero","British Columbia","Natural Gas with CCUS",2033,0
"Global Net-zero","British Columbia","Natural Gas with CCUS",2034,0
"Global Net-zero","British Columbia","Natural Gas with CCUS",2035,0
"Global Net-zero","British Columbia","Natural Gas with CCUS",2036,27.1
"Global Net-zero","British Columbia","Natural Gas with CCUS",2037,54.1
"Global Net-zero","British Columbia","Natural Gas with CCUS",2038,81.2
"Global Net-zero","British Columbia","Natural Gas with CCUS",2039,108
"Global Net-zero","British Columbia","Natural Gas with CCUS",2040,135
"Global Net-zero","British Columbia","Natural Gas with CCUS",2041,494
"Global Net-zero","British Columbia","Natural Gas with CCUS",2042,853
"Global Net-zero","British Columbia","Natural Gas with CCUS",2043,1210
"Global Net-zero","British Columbia","Natural Gas with CCUS",2044,1570
"Global Net-zero","British Columbia","Natural Gas with CCUS",2045,1930
"Global Net-zero","British Columbia","Natural Gas with CCUS",2046,2200
"Global Net-zero","British Columbia","Natural Gas with CCUS",2047,2460
"Global Net-zero","British Columbia","Natural Gas with CCUS",2048,2720
"Global Net-zero","British Columbia","Natural Gas with CCUS",2049,2990
"Global Net-zero","British Columbia","Natural Gas with CCUS",2050,3250
"Global Net-zero","British Columbia","Oil",2020,36.5
"Global Net-zero","British Columbia","Oil",2021,36.5
"Global Net-zero","British Columbia","Oil",2022,36.5
"Global Net-zero","British Columbia","Oil",2023,36.5
"Global Net-zero","British Columbia","Oil",2024,36.5
"Global Net-zero","British Columbia","Oil",2025,36.5
"Global Net-zero","British Columbia","Oil",2026,36.5
"Global Net-zero","British Columbia","Oil",2027,36.5
"Global Net-zero","British Columbia","Oil",2028,36.5
"Global Net-zero","British Columbia","Oil",2029,36.5
"Global Net-zero","British Columbia","Oil",2030,36.5
"Global Net-zero","British Columbia","Oil",2031,36.5
"Global Net-zero","British Columbia","Oil",2032,36.5
"Global Net-zero","British Columbia","Oil",2033,36.5
"Global Net-zero","British Columbia","Oil",2034,36.5
"Global Net-zero","British Columbia","Oil",2035,36.5
"Global Net-zero","British Columbia","Oil",2036,36.5
"Global Net-zero","British Columbia","Oil",2037,36.5
"Global Net-zero","British Columbia","Oil",2038,36.5
"Global Net-zero","British Columbia","Oil",2039,36.5
"Global Net-zero","British Columbia","Oil",2040,36.5
"Global Net-zero","British Columbia","Oil",2041,36.5
"Global Net-zero","British Columbia","Oil",2042,36.5
"Global Net-zero","British Columbia","Oil",2043,36.5
"Global Net-zero","British Columbia","Oil",2044,36.5
"Global Net-zero","British Columbia","Oil",2045,36.5
"Global Net-zero","British Columbia","Oil",2046,36.5
"Global Net-zero","British Columbia","Oil",2047,36.5
"Global Net-zero","British Columbia","Oil",2048,36.5
"Global Net-zero","British Columbia","Oil",2049,36.5
"Global Net-zero","British Columbia","Oil",2050,36.5
"Global Net-zero","British Columbia","Onshore Wind",2020,702
"Global Net-zero","British Columbia","Onshore Wind",2021,702
"Global Net-zero","British Columbia","Onshore Wind",2022,702
"Global Net-zero","British Columbia","Onshore Wind",2023,702
"Global Net-zero","British Columbia","Onshore Wind",2024,702
"Global Net-zero","British Columbia","Onshore Wind",2025,816
"Global Net-zero","British Columbia","Onshore Wind",2026,875
"Global Net-zero","British Columbia","Onshore Wind",2027,934
"Global Net-zero","British Columbia","Onshore Wind",2028,993
"Global Net-zero","British Columbia","Onshore Wind",2029,1050
"Global Net-zero","British Columbia","Onshore Wind",2030,1110
"Global Net-zero","British Columbia","Onshore Wind",2031,1420
"Global Net-zero","British Columbia","Onshore Wind",2032,1730
"Global Net-zero","British Columbia","Onshore Wind",2033,2040
"Global Net-zero","British Columbia","Onshore Wind",2034,2350
"Global Net-zero","British Columbia","Onshore Wind",2035,2660
"Global Net-zero","British Columbia","Onshore Wind",2036,3180
"Global Net-zero","British Columbia","Onshore Wind",2037,3690
"Global Net-zero","British Columbia","Onshore Wind",2038,4210
"Global Net-zero","British Columbia","Onshore Wind",2039,4730
"Global Net-zero","British Columbia","Onshore Wind",2040,5240
"Global Net-zero","British Columbia","Onshore Wind",2041,5560
"Global Net-zero","British Columbia","Onshore Wind",2042,5880
"Global Net-zero","British Columbia","Onshore Wind",2043,6200
"Global Net-zero","British Columbia","Onshore Wind",2044,6520
"Global Net-zero","British Columbia","Onshore Wind",2045,6840
"Global Net-zero","British Columbia","Onshore Wind",2046,7110
"Global Net-zero","British Columbia","Onshore Wind",2047,7390
"Global Net-zero","British Columbia","Onshore Wind",2048,7660
"Global Net-zero","British Columbia","Onshore Wind",2049,7930
"Global Net-zero","British Columbia","Onshore Wind",2050,8200
"Global Net-zero","British Columbia","Solar (Distributed)",2020,20
"Global Net-zero","British Columbia","Solar (Distributed)",2021,20
"Global Net-zero","British Columbia","Solar (Distributed)",2022,20
"Global Net-zero","British Columbia","Solar (Distributed)",2023,20
"Global Net-zero","British Columbia","Solar (Distributed)",2024,102.8571429
"Global Net-zero","British Columbia","Solar (Distributed)",2025,185.7142857
"Global Net-zero","British Columbia","Solar (Distributed)",2026,268.5714286
"Global Net-zero","British Columbia","Solar (Distributed)",2027,351.4285714
"Global Net-zero","British Columbia","Solar (Distributed)",2028,434.2857143
"Global Net-zero","British Columbia","Solar (Distributed)",2029,517.1428571
"Global Net-zero","British Columbia","Solar (Distributed)",2030,600
"Global Net-zero","British Columbia","Solar (Distributed)",2031,668.8374907
"Global Net-zero","British Columbia","Solar (Distributed)",2032,737.6749814
"Global Net-zero","British Columbia","Solar (Distributed)",2033,806.5124721
"Global Net-zero","British Columbia","Solar (Distributed)",2034,875.3499628
"Global Net-zero","British Columbia","Solar (Distributed)",2035,944.1874535
"Global Net-zero","British Columbia","Solar (Distributed)",2036,1013.024944
"Global Net-zero","British Columbia","Solar (Distributed)",2037,1081.862435
"Global Net-zero","British Columbia","Solar (Distributed)",2038,1150.699926
"Global Net-zero","British Columbia","Solar (Distributed)",2039,1219.537416
"Global Net-zero","British Columbia","Solar (Distributed)",2040,1288.374907
"Global Net-zero","British Columbia","Solar (Distributed)",2041,1299.5887
"Global Net-zero","British Columbia","Solar (Distributed)",2042,1310.802494
"Global Net-zero","British Columbia","Solar (Distributed)",2043,1322.016287
"Global Net-zero","British Columbia","Solar (Distributed)",2044,1333.23008
"Global Net-zero","British Columbia","Solar (Distributed)",2045,1344.443874
"Global Net-zero","British Columbia","Solar (Distributed)",2046,1355.657667
"Global Net-zero","British Columbia","Solar (Distributed)",2047,1366.87146
"Global Net-zero","British Columbia","Solar (Distributed)",2048,1378.085253
"Global Net-zero","British Columbia","Solar (Distributed)",2049,1389.299047
"Global Net-zero","British Columbia","Solar (Distributed)",2050,1400.51284
"Global Net-zero","British Columbia","Solar (Utility scale)",2020,303
"Global Net-zero","British Columbia","Solar (Utility scale)",2021,303
"Global Net-zero","British Columbia","Solar (Utility scale)",2022,303
"Global Net-zero","British Columbia","Solar (Utility scale)",2023,303
"Global Net-zero","British Columbia","Solar (Utility scale)",2024,303
"Global Net-zero","British Columbia","Solar (Utility scale)",2025,394
"Global Net-zero","British Columbia","Solar (Utility scale)",2026,425
"Global Net-zero","British Columbia","Solar (Utility scale)",2027,455
"Global Net-zero","British Columbia","Solar (Utility scale)",2028,485
"Global Net-zero","British Columbia","Solar (Utility scale)",2029,516
"Global Net-zero","British Columbia","Solar (Utility scale)",2030,546
"Global Net-zero","British Columbia","Solar (Utility scale)",2031,1140
"Global Net-zero","British Columbia","Solar (Utility scale)",2032,1730
"Global Net-zero","British Columbia","Solar (Utility scale)",2033,2330
"Global Net-zero","British Columbia","Solar (Utility scale)",2034,2920
"Global Net-zero","British Columbia","Solar (Utility scale)",2035,3520
"Global Net-zero","British Columbia","Solar (Utility scale)",2036,3630
"Global Net-zero","British Columbia","Solar (Utility scale)",2037,3740
"Global Net-zero","British Columbia","Solar (Utility scale)",2038,3850
"Global Net-zero","British Columbia","Solar (Utility scale)",2039,3960
"Global Net-zero","British Columbia","Solar (Utility scale)",2040,4070
"Global Net-zero","British Columbia","Solar (Utility scale)",2041,4560
"Global Net-zero","British Columbia","Solar (Utility scale)",2042,5050
"Global Net-zero","British Columbia","Solar (Utility scale)",2043,5530
"Global Net-zero","British Columbia","Solar (Utility scale)",2044,6020
"Global Net-zero","British Columbia","Solar (Utility scale)",2045,6510
"Global Net-zero","British Columbia","Solar (Utility scale)",2046,6700
"Global Net-zero","British Columbia","Solar (Utility scale)",2047,6890
"Global Net-zero","British Columbia","Solar (Utility scale)",2048,7090
"Global Net-zero","British Columbia","Solar (Utility scale)",2049,7280
"Global Net-zero","British Columbia","Solar (Utility scale)",2050,7380
"Global Net-zero","British Columbia","Total",2020,18580.5
"Global Net-zero","British Columbia","Total",2021,18580.5
"Global Net-zero","British Columbia","Total",2022,18580.5
"Global Net-zero","British Columbia","Total",2023,18580.5
"Global Net-zero","British Columbia","Total",2024,18663.3571429
"Global Net-zero","British Columbia","Total",2025,21761.2142857
"Global Net-zero","British Columbia","Total",2026,22124.0714286
"Global Net-zero","British Columbia","Total",2027,22485.9285714
"Global Net-zero","British Columbia","Total",2028,22837.7857143
"Global Net-zero","British Columbia","Total",2029,23078.6428571
"Global Net-zero","British Columbia","Total",2030,23461.5
"Global Net-zero","British Columbia","Total",2031,24601.0374907
"Global Net-zero","British Columbia","Total",2032,25685.4749814
"Global Net-zero","British Columbia","Total",2033,26831.0124721
"Global Net-zero","British Columbia","Total",2034,27965.5499628
"Global Net-zero","British Columbia","Total",2035,29110.9874535
"Global Net-zero","British Columbia","Total",2036,30115.624944
"Global Net-zero","British Columbia","Total",2037,30738.462435
"Global Net-zero","British Columbia","Total",2038,31750.399926
"Global Net-zero","British Columbia","Total",2039,32753.037416
"Global Net-zero","British Columbia","Total",2040,33745.874907
"Global Net-zero","British Columbia","Total",2041,34942.0887
"Global Net-zero","British Columbia","Total",2042,36139.302494
"Global Net-zero","British Columbia","Total",2043,37324.516287
"Global Net-zero","British Columbia","Total",2044,38521.73008
"Global Net-zero","British Columbia","Total",2045,39719.943874
"Global Net-zero","British Columbia","Total",2046,41108.157667
"Global Net-zero","British Columbia","Total",2047,42585.37146
"Global Net-zero","British Columbia","Total",2048,43973.585253
"Global Net-zero","British Columbia","Total",2049,45491.799047
"Global Net-zero","British Columbia","Total",2050,44999.01284
"Global Net-zero","British Columbia","Uranium SMR",2020,0
"Global Net-zero","British Columbia","Uranium SMR",2021,0
"Global Net-zero","British Columbia","Uranium SMR",2022,0
"Global Net-zero","British Columbia","Uranium SMR",2023,0
"Global Net-zero","British Columbia","Uranium SMR",2024,0
"Global Net-zero","British Columbia","Uranium SMR",2025,0
"Global Net-zero","British Columbia","Uranium SMR",2026,0
"Global Net-zero","British Columbia","Uranium SMR",2027,0
"Global Net-zero","British Columbia","Uranium SMR",2028,0
"Global Net-zero","British Columbia","Uranium SMR",2029,0
"Global Net-zero","British Columbia","Uranium SMR",2030,0
"Global Net-zero","British Columbia","Uranium SMR",2031,150
"Global Net-zero","British Columbia","Uranium SMR",2032,299
"Global Net-zero","British Columbia","Uranium SMR",2033,449
"Global Net-zero","British Columbia","Uranium SMR",2034,598
"Global Net-zero","British Columbia","Uranium SMR",2035,748
"Global Net-zero","British Columbia","Uranium SMR",2036,1010
"Global Net-zero","British Columbia","Uranium SMR",2037,1270
"Global Net-zero","British Columbia","Uranium SMR",2038,1540
"Global Net-zero","British Columbia","Uranium SMR",2039,1800
"Global Net-zero","British Columbia","Uranium SMR",2040,2060
"Global Net-zero","British Columbia","Uranium SMR",2041,2060
"Global Net-zero","British Columbia","Uranium SMR",2042,2060
"Global Net-zero","British Columbia","Uranium SMR",2043,2060
"Global Net-zero","British Columbia","Uranium SMR",2044,2060
"Global Net-zero","British Columbia","Uranium SMR",2045,2060
"Global Net-zero","British Columbia","Uranium SMR",2046,2060
"Global Net-zero","British Columbia","Uranium SMR",2047,2060
"Global Net-zero","British Columbia","Uranium SMR",2048,2060
"Global Net-zero","British Columbia","Uranium SMR",2049,2060
"Global Net-zero","British Columbia","Uranium SMR",2050,2060
"Global Net-zero","Canada","Battery Storage",2020,95
"Global Net-zero","Canada","Battery Storage",2021,95
"Global Net-zero","Canada","Battery Storage",2022,140
"Global Net-zero","Canada","Battery Storage",2023,140
"Global Net-zero","Canada","Battery Storage",2024,140
"Global Net-zero","Canada","Battery Storage",2025,143.1
"Global Net-zero","Canada","Battery Storage",2026,143.1
"Global Net-zero","Canada","Battery Storage",2027,143.1
"Global Net-zero","Canada","Battery Storage",2028,143.1
"Global Net-zero","Canada","Battery Storage",2029,143.1
"Global Net-zero","Canada","Battery Storage",2030,2092.1
"Global Net-zero","Canada","Battery Storage",2031,2092.1
"Global Net-zero","Canada","Battery Storage",2032,2092.1
"Global Net-zero","Canada","Battery Storage",2033,2092.1
"Global Net-zero","Canada","Battery Storage",2034,2092.1
"Global Net-zero","Canada","Battery Storage",2035,2492.1
"Global Net-zero","Canada","Battery Storage",2036,2492.1
"Global Net-zero","Canada","Battery Storage",2037,2492.1
"Global Net-zero","Canada","Battery Storage",2038,2492.1
"Global Net-zero","Canada","Battery Storage",2039,2492.1
"Global Net-zero","Canada","Battery Storage",2040,2447.1
"Global Net-zero","Canada","Battery Storage",2041,2447.1
"Global Net-zero","Canada","Battery Storage",2042,2602.1
"Global Net-zero","Canada","Battery Storage",2043,2602.1
"Global Net-zero","Canada","Battery Storage",2044,2602.1
"Global Net-zero","Canada","Battery Storage",2045,2899
"Global Net-zero","Canada","Battery Storage",2046,3949
"Global Net-zero","Canada","Battery Storage",2047,5229
"Global Net-zero","Canada","Battery Storage",2048,6399
"Global Net-zero","Canada","Battery Storage",2049,7699
"Global Net-zero","Canada","Battery Storage",2050,9350
"Global Net-zero","Canada","Bioenergy",2020,2524.1
"Global Net-zero","Canada","Bioenergy",2021,2543.1
"Global Net-zero","Canada","Bioenergy",2022,2543.1
"Global Net-zero","Canada","Bioenergy",2023,2543.1
"Global Net-zero","Canada","Bioenergy",2024,2543.1
"Global Net-zero","Canada","Bioenergy",2025,2583.2
"Global Net-zero","Canada","Bioenergy",2026,2583.2
"Global Net-zero","Canada","Bioenergy",2027,2583.2
"Global Net-zero","Canada","Bioenergy",2028,2583.2
"Global Net-zero","Canada","Bioenergy",2029,2583.2
"Global Net-zero","Canada","Bioenergy",2030,2583.2
"Global Net-zero","Canada","Bioenergy",2031,2583.2
"Global Net-zero","Canada","Bioenergy",2032,2583.2
"Global Net-zero","Canada","Bioenergy",2033,2583.2
"Global Net-zero","Canada","Bioenergy",2034,2583.2
"Global Net-zero","Canada","Bioenergy",2035,2583.2
"Global Net-zero","Canada","Bioenergy",2036,2583.2
"Global Net-zero","Canada","Bioenergy",2037,2583.2
"Global Net-zero","Canada","Bioenergy",2038,2583.2
"Global Net-zero","Canada","Bioenergy",2039,2583.2
"Global Net-zero","Canada","Bioenergy",2040,2583.2
"Global Net-zero","Canada","Bioenergy",2041,2583.2
"Global Net-zero","Canada","Bioenergy",2042,2583.2
"Global Net-zero","Canada","Bioenergy",2043,2583.2
"Global Net-zero","Canada","Bioenergy",2044,2583.2
"Global Net-zero","Canada","Bioenergy",2045,2583.2
"Global Net-zero","Canada","Bioenergy",2046,2583.2
"Global Net-zero","Canada","Bioenergy",2047,2583.2
"Global Net-zero","Canada","Bioenergy",2048,2583.2
"Global Net-zero","Canada","Bioenergy",2049,2583.2
"Global Net-zero","Canada","Bioenergy",2050,2583.2
"Global Net-zero","Canada","Bioenergy with CCUS",2020,0
"Global Net-zero","Canada","Bioenergy with CCUS",2021,0
"Global Net-zero","Canada","Bioenergy with CCUS",2022,0
"Global Net-zero","Canada","Bioenergy with CCUS",2023,0
"Global Net-zero","Canada","Bioenergy with CCUS",2024,0
"Global Net-zero","Canada","Bioenergy with CCUS",2025,0
"Global Net-zero","Canada","Bioenergy with CCUS",2026,0
"Global Net-zero","Canada","Bioenergy with CCUS",2027,0
"Global Net-zero","Canada","Bioenergy with CCUS",2028,0
"Global Net-zero","Canada","Bioenergy with CCUS",2029,0
"Global Net-zero","Canada","Bioenergy with CCUS",2030,0
"Global Net-zero","Canada","Bioenergy with CCUS",2031,290.4
"Global Net-zero","Canada","Bioenergy with CCUS",2032,579.6
"Global Net-zero","Canada","Bioenergy with CCUS",2033,870
"Global Net-zero","Canada","Bioenergy with CCUS",2034,1159.4
"Global Net-zero","Canada","Bioenergy with CCUS",2035,1450.6
"Global Net-zero","Canada","Bioenergy with CCUS",2036,1761
"Global Net-zero","Canada","Bioenergy with CCUS",2037,2076
"Global Net-zero","Canada","Bioenergy with CCUS",2038,2382
"Global Net-zero","Canada","Bioenergy with CCUS",2039,2700
"Global Net-zero","Canada","Bioenergy with CCUS",2040,3004
"Global Net-zero","Canada","Bioenergy with CCUS",2041,3346
"Global Net-zero","Canada","Bioenergy with CCUS",2042,3670
"Global Net-zero","Canada","Bioenergy with CCUS",2043,4004
"Global Net-zero","Canada","Bioenergy with CCUS",2044,4346
"Global Net-zero","Canada","Bioenergy with CCUS",2045,4670
"Global Net-zero","Canada","Bioenergy with CCUS",2046,5034
"Global Net-zero","Canada","Bioenergy with CCUS",2047,5406
"Global Net-zero","Canada","Bioenergy with CCUS",2048,5770
"Global Net-zero","Canada","Bioenergy with CCUS",2049,6144
"Global Net-zero","Canada","Bioenergy with CCUS",2050,6506
"Global Net-zero","Canada","Coal and Coke",2020,7814
"Global Net-zero","Canada","Coal and Coke",2021,6794
"Global Net-zero","Canada","Coal and Coke",2022,4594
"Global Net-zero","Canada","Coal and Coke",2023,3644
"Global Net-zero","Canada","Coal and Coke",2024,2814
"Global Net-zero","Canada","Coal and Coke",2025,2814
"Global Net-zero","Canada","Coal and Coke",2026,2814
"Global Net-zero","Canada","Coal and Coke",2027,2525
"Global Net-zero","Canada","Coal and Coke",2028,2525
"Global Net-zero","Canada","Coal and Coke",2029,1950
"Global Net-zero","Canada","Coal and Coke",2030,1950
"Global Net-zero","Canada","Coal and Coke",2031,0
"Global Net-zero","Canada","Coal and Coke",2032,0
"Global Net-zero","Canada","Coal and Coke",2033,0
"Global Net-zero","Canada","Coal and Coke",2034,0
"Global Net-zero","Canada","Coal and Coke",2035,0
"Global Net-zero","Canada","Coal and Coke",2036,0
"Global Net-zero","Canada","Coal and Coke",2037,0
"Global Net-zero","Canada","Coal and Coke",2038,0
"Global Net-zero","Canada","Coal and Coke",2039,0
"Global Net-zero","Canada","Coal and Coke",2040,0
"Global Net-zero","Canada","Coal and Coke",2041,0
"Global Net-zero","Canada","Coal and Coke",2042,0
"Global Net-zero","Canada","Coal and Coke",2043,0
"Global Net-zero","Canada","Coal and Coke",2044,0
"Global Net-zero","Canada","Coal and Coke",2045,0
"Global Net-zero","Canada","Coal and Coke",2046,0
"Global Net-zero","Canada","Coal and Coke",2047,0
"Global Net-zero","Canada","Coal and Coke",2048,0
"Global Net-zero","Canada","Coal and Coke",2049,0
"Global Net-zero","Canada","Coal and Coke",2050,0
"Global Net-zero","Canada","Coal with CCUS",2020,115
"Global Net-zero","Canada","Coal with CCUS",2021,115
"Global Net-zero","Canada","Coal with CCUS",2022,115
"Global Net-zero","Canada","Coal with CCUS",2023,115
"Global Net-zero","Canada","Coal with CCUS",2024,115
"Global Net-zero","Canada","Coal with CCUS",2025,115
"Global Net-zero","Canada","Coal with CCUS",2026,115
"Global Net-zero","Canada","Coal with CCUS",2027,115
"Global Net-zero","Canada","Coal with CCUS",2028,115
"Global Net-zero","Canada","Coal with CCUS",2029,115
"Global Net-zero","Canada","Coal with CCUS",2030,115
"Global Net-zero","Canada","Coal with CCUS",2031,115
"Global Net-zero","Canada","Coal with CCUS",2032,115
"Global Net-zero","Canada","Coal with CCUS",2033,115
"Global Net-zero","Canada","Coal with CCUS",2034,115
"Global Net-zero","Canada","Coal with CCUS",2035,0
"Global Net-zero","Canada","Coal with CCUS",2036,0
"Global Net-zero","Canada","Coal with CCUS",2037,0
"Global Net-zero","Canada","Coal with CCUS",2038,0
"Global Net-zero","Canada","Coal with CCUS",2039,0
"Global Net-zero","Canada","Coal with CCUS",2040,0
"Global Net-zero","Canada","Coal with CCUS",2041,0
"Global Net-zero","Canada","Coal with CCUS",2042,0
"Global Net-zero","Canada","Coal with CCUS",2043,0
"Global Net-zero","Canada","Coal with CCUS",2044,0
"Global Net-zero","Canada","Coal with CCUS",2045,0
"Global Net-zero","Canada","Coal with CCUS",2046,0
"Global Net-zero","Canada","Coal with CCUS",2047,0
"Global Net-zero","Canada","Coal with CCUS",2048,0
"Global Net-zero","Canada","Coal with CCUS",2049,0
"Global Net-zero","Canada","Coal with CCUS",2050,0
"Global Net-zero","Canada","Hydro",2020,81793
"Global Net-zero","Canada","Hydro",2021,83123
"Global Net-zero","Canada","Hydro",2022,83728
"Global Net-zero","Canada","Hydro",2023,83728
"Global Net-zero","Canada","Hydro",2024,83787.5
"Global Net-zero","Canada","Hydro",2025,84912.5
"Global Net-zero","Canada","Hydro",2026,85562.5
"Global Net-zero","Canada","Hydro",2027,86122.5
"Global Net-zero","Canada","Hydro",2028,86772.5
"Global Net-zero","Canada","Hydro",2029,87427
"Global Net-zero","Canada","Hydro",2030,88077
"Global Net-zero","Canada","Hydro",2031,88847
"Global Net-zero","Canada","Hydro",2032,89642
"Global Net-zero","Canada","Hydro",2033,90412
"Global Net-zero","Canada","Hydro",2034,91312
"Global Net-zero","Canada","Hydro",2035,92082
"Global Net-zero","Canada","Hydro",2036,92082
"Global Net-zero","Canada","Hydro",2037,92082
"Global Net-zero","Canada","Hydro",2038,92082
"Global Net-zero","Canada","Hydro",2039,92082
"Global Net-zero","Canada","Hydro",2040,92082
"Global Net-zero","Canada","Hydro",2041,92082
"Global Net-zero","Canada","Hydro",2042,92082
"Global Net-zero","Canada","Hydro",2043,92082
"Global Net-zero","Canada","Hydro",2044,92082
"Global Net-zero","Canada","Hydro",2045,92082
"Global Net-zero","Canada","Hydro",2046,92182
"Global Net-zero","Canada","Hydro",2047,92382
"Global Net-zero","Canada","Hydro",2048,92482
"Global Net-zero","Canada","Hydro",2049,92682
"Global Net-zero","Canada","Hydro",2050,92782
"Global Net-zero","Canada","Natural Gas",2020,22901.6
"Global Net-zero","Canada","Natural Gas",2021,22981.6
"Global Net-zero","Canada","Natural Gas",2022,23481.6
"Global Net-zero","Canada","Natural Gas",2023,25911.6
"Global Net-zero","Canada","Natural Gas",2024,26176.6
"Global Net-zero","Canada","Natural Gas",2025,31540.6
"Global Net-zero","Canada","Natural Gas",2026,33121.6
"Global Net-zero","Canada","Natural Gas",2027,34841.6
"Global Net-zero","Canada","Natural Gas",2028,36191.6
"Global Net-zero","Canada","Natural Gas",2029,37621.6
"Global Net-zero","Canada","Natural Gas",2030,38161.6
"Global Net-zero","Canada","Natural Gas",2031,39361.6
"Global Net-zero","Canada","Natural Gas",2032,40511.6
"Global Net-zero","Canada","Natural Gas",2033,41139.6
"Global Net-zero","Canada","Natural Gas",2034,41539.6
"Global Net-zero","Canada","Natural Gas",2035,31671.8
"Global Net-zero","Canada","Natural Gas",2036,31022.8
"Global Net-zero","Canada","Natural Gas",2037,30212.8
"Global Net-zero","Canada","Natural Gas",2038,28579.8
"Global Net-zero","Canada","Natural Gas",2039,27749.8
"Global Net-zero","Canada","Natural Gas",2040,25989.8
"Global Net-zero","Canada","Natural Gas",2041,25739.8
"Global Net-zero","Canada","Natural Gas",2042,25309.8
"Global Net-zero","Canada","Natural Gas",2043,25309.8
"Global Net-zero","Canada","Natural Gas",2044,25189.8
"Global Net-zero","Canada","Natural Gas",2045,24799.8
"Global Net-zero","Canada","Natural Gas",2046,24369.8
"Global Net-zero","Canada","Natural Gas",2047,24579.8
"Global Net-zero","Canada","Natural Gas",2048,24319.8
"Global Net-zero","Canada","Natural Gas",2049,24569.8
"Global Net-zero","Canada","Natural Gas",2050,20223.8
"Global Net-zero","Canada","Natural Gas with CCUS",2020,0
"Global Net-zero","Canada","Natural Gas with CCUS",2021,0
"Global Net-zero","Canada","Natural Gas with CCUS",2022,0
"Global Net-zero","Canada","Natural Gas with CCUS",2023,0
"Global Net-zero","Canada","Natural Gas with CCUS",2024,0
"Global Net-zero","Canada","Natural Gas with CCUS",2025,0
"Global Net-zero","Canada","Natural Gas with CCUS",2026,111
"Global Net-zero","Canada","Natural Gas with CCUS",2027,221
"Global Net-zero","Canada","Natural Gas with CCUS",2028,332
"Global Net-zero","Canada","Natural Gas with CCUS",2029,442
"Global Net-zero","Canada","Natural Gas with CCUS",2030,1553
"Global Net-zero","Canada","Natural Gas with CCUS",2031,2153
"Global Net-zero","Canada","Natural Gas with CCUS",2032,2743
"Global Net-zero","Canada","Natural Gas with CCUS",2033,3333
"Global Net-zero","Canada","Natural Gas with CCUS",2034,3920
"Global Net-zero","Canada","Natural Gas with CCUS",2035,6720
"Global Net-zero","Canada","Natural Gas with CCUS",2036,8337.1
"Global Net-zero","Canada","Natural Gas with CCUS",2037,9954.1
"Global Net-zero","Canada","Natural Gas with CCUS",2038,11571.2
"Global Net-zero","Canada","Natural Gas with CCUS",2039,13198
"Global Net-zero","Canada","Natural Gas with CCUS",2040,14815
"Global Net-zero","Canada","Natural Gas with CCUS",2041,16514
"Global Net-zero","Canada","Natural Gas with CCUS",2042,18323
"Global Net-zero","Canada","Natural Gas with CCUS",2043,20030
"Global Net-zero","Canada","Natural Gas with CCUS",2044,21840
"Global Net-zero","Canada","Natural Gas with CCUS",2045,23550
"Global Net-zero","Canada","Natural Gas with CCUS",2046,24270
"Global Net-zero","Canada","Natural Gas with CCUS",2047,24970
"Global Net-zero","Canada","Natural Gas with CCUS",2048,25570
"Global Net-zero","Canada","Natural Gas with CCUS",2049,26280
"Global Net-zero","Canada","Natural Gas with CCUS",2050,26980
"Global Net-zero","Canada","Offshore Wind",2020,0
"Global Net-zero","Canada","Offshore Wind",2021,0
"Global Net-zero","Canada","Offshore Wind",2022,0
"Global Net-zero","Canada","Offshore Wind",2023,0
"Global Net-zero","Canada","Offshore Wind",2024,0
"Global Net-zero","Canada","Offshore Wind",2025,0
"Global Net-zero","Canada","Offshore Wind",2026,400
"Global Net-zero","Canada","Offshore Wind",2027,800
"Global Net-zero","Canada","Offshore Wind",2028,1200
"Global Net-zero","Canada","Offshore Wind",2029,1600
"Global Net-zero","Canada","Offshore Wind",2030,2000
"Global Net-zero","Canada","Offshore Wind",2031,2600
"Global Net-zero","Canada","Offshore Wind",2032,3200
"Global Net-zero","Canada","Offshore Wind",2033,3800
"Global Net-zero","Canada","Offshore Wind",2034,4400
"Global Net-zero","Canada","Offshore Wind",2035,5000
"Global Net-zero","Canada","Offshore Wind",2036,5000
"Global Net-zero","Canada","Offshore Wind",2037,5000
"Global Net-zero","Canada","Offshore Wind",2038,5000
"Global Net-zero","Canada","Offshore Wind",2039,5000
"Global Net-zero","Canada","Offshore Wind",2040,5000
"Global Net-zero","Canada","Offshore Wind",2041,5000
"Global Net-zero","Canada","Offshore Wind",2042,5000
"Global Net-zero","Canada","Offshore Wind",2043,5000
"Global Net-zero","Canada","Offshore Wind",2044,5000
"Global Net-zero","Canada","Offshore Wind",2045,5000
"Global Net-zero","Canada","Offshore Wind",2046,5000
"Global Net-zero","Canada","Offshore Wind",2047,5000
"Global Net-zero","Canada","Offshore Wind",2048,5000
"Global Net-zero","Canada","Offshore Wind",2049,5000
"Global Net-zero","Canada","Offshore Wind",2050,5000
"Global Net-zero","Canada","Oil",2020,3660.85
"Global Net-zero","Canada","Oil",2021,3660.85
"Global Net-zero","Canada","Oil",2022,3660.85
"Global Net-zero","Canada","Oil",2023,3660.85
"Global Net-zero","Canada","Oil",2024,3664.85
"Global Net-zero","Canada","Oil",2025,3674.85
"Global Net-zero","Canada","Oil",2026,3550.85
"Global Net-zero","Canada","Oil",2027,3518.85
"Global Net-zero","Canada","Oil",2028,3518.85
"Global Net-zero","Canada","Oil",2029,3518.85
"Global Net-zero","Canada","Oil",2030,3493.05
"Global Net-zero","Canada","Oil",2031,3006.05
"Global Net-zero","Canada","Oil",2032,2990.05
"Global Net-zero","Canada","Oil",2033,2990.05
"Global Net-zero","Canada","Oil",2034,2990.05
"Global Net-zero","Canada","Oil",2035,2990.05
"Global Net-zero","Canada","Oil",2036,1865.05
"Global Net-zero","Canada","Oil",2037,1865.05
"Global Net-zero","Canada","Oil",2038,1865.05
"Global Net-zero","Canada","Oil",2039,1865.05
"Global Net-zero","Canada","Oil",2040,1865.05
"Global Net-zero","Canada","Oil",2041,1810.05
"Global Net-zero","Canada","Oil",2042,1810.05
"Global Net-zero","Canada","Oil",2043,1810.05
"Global Net-zero","Canada","Oil",2044,1810.05
"Global Net-zero","Canada","Oil",2045,1810.05
"Global Net-zero","Canada","Oil",2046,1810.05
"Global Net-zero","Canada","Oil",2047,1810.05
"Global Net-zero","Canada","Oil",2048,1810.05
"Global Net-zero","Canada","Oil",2049,1810.05
"Global Net-zero","Canada","Oil",2050,1810.05
"Global Net-zero","Canada","Onshore Wind",2020,13661.31
"Global Net-zero","Canada","Onshore Wind",2021,13881.31
"Global Net-zero","Canada","Onshore Wind",2022,15240.31
"Global Net-zero","Canada","Onshore Wind",2023,16140.31
"Global Net-zero","Canada","Onshore Wind",2024,17809.31
"Global Net-zero","Canada","Onshore Wind",2025,18240.81
"Global Net-zero","Canada","Onshore Wind",2026,19230.81
"Global Net-zero","Canada","Onshore Wind",2027,20221.81
"Global Net-zero","Canada","Onshore Wind",2028,21222.81
"Global Net-zero","Canada","Onshore Wind",2029,22211.81
"Global Net-zero","Canada","Onshore Wind",2030,23212.24
"Global Net-zero","Canada","Onshore Wind",2031,27696.24
"Global Net-zero","Canada","Onshore Wind",2032,32163.24
"Global Net-zero","Canada","Onshore Wind",2033,36683.24
"Global Net-zero","Canada","Onshore Wind",2034,41173.24
"Global Net-zero","Canada","Onshore Wind",2035,45706.7
"Global Net-zero","Canada","Onshore Wind",2036,47496.7
"Global Net-zero","Canada","Onshore Wind",2037,49166.7
"Global Net-zero","Canada","Onshore Wind",2038,51066.7
"Global Net-zero","Canada","Onshore Wind",2039,52746.7
"Global Net-zero","Canada","Onshore Wind",2040,54571
"Global Net-zero","Canada","Onshore Wind",2041,58711
"Global Net-zero","Canada","Onshore Wind",2042,62941
"Global Net-zero","Canada","Onshore Wind",2043,67181
"Global Net-zero","Canada","Onshore Wind",2044,71411
"Global Net-zero","Canada","Onshore Wind",2045,75587.6
"Global Net-zero","Canada","Onshore Wind",2046,78674.6
"Global Net-zero","Canada","Onshore Wind",2047,81670.6
"Global Net-zero","Canada","Onshore Wind",2048,84657.6
"Global Net-zero","Canada","Onshore Wind",2049,87744.6
"Global Net-zero","Canada","Onshore Wind",2050,90767.6
"Global Net-zero","Canada","Solar (Distributed)",2020,2357.46082977
"Global Net-zero","Canada","Solar (Distributed)",2021,2420.077124844
"Global Net-zero","Canada","Solar (Distributed)",2022,2482.693419916
"Global Net-zero","Canada","Solar (Distributed)",2023,2610.30971499
"Global Net-zero","Canada","Solar (Distributed)",2024,2755.783152964
"Global Net-zero","Canada","Solar (Distributed)",2025,2957.089924138
"Global Net-zero","Canada","Solar (Distributed)",2026,3204.429568662
"Global Net-zero","Canada","Solar (Distributed)",2027,3451.769213987
"Global Net-zero","Canada","Solar (Distributed)",2028,3699.10885941299
"Global Net-zero","Canada","Solar (Distributed)",2029,3946.44850483599
"Global Net-zero","Canada","Solar (Distributed)",2030,4193.788150262
"Global Net-zero","Canada","Solar (Distributed)",2031,4459.5196725
"Global Net-zero","Canada","Solar (Distributed)",2032,4725.25119574
"Global Net-zero","Canada","Solar (Distributed)",2033,4990.982717978
"Global Net-zero","Canada","Solar (Distributed)",2034,5256.714240216
"Global Net-zero","Canada","Solar (Distributed)",2035,5522.445763456
"Global Net-zero","Canada","Solar (Distributed)",2036,5788.177285494
"Global Net-zero","Canada","Solar (Distributed)",2037,6053.908808032
"Global Net-zero","Canada","Solar (Distributed)",2038,6319.64033057
"Global Net-zero","Canada","Solar (Distributed)",2039,6585.37185311
"Global Net-zero","Canada","Solar (Distributed)",2040,6851.103375648
"Global Net-zero","Canada","Solar (Distributed)",2041,6986.759175773
"Global Net-zero","Canada","Solar (Distributed)",2042,7122.414976787
"Global Net-zero","Canada","Solar (Distributed)",2043,7258.070776921
"Global Net-zero","Canada","Solar (Distributed)",2044,7393.726577046
"Global Net-zero","Canada","Solar (Distributed)",2045,7529.382379171
"Global Net-zero","Canada","Solar (Distributed)",2046,7665.038179175
"Global Net-zero","Canada","Solar (Distributed)",2047,7800.6939793
"Global Net-zero","Canada","Solar (Distributed)",2048,7936.349779434
"Global Net-zero","Canada","Solar (Distributed)",2049,8072.005580448
"Global Net-zero","Canada","Solar (Distributed)",2050,8207.661380573
"Global Net-zero","Canada","Solar (Utility scale)",2020,3116.936
"Global Net-zero","Canada","Solar (Utility scale)",2021,3350.936
"Global Net-zero","Canada","Solar (Utility scale)",2022,3994.936
"Global Net-zero","Canada","Solar (Utility scale)",2023,4225.936
"Global Net-zero","Canada","Solar (Utility scale)",2024,4225.936
"Global Net-zero","Canada","Solar (Utility scale)",2025,4348.967
"Global Net-zero","Canada","Solar (Utility scale)",2026,4529.967
"Global Net-zero","Canada","Solar (Utility scale)",2027,4709.967
"Global Net-zero","Canada","Solar (Utility scale)",2028,4889.967
"Global Net-zero","Canada","Solar (Utility scale)",2029,5070.967
"Global Net-zero","Canada","Solar (Utility scale)",2030,5302.267
"Global Net-zero","Canada","Solar (Utility scale)",2031,8126.305
"Global Net-zero","Canada","Solar (Utility scale)",2032,10947.305
"Global Net-zero","Canada","Solar (Utility scale)",2033,13777.005
"Global Net-zero","Canada","Solar (Utility scale)",2034,16597.805
"Global Net-zero","Canada","Solar (Utility scale)",2035,19523.335
"Global Net-zero","Canada","Solar (Utility scale)",2036,19633.335
"Global Net-zero","Canada","Solar (Utility scale)",2037,19743.335
"Global Net-zero","Canada","Solar (Utility scale)",2038,19853.335
"Global Net-zero","Canada","Solar (Utility scale)",2039,19963.335
"Global Net-zero","Canada","Solar (Utility scale)",2040,20094.015
"Global Net-zero","Canada","Solar (Utility scale)",2041,21485.015
"Global Net-zero","Canada","Solar (Utility scale)",2042,22876.015
"Global Net-zero","Canada","Solar (Utility scale)",2043,24257.015
"Global Net-zero","Canada","Solar (Utility scale)",2044,25648.015
"Global Net-zero","Canada","Solar (Utility scale)",2045,26977.215
"Global Net-zero","Canada","Solar (Utility scale)",2046,27312.615
"Global Net-zero","Canada","Solar (Utility scale)",2047,27657.115
"Global Net-zero","Canada","Solar (Utility scale)",2048,28002.915
"Global Net-zero","Canada","Solar (Utility scale)",2049,28337.915
"Global Net-zero","Canada","Solar (Utility scale)",2050,28592.015
"Global Net-zero","Canada","Total",2020,152844.25682977
"Global Net-zero","Canada","Total",2021,152069.873124844
"Global Net-zero","Canada","Total",2022,153085.489419916
"Global Net-zero","Canada","Total",2023,154824.10571499
"Global Net-zero","Canada","Total",2024,156137.079152964
"Global Net-zero","Canada","Total",2025,163435.116924138
"Global Net-zero","Canada","Total",2026,166571.456568662
"Global Net-zero","Canada","Total",2027,170058.796213987
"Global Net-zero","Canada","Total",2028,173998.135859412
"Global Net-zero","Canada","Total",2029,177434.975504836
"Global Net-zero","Canada","Total",2030,183838.245150262
"Global Net-zero","Canada","Total",2031,193743.5146725
"Global Net-zero","Canada","Total",2032,206022.54619574
"Global Net-zero","Canada","Total",2033,217824.577717977
"Global Net-zero","Canada","Total",2034,230284.609240216
"Global Net-zero","Canada","Total",2035,234301.930763455
"Global Net-zero","Canada","Total",2036,238921.462285494
"Global Net-zero","Canada","Total",2037,244395.193808032
"Global Net-zero","Canada","Total",2038,249279.02533057
"Global Net-zero","Canada","Total",2039,254805.55685311
"Global Net-zero","Canada","Total",2040,259469.668375648
"Global Net-zero","Canada","Total",2041,267632.924175773
"Global Net-zero","Canada","Total",2042,275303.579976787
"Global Net-zero","Canada","Total",2043,283862.235776921
"Global Net-zero","Canada","Total",2044,293089.891577046
"Global Net-zero","Canada","Total",2045,301423.247379171
"Global Net-zero","Canada","Total",2046,307100.303179175
"Global Net-zero","Canada","Total",2047,313663.4589793
"Global Net-zero","Canada","Total",2048,319420.914779434
"Global Net-zero","Canada","Total",2049,326128.570580448
"Global Net-zero","Canada","Total",2050,328360.326380573
"Global Net-zero","Canada","Uranium",2020,14805
"Global Net-zero","Canada","Uranium",2021,13105
"Global Net-zero","Canada","Uranium",2022,13105
"Global Net-zero","Canada","Uranium",2023,12105
"Global Net-zero","Canada","Uranium",2024,12105
"Global Net-zero","Canada","Uranium",2025,12105
"Global Net-zero","Canada","Uranium",2026,11205
"Global Net-zero","Canada","Uranium",2027,10805
"Global Net-zero","Canada","Uranium",2028,10805
"Global Net-zero","Canada","Uranium",2029,10805
"Global Net-zero","Canada","Uranium",2030,10805
"Global Net-zero","Canada","Uranium",2031,10805
"Global Net-zero","Canada","Uranium",2032,10805
"Global Net-zero","Canada","Uranium",2033,10805
"Global Net-zero","Canada","Uranium",2034,11605
"Global Net-zero","Canada","Uranium",2035,11605
"Global Net-zero","Canada","Uranium",2036,11605
"Global Net-zero","Canada","Uranium",2037,11605
"Global Net-zero","Canada","Uranium",2038,11605
"Global Net-zero","Canada","Uranium",2039,11605
"Global Net-zero","Canada","Uranium",2040,11605
"Global Net-zero","Canada","Uranium",2041,11605
"Global Net-zero","Canada","Uranium",2042,10900
"Global Net-zero","Canada","Uranium",2043,10900
"Global Net-zero","Canada","Uranium",2044,11579
"Global Net-zero","Canada","Uranium",2045,11579
"Global Net-zero","Canada","Uranium",2046,11579
"Global Net-zero","Canada","Uranium",2047,11579
"Global Net-zero","Canada","Uranium",2048,11579
"Global Net-zero","Canada","Uranium",2049,11579
"Global Net-zero","Canada","Uranium",2050,11579
"Global Net-zero","Canada","Uranium SMR",2020,0
"Global Net-zero","Canada","Uranium SMR",2021,0
"Global Net-zero","Canada","Uranium SMR",2022,0
"Global Net-zero","Canada","Uranium SMR",2023,0
"Global Net-zero","Canada","Uranium SMR",2024,0
"Global Net-zero","Canada","Uranium SMR",2025,0
"Global Net-zero","Canada","Uranium SMR",2026,0
"Global Net-zero","Canada","Uranium SMR",2027,0
"Global Net-zero","Canada","Uranium SMR",2028,0
"Global Net-zero","Canada","Uranium SMR",2029,0
"Global Net-zero","Canada","Uranium SMR",2030,300
"Global Net-zero","Canada","Uranium SMR",2031,1608.1
"Global Net-zero","Canada","Uranium SMR",2032,2925.2
"Global Net-zero","Canada","Uranium SMR",2033,4233.4
"Global Net-zero","Canada","Uranium SMR",2034,5540.5
"Global Net-zero","Canada","Uranium SMR",2035,6954.7
"Global Net-zero","Canada","Uranium SMR",2036,9255
"Global Net-zero","Canada","Uranium SMR",2037,11561
"Global Net-zero","Canada","Uranium SMR",2038,13879
"Global Net-zero","Canada","Uranium SMR",2039,16235
"Global Net-zero","Canada","Uranium SMR",2040,18562.4
"Global Net-zero","Canada","Uranium SMR",2041,19323
"Global Net-zero","Canada","Uranium SMR",2042,20084
"Global Net-zero","Canada","Uranium SMR",2043,20845
"Global Net-zero","Canada","Uranium SMR",2044,21605
"Global Net-zero","Canada","Uranium SMR",2045,22356
"Global Net-zero","Canada","Uranium SMR",2046,22671
"Global Net-zero","Canada","Uranium SMR",2047,22996
"Global Net-zero","Canada","Uranium SMR",2048,23311
"Global Net-zero","Canada","Uranium SMR",2049,23627
"Global Net-zero","Canada","Uranium SMR",2050,23979
"Global Net-zero","Manitoba","Battery Storage",2020,0
"Global Net-zero","Manitoba","Battery Storage",2021,0
"Global Net-zero","Manitoba","Battery Storage",2022,0
"Global Net-zero","Manitoba","Battery Storage",2023,0
"Global Net-zero","Manitoba","Battery Storage",2024,0
"Global Net-zero","Manitoba","Battery Storage",2025,0
"Global Net-zero","Manitoba","Battery Storage",2026,0
"Global Net-zero","Manitoba","Battery Storage",2027,0
"Global Net-zero","Manitoba","Battery Storage",2028,0
"Global Net-zero","Manitoba","Battery Storage",2029,0
"Global Net-zero","Manitoba","Battery Storage",2030,49
"Global Net-zero","Manitoba","Battery Storage",2031,49
"Global Net-zero","Manitoba","Battery Storage",2032,49
"Global Net-zero","Manitoba","Battery Storage",2033,49
"Global Net-zero","Manitoba","Battery Storage",2034,49
"Global Net-zero","Manitoba","Battery Storage",2035,49
"Global Net-zero","Manitoba","Battery Storage",2036,49
"Global Net-zero","Manitoba","Battery Storage",2037,49
"Global Net-zero","Manitoba","Battery Storage",2038,49
"Global Net-zero","Manitoba","Battery Storage",2039,49
"Global Net-zero","Manitoba","Battery Storage",2040,49
"Global Net-zero","Manitoba","Battery Storage",2041,49
"Global Net-zero","Manitoba","Battery Storage",2042,49
"Global Net-zero","Manitoba","Battery Storage",2043,49
"Global Net-zero","Manitoba","Battery Storage",2044,49
"Global Net-zero","Manitoba","Battery Storage",2045,49
"Global Net-zero","Manitoba","Battery Storage",2046,49
"Global Net-zero","Manitoba","Battery Storage",2047,49
"Global Net-zero","Manitoba","Battery Storage",2048,49
"Global Net-zero","Manitoba","Battery Storage",2049,49
"Global Net-zero","Manitoba","Battery Storage",2050,600
"Global Net-zero","Manitoba","Bioenergy",2020,22
"Global Net-zero","Manitoba","Bioenergy",2021,22
"Global Net-zero","Manitoba","Bioenergy",2022,22
"Global Net-zero","Manitoba","Bioenergy",2023,22
"Global Net-zero","Manitoba","Bioenergy",2024,22
"Global Net-zero","Manitoba","Bioenergy",2025,22
"Global Net-zero","Manitoba","Bioenergy",2026,22
"Global Net-zero","Manitoba","Bioenergy",2027,22
"Global Net-zero","Manitoba","Bioenergy",2028,22
"Global Net-zero","Manitoba","Bioenergy",2029,22
"Global Net-zero","Manitoba","Bioenergy",2030,22
"Global Net-zero","Manitoba","Bioenergy",2031,22
"Global Net-zero","Manitoba","Bioenergy",2032,22
"Global Net-zero","Manitoba","Bioenergy",2033,22
"Global Net-zero","Manitoba","Bioenergy",2034,22
"Global Net-zero","Manitoba","Bioenergy",2035,22
"Global Net-zero","Manitoba","Bioenergy",2036,22
"Global Net-zero","Manitoba","Bioenergy",2037,22
"Global Net-zero","Manitoba","Bioenergy",2038,22
"Global Net-zero","Manitoba","Bioenergy",2039,22
"Global Net-zero","Manitoba","Bioenergy",2040,22
"Global Net-zero","Manitoba","Bioenergy",2041,22
"Global Net-zero","Manitoba","Bioenergy",2042,22
"Global Net-zero","Manitoba","Bioenergy",2043,22
"Global Net-zero","Manitoba","Bioenergy",2044,22
"Global Net-zero","Manitoba","Bioenergy",2045,22
"Global Net-zero","Manitoba","Bioenergy",2046,22
"Global Net-zero","Manitoba","Bioenergy",2047,22
"Global Net-zero","Manitoba","Bioenergy",2048,22
"Global Net-zero","Manitoba","Bioenergy",2049,22
"Global Net-zero","Manitoba","Bioenergy",2050,22
"Global Net-zero","Manitoba","Hydro",2020,5370
"Global Net-zero","Manitoba","Hydro",2021,5470
"Global Net-zero","Manitoba","Hydro",2022,6070
"Global Net-zero","Manitoba","Hydro",2023,6070
"Global Net-zero","Manitoba","Hydro",2024,6070
"Global Net-zero","Manitoba","Hydro",2025,6070
"Global Net-zero","Manitoba","Hydro",2026,6320
"Global Net-zero","Manitoba","Hydro",2027,6580
"Global Net-zero","Manitoba","Hydro",2028,6830
"Global Net-zero","Manitoba","Hydro",2029,7080
"Global Net-zero","Manitoba","Hydro",2030,7330
"Global Net-zero","Manitoba","Hydro",2031,7400
"Global Net-zero","Manitoba","Hydro",2032,7470
"Global Net-zero","Manitoba","Hydro",2033,7540
"Global Net-zero","Manitoba","Hydro",2034,7600
"Global Net-zero","Manitoba","Hydro",2035,7670
"Global Net-zero","Manitoba","Hydro",2036,7670
"Global Net-zero","Manitoba","Hydro",2037,7670
"Global Net-zero","Manitoba","Hydro",2038,7670
"Global Net-zero","Manitoba","Hydro",2039,7670
"Global Net-zero","Manitoba","Hydro",2040,7670
"Global Net-zero","Manitoba","Hydro",2041,7670
"Global Net-zero","Manitoba","Hydro",2042,7670
"Global Net-zero","Manitoba","Hydro",2043,7670
"Global Net-zero","Manitoba","Hydro",2044,7670
"Global Net-zero","Manitoba","Hydro",2045,7670
"Global Net-zero","Manitoba","Hydro",2046,7670
"Global Net-zero","Manitoba","Hydro",2047,7670
"Global Net-zero","Manitoba","Hydro",2048,7670
"Global Net-zero","Manitoba","Hydro",2049,7670
"Global Net-zero","Manitoba","Hydro",2050,7670
"Global Net-zero","Manitoba","Natural Gas",2020,403
"Global Net-zero","Manitoba","Natural Gas",2021,403
"Global Net-zero","Manitoba","Natural Gas",2022,403
"Global Net-zero","Manitoba","Natural Gas",2023,403
"Global Net-zero","Manitoba","Natural Gas",2024,403
"Global Net-zero","Manitoba","Natural Gas",2025,403
"Global Net-zero","Manitoba","Natural Gas",2026,403
"Global Net-zero","Manitoba","Natural Gas",2027,403
"Global Net-zero","Manitoba","Natural Gas",2028,403
"Global Net-zero","Manitoba","Natural Gas",2029,403
"Global Net-zero","Manitoba","Natural Gas",2030,403
"Global Net-zero","Manitoba","Natural Gas",2031,403
"Global Net-zero","Manitoba","Natural Gas",2032,403
"Global Net-zero","Manitoba","Natural Gas",2033,403
"Global Net-zero","Manitoba","Natural Gas",2034,403
"Global Net-zero","Manitoba","Natural Gas",2035,403
"Global Net-zero","Manitoba","Natural Gas",2036,403
"Global Net-zero","Manitoba","Natural Gas",2037,403
"Global Net-zero","Manitoba","Natural Gas",2038,0
"Global Net-zero","Manitoba","Natural Gas",2039,0
"Global Net-zero","Manitoba","Natural Gas",2040,0
"Global Net-zero","Manitoba","Natural Gas",2041,0
"Global Net-zero","Manitoba","Natural Gas",2042,0
"Global Net-zero","Manitoba","Natural Gas",2043,0
"Global Net-zero","Manitoba","Natural Gas",2044,0
"Global Net-zero","Manitoba","Natural Gas",2045,0
"Global Net-zero","Manitoba","Natural Gas",2046,0
"Global Net-zero","Manitoba","Natural Gas",2047,0
"Global Net-zero","Manitoba","Natural Gas",2048,0
"Global Net-zero","Manitoba","Natural Gas",2049,0
"Global Net-zero","Manitoba","Natural Gas",2050,0
"Global Net-zero","Manitoba","Oil",2020,37.3
"Global Net-zero","Manitoba","Oil",2021,37.3
"Global Net-zero","Manitoba","Oil",2022,37.3
"Global Net-zero","Manitoba","Oil",2023,37.3
"Global Net-zero","Manitoba","Oil",2024,37.3
"Global Net-zero","Manitoba","Oil",2025,37.3
"Global Net-zero","Manitoba","Oil",2026,37.3
"Global Net-zero","Manitoba","Oil",2027,37.3
"Global Net-zero","Manitoba","Oil",2028,37.3
"Global Net-zero","Manitoba","Oil",2029,37.3
"Global Net-zero","Manitoba","Oil",2030,37.3
"Global Net-zero","Manitoba","Oil",2031,37.3
"Global Net-zero","Manitoba","Oil",2032,37.3
"Global Net-zero","Manitoba","Oil",2033,37.3
"Global Net-zero","Manitoba","Oil",2034,37.3
"Global Net-zero","Manitoba","Oil",2035,37.3
"Global Net-zero","Manitoba","Oil",2036,37.3
"Global Net-zero","Manitoba","Oil",2037,37.3
"Global Net-zero","Manitoba","Oil",2038,37.3
"Global Net-zero","Manitoba","Oil",2039,37.3
"Global Net-zero","Manitoba","Oil",2040,37.3
"Global Net-zero","Manitoba","Oil",2041,37.3
"Global Net-zero","Manitoba","Oil",2042,37.3
"Global Net-zero","Manitoba","Oil",2043,37.3
"Global Net-zero","Manitoba","Oil",2044,37.3
"Global Net-zero","Manitoba","Oil",2045,37.3
"Global Net-zero","Manitoba","Oil",2046,37.3
"Global Net-zero","Manitoba","Oil",2047,37.3
"Global Net-zero","Manitoba","Oil",2048,37.3
"Global Net-zero","Manitoba","Oil",2049,37.3
"Global Net-zero","Manitoba","Oil",2050,37.3
"Global Net-zero","Manitoba","Onshore Wind",2020,259
"Global Net-zero","Manitoba","Onshore Wind",2021,259
"Global Net-zero","Manitoba","Onshore Wind",2022,259
"Global Net-zero","Manitoba","Onshore Wind",2023,259
"Global Net-zero","Manitoba","Onshore Wind",2024,259
"Global Net-zero","Manitoba","Onshore Wind",2025,309
"Global Net-zero","Manitoba","Onshore Wind",2026,330
"Global Net-zero","Manitoba","Onshore Wind",2027,352
"Global Net-zero","Manitoba","Onshore Wind",2028,374
"Global Net-zero","Manitoba","Onshore Wind",2029,396
"Global Net-zero","Manitoba","Onshore Wind",2030,418
"Global Net-zero","Manitoba","Onshore Wind",2031,418
"Global Net-zero","Manitoba","Onshore Wind",2032,418
"Global Net-zero","Manitoba","Onshore Wind",2033,418
"Global Net-zero","Manitoba","Onshore Wind",2034,418
"Global Net-zero","Manitoba","Onshore Wind",2035,418
"Global Net-zero","Manitoba","Onshore Wind",2036,418
"Global Net-zero","Manitoba","Onshore Wind",2037,418
"Global Net-zero","Manitoba","Onshore Wind",2038,418
"Global Net-zero","Manitoba","Onshore Wind",2039,418
"Global Net-zero","Manitoba","Onshore Wind",2040,418
"Global Net-zero","Manitoba","Onshore Wind",2041,418
"Global Net-zero","Manitoba","Onshore Wind",2042,418
"Global Net-zero","Manitoba","Onshore Wind",2043,418
"Global Net-zero","Manitoba","Onshore Wind",2044,418
"Global Net-zero","Manitoba","Onshore Wind",2045,418
"Global Net-zero","Manitoba","Onshore Wind",2046,418
"Global Net-zero","Manitoba","Onshore Wind",2047,418
"Global Net-zero","Manitoba","Onshore Wind",2048,418
"Global Net-zero","Manitoba","Onshore Wind",2049,418
"Global Net-zero","Manitoba","Onshore Wind",2050,418
"Global Net-zero","Manitoba","Solar (Distributed)",2020,5
"Global Net-zero","Manitoba","Solar (Distributed)",2021,5
"Global Net-zero","Manitoba","Solar (Distributed)",2022,5
"Global Net-zero","Manitoba","Solar (Distributed)",2023,5
"Global Net-zero","Manitoba","Solar (Distributed)",2024,5
"Global Net-zero","Manitoba","Solar (Distributed)",2025,5
"Global Net-zero","Manitoba","Solar (Distributed)",2026,12
"Global Net-zero","Manitoba","Solar (Distributed)",2027,19
"Global Net-zero","Manitoba","Solar (Distributed)",2028,26
"Global Net-zero","Manitoba","Solar (Distributed)",2029,33
"Global Net-zero","Manitoba","Solar (Distributed)",2030,40
"Global Net-zero","Manitoba","Solar (Distributed)",2031,42
"Global Net-zero","Manitoba","Solar (Distributed)",2032,44
"Global Net-zero","Manitoba","Solar (Distributed)",2033,46
"Global Net-zero","Manitoba","Solar (Distributed)",2034,48
"Global Net-zero","Manitoba","Solar (Distributed)",2035,50
"Global Net-zero","Manitoba","Solar (Distributed)",2036,52
"Global Net-zero","Manitoba","Solar (Distributed)",2037,54
"Global Net-zero","Manitoba","Solar (Distributed)",2038,56
"Global Net-zero","Manitoba","Solar (Distributed)",2039,58
"Global Net-zero","Manitoba","Solar (Distributed)",2040,60
"Global Net-zero","Manitoba","Solar (Distributed)",2041,61
"Global Net-zero","Manitoba","Solar (Distributed)",2042,62
"Global Net-zero","Manitoba","Solar (Distributed)",2043,63
"Global Net-zero","Manitoba","Solar (Distributed)",2044,64
"Global Net-zero","Manitoba","Solar (Distributed)",2045,65
"Global Net-zero","Manitoba","Solar (Distributed)",2046,66
"Global Net-zero","Manitoba","Solar (Distributed)",2047,67
"Global Net-zero","Manitoba","Solar (Distributed)",2048,68
"Global Net-zero","Manitoba","Solar (Distributed)",2049,69
"Global Net-zero","Manitoba","Solar (Distributed)",2050,70
"Global Net-zero","Manitoba","Solar (Utility scale)",2020,6
"Global Net-zero","Manitoba","Solar (Utility scale)",2021,6
"Global Net-zero","Manitoba","Solar (Utility scale)",2022,6
"Global Net-zero","Manitoba","Solar (Utility scale)",2023,6
"Global Net-zero","Manitoba","Solar (Utility scale)",2024,6
"Global Net-zero","Manitoba","Solar (Utility scale)",2025,6
"Global Net-zero","Manitoba","Solar (Utility scale)",2026,6
"Global Net-zero","Manitoba","Solar (Utility scale)",2027,6
"Global Net-zero","Manitoba","Solar (Utility scale)",2028,6
"Global Net-zero","Manitoba","Solar (Utility scale)",2029,6
"Global Net-zero","Manitoba","Solar (Utility scale)",2030,6
"Global Net-zero","Manitoba","Solar (Utility scale)",2031,16
"Global Net-zero","Manitoba","Solar (Utility scale)",2032,26
"Global Net-zero","Manitoba","Solar (Utility scale)",2033,36
"Global Net-zero","Manitoba","Solar (Utility scale)",2034,46
"Global Net-zero","Manitoba","Solar (Utility scale)",2035,56
"Global Net-zero","Manitoba","Solar (Utility scale)",2036,56
"Global Net-zero","Manitoba","Solar (Utility scale)",2037,56
"Global Net-zero","Manitoba","Solar (Utility scale)",2038,56
"Global Net-zero","Manitoba","Solar (Utility scale)",2039,56
"Global Net-zero","Manitoba","Solar (Utility scale)",2040,56
"Global Net-zero","Manitoba","Solar (Utility scale)",2041,70
"Global Net-zero","Manitoba","Solar (Utility scale)",2042,84
"Global Net-zero","Manitoba","Solar (Utility scale)",2043,98
"Global Net-zero","Manitoba","Solar (Utility scale)",2044,112
"Global Net-zero","Manitoba","Solar (Utility scale)",2045,126
"Global Net-zero","Manitoba","Solar (Utility scale)",2046,126
"Global Net-zero","Manitoba","Solar (Utility scale)",2047,126
"Global Net-zero","Manitoba","Solar (Utility scale)",2048,126
"Global Net-zero","Manitoba","Solar (Utility scale)",2049,126
"Global Net-zero","Manitoba","Solar (Utility scale)",2050,126
"Global Net-zero","Manitoba","Total",2020,6102.3
"Global Net-zero","Manitoba","Total",2021,6202.3
"Global Net-zero","Manitoba","Total",2022,6802.3
"Global Net-zero","Manitoba","Total",2023,6802.3
"Global Net-zero","Manitoba","Total",2024,6802.3
"Global Net-zero","Manitoba","Total",2025,6852.3
"Global Net-zero","Manitoba","Total",2026,7130.3
"Global Net-zero","Manitoba","Total",2027,7419.3
"Global Net-zero","Manitoba","Total",2028,7698.3
"Global Net-zero","Manitoba","Total",2029,7977.3
"Global Net-zero","Manitoba","Total",2030,8305.3
"Global Net-zero","Manitoba","Total",2031,8404.4
"Global Net-zero","Manitoba","Total",2032,8503.5
"Global Net-zero","Manitoba","Total",2033,8602.7
"Global Net-zero","Manitoba","Total",2034,8691.8
"Global Net-zero","Manitoba","Total",2035,8790.9
"Global Net-zero","Manitoba","Total",2036,8986.3
"Global Net-zero","Manitoba","Total",2037,9182.3
"Global Net-zero","Manitoba","Total",2038,8975.3
"Global Net-zero","Manitoba","Total",2039,9170.3
"Global Net-zero","Manitoba","Total",2040,9362.3
"Global Net-zero","Manitoba","Total",2041,9517.3
"Global Net-zero","Manitoba","Total",2042,9672.3
"Global Net-zero","Manitoba","Total",2043,9827.3
"Global Net-zero","Manitoba","Total",2044,9982.3
"Global Net-zero","Manitoba","Total",2045,10127.3
"Global Net-zero","Manitoba","Total",2046,10178.3
"Global Net-zero","Manitoba","Total",2047,10239.3
"Global Net-zero","Manitoba","Total",2048,10290.3
"Global Net-zero","Manitoba","Total",2049,10341.3
"Global Net-zero","Manitoba","Total",2050,10943.3
"Global Net-zero","Manitoba","Uranium SMR",2020,0
"Global Net-zero","Manitoba","Uranium SMR",2021,0
"Global Net-zero","Manitoba","Uranium SMR",2022,0
"Global Net-zero","Manitoba","Uranium SMR",2023,0
"Global Net-zero","Manitoba","Uranium SMR",2024,0
"Global Net-zero","Manitoba","Uranium SMR",2025,0
"Global Net-zero","Manitoba","Uranium SMR",2026,0
"Global Net-zero","Manitoba","Uranium SMR",2027,0
"Global Net-zero","Manitoba","Uranium SMR",2028,0
"Global Net-zero","Manitoba","Uranium SMR",2029,0
"Global Net-zero","Manitoba","Uranium SMR",2030,0
"Global Net-zero","Manitoba","Uranium SMR",2031,17.1
"Global Net-zero","Manitoba","Uranium SMR",2032,34.2
"Global Net-zero","Manitoba","Uranium SMR",2033,51.4
"Global Net-zero","Manitoba","Uranium SMR",2034,68.5
"Global Net-zero","Manitoba","Uranium SMR",2035,85.6
"Global Net-zero","Manitoba","Uranium SMR",2036,279
"Global Net-zero","Manitoba","Uranium SMR",2037,473
"Global Net-zero","Manitoba","Uranium SMR",2038,667
"Global Net-zero","Manitoba","Uranium SMR",2039,860
"Global Net-zero","Manitoba","Uranium SMR",2040,1050
"Global Net-zero","Manitoba","Uranium SMR",2041,1190
"Global Net-zero","Manitoba","Uranium SMR",2042,1330
"Global Net-zero","Manitoba","Uranium SMR",2043,1470
"Global Net-zero","Manitoba","Uranium SMR",2044,1610
"Global Net-zero","Manitoba","Uranium SMR",2045,1740
"Global Net-zero","Manitoba","Uranium SMR",2046,1790
"Global Net-zero","Manitoba","Uranium SMR",2047,1850
"Global Net-zero","Manitoba","Uranium SMR",2048,1900
"Global Net-zero","Manitoba","Uranium SMR",2049,1950
"Global Net-zero","Manitoba","Uranium SMR",2050,2000
"Global Net-zero","New Brunswick","Bioenergy",2020,79.2
"Global Net-zero","New Brunswick","Bioenergy",2021,79.2
"Global Net-zero","New Brunswick","Bioenergy",2022,79.2
"Global Net-zero","New Brunswick","Bioenergy",2023,79.2
"Global Net-zero","New Brunswick","Bioenergy",2024,79.2
"Global Net-zero","New Brunswick","Bioenergy",2025,79.2
"Global Net-zero","New Brunswick","Bioenergy",2026,79.2
"Global Net-zero","New Brunswick","Bioenergy",2027,79.2
"Global Net-zero","New Brunswick","Bioenergy",2028,79.2
"Global Net-zero","New Brunswick","Bioenergy",2029,79.2
"Global Net-zero","New Brunswick","Bioenergy",2030,79.2
"Global Net-zero","New Brunswick","Bioenergy",2031,79.2
"Global Net-zero","New Brunswick","Bioenergy",2032,79.2
"Global Net-zero","New Brunswick","Bioenergy",2033,79.2
"Global Net-zero","New Brunswick","Bioenergy",2034,79.2
"Global Net-zero","New Brunswick","Bioenergy",2035,79.2
"Global Net-zero","New Brunswick","Bioenergy",2036,79.2
"Global Net-zero","New Brunswick","Bioenergy",2037,79.2
"Global Net-zero","New Brunswick","Bioenergy",2038,79.2
"Global Net-zero","New Brunswick","Bioenergy",2039,79.2
"Global Net-zero","New Brunswick","Bioenergy",2040,79.2
"Global Net-zero","New Brunswick","Bioenergy",2041,79.2
"Global Net-zero","New Brunswick","Bioenergy",2042,79.2
"Global Net-zero","New Brunswick","Bioenergy",2043,79.2
"Global Net-zero","New Brunswick","Bioenergy",2044,79.2
"Global Net-zero","New Brunswick","Bioenergy",2045,79.2
"Global Net-zero","New Brunswick","Bioenergy",2046,79.2
"Global Net-zero","New Brunswick","Bioenergy",2047,79.2
"Global Net-zero","New Brunswick","Bioenergy",2048,79.2
"Global Net-zero","New Brunswick","Bioenergy",2049,79.2
"Global Net-zero","New Brunswick","Bioenergy",2050,79.2
"Global Net-zero","New Brunswick","Coal and Coke",2020,541
"Global Net-zero","New Brunswick","Coal and Coke",2021,541
"Global Net-zero","New Brunswick","Coal and Coke",2022,541
"Global Net-zero","New Brunswick","Coal and Coke",2023,541
"Global Net-zero","New Brunswick","Coal and Coke",2024,541
"Global Net-zero","New Brunswick","Coal and Coke",2025,541
"Global Net-zero","New Brunswick","Coal and Coke",2026,541
"Global Net-zero","New Brunswick","Coal and Coke",2027,541
"Global Net-zero","New Brunswick","Coal and Coke",2028,541
"Global Net-zero","New Brunswick","Coal and Coke",2029,541
"Global Net-zero","New Brunswick","Coal and Coke",2030,541
"Global Net-zero","New Brunswick","Coal and Coke",2031,0
"Global Net-zero","New Brunswick","Coal and Coke",2032,0
"Global Net-zero","New Brunswick","Coal and Coke",2033,0
"Global Net-zero","New Brunswick","Coal and Coke",2034,0
"Global Net-zero","New Brunswick","Coal and Coke",2035,0
"Global Net-zero","New Brunswick","Coal and Coke",2036,0
"Global Net-zero","New Brunswick","Coal and Coke",2037,0
"Global Net-zero","New Brunswick","Coal and Coke",2038,0
"Global Net-zero","New Brunswick","Coal and Coke",2039,0
"Global Net-zero","New Brunswick","Coal and Coke",2040,0
"Global Net-zero","New Brunswick","Coal and Coke",2041,0
"Global Net-zero","New Brunswick","Coal and Coke",2042,0
"Global Net-zero","New Brunswick","Coal and Coke",2043,0
"Global Net-zero","New Brunswick","Coal and Coke",2044,0
"Global Net-zero","New Brunswick","Coal and Coke",2045,0
"Global Net-zero","New Brunswick","Coal and Coke",2046,0
"Global Net-zero","New Brunswick","Coal and Coke",2047,0
"Global Net-zero","New Brunswick","Coal and Coke",2048,0
"Global Net-zero","New Brunswick","Coal and Coke",2049,0
"Global Net-zero","New Brunswick","Coal and Coke",2050,0
"Global Net-zero","New Brunswick","Hydro",2020,961
"Global Net-zero","New Brunswick","Hydro",2021,961
"Global Net-zero","New Brunswick","Hydro",2022,961
"Global Net-zero","New Brunswick","Hydro",2023,961
"Global Net-zero","New Brunswick","Hydro",2024,961
"Global Net-zero","New Brunswick","Hydro",2025,961
"Global Net-zero","New Brunswick","Hydro",2026,961
"Global Net-zero","New Brunswick","Hydro",2027,961
"Global Net-zero","New Brunswick","Hydro",2028,961
"Global Net-zero","New Brunswick","Hydro",2029,961
"Global Net-zero","New Brunswick","Hydro",2030,961
"Global Net-zero","New Brunswick","Hydro",2031,961
"Global Net-zero","New Brunswick","Hydro",2032,961
"Global Net-zero","New Brunswick","Hydro",2033,961
"Global Net-zero","New Brunswick","Hydro",2034,961
"Global Net-zero","New Brunswick","Hydro",2035,961
"Global Net-zero","New Brunswick","Hydro",2036,961
"Global Net-zero","New Brunswick","Hydro",2037,961
"Global Net-zero","New Brunswick","Hydro",2038,961
"Global Net-zero","New Brunswick","Hydro",2039,961
"Global Net-zero","New Brunswick","Hydro",2040,961
"Global Net-zero","New Brunswick","Hydro",2041,961
"Global Net-zero","New Brunswick","Hydro",2042,961
"Global Net-zero","New Brunswick","Hydro",2043,961
"Global Net-zero","New Brunswick","Hydro",2044,961
"Global Net-zero","New Brunswick","Hydro",2045,961
"Global Net-zero","New Brunswick","Hydro",2046,961
"Global Net-zero","New Brunswick","Hydro",2047,961
"Global Net-zero","New Brunswick","Hydro",2048,961
"Global Net-zero","New Brunswick","Hydro",2049,961
"Global Net-zero","New Brunswick","Hydro",2050,961
"Global Net-zero","New Brunswick","Natural Gas",2020,550
"Global Net-zero","New Brunswick","Natural Gas",2021,550
"Global Net-zero","New Brunswick","Natural Gas",2022,550
"Global Net-zero","New Brunswick","Natural Gas",2023,550
"Global Net-zero","New Brunswick","Natural Gas",2024,550
"Global Net-zero","New Brunswick","Natural Gas",2025,550
"Global Net-zero","New Brunswick","Natural Gas",2026,550
"Global Net-zero","New Brunswick","Natural Gas",2027,550
"Global Net-zero","New Brunswick","Natural Gas",2028,290
"Global Net-zero","New Brunswick","Natural Gas",2029,290
"Global Net-zero","New Brunswick","Natural Gas",2030,290
"Global Net-zero","New Brunswick","Natural Gas",2031,290
"Global Net-zero","New Brunswick","Natural Gas",2032,290
"Global Net-zero","New Brunswick","Natural Gas",2033,290
"Global Net-zero","New Brunswick","Natural Gas",2034,290
"Global Net-zero","New Brunswick","Natural Gas",2035,290
"Global Net-zero","New Brunswick","Natural Gas",2036,290
"Global Net-zero","New Brunswick","Natural Gas",2037,290
"Global Net-zero","New Brunswick","Natural Gas",2038,290
"Global Net-zero","New Brunswick","Natural Gas",2039,290
"Global Net-zero","New Brunswick","Natural Gas",2040,290
"Global Net-zero","New Brunswick","Natural Gas",2041,290
"Global Net-zero","New Brunswick","Natural Gas",2042,0
"Global Net-zero","New Brunswick","Natural Gas",2043,0
"Global Net-zero","New Brunswick","Natural Gas",2044,0
"Global Net-zero","New Brunswick","Natural Gas",2045,0
"Global Net-zero","New Brunswick","Natural Gas",2046,0
"Global Net-zero","New Brunswick","Natural Gas",2047,0
"Global Net-zero","New Brunswick","Natural Gas",2048,0
"Global Net-zero","New Brunswick","Natural Gas",2049,0
"Global Net-zero","New Brunswick","Natural Gas",2050,0
"Global Net-zero","New Brunswick","Oil",2020,1593.5
"Global Net-zero","New Brunswick","Oil",2021,1593.5
"Global Net-zero","New Brunswick","Oil",2022,1593.5
"Global Net-zero","New Brunswick","Oil",2023,1593.5
"Global Net-zero","New Brunswick","Oil",2024,1593.5
"Global Net-zero","New Brunswick","Oil",2025,1593.5
"Global Net-zero","New Brunswick","Oil",2026,1593.5
"Global Net-zero","New Brunswick","Oil",2027,1564.5
"Global Net-zero","New Brunswick","Oil",2028,1564.5
"Global Net-zero","New Brunswick","Oil",2029,1564.5
"Global Net-zero","New Brunswick","Oil",2030,1564.5
"Global Net-zero","New Brunswick","Oil",2031,1564.5
"Global Net-zero","New Brunswick","Oil",2032,1564.5
"Global Net-zero","New Brunswick","Oil",2033,1564.5
"Global Net-zero","New Brunswick","Oil",2034,1564.5
"Global Net-zero","New Brunswick","Oil",2035,1564.5
"Global Net-zero","New Brunswick","Oil",2036,514.5
"Global Net-zero","New Brunswick","Oil",2037,514.5
"Global Net-zero","New Brunswick","Oil",2038,514.5
"Global Net-zero","New Brunswick","Oil",2039,514.5
"Global Net-zero","New Brunswick","Oil",2040,514.5
"Global Net-zero","New Brunswick","Oil",2041,514.5
"Global Net-zero","New Brunswick","Oil",2042,514.5
"Global Net-zero","New Brunswick","Oil",2043,514.5
"Global Net-zero","New Brunswick","Oil",2044,514.5
"Global Net-zero","New Brunswick","Oil",2045,514.5
"Global Net-zero","New Brunswick","Oil",2046,514.5
"Global Net-zero","New Brunswick","Oil",2047,514.5
"Global Net-zero","New Brunswick","Oil",2048,514.5
"Global Net-zero","New Brunswick","Oil",2049,514.5
"Global Net-zero","New Brunswick","Oil",2050,514.5
"Global Net-zero","New Brunswick","Onshore Wind",2020,294
"Global Net-zero","New Brunswick","Onshore Wind",2021,294
"Global Net-zero","New Brunswick","Onshore Wind",2022,329
"Global Net-zero","New Brunswick","Onshore Wind",2023,329
"Global Net-zero","New Brunswick","Onshore Wind",2024,329
"Global Net-zero","New Brunswick","Onshore Wind",2025,399
"Global Net-zero","New Brunswick","Onshore Wind",2026,399
"Global Net-zero","New Brunswick","Onshore Wind",2027,399
"Global Net-zero","New Brunswick","Onshore Wind",2028,399
"Global Net-zero","New Brunswick","Onshore Wind",2029,399
"Global Net-zero","New Brunswick","Onshore Wind",2030,399
"Global Net-zero","New Brunswick","Onshore Wind",2031,783
"Global Net-zero","New Brunswick","Onshore Wind",2032,1170
"Global Net-zero","New Brunswick","Onshore Wind",2033,1580
"Global Net-zero","New Brunswick","Onshore Wind",2034,1960
"Global Net-zero","New Brunswick","Onshore Wind",2035,2350
"Global Net-zero","New Brunswick","Onshore Wind",2036,2360
"Global Net-zero","New Brunswick","Onshore Wind",2037,2370
"Global Net-zero","New Brunswick","Onshore Wind",2038,2390
"Global Net-zero","New Brunswick","Onshore Wind",2039,2400
"Global Net-zero","New Brunswick","Onshore Wind",2040,2410
"Global Net-zero","New Brunswick","Onshore Wind",2041,2410
"Global Net-zero","New Brunswick","Onshore Wind",2042,2410
"Global Net-zero","New Brunswick","Onshore Wind",2043,2410
"Global Net-zero","New Brunswick","Onshore Wind",2044,2410
"Global Net-zero","New Brunswick","Onshore Wind",2045,2440
"Global Net-zero","New Brunswick","Onshore Wind",2046,2440
"Global Net-zero","New Brunswick","Onshore Wind",2047,2440
"Global Net-zero","New Brunswick","Onshore Wind",2048,2440
"Global Net-zero","New Brunswick","Onshore Wind",2049,2440
"Global Net-zero","New Brunswick","Onshore Wind",2050,2440
"Global Net-zero","New Brunswick","Solar (Distributed)",2020,1
"Global Net-zero","New Brunswick","Solar (Distributed)",2021,1
"Global Net-zero","New Brunswick","Solar (Distributed)",2022,1
"Global Net-zero","New Brunswick","Solar (Distributed)",2023,1
"Global Net-zero","New Brunswick","Solar (Distributed)",2024,1
"Global Net-zero","New Brunswick","Solar (Distributed)",2025,1
"Global Net-zero","New Brunswick","Solar (Distributed)",2026,3.8
"Global Net-zero","New Brunswick","Solar (Distributed)",2027,6.6
"Global Net-zero","New Brunswick","Solar (Distributed)",2028,9.4
"Global Net-zero","New Brunswick","Solar (Distributed)",2029,12.2
"Global Net-zero","New Brunswick","Solar (Distributed)",2030,15
"Global Net-zero","New Brunswick","Solar (Distributed)",2031,15.5
"Global Net-zero","New Brunswick","Solar (Distributed)",2032,16
"Global Net-zero","New Brunswick","Solar (Distributed)",2033,16.5
"Global Net-zero","New Brunswick","Solar (Distributed)",2034,17
"Global Net-zero","New Brunswick","Solar (Distributed)",2035,17.5
"Global Net-zero","New Brunswick","Solar (Distributed)",2036,18
"Global Net-zero","New Brunswick","Solar (Distributed)",2037,18.5
"Global Net-zero","New Brunswick","Solar (Distributed)",2038,19
"Global Net-zero","New Brunswick","Solar (Distributed)",2039,19.5
"Global Net-zero","New Brunswick","Solar (Distributed)",2040,20
"Global Net-zero","New Brunswick","Solar (Distributed)",2041,21.29723133
"Global Net-zero","New Brunswick","Solar (Distributed)",2042,22.59446266
"Global Net-zero","New Brunswick","Solar (Distributed)",2043,23.891694
"Global Net-zero","New Brunswick","Solar (Distributed)",2044,25.18892533
"Global Net-zero","New Brunswick","Solar (Distributed)",2045,26.48615666
"Global Net-zero","New Brunswick","Solar (Distributed)",2046,27.78338799
"Global Net-zero","New Brunswick","Solar (Distributed)",2047,29.08061932
"Global Net-zero","New Brunswick","Solar (Distributed)",2048,30.37785066
"Global Net-zero","New Brunswick","Solar (Distributed)",2049,31.67508199
"Global Net-zero","New Brunswick","Solar (Distributed)",2050,32.97231332
"Global Net-zero","New Brunswick","Solar (Utility scale)",2020,0.162
"Global Net-zero","New Brunswick","Solar (Utility scale)",2021,0.162
"Global Net-zero","New Brunswick","Solar (Utility scale)",2022,0.162
"Global Net-zero","New Brunswick","Solar (Utility scale)",2023,0.162
"Global Net-zero","New Brunswick","Solar (Utility scale)",2024,0.162
"Global Net-zero","New Brunswick","Solar (Utility scale)",2025,30.2
"Global Net-zero","New Brunswick","Solar (Utility scale)",2026,30.2
"Global Net-zero","New Brunswick","Solar (Utility scale)",2027,30.2
"Global Net-zero","New Brunswick","Solar (Utility scale)",2028,30.2
"Global Net-zero","New Brunswick","Solar (Utility scale)",2029,30.2
"Global Net-zero","New Brunswick","Solar (Utility scale)",2030,30.2
"Global Net-zero","New Brunswick","Solar (Utility scale)",2031,50.2
"Global Net-zero","New Brunswick","Solar (Utility scale)",2032,70.2
"Global Net-zero","New Brunswick","Solar (Utility scale)",2033,90.2
"Global Net-zero","New Brunswick","Solar (Utility scale)",2034,110
"Global Net-zero","New Brunswick","Solar (Utility scale)",2035,130
"Global Net-zero","New Brunswick","Solar (Utility scale)",2036,130
"Global Net-zero","New Brunswick","Solar (Utility scale)",2037,130
"Global Net-zero","New Brunswick","Solar (Utility scale)",2038,130
"Global Net-zero","New Brunswick","Solar (Utility scale)",2039,130
"Global Net-zero","New Brunswick","Solar (Utility scale)",2040,130
"Global Net-zero","New Brunswick","Solar (Utility scale)",2041,130
"Global Net-zero","New Brunswick","Solar (Utility scale)",2042,130
"Global Net-zero","New Brunswick","Solar (Utility scale)",2043,130
"Global Net-zero","New Brunswick","Solar (Utility scale)",2044,130
"Global Net-zero","New Brunswick","Solar (Utility scale)",2045,130
"Global Net-zero","New Brunswick","Solar (Utility scale)",2046,164
"Global Net-zero","New Brunswick","Solar (Utility scale)",2047,197
"Global Net-zero","New Brunswick","Solar (Utility scale)",2048,231
"Global Net-zero","New Brunswick","Solar (Utility scale)",2049,265
"Global Net-zero","New Brunswick","Solar (Utility scale)",2050,298
"Global Net-zero","New Brunswick","Total",2020,4724.862
"Global Net-zero","New Brunswick","Total",2021,4724.862
"Global Net-zero","New Brunswick","Total",2022,4759.862
"Global Net-zero","New Brunswick","Total",2023,4759.862
"Global Net-zero","New Brunswick","Total",2024,4759.862
"Global Net-zero","New Brunswick","Total",2025,4859.9
"Global Net-zero","New Brunswick","Total",2026,4862.7
"Global Net-zero","New Brunswick","Total",2027,4836.5
"Global Net-zero","New Brunswick","Total",2028,4579.3
"Global Net-zero","New Brunswick","Total",2029,4582.1
"Global Net-zero","New Brunswick","Total",2030,4584.9
"Global Net-zero","New Brunswick","Total",2031,4448.4
"Global Net-zero","New Brunswick","Total",2032,4855.9
"Global Net-zero","New Brunswick","Total",2033,5286.4
"Global Net-zero","New Brunswick","Total",2034,5686.7
"Global Net-zero","New Brunswick","Total",2035,6097.2
"Global Net-zero","New Brunswick","Total",2036,5193.7
"Global Net-zero","New Brunswick","Total",2037,5339.2
"Global Net-zero","New Brunswick","Total",2038,5495.7
"Global Net-zero","New Brunswick","Total",2039,5641.2
"Global Net-zero","New Brunswick","Total",2040,5787.7
"Global Net-zero","New Brunswick","Total",2041,5788.99723133
"Global Net-zero","New Brunswick","Total",2042,4795.29446266
"Global Net-zero","New Brunswick","Total",2043,4796.591694
"Global Net-zero","New Brunswick","Total",2044,5476.88892533
"Global Net-zero","New Brunswick","Total",2045,5508.18615666
"Global Net-zero","New Brunswick","Total",2046,5608.48338799
"Global Net-zero","New Brunswick","Total",2047,5707.78061932
"Global Net-zero","New Brunswick","Total",2048,5808.07785066
"Global Net-zero","New Brunswick","Total",2049,5909.37508199
"Global Net-zero","New Brunswick","Total",2050,6004.67231332
"Global Net-zero","New Brunswick","Uranium",2020,705
"Global Net-zero","New Brunswick","Uranium",2021,705
"Global Net-zero","New Brunswick","Uranium",2022,705
"Global Net-zero","New Brunswick","Uranium",2023,705
"Global Net-zero","New Brunswick","Uranium",2024,705
"Global Net-zero","New Brunswick","Uranium",2025,705
"Global Net-zero","New Brunswick","Uranium",2026,705
"Global Net-zero","New Brunswick","Uranium",2027,705
"Global Net-zero","New Brunswick","Uranium",2028,705
"Global Net-zero","New Brunswick","Uranium",2029,705
"Global Net-zero","New Brunswick","Uranium",2030,705
"Global Net-zero","New Brunswick","Uranium",2031,705
"Global Net-zero","New Brunswick","Uranium",2032,705
"Global Net-zero","New Brunswick","Uranium",2033,705
"Global Net-zero","New Brunswick","Uranium",2034,705
"Global Net-zero","New Brunswick","Uranium",2035,705
"Global Net-zero","New Brunswick","Uranium",2036,705
"Global Net-zero","New Brunswick","Uranium",2037,705
"Global Net-zero","New Brunswick","Uranium",2038,705
"Global Net-zero","New Brunswick","Uranium",2039,705
"Global Net-zero","New Brunswick","Uranium",2040,705
"Global Net-zero","New Brunswick","Uranium",2041,705
"Global Net-zero","New Brunswick","Uranium",2042,0
"Global Net-zero","New Brunswick","Uranium",2043,0
"Global Net-zero","New Brunswick","Uranium",2044,679
"Global Net-zero","New Brunswick","Uranium",2045,679
"Global Net-zero","New Brunswick","Uranium",2046,679
"Global Net-zero","New Brunswick","Uranium",2047,679
"Global Net-zero","New Brunswick","Uranium",2048,679
"Global Net-zero","New Brunswick","Uranium",2049,679
"Global Net-zero","New Brunswick","Uranium",2050,679
"Global Net-zero","New Brunswick","Uranium SMR",2020,0
"Global Net-zero","New Brunswick","Uranium SMR",2021,0
"Global Net-zero","New Brunswick","Uranium SMR",2022,0
"Global Net-zero","New Brunswick","Uranium SMR",2023,0
"Global Net-zero","New Brunswick","Uranium SMR",2024,0
"Global Net-zero","New Brunswick","Uranium SMR",2025,0
"Global Net-zero","New Brunswick","Uranium SMR",2026,0
"Global Net-zero","New Brunswick","Uranium SMR",2027,0
"Global Net-zero","New Brunswick","Uranium SMR",2028,0
"Global Net-zero","New Brunswick","Uranium SMR",2029,0
"Global Net-zero","New Brunswick","Uranium SMR",2030,0
"Global Net-zero","New Brunswick","Uranium SMR",2031,0
"Global Net-zero","New Brunswick","Uranium SMR",2032,0
"Global Net-zero","New Brunswick","Uranium SMR",2033,0
"Global Net-zero","New Brunswick","Uranium SMR",2034,0
"Global Net-zero","New Brunswick","Uranium SMR",2035,0
"Global Net-zero","New Brunswick","Uranium SMR",2036,136
"Global Net-zero","New Brunswick","Uranium SMR",2037,271
"Global Net-zero","New Brunswick","Uranium SMR",2038,407
"Global Net-zero","New Brunswick","Uranium SMR",2039,542
"Global Net-zero","New Brunswick","Uranium SMR",2040,678
"Global Net-zero","New Brunswick","Uranium SMR",2041,678
"Global Net-zero","New Brunswick","Uranium SMR",2042,678
"Global Net-zero","New Brunswick","Uranium SMR",2043,678
"Global Net-zero","New Brunswick","Uranium SMR",2044,678
"Global Net-zero","New Brunswick","Uranium SMR",2045,678
"Global Net-zero","New Brunswick","Uranium SMR",2046,743
"Global Net-zero","New Brunswick","Uranium SMR",2047,808
"Global Net-zero","New Brunswick","Uranium SMR",2048,873
"Global Net-zero","New Brunswick","Uranium SMR",2049,939
"Global Net-zero","New Brunswick","Uranium SMR",2050,1000
"Global Net-zero","Newfoundland and Labrador","Hydro",2020,6780
"Global Net-zero","Newfoundland and Labrador","Hydro",2021,7610
"Global Net-zero","Newfoundland and Labrador","Hydro",2022,7610
"Global Net-zero","Newfoundland and Labrador","Hydro",2023,7610
"Global Net-zero","Newfoundland and Labrador","Hydro",2024,7610
"Global Net-zero","Newfoundland and Labrador","Hydro",2025,7610
"Global Net-zero","Newfoundland and Labrador","Hydro",2026,7610
"Global Net-zero","Newfoundland and Labrador","Hydro",2027,7610
"Global Net-zero","Newfoundland and Labrador","Hydro",2028,7610
"Global Net-zero","Newfoundland and Labrador","Hydro",2029,7610
"Global Net-zero","Newfoundland and Labrador","Hydro",2030,7610
"Global Net-zero","Newfoundland and Labrador","Hydro",2031,7610
"Global Net-zero","Newfoundland and Labrador","Hydro",2032,7610
"Global Net-zero","Newfoundland and Labrador","Hydro",2033,7610
"Global Net-zero","Newfoundland and Labrador","Hydro",2034,7610
"Global Net-zero","Newfoundland and Labrador","Hydro",2035,7610
"Global Net-zero","Newfoundland and Labrador","Hydro",2036,7610
"Global Net-zero","Newfoundland and Labrador","Hydro",2037,7610
"Global Net-zero","Newfoundland and Labrador","Hydro",2038,7610
"Global Net-zero","Newfoundland and Labrador","Hydro",2039,7610
"Global Net-zero","Newfoundland and Labrador","Hydro",2040,7610
"Global Net-zero","Newfoundland and Labrador","Hydro",2041,7610
"Global Net-zero","Newfoundland and Labrador","Hydro",2042,7610
"Global Net-zero","Newfoundland and Labrador","Hydro",2043,7610
"Global Net-zero","Newfoundland and Labrador","Hydro",2044,7610
"Global Net-zero","Newfoundland and Labrador","Hydro",2045,7610
"Global Net-zero","Newfoundland and Labrador","Hydro",2046,7610
"Global Net-zero","Newfoundland and Labrador","Hydro",2047,7610
"Global Net-zero","Newfoundland and Labrador","Hydro",2048,7610
"Global Net-zero","Newfoundland and Labrador","Hydro",2049,7610
"Global Net-zero","Newfoundland and Labrador","Hydro",2050,7610
"Global Net-zero","Newfoundland and Labrador","Natural Gas",2020,252
"Global Net-zero","Newfoundland and Labrador","Natural Gas",2021,252
"Global Net-zero","Newfoundland and Labrador","Natural Gas",2022,252
"Global Net-zero","Newfoundland and Labrador","Natural Gas",2023,252
"Global Net-zero","Newfoundland and Labrador","Natural Gas",2024,252
"Global Net-zero","Newfoundland and Labrador","Natural Gas",2025,252
"Global Net-zero","Newfoundland and Labrador","Natural Gas",2026,252
"Global Net-zero","Newfoundland and Labrador","Natural Gas",2027,252
"Global Net-zero","Newfoundland and Labrador","Natural Gas",2028,252
"Global Net-zero","Newfoundland and Labrador","Natural Gas",2029,192
"Global Net-zero","Newfoundland and Labrador","Natural Gas",2030,192
"Global Net-zero","Newfoundland and Labrador","Natural Gas",2031,192
"Global Net-zero","Newfoundland and Labrador","Natural Gas",2032,192
"Global Net-zero","Newfoundland and Labrador","Natural Gas",2033,120
"Global Net-zero","Newfoundland and Labrador","Natural Gas",2034,120
"Global Net-zero","Newfoundland and Labrador","Natural Gas",2035,120
"Global Net-zero","Newfoundland and Labrador","Natural Gas",2036,120
"Global Net-zero","Newfoundland and Labrador","Natural Gas",2037,120
"Global Net-zero","Newfoundland and Labrador","Natural Gas",2038,120
"Global Net-zero","Newfoundland and Labrador","Natural Gas",2039,120
"Global Net-zero","Newfoundland and Labrador","Natural Gas",2040,120
"Global Net-zero","Newfoundland and Labrador","Natural Gas",2041,120
"Global Net-zero","Newfoundland and Labrador","Natural Gas",2042,120
"Global Net-zero","Newfoundland and Labrador","Natural Gas",2043,120
"Global Net-zero","Newfoundland and Labrador","Natural Gas",2044,120
"Global Net-zero","Newfoundland and Labrador","Natural Gas",2045,120
"Global Net-zero","Newfoundland and Labrador","Natural Gas",2046,120
"Global Net-zero","Newfoundland and Labrador","Natural Gas",2047,120
"Global Net-zero","Newfoundland and Labrador","Natural Gas",2048,120
"Global Net-zero","Newfoundland and Labrador","Natural Gas",2049,120
"Global Net-zero","Newfoundland and Labrador","Natural Gas",2050,120
"Global Net-zero","Newfoundland and Labrador","Oil",2020,769.8
"Global Net-zero","Newfoundland and Labrador","Oil",2021,769.8
"Global Net-zero","Newfoundland and Labrador","Oil",2022,769.8
"Global Net-zero","Newfoundland and Labrador","Oil",2023,769.8
"Global Net-zero","Newfoundland and Labrador","Oil",2024,769.8
"Global Net-zero","Newfoundland and Labrador","Oil",2025,769.8
"Global Net-zero","Newfoundland and Labrador","Oil",2026,769.8
"Global Net-zero","Newfoundland and Labrador","Oil",2027,769.8
"Global Net-zero","Newfoundland and Labrador","Oil",2028,769.8
"Global Net-zero","Newfoundland and Labrador","Oil",2029,769.8
"Global Net-zero","Newfoundland and Labrador","Oil",2030,769.8
"Global Net-zero","Newfoundland and Labrador","Oil",2031,279.8
"Global Net-zero","Newfoundland and Labrador","Oil",2032,279.8
"Global Net-zero","Newfoundland and Labrador","Oil",2033,279.8
"Global Net-zero","Newfoundland and Labrador","Oil",2034,279.8
"Global Net-zero","Newfoundland and Labrador","Oil",2035,279.8
"Global Net-zero","Newfoundland and Labrador","Oil",2036,279.8
"Global Net-zero","Newfoundland and Labrador","Oil",2037,279.8
"Global Net-zero","Newfoundland and Labrador","Oil",2038,279.8
"Global Net-zero","Newfoundland and Labrador","Oil",2039,279.8
"Global Net-zero","Newfoundland and Labrador","Oil",2040,279.8
"Global Net-zero","Newfoundland and Labrador","Oil",2041,279.8
"Global Net-zero","Newfoundland and Labrador","Oil",2042,279.8
"Global Net-zero","Newfoundland and Labrador","Oil",2043,279.8
"Global Net-zero","Newfoundland and Labrador","Oil",2044,279.8
"Global Net-zero","Newfoundland and Labrador","Oil",2045,279.8
"Global Net-zero","Newfoundland and Labrador","Oil",2046,279.8
"Global Net-zero","Newfoundland and Labrador","Oil",2047,279.8
"Global Net-zero","Newfoundland and Labrador","Oil",2048,279.8
"Global Net-zero","Newfoundland and Labrador","Oil",2049,279.8
"Global Net-zero","Newfoundland and Labrador","Oil",2050,279.8
"Global Net-zero","Newfoundland and Labrador","Onshore Wind",2020,54.3
"Global Net-zero","Newfoundland and Labrador","Onshore Wind",2021,54.3
"Global Net-zero","Newfoundland and Labrador","Onshore Wind",2022,54.3
"Global Net-zero","Newfoundland and Labrador","Onshore Wind",2023,54.3
"Global Net-zero","Newfoundland and Labrador","Onshore Wind",2024,54.3
"Global Net-zero","Newfoundland and Labrador","Onshore Wind",2025,54.3
"Global Net-zero","Newfoundland and Labrador","Onshore Wind",2026,54.3
"Global Net-zero","Newfoundland and Labrador","Onshore Wind",2027,54.3
"Global Net-zero","Newfoundland and Labrador","Onshore Wind",2028,54.3
"Global Net-zero","Newfoundland and Labrador","Onshore Wind",2029,54.3
"Global Net-zero","Newfoundland and Labrador","Onshore Wind",2030,54.3
"Global Net-zero","Newfoundland and Labrador","Onshore Wind",2031,54.3
"Global Net-zero","Newfoundland and Labrador","Onshore Wind",2032,54.3
"Global Net-zero","Newfoundland and Labrador","Onshore Wind",2033,54.3
"Global Net-zero","Newfoundland and Labrador","Onshore Wind",2034,54.3
"Global Net-zero","Newfoundland and Labrador","Onshore Wind",2035,54.3
"Global Net-zero","Newfoundland and Labrador","Onshore Wind",2036,54.3
"Global Net-zero","Newfoundland and Labrador","Onshore Wind",2037,54.3
"Global Net-zero","Newfoundland and Labrador","Onshore Wind",2038,54.3
"Global Net-zero","Newfoundland and Labrador","Onshore Wind",2039,54.3
"Global Net-zero","Newfoundland and Labrador","Onshore Wind",2040,54.3
"Global Net-zero","Newfoundland and Labrador","Onshore Wind",2041,54.3
"Global Net-zero","Newfoundland and Labrador","Onshore Wind",2042,54.3
"Global Net-zero","Newfoundland and Labrador","Onshore Wind",2043,54.3
"Global Net-zero","Newfoundland and Labrador","Onshore Wind",2044,54.3
"Global Net-zero","Newfoundland and Labrador","Onshore Wind",2045,54.3
"Global Net-zero","Newfoundland and Labrador","Onshore Wind",2046,54.3
"Global Net-zero","Newfoundland and Labrador","Onshore Wind",2047,54.3
"Global Net-zero","Newfoundland and Labrador","Onshore Wind",2048,54.3
"Global Net-zero","Newfoundland and Labrador","Onshore Wind",2049,54.3
"Global Net-zero","Newfoundland and Labrador","Onshore Wind",2050,54.3
"Global Net-zero","Newfoundland and Labrador","Solar (Distributed)",2020,1
"Global Net-zero","Newfoundland and Labrador","Solar (Distributed)",2021,1
"Global Net-zero","Newfoundland and Labrador","Solar (Distributed)",2022,1
"Global Net-zero","Newfoundland and Labrador","Solar (Distributed)",2023,1
"Global Net-zero","Newfoundland and Labrador","Solar (Distributed)",2024,1
"Global Net-zero","Newfoundland and Labrador","Solar (Distributed)",2025,1
"Global Net-zero","Newfoundland and Labrador","Solar (Distributed)",2026,2.8
"Global Net-zero","Newfoundland and Labrador","Solar (Distributed)",2027,4.6
"Global Net-zero","Newfoundland and Labrador","Solar (Distributed)",2028,6.4
"Global Net-zero","Newfoundland and Labrador","Solar (Distributed)",2029,8.2
"Global Net-zero","Newfoundland and Labrador","Solar (Distributed)",2030,10
"Global Net-zero","Newfoundland and Labrador","Solar (Distributed)",2031,10.5
"Global Net-zero","Newfoundland and Labrador","Solar (Distributed)",2032,11
"Global Net-zero","Newfoundland and Labrador","Solar (Distributed)",2033,11.5
"Global Net-zero","Newfoundland and Labrador","Solar (Distributed)",2034,12
"Global Net-zero","Newfoundland and Labrador","Solar (Distributed)",2035,12.5
"Global Net-zero","Newfoundland and Labrador","Solar (Distributed)",2036,13
"Global Net-zero","Newfoundland and Labrador","Solar (Distributed)",2037,13.5
"Global Net-zero","Newfoundland and Labrador","Solar (Distributed)",2038,14
"Global Net-zero","Newfoundland and Labrador","Solar (Distributed)",2039,14.5
"Global Net-zero","Newfoundland and Labrador","Solar (Distributed)",2040,15
"Global Net-zero","Newfoundland and Labrador","Solar (Distributed)",2041,15.59159332
"Global Net-zero","Newfoundland and Labrador","Solar (Distributed)",2042,16.18318663
"Global Net-zero","Newfoundland and Labrador","Solar (Distributed)",2043,16.77477995
"Global Net-zero","Newfoundland and Labrador","Solar (Distributed)",2044,17.36637327
"Global Net-zero","Newfoundland and Labrador","Solar (Distributed)",2045,17.95796659
"Global Net-zero","Newfoundland and Labrador","Solar (Distributed)",2046,18.5495599
"Global Net-zero","Newfoundland and Labrador","Solar (Distributed)",2047,19.14115322
"Global Net-zero","Newfoundland and Labrador","Solar (Distributed)",2048,19.73274654
"Global Net-zero","Newfoundland and Labrador","Solar (Distributed)",2049,20.32433985
"Global Net-zero","Newfoundland and Labrador","Solar (Distributed)",2050,20.91593317
"Global Net-zero","Newfoundland and Labrador","Solar (Utility scale)",2020,0.015
"Global Net-zero","Newfoundland and Labrador","Solar (Utility scale)",2021,0.015
"Global Net-zero","Newfoundland and Labrador","Solar (Utility scale)",2022,0.015
"Global Net-zero","Newfoundland and Labrador","Solar (Utility scale)",2023,0.015
"Global Net-zero","Newfoundland and Labrador","Solar (Utility scale)",2024,0.015
"Global Net-zero","Newfoundland and Labrador","Solar (Utility scale)",2025,0.015
"Global Net-zero","Newfoundland and Labrador","Solar (Utility scale)",2026,0.015
"Global Net-zero","Newfoundland and Labrador","Solar (Utility scale)",2027,0.015
"Global Net-zero","Newfoundland and Labrador","Solar (Utility scale)",2028,0.015
"Global Net-zero","Newfoundland and Labrador","Solar (Utility scale)",2029,0.015
"Global Net-zero","Newfoundland and Labrador","Solar (Utility scale)",2030,0.015
"Global Net-zero","Newfoundland and Labrador","Solar (Utility scale)",2031,0.015
"Global Net-zero","Newfoundland and Labrador","Solar (Utility scale)",2032,0.015
"Global Net-zero","Newfoundland and Labrador","Solar (Utility scale)",2033,0.015
"Global Net-zero","Newfoundland and Labrador","Solar (Utility scale)",2034,0.015
"Global Net-zero","Newfoundland and Labrador","Solar (Utility scale)",2035,0.015
"Global Net-zero","Newfoundland and Labrador","Solar (Utility scale)",2036,0.015
"Global Net-zero","Newfoundland and Labrador","Solar (Utility scale)",2037,0.015
"Global Net-zero","Newfoundland and Labrador","Solar (Utility scale)",2038,0.015
"Global Net-zero","Newfoundland and Labrador","Solar (Utility scale)",2039,0.015
"Global Net-zero","Newfoundland and Labrador","Solar (Utility scale)",2040,0.015
"Global Net-zero","Newfoundland and Labrador","Solar (Utility scale)",2041,0.015
"Global Net-zero","Newfoundland and Labrador","Solar (Utility scale)",2042,0.015
"Global Net-zero","Newfoundland and Labrador","Solar (Utility scale)",2043,0.015
"Global Net-zero","Newfoundland and Labrador","Solar (Utility scale)",2044,0.015
"Global Net-zero","Newfoundland and Labrador","Solar (Utility scale)",2045,0.015
"Global Net-zero","Newfoundland and Labrador","Solar (Utility scale)",2046,0.015
"Global Net-zero","Newfoundland and Labrador","Solar (Utility scale)",2047,0.015
"Global Net-zero","Newfoundland and Labrador","Solar (Utility scale)",2048,0.015
"Global Net-zero","Newfoundland and Labrador","Solar (Utility scale)",2049,0.015
"Global Net-zero","Newfoundland and Labrador","Solar (Utility scale)",2050,0.015
"Global Net-zero","Newfoundland and Labrador","Total",2020,7857.115
"Global Net-zero","Newfoundland and Labrador","Total",2021,8687.115
"Global Net-zero","Newfoundland and Labrador","Total",2022,8687.115
"Global Net-zero","Newfoundland and Labrador","Total",2023,8687.115
"Global Net-zero","Newfoundland and Labrador","Total",2024,8687.115
"Global Net-zero","Newfoundland and Labrador","Total",2025,8687.115
"Global Net-zero","Newfoundland and Labrador","Total",2026,8688.91499999999
"Global Net-zero","Newfoundland and Labrador","Total",2027,8690.715
"Global Net-zero","Newfoundland and Labrador","Total",2028,8692.515
"Global Net-zero","Newfoundland and Labrador","Total",2029,8634.315
"Global Net-zero","Newfoundland and Labrador","Total",2030,8636.115
"Global Net-zero","Newfoundland and Labrador","Total",2031,8146.615
"Global Net-zero","Newfoundland and Labrador","Total",2032,8147.115
"Global Net-zero","Newfoundland and Labrador","Total",2033,8075.615
"Global Net-zero","Newfoundland and Labrador","Total",2034,8076.115
"Global Net-zero","Newfoundland and Labrador","Total",2035,8076.615
"Global Net-zero","Newfoundland and Labrador","Total",2036,8077.115
"Global Net-zero","Newfoundland and Labrador","Total",2037,8077.615
"Global Net-zero","Newfoundland and Labrador","Total",2038,8078.115
"Global Net-zero","Newfoundland and Labrador","Total",2039,8078.615
"Global Net-zero","Newfoundland and Labrador","Total",2040,8079.115
"Global Net-zero","Newfoundland and Labrador","Total",2041,8079.70659332
"Global Net-zero","Newfoundland and Labrador","Total",2042,8080.29818663
"Global Net-zero","Newfoundland and Labrador","Total",2043,8080.88977995
"Global Net-zero","Newfoundland and Labrador","Total",2044,8081.48137327
"Global Net-zero","Newfoundland and Labrador","Total",2045,8082.07296659
"Global Net-zero","Newfoundland and Labrador","Total",2046,8082.6645599
"Global Net-zero","Newfoundland and Labrador","Total",2047,8083.25615322
"Global Net-zero","Newfoundland and Labrador","Total",2048,8083.84774654
"Global Net-zero","Newfoundland and Labrador","Total",2049,8084.43933985
"Global Net-zero","Newfoundland and Labrador","Total",2050,8085.03093317
"Global Net-zero","Nova Scotia","Battery Storage",2020,0
"Global Net-zero","Nova Scotia","Battery Storage",2021,0
"Global Net-zero","Nova Scotia","Battery Storage",2022,0
"Global Net-zero","Nova Scotia","Battery Storage",2023,0
"Global Net-zero","Nova Scotia","Battery Storage",2024,0
"Global Net-zero","Nova Scotia","Battery Storage",2025,0
"Global Net-zero","Nova Scotia","Battery Storage",2026,0
"Global Net-zero","Nova Scotia","Battery Storage",2027,0
"Global Net-zero","Nova Scotia","Battery Storage",2028,0
"Global Net-zero","Nova Scotia","Battery Storage",2029,0
"Global Net-zero","Nova Scotia","Battery Storage",2030,0
"Global Net-zero","Nova Scotia","Battery Storage",2031,0
"Global Net-zero","Nova Scotia","Battery Storage",2032,0
"Global Net-zero","Nova Scotia","Battery Storage",2033,0
"Global Net-zero","Nova Scotia","Battery Storage",2034,0
"Global Net-zero","Nova Scotia","Battery Storage",2035,400
"Global Net-zero","Nova Scotia","Battery Storage",2036,400
"Global Net-zero","Nova Scotia","Battery Storage",2037,400
"Global Net-zero","Nova Scotia","Battery Storage",2038,400
"Global Net-zero","Nova Scotia","Battery Storage",2039,400
"Global Net-zero","Nova Scotia","Battery Storage",2040,400
"Global Net-zero","Nova Scotia","Battery Storage",2041,400
"Global Net-zero","Nova Scotia","Battery Storage",2042,400
"Global Net-zero","Nova Scotia","Battery Storage",2043,400
"Global Net-zero","Nova Scotia","Battery Storage",2044,400
"Global Net-zero","Nova Scotia","Battery Storage",2045,400
"Global Net-zero","Nova Scotia","Battery Storage",2046,400
"Global Net-zero","Nova Scotia","Battery Storage",2047,400
"Global Net-zero","Nova Scotia","Battery Storage",2048,400
"Global Net-zero","Nova Scotia","Battery Storage",2049,400
"Global Net-zero","Nova Scotia","Battery Storage",2050,400
"Global Net-zero","Nova Scotia","Bioenergy",2020,113
"Global Net-zero","Nova Scotia","Bioenergy",2021,113
"Global Net-zero","Nova Scotia","Bioenergy",2022,113
"Global Net-zero","Nova Scotia","Bioenergy",2023,113
"Global Net-zero","Nova Scotia","Bioenergy",2024,113
"Global Net-zero","Nova Scotia","Bioenergy",2025,113
"Global Net-zero","Nova Scotia","Bioenergy",2026,113
"Global Net-zero","Nova Scotia","Bioenergy",2027,113
"Global Net-zero","Nova Scotia","Bioenergy",2028,113
"Global Net-zero","Nova Scotia","Bioenergy",2029,113
"Global Net-zero","Nova Scotia","Bioenergy",2030,113
"Global Net-zero","Nova Scotia","Bioenergy",2031,113
"Global Net-zero","Nova Scotia","Bioenergy",2032,113
"Global Net-zero","Nova Scotia","Bioenergy",2033,113
"Global Net-zero","Nova Scotia","Bioenergy",2034,113
"Global Net-zero","Nova Scotia","Bioenergy",2035,113
"Global Net-zero","Nova Scotia","Bioenergy",2036,113
"Global Net-zero","Nova Scotia","Bioenergy",2037,113
"Global Net-zero","Nova Scotia","Bioenergy",2038,113
"Global Net-zero","Nova Scotia","Bioenergy",2039,113
"Global Net-zero","Nova Scotia","Bioenergy",2040,113
"Global Net-zero","Nova Scotia","Bioenergy",2041,113
"Global Net-zero","Nova Scotia","Bioenergy",2042,113
"Global Net-zero","Nova Scotia","Bioenergy",2043,113
"Global Net-zero","Nova Scotia","Bioenergy",2044,113
"Global Net-zero","Nova Scotia","Bioenergy",2045,113
"Global Net-zero","Nova Scotia","Bioenergy",2046,113
"Global Net-zero","Nova Scotia","Bioenergy",2047,113
"Global Net-zero","Nova Scotia","Bioenergy",2048,113
"Global Net-zero","Nova Scotia","Bioenergy",2049,113
"Global Net-zero","Nova Scotia","Bioenergy",2050,113
"Global Net-zero","Nova Scotia","Coal and Coke",2020,1133
"Global Net-zero","Nova Scotia","Coal and Coke",2021,1133
"Global Net-zero","Nova Scotia","Coal and Coke",2022,1133
"Global Net-zero","Nova Scotia","Coal and Coke",2023,1133
"Global Net-zero","Nova Scotia","Coal and Coke",2024,1133
"Global Net-zero","Nova Scotia","Coal and Coke",2025,1133
"Global Net-zero","Nova Scotia","Coal and Coke",2026,1133
"Global Net-zero","Nova Scotia","Coal and Coke",2027,1133
"Global Net-zero","Nova Scotia","Coal and Coke",2028,1133
"Global Net-zero","Nova Scotia","Coal and Coke",2029,1133
"Global Net-zero","Nova Scotia","Coal and Coke",2030,1133
"Global Net-zero","Nova Scotia","Coal and Coke",2031,0
"Global Net-zero","Nova Scotia","Coal and Coke",2032,0
"Global Net-zero","Nova Scotia","Coal and Coke",2033,0
"Global Net-zero","Nova Scotia","Coal and Coke",2034,0
"Global Net-zero","Nova Scotia","Coal and Coke",2035,0
"Global Net-zero","Nova Scotia","Coal and Coke",2036,0
"Global Net-zero","Nova Scotia","Coal and Coke",2037,0
"Global Net-zero","Nova Scotia","Coal and Coke",2038,0
"Global Net-zero","Nova Scotia","Coal and Coke",2039,0
"Global Net-zero","Nova Scotia","Coal and Coke",2040,0
"Global Net-zero","Nova Scotia","Coal and Coke",2041,0
"Global Net-zero","Nova Scotia","Coal and Coke",2042,0
"Global Net-zero","Nova Scotia","Coal and Coke",2043,0
"Global Net-zero","Nova Scotia","Coal and Coke",2044,0
"Global Net-zero","Nova Scotia","Coal and Coke",2045,0
"Global Net-zero","Nova Scotia","Coal and Coke",2046,0
"Global Net-zero","Nova Scotia","Coal and Coke",2047,0
"Global Net-zero","Nova Scotia","Coal and Coke",2048,0
"Global Net-zero","Nova Scotia","Coal and Coke",2049,0
"Global Net-zero","Nova Scotia","Coal and Coke",2050,0
"Global Net-zero","Nova Scotia","Hydro",2020,389
"Global Net-zero","Nova Scotia","Hydro",2021,389
"Global Net-zero","Nova Scotia","Hydro",2022,389
"Global Net-zero","Nova Scotia","Hydro",2023,389
"Global Net-zero","Nova Scotia","Hydro",2024,389
"Global Net-zero","Nova Scotia","Hydro",2025,389
"Global Net-zero","Nova Scotia","Hydro",2026,389
"Global Net-zero","Nova Scotia","Hydro",2027,389
"Global Net-zero","Nova Scotia","Hydro",2028,389
"Global Net-zero","Nova Scotia","Hydro",2029,389
"Global Net-zero","Nova Scotia","Hydro",2030,389
"Global Net-zero","Nova Scotia","Hydro",2031,389
"Global Net-zero","Nova Scotia","Hydro",2032,389
"Global Net-zero","Nova Scotia","Hydro",2033,389
"Global Net-zero","Nova Scotia","Hydro",2034,389
"Global Net-zero","Nova Scotia","Hydro",2035,389
"Global Net-zero","Nova Scotia","Hydro",2036,389
"Global Net-zero","Nova Scotia","Hydro",2037,389
"Global Net-zero","Nova Scotia","Hydro",2038,389
"Global Net-zero","Nova Scotia","Hydro",2039,389
"Global Net-zero","Nova Scotia","Hydro",2040,389
"Global Net-zero","Nova Scotia","Hydro",2041,389
"Global Net-zero","Nova Scotia","Hydro",2042,389
"Global Net-zero","Nova Scotia","Hydro",2043,389
"Global Net-zero","Nova Scotia","Hydro",2044,389
"Global Net-zero","Nova Scotia","Hydro",2045,389
"Global Net-zero","Nova Scotia","Hydro",2046,389
"Global Net-zero","Nova Scotia","Hydro",2047,389
"Global Net-zero","Nova Scotia","Hydro",2048,389
"Global Net-zero","Nova Scotia","Hydro",2049,389
"Global Net-zero","Nova Scotia","Hydro",2050,389
"Global Net-zero","Nova Scotia","Natural Gas",2020,378
"Global Net-zero","Nova Scotia","Natural Gas",2021,378
"Global Net-zero","Nova Scotia","Natural Gas",2022,678
"Global Net-zero","Nova Scotia","Natural Gas",2023,678
"Global Net-zero","Nova Scotia","Natural Gas",2024,678
"Global Net-zero","Nova Scotia","Natural Gas",2025,788
"Global Net-zero","Nova Scotia","Natural Gas",2026,659
"Global Net-zero","Nova Scotia","Natural Gas",2027,659
"Global Net-zero","Nova Scotia","Natural Gas",2028,659
"Global Net-zero","Nova Scotia","Natural Gas",2029,659
"Global Net-zero","Nova Scotia","Natural Gas",2030,659
"Global Net-zero","Nova Scotia","Natural Gas",2031,659
"Global Net-zero","Nova Scotia","Natural Gas",2032,659
"Global Net-zero","Nova Scotia","Natural Gas",2033,659
"Global Net-zero","Nova Scotia","Natural Gas",2034,659
"Global Net-zero","Nova Scotia","Natural Gas",2035,659
"Global Net-zero","Nova Scotia","Natural Gas",2036,1000
"Global Net-zero","Nova Scotia","Natural Gas",2037,1000
"Global Net-zero","Nova Scotia","Natural Gas",2038,1000
"Global Net-zero","Nova Scotia","Natural Gas",2039,1000
"Global Net-zero","Nova Scotia","Natural Gas",2040,1000
"Global Net-zero","Nova Scotia","Natural Gas",2041,1000
"Global Net-zero","Nova Scotia","Natural Gas",2042,1000
"Global Net-zero","Nova Scotia","Natural Gas",2043,1000
"Global Net-zero","Nova Scotia","Natural Gas",2044,1000
"Global Net-zero","Nova Scotia","Natural Gas",2045,1000
"Global Net-zero","Nova Scotia","Natural Gas",2046,1000
"Global Net-zero","Nova Scotia","Natural Gas",2047,1000
"Global Net-zero","Nova Scotia","Natural Gas",2048,1000
"Global Net-zero","Nova Scotia","Natural Gas",2049,1000
"Global Net-zero","Nova Scotia","Natural Gas",2050,1000
"Global Net-zero","Nova Scotia","Offshore Wind",2020,0
"Global Net-zero","Nova Scotia","Offshore Wind",2021,0
"Global Net-zero","Nova Scotia","Offshore Wind",2022,0
"Global Net-zero","Nova Scotia","Offshore Wind",2023,0
"Global Net-zero","Nova Scotia","Offshore Wind",2024,0
"Global Net-zero","Nova Scotia","Offshore Wind",2025,0
"Global Net-zero","Nova Scotia","Offshore Wind",2026,400
"Global Net-zero","Nova Scotia","Offshore Wind",2027,800
"Global Net-zero","Nova Scotia","Offshore Wind",2028,1200
"Global Net-zero","Nova Scotia","Offshore Wind",2029,1600
"Global Net-zero","Nova Scotia","Offshore Wind",2030,2000
"Global Net-zero","Nova Scotia","Offshore Wind",2031,2600
"Global Net-zero","Nova Scotia","Offshore Wind",2032,3200
"Global Net-zero","Nova Scotia","Offshore Wind",2033,3800
"Global Net-zero","Nova Scotia","Offshore Wind",2034,4400
"Global Net-zero","Nova Scotia","Offshore Wind",2035,5000
"Global Net-zero","Nova Scotia","Offshore Wind",2036,5000
"Global Net-zero","Nova Scotia","Offshore Wind",2037,5000
"Global Net-zero","Nova Scotia","Offshore Wind",2038,5000
"Global Net-zero","Nova Scotia","Offshore Wind",2039,5000
"Global Net-zero","Nova Scotia","Offshore Wind",2040,5000
"Global Net-zero","Nova Scotia","Offshore Wind",2041,5000
"Global Net-zero","Nova Scotia","Offshore Wind",2042,5000
"Global Net-zero","Nova Scotia","Offshore Wind",2043,5000
"Global Net-zero","Nova Scotia","Offshore Wind",2044,5000
"Global Net-zero","Nova Scotia","Offshore Wind",2045,5000
"Global Net-zero","Nova Scotia","Offshore Wind",2046,5000
"Global Net-zero","Nova Scotia","Offshore Wind",2047,5000
"Global Net-zero","Nova Scotia","Offshore Wind",2048,5000
"Global Net-zero","Nova Scotia","Offshore Wind",2049,5000
"Global Net-zero","Nova Scotia","Offshore Wind",2050,5000
"Global Net-zero","Nova Scotia","Oil",2020,222
"Global Net-zero","Nova Scotia","Oil",2021,222
"Global Net-zero","Nova Scotia","Oil",2022,222
"Global Net-zero","Nova Scotia","Oil",2023,222
"Global Net-zero","Nova Scotia","Oil",2024,222
"Global Net-zero","Nova Scotia","Oil",2025,222
"Global Net-zero","Nova Scotia","Oil",2026,222
"Global Net-zero","Nova Scotia","Oil",2027,222
"Global Net-zero","Nova Scotia","Oil",2028,222
"Global Net-zero","Nova Scotia","Oil",2029,222
"Global Net-zero","Nova Scotia","Oil",2030,222
"Global Net-zero","Nova Scotia","Oil",2031,222
"Global Net-zero","Nova Scotia","Oil",2032,222
"Global Net-zero","Nova Scotia","Oil",2033,222
"Global Net-zero","Nova Scotia","Oil",2034,222
"Global Net-zero","Nova Scotia","Oil",2035,222
"Global Net-zero","Nova Scotia","Oil",2036,222
"Global Net-zero","Nova Scotia","Oil",2037,222
"Global Net-zero","Nova Scotia","Oil",2038,222
"Global Net-zero","Nova Scotia","Oil",2039,222
"Global Net-zero","Nova Scotia","Oil",2040,222
"Global Net-zero","Nova Scotia","Oil",2041,222
"Global Net-zero","Nova Scotia","Oil",2042,222
"Global Net-zero","Nova Scotia","Oil",2043,222
"Global Net-zero","Nova Scotia","Oil",2044,222
"Global Net-zero","Nova Scotia","Oil",2045,222
"Global Net-zero","Nova Scotia","Oil",2046,222
"Global Net-zero","Nova Scotia","Oil",2047,222
"Global Net-zero","Nova Scotia","Oil",2048,222
"Global Net-zero","Nova Scotia","Oil",2049,222
"Global Net-zero","Nova Scotia","Oil",2050,222
"Global Net-zero","Nova Scotia","Onshore Wind",2020,603
"Global Net-zero","Nova Scotia","Onshore Wind",2021,603
"Global Net-zero","Nova Scotia","Onshore Wind",2022,603
"Global Net-zero","Nova Scotia","Onshore Wind",2023,603
"Global Net-zero","Nova Scotia","Onshore Wind",2024,603
"Global Net-zero","Nova Scotia","Onshore Wind",2025,603
"Global Net-zero","Nova Scotia","Onshore Wind",2026,603
"Global Net-zero","Nova Scotia","Onshore Wind",2027,603
"Global Net-zero","Nova Scotia","Onshore Wind",2028,603
"Global Net-zero","Nova Scotia","Onshore Wind",2029,603
"Global Net-zero","Nova Scotia","Onshore Wind",2030,603
"Global Net-zero","Nova Scotia","Onshore Wind",2031,603
"Global Net-zero","Nova Scotia","Onshore Wind",2032,603
"Global Net-zero","Nova Scotia","Onshore Wind",2033,603
"Global Net-zero","Nova Scotia","Onshore Wind",2034,603
"Global Net-zero","Nova Scotia","Onshore Wind",2035,603
"Global Net-zero","Nova Scotia","Onshore Wind",2036,603
"Global Net-zero","Nova Scotia","Onshore Wind",2037,603
"Global Net-zero","Nova Scotia","Onshore Wind",2038,603
"Global Net-zero","Nova Scotia","Onshore Wind",2039,603
"Global Net-zero","Nova Scotia","Onshore Wind",2040,603
"Global Net-zero","Nova Scotia","Onshore Wind",2041,603
"Global Net-zero","Nova Scotia","Onshore Wind",2042,603
"Global Net-zero","Nova Scotia","Onshore Wind",2043,603
"Global Net-zero","Nova Scotia","Onshore Wind",2044,603
"Global Net-zero","Nova Scotia","Onshore Wind",2045,603
"Global Net-zero","Nova Scotia","Onshore Wind",2046,620
"Global Net-zero","Nova Scotia","Onshore Wind",2047,636
"Global Net-zero","Nova Scotia","Onshore Wind",2048,653
"Global Net-zero","Nova Scotia","Onshore Wind",2049,670
"Global Net-zero","Nova Scotia","Onshore Wind",2050,686
"Global Net-zero","Nova Scotia","Solar (Distributed)",2020,1
"Global Net-zero","Nova Scotia","Solar (Distributed)",2021,1
"Global Net-zero","Nova Scotia","Solar (Distributed)",2022,1
"Global Net-zero","Nova Scotia","Solar (Distributed)",2023,1
"Global Net-zero","Nova Scotia","Solar (Distributed)",2024,1
"Global Net-zero","Nova Scotia","Solar (Distributed)",2025,1
"Global Net-zero","Nova Scotia","Solar (Distributed)",2026,2.8
"Global Net-zero","Nova Scotia","Solar (Distributed)",2027,4.6
"Global Net-zero","Nova Scotia","Solar (Distributed)",2028,6.4
"Global Net-zero","Nova Scotia","Solar (Distributed)",2029,8.2
"Global Net-zero","Nova Scotia","Solar (Distributed)",2030,10
"Global Net-zero","Nova Scotia","Solar (Distributed)",2031,10.5
"Global Net-zero","Nova Scotia","Solar (Distributed)",2032,11
"Global Net-zero","Nova Scotia","Solar (Distributed)",2033,11.5
"Global Net-zero","Nova Scotia","Solar (Distributed)",2034,12
"Global Net-zero","Nova Scotia","Solar (Distributed)",2035,12.5
"Global Net-zero","Nova Scotia","Solar (Distributed)",2036,13
"Global Net-zero","Nova Scotia","Solar (Distributed)",2037,13.5
"Global Net-zero","Nova Scotia","Solar (Distributed)",2038,14
"Global Net-zero","Nova Scotia","Solar (Distributed)",2039,14.5
"Global Net-zero","Nova Scotia","Solar (Distributed)",2040,15
"Global Net-zero","Nova Scotia","Solar (Distributed)",2041,16.63970625
"Global Net-zero","Nova Scotia","Solar (Distributed)",2042,18.2794125
"Global Net-zero","Nova Scotia","Solar (Distributed)",2043,19.91911875
"Global Net-zero","Nova Scotia","Solar (Distributed)",2044,21.558825
"Global Net-zero","Nova Scotia","Solar (Distributed)",2045,23.19853125
"Global Net-zero","Nova Scotia","Solar (Distributed)",2046,24.83823749
"Global Net-zero","Nova Scotia","Solar (Distributed)",2047,26.47794374
"Global Net-zero","Nova Scotia","Solar (Distributed)",2048,28.11764999
"Global Net-zero","Nova Scotia","Solar (Distributed)",2049,29.75735624
"Global Net-zero","Nova Scotia","Solar (Distributed)",2050,31.39706249
"Global Net-zero","Nova Scotia","Solar (Utility scale)",2020,0.365
"Global Net-zero","Nova Scotia","Solar (Utility scale)",2021,0.365
"Global Net-zero","Nova Scotia","Solar (Utility scale)",2022,0.365
"Global Net-zero","Nova Scotia","Solar (Utility scale)",2023,0.365
"Global Net-zero","Nova Scotia","Solar (Utility scale)",2024,0.365
"Global Net-zero","Nova Scotia","Solar (Utility scale)",2025,0.365
"Global Net-zero","Nova Scotia","Solar (Utility scale)",2026,0.365
"Global Net-zero","Nova Scotia","Solar (Utility scale)",2027,0.365
"Global Net-zero","Nova Scotia","Solar (Utility scale)",2028,0.365
"Global Net-zero","Nova Scotia","Solar (Utility scale)",2029,0.365
"Global Net-zero","Nova Scotia","Solar (Utility scale)",2030,0.365
"Global Net-zero","Nova Scotia","Solar (Utility scale)",2031,20.4
"Global Net-zero","Nova Scotia","Solar (Utility scale)",2032,40.4
"Global Net-zero","Nova Scotia","Solar (Utility scale)",2033,60.4
"Global Net-zero","Nova Scotia","Solar (Utility scale)",2034,80.4
"Global Net-zero","Nova Scotia","Solar (Utility scale)",2035,100
"Global Net-zero","Nova Scotia","Solar (Utility scale)",2036,100
"Global Net-zero","Nova Scotia","Solar (Utility scale)",2037,100
"Global Net-zero","Nova Scotia","Solar (Utility scale)",2038,100
"Global Net-zero","Nova Scotia","Solar (Utility scale)",2039,100
"Global Net-zero","Nova Scotia","Solar (Utility scale)",2040,100
"Global Net-zero","Nova Scotia","Solar (Utility scale)",2041,100
"Global Net-zero","Nova Scotia","Solar (Utility scale)",2042,100
"Global Net-zero","Nova Scotia","Solar (Utility scale)",2043,100
"Global Net-zero","Nova Scotia","Solar (Utility scale)",2044,100
"Global Net-zero","Nova Scotia","Solar (Utility scale)",2045,120
"Global Net-zero","Nova Scotia","Solar (Utility scale)",2046,120
"Global Net-zero","Nova Scotia","Solar (Utility scale)",2047,120
"Global Net-zero","Nova Scotia","Solar (Utility scale)",2048,120
"Global Net-zero","Nova Scotia","Solar (Utility scale)",2049,120
"Global Net-zero","Nova Scotia","Solar (Utility scale)",2050,120
"Global Net-zero","Nova Scotia","Total",2020,2839.365
"Global Net-zero","Nova Scotia","Total",2021,2839.365
"Global Net-zero","Nova Scotia","Total",2022,3139.365
"Global Net-zero","Nova Scotia","Total",2023,3139.365
"Global Net-zero","Nova Scotia","Total",2024,3139.365
"Global Net-zero","Nova Scotia","Total",2025,3249.365
"Global Net-zero","Nova Scotia","Total",2026,3522.165
"Global Net-zero","Nova Scotia","Total",2027,3923.965
"Global Net-zero","Nova Scotia","Total",2028,4325.765
"Global Net-zero","Nova Scotia","Total",2029,4727.565
"Global Net-zero","Nova Scotia","Total",2030,5129.365
"Global Net-zero","Nova Scotia","Total",2031,4616.9
"Global Net-zero","Nova Scotia","Total",2032,5237.4
"Global Net-zero","Nova Scotia","Total",2033,5857.9
"Global Net-zero","Nova Scotia","Total",2034,6478.4
"Global Net-zero","Nova Scotia","Total",2035,7498.5
"Global Net-zero","Nova Scotia","Total",2036,7840
"Global Net-zero","Nova Scotia","Total",2037,7840.5
"Global Net-zero","Nova Scotia","Total",2038,7841
"Global Net-zero","Nova Scotia","Total",2039,7841.5
"Global Net-zero","Nova Scotia","Total",2040,7842
"Global Net-zero","Nova Scotia","Total",2041,7843.63970625
"Global Net-zero","Nova Scotia","Total",2042,7845.2794125
"Global Net-zero","Nova Scotia","Total",2043,7846.91911875
"Global Net-zero","Nova Scotia","Total",2044,7848.558825
"Global Net-zero","Nova Scotia","Total",2045,7870.19853125
"Global Net-zero","Nova Scotia","Total",2046,7888.83823749
"Global Net-zero","Nova Scotia","Total",2047,7906.47794374
"Global Net-zero","Nova Scotia","Total",2048,7925.11764999
"Global Net-zero","Nova Scotia","Total",2049,7943.75735624
"Global Net-zero","Nova Scotia","Total",2050,7961.39706249
"Global Net-zero","Northwest Territories","Hydro",2020,55.5
"Global Net-zero","Northwest Territories","Hydro",2021,55.5
"Global Net-zero","Northwest Territories","Hydro",2022,55.5
"Global Net-zero","Northwest Territories","Hydro",2023,55.5
"Global Net-zero","Northwest Territories","Hydro",2024,115
"Global Net-zero","Northwest Territories","Hydro",2025,115
"Global Net-zero","Northwest Territories","Hydro",2026,115
"Global Net-zero","Northwest Territories","Hydro",2027,115
"Global Net-zero","Northwest Territories","Hydro",2028,115
"Global Net-zero","Northwest Territories","Hydro",2029,115
"Global Net-zero","Northwest Territories","Hydro",2030,115
"Global Net-zero","Northwest Territories","Hydro",2031,115
"Global Net-zero","Northwest Territories","Hydro",2032,115
"Global Net-zero","Northwest Territories","Hydro",2033,115
"Global Net-zero","Northwest Territories","Hydro",2034,115
"Global Net-zero","Northwest Territories","Hydro",2035,115
"Global Net-zero","Northwest Territories","Hydro",2036,115
"Global Net-zero","Northwest Territories","Hydro",2037,115
"Global Net-zero","Northwest Territories","Hydro",2038,115
"Global Net-zero","Northwest Territories","Hydro",2039,115
"Global Net-zero","Northwest Territories","Hydro",2040,115
"Global Net-zero","Northwest Territories","Hydro",2041,115
"Global Net-zero","Northwest Territories","Hydro",2042,115
"Global Net-zero","Northwest Territories","Hydro",2043,115
"Global Net-zero","Northwest Territories","Hydro",2044,115
"Global Net-zero","Northwest Territories","Hydro",2045,115
"Global Net-zero","Northwest Territories","Hydro",2046,115
"Global Net-zero","Northwest Territories","Hydro",2047,115
"Global Net-zero","Northwest Territories","Hydro",2048,115
"Global Net-zero","Northwest Territories","Hydro",2049,115
"Global Net-zero","Northwest Territories","Hydro",2050,115
"Global Net-zero","Northwest Territories","Natural Gas",2020,7.8
"Global Net-zero","Northwest Territories","Natural Gas",2021,7.8
"Global Net-zero","Northwest Territories","Natural Gas",2022,7.8
"Global Net-zero","Northwest Territories","Natural Gas",2023,7.8
"Global Net-zero","Northwest Territories","Natural Gas",2024,12.8
"Global Net-zero","Northwest Territories","Natural Gas",2025,17.8
"Global Net-zero","Northwest Territories","Natural Gas",2026,17.8
"Global Net-zero","Northwest Territories","Natural Gas",2027,17.8
"Global Net-zero","Northwest Territories","Natural Gas",2028,17.8
"Global Net-zero","Northwest Territories","Natural Gas",2029,17.8
"Global Net-zero","Northwest Territories","Natural Gas",2030,17.8
"Global Net-zero","Northwest Territories","Natural Gas",2031,17.8
"Global Net-zero","Northwest Territories","Natural Gas",2032,17.8
"Global Net-zero","Northwest Territories","Natural Gas",2033,17.8
"Global Net-zero","Northwest Territories","Natural Gas",2034,17.8
"Global Net-zero","Northwest Territories","Natural Gas",2035,10
"Global Net-zero","Northwest Territories","Natural Gas",2036,10
"Global Net-zero","Northwest Territories","Natural Gas",2037,10
"Global Net-zero","Northwest Territories","Natural Gas",2038,10
"Global Net-zero","Northwest Territories","Natural Gas",2039,10
"Global Net-zero","Northwest Territories","Natural Gas",2040,10
"Global Net-zero","Northwest Territories","Natural Gas",2041,10
"Global Net-zero","Northwest Territories","Natural Gas",2042,10
"Global Net-zero","Northwest Territories","Natural Gas",2043,10
"Global Net-zero","Northwest Territories","Natural Gas",2044,10
"Global Net-zero","Northwest Territories","Natural Gas",2045,10
"Global Net-zero","Northwest Territories","Natural Gas",2046,10
"Global Net-zero","Northwest Territories","Natural Gas",2047,10
"Global Net-zero","Northwest Territories","Natural Gas",2048,10
"Global Net-zero","Northwest Territories","Natural Gas",2049,10
"Global Net-zero","Northwest Territories","Natural Gas",2050,10
"Global Net-zero","Northwest Territories","Oil",2020,159
"Global Net-zero","Northwest Territories","Oil",2021,159
"Global Net-zero","Northwest Territories","Oil",2022,159
"Global Net-zero","Northwest Territories","Oil",2023,159
"Global Net-zero","Northwest Territories","Oil",2024,159
"Global Net-zero","Northwest Territories","Oil",2025,159
"Global Net-zero","Northwest Territories","Oil",2026,115
"Global Net-zero","Northwest Territories","Oil",2027,115
"Global Net-zero","Northwest Territories","Oil",2028,115
"Global Net-zero","Northwest Territories","Oil",2029,115
"Global Net-zero","Northwest Territories","Oil",2030,89.2
"Global Net-zero","Northwest Territories","Oil",2031,89.2
"Global Net-zero","Northwest Territories","Oil",2032,89.2
"Global Net-zero","Northwest Territories","Oil",2033,89.2
"Global Net-zero","Northwest Territories","Oil",2034,89.2
"Global Net-zero","Northwest Territories","Oil",2035,89.2
"Global Net-zero","Northwest Territories","Oil",2036,89.2
"Global Net-zero","Northwest Territories","Oil",2037,89.2
"Global Net-zero","Northwest Territories","Oil",2038,89.2
"Global Net-zero","Northwest Territories","Oil",2039,89.2
"Global Net-zero","Northwest Territories","Oil",2040,89.2
"Global Net-zero","Northwest Territories","Oil",2041,89.2
"Global Net-zero","Northwest Territories","Oil",2042,89.2
"Global Net-zero","Northwest Territories","Oil",2043,89.2
"Global Net-zero","Northwest Territories","Oil",2044,89.2
"Global Net-zero","Northwest Territories","Oil",2045,89.2
"Global Net-zero","Northwest Territories","Oil",2046,89.2
"Global Net-zero","Northwest Territories","Oil",2047,89.2
"Global Net-zero","Northwest Territories","Oil",2048,89.2
"Global Net-zero","Northwest Territories","Oil",2049,89.2
"Global Net-zero","Northwest Territories","Oil",2050,89.2
"Global Net-zero","Northwest Territories","Onshore Wind",2020,9.2
"Global Net-zero","Northwest Territories","Onshore Wind",2021,9.2
"Global Net-zero","Northwest Territories","Onshore Wind",2022,13.2
"Global Net-zero","Northwest Territories","Onshore Wind",2023,13.2
"Global Net-zero","Northwest Territories","Onshore Wind",2024,13.2
"Global Net-zero","Northwest Territories","Onshore Wind",2025,13.2
"Global Net-zero","Northwest Territories","Onshore Wind",2026,13.2
"Global Net-zero","Northwest Territories","Onshore Wind",2027,13.2
"Global Net-zero","Northwest Territories","Onshore Wind",2028,13.2
"Global Net-zero","Northwest Territories","Onshore Wind",2029,13.2
"Global Net-zero","Northwest Territories","Onshore Wind",2030,13.2
"Global Net-zero","Northwest Territories","Onshore Wind",2031,13.2
"Global Net-zero","Northwest Territories","Onshore Wind",2032,13.2
"Global Net-zero","Northwest Territories","Onshore Wind",2033,13.2
"Global Net-zero","Northwest Territories","Onshore Wind",2034,13.2
"Global Net-zero","Northwest Territories","Onshore Wind",2035,13.2
"Global Net-zero","Northwest Territories","Onshore Wind",2036,13.2
"Global Net-zero","Northwest Territories","Onshore Wind",2037,13.2
"Global Net-zero","Northwest Territories","Onshore Wind",2038,13.2
"Global Net-zero","Northwest Territories","Onshore Wind",2039,13.2
"Global Net-zero","Northwest Territories","Onshore Wind",2040,13.2
"Global Net-zero","Northwest Territories","Onshore Wind",2041,13.2
"Global Net-zero","Northwest Territories","Onshore Wind",2042,13.2
"Global Net-zero","Northwest Territories","Onshore Wind",2043,13.2
"Global Net-zero","Northwest Territories","Onshore Wind",2044,13.2
"Global Net-zero","Northwest Territories","Onshore Wind",2045,19.8
"Global Net-zero","Northwest Territories","Onshore Wind",2046,19.8
"Global Net-zero","Northwest Territories","Onshore Wind",2047,19.8
"Global Net-zero","Northwest Territories","Onshore Wind",2048,19.8
"Global Net-zero","Northwest Territories","Onshore Wind",2049,19.8
"Global Net-zero","Northwest Territories","Onshore Wind",2050,31.8
"Global Net-zero","Northwest Territories","Solar (Distributed)",2020,0.05
"Global Net-zero","Northwest Territories","Solar (Distributed)",2021,0.120555635
"Global Net-zero","Northwest Territories","Solar (Distributed)",2022,0.19111127
"Global Net-zero","Northwest Territories","Solar (Distributed)",2023,0.261666905
"Global Net-zero","Northwest Territories","Solar (Distributed)",2024,0.33222254
"Global Net-zero","Northwest Territories","Solar (Distributed)",2025,0.402778175
"Global Net-zero","Northwest Territories","Solar (Distributed)",2026,0.47333381
"Global Net-zero","Northwest Territories","Solar (Distributed)",2027,0.543889445
"Global Net-zero","Northwest Territories","Solar (Distributed)",2028,0.61444508
"Global Net-zero","Northwest Territories","Solar (Distributed)",2029,0.685000715
"Global Net-zero","Northwest Territories","Solar (Distributed)",2030,0.75555635
"Global Net-zero","Northwest Territories","Solar (Distributed)",2031,0.753732847
"Global Net-zero","Northwest Territories","Solar (Distributed)",2032,0.751909344
"Global Net-zero","Northwest Territories","Solar (Distributed)",2033,0.75008584
"Global Net-zero","Northwest Territories","Solar (Distributed)",2034,0.748262337
"Global Net-zero","Northwest Territories","Solar (Distributed)",2035,0.746438834
"Global Net-zero","Northwest Territories","Solar (Distributed)",2036,0.744615331
"Global Net-zero","Northwest Territories","Solar (Distributed)",2037,0.742791828
"Global Net-zero","Northwest Territories","Solar (Distributed)",2038,0.740968324
"Global Net-zero","Northwest Territories","Solar (Distributed)",2039,0.739144821
"Global Net-zero","Northwest Territories","Solar (Distributed)",2040,0.737321318
"Global Net-zero","Northwest Territories","Solar (Distributed)",2041,0.737608885
"Global Net-zero","Northwest Territories","Solar (Distributed)",2042,0.737896451
"Global Net-zero","Northwest Territories","Solar (Distributed)",2043,0.738184018
"Global Net-zero","Northwest Territories","Solar (Distributed)",2044,0.738471585
"Global Net-zero","Northwest Territories","Solar (Distributed)",2045,0.738759152
"Global Net-zero","Northwest Territories","Solar (Distributed)",2046,0.739046718
"Global Net-zero","Northwest Territories","Solar (Distributed)",2047,0.739334285
"Global Net-zero","Northwest Territories","Solar (Distributed)",2048,0.739621852
"Global Net-zero","Northwest Territories","Solar (Distributed)",2049,0.739909418
"Global Net-zero","Northwest Territories","Solar (Distributed)",2050,0.740196985
"Global Net-zero","Northwest Territories","Solar (Utility scale)",2020,2.02
"Global Net-zero","Northwest Territories","Solar (Utility scale)",2021,2.02
"Global Net-zero","Northwest Territories","Solar (Utility scale)",2022,2.02
"Global Net-zero","Northwest Territories","Solar (Utility scale)",2023,2.02
"Global Net-zero","Northwest Territories","Solar (Utility scale)",2024,2.02
"Global Net-zero","Northwest Territories","Solar (Utility scale)",2025,2.02
"Global Net-zero","Northwest Territories","Solar (Utility scale)",2026,2.02
"Global Net-zero","Northwest Territories","Solar (Utility scale)",2027,2.02
"Global Net-zero","Northwest Territories","Solar (Utility scale)",2028,2.02
"Global Net-zero","Northwest Territories","Solar (Utility scale)",2029,2.02
"Global Net-zero","Northwest Territories","Solar (Utility scale)",2030,2.02
"Global Net-zero","Northwest Territories","Solar (Utility scale)",2031,2.02
"Global Net-zero","Northwest Territories","Solar (Utility scale)",2032,2.02
"Global Net-zero","Northwest Territories","Solar (Utility scale)",2033,2.02
"Global Net-zero","Northwest Territories","Solar (Utility scale)",2034,2.02
"Global Net-zero","Northwest Territories","Solar (Utility scale)",2035,2.02
"Global Net-zero","Northwest Territories","Solar (Utility scale)",2036,2.02
"Global Net-zero","Northwest Territories","Solar (Utility scale)",2037,2.02
"Global Net-zero","Northwest Territories","Solar (Utility scale)",2038,2.02
"Global Net-zero","Northwest Territories","Solar (Utility scale)",2039,2.02
"Global Net-zero","Northwest Territories","Solar (Utility scale)",2040,22.7
"Global Net-zero","Northwest Territories","Solar (Utility scale)",2041,22.7
"Global Net-zero","Northwest Territories","Solar (Utility scale)",2042,22.7
"Global Net-zero","Northwest Territories","Solar (Utility scale)",2043,22.7
"Global Net-zero","Northwest Territories","Solar (Utility scale)",2044,22.7
"Global Net-zero","Northwest Territories","Solar (Utility scale)",2045,40.9
"Global Net-zero","Northwest Territories","Solar (Utility scale)",2046,40.9
"Global Net-zero","Northwest Territories","Solar (Utility scale)",2047,40.9
"Global Net-zero","Northwest Territories","Solar (Utility scale)",2048,40.9
"Global Net-zero","Northwest Territories","Solar (Utility scale)",2049,40.9
"Global Net-zero","Northwest Territories","Solar (Utility scale)",2050,42
"Global Net-zero","Northwest Territories","Total",2020,233.57
"Global Net-zero","Northwest Territories","Total",2021,233.640555635
"Global Net-zero","Northwest Territories","Total",2022,237.71111127
"Global Net-zero","Northwest Territories","Total",2023,237.781666905
"Global Net-zero","Northwest Territories","Total",2024,302.35222254
"Global Net-zero","Northwest Territories","Total",2025,307.422778175
"Global Net-zero","Northwest Territories","Total",2026,263.49333381
"Global Net-zero","Northwest Territories","Total",2027,263.563889445
"Global Net-zero","Northwest Territories","Total",2028,263.63444508
"Global Net-zero","Northwest Territories","Total",2029,263.705000715
"Global Net-zero","Northwest Territories","Total",2030,237.97555635
"Global Net-zero","Northwest Territories","Total",2031,237.973732847
"Global Net-zero","Northwest Territories","Total",2032,237.971909344
"Global Net-zero","Northwest Territories","Total",2033,237.97008584
"Global Net-zero","Northwest Territories","Total",2034,237.968262337
"Global Net-zero","Northwest Territories","Total",2035,230.166438834
"Global Net-zero","Northwest Territories","Total",2036,230.164615331
"Global Net-zero","Northwest Territories","Total",2037,230.162791828
"Global Net-zero","Northwest Territories","Total",2038,230.160968324
"Global Net-zero","Northwest Territories","Total",2039,230.159144821
"Global Net-zero","Northwest Territories","Total",2040,250.837321318
"Global Net-zero","Northwest Territories","Total",2041,250.837608885
"Global Net-zero","Northwest Territories","Total",2042,250.837896451
"Global Net-zero","Northwest Territories","Total",2043,250.838184018
"Global Net-zero","Northwest Territories","Total",2044,250.838471585
"Global Net-zero","Northwest Territories","Total",2045,275.638759152
"Global Net-zero","Northwest Territories","Total",2046,275.639046718
"Global Net-zero","Northwest Territories","Total",2047,275.639334285
"Global Net-zero","Northwest Territories","Total",2048,275.639621852
"Global Net-zero","Northwest Territories","Total",2049,275.639909418
"Global Net-zero","Northwest Territories","Total",2050,288.740196985
"Global Net-zero","Nunavut","Oil",2020,62.3
"Global Net-zero","Nunavut","Oil",2021,62.3
"Global Net-zero","Nunavut","Oil",2022,62.3
"Global Net-zero","Nunavut","Oil",2023,62.3
"Global Net-zero","Nunavut","Oil",2024,66.3
"Global Net-zero","Nunavut","Oil",2025,66.3
"Global Net-zero","Nunavut","Oil",2026,66.3
"Global Net-zero","Nunavut","Oil",2027,66.3
"Global Net-zero","Nunavut","Oil",2028,66.3
"Global Net-zero","Nunavut","Oil",2029,66.3
"Global Net-zero","Nunavut","Oil",2030,66.3
"Global Net-zero","Nunavut","Oil",2031,66.3
"Global Net-zero","Nunavut","Oil",2032,70.3
"Global Net-zero","Nunavut","Oil",2033,70.3
"Global Net-zero","Nunavut","Oil",2034,70.3
"Global Net-zero","Nunavut","Oil",2035,70.3
"Global Net-zero","Nunavut","Oil",2036,70.3
"Global Net-zero","Nunavut","Oil",2037,70.3
"Global Net-zero","Nunavut","Oil",2038,70.3
"Global Net-zero","Nunavut","Oil",2039,70.3
"Global Net-zero","Nunavut","Oil",2040,70.3
"Global Net-zero","Nunavut","Oil",2041,70.3
"Global Net-zero","Nunavut","Oil",2042,70.3
"Global Net-zero","Nunavut","Oil",2043,70.3
"Global Net-zero","Nunavut","Oil",2044,70.3
"Global Net-zero","Nunavut","Oil",2045,70.3
"Global Net-zero","Nunavut","Oil",2046,70.3
"Global Net-zero","Nunavut","Oil",2047,70.3
"Global Net-zero","Nunavut","Oil",2048,70.3
"Global Net-zero","Nunavut","Oil",2049,70.3
"Global Net-zero","Nunavut","Oil",2050,70.3
"Global Net-zero","Nunavut","Onshore Wind",2020,0
"Global Net-zero","Nunavut","Onshore Wind",2021,0
"Global Net-zero","Nunavut","Onshore Wind",2022,0
"Global Net-zero","Nunavut","Onshore Wind",2023,0
"Global Net-zero","Nunavut","Onshore Wind",2024,0
"Global Net-zero","Nunavut","Onshore Wind",2025,0.5
"Global Net-zero","Nunavut","Onshore Wind",2026,0.5
"Global Net-zero","Nunavut","Onshore Wind",2027,0.5
"Global Net-zero","Nunavut","Onshore Wind",2028,0.5
"Global Net-zero","Nunavut","Onshore Wind",2029,0.5
"Global Net-zero","Nunavut","Onshore Wind",2030,5.74
"Global Net-zero","Nunavut","Onshore Wind",2031,5.74
"Global Net-zero","Nunavut","Onshore Wind",2032,5.74
"Global Net-zero","Nunavut","Onshore Wind",2033,5.74
"Global Net-zero","Nunavut","Onshore Wind",2034,5.74
"Global Net-zero","Nunavut","Onshore Wind",2035,31.4
"Global Net-zero","Nunavut","Onshore Wind",2036,31.4
"Global Net-zero","Nunavut","Onshore Wind",2037,31.4
"Global Net-zero","Nunavut","Onshore Wind",2038,31.4
"Global Net-zero","Nunavut","Onshore Wind",2039,31.4
"Global Net-zero","Nunavut","Onshore Wind",2040,31.4
"Global Net-zero","Nunavut","Onshore Wind",2041,31.4
"Global Net-zero","Nunavut","Onshore Wind",2042,31.4
"Global Net-zero","Nunavut","Onshore Wind",2043,31.4
"Global Net-zero","Nunavut","Onshore Wind",2044,31.4
"Global Net-zero","Nunavut","Onshore Wind",2045,31.4
"Global Net-zero","Nunavut","Onshore Wind",2046,31.4
"Global Net-zero","Nunavut","Onshore Wind",2047,31.4
"Global Net-zero","Nunavut","Onshore Wind",2048,31.4
"Global Net-zero","Nunavut","Onshore Wind",2049,31.4
"Global Net-zero","Nunavut","Onshore Wind",2050,31.4
"Global Net-zero","Nunavut","Solar (Distributed)",2020,0.42469977
"Global Net-zero","Nunavut","Solar (Distributed)",2021,0.428720217
"Global Net-zero","Nunavut","Solar (Distributed)",2022,0.432740663
"Global Net-zero","Nunavut","Solar (Distributed)",2023,0.43676111
"Global Net-zero","Nunavut","Solar (Distributed)",2024,0.440781557
"Global Net-zero","Nunavut","Solar (Distributed)",2025,0.444802004
"Global Net-zero","Nunavut","Solar (Distributed)",2026,0.44882245
"Global Net-zero","Nunavut","Solar (Distributed)",2027,0.452842897
"Global Net-zero","Nunavut","Solar (Distributed)",2028,0.456863344
"Global Net-zero","Nunavut","Solar (Distributed)",2029,0.46088379
"Global Net-zero","Nunavut","Solar (Distributed)",2030,0.464904237
"Global Net-zero","Nunavut","Solar (Distributed)",2031,0.463183355
"Global Net-zero","Nunavut","Solar (Distributed)",2032,0.461462474
"Global Net-zero","Nunavut","Solar (Distributed)",2033,0.459741592
"Global Net-zero","Nunavut","Solar (Distributed)",2034,0.45802071
"Global Net-zero","Nunavut","Solar (Distributed)",2035,0.456299829
"Global Net-zero","Nunavut","Solar (Distributed)",2036,0.454578947
"Global Net-zero","Nunavut","Solar (Distributed)",2037,0.452858065
"Global Net-zero","Nunavut","Solar (Distributed)",2038,0.451137183
"Global Net-zero","Nunavut","Solar (Distributed)",2039,0.449416302
"Global Net-zero","Nunavut","Solar (Distributed)",2040,0.44769542
"Global Net-zero","Nunavut","Solar (Distributed)",2041,0.452382379
"Global Net-zero","Nunavut","Solar (Distributed)",2042,0.457069338
"Global Net-zero","Nunavut","Solar (Distributed)",2043,0.461756296
"Global Net-zero","Nunavut","Solar (Distributed)",2044,0.466443255
"Global Net-zero","Nunavut","Solar (Distributed)",2045,0.471130214
"Global Net-zero","Nunavut","Solar (Distributed)",2046,0.475817173
"Global Net-zero","Nunavut","Solar (Distributed)",2047,0.480504132
"Global Net-zero","Nunavut","Solar (Distributed)",2048,0.48519109
"Global Net-zero","Nunavut","Solar (Distributed)",2049,0.489878049
"Global Net-zero","Nunavut","Solar (Distributed)",2050,0.494565008
"Global Net-zero","Nunavut","Solar (Utility scale)",2020,0.033
"Global Net-zero","Nunavut","Solar (Utility scale)",2021,0.033
"Global Net-zero","Nunavut","Solar (Utility scale)",2022,0.033
"Global Net-zero","Nunavut","Solar (Utility scale)",2023,0.033
"Global Net-zero","Nunavut","Solar (Utility scale)",2024,0.033
"Global Net-zero","Nunavut","Solar (Utility scale)",2025,1.03
"Global Net-zero","Nunavut","Solar (Utility scale)",2026,1.03
"Global Net-zero","Nunavut","Solar (Utility scale)",2027,1.03
"Global Net-zero","Nunavut","Solar (Utility scale)",2028,1.03
"Global Net-zero","Nunavut","Solar (Utility scale)",2029,1.03
"Global Net-zero","Nunavut","Solar (Utility scale)",2030,2.03
"Global Net-zero","Nunavut","Solar (Utility scale)",2031,2.03
"Global Net-zero","Nunavut","Solar (Utility scale)",2032,2.03
"Global Net-zero","Nunavut","Solar (Utility scale)",2033,2.03
"Global Net-zero","Nunavut","Solar (Utility scale)",2034,2.03
"Global Net-zero","Nunavut","Solar (Utility scale)",2035,40
"Global Net-zero","Nunavut","Solar (Utility scale)",2036,40
"Global Net-zero","Nunavut","Solar (Utility scale)",2037,40
"Global Net-zero","Nunavut","Solar (Utility scale)",2038,40
"Global Net-zero","Nunavut","Solar (Utility scale)",2039,40
"Global Net-zero","Nunavut","Solar (Utility scale)",2040,40
"Global Net-zero","Nunavut","Solar (Utility scale)",2041,40
"Global Net-zero","Nunavut","Solar (Utility scale)",2042,40
"Global Net-zero","Nunavut","Solar (Utility scale)",2043,40
"Global Net-zero","Nunavut","Solar (Utility scale)",2044,40
"Global Net-zero","Nunavut","Solar (Utility scale)",2045,40
"Global Net-zero","Nunavut","Solar (Utility scale)",2046,40
"Global Net-zero","Nunavut","Solar (Utility scale)",2047,40
"Global Net-zero","Nunavut","Solar (Utility scale)",2048,40
"Global Net-zero","Nunavut","Solar (Utility scale)",2049,40
"Global Net-zero","Nunavut","Solar (Utility scale)",2050,39
"Global Net-zero","Nunavut","Total",2020,62.7576997699999
"Global Net-zero","Nunavut","Total",2021,62.761720217
"Global Net-zero","Nunavut","Total",2022,62.7657406629999
"Global Net-zero","Nunavut","Total",2023,62.76976111
"Global Net-zero","Nunavut","Total",2024,66.7737815569999
"Global Net-zero","Nunavut","Total",2025,68.274802004
"Global Net-zero","Nunavut","Total",2026,68.2788224499999
"Global Net-zero","Nunavut","Total",2027,68.282842897
"Global Net-zero","Nunavut","Total",2028,68.286863344
"Global Net-zero","Nunavut","Total",2029,68.29088379
"Global Net-zero","Nunavut","Total",2030,74.5349042369999
"Global Net-zero","Nunavut","Total",2031,74.5331833549999
"Global Net-zero","Nunavut","Total",2032,78.531462474
"Global Net-zero","Nunavut","Total",2033,78.529741592
"Global Net-zero","Nunavut","Total",2034,78.5280207099999
"Global Net-zero","Nunavut","Total",2035,142.156299829
"Global Net-zero","Nunavut","Total",2036,142.154578947
"Global Net-zero","Nunavut","Total",2037,142.152858065
"Global Net-zero","Nunavut","Total",2038,142.151137183
"Global Net-zero","Nunavut","Total",2039,142.149416302
"Global Net-zero","Nunavut","Total",2040,142.14769542
"Global Net-zero","Nunavut","Total",2041,142.152382379
"Global Net-zero","Nunavut","Total",2042,142.157069337999
"Global Net-zero","Nunavut","Total",2043,142.161756296
"Global Net-zero","Nunavut","Total",2044,142.166443255
"Global Net-zero","Nunavut","Total",2045,142.171130214
"Global Net-zero","Nunavut","Total",2046,142.175817172999
"Global Net-zero","Nunavut","Total",2047,142.180504131999
"Global Net-zero","Nunavut","Total",2048,142.18519109
"Global Net-zero","Nunavut","Total",2049,142.189878049
"Global Net-zero","Nunavut","Total",2050,141.194565007999
"Global Net-zero","Ontario","Battery Storage",2020,50
"Global Net-zero","Ontario","Battery Storage",2021,50
"Global Net-zero","Ontario","Battery Storage",2022,50
"Global Net-zero","Ontario","Battery Storage",2023,50
"Global Net-zero","Ontario","Battery Storage",2024,50
"Global Net-zero","Ontario","Battery Storage",2025,50
"Global Net-zero","Ontario","Battery Storage",2026,50
"Global Net-zero","Ontario","Battery Storage",2027,50
"Global Net-zero","Ontario","Battery Storage",2028,50
"Global Net-zero","Ontario","Battery Storage",2029,50
"Global Net-zero","Ontario","Battery Storage",2030,250
"Global Net-zero","Ontario","Battery Storage",2031,250
"Global Net-zero","Ontario","Battery Storage",2032,250
"Global Net-zero","Ontario","Battery Storage",2033,250
"Global Net-zero","Ontario","Battery Storage",2034,250
"Global Net-zero","Ontario","Battery Storage",2035,250
"Global Net-zero","Ontario","Battery Storage",2036,250
"Global Net-zero","Ontario","Battery Storage",2037,250
"Global Net-zero","Ontario","Battery Storage",2038,250
"Global Net-zero","Ontario","Battery Storage",2039,250
"Global Net-zero","Ontario","Battery Storage",2040,250
"Global Net-zero","Ontario","Battery Storage",2041,250
"Global Net-zero","Ontario","Battery Storage",2042,250
"Global Net-zero","Ontario","Battery Storage",2043,250
"Global Net-zero","Ontario","Battery Storage",2044,250
"Global Net-zero","Ontario","Battery Storage",2045,250
"Global Net-zero","Ontario","Battery Storage",2046,250
"Global Net-zero","Ontario","Battery Storage",2047,250
"Global Net-zero","Ontario","Battery Storage",2048,250
"Global Net-zero","Ontario","Battery Storage",2049,250
"Global Net-zero","Ontario","Battery Storage",2050,250
"Global Net-zero","Ontario","Bioenergy",2020,698.7
"Global Net-zero","Ontario","Bioenergy",2021,698.7
"Global Net-zero","Ontario","Bioenergy",2022,698.7
"Global Net-zero","Ontario","Bioenergy",2023,698.7
"Global Net-zero","Ontario","Bioenergy",2024,698.7
"Global Net-zero","Ontario","Bioenergy",2025,698.7
"Global Net-zero","Ontario","Bioenergy",2026,698.7
"Global Net-zero","Ontario","Bioenergy",2027,698.7
"Global Net-zero","Ontario","Bioenergy",2028,698.7
"Global Net-zero","Ontario","Bioenergy",2029,698.7
"Global Net-zero","Ontario","Bioenergy",2030,698.7
"Global Net-zero","Ontario","Bioenergy",2031,698.7
"Global Net-zero","Ontario","Bioenergy",2032,698.7
"Global Net-zero","Ontario","Bioenergy",2033,698.7
"Global Net-zero","Ontario","Bioenergy",2034,698.7
"Global Net-zero","Ontario","Bioenergy",2035,698.7
"Global Net-zero","Ontario","Bioenergy",2036,698.7
"Global Net-zero","Ontario","Bioenergy",2037,698.7
"Global Net-zero","Ontario","Bioenergy",2038,698.7
"Global Net-zero","Ontario","Bioenergy",2039,698.7
"Global Net-zero","Ontario","Bioenergy",2040,698.7
"Global Net-zero","Ontario","Bioenergy",2041,698.7
"Global Net-zero","Ontario","Bioenergy",2042,698.7
"Global Net-zero","Ontario","Bioenergy",2043,698.7
"Global Net-zero","Ontario","Bioenergy",2044,698.7
"Global Net-zero","Ontario","Bioenergy",2045,698.7
"Global Net-zero","Ontario","Bioenergy",2046,698.7
"Global Net-zero","Ontario","Bioenergy",2047,698.7
"Global Net-zero","Ontario","Bioenergy",2048,698.7
"Global Net-zero","Ontario","Bioenergy",2049,698.7
"Global Net-zero","Ontario","Bioenergy",2050,698.7
"Global Net-zero","Ontario","Bioenergy with CCUS",2020,0
"Global Net-zero","Ontario","Bioenergy with CCUS",2021,0
"Global Net-zero","Ontario","Bioenergy with CCUS",2022,0
"Global Net-zero","Ontario","Bioenergy with CCUS",2023,0
"Global Net-zero","Ontario","Bioenergy with CCUS",2024,0
"Global Net-zero","Ontario","Bioenergy with CCUS",2025,0
"Global Net-zero","Ontario","Bioenergy with CCUS",2026,0
"Global Net-zero","Ontario","Bioenergy with CCUS",2027,0
"Global Net-zero","Ontario","Bioenergy with CCUS",2028,0
"Global Net-zero","Ontario","Bioenergy with CCUS",2029,0
"Global Net-zero","Ontario","Bioenergy with CCUS",2030,0
"Global Net-zero","Ontario","Bioenergy with CCUS",2031,16.7
"Global Net-zero","Ontario","Bioenergy with CCUS",2032,33.3
"Global Net-zero","Ontario","Bioenergy with CCUS",2033,50
"Global Net-zero","Ontario","Bioenergy with CCUS",2034,66.7
"Global Net-zero","Ontario","Bioenergy with CCUS",2035,83.3
"Global Net-zero","Ontario","Bioenergy with CCUS",2036,100
"Global Net-zero","Ontario","Bioenergy with CCUS",2037,117
"Global Net-zero","Ontario","Bioenergy with CCUS",2038,133
"Global Net-zero","Ontario","Bioenergy with CCUS",2039,150
"Global Net-zero","Ontario","Bioenergy with CCUS",2040,167
"Global Net-zero","Ontario","Bioenergy with CCUS",2041,183
"Global Net-zero","Ontario","Bioenergy with CCUS",2042,200
"Global Net-zero","Ontario","Bioenergy with CCUS",2043,217
"Global Net-zero","Ontario","Bioenergy with CCUS",2044,233
"Global Net-zero","Ontario","Bioenergy with CCUS",2045,250
"Global Net-zero","Ontario","Bioenergy with CCUS",2046,267
"Global Net-zero","Ontario","Bioenergy with CCUS",2047,283
"Global Net-zero","Ontario","Bioenergy with CCUS",2048,300
"Global Net-zero","Ontario","Bioenergy with CCUS",2049,317
"Global Net-zero","Ontario","Bioenergy with CCUS",2050,333
"Global Net-zero","Ontario","Hydro",2020,9260
"Global Net-zero","Ontario","Hydro",2021,9260
"Global Net-zero","Ontario","Hydro",2022,9260
"Global Net-zero","Ontario","Hydro",2023,9260
"Global Net-zero","Ontario","Hydro",2024,9260
"Global Net-zero","Ontario","Hydro",2025,9260
"Global Net-zero","Ontario","Hydro",2026,9260
"Global Net-zero","Ontario","Hydro",2027,9260
"Global Net-zero","Ontario","Hydro",2028,9260
"Global Net-zero","Ontario","Hydro",2029,9260
"Global Net-zero","Ontario","Hydro",2030,9260
"Global Net-zero","Ontario","Hydro",2031,9460
"Global Net-zero","Ontario","Hydro",2032,9660
"Global Net-zero","Ontario","Hydro",2033,9860
"Global Net-zero","Ontario","Hydro",2034,10100
"Global Net-zero","Ontario","Hydro",2035,10300
"Global Net-zero","Ontario","Hydro",2036,10300
"Global Net-zero","Ontario","Hydro",2037,10300
"Global Net-zero","Ontario","Hydro",2038,10300
"Global Net-zero","Ontario","Hydro",2039,10300
"Global Net-zero","Ontario","Hydro",2040,10300
"Global Net-zero","Ontario","Hydro",2041,10300
"Global Net-zero","Ontario","Hydro",2042,10300
"Global Net-zero","Ontario","Hydro",2043,10300
"Global Net-zero","Ontario","Hydro",2044,10300
"Global Net-zero","Ontario","Hydro",2045,10300
"Global Net-zero","Ontario","Hydro",2046,10300
"Global Net-zero","Ontario","Hydro",2047,10300
"Global Net-zero","Ontario","Hydro",2048,10300
"Global Net-zero","Ontario","Hydro",2049,10300
"Global Net-zero","Ontario","Hydro",2050,10300
"Global Net-zero","Ontario","Natural Gas",2020,8750
"Global Net-zero","Ontario","Natural Gas",2021,8730
"Global Net-zero","Ontario","Natural Gas",2022,8730
"Global Net-zero","Ontario","Natural Gas",2023,8730
"Global Net-zero","Ontario","Natural Gas",2024,8730
"Global Net-zero","Ontario","Natural Gas",2025,8700
"Global Net-zero","Ontario","Natural Gas",2026,10200
"Global Net-zero","Ontario","Natural Gas",2027,11700
"Global Net-zero","Ontario","Natural Gas",2028,13100
"Global Net-zero","Ontario","Natural Gas",2029,14500
"Global Net-zero","Ontario","Natural Gas",2030,15900
"Global Net-zero","Ontario","Natural Gas",2031,17100
"Global Net-zero","Ontario","Natural Gas",2032,18300
"Global Net-zero","Ontario","Natural Gas",2033,19400
"Global Net-zero","Ontario","Natural Gas",2034,20800
"Global Net-zero","Ontario","Natural Gas",2035,16500
"Global Net-zero","Ontario","Natural Gas",2036,16500
"Global Net-zero","Ontario","Natural Gas",2037,16500
"Global Net-zero","Ontario","Natural Gas",2038,16500
"Global Net-zero","Ontario","Natural Gas",2039,16000
"Global Net-zero","Ontario","Natural Gas",2040,15800
"Global Net-zero","Ontario","Natural Gas",2041,15700
"Global Net-zero","Ontario","Natural Gas",2042,15700
"Global Net-zero","Ontario","Natural Gas",2043,15700
"Global Net-zero","Ontario","Natural Gas",2044,15700
"Global Net-zero","Ontario","Natural Gas",2045,15600
"Global Net-zero","Ontario","Natural Gas",2046,15300
"Global Net-zero","Ontario","Natural Gas",2047,15300
"Global Net-zero","Ontario","Natural Gas",2048,14900
"Global Net-zero","Ontario","Natural Gas",2049,14900
"Global Net-zero","Ontario","Natural Gas",2050,14900
"Global Net-zero","Ontario","Natural Gas with CCUS",2020,0
"Global Net-zero","Ontario","Natural Gas with CCUS",2021,0
"Global Net-zero","Ontario","Natural Gas with CCUS",2022,0
"Global Net-zero","Ontario","Natural Gas with CCUS",2023,0
"Global Net-zero","Ontario","Natural Gas with CCUS",2024,0
"Global Net-zero","Ontario","Natural Gas with CCUS",2025,0
"Global Net-zero","Ontario","Natural Gas with CCUS",2026,0
"Global Net-zero","Ontario","Natural Gas with CCUS",2027,0
"Global Net-zero","Ontario","Natural Gas with CCUS",2028,0
"Global Net-zero","Ontario","Natural Gas with CCUS",2029,0
"Global Net-zero","Ontario","Natural Gas with CCUS",2030,0
"Global Net-zero","Ontario","Natural Gas with CCUS",2031,380
"Global Net-zero","Ontario","Natural Gas with CCUS",2032,760
"Global Net-zero","Ontario","Natural Gas with CCUS",2033,1140
"Global Net-zero","Ontario","Natural Gas with CCUS",2034,1520
"Global Net-zero","Ontario","Natural Gas with CCUS",2035,1900
"Global Net-zero","Ontario","Natural Gas with CCUS",2036,3280
"Global Net-zero","Ontario","Natural Gas with CCUS",2037,4660
"Global Net-zero","Ontario","Natural Gas with CCUS",2038,6040
"Global Net-zero","Ontario","Natural Gas with CCUS",2039,7420
"Global Net-zero","Ontario","Natural Gas with CCUS",2040,8800
"Global Net-zero","Ontario","Natural Gas with CCUS",2041,10100
"Global Net-zero","Ontario","Natural Gas with CCUS",2042,11500
"Global Net-zero","Ontario","Natural Gas with CCUS",2043,12800
"Global Net-zero","Ontario","Natural Gas with CCUS",2044,14200
"Global Net-zero","Ontario","Natural Gas with CCUS",2045,15500
"Global Net-zero","Ontario","Natural Gas with CCUS",2046,15700
"Global Net-zero","Ontario","Natural Gas with CCUS",2047,15900
"Global Net-zero","Ontario","Natural Gas with CCUS",2048,16000
"Global Net-zero","Ontario","Natural Gas with CCUS",2049,16200
"Global Net-zero","Ontario","Natural Gas with CCUS",2050,16400
"Global Net-zero","Ontario","Oil",2020,250.3
"Global Net-zero","Ontario","Oil",2021,250.3
"Global Net-zero","Ontario","Oil",2022,250.3
"Global Net-zero","Ontario","Oil",2023,250.3
"Global Net-zero","Ontario","Oil",2024,250.3
"Global Net-zero","Ontario","Oil",2025,250.3
"Global Net-zero","Ontario","Oil",2026,250.3
"Global Net-zero","Ontario","Oil",2027,250.3
"Global Net-zero","Ontario","Oil",2028,250.3
"Global Net-zero","Ontario","Oil",2029,250.3
"Global Net-zero","Ontario","Oil",2030,250.3
"Global Net-zero","Ontario","Oil",2031,248.3
"Global Net-zero","Ontario","Oil",2032,228.3
"Global Net-zero","Ontario","Oil",2033,228.3
"Global Net-zero","Ontario","Oil",2034,228.3
"Global Net-zero","Ontario","Oil",2035,228.3
"Global Net-zero","Ontario","Oil",2036,228.3
"Global Net-zero","Ontario","Oil",2037,228.3
"Global Net-zero","Ontario","Oil",2038,228.3
"Global Net-zero","Ontario","Oil",2039,228.3
"Global Net-zero","Ontario","Oil",2040,228.3
"Global Net-zero","Ontario","Oil",2041,228.3
"Global Net-zero","Ontario","Oil",2042,228.3
"Global Net-zero","Ontario","Oil",2043,228.3
"Global Net-zero","Ontario","Oil",2044,228.3
"Global Net-zero","Ontario","Oil",2045,228.3
"Global Net-zero","Ontario","Oil",2046,228.3
"Global Net-zero","Ontario","Oil",2047,228.3
"Global Net-zero","Ontario","Oil",2048,228.3
"Global Net-zero","Ontario","Oil",2049,228.3
"Global Net-zero","Ontario","Oil",2050,228.3
"Global Net-zero","Ontario","Onshore Wind",2020,5420
"Global Net-zero","Ontario","Onshore Wind",2021,5580
"Global Net-zero","Ontario","Onshore Wind",2022,5580
"Global Net-zero","Ontario","Onshore Wind",2023,5580
"Global Net-zero","Ontario","Onshore Wind",2024,5580
"Global Net-zero","Ontario","Onshore Wind",2025,5580
"Global Net-zero","Ontario","Onshore Wind",2026,6020
"Global Net-zero","Ontario","Onshore Wind",2027,6460
"Global Net-zero","Ontario","Onshore Wind",2028,6900
"Global Net-zero","Ontario","Onshore Wind",2029,7340
"Global Net-zero","Ontario","Onshore Wind",2030,7780
"Global Net-zero","Ontario","Onshore Wind",2031,9750
"Global Net-zero","Ontario","Onshore Wind",2032,11700
"Global Net-zero","Ontario","Onshore Wind",2033,13700
"Global Net-zero","Ontario","Onshore Wind",2034,15600
"Global Net-zero","Ontario","Onshore Wind",2035,17600
"Global Net-zero","Ontario","Onshore Wind",2036,18700
"Global Net-zero","Ontario","Onshore Wind",2037,19700
"Global Net-zero","Ontario","Onshore Wind",2038,20800
"Global Net-zero","Ontario","Onshore Wind",2039,21800
"Global Net-zero","Ontario","Onshore Wind",2040,22900
"Global Net-zero","Ontario","Onshore Wind",2041,26500
"Global Net-zero","Ontario","Onshore Wind",2042,30200
"Global Net-zero","Ontario","Onshore Wind",2043,33900
"Global Net-zero","Ontario","Onshore Wind",2044,37600
"Global Net-zero","Ontario","Onshore Wind",2045,41200
"Global Net-zero","Ontario","Onshore Wind",2046,44000
"Global Net-zero","Ontario","Onshore Wind",2047,46700
"Global Net-zero","Ontario","Onshore Wind",2048,49400
"Global Net-zero","Ontario","Onshore Wind",2049,52200
"Global Net-zero","Ontario","Onshore Wind",2050,54900
"Global Net-zero","Ontario","Solar (Distributed)",2020,2188.43613
"Global Net-zero","Ontario","Solar (Distributed)",2021,2250.862884
"Global Net-zero","Ontario","Solar (Distributed)",2022,2313.289638
"Global Net-zero","Ontario","Solar (Distributed)",2023,2375.716392
"Global Net-zero","Ontario","Solar (Distributed)",2024,2438.143146
"Global Net-zero","Ontario","Solar (Distributed)",2025,2500.5699
"Global Net-zero","Ontario","Solar (Distributed)",2026,2562.996653
"Global Net-zero","Ontario","Solar (Distributed)",2027,2625.423407
"Global Net-zero","Ontario","Solar (Distributed)",2028,2687.850161
"Global Net-zero","Ontario","Solar (Distributed)",2029,2750.276915
"Global Net-zero","Ontario","Solar (Distributed)",2030,2812.703669
"Global Net-zero","Ontario","Solar (Distributed)",2031,2866.099097
"Global Net-zero","Ontario","Solar (Distributed)",2032,2919.494526
"Global Net-zero","Ontario","Solar (Distributed)",2033,2972.889954
"Global Net-zero","Ontario","Solar (Distributed)",2034,3026.285382
"Global Net-zero","Ontario","Solar (Distributed)",2035,3079.680811
"Global Net-zero","Ontario","Solar (Distributed)",2036,3133.076239
"Global Net-zero","Ontario","Solar (Distributed)",2037,3186.471667
"Global Net-zero","Ontario","Solar (Distributed)",2038,3239.867095
"Global Net-zero","Ontario","Solar (Distributed)",2039,3293.262524
"Global Net-zero","Ontario","Solar (Distributed)",2040,3346.657952
"Global Net-zero","Ontario","Solar (Distributed)",2041,3378.48595
"Global Net-zero","Ontario","Solar (Distributed)",2042,3410.313948
"Global Net-zero","Ontario","Solar (Distributed)",2043,3442.141946
"Global Net-zero","Ontario","Solar (Distributed)",2044,3473.969944
"Global Net-zero","Ontario","Solar (Distributed)",2045,3505.797943
"Global Net-zero","Ontario","Solar (Distributed)",2046,3537.625941
"Global Net-zero","Ontario","Solar (Distributed)",2047,3569.453939
"Global Net-zero","Ontario","Solar (Distributed)",2048,3601.281937
"Global Net-zero","Ontario","Solar (Distributed)",2049,3633.109935
"Global Net-zero","Ontario","Solar (Distributed)",2050,3664.937933
"Global Net-zero","Ontario","Solar (Utility scale)",2020,2670
"Global Net-zero","Ontario","Solar (Utility scale)",2021,2670
"Global Net-zero","Ontario","Solar (Utility scale)",2022,2670
"Global Net-zero","Ontario","Solar (Utility scale)",2023,2670
"Global Net-zero","Ontario","Solar (Utility scale)",2024,2670
"Global Net-zero","Ontario","Solar (Utility scale)",2025,2670
"Global Net-zero","Ontario","Solar (Utility scale)",2026,2670
"Global Net-zero","Ontario","Solar (Utility scale)",2027,2670
"Global Net-zero","Ontario","Solar (Utility scale)",2028,2670
"Global Net-zero","Ontario","Solar (Utility scale)",2029,2670
"Global Net-zero","Ontario","Solar (Utility scale)",2030,2670
"Global Net-zero","Ontario","Solar (Utility scale)",2031,2910
"Global Net-zero","Ontario","Solar (Utility scale)",2032,3150
"Global Net-zero","Ontario","Solar (Utility scale)",2033,3390
"Global Net-zero","Ontario","Solar (Utility scale)",2034,3630
"Global Net-zero","Ontario","Solar (Utility scale)",2035,3870
"Global Net-zero","Ontario","Solar (Utility scale)",2036,3870
"Global Net-zero","Ontario","Solar (Utility scale)",2037,3870
"Global Net-zero","Ontario","Solar (Utility scale)",2038,3870
"Global Net-zero","Ontario","Solar (Utility scale)",2039,3870
"Global Net-zero","Ontario","Solar (Utility scale)",2040,3870
"Global Net-zero","Ontario","Solar (Utility scale)",2041,4370
"Global Net-zero","Ontario","Solar (Utility scale)",2042,4870
"Global Net-zero","Ontario","Solar (Utility scale)",2043,5370
"Global Net-zero","Ontario","Solar (Utility scale)",2044,5870
"Global Net-zero","Ontario","Solar (Utility scale)",2045,6370
"Global Net-zero","Ontario","Solar (Utility scale)",2046,6470
"Global Net-zero","Ontario","Solar (Utility scale)",2047,6580
"Global Net-zero","Ontario","Solar (Utility scale)",2048,6680
"Global Net-zero","Ontario","Solar (Utility scale)",2049,6780
"Global Net-zero","Ontario","Solar (Utility scale)",2050,6890
"Global Net-zero","Ontario","Total",2020,43387.43613
"Global Net-zero","Ontario","Total",2021,41889.862884
"Global Net-zero","Ontario","Total",2022,41952.289638
"Global Net-zero","Ontario","Total",2023,41014.716392
"Global Net-zero","Ontario","Total",2024,41077.143146
"Global Net-zero","Ontario","Total",2025,41109.5699
"Global Net-zero","Ontario","Total",2026,42211.996653
"Global Net-zero","Ontario","Total",2027,43814.423407
"Global Net-zero","Ontario","Total",2028,45716.850161
"Global Net-zero","Ontario","Total",2029,47619.276915
"Global Net-zero","Ontario","Total",2030,50021.703669
"Global Net-zero","Ontario","Total",2031,55079.799097
"Global Net-zero","Ontario","Total",2032,60109.794526
"Global Net-zero","Ontario","Total",2033,65099.889954
"Global Net-zero","Ontario","Total",2034,71129.985382
"Global Net-zero","Ontario","Total",2035,70729.980811
"Global Net-zero","Ontario","Total",2036,74680.076239
"Global Net-zero","Ontario","Total",2037,78540.471667
"Global Net-zero","Ontario","Total",2038,82499.867095
"Global Net-zero","Ontario","Total",2039,85910.262524
"Global Net-zero","Ontario","Total",2040,89660.657952
"Global Net-zero","Ontario","Total",2041,95008.48595
"Global Net-zero","Ontario","Total",2042,100657.313948
"Global Net-zero","Ontario","Total",2043,106206.141946
"Global Net-zero","Ontario","Total",2044,111853.969944
"Global Net-zero","Ontario","Total",2045,117202.797943
"Global Net-zero","Ontario","Total",2046,120051.625941
"Global Net-zero","Ontario","Total",2047,123109.453939
"Global Net-zero","Ontario","Total",2048,125658.281937
"Global Net-zero","Ontario","Total",2049,128807.109935
"Global Net-zero","Ontario","Total",2050,131864.937933
"Global Net-zero","Ontario","Uranium",2020,14100
"Global Net-zero","Ontario","Uranium",2021,12400
"Global Net-zero","Ontario","Uranium",2022,12400
"Global Net-zero","Ontario","Uranium",2023,11400
"Global Net-zero","Ontario","Uranium",2024,11400
"Global Net-zero","Ontario","Uranium",2025,11400
"Global Net-zero","Ontario","Uranium",2026,10500
"Global Net-zero","Ontario","Uranium",2027,10100
"Global Net-zero","Ontario","Uranium",2028,10100
"Global Net-zero","Ontario","Uranium",2029,10100
"Global Net-zero","Ontario","Uranium",2030,10100
"Global Net-zero","Ontario","Uranium",2031,10100
"Global Net-zero","Ontario","Uranium",2032,10100
"Global Net-zero","Ontario","Uranium",2033,10100
"Global Net-zero","Ontario","Uranium",2034,10900
"Global Net-zero","Ontario","Uranium",2035,10900
"Global Net-zero","Ontario","Uranium",2036,10900
"Global Net-zero","Ontario","Uranium",2037,10900
"Global Net-zero","Ontario","Uranium",2038,10900
"Global Net-zero","Ontario","Uranium",2039,10900
"Global Net-zero","Ontario","Uranium",2040,10900
"Global Net-zero","Ontario","Uranium",2041,10900
"Global Net-zero","Ontario","Uranium",2042,10900
"Global Net-zero","Ontario","Uranium",2043,10900
"Global Net-zero","Ontario","Uranium",2044,10900
"Global Net-zero","Ontario","Uranium",2045,10900
"Global Net-zero","Ontario","Uranium",2046,10900
"Global Net-zero","Ontario","Uranium",2047,10900
"Global Net-zero","Ontario","Uranium",2048,10900
"Global Net-zero","Ontario","Uranium",2049,10900
"Global Net-zero","Ontario","Uranium",2050,10900
"Global Net-zero","Ontario","Uranium SMR",2020,0
"Global Net-zero","Ontario","Uranium SMR",2021,0
"Global Net-zero","Ontario","Uranium SMR",2022,0
"Global Net-zero","Ontario","Uranium SMR",2023,0
"Global Net-zero","Ontario","Uranium SMR",2024,0
"Global Net-zero","Ontario","Uranium SMR",2025,0
"Global Net-zero","Ontario","Uranium SMR",2026,0
"Global Net-zero","Ontario","Uranium SMR",2027,0
"Global Net-zero","Ontario","Uranium SMR",2028,0
"Global Net-zero","Ontario","Uranium SMR",2029,0
"Global Net-zero","Ontario","Uranium SMR",2030,300
"Global Net-zero","Ontario","Uranium SMR",2031,1300
"Global Net-zero","Ontario","Uranium SMR",2032,2310
"Global Net-zero","Ontario","Uranium SMR",2033,3310
"Global Net-zero","Ontario","Uranium SMR",2034,4310
"Global Net-zero","Ontario","Uranium SMR",2035,5320
"Global Net-zero","Ontario","Uranium SMR",2036,6720
"Global Net-zero","Ontario","Uranium SMR",2037,8130
"Global Net-zero","Ontario","Uranium SMR",2038,9540
"Global Net-zero","Ontario","Uranium SMR",2039,11000
"Global Net-zero","Ontario","Uranium SMR",2040,12400
"Global Net-zero","Ontario","Uranium SMR",2041,12400
"Global Net-zero","Ontario","Uranium SMR",2042,12400
"Global Net-zero","Ontario","Uranium SMR",2043,12400
"Global Net-zero","Ontario","Uranium SMR",2044,12400
"Global Net-zero","Ontario","Uranium SMR",2045,12400
"Global Net-zero","Ontario","Uranium SMR",2046,12400
"Global Net-zero","Ontario","Uranium SMR",2047,12400
"Global Net-zero","Ontario","Uranium SMR",2048,12400
"Global Net-zero","Ontario","Uranium SMR",2049,12400
"Global Net-zero","Ontario","Uranium SMR",2050,12400
"Global Net-zero","Prince Edward Island","Bioenergy",2020,2.1
"Global Net-zero","Prince Edward Island","Bioenergy",2021,2.1
"Global Net-zero","Prince Edward Island","Bioenergy",2022,2.1
"Global Net-zero","Prince Edward Island","Bioenergy",2023,2.1
"Global Net-zero","Prince Edward Island","Bioenergy",2024,2.1
"Global Net-zero","Prince Edward Island","Bioenergy",2025,2.1
"Global Net-zero","Prince Edward Island","Bioenergy",2026,2.1
"Global Net-zero","Prince Edward Island","Bioenergy",2027,2.1
"Global Net-zero","Prince Edward Island","Bioenergy",2028,2.1
"Global Net-zero","Prince Edward Island","Bioenergy",2029,2.1
"Global Net-zero","Prince Edward Island","Bioenergy",2030,2.1
"Global Net-zero","Prince Edward Island","Bioenergy",2031,2.1
"Global Net-zero","Prince Edward Island","Bioenergy",2032,2.1
"Global Net-zero","Prince Edward Island","Bioenergy",2033,2.1
"Global Net-zero","Prince Edward Island","Bioenergy",2034,2.1
"Global Net-zero","Prince Edward Island","Bioenergy",2035,2.1
"Global Net-zero","Prince Edward Island","Bioenergy",2036,2.1
"Global Net-zero","Prince Edward Island","Bioenergy",2037,2.1
"Global Net-zero","Prince Edward Island","Bioenergy",2038,2.1
"Global Net-zero","Prince Edward Island","Bioenergy",2039,2.1
"Global Net-zero","Prince Edward Island","Bioenergy",2040,2.1
"Global Net-zero","Prince Edward Island","Bioenergy",2041,2.1
"Global Net-zero","Prince Edward Island","Bioenergy",2042,2.1
"Global Net-zero","Prince Edward Island","Bioenergy",2043,2.1
"Global Net-zero","Prince Edward Island","Bioenergy",2044,2.1
"Global Net-zero","Prince Edward Island","Bioenergy",2045,2.1
"Global Net-zero","Prince Edward Island","Bioenergy",2046,2.1
"Global Net-zero","Prince Edward Island","Bioenergy",2047,2.1
"Global Net-zero","Prince Edward Island","Bioenergy",2048,2.1
"Global Net-zero","Prince Edward Island","Bioenergy",2049,2.1
"Global Net-zero","Prince Edward Island","Bioenergy",2050,2.1
"Global Net-zero","Prince Edward Island","Oil",2020,170.4
"Global Net-zero","Prince Edward Island","Oil",2021,170.4
"Global Net-zero","Prince Edward Island","Oil",2022,170.4
"Global Net-zero","Prince Edward Island","Oil",2023,170.4
"Global Net-zero","Prince Edward Island","Oil",2024,170.4
"Global Net-zero","Prince Edward Island","Oil",2025,170.4
"Global Net-zero","Prince Edward Island","Oil",2026,170.4
"Global Net-zero","Prince Edward Island","Oil",2027,170.4
"Global Net-zero","Prince Edward Island","Oil",2028,170.4
"Global Net-zero","Prince Edward Island","Oil",2029,170.4
"Global Net-zero","Prince Edward Island","Oil",2030,170.4
"Global Net-zero","Prince Edward Island","Oil",2031,170.4
"Global Net-zero","Prince Edward Island","Oil",2032,170.4
"Global Net-zero","Prince Edward Island","Oil",2033,170.4
"Global Net-zero","Prince Edward Island","Oil",2034,170.4
"Global Net-zero","Prince Edward Island","Oil",2035,170.4
"Global Net-zero","Prince Edward Island","Oil",2036,95.4
"Global Net-zero","Prince Edward Island","Oil",2037,95.4
"Global Net-zero","Prince Edward Island","Oil",2038,95.4
"Global Net-zero","Prince Edward Island","Oil",2039,95.4
"Global Net-zero","Prince Edward Island","Oil",2040,95.4
"Global Net-zero","Prince Edward Island","Oil",2041,40.4
"Global Net-zero","Prince Edward Island","Oil",2042,40.4
"Global Net-zero","Prince Edward Island","Oil",2043,40.4
"Global Net-zero","Prince Edward Island","Oil",2044,40.4
"Global Net-zero","Prince Edward Island","Oil",2045,40.4
"Global Net-zero","Prince Edward Island","Oil",2046,40.4
"Global Net-zero","Prince Edward Island","Oil",2047,40.4
"Global Net-zero","Prince Edward Island","Oil",2048,40.4
"Global Net-zero","Prince Edward Island","Oil",2049,40.4
"Global Net-zero","Prince Edward Island","Oil",2050,40.4
"Global Net-zero","Prince Edward Island","Onshore Wind",2020,208
"Global Net-zero","Prince Edward Island","Onshore Wind",2021,268
"Global Net-zero","Prince Edward Island","Onshore Wind",2022,268
"Global Net-zero","Prince Edward Island","Onshore Wind",2023,268
"Global Net-zero","Prince Edward Island","Onshore Wind",2024,268
"Global Net-zero","Prince Edward Island","Onshore Wind",2025,358
"Global Net-zero","Prince Edward Island","Onshore Wind",2026,358
"Global Net-zero","Prince Edward Island","Onshore Wind",2027,358
"Global Net-zero","Prince Edward Island","Onshore Wind",2028,358
"Global Net-zero","Prince Edward Island","Onshore Wind",2029,358
"Global Net-zero","Prince Edward Island","Onshore Wind",2030,358
"Global Net-zero","Prince Edward Island","Onshore Wind",2031,358
"Global Net-zero","Prince Edward Island","Onshore Wind",2032,358
"Global Net-zero","Prince Edward Island","Onshore Wind",2033,358
"Global Net-zero","Prince Edward Island","Onshore Wind",2034,358
"Global Net-zero","Prince Edward Island","Onshore Wind",2035,358
"Global Net-zero","Prince Edward Island","Onshore Wind",2036,358
"Global Net-zero","Prince Edward Island","Onshore Wind",2037,358
"Global Net-zero","Prince Edward Island","Onshore Wind",2038,358
"Global Net-zero","Prince Edward Island","Onshore Wind",2039,358
"Global Net-zero","Prince Edward Island","Onshore Wind",2040,384
"Global Net-zero","Prince Edward Island","Onshore Wind",2041,384
"Global Net-zero","Prince Edward Island","Onshore Wind",2042,384
"Global Net-zero","Prince Edward Island","Onshore Wind",2043,384
"Global Net-zero","Prince Edward Island","Onshore Wind",2044,384
"Global Net-zero","Prince Edward Island","Onshore Wind",2045,384
"Global Net-zero","Prince Edward Island","Onshore Wind",2046,384
"Global Net-zero","Prince Edward Island","Onshore Wind",2047,384
"Global Net-zero","Prince Edward Island","Onshore Wind",2048,384
"Global Net-zero","Prince Edward Island","Onshore Wind",2049,384
"Global Net-zero","Prince Edward Island","Onshore Wind",2050,409
"Global Net-zero","Prince Edward Island","Solar (Distributed)",2020,0.5
"Global Net-zero","Prince Edward Island","Solar (Distributed)",2021,0.5
"Global Net-zero","Prince Edward Island","Solar (Distributed)",2022,0.5
"Global Net-zero","Prince Edward Island","Solar (Distributed)",2023,0.5
"Global Net-zero","Prince Edward Island","Solar (Distributed)",2024,0.5
"Global Net-zero","Prince Edward Island","Solar (Distributed)",2025,0.5
"Global Net-zero","Prince Edward Island","Solar (Distributed)",2026,1.132874152
"Global Net-zero","Prince Edward Island","Solar (Distributed)",2027,1.765748303
"Global Net-zero","Prince Edward Island","Solar (Distributed)",2028,2.398622455
"Global Net-zero","Prince Edward Island","Solar (Distributed)",2029,3.031496606
"Global Net-zero","Prince Edward Island","Solar (Distributed)",2030,3.664370758
"Global Net-zero","Prince Edward Island","Solar (Distributed)",2031,3.689129811
"Global Net-zero","Prince Edward Island","Solar (Distributed)",2032,3.713888864
"Global Net-zero","Prince Edward Island","Solar (Distributed)",2033,3.738647918
"Global Net-zero","Prince Edward Island","Solar (Distributed)",2034,3.763406971
"Global Net-zero","Prince Edward Island","Solar (Distributed)",2035,3.788166024
"Global Net-zero","Prince Edward Island","Solar (Distributed)",2036,3.812925077
"Global Net-zero","Prince Edward Island","Solar (Distributed)",2037,3.83768413
"Global Net-zero","Prince Edward Island","Solar (Distributed)",2038,3.862443184
"Global Net-zero","Prince Edward Island","Solar (Distributed)",2039,3.887202237
"Global Net-zero","Prince Edward Island","Solar (Distributed)",2040,3.91196129
"Global Net-zero","Prince Edward Island","Solar (Distributed)",2041,3.930007817
"Global Net-zero","Prince Edward Island","Solar (Distributed)",2042,3.948054345
"Global Net-zero","Prince Edward Island","Solar (Distributed)",2043,3.966100872
"Global Net-zero","Prince Edward Island","Solar (Distributed)",2044,3.9841474
"Global Net-zero","Prince Edward Island","Solar (Distributed)",2045,4.002193927
"Global Net-zero","Prince Edward Island","Solar (Distributed)",2046,4.020240454
"Global Net-zero","Prince Edward Island","Solar (Distributed)",2047,4.038286982
"Global Net-zero","Prince Edward Island","Solar (Distributed)",2048,4.056333509
"Global Net-zero","Prince Edward Island","Solar (Distributed)",2049,4.074380037
"Global Net-zero","Prince Edward Island","Solar (Distributed)",2050,4.092426564
"Global Net-zero","Prince Edward Island","Solar (Utility scale)",2020,0
"Global Net-zero","Prince Edward Island","Solar (Utility scale)",2021,0
"Global Net-zero","Prince Edward Island","Solar (Utility scale)",2022,0
"Global Net-zero","Prince Edward Island","Solar (Utility scale)",2023,0
"Global Net-zero","Prince Edward Island","Solar (Utility scale)",2024,0
"Global Net-zero","Prince Edward Island","Solar (Utility scale)",2025,0
"Global Net-zero","Prince Edward Island","Solar (Utility scale)",2026,0
"Global Net-zero","Prince Edward Island","Solar (Utility scale)",2027,0
"Global Net-zero","Prince Edward Island","Solar (Utility scale)",2028,0
"Global Net-zero","Prince Edward Island","Solar (Utility scale)",2029,0
"Global Net-zero","Prince Edward Island","Solar (Utility scale)",2030,17.3
"Global Net-zero","Prince Edward Island","Solar (Utility scale)",2031,27.3
"Global Net-zero","Prince Edward Island","Solar (Utility scale)",2032,37.3
"Global Net-zero","Prince Edward Island","Solar (Utility scale)",2033,47.3
"Global Net-zero","Prince Edward Island","Solar (Utility scale)",2034,57.3
"Global Net-zero","Prince Edward Island","Solar (Utility scale)",2035,67.3
"Global Net-zero","Prince Edward Island","Solar (Utility scale)",2036,67.3
"Global Net-zero","Prince Edward Island","Solar (Utility scale)",2037,67.3
"Global Net-zero","Prince Edward Island","Solar (Utility scale)",2038,67.3
"Global Net-zero","Prince Edward Island","Solar (Utility scale)",2039,67.3
"Global Net-zero","Prince Edward Island","Solar (Utility scale)",2040,67.3
"Global Net-zero","Prince Edward Island","Solar (Utility scale)",2041,67.3
"Global Net-zero","Prince Edward Island","Solar (Utility scale)",2042,67.3
"Global Net-zero","Prince Edward Island","Solar (Utility scale)",2043,67.3
"Global Net-zero","Prince Edward Island","Solar (Utility scale)",2044,67.3
"Global Net-zero","Prince Edward Island","Solar (Utility scale)",2045,67.3
"Global Net-zero","Prince Edward Island","Solar (Utility scale)",2046,78.7
"Global Net-zero","Prince Edward Island","Solar (Utility scale)",2047,90.2
"Global Net-zero","Prince Edward Island","Solar (Utility scale)",2048,102
"Global Net-zero","Prince Edward Island","Solar (Utility scale)",2049,113
"Global Net-zero","Prince Edward Island","Solar (Utility scale)",2050,125
"Global Net-zero","Prince Edward Island","Total",2020,381
"Global Net-zero","Prince Edward Island","Total",2021,441
"Global Net-zero","Prince Edward Island","Total",2022,441
"Global Net-zero","Prince Edward Island","Total",2023,441
"Global Net-zero","Prince Edward Island","Total",2024,441
"Global Net-zero","Prince Edward Island","Total",2025,531
"Global Net-zero","Prince Edward Island","Total",2026,531.632874152
"Global Net-zero","Prince Edward Island","Total",2027,532.265748303
"Global Net-zero","Prince Edward Island","Total",2028,532.898622455
"Global Net-zero","Prince Edward Island","Total",2029,533.531496606
"Global Net-zero","Prince Edward Island","Total",2030,551.464370758
"Global Net-zero","Prince Edward Island","Total",2031,561.489129811
"Global Net-zero","Prince Edward Island","Total",2032,571.513888864
"Global Net-zero","Prince Edward Island","Total",2033,581.538647918
"Global Net-zero","Prince Edward Island","Total",2034,591.563406971
"Global Net-zero","Prince Edward Island","Total",2035,697.688166024
"Global Net-zero","Prince Edward Island","Total",2036,655.612925077
"Global Net-zero","Prince Edward Island","Total",2037,687.63768413
"Global Net-zero","Prince Edward Island","Total",2038,720.662443184
"Global Net-zero","Prince Edward Island","Total",2039,753.687202237
"Global Net-zero","Prince Edward Island","Total",2040,811.71196129
"Global Net-zero","Prince Edward Island","Total",2041,782.730007817
"Global Net-zero","Prince Edward Island","Total",2042,808.748054345
"Global Net-zero","Prince Edward Island","Total",2043,834.766100872
"Global Net-zero","Prince Edward Island","Total",2044,859.7841474
"Global Net-zero","Prince Edward Island","Total",2045,885.802193927
"Global Net-zero","Prince Edward Island","Total",2046,897.220240454
"Global Net-zero","Prince Edward Island","Total",2047,908.738286982
"Global Net-zero","Prince Edward Island","Total",2048,920.556333509
"Global Net-zero","Prince Edward Island","Total",2049,931.574380037
"Global Net-zero","Prince Edward Island","Total",2050,1009.592426564
"Global Net-zero","Prince Edward Island","Uranium SMR",2020,0
"Global Net-zero","Prince Edward Island","Uranium SMR",2021,0
"Global Net-zero","Prince Edward Island","Uranium SMR",2022,0
"Global Net-zero","Prince Edward Island","Uranium SMR",2023,0
"Global Net-zero","Prince Edward Island","Uranium SMR",2024,0
"Global Net-zero","Prince Edward Island","Uranium SMR",2025,0
"Global Net-zero","Prince Edward Island","Uranium SMR",2026,0
"Global Net-zero","Prince Edward Island","Uranium SMR",2027,0
"Global Net-zero","Prince Edward Island","Uranium SMR",2028,0
"Global Net-zero","Prince Edward Island","Uranium SMR",2029,0
"Global Net-zero","Prince Edward Island","Uranium SMR",2030,0
"Global Net-zero","Prince Edward Island","Uranium SMR",2031,0
"Global Net-zero","Prince Edward Island","Uranium SMR",2032,0
"Global Net-zero","Prince Edward Island","Uranium SMR",2033,0
"Global Net-zero","Prince Edward Island","Uranium SMR",2034,0
"Global Net-zero","Prince Edward Island","Uranium SMR",2035,96.1
"Global Net-zero","Prince Edward Island","Uranium SMR",2036,129
"Global Net-zero","Prince Edward Island","Uranium SMR",2037,161
"Global Net-zero","Prince Edward Island","Uranium SMR",2038,194
"Global Net-zero","Prince Edward Island","Uranium SMR",2039,227
"Global Net-zero","Prince Edward Island","Uranium SMR",2040,259
"Global Net-zero","Prince Edward Island","Uranium SMR",2041,285
"Global Net-zero","Prince Edward Island","Uranium SMR",2042,311
"Global Net-zero","Prince Edward Island","Uranium SMR",2043,337
"Global Net-zero","Prince Edward Island","Uranium SMR",2044,362
"Global Net-zero","Prince Edward Island","Uranium SMR",2045,388
"Global Net-zero","Prince Edward Island","Uranium SMR",2046,388
"Global Net-zero","Prince Edward Island","Uranium SMR",2047,388
"Global Net-zero","Prince Edward Island","Uranium SMR",2048,388
"Global Net-zero","Prince Edward Island","Uranium SMR",2049,388
"Global Net-zero","Prince Edward Island","Uranium SMR",2050,429
"Global Net-zero","Quebec","Battery Storage",2020,0
"Global Net-zero","Quebec","Battery Storage",2021,0
"Global Net-zero","Quebec","Battery Storage",2022,0
"Global Net-zero","Quebec","Battery Storage",2023,0
"Global Net-zero","Quebec","Battery Storage",2024,0
"Global Net-zero","Quebec","Battery Storage",2025,0
"Global Net-zero","Quebec","Battery Storage",2026,0
"Global Net-zero","Quebec","Battery Storage",2027,0
"Global Net-zero","Quebec","Battery Storage",2028,0
"Global Net-zero","Quebec","Battery Storage",2029,0
"Global Net-zero","Quebec","Battery Storage",2030,1700
"Global Net-zero","Quebec","Battery Storage",2031,1700
"Global Net-zero","Quebec","Battery Storage",2032,1700
"Global Net-zero","Quebec","Battery Storage",2033,1700
"Global Net-zero","Quebec","Battery Storage",2034,1700
"Global Net-zero","Quebec","Battery Storage",2035,1700
"Global Net-zero","Quebec","Battery Storage",2036,1700
"Global Net-zero","Quebec","Battery Storage",2037,1700
"Global Net-zero","Quebec","Battery Storage",2038,1700
"Global Net-zero","Quebec","Battery Storage",2039,1700
"Global Net-zero","Quebec","Battery Storage",2040,1700
"Global Net-zero","Quebec","Battery Storage",2041,1700
"Global Net-zero","Quebec","Battery Storage",2042,1700
"Global Net-zero","Quebec","Battery Storage",2043,1700
"Global Net-zero","Quebec","Battery Storage",2044,1700
"Global Net-zero","Quebec","Battery Storage",2045,2000
"Global Net-zero","Quebec","Battery Storage",2046,2000
"Global Net-zero","Quebec","Battery Storage",2047,2000
"Global Net-zero","Quebec","Battery Storage",2048,2000
"Global Net-zero","Quebec","Battery Storage",2049,2000
"Global Net-zero","Quebec","Battery Storage",2050,1900
"Global Net-zero","Quebec","Bioenergy",2020,307.6
"Global Net-zero","Quebec","Bioenergy",2021,326.6
"Global Net-zero","Quebec","Bioenergy",2022,326.6
"Global Net-zero","Quebec","Bioenergy",2023,326.6
"Global Net-zero","Quebec","Bioenergy",2024,326.6
"Global Net-zero","Quebec","Bioenergy",2025,326.6
"Global Net-zero","Quebec","Bioenergy",2026,326.6
"Global Net-zero","Quebec","Bioenergy",2027,326.6
"Global Net-zero","Quebec","Bioenergy",2028,326.6
"Global Net-zero","Quebec","Bioenergy",2029,326.6
"Global Net-zero","Quebec","Bioenergy",2030,326.6
"Global Net-zero","Quebec","Bioenergy",2031,326.6
"Global Net-zero","Quebec","Bioenergy",2032,326.6
"Global Net-zero","Quebec","Bioenergy",2033,326.6
"Global Net-zero","Quebec","Bioenergy",2034,326.6
"Global Net-zero","Quebec","Bioenergy",2035,326.6
"Global Net-zero","Quebec","Bioenergy",2036,326.6
"Global Net-zero","Quebec","Bioenergy",2037,326.6
"Global Net-zero","Quebec","Bioenergy",2038,326.6
"Global Net-zero","Quebec","Bioenergy",2039,326.6
"Global Net-zero","Quebec","Bioenergy",2040,326.6
"Global Net-zero","Quebec","Bioenergy",2041,326.6
"Global Net-zero","Quebec","Bioenergy",2042,326.6
"Global Net-zero","Quebec","Bioenergy",2043,326.6
"Global Net-zero","Quebec","Bioenergy",2044,326.6
"Global Net-zero","Quebec","Bioenergy",2045,326.6
"Global Net-zero","Quebec","Bioenergy",2046,326.6
"Global Net-zero","Quebec","Bioenergy",2047,326.6
"Global Net-zero","Quebec","Bioenergy",2048,326.6
"Global Net-zero","Quebec","Bioenergy",2049,326.6
"Global Net-zero","Quebec","Bioenergy",2050,326.6
"Global Net-zero","Quebec","Hydro",2020,41100
"Global Net-zero","Quebec","Hydro",2021,41500
"Global Net-zero","Quebec","Hydro",2022,41500
"Global Net-zero","Quebec","Hydro",2023,41500
"Global Net-zero","Quebec","Hydro",2024,41500
"Global Net-zero","Quebec","Hydro",2025,41500
"Global Net-zero","Quebec","Hydro",2026,41900
"Global Net-zero","Quebec","Hydro",2027,42200
"Global Net-zero","Quebec","Hydro",2028,42600
"Global Net-zero","Quebec","Hydro",2029,43000
"Global Net-zero","Quebec","Hydro",2030,43400
"Global Net-zero","Quebec","Hydro",2031,43900
"Global Net-zero","Quebec","Hydro",2032,44400
"Global Net-zero","Quebec","Hydro",2033,44900
"Global Net-zero","Quebec","Hydro",2034,45500
"Global Net-zero","Quebec","Hydro",2035,46000
"Global Net-zero","Quebec","Hydro",2036,46000
"Global Net-zero","Quebec","Hydro",2037,46000
"Global Net-zero","Quebec","Hydro",2038,46000
"Global Net-zero","Quebec","Hydro",2039,46000
"Global Net-zero","Quebec","Hydro",2040,46000
"Global Net-zero","Quebec","Hydro",2041,46000
"Global Net-zero","Quebec","Hydro",2042,46000
"Global Net-zero","Quebec","Hydro",2043,46000
"Global Net-zero","Quebec","Hydro",2044,46000
"Global Net-zero","Quebec","Hydro",2045,46000
"Global Net-zero","Quebec","Hydro",2046,46000
"Global Net-zero","Quebec","Hydro",2047,46000
"Global Net-zero","Quebec","Hydro",2048,46000
"Global Net-zero","Quebec","Hydro",2049,46000
"Global Net-zero","Quebec","Hydro",2050,46000
"Global Net-zero","Quebec","Natural Gas",2020,591
"Global Net-zero","Quebec","Natural Gas",2021,591
"Global Net-zero","Quebec","Natural Gas",2022,591
"Global Net-zero","Quebec","Natural Gas",2023,591
"Global Net-zero","Quebec","Natural Gas",2024,591
"Global Net-zero","Quebec","Natural Gas",2025,560
"Global Net-zero","Quebec","Natural Gas",2026,560
"Global Net-zero","Quebec","Natural Gas",2027,560
"Global Net-zero","Quebec","Natural Gas",2028,560
"Global Net-zero","Quebec","Natural Gas",2029,560
"Global Net-zero","Quebec","Natural Gas",2030,560
"Global Net-zero","Quebec","Natural Gas",2031,560
"Global Net-zero","Quebec","Natural Gas",2032,560
"Global Net-zero","Quebec","Natural Gas",2033,560
"Global Net-zero","Quebec","Natural Gas",2034,560
"Global Net-zero","Quebec","Natural Gas",2035,0
"Global Net-zero","Quebec","Natural Gas",2036,0
"Global Net-zero","Quebec","Natural Gas",2037,0
"Global Net-zero","Quebec","Natural Gas",2038,0
"Global Net-zero","Quebec","Natural Gas",2039,0
"Global Net-zero","Quebec","Natural Gas",2040,0
"Global Net-zero","Quebec","Natural Gas",2041,0
"Global Net-zero","Quebec","Natural Gas",2042,0
"Global Net-zero","Quebec","Natural Gas",2043,0
"Global Net-zero","Quebec","Natural Gas",2044,0
"Global Net-zero","Quebec","Natural Gas",2045,0
"Global Net-zero","Quebec","Natural Gas",2046,0
"Global Net-zero","Quebec","Natural Gas",2047,0
"Global Net-zero","Quebec","Natural Gas",2048,0
"Global Net-zero","Quebec","Natural Gas",2049,0
"Global Net-zero","Quebec","Natural Gas",2050,0
"Global Net-zero","Quebec","Oil",2020,311
"Global Net-zero","Quebec","Oil",2021,311
"Global Net-zero","Quebec","Oil",2022,311
"Global Net-zero","Quebec","Oil",2023,311
"Global Net-zero","Quebec","Oil",2024,311
"Global Net-zero","Quebec","Oil",2025,311
"Global Net-zero","Quebec","Oil",2026,244
"Global Net-zero","Quebec","Oil",2027,244
"Global Net-zero","Quebec","Oil",2028,244
"Global Net-zero","Quebec","Oil",2029,244
"Global Net-zero","Quebec","Oil",2030,244
"Global Net-zero","Quebec","Oil",2031,244
"Global Net-zero","Quebec","Oil",2032,244
"Global Net-zero","Quebec","Oil",2033,244
"Global Net-zero","Quebec","Oil",2034,244
"Global Net-zero","Quebec","Oil",2035,244
"Global Net-zero","Quebec","Oil",2036,244
"Global Net-zero","Quebec","Oil",2037,244
"Global Net-zero","Quebec","Oil",2038,244
"Global Net-zero","Quebec","Oil",2039,244
"Global Net-zero","Quebec","Oil",2040,244
"Global Net-zero","Quebec","Oil",2041,244
"Global Net-zero","Quebec","Oil",2042,244
"Global Net-zero","Quebec","Oil",2043,244
"Global Net-zero","Quebec","Oil",2044,244
"Global Net-zero","Quebec","Oil",2045,244
"Global Net-zero","Quebec","Oil",2046,244
"Global Net-zero","Quebec","Oil",2047,244
"Global Net-zero","Quebec","Oil",2048,244
"Global Net-zero","Quebec","Oil",2049,244
"Global Net-zero","Quebec","Oil",2050,244
"Global Net-zero","Quebec","Onshore Wind",2020,4360
"Global Net-zero","Quebec","Onshore Wind",2021,4360
"Global Net-zero","Quebec","Onshore Wind",2022,4360
"Global Net-zero","Quebec","Onshore Wind",2023,4360
"Global Net-zero","Quebec","Onshore Wind",2024,4560
"Global Net-zero","Quebec","Onshore Wind",2025,4560
"Global Net-zero","Quebec","Onshore Wind",2026,4560
"Global Net-zero","Quebec","Onshore Wind",2027,4560
"Global Net-zero","Quebec","Onshore Wind",2028,4560
"Global Net-zero","Quebec","Onshore Wind",2029,4560
"Global Net-zero","Quebec","Onshore Wind",2030,4560
"Global Net-zero","Quebec","Onshore Wind",2031,4600
"Global Net-zero","Quebec","Onshore Wind",2032,4640
"Global Net-zero","Quebec","Onshore Wind",2033,4670
"Global Net-zero","Quebec","Onshore Wind",2034,4710
"Global Net-zero","Quebec","Onshore Wind",2035,4740
"Global Net-zero","Quebec","Onshore Wind",2036,4900
"Global Net-zero","Quebec","Onshore Wind",2037,5050
"Global Net-zero","Quebec","Onshore Wind",2038,5210
"Global Net-zero","Quebec","Onshore Wind",2039,5360
"Global Net-zero","Quebec","Onshore Wind",2040,5520
"Global Net-zero","Quebec","Onshore Wind",2041,5520
"Global Net-zero","Quebec","Onshore Wind",2042,5520
"Global Net-zero","Quebec","Onshore Wind",2043,5520
"Global Net-zero","Quebec","Onshore Wind",2044,5520
"Global Net-zero","Quebec","Onshore Wind",2045,5520
"Global Net-zero","Quebec","Onshore Wind",2046,5520
"Global Net-zero","Quebec","Onshore Wind",2047,5520
"Global Net-zero","Quebec","Onshore Wind",2048,5520
"Global Net-zero","Quebec","Onshore Wind",2049,5520
"Global Net-zero","Quebec","Onshore Wind",2050,5520
"Global Net-zero","Quebec","Solar (Distributed)",2020,20
"Global Net-zero","Quebec","Solar (Distributed)",2021,20
"Global Net-zero","Quebec","Solar (Distributed)",2022,20
"Global Net-zero","Quebec","Solar (Distributed)",2023,20
"Global Net-zero","Quebec","Solar (Distributed)",2024,20
"Global Net-zero","Quebec","Solar (Distributed)",2025,20
"Global Net-zero","Quebec","Solar (Distributed)",2026,36
"Global Net-zero","Quebec","Solar (Distributed)",2027,52
"Global Net-zero","Quebec","Solar (Distributed)",2028,68
"Global Net-zero","Quebec","Solar (Distributed)",2029,84
"Global Net-zero","Quebec","Solar (Distributed)",2030,100
"Global Net-zero","Quebec","Solar (Distributed)",2031,130
"Global Net-zero","Quebec","Solar (Distributed)",2032,160
"Global Net-zero","Quebec","Solar (Distributed)",2033,190
"Global Net-zero","Quebec","Solar (Distributed)",2034,220
"Global Net-zero","Quebec","Solar (Distributed)",2035,250
"Global Net-zero","Quebec","Solar (Distributed)",2036,280
"Global Net-zero","Quebec","Solar (Distributed)",2037,310
"Global Net-zero","Quebec","Solar (Distributed)",2038,340
"Global Net-zero","Quebec","Solar (Distributed)",2039,370
"Global Net-zero","Quebec","Solar (Distributed)",2040,400
"Global Net-zero","Quebec","Solar (Distributed)",2041,420
"Global Net-zero","Quebec","Solar (Distributed)",2042,440
"Global Net-zero","Quebec","Solar (Distributed)",2043,460
"Global Net-zero","Quebec","Solar (Distributed)",2044,480
"Global Net-zero","Quebec","Solar (Distributed)",2045,500
"Global Net-zero","Quebec","Solar (Distributed)",2046,520
"Global Net-zero","Quebec","Solar (Distributed)",2047,540
"Global Net-zero","Quebec","Solar (Distributed)",2048,560
"Global Net-zero","Quebec","Solar (Distributed)",2049,580
"Global Net-zero","Quebec","Solar (Distributed)",2050,600
"Global Net-zero","Quebec","Solar (Utility scale)",2020,0.297
"Global Net-zero","Quebec","Solar (Utility scale)",2021,0.297
"Global Net-zero","Quebec","Solar (Utility scale)",2022,0.297
"Global Net-zero","Quebec","Solar (Utility scale)",2023,0.297
"Global Net-zero","Quebec","Solar (Utility scale)",2024,0.297
"Global Net-zero","Quebec","Solar (Utility scale)",2025,0.297
"Global Net-zero","Quebec","Solar (Utility scale)",2026,0.297
"Global Net-zero","Quebec","Solar (Utility scale)",2027,0.297
"Global Net-zero","Quebec","Solar (Utility scale)",2028,0.297
"Global Net-zero","Quebec","Solar (Utility scale)",2029,0.297
"Global Net-zero","Quebec","Solar (Utility scale)",2030,0.297
"Global Net-zero","Quebec","Solar (Utility scale)",2031,36.3
"Global Net-zero","Quebec","Solar (Utility scale)",2032,72.3
"Global Net-zero","Quebec","Solar (Utility scale)",2033,108
"Global Net-zero","Quebec","Solar (Utility scale)",2034,144
"Global Net-zero","Quebec","Solar (Utility scale)",2035,180
"Global Net-zero","Quebec","Solar (Utility scale)",2036,180
"Global Net-zero","Quebec","Solar (Utility scale)",2037,180
"Global Net-zero","Quebec","Solar (Utility scale)",2038,180
"Global Net-zero","Quebec","Solar (Utility scale)",2039,180
"Global Net-zero","Quebec","Solar (Utility scale)",2040,180
"Global Net-zero","Quebec","Solar (Utility scale)",2041,240
"Global Net-zero","Quebec","Solar (Utility scale)",2042,300
"Global Net-zero","Quebec","Solar (Utility scale)",2043,360
"Global Net-zero","Quebec","Solar (Utility scale)",2044,420
"Global Net-zero","Quebec","Solar (Utility scale)",2045,480
"Global Net-zero","Quebec","Solar (Utility scale)",2046,480
"Global Net-zero","Quebec","Solar (Utility scale)",2047,480
"Global Net-zero","Quebec","Solar (Utility scale)",2048,480
"Global Net-zero","Quebec","Solar (Utility scale)",2049,480
"Global Net-zero","Quebec","Solar (Utility scale)",2050,480
"Global Net-zero","Quebec","Total",2020,46689.897
"Global Net-zero","Quebec","Total",2021,47108.897
"Global Net-zero","Quebec","Total",2022,47108.897
"Global Net-zero","Quebec","Total",2023,47108.897
"Global Net-zero","Quebec","Total",2024,47308.897
"Global Net-zero","Quebec","Total",2025,47277.897
"Global Net-zero","Quebec","Total",2026,47626.897
"Global Net-zero","Quebec","Total",2027,47942.897
"Global Net-zero","Quebec","Total",2028,48358.897
"Global Net-zero","Quebec","Total",2029,48774.897
"Global Net-zero","Quebec","Total",2030,50890.897
"Global Net-zero","Quebec","Total",2031,51496.9
"Global Net-zero","Quebec","Total",2032,52102.9
"Global Net-zero","Quebec","Total",2033,52698.6
"Global Net-zero","Quebec","Total",2034,53404.6
"Global Net-zero","Quebec","Total",2035,53440.6
"Global Net-zero","Quebec","Total",2036,53840.6
"Global Net-zero","Quebec","Total",2037,54230.6
"Global Net-zero","Quebec","Total",2038,54630.6
"Global Net-zero","Quebec","Total",2039,55020.6
"Global Net-zero","Quebec","Total",2040,55420.6
"Global Net-zero","Quebec","Total",2041,55890.6
"Global Net-zero","Quebec","Total",2042,56360.6
"Global Net-zero","Quebec","Total",2043,56830.6
"Global Net-zero","Quebec","Total",2044,57300.6
"Global Net-zero","Quebec","Total",2045,58070.6
"Global Net-zero","Quebec","Total",2046,58090.6
"Global Net-zero","Quebec","Total",2047,58110.6
"Global Net-zero","Quebec","Total",2048,58130.6
"Global Net-zero","Quebec","Total",2049,58150.6
"Global Net-zero","Quebec","Total",2050,58070.6
"Global Net-zero","Quebec","Uranium SMR",2020,0
"Global Net-zero","Quebec","Uranium SMR",2021,0
"Global Net-zero","Quebec","Uranium SMR",2022,0
"Global Net-zero","Quebec","Uranium SMR",2023,0
"Global Net-zero","Quebec","Uranium SMR",2024,0
"Global Net-zero","Quebec","Uranium SMR",2025,0
"Global Net-zero","Quebec","Uranium SMR",2026,0
"Global Net-zero","Quebec","Uranium SMR",2027,0
"Global Net-zero","Quebec","Uranium SMR",2028,0
"Global Net-zero","Quebec","Uranium SMR",2029,0
"Global Net-zero","Quebec","Uranium SMR",2030,0
"Global Net-zero","Quebec","Uranium SMR",2031,0
"Global Net-zero","Quebec","Uranium SMR",2032,0
"Global Net-zero","Quebec","Uranium SMR",2033,0
"Global Net-zero","Quebec","Uranium SMR",2034,0
"Global Net-zero","Quebec","Uranium SMR",2035,0
"Global Net-zero","Quebec","Uranium SMR",2036,210
"Global Net-zero","Quebec","Uranium SMR",2037,420
"Global Net-zero","Quebec","Uranium SMR",2038,630
"Global Net-zero","Quebec","Uranium SMR",2039,840
"Global Net-zero","Quebec","Uranium SMR",2040,1050
"Global Net-zero","Quebec","Uranium SMR",2041,1440
"Global Net-zero","Quebec","Uranium SMR",2042,1830
"Global Net-zero","Quebec","Uranium SMR",2043,2220
"Global Net-zero","Quebec","Uranium SMR",2044,2610
"Global Net-zero","Quebec","Uranium SMR",2045,3000
"Global Net-zero","Quebec","Uranium SMR",2046,3000
"Global Net-zero","Quebec","Uranium SMR",2047,3000
"Global Net-zero","Quebec","Uranium SMR",2048,3000
"Global Net-zero","Quebec","Uranium SMR",2049,3000
"Global Net-zero","Quebec","Uranium SMR",2050,3000
"Global Net-zero","Saskatchewan","Bioenergy",2020,36
"Global Net-zero","Saskatchewan","Bioenergy",2021,36
"Global Net-zero","Saskatchewan","Bioenergy",2022,36
"Global Net-zero","Saskatchewan","Bioenergy",2023,36
"Global Net-zero","Saskatchewan","Bioenergy",2024,36
"Global Net-zero","Saskatchewan","Bioenergy",2025,36
"Global Net-zero","Saskatchewan","Bioenergy",2026,36
"Global Net-zero","Saskatchewan","Bioenergy",2027,36
"Global Net-zero","Saskatchewan","Bioenergy",2028,36
"Global Net-zero","Saskatchewan","Bioenergy",2029,36
"Global Net-zero","Saskatchewan","Bioenergy",2030,36
"Global Net-zero","Saskatchewan","Bioenergy",2031,36
"Global Net-zero","Saskatchewan","Bioenergy",2032,36
"Global Net-zero","Saskatchewan","Bioenergy",2033,36
"Global Net-zero","Saskatchewan","Bioenergy",2034,36
"Global Net-zero","Saskatchewan","Bioenergy",2035,36
"Global Net-zero","Saskatchewan","Bioenergy",2036,36
"Global Net-zero","Saskatchewan","Bioenergy",2037,36
"Global Net-zero","Saskatchewan","Bioenergy",2038,36
"Global Net-zero","Saskatchewan","Bioenergy",2039,36
"Global Net-zero","Saskatchewan","Bioenergy",2040,36
"Global Net-zero","Saskatchewan","Bioenergy",2041,36
"Global Net-zero","Saskatchewan","Bioenergy",2042,36
"Global Net-zero","Saskatchewan","Bioenergy",2043,36
"Global Net-zero","Saskatchewan","Bioenergy",2044,36
"Global Net-zero","Saskatchewan","Bioenergy",2045,36
"Global Net-zero","Saskatchewan","Bioenergy",2046,36
"Global Net-zero","Saskatchewan","Bioenergy",2047,36
"Global Net-zero","Saskatchewan","Bioenergy",2048,36
"Global Net-zero","Saskatchewan","Bioenergy",2049,36
"Global Net-zero","Saskatchewan","Bioenergy",2050,36
"Global Net-zero","Saskatchewan","Bioenergy with CCUS",2020,0
"Global Net-zero","Saskatchewan","Bioenergy with CCUS",2021,0
"Global Net-zero","Saskatchewan","Bioenergy with CCUS",2022,0
"Global Net-zero","Saskatchewan","Bioenergy with CCUS",2023,0
"Global Net-zero","Saskatchewan","Bioenergy with CCUS",2024,0
"Global Net-zero","Saskatchewan","Bioenergy with CCUS",2025,0
"Global Net-zero","Saskatchewan","Bioenergy with CCUS",2026,0
"Global Net-zero","Saskatchewan","Bioenergy with CCUS",2027,0
"Global Net-zero","Saskatchewan","Bioenergy with CCUS",2028,0
"Global Net-zero","Saskatchewan","Bioenergy with CCUS",2029,0
"Global Net-zero","Saskatchewan","Bioenergy with CCUS",2030,0
"Global Net-zero","Saskatchewan","Bioenergy with CCUS",2031,111
"Global Net-zero","Saskatchewan","Bioenergy with CCUS",2032,222
"Global Net-zero","Saskatchewan","Bioenergy with CCUS",2033,333
"Global Net-zero","Saskatchewan","Bioenergy with CCUS",2034,444
"Global Net-zero","Saskatchewan","Bioenergy with CCUS",2035,556
"Global Net-zero","Saskatchewan","Bioenergy with CCUS",2036,689
"Global Net-zero","Saskatchewan","Bioenergy with CCUS",2037,822
"Global Net-zero","Saskatchewan","Bioenergy with CCUS",2038,956
"Global Net-zero","Saskatchewan","Bioenergy with CCUS",2039,1090
"Global Net-zero","Saskatchewan","Bioenergy with CCUS",2040,1220
"Global Net-zero","Saskatchewan","Bioenergy with CCUS",2041,1360
"Global Net-zero","Saskatchewan","Bioenergy with CCUS",2042,1490
"Global Net-zero","Saskatchewan","Bioenergy with CCUS",2043,1620
"Global Net-zero","Saskatchewan","Bioenergy with CCUS",2044,1760
"Global Net-zero","Saskatchewan","Bioenergy with CCUS",2045,1890
"Global Net-zero","Saskatchewan","Bioenergy with CCUS",2046,2030
"Global Net-zero","Saskatchewan","Bioenergy with CCUS",2047,2180
"Global Net-zero","Saskatchewan","Bioenergy with CCUS",2048,2320
"Global Net-zero","Saskatchewan","Bioenergy with CCUS",2049,2470
"Global Net-zero","Saskatchewan","Bioenergy with CCUS",2050,2610
"Global Net-zero","Saskatchewan","Coal and Coke",2020,1420
"Global Net-zero","Saskatchewan","Coal and Coke",2021,1420
"Global Net-zero","Saskatchewan","Coal and Coke",2022,1280
"Global Net-zero","Saskatchewan","Coal and Coke",2023,1140
"Global Net-zero","Saskatchewan","Coal and Coke",2024,1140
"Global Net-zero","Saskatchewan","Coal and Coke",2025,1140
"Global Net-zero","Saskatchewan","Coal and Coke",2026,1140
"Global Net-zero","Saskatchewan","Coal and Coke",2027,851
"Global Net-zero","Saskatchewan","Coal and Coke",2028,851
"Global Net-zero","Saskatchewan","Coal and Coke",2029,276
"Global Net-zero","Saskatchewan","Coal and Coke",2030,276
"Global Net-zero","Saskatchewan","Coal and Coke",2031,0
"Global Net-zero","Saskatchewan","Coal and Coke",2032,0
"Global Net-zero","Saskatchewan","Coal and Coke",2033,0
"Global Net-zero","Saskatchewan","Coal and Coke",2034,0
"Global Net-zero","Saskatchewan","Coal and Coke",2035,0
"Global Net-zero","Saskatchewan","Coal and Coke",2036,0
"Global Net-zero","Saskatchewan","Coal and Coke",2037,0
"Global Net-zero","Saskatchewan","Coal and Coke",2038,0
"Global Net-zero","Saskatchewan","Coal and Coke",2039,0
"Global Net-zero","Saskatchewan","Coal and Coke",2040,0
"Global Net-zero","Saskatchewan","Coal and Coke",2041,0
"Global Net-zero","Saskatchewan","Coal and Coke",2042,0
"Global Net-zero","Saskatchewan","Coal and Coke",2043,0
"Global Net-zero","Saskatchewan","Coal and Coke",2044,0
"Global Net-zero","Saskatchewan","Coal and Coke",2045,0
"Global Net-zero","Saskatchewan","Coal and Coke",2046,0
"Global Net-zero","Saskatchewan","Coal and Coke",2047,0
"Global Net-zero","Saskatchewan","Coal and Coke",2048,0
"Global Net-zero","Saskatchewan","Coal and Coke",2049,0
"Global Net-zero","Saskatchewan","Coal and Coke",2050,0
"Global Net-zero","Saskatchewan","Coal with CCUS",2020,115
"Global Net-zero","Saskatchewan","Coal with CCUS",2021,115
"Global Net-zero","Saskatchewan","Coal with CCUS",2022,115
"Global Net-zero","Saskatchewan","Coal with CCUS",2023,115
"Global Net-zero","Saskatchewan","Coal with CCUS",2024,115
"Global Net-zero","Saskatchewan","Coal with CCUS",2025,115
"Global Net-zero","Saskatchewan","Coal with CCUS",2026,115
"Global Net-zero","Saskatchewan","Coal with CCUS",2027,115
"Global Net-zero","Saskatchewan","Coal with CCUS",2028,115
"Global Net-zero","Saskatchewan","Coal with CCUS",2029,115
"Global Net-zero","Saskatchewan","Coal with CCUS",2030,115
"Global Net-zero","Saskatchewan","Coal with CCUS",2031,115
"Global Net-zero","Saskatchewan","Coal with CCUS",2032,115
"Global Net-zero","Saskatchewan","Coal with CCUS",2033,115
"Global Net-zero","Saskatchewan","Coal with CCUS",2034,115
"Global Net-zero","Saskatchewan","Coal with CCUS",2035,0
"Global Net-zero","Saskatchewan","Coal with CCUS",2036,0
"Global Net-zero","Saskatchewan","Coal with CCUS",2037,0
"Global Net-zero","Saskatchewan","Coal with CCUS",2038,0
"Global Net-zero","Saskatchewan","Coal with CCUS",2039,0
"Global Net-zero","Saskatchewan","Coal with CCUS",2040,0
"Global Net-zero","Saskatchewan","Coal with CCUS",2041,0
"Global Net-zero","Saskatchewan","Coal with CCUS",2042,0
"Global Net-zero","Saskatchewan","Coal with CCUS",2043,0
"Global Net-zero","Saskatchewan","Coal with CCUS",2044,0
"Global Net-zero","Saskatchewan","Coal with CCUS",2045,0
"Global Net-zero","Saskatchewan","Coal with CCUS",2046,0
"Global Net-zero","Saskatchewan","Coal with CCUS",2047,0
"Global Net-zero","Saskatchewan","Coal with CCUS",2048,0
"Global Net-zero","Saskatchewan","Coal with CCUS",2049,0
"Global Net-zero","Saskatchewan","Coal with CCUS",2050,0
"Global Net-zero","Saskatchewan","Hydro",2020,889
"Global Net-zero","Saskatchewan","Hydro",2021,889
"Global Net-zero","Saskatchewan","Hydro",2022,889
"Global Net-zero","Saskatchewan","Hydro",2023,889
"Global Net-zero","Saskatchewan","Hydro",2024,889
"Global Net-zero","Saskatchewan","Hydro",2025,914
"Global Net-zero","Saskatchewan","Hydro",2026,914
"Global Net-zero","Saskatchewan","Hydro",2027,914
"Global Net-zero","Saskatchewan","Hydro",2028,914
"Global Net-zero","Saskatchewan","Hydro",2029,914
"Global Net-zero","Saskatchewan","Hydro",2030,914
"Global Net-zero","Saskatchewan","Hydro",2031,914
"Global Net-zero","Saskatchewan","Hydro",2032,939
"Global Net-zero","Saskatchewan","Hydro",2033,939
"Global Net-zero","Saskatchewan","Hydro",2034,939
"Global Net-zero","Saskatchewan","Hydro",2035,939
"Global Net-zero","Saskatchewan","Hydro",2036,939
"Global Net-zero","Saskatchewan","Hydro",2037,939
"Global Net-zero","Saskatchewan","Hydro",2038,939
"Global Net-zero","Saskatchewan","Hydro",2039,939
"Global Net-zero","Saskatchewan","Hydro",2040,939
"Global Net-zero","Saskatchewan","Hydro",2041,939
"Global Net-zero","Saskatchewan","Hydro",2042,939
"Global Net-zero","Saskatchewan","Hydro",2043,939
"Global Net-zero","Saskatchewan","Hydro",2044,939
"Global Net-zero","Saskatchewan","Hydro",2045,939
"Global Net-zero","Saskatchewan","Hydro",2046,939
"Global Net-zero","Saskatchewan","Hydro",2047,939
"Global Net-zero","Saskatchewan","Hydro",2048,939
"Global Net-zero","Saskatchewan","Hydro",2049,939
"Global Net-zero","Saskatchewan","Hydro",2050,939
"Global Net-zero","Saskatchewan","Natural Gas",2020,1840
"Global Net-zero","Saskatchewan","Natural Gas",2021,1840
"Global Net-zero","Saskatchewan","Natural Gas",2022,1840
"Global Net-zero","Saskatchewan","Natural Gas",2023,1840
"Global Net-zero","Saskatchewan","Natural Gas",2024,2100
"Global Net-zero","Saskatchewan","Natural Gas",2025,2900
"Global Net-zero","Saskatchewan","Natural Gas",2026,2920
"Global Net-zero","Saskatchewan","Natural Gas",2027,2950
"Global Net-zero","Saskatchewan","Natural Gas",2028,2980
"Global Net-zero","Saskatchewan","Natural Gas",2029,3000
"Global Net-zero","Saskatchewan","Natural Gas",2030,3030
"Global Net-zero","Saskatchewan","Natural Gas",2031,3030
"Global Net-zero","Saskatchewan","Natural Gas",2032,3030
"Global Net-zero","Saskatchewan","Natural Gas",2033,3030
"Global Net-zero","Saskatchewan","Natural Gas",2034,3030
"Global Net-zero","Saskatchewan","Natural Gas",2035,1940
"Global Net-zero","Saskatchewan","Natural Gas",2036,1940
"Global Net-zero","Saskatchewan","Natural Gas",2037,1920
"Global Net-zero","Saskatchewan","Natural Gas",2038,1770
"Global Net-zero","Saskatchewan","Natural Gas",2039,1510
"Global Net-zero","Saskatchewan","Natural Gas",2040,1510
"Global Net-zero","Saskatchewan","Natural Gas",2041,1510
"Global Net-zero","Saskatchewan","Natural Gas",2042,1510
"Global Net-zero","Saskatchewan","Natural Gas",2043,1510
"Global Net-zero","Saskatchewan","Natural Gas",2044,1510
"Global Net-zero","Saskatchewan","Natural Gas",2045,1420
"Global Net-zero","Saskatchewan","Natural Gas",2046,1170
"Global Net-zero","Saskatchewan","Natural Gas",2047,1170
"Global Net-zero","Saskatchewan","Natural Gas",2048,1080
"Global Net-zero","Saskatchewan","Natural Gas",2049,1080
"Global Net-zero","Saskatchewan","Natural Gas",2050,284
"Global Net-zero","Saskatchewan","Natural Gas with CCUS",2020,0
"Global Net-zero","Saskatchewan","Natural Gas with CCUS",2021,0
"Global Net-zero","Saskatchewan","Natural Gas with CCUS",2022,0
"Global Net-zero","Saskatchewan","Natural Gas with CCUS",2023,0
"Global Net-zero","Saskatchewan","Natural Gas with CCUS",2024,0
"Global Net-zero","Saskatchewan","Natural Gas with CCUS",2025,0
"Global Net-zero","Saskatchewan","Natural Gas with CCUS",2026,111
"Global Net-zero","Saskatchewan","Natural Gas with CCUS",2027,221
"Global Net-zero","Saskatchewan","Natural Gas with CCUS",2028,332
"Global Net-zero","Saskatchewan","Natural Gas with CCUS",2029,442
"Global Net-zero","Saskatchewan","Natural Gas with CCUS",2030,553
"Global Net-zero","Saskatchewan","Natural Gas with CCUS",2031,673
"Global Net-zero","Saskatchewan","Natural Gas with CCUS",2032,793
"Global Net-zero","Saskatchewan","Natural Gas with CCUS",2033,913
"Global Net-zero","Saskatchewan","Natural Gas with CCUS",2034,1030
"Global Net-zero","Saskatchewan","Natural Gas with CCUS",2035,1150
"Global Net-zero","Saskatchewan","Natural Gas with CCUS",2036,1160
"Global Net-zero","Saskatchewan","Natural Gas with CCUS",2037,1170
"Global Net-zero","Saskatchewan","Natural Gas with CCUS",2038,1180
"Global Net-zero","Saskatchewan","Natural Gas with CCUS",2039,1200
"Global Net-zero","Saskatchewan","Natural Gas with CCUS",2040,1210
"Global Net-zero","Saskatchewan","Natural Gas with CCUS",2041,1250
"Global Net-zero","Saskatchewan","Natural Gas with CCUS",2042,1300
"Global Net-zero","Saskatchewan","Natural Gas with CCUS",2043,1350
"Global Net-zero","Saskatchewan","Natural Gas with CCUS",2044,1400
"Global Net-zero","Saskatchewan","Natural Gas with CCUS",2045,1450
"Global Net-zero","Saskatchewan","Natural Gas with CCUS",2046,1450
"Global Net-zero","Saskatchewan","Natural Gas with CCUS",2047,1450
"Global Net-zero","Saskatchewan","Natural Gas with CCUS",2048,1450
"Global Net-zero","Saskatchewan","Natural Gas with CCUS",2049,1450
"Global Net-zero","Saskatchewan","Natural Gas with CCUS",2050,1450
"Global Net-zero","Saskatchewan","Oil",2020,17
"Global Net-zero","Saskatchewan","Oil",2021,17
"Global Net-zero","Saskatchewan","Oil",2022,17
"Global Net-zero","Saskatchewan","Oil",2023,17
"Global Net-zero","Saskatchewan","Oil",2024,17
"Global Net-zero","Saskatchewan","Oil",2025,17
"Global Net-zero","Saskatchewan","Oil",2026,17
"Global Net-zero","Saskatchewan","Oil",2027,17
"Global Net-zero","Saskatchewan","Oil",2028,17
"Global Net-zero","Saskatchewan","Oil",2029,17
"Global Net-zero","Saskatchewan","Oil",2030,17
"Global Net-zero","Saskatchewan","Oil",2031,17
"Global Net-zero","Saskatchewan","Oil",2032,17
"Global Net-zero","Saskatchewan","Oil",2033,17
"Global Net-zero","Saskatchewan","Oil",2034,17
"Global Net-zero","Saskatchewan","Oil",2035,17
"Global Net-zero","Saskatchewan","Oil",2036,17
"Global Net-zero","Saskatchewan","Oil",2037,17
"Global Net-zero","Saskatchewan","Oil",2038,17
"Global Net-zero","Saskatchewan","Oil",2039,17
"Global Net-zero","Saskatchewan","Oil",2040,17
"Global Net-zero","Saskatchewan","Oil",2041,17
"Global Net-zero","Saskatchewan","Oil",2042,17
"Global Net-zero","Saskatchewan","Oil",2043,17
"Global Net-zero","Saskatchewan","Oil",2044,17
"Global Net-zero","Saskatchewan","Oil",2045,17
"Global Net-zero","Saskatchewan","Oil",2046,17
"Global Net-zero","Saskatchewan","Oil",2047,17
"Global Net-zero","Saskatchewan","Oil",2048,17
"Global Net-zero","Saskatchewan","Oil",2049,17
"Global Net-zero","Saskatchewan","Oil",2050,17
"Global Net-zero","Saskatchewan","Onshore Wind",2020,221
"Global Net-zero","Saskatchewan","Onshore Wind",2021,221
"Global Net-zero","Saskatchewan","Onshore Wind",2022,221
"Global Net-zero","Saskatchewan","Onshore Wind",2023,221
"Global Net-zero","Saskatchewan","Onshore Wind",2024,1690
"Global Net-zero","Saskatchewan","Onshore Wind",2025,1790
"Global Net-zero","Saskatchewan","Onshore Wind",2026,1960
"Global Net-zero","Saskatchewan","Onshore Wind",2027,2120
"Global Net-zero","Saskatchewan","Onshore Wind",2028,2290
"Global Net-zero","Saskatchewan","Onshore Wind",2029,2460
"Global Net-zero","Saskatchewan","Onshore Wind",2030,2620
"Global Net-zero","Saskatchewan","Onshore Wind",2031,2790
"Global Net-zero","Saskatchewan","Onshore Wind",2032,2960
"Global Net-zero","Saskatchewan","Onshore Wind",2033,3130
"Global Net-zero","Saskatchewan","Onshore Wind",2034,3390
"Global Net-zero","Saskatchewan","Onshore Wind",2035,3560
"Global Net-zero","Saskatchewan","Onshore Wind",2036,3560
"Global Net-zero","Saskatchewan","Onshore Wind",2037,3560
"Global Net-zero","Saskatchewan","Onshore Wind",2038,3660
"Global Net-zero","Saskatchewan","Onshore Wind",2039,3660
"Global Net-zero","Saskatchewan","Onshore Wind",2040,3660
"Global Net-zero","Saskatchewan","Onshore Wind",2041,3780
"Global Net-zero","Saskatchewan","Onshore Wind",2042,3890
"Global Net-zero","Saskatchewan","Onshore Wind",2043,4010
"Global Net-zero","Saskatchewan","Onshore Wind",2044,4120
"Global Net-zero","Saskatchewan","Onshore Wind",2045,4240
"Global Net-zero","Saskatchewan","Onshore Wind",2046,4240
"Global Net-zero","Saskatchewan","Onshore Wind",2047,4240
"Global Net-zero","Saskatchewan","Onshore Wind",2048,4240
"Global Net-zero","Saskatchewan","Onshore Wind",2049,4240
"Global Net-zero","Saskatchewan","Onshore Wind",2050,4240
"Global Net-zero","Saskatchewan","Solar (Distributed)",2020,20
"Global Net-zero","Saskatchewan","Solar (Distributed)",2021,20
"Global Net-zero","Saskatchewan","Solar (Distributed)",2022,20
"Global Net-zero","Saskatchewan","Solar (Distributed)",2023,20
"Global Net-zero","Saskatchewan","Solar (Distributed)",2024,20
"Global Net-zero","Saskatchewan","Solar (Distributed)",2025,20
"Global Net-zero","Saskatchewan","Solar (Distributed)",2026,36
"Global Net-zero","Saskatchewan","Solar (Distributed)",2027,52
"Global Net-zero","Saskatchewan","Solar (Distributed)",2028,68
"Global Net-zero","Saskatchewan","Solar (Distributed)",2029,84
"Global Net-zero","Saskatchewan","Solar (Distributed)",2030,100
"Global Net-zero","Saskatchewan","Solar (Distributed)",2031,110
"Global Net-zero","Saskatchewan","Solar (Distributed)",2032,120
"Global Net-zero","Saskatchewan","Solar (Distributed)",2033,130
"Global Net-zero","Saskatchewan","Solar (Distributed)",2034,140
"Global Net-zero","Saskatchewan","Solar (Distributed)",2035,150
"Global Net-zero","Saskatchewan","Solar (Distributed)",2036,160
"Global Net-zero","Saskatchewan","Solar (Distributed)",2037,170
"Global Net-zero","Saskatchewan","Solar (Distributed)",2038,180
"Global Net-zero","Saskatchewan","Solar (Distributed)",2039,190
"Global Net-zero","Saskatchewan","Solar (Distributed)",2040,200
"Global Net-zero","Saskatchewan","Solar (Distributed)",2041,218.0753979
"Global Net-zero","Saskatchewan","Solar (Distributed)",2042,236.1507957
"Global Net-zero","Saskatchewan","Solar (Distributed)",2043,254.2261936
"Global Net-zero","Saskatchewan","Solar (Distributed)",2044,272.3015915
"Global Net-zero","Saskatchewan","Solar (Distributed)",2045,290.3769894
"Global Net-zero","Saskatchewan","Solar (Distributed)",2046,308.4523872
"Global Net-zero","Saskatchewan","Solar (Distributed)",2047,326.5277851
"Global Net-zero","Saskatchewan","Solar (Distributed)",2048,344.603183
"Global Net-zero","Saskatchewan","Solar (Distributed)",2049,362.6785808
"Global Net-zero","Saskatchewan","Solar (Distributed)",2050,380.7539787
"Global Net-zero","Saskatchewan","Solar (Utility scale)",2020,64
"Global Net-zero","Saskatchewan","Solar (Utility scale)",2021,64
"Global Net-zero","Saskatchewan","Solar (Utility scale)",2022,64
"Global Net-zero","Saskatchewan","Solar (Utility scale)",2023,64
"Global Net-zero","Saskatchewan","Solar (Utility scale)",2024,64
"Global Net-zero","Saskatchewan","Solar (Utility scale)",2025,64
"Global Net-zero","Saskatchewan","Solar (Utility scale)",2026,64
"Global Net-zero","Saskatchewan","Solar (Utility scale)",2027,64
"Global Net-zero","Saskatchewan","Solar (Utility scale)",2028,64
"Global Net-zero","Saskatchewan","Solar (Utility scale)",2029,64
"Global Net-zero","Saskatchewan","Solar (Utility scale)",2030,96
"Global Net-zero","Saskatchewan","Solar (Utility scale)",2031,220
"Global Net-zero","Saskatchewan","Solar (Utility scale)",2032,345
"Global Net-zero","Saskatchewan","Solar (Utility scale)",2033,469
"Global Net-zero","Saskatchewan","Solar (Utility scale)",2034,594
"Global Net-zero","Saskatchewan","Solar (Utility scale)",2035,718
"Global Net-zero","Saskatchewan","Solar (Utility scale)",2036,718
"Global Net-zero","Saskatchewan","Solar (Utility scale)",2037,718
"Global Net-zero","Saskatchewan","Solar (Utility scale)",2038,718
"Global Net-zero","Saskatchewan","Solar (Utility scale)",2039,718
"Global Net-zero","Saskatchewan","Solar (Utility scale)",2040,718
"Global Net-zero","Saskatchewan","Solar (Utility scale)",2041,745
"Global Net-zero","Saskatchewan","Solar (Utility scale)",2042,772
"Global Net-zero","Saskatchewan","Solar (Utility scale)",2043,799
"Global Net-zero","Saskatchewan","Solar (Utility scale)",2044,826
"Global Net-zero","Saskatchewan","Solar (Utility scale)",2045,853
"Global Net-zero","Saskatchewan","Solar (Utility scale)",2046,853
"Global Net-zero","Saskatchewan","Solar (Utility scale)",2047,853
"Global Net-zero","Saskatchewan","Solar (Utility scale)",2048,853
"Global Net-zero","Saskatchewan","Solar (Utility scale)",2049,853
"Global Net-zero","Saskatchewan","Solar (Utility scale)",2050,853
"Global Net-zero","Saskatchewan","Total",2020,4622
"Global Net-zero","Saskatchewan","Total",2021,4622
"Global Net-zero","Saskatchewan","Total",2022,4482
"Global Net-zero","Saskatchewan","Total",2023,4342
"Global Net-zero","Saskatchewan","Total",2024,6071
"Global Net-zero","Saskatchewan","Total",2025,6996
"Global Net-zero","Saskatchewan","Total",2026,7313
"Global Net-zero","Saskatchewan","Total",2027,7340
"Global Net-zero","Saskatchewan","Total",2028,7667
"Global Net-zero","Saskatchewan","Total",2029,7408
"Global Net-zero","Saskatchewan","Total",2030,7757
"Global Net-zero","Saskatchewan","Total",2031,8157
"Global Net-zero","Saskatchewan","Total",2032,8859
"Global Net-zero","Saskatchewan","Total",2033,9535
"Global Net-zero","Saskatchewan","Total",2034,10299
"Global Net-zero","Saskatchewan","Total",2035,9771
"Global Net-zero","Saskatchewan","Total",2036,9990
"Global Net-zero","Saskatchewan","Total",2037,10188
"Global Net-zero","Saskatchewan","Total",2038,10357
"Global Net-zero","Saskatchewan","Total",2039,10326
"Global Net-zero","Saskatchewan","Total",2040,10540
"Global Net-zero","Saskatchewan","Total",2041,10885.0753979
"Global Net-zero","Saskatchewan","Total",2042,11220.1507957
"Global Net-zero","Saskatchewan","Total",2043,11565.2261936
"Global Net-zero","Saskatchewan","Total",2044,11910.3015915
"Global Net-zero","Saskatchewan","Total",2045,12165.3769894
"Global Net-zero","Saskatchewan","Total",2046,12073.4523871999
"Global Net-zero","Saskatchewan","Total",2047,12241.5277851
"Global Net-zero","Saskatchewan","Total",2048,12309.603183
"Global Net-zero","Saskatchewan","Total",2049,12477.6785808
"Global Net-zero","Saskatchewan","Total",2050,11839.7539787
"Global Net-zero","Saskatchewan","Uranium SMR",2020,0
"Global Net-zero","Saskatchewan","Uranium SMR",2021,0
"Global Net-zero","Saskatchewan","Uranium SMR",2022,0
"Global Net-zero","Saskatchewan","Uranium SMR",2023,0
"Global Net-zero","Saskatchewan","Uranium SMR",2024,0
"Global Net-zero","Saskatchewan","Uranium SMR",2025,0
"Global Net-zero","Saskatchewan","Uranium SMR",2026,0
"Global Net-zero","Saskatchewan","Uranium SMR",2027,0
"Global Net-zero","Saskatchewan","Uranium SMR",2028,0
"Global Net-zero","Saskatchewan","Uranium SMR",2029,0
"Global Net-zero","Saskatchewan","Uranium SMR",2030,0
"Global Net-zero","Saskatchewan","Uranium SMR",2031,141
"Global Net-zero","Saskatchewan","Uranium SMR",2032,282
"Global Net-zero","Saskatchewan","Uranium SMR",2033,423
"Global Net-zero","Saskatchewan","Uranium SMR",2034,564
"Global Net-zero","Saskatchewan","Uranium SMR",2035,705
"Global Net-zero","Saskatchewan","Uranium SMR",2036,771
"Global Net-zero","Saskatchewan","Uranium SMR",2037,836
"Global Net-zero","Saskatchewan","Uranium SMR",2038,901
"Global Net-zero","Saskatchewan","Uranium SMR",2039,966
"Global Net-zero","Saskatchewan","Uranium SMR",2040,1030
"Global Net-zero","Saskatchewan","Uranium SMR",2041,1030
"Global Net-zero","Saskatchewan","Uranium SMR",2042,1030
"Global Net-zero","Saskatchewan","Uranium SMR",2043,1030
"Global Net-zero","Saskatchewan","Uranium SMR",2044,1030
"Global Net-zero","Saskatchewan","Uranium SMR",2045,1030
"Global Net-zero","Saskatchewan","Uranium SMR",2046,1030
"Global Net-zero","Saskatchewan","Uranium SMR",2047,1030
"Global Net-zero","Saskatchewan","Uranium SMR",2048,1030
"Global Net-zero","Saskatchewan","Uranium SMR",2049,1030
"Global Net-zero","Saskatchewan","Uranium SMR",2050,1030
"Global Net-zero","Yukon","Battery Storage",2020,0
"Global Net-zero","Yukon","Battery Storage",2021,0
"Global Net-zero","Yukon","Battery Storage",2022,0
"Global Net-zero","Yukon","Battery Storage",2023,0
"Global Net-zero","Yukon","Battery Storage",2024,0
"Global Net-zero","Yukon","Battery Storage",2025,3.1
"Global Net-zero","Yukon","Battery Storage",2026,3.1
"Global Net-zero","Yukon","Battery Storage",2027,3.1
"Global Net-zero","Yukon","Battery Storage",2028,3.1
"Global Net-zero","Yukon","Battery Storage",2029,3.1
"Global Net-zero","Yukon","Battery Storage",2030,3.1
"Global Net-zero","Yukon","Battery Storage",2031,3.1
"Global Net-zero","Yukon","Battery Storage",2032,3.1
"Global Net-zero","Yukon","Battery Storage",2033,3.1
"Global Net-zero","Yukon","Battery Storage",2034,3.1
"Global Net-zero","Yukon","Battery Storage",2035,3.1
"Global Net-zero","Yukon","Battery Storage",2036,3.1
"Global Net-zero","Yukon","Battery Storage",2037,3.1
"Global Net-zero","Yukon","Battery Storage",2038,3.1
"Global Net-zero","Yukon","Battery Storage",2039,3.1
"Global Net-zero","Yukon","Battery Storage",2040,3.1
"Global Net-zero","Yukon","Battery Storage",2041,3.1
"Global Net-zero","Yukon","Battery Storage",2042,3.1
"Global Net-zero","Yukon","Battery Storage",2043,3.1
"Global Net-zero","Yukon","Battery Storage",2044,3.1
"Global Net-zero","Yukon","Battery Storage",2045,0
"Global Net-zero","Yukon","Battery Storage",2046,0
"Global Net-zero","Yukon","Battery Storage",2047,0
"Global Net-zero","Yukon","Battery Storage",2048,0
"Global Net-zero","Yukon","Battery Storage",2049,0
"Global Net-zero","Yukon","Battery Storage",2050,0
"Global Net-zero","Yukon","Bioenergy",2020,0.5
"Global Net-zero","Yukon","Bioenergy",2021,0.5
"Global Net-zero","Yukon","Bioenergy",2022,0.5
"Global Net-zero","Yukon","Bioenergy",2023,0.5
"Global Net-zero","Yukon","Bioenergy",2024,0.5
"Global Net-zero","Yukon","Bioenergy",2025,40.6
"Global Net-zero","Yukon","Bioenergy",2026,40.6
"Global Net-zero","Yukon","Bioenergy",2027,40.6
"Global Net-zero","Yukon","Bioenergy",2028,40.6
"Global Net-zero","Yukon","Bioenergy",2029,40.6
"Global Net-zero","Yukon","Bioenergy",2030,40.6
"Global Net-zero","Yukon","Bioenergy",2031,40.6
"Global Net-zero","Yukon","Bioenergy",2032,40.6
"Global Net-zero","Yukon","Bioenergy",2033,40.6
"Global Net-zero","Yukon","Bioenergy",2034,40.6
"Global Net-zero","Yukon","Bioenergy",2035,40.6
"Global Net-zero","Yukon","Bioenergy",2036,40.6
"Global Net-zero","Yukon","Bioenergy",2037,40.6
"Global Net-zero","Yukon","Bioenergy",2038,40.6
"Global Net-zero","Yukon","Bioenergy",2039,40.6
"Global Net-zero","Yukon","Bioenergy",2040,40.6
"Global Net-zero","Yukon","Bioenergy",2041,40.6
"Global Net-zero","Yukon","Bioenergy",2042,40.6
"Global Net-zero","Yukon","Bioenergy",2043,40.6
"Global Net-zero","Yukon","Bioenergy",2044,40.6
"Global Net-zero","Yukon","Bioenergy",2045,40.6
"Global Net-zero","Yukon","Bioenergy",2046,40.6
"Global Net-zero","Yukon","Bioenergy",2047,40.6
"Global Net-zero","Yukon","Bioenergy",2048,40.6
"Global Net-zero","Yukon","Bioenergy",2049,40.6
"Global Net-zero","Yukon","Bioenergy",2050,40.6
"Global Net-zero","Yukon","Hydro",2020,94.5
"Global Net-zero","Yukon","Hydro",2021,94.5
"Global Net-zero","Yukon","Hydro",2022,99.5
"Global Net-zero","Yukon","Hydro",2023,99.5
"Global Net-zero","Yukon","Hydro",2024,99.5
"Global Net-zero","Yukon","Hydro",2025,99.5
"Global Net-zero","Yukon","Hydro",2026,99.5
"Global Net-zero","Yukon","Hydro",2027,99.5
"Global Net-zero","Yukon","Hydro",2028,99.5
"Global Net-zero","Yukon","Hydro",2029,104
"Global Net-zero","Yukon","Hydro",2030,104
"Global Net-zero","Yukon","Hydro",2031,104
"Global Net-zero","Yukon","Hydro",2032,104
"Global Net-zero","Yukon","Hydro",2033,104
"Global Net-zero","Yukon","Hydro",2034,104
"Global Net-zero","Yukon","Hydro",2035,104
"Global Net-zero","Yukon","Hydro",2036,104
"Global Net-zero","Yukon","Hydro",2037,104
"Global Net-zero","Yukon","Hydro",2038,104
"Global Net-zero","Yukon","Hydro",2039,104
"Global Net-zero","Yukon","Hydro",2040,104
"Global Net-zero","Yukon","Hydro",2041,104
"Global Net-zero","Yukon","Hydro",2042,104
"Global Net-zero","Yukon","Hydro",2043,104
"Global Net-zero","Yukon","Hydro",2044,104
"Global Net-zero","Yukon","Hydro",2045,104
"Global Net-zero","Yukon","Hydro",2046,104
"Global Net-zero","Yukon","Hydro",2047,104
"Global Net-zero","Yukon","Hydro",2048,104
"Global Net-zero","Yukon","Hydro",2049,104
"Global Net-zero","Yukon","Hydro",2050,104
"Global Net-zero","Yukon","Natural Gas",2020,19.8
"Global Net-zero","Yukon","Natural Gas",2021,19.8
"Global Net-zero","Yukon","Natural Gas",2022,19.8
"Global Net-zero","Yukon","Natural Gas",2023,19.8
"Global Net-zero","Yukon","Natural Gas",2024,19.8
"Global Net-zero","Yukon","Natural Gas",2025,19.8
"Global Net-zero","Yukon","Natural Gas",2026,19.8
"Global Net-zero","Yukon","Natural Gas",2027,19.8
"Global Net-zero","Yukon","Natural Gas",2028,19.8
"Global Net-zero","Yukon","Natural Gas",2029,19.8
"Global Net-zero","Yukon","Natural Gas",2030,19.8
"Global Net-zero","Yukon","Natural Gas",2031,19.8
"Global Net-zero","Yukon","Natural Gas",2032,19.8
"Global Net-zero","Yukon","Natural Gas",2033,19.8
"Global Net-zero","Yukon","Natural Gas",2034,19.8
"Global Net-zero","Yukon","Natural Gas",2035,19.8
"Global Net-zero","Yukon","Natural Gas",2036,19.8
"Global Net-zero","Yukon","Natural Gas",2037,19.8
"Global Net-zero","Yukon","Natural Gas",2038,19.8
"Global Net-zero","Yukon","Natural Gas",2039,19.8
"Global Net-zero","Yukon","Natural Gas",2040,19.8
"Global Net-zero","Yukon","Natural Gas",2041,19.8
"Global Net-zero","Yukon","Natural Gas",2042,19.8
"Global Net-zero","Yukon","Natural Gas",2043,19.8
"Global Net-zero","Yukon","Natural Gas",2044,19.8
"Global Net-zero","Yukon","Natural Gas",2045,19.8
"Global Net-zero","Yukon","Natural Gas",2046,19.8
"Global Net-zero","Yukon","Natural Gas",2047,19.8
"Global Net-zero","Yukon","Natural Gas",2048,19.8
"Global Net-zero","Yukon","Natural Gas",2049,19.8
"Global Net-zero","Yukon","Natural Gas",2050,19.8
"Global Net-zero","Yukon","Oil",2020,24.6
"Global Net-zero","Yukon","Oil",2021,24.6
"Global Net-zero","Yukon","Oil",2022,24.6
"Global Net-zero","Yukon","Oil",2023,24.6
"Global Net-zero","Yukon","Oil",2024,24.6
"Global Net-zero","Yukon","Oil",2025,34.6
"Global Net-zero","Yukon","Oil",2026,21.6
"Global Net-zero","Yukon","Oil",2027,18.6
"Global Net-zero","Yukon","Oil",2028,18.6
"Global Net-zero","Yukon","Oil",2029,18.6
"Global Net-zero","Yukon","Oil",2030,18.6
"Global Net-zero","Yukon","Oil",2031,23.6
"Global Net-zero","Yukon","Oil",2032,23.6
"Global Net-zero","Yukon","Oil",2033,23.6
"Global Net-zero","Yukon","Oil",2034,23.6
"Global Net-zero","Yukon","Oil",2035,23.6
"Global Net-zero","Yukon","Oil",2036,23.6
"Global Net-zero","Yukon","Oil",2037,23.6
"Global Net-zero","Yukon","Oil",2038,23.6
"Global Net-zero","Yukon","Oil",2039,23.6
"Global Net-zero","Yukon","Oil",2040,23.6
"Global Net-zero","Yukon","Oil",2041,23.6
"Global Net-zero","Yukon","Oil",2042,23.6
"Global Net-zero","Yukon","Oil",2043,23.6
"Global Net-zero","Yukon","Oil",2044,23.6
"Global Net-zero","Yukon","Oil",2045,23.6
"Global Net-zero","Yukon","Oil",2046,23.6
"Global Net-zero","Yukon","Oil",2047,23.6
"Global Net-zero","Yukon","Oil",2048,23.6
"Global Net-zero","Yukon","Oil",2049,23.6
"Global Net-zero","Yukon","Oil",2050,23.6
"Global Net-zero","Yukon","Onshore Wind",2020,0.81
"Global Net-zero","Yukon","Onshore Wind",2021,0.81
"Global Net-zero","Yukon","Onshore Wind",2022,0.81
"Global Net-zero","Yukon","Onshore Wind",2023,0.81
"Global Net-zero","Yukon","Onshore Wind",2024,0.81
"Global Net-zero","Yukon","Onshore Wind",2025,7.81
"Global Net-zero","Yukon","Onshore Wind",2026,7.81
"Global Net-zero","Yukon","Onshore Wind",2027,7.81
"Global Net-zero","Yukon","Onshore Wind",2028,7.81
"Global Net-zero","Yukon","Onshore Wind",2029,7.81
"Global Net-zero","Yukon","Onshore Wind",2030,11
"Global Net-zero","Yukon","Onshore Wind",2031,11
"Global Net-zero","Yukon","Onshore Wind",2032,11
"Global Net-zero","Yukon","Onshore Wind",2033,11
"Global Net-zero","Yukon","Onshore Wind",2034,11
"Global Net-zero","Yukon","Onshore Wind",2035,18.8
"Global Net-zero","Yukon","Onshore Wind",2036,18.8
"Global Net-zero","Yukon","Onshore Wind",2037,18.8
"Global Net-zero","Yukon","Onshore Wind",2038,18.8
"Global Net-zero","Yukon","Onshore Wind",2039,18.8
"Global Net-zero","Yukon","Onshore Wind",2040,37.1
"Global Net-zero","Yukon","Onshore Wind",2041,37.1
"Global Net-zero","Yukon","Onshore Wind",2042,37.1
"Global Net-zero","Yukon","Onshore Wind",2043,37.1
"Global Net-zero","Yukon","Onshore Wind",2044,37.1
"Global Net-zero","Yukon","Onshore Wind",2045,37.1
"Global Net-zero","Yukon","Onshore Wind",2046,37.1
"Global Net-zero","Yukon","Onshore Wind",2047,37.1
"Global Net-zero","Yukon","Onshore Wind",2048,37.1
"Global Net-zero","Yukon","Onshore Wind",2049,37.1
"Global Net-zero","Yukon","Onshore Wind",2050,37.1
"Global Net-zero","Yukon","Solar (Distributed)",2020,0.05
"Global Net-zero","Yukon","Solar (Distributed)",2021,0.164964992
"Global Net-zero","Yukon","Solar (Distributed)",2022,0.279929983
"Global Net-zero","Yukon","Solar (Distributed)",2023,0.394894975
"Global Net-zero","Yukon","Solar (Distributed)",2024,0.509859967
"Global Net-zero","Yukon","Solar (Distributed)",2025,0.624824959
"Global Net-zero","Yukon","Solar (Distributed)",2026,0.73978995
"Global Net-zero","Yukon","Solar (Distributed)",2027,0.854754942
"Global Net-zero","Yukon","Solar (Distributed)",2028,0.969719934
"Global Net-zero","Yukon","Solar (Distributed)",2029,1.084684925
"Global Net-zero","Yukon","Solar (Distributed)",2030,1.199649917
"Global Net-zero","Yukon","Solar (Distributed)",2031,1.177038787
"Global Net-zero","Yukon","Solar (Distributed)",2032,1.154427658
"Global Net-zero","Yukon","Solar (Distributed)",2033,1.131816528
"Global Net-zero","Yukon","Solar (Distributed)",2034,1.109205398
"Global Net-zero","Yukon","Solar (Distributed)",2035,1.086594269
"Global Net-zero","Yukon","Solar (Distributed)",2036,1.063983139
"Global Net-zero","Yukon","Solar (Distributed)",2037,1.041372009
"Global Net-zero","Yukon","Solar (Distributed)",2038,1.018760879
"Global Net-zero","Yukon","Solar (Distributed)",2039,0.99614975
"Global Net-zero","Yukon","Solar (Distributed)",2040,0.97353862
"Global Net-zero","Yukon","Solar (Distributed)",2041,0.960597892
"Global Net-zero","Yukon","Solar (Distributed)",2042,0.947657163
"Global Net-zero","Yukon","Solar (Distributed)",2043,0.934716435
"Global Net-zero","Yukon","Solar (Distributed)",2044,0.921775706
"Global Net-zero","Yukon","Solar (Distributed)",2045,0.908834978
"Global Net-zero","Yukon","Solar (Distributed)",2046,0.89589425
"Global Net-zero","Yukon","Solar (Distributed)",2047,0.882953521
"Global Net-zero","Yukon","Solar (Distributed)",2048,0.870012793
"Global Net-zero","Yukon","Solar (Distributed)",2049,0.857072064
"Global Net-zero","Yukon","Solar (Distributed)",2050,0.844131336
"Global Net-zero","Yukon","Solar (Utility scale)",2020,0.044
"Global Net-zero","Yukon","Solar (Utility scale)",2021,0.044
"Global Net-zero","Yukon","Solar (Utility scale)",2022,0.044
"Global Net-zero","Yukon","Solar (Utility scale)",2023,0.044
"Global Net-zero","Yukon","Solar (Utility scale)",2024,0.044
"Global Net-zero","Yukon","Solar (Utility scale)",2025,1.04
"Global Net-zero","Yukon","Solar (Utility scale)",2026,1.04
"Global Net-zero","Yukon","Solar (Utility scale)",2027,1.04
"Global Net-zero","Yukon","Solar (Utility scale)",2028,1.04
"Global Net-zero","Yukon","Solar (Utility scale)",2029,1.04
"Global Net-zero","Yukon","Solar (Utility scale)",2030,2.04
"Global Net-zero","Yukon","Solar (Utility scale)",2031,2.04
"Global Net-zero","Yukon","Solar (Utility scale)",2032,2.04
"Global Net-zero","Yukon","Solar (Utility scale)",2033,2.04
"Global Net-zero","Yukon","Solar (Utility scale)",2034,2.04
"Global Net-zero","Yukon","Solar (Utility scale)",2035,40
"Global Net-zero","Yukon","Solar (Utility scale)",2036,40
"Global Net-zero","Yukon","Solar (Utility scale)",2037,40
"Global Net-zero","Yukon","Solar (Utility scale)",2038,40
"Global Net-zero","Yukon","Solar (Utility scale)",2039,40
"Global Net-zero","Yukon","Solar (Utility scale)",2040,40
"Global Net-zero","Yukon","Solar (Utility scale)",2041,40
"Global Net-zero","Yukon","Solar (Utility scale)",2042,40
"Global Net-zero","Yukon","Solar (Utility scale)",2043,40
"Global Net-zero","Yukon","Solar (Utility scale)",2044,40
"Global Net-zero","Yukon","Solar (Utility scale)",2045,40
"Global Net-zero","Yukon","Solar (Utility scale)",2046,40
"Global Net-zero","Yukon","Solar (Utility scale)",2047,40
"Global Net-zero","Yukon","Solar (Utility scale)",2048,40
"Global Net-zero","Yukon","Solar (Utility scale)",2049,40
"Global Net-zero","Yukon","Solar (Utility scale)",2050,39
"Global Net-zero","Yukon","Total",2020,140.304
"Global Net-zero","Yukon","Total",2021,140.418964992
"Global Net-zero","Yukon","Total",2022,145.533929983
"Global Net-zero","Yukon","Total",2023,145.648894975
"Global Net-zero","Yukon","Total",2024,145.763859967
"Global Net-zero","Yukon","Total",2025,207.074824959
"Global Net-zero","Yukon","Total",2026,194.18978995
"Global Net-zero","Yukon","Total",2027,191.304754942
"Global Net-zero","Yukon","Total",2028,191.419719934
"Global Net-zero","Yukon","Total",2029,196.034684925
"Global Net-zero","Yukon","Total",2030,200.339649917
"Global Net-zero","Yukon","Total",2031,205.317038787
"Global Net-zero","Yukon","Total",2032,205.294427658
"Global Net-zero","Yukon","Total",2033,205.271816528
"Global Net-zero","Yukon","Total",2034,205.249205398
"Global Net-zero","Yukon","Total",2035,250.986594269
"Global Net-zero","Yukon","Total",2036,250.963983139
"Global Net-zero","Yukon","Total",2037,250.941372009
"Global Net-zero","Yukon","Total",2038,250.918760879
"Global Net-zero","Yukon","Total",2039,250.89614975
"Global Net-zero","Yukon","Total",2040,269.17353862
"Global Net-zero","Yukon","Total",2041,269.160597892
"Global Net-zero","Yukon","Total",2042,269.147657163
"Global Net-zero","Yukon","Total",2043,269.134716435
"Global Net-zero","Yukon","Total",2044,269.121775706
"Global Net-zero","Yukon","Total",2045,266.008834978
"Global Net-zero","Yukon","Total",2046,265.99589425
"Global Net-zero","Yukon","Total",2047,265.982953521
"Global Net-zero","Yukon","Total",2048,265.970012793
"Global Net-zero","Yukon","Total",2049,265.957072064
"Global Net-zero","Yukon","Total",2050,264.944131336
