"Scenario","Region","Variable","Year","Value"
"Canada Net-zero","Alberta","Interprovincial In-Flows",2005,1740.06
"Canada Net-zero","Alberta","Interprovincial In-Flows",2006,2025.42
"Canada Net-zero","Alberta","Interprovincial In-Flows",2007,1781.5
"Canada Net-zero","Alberta","Interprovincial In-Flows",2008,2298.93
"Canada Net-zero","Alberta","Interprovincial In-Flows",2009,4449.73
"Canada Net-zero","Alberta","Interprovincial In-Flows",2010,5024.25
"Canada Net-zero","Alberta","Interprovincial In-Flows",2011,9094.89
"Canada Net-zero","Alberta","Interprovincial In-Flows",2012,6585.95
"Canada Net-zero","Alberta","Interprovincial In-Flows",2013,4398.96
"Canada Net-zero","Alberta","Interprovincial In-Flows",2014,1368.56
"Canada Net-zero","Alberta","Interprovincial In-Flows",2015,1056.758
"Canada Net-zero","Alberta","Interprovincial In-Flows",2016,1298.568
"Canada Net-zero","Alberta","Interprovincial In-Flows",2017,1286.289
"Canada Net-zero","Alberta","Interprovincial In-Flows",2018,2274.671
"Canada Net-zero","Alberta","Interprovincial In-Flows",2019,909.5008
"Canada Net-zero","Alberta","Interprovincial In-Flows",2020,5483.165
"Canada Net-zero","Alberta","Interprovincial In-Flows",2021,4867.463
"Canada Net-zero","Alberta","Interprovincial In-Flows",2022,3365.95983117575
"Canada Net-zero","Alberta","Interprovincial In-Flows",2023,1481.27571337661
"Canada Net-zero","Alberta","Interprovincial In-Flows",2024,1901.27108938254
"Canada Net-zero","Alberta","Interprovincial In-Flows",2025,1659.40029835285
"Canada Net-zero","Alberta","Interprovincial In-Flows",2026,1451.76311656751
"Canada Net-zero","Alberta","Interprovincial In-Flows",2027,1428.35716080102
"Canada Net-zero","Alberta","Interprovincial In-Flows",2028,996.420033247341
"Canada Net-zero","Alberta","Interprovincial In-Flows",2029,857.279262877532
"Canada Net-zero","Alberta","Interprovincial In-Flows",2030,853.584431239327
"Canada Net-zero","Alberta","Interprovincial In-Flows",2031,1059.41075649208
"Canada Net-zero","Alberta","Interprovincial In-Flows",2032,1339.20156814893
"Canada Net-zero","Alberta","Interprovincial In-Flows",2033,1896.10380416785
"Canada Net-zero","Alberta","Interprovincial In-Flows",2034,2411.76427747993
"Canada Net-zero","Alberta","Interprovincial In-Flows",2035,7758.41971949159
"Canada Net-zero","Alberta","Interprovincial In-Flows",2036,7867.59651638737
"Canada Net-zero","Alberta","Interprovincial In-Flows",2037,7749.7018008306
"Canada Net-zero","Alberta","Interprovincial In-Flows",2038,7743.6321622997
"Canada Net-zero","Alberta","Interprovincial In-Flows",2039,7633.3961153096
"Canada Net-zero","Alberta","Interprovincial In-Flows",2040,7425.99458479458
"Canada Net-zero","Alberta","Interprovincial In-Flows",2041,7550.41235014903
"Canada Net-zero","Alberta","Interprovincial In-Flows",2042,7628.21411760057
"Canada Net-zero","Alberta","Interprovincial In-Flows",2043,7809.87317216296
"Canada Net-zero","Alberta","Interprovincial In-Flows",2044,8001.13922301079
"Canada Net-zero","Alberta","Interprovincial In-Flows",2045,8434.29221812708
"Canada Net-zero","Alberta","Interprovincial In-Flows",2046,8485.68722838444
"Canada Net-zero","Alberta","Interprovincial In-Flows",2047,8497.26533882179
"Canada Net-zero","Alberta","Interprovincial In-Flows",2048,8538.08509407782
"Canada Net-zero","Alberta","Interprovincial In-Flows",2049,8598.78012735389
"Canada Net-zero","Alberta","Interprovincial In-Flows",2050,8741.59276858762
"Canada Net-zero","British Columbia","Interprovincial In-Flows",2005,953
"Canada Net-zero","British Columbia","Interprovincial In-Flows",2006,421
"Canada Net-zero","British Columbia","Interprovincial In-Flows",2007,1101
"Canada Net-zero","British Columbia","Interprovincial In-Flows",2008,439
"Canada Net-zero","British Columbia","Interprovincial In-Flows",2009,602
"Canada Net-zero","British Columbia","Interprovincial In-Flows",2010,467
"Canada Net-zero","British Columbia","Interprovincial In-Flows",2011,410
"Canada Net-zero","British Columbia","Interprovincial In-Flows",2012,1678
"Canada Net-zero","British Columbia","Interprovincial In-Flows",2013,1864
"Canada Net-zero","British Columbia","Interprovincial In-Flows",2014,384.16
"Canada Net-zero","British Columbia","Interprovincial In-Flows",2015,630.582
"Canada Net-zero","British Columbia","Interprovincial In-Flows",2016,0
"Canada Net-zero","British Columbia","Interprovincial In-Flows",2017,0
"Canada Net-zero","British Columbia","Interprovincial In-Flows",2018,441.579
"Canada Net-zero","British Columbia","Interprovincial In-Flows",2019,201.5676
"Canada Net-zero","British Columbia","Interprovincial In-Flows",2020,918.003
"Canada Net-zero","British Columbia","Interprovincial In-Flows",2021,1409.3
"Canada Net-zero","British Columbia","Interprovincial In-Flows",2022,3405.7838682669
"Canada Net-zero","British Columbia","Interprovincial In-Flows",2023,4879.2177516675
"Canada Net-zero","British Columbia","Interprovincial In-Flows",2024,5591.43083740241
"Canada Net-zero","British Columbia","Interprovincial In-Flows",2025,5577.13545329986
"Canada Net-zero","British Columbia","Interprovincial In-Flows",2026,5850.76911582504
"Canada Net-zero","British Columbia","Interprovincial In-Flows",2027,5866.81221572312
"Canada Net-zero","British Columbia","Interprovincial In-Flows",2028,6653.70276257315
"Canada Net-zero","British Columbia","Interprovincial In-Flows",2029,6838.52105648461
"Canada Net-zero","British Columbia","Interprovincial In-Flows",2030,7103.88342406732
"Canada Net-zero","British Columbia","Interprovincial In-Flows",2031,6337.21816101616
"Canada Net-zero","British Columbia","Interprovincial In-Flows",2032,6121.64394482579
"Canada Net-zero","British Columbia","Interprovincial In-Flows",2033,5618.86913313633
"Canada Net-zero","British Columbia","Interprovincial In-Flows",2034,5120.25461408059
"Canada Net-zero","British Columbia","Interprovincial In-Flows",2035,11388.9912320898
"Canada Net-zero","British Columbia","Interprovincial In-Flows",2036,11389.8205062822
"Canada Net-zero","British Columbia","Interprovincial In-Flows",2037,11655.8410385987
"Canada Net-zero","British Columbia","Interprovincial In-Flows",2038,11965.6887081897
"Canada Net-zero","British Columbia","Interprovincial In-Flows",2039,12344.8258645964
"Canada Net-zero","British Columbia","Interprovincial In-Flows",2040,12569.7706691665
"Canada Net-zero","British Columbia","Interprovincial In-Flows",2041,12478.4061092711
"Canada Net-zero","British Columbia","Interprovincial In-Flows",2042,12183.7445063156
"Canada Net-zero","British Columbia","Interprovincial In-Flows",2043,11857.1383747238
"Canada Net-zero","British Columbia","Interprovincial In-Flows",2044,11788.6777128607
"Canada Net-zero","British Columbia","Interprovincial In-Flows",2045,11423.1299613481
"Canada Net-zero","British Columbia","Interprovincial In-Flows",2046,11353.4257489003
"Canada Net-zero","British Columbia","Interprovincial In-Flows",2047,11359.4485673371
"Canada Net-zero","British Columbia","Interprovincial In-Flows",2048,11345.5477952839
"Canada Net-zero","British Columbia","Interprovincial In-Flows",2049,11308.2750802927
"Canada Net-zero","British Columbia","Interprovincial In-Flows",2050,11336.5123486996
"Canada Net-zero","Canada","Interprovincial In-Flows",2005,47302.96
"Canada Net-zero","Canada","Interprovincial In-Flows",2006,47099.68
"Canada Net-zero","Canada","Interprovincial In-Flows",2007,46149.38
"Canada Net-zero","Canada","Interprovincial In-Flows",2008,47999.26
"Canada Net-zero","Canada","Interprovincial In-Flows",2009,45240.37
"Canada Net-zero","Canada","Interprovincial In-Flows",2010,52316.89
"Canada Net-zero","Canada","Interprovincial In-Flows",2011,54500.26
"Canada Net-zero","Canada","Interprovincial In-Flows",2012,54648.3
"Canada Net-zero","Canada","Interprovincial In-Flows",2013,57773.2
"Canada Net-zero","Canada","Interprovincial In-Flows",2014,43214.46
"Canada Net-zero","Canada","Interprovincial In-Flows",2015,50026.326
"Canada Net-zero","Canada","Interprovincial In-Flows",2016,41370.49
"Canada Net-zero","Canada","Interprovincial In-Flows",2017,39973.71
"Canada Net-zero","Canada","Interprovincial In-Flows",2018,50361.7
"Canada Net-zero","Canada","Interprovincial In-Flows",2019,50825.56
"Canada Net-zero","Canada","Interprovincial In-Flows",2020,50520.6743085883
"Canada Net-zero","Canada","Interprovincial In-Flows",2021,56900.1186565702
"Canada Net-zero","Canada","Interprovincial In-Flows",2022,65158.0372328659
"Canada Net-zero","Canada","Interprovincial In-Flows",2023,63186.1443604093
"Canada Net-zero","Canada","Interprovincial In-Flows",2024,64336.7329365431
"Canada Net-zero","Canada","Interprovincial In-Flows",2025,63925.4391962601
"Canada Net-zero","Canada","Interprovincial In-Flows",2026,63395.6765644896
"Canada Net-zero","Canada","Interprovincial In-Flows",2027,64331.5334913964
"Canada Net-zero","Canada","Interprovincial In-Flows",2028,68277.4331117119
"Canada Net-zero","Canada","Interprovincial In-Flows",2029,69839.7134477556
"Canada Net-zero","Canada","Interprovincial In-Flows",2030,71145.7885251117
"Canada Net-zero","Canada","Interprovincial In-Flows",2031,69921.1330244939
"Canada Net-zero","Canada","Interprovincial In-Flows",2032,70294.4418313386
"Canada Net-zero","Canada","Interprovincial In-Flows",2033,71118.0551653461
"Canada Net-zero","Canada","Interprovincial In-Flows",2034,71442.4699293947
"Canada Net-zero","Canada","Interprovincial In-Flows",2035,108253.786243575
"Canada Net-zero","Canada","Interprovincial In-Flows",2036,107490.924806476
"Canada Net-zero","Canada","Interprovincial In-Flows",2037,107121.220247153
"Canada Net-zero","Canada","Interprovincial In-Flows",2038,106889.037000204
"Canada Net-zero","Canada","Interprovincial In-Flows",2039,106881.895764426
"Canada Net-zero","Canada","Interprovincial In-Flows",2040,106321.201212863
"Canada Net-zero","Canada","Interprovincial In-Flows",2041,105595.432790781
"Canada Net-zero","Canada","Interprovincial In-Flows",2042,106950.744996438
"Canada Net-zero","Canada","Interprovincial In-Flows",2043,106495.457398187
"Canada Net-zero","Canada","Interprovincial In-Flows",2044,104050.140464338
"Canada Net-zero","Canada","Interprovincial In-Flows",2045,103425.980993876
"Canada Net-zero","Canada","Interprovincial In-Flows",2046,102717.385418744
"Canada Net-zero","Canada","Interprovincial In-Flows",2047,102025.953696832
"Canada Net-zero","Canada","Interprovincial In-Flows",2048,101396.339023131
"Canada Net-zero","Canada","Interprovincial In-Flows",2049,100954.683991298
"Canada Net-zero","Canada","Interprovincial In-Flows",2050,100925.26278642
"Canada Net-zero","Manitoba","Interprovincial In-Flows",2005,65.91
"Canada Net-zero","Manitoba","Interprovincial In-Flows",2006,302.47
"Canada Net-zero","Manitoba","Interprovincial In-Flows",2007,173.57
"Canada Net-zero","Manitoba","Interprovincial In-Flows",2008,172.8
"Canada Net-zero","Manitoba","Interprovincial In-Flows",2009,136.2
"Canada Net-zero","Manitoba","Interprovincial In-Flows",2010,37.05
"Canada Net-zero","Manitoba","Interprovincial In-Flows",2011,19.05
"Canada Net-zero","Manitoba","Interprovincial In-Flows",2012,47.04
"Canada Net-zero","Manitoba","Interprovincial In-Flows",2013,92.65
"Canada Net-zero","Manitoba","Interprovincial In-Flows",2014,198.69
"Canada Net-zero","Manitoba","Interprovincial In-Flows",2015,789
"Canada Net-zero","Manitoba","Interprovincial In-Flows",2016,1095.761
"Canada Net-zero","Manitoba","Interprovincial In-Flows",2017,1194.336
"Canada Net-zero","Manitoba","Interprovincial In-Flows",2018,39.604
"Canada Net-zero","Manitoba","Interprovincial In-Flows",2019,0
"Canada Net-zero","Manitoba","Interprovincial In-Flows",2020,0.428
"Canada Net-zero","Manitoba","Interprovincial In-Flows",2021,8.264
"Canada Net-zero","Manitoba","Interprovincial In-Flows",2022,557.506031626389
"Canada Net-zero","Manitoba","Interprovincial In-Flows",2023,537.13304835622
"Canada Net-zero","Manitoba","Interprovincial In-Flows",2024,498.856666066355
"Canada Net-zero","Manitoba","Interprovincial In-Flows",2025,634.673690441307
"Canada Net-zero","Manitoba","Interprovincial In-Flows",2026,492.966387472355
"Canada Net-zero","Manitoba","Interprovincial In-Flows",2027,431.792275311336
"Canada Net-zero","Manitoba","Interprovincial In-Flows",2028,325.130538867237
"Canada Net-zero","Manitoba","Interprovincial In-Flows",2029,274.774866555478
"Canada Net-zero","Manitoba","Interprovincial In-Flows",2030,150.649564828728
"Canada Net-zero","Manitoba","Interprovincial In-Flows",2031,195.54933076541
"Canada Net-zero","Manitoba","Interprovincial In-Flows",2032,188.799013936568
"Canada Net-zero","Manitoba","Interprovincial In-Flows",2033,225.585161616233
"Canada Net-zero","Manitoba","Interprovincial In-Flows",2034,279.993500376403
"Canada Net-zero","Manitoba","Interprovincial In-Flows",2035,4298.14413481101
"Canada Net-zero","Manitoba","Interprovincial In-Flows",2036,4365.14438359395
"Canada Net-zero","Manitoba","Interprovincial In-Flows",2037,4439.15985064065
"Canada Net-zero","Manitoba","Interprovincial In-Flows",2038,4497.64774760892
"Canada Net-zero","Manitoba","Interprovincial In-Flows",2039,4566.4329666496
"Canada Net-zero","Manitoba","Interprovincial In-Flows",2040,4584.30833169445
"Canada Net-zero","Manitoba","Interprovincial In-Flows",2041,4612.7178065669
"Canada Net-zero","Manitoba","Interprovincial In-Flows",2042,4695.61976087465
"Canada Net-zero","Manitoba","Interprovincial In-Flows",2043,4801.63530191061
"Canada Net-zero","Manitoba","Interprovincial In-Flows",2044,4975.25718914381
"Canada Net-zero","Manitoba","Interprovincial In-Flows",2045,5086.53612233387
"Canada Net-zero","Manitoba","Interprovincial In-Flows",2046,5253.4309066896
"Canada Net-zero","Manitoba","Interprovincial In-Flows",2047,5428.92836544675
"Canada Net-zero","Manitoba","Interprovincial In-Flows",2048,5592.82990234359
"Canada Net-zero","Manitoba","Interprovincial In-Flows",2049,5702.43611160661
"Canada Net-zero","Manitoba","Interprovincial In-Flows",2050,5867.44266092413
"Canada Net-zero","New Brunswick","Interprovincial In-Flows",2005,83.15
"Canada Net-zero","New Brunswick","Interprovincial In-Flows",2006,171.94
"Canada Net-zero","New Brunswick","Interprovincial In-Flows",2007,1466.01
"Canada Net-zero","New Brunswick","Interprovincial In-Flows",2008,1779.26
"Canada Net-zero","New Brunswick","Interprovincial In-Flows",2009,3403.79
"Canada Net-zero","New Brunswick","Interprovincial In-Flows",2010,4648.9
"Canada Net-zero","New Brunswick","Interprovincial In-Flows",2011,4470.48
"Canada Net-zero","New Brunswick","Interprovincial In-Flows",2012,5305.98
"Canada Net-zero","New Brunswick","Interprovincial In-Flows",2013,3164.59
"Canada Net-zero","New Brunswick","Interprovincial In-Flows",2014,1802.4
"Canada Net-zero","New Brunswick","Interprovincial In-Flows",2015,6342.609
"Canada Net-zero","New Brunswick","Interprovincial In-Flows",2016,3847.729
"Canada Net-zero","New Brunswick","Interprovincial In-Flows",2017,3992.165
"Canada Net-zero","New Brunswick","Interprovincial In-Flows",2018,2943.688
"Canada Net-zero","New Brunswick","Interprovincial In-Flows",2019,1074.651
"Canada Net-zero","New Brunswick","Interprovincial In-Flows",2020,4762.013
"Canada Net-zero","New Brunswick","Interprovincial In-Flows",2021,5102.333
"Canada Net-zero","New Brunswick","Interprovincial In-Flows",2022,6362.63255851102
"Canada Net-zero","New Brunswick","Interprovincial In-Flows",2023,5490.31533252836
"Canada Net-zero","New Brunswick","Interprovincial In-Flows",2024,5603.76622209964
"Canada Net-zero","New Brunswick","Interprovincial In-Flows",2025,6530.20261577708
"Canada Net-zero","New Brunswick","Interprovincial In-Flows",2026,6106.69744207526
"Canada Net-zero","New Brunswick","Interprovincial In-Flows",2027,6428.28466885151
"Canada Net-zero","New Brunswick","Interprovincial In-Flows",2028,7781.11568359568
"Canada Net-zero","New Brunswick","Interprovincial In-Flows",2029,8713.29796717117
"Canada Net-zero","New Brunswick","Interprovincial In-Flows",2030,9471.73707559972
"Canada Net-zero","New Brunswick","Interprovincial In-Flows",2031,8537.25117869495
"Canada Net-zero","New Brunswick","Interprovincial In-Flows",2032,7956.08651310968
"Canada Net-zero","New Brunswick","Interprovincial In-Flows",2033,7733.29521883801
"Canada Net-zero","New Brunswick","Interprovincial In-Flows",2034,7323.56271549867
"Canada Net-zero","New Brunswick","Interprovincial In-Flows",2035,6531.82770695093
"Canada Net-zero","New Brunswick","Interprovincial In-Flows",2036,6280.40873516631
"Canada Net-zero","New Brunswick","Interprovincial In-Flows",2037,6011.7544245082
"Canada Net-zero","New Brunswick","Interprovincial In-Flows",2038,5766.2825732105
"Canada Net-zero","New Brunswick","Interprovincial In-Flows",2039,5834.52767529008
"Canada Net-zero","New Brunswick","Interprovincial In-Flows",2040,5674.21179665304
"Canada Net-zero","New Brunswick","Interprovincial In-Flows",2041,5272.27257249084
"Canada Net-zero","New Brunswick","Interprovincial In-Flows",2042,8684.93573124979
"Canada Net-zero","New Brunswick","Interprovincial In-Flows",2043,8890.41639638173
"Canada Net-zero","New Brunswick","Interprovincial In-Flows",2044,6341.6479972903
"Canada Net-zero","New Brunswick","Interprovincial In-Flows",2045,6489.21995128274
"Canada Net-zero","New Brunswick","Interprovincial In-Flows",2046,6521.83756731182
"Canada Net-zero","New Brunswick","Interprovincial In-Flows",2047,6565.41647118141
"Canada Net-zero","New Brunswick","Interprovincial In-Flows",2048,6600.31873387744
"Canada Net-zero","New Brunswick","Interprovincial In-Flows",2049,6563.21843108755
"Canada Net-zero","New Brunswick","Interprovincial In-Flows",2050,6507.73345066171
"Canada Net-zero","Newfoundland and Labrador","Interprovincial In-Flows",2005,15.69
"Canada Net-zero","Newfoundland and Labrador","Interprovincial In-Flows",2006,15.66
"Canada Net-zero","Newfoundland and Labrador","Interprovincial In-Flows",2007,16.95
"Canada Net-zero","Newfoundland and Labrador","Interprovincial In-Flows",2008,17.11
"Canada Net-zero","Newfoundland and Labrador","Interprovincial In-Flows",2009,19.6
"Canada Net-zero","Newfoundland and Labrador","Interprovincial In-Flows",2010,21.33
"Canada Net-zero","Newfoundland and Labrador","Interprovincial In-Flows",2011,22.66
"Canada Net-zero","Newfoundland and Labrador","Interprovincial In-Flows",2012,22.03
"Canada Net-zero","Newfoundland and Labrador","Interprovincial In-Flows",2013,23.05
"Canada Net-zero","Newfoundland and Labrador","Interprovincial In-Flows",2014,22.48
"Canada Net-zero","Newfoundland and Labrador","Interprovincial In-Flows",2015,24.579
"Canada Net-zero","Newfoundland and Labrador","Interprovincial In-Flows",2016,0
"Canada Net-zero","Newfoundland and Labrador","Interprovincial In-Flows",2017,0
"Canada Net-zero","Newfoundland and Labrador","Interprovincial In-Flows",2018,0
"Canada Net-zero","Newfoundland and Labrador","Interprovincial In-Flows",2019,0
"Canada Net-zero","Newfoundland and Labrador","Interprovincial In-Flows",2020,205.241
"Canada Net-zero","Newfoundland and Labrador","Interprovincial In-Flows",2021,36.261
"Canada Net-zero","Newfoundland and Labrador","Interprovincial In-Flows",2022,17.737998357457
"Canada Net-zero","Newfoundland and Labrador","Interprovincial In-Flows",2023,17.3254960062573
"Canada Net-zero","Newfoundland and Labrador","Interprovincial In-Flows",2024,27.0258801584679
"Canada Net-zero","Newfoundland and Labrador","Interprovincial In-Flows",2025,0.3995438472756
"Canada Net-zero","Newfoundland and Labrador","Interprovincial In-Flows",2026,2.3910407542316
"Canada Net-zero","Newfoundland and Labrador","Interprovincial In-Flows",2027,4.24860231159601
"Canada Net-zero","Newfoundland and Labrador","Interprovincial In-Flows",2028,3.7561223052983
"Canada Net-zero","Newfoundland and Labrador","Interprovincial In-Flows",2029,3.03924941368173
"Canada Net-zero","Newfoundland and Labrador","Interprovincial In-Flows",2030,4.01194519939157
"Canada Net-zero","Newfoundland and Labrador","Interprovincial In-Flows",2031,90.2895086039016
"Canada Net-zero","Newfoundland and Labrador","Interprovincial In-Flows",2032,414.89531001753
"Canada Net-zero","Newfoundland and Labrador","Interprovincial In-Flows",2033,957.67858629124
"Canada Net-zero","Newfoundland and Labrador","Interprovincial In-Flows",2034,1392.92538172402
"Canada Net-zero","Newfoundland and Labrador","Interprovincial In-Flows",2035,1810.9028631066
"Canada Net-zero","Newfoundland and Labrador","Interprovincial In-Flows",2036,1673.32813109983
"Canada Net-zero","Newfoundland and Labrador","Interprovincial In-Flows",2037,1582.23763323714
"Canada Net-zero","Newfoundland and Labrador","Interprovincial In-Flows",2038,1481.73140013628
"Canada Net-zero","Newfoundland and Labrador","Interprovincial In-Flows",2039,1339.67552027554
"Canada Net-zero","Newfoundland and Labrador","Interprovincial In-Flows",2040,1267.12728959763
"Canada Net-zero","Newfoundland and Labrador","Interprovincial In-Flows",2041,1250.08375823307
"Canada Net-zero","Newfoundland and Labrador","Interprovincial In-Flows",2042,860.797925308902
"Canada Net-zero","Newfoundland and Labrador","Interprovincial In-Flows",2043,759.456852093775
"Canada Net-zero","Newfoundland and Labrador","Interprovincial In-Flows",2044,817.319948039389
"Canada Net-zero","Newfoundland and Labrador","Interprovincial In-Flows",2045,711.497910451104
"Canada Net-zero","Newfoundland and Labrador","Interprovincial In-Flows",2046,676.579618953862
"Canada Net-zero","Newfoundland and Labrador","Interprovincial In-Flows",2047,636.376189495945
"Canada Net-zero","Newfoundland and Labrador","Interprovincial In-Flows",2048,591.98523373197
"Canada Net-zero","Newfoundland and Labrador","Interprovincial In-Flows",2049,567.674764701049
"Canada Net-zero","Newfoundland and Labrador","Interprovincial In-Flows",2050,526.372529910959
"Canada Net-zero","Nova Scotia","Interprovincial In-Flows",2005,185.86
"Canada Net-zero","Nova Scotia","Interprovincial In-Flows",2006,106.31
"Canada Net-zero","Nova Scotia","Interprovincial In-Flows",2007,280.6
"Canada Net-zero","Nova Scotia","Interprovincial In-Flows",2008,300.22
"Canada Net-zero","Nova Scotia","Interprovincial In-Flows",2009,299.26
"Canada Net-zero","Nova Scotia","Interprovincial In-Flows",2010,265.11
"Canada Net-zero","Nova Scotia","Interprovincial In-Flows",2011,381.83
"Canada Net-zero","Nova Scotia","Interprovincial In-Flows",2012,178.68
"Canada Net-zero","Nova Scotia","Interprovincial In-Flows",2013,559.51
"Canada Net-zero","Nova Scotia","Interprovincial In-Flows",2014,230.31
"Canada Net-zero","Nova Scotia","Interprovincial In-Flows",2015,623.468
"Canada Net-zero","Nova Scotia","Interprovincial In-Flows",2016,1132.515
"Canada Net-zero","Nova Scotia","Interprovincial In-Flows",2017,1224.524
"Canada Net-zero","Nova Scotia","Interprovincial In-Flows",2018,526.513
"Canada Net-zero","Nova Scotia","Interprovincial In-Flows",2019,3416.4
"Canada Net-zero","Nova Scotia","Interprovincial In-Flows",2020,633.126
"Canada Net-zero","Nova Scotia","Interprovincial In-Flows",2021,1006.642
"Canada Net-zero","Nova Scotia","Interprovincial In-Flows",2022,4459.0825576638
"Canada Net-zero","Nova Scotia","Interprovincial In-Flows",2023,4501.9400690505
"Canada Net-zero","Nova Scotia","Interprovincial In-Flows",2024,4617.67519739456
"Canada Net-zero","Nova Scotia","Interprovincial In-Flows",2025,5301.30819992633
"Canada Net-zero","Nova Scotia","Interprovincial In-Flows",2026,4576.83768526139
"Canada Net-zero","Nova Scotia","Interprovincial In-Flows",2027,4316.14377089409
"Canada Net-zero","Nova Scotia","Interprovincial In-Flows",2028,4179.30215073912
"Canada Net-zero","Nova Scotia","Interprovincial In-Flows",2029,4051.39391094102
"Canada Net-zero","Nova Scotia","Interprovincial In-Flows",2030,4099.09139126196
"Canada Net-zero","Nova Scotia","Interprovincial In-Flows",2031,3431.2320895293
"Canada Net-zero","Nova Scotia","Interprovincial In-Flows",2032,2786.3461042266
"Canada Net-zero","Nova Scotia","Interprovincial In-Flows",2033,2364.74626968588
"Canada Net-zero","Nova Scotia","Interprovincial In-Flows",2034,2064.35408050146
"Canada Net-zero","Nova Scotia","Interprovincial In-Flows",2035,1865.60209459815
"Canada Net-zero","Nova Scotia","Interprovincial In-Flows",2036,1908.07597470338
"Canada Net-zero","Nova Scotia","Interprovincial In-Flows",2037,1971.09653958198
"Canada Net-zero","Nova Scotia","Interprovincial In-Flows",2038,2041.0952633225
"Canada Net-zero","Nova Scotia","Interprovincial In-Flows",2039,2115.50648165295
"Canada Net-zero","Nova Scotia","Interprovincial In-Flows",2040,2178.66122573778
"Canada Net-zero","Nova Scotia","Interprovincial In-Flows",2041,2238.62137934997
"Canada Net-zero","Nova Scotia","Interprovincial In-Flows",2042,2548.38249138031
"Canada Net-zero","Nova Scotia","Interprovincial In-Flows",2043,2663.68420384269
"Canada Net-zero","Nova Scotia","Interprovincial In-Flows",2044,2679.87364951202
"Canada Net-zero","Nova Scotia","Interprovincial In-Flows",2045,2807.84323897312
"Canada Net-zero","Nova Scotia","Interprovincial In-Flows",2046,2845.05291952337
"Canada Net-zero","Nova Scotia","Interprovincial In-Flows",2047,2880.1027816929
"Canada Net-zero","Nova Scotia","Interprovincial In-Flows",2048,2920.07075355173
"Canada Net-zero","Nova Scotia","Interprovincial In-Flows",2049,2982.46559801816
"Canada Net-zero","Nova Scotia","Interprovincial In-Flows",2050,3074.64184980339
"Canada Net-zero","Ontario","Interprovincial In-Flows",2005,5795
"Canada Net-zero","Ontario","Interprovincial In-Flows",2006,4889
"Canada Net-zero","Ontario","Interprovincial In-Flows",2007,4198
"Canada Net-zero","Ontario","Interprovincial In-Flows",2008,3639
"Canada Net-zero","Ontario","Interprovincial In-Flows",2009,5483
"Canada Net-zero","Ontario","Interprovincial In-Flows",2010,3929
"Canada Net-zero","Ontario","Interprovincial In-Flows",2011,4165
"Canada Net-zero","Ontario","Interprovincial In-Flows",2012,5026
"Canada Net-zero","Ontario","Interprovincial In-Flows",2013,6056
"Canada Net-zero","Ontario","Interprovincial In-Flows",2014,3900.14
"Canada Net-zero","Ontario","Interprovincial In-Flows",2015,5839.745
"Canada Net-zero","Ontario","Interprovincial In-Flows",2016,824.7177
"Canada Net-zero","Ontario","Interprovincial In-Flows",2017,770.796
"Canada Net-zero","Ontario","Interprovincial In-Flows",2018,8528.492
"Canada Net-zero","Ontario","Interprovincial In-Flows",2019,5978.7
"Canada Net-zero","Ontario","Interprovincial In-Flows",2020,6087.786
"Canada Net-zero","Ontario","Interprovincial In-Flows",2021,9120.345
"Canada Net-zero","Ontario","Interprovincial In-Flows",2022,2459.50918025299
"Canada Net-zero","Ontario","Interprovincial In-Flows",2023,2968.20077760722
"Canada Net-zero","Ontario","Interprovincial In-Flows",2024,3158.39076582809
"Canada Net-zero","Ontario","Interprovincial In-Flows",2025,8229.87857818029
"Canada Net-zero","Ontario","Interprovincial In-Flows",2026,11314.1222693718
"Canada Net-zero","Ontario","Interprovincial In-Flows",2027,13010.1176571191
"Canada Net-zero","Ontario","Interprovincial In-Flows",2028,15478.7393862862
"Canada Net-zero","Ontario","Interprovincial In-Flows",2029,16011.8887398906
"Canada Net-zero","Ontario","Interprovincial In-Flows",2030,16283.1219837529
"Canada Net-zero","Ontario","Interprovincial In-Flows",2031,16093.7704731559
"Canada Net-zero","Ontario","Interprovincial In-Flows",2032,16450.2875947994
"Canada Net-zero","Ontario","Interprovincial In-Flows",2033,16328.6008033977
"Canada Net-zero","Ontario","Interprovincial In-Flows",2034,16310.6804077864
"Canada Net-zero","Ontario","Interprovincial In-Flows",2035,26373.7745582028
"Canada Net-zero","Ontario","Interprovincial In-Flows",2036,26426.019634562
"Canada Net-zero","Ontario","Interprovincial In-Flows",2037,26754.7754816405
"Canada Net-zero","Ontario","Interprovincial In-Flows",2038,27066.1124190535
"Canada Net-zero","Ontario","Interprovincial In-Flows",2039,27174.5544418693
"Canada Net-zero","Ontario","Interprovincial In-Flows",2040,27214.7800568933
"Canada Net-zero","Ontario","Interprovincial In-Flows",2041,26648.8246667862
"Canada Net-zero","Ontario","Interprovincial In-Flows",2042,24067.4508136572
"Canada Net-zero","Ontario","Interprovincial In-Flows",2043,23022.6975763092
"Canada Net-zero","Ontario","Interprovincial In-Flows",2044,23026.6020267609
"Canada Net-zero","Ontario","Interprovincial In-Flows",2045,21788.1440562971
"Canada Net-zero","Ontario","Interprovincial In-Flows",2046,20538.6163457078
"Canada Net-zero","Ontario","Interprovincial In-Flows",2047,19316.1702777708
"Canada Net-zero","Ontario","Interprovincial In-Flows",2048,18226.0067545749
"Canada Net-zero","Ontario","Interprovincial In-Flows",2049,17349.1765603473
"Canada Net-zero","Ontario","Interprovincial In-Flows",2050,16637.340170776
"Canada Net-zero","Prince Edward Island","Interprovincial In-Flows",2005,1151.69
"Canada Net-zero","Prince Edward Island","Interprovincial In-Flows",2006,1262.82
"Canada Net-zero","Prince Edward Island","Interprovincial In-Flows",2007,1160.94
"Canada Net-zero","Prince Edward Island","Interprovincial In-Flows",2008,1080.57
"Canada Net-zero","Prince Edward Island","Interprovincial In-Flows",2009,1047.6
"Canada Net-zero","Prince Edward Island","Interprovincial In-Flows",2010,1013.1
"Canada Net-zero","Prince Edward Island","Interprovincial In-Flows",2011,1014.3
"Canada Net-zero","Prince Edward Island","Interprovincial In-Flows",2012,1045.4
"Canada Net-zero","Prince Edward Island","Interprovincial In-Flows",2013,1093.5
"Canada Net-zero","Prince Edward Island","Interprovincial In-Flows",2014,831.05
"Canada Net-zero","Prince Edward Island","Interprovincial In-Flows",2015,1061.212
"Canada Net-zero","Prince Edward Island","Interprovincial In-Flows",2016,1667.57
"Canada Net-zero","Prince Edward Island","Interprovincial In-Flows",2017,1645.563
"Canada Net-zero","Prince Edward Island","Interprovincial In-Flows",2018,1130.801
"Canada Net-zero","Prince Edward Island","Interprovincial In-Flows",2019,1054.366
"Canada Net-zero","Prince Edward Island","Interprovincial In-Flows",2020,932.297308588299
"Canada Net-zero","Prince Edward Island","Interprovincial In-Flows",2021,848.183656570253
"Canada Net-zero","Prince Edward Island","Interprovincial In-Flows",2022,923.577356827399
"Canada Net-zero","Prince Edward Island","Interprovincial In-Flows",2023,941.740885081
"Canada Net-zero","Prince Edward Island","Interprovincial In-Flows",2024,960.6721355982
"Canada Net-zero","Prince Edward Island","Interprovincial In-Flows",2025,785.107077731999
"Canada Net-zero","Prince Edward Island","Interprovincial In-Flows",2026,779.114279789999
"Canada Net-zero","Prince Edward Island","Interprovincial In-Flows",2027,778.110006038999
"Canada Net-zero","Prince Edward Island","Interprovincial In-Flows",2028,786.969962226
"Canada Net-zero","Prince Edward Island","Interprovincial In-Flows",2029,798.360506939
"Canada Net-zero","Prince Edward Island","Interprovincial In-Flows",2030,813.921412087999
"Canada Net-zero","Prince Edward Island","Interprovincial In-Flows",2031,858.96551186606
"Canada Net-zero","Prince Edward Island","Interprovincial In-Flows",2032,906.80681625127
"Canada Net-zero","Prince Edward Island","Interprovincial In-Flows",2033,955.742537158665
"Canada Net-zero","Prince Edward Island","Interprovincial In-Flows",2034,996.11653123769
"Canada Net-zero","Prince Edward Island","Interprovincial In-Flows",2035,675.81801229726
"Canada Net-zero","Prince Edward Island","Interprovincial In-Flows",2036,617.166297012649
"Canada Net-zero","Prince Edward Island","Interprovincial In-Flows",2037,571.912540976842
"Canada Net-zero","Prince Edward Island","Interprovincial In-Flows",2038,529.368947399463
"Canada Net-zero","Prince Edward Island","Interprovincial In-Flows",2039,473.186977315995
"Canada Net-zero","Prince Edward Island","Interprovincial In-Flows",2040,449.389722554411
"Canada Net-zero","Prince Edward Island","Interprovincial In-Flows",2041,466.171051686209
"Canada Net-zero","Prince Edward Island","Interprovincial In-Flows",2042,374.516854582714
"Canada Net-zero","Prince Edward Island","Interprovincial In-Flows",2043,363.053183899225
"Canada Net-zero","Prince Edward Island","Interprovincial In-Flows",2044,408.165175831181
"Canada Net-zero","Prince Edward Island","Interprovincial In-Flows",2045,409.77893609193
"Canada Net-zero","Prince Edward Island","Interprovincial In-Flows",2046,432.900026298312
"Canada Net-zero","Prince Edward Island","Interprovincial In-Flows",2047,466.42284140525
"Canada Net-zero","Prince Edward Island","Interprovincial In-Flows",2048,501.010810472005
"Canada Net-zero","Prince Edward Island","Interprovincial In-Flows",2049,554.611632044101
"Canada Net-zero","Prince Edward Island","Interprovincial In-Flows",2050,468.980031870228
"Canada Net-zero","Quebec","Interprovincial In-Flows",2005,36787
"Canada Net-zero","Quebec","Interprovincial In-Flows",2006,37303
"Canada Net-zero","Quebec","Interprovincial In-Flows",2007,34939
"Canada Net-zero","Quebec","Interprovincial In-Flows",2008,37589
"Canada Net-zero","Quebec","Interprovincial In-Flows",2009,29362
"Canada Net-zero","Quebec","Interprovincial In-Flows",2010,36632
"Canada Net-zero","Quebec","Interprovincial In-Flows",2011,34766
"Canada Net-zero","Quebec","Interprovincial In-Flows",2012,34274
"Canada Net-zero","Quebec","Interprovincial In-Flows",2013,40072
"Canada Net-zero","Quebec","Interprovincial In-Flows",2014,33766.08
"Canada Net-zero","Quebec","Interprovincial In-Flows",2015,33171.115
"Canada Net-zero","Quebec","Interprovincial In-Flows",2016,31087.8
"Canada Net-zero","Quebec","Interprovincial In-Flows",2017,29219.65
"Canada Net-zero","Quebec","Interprovincial In-Flows",2018,34071.748
"Canada Net-zero","Quebec","Interprovincial In-Flows",2019,37564.63
"Canada Net-zero","Quebec","Interprovincial In-Flows",2020,30999.672
"Canada Net-zero","Quebec","Interprovincial In-Flows",2021,33845.612
"Canada Net-zero","Quebec","Interprovincial In-Flows",2022,40794.5755813966
"Canada Net-zero","Quebec","Interprovincial In-Flows",2023,39141.3726740335
"Canada Net-zero","Quebec","Interprovincial In-Flows",2024,39582.2674398945
"Canada Net-zero","Quebec","Interprovincial In-Flows",2025,32191.8458174527
"Canada Net-zero","Quebec","Interprovincial In-Flows",2026,29792.3545001722
"Canada Net-zero","Quebec","Interprovincial In-Flows",2027,29116.4733872492
"Canada Net-zero","Quebec","Interprovincial In-Flows",2028,28967.7845140626
"Canada Net-zero","Quebec","Interprovincial In-Flows",2029,29176.4818284658
"Canada Net-zero","Quebec","Interprovincial In-Flows",2030,29304.4803792483
"Canada Net-zero","Quebec","Interprovincial In-Flows",2031,30097.2266494066
"Canada Net-zero","Quebec","Interprovincial In-Flows",2032,30859.8232991915
"Canada Net-zero","Quebec","Interprovincial In-Flows",2033,31793.3272198479
"Canada Net-zero","Quebec","Interprovincial In-Flows",2034,32451.7524134192
"Canada Net-zero","Quebec","Interprovincial In-Flows",2035,36622.0399168855
"Canada Net-zero","Quebec","Interprovincial In-Flows",2036,36076.7111292697
"Canada Net-zero","Quebec","Interprovincial In-Flows",2037,35506.7325315665
"Canada Net-zero","Quebec","Interprovincial In-Flows",2038,35010.0510981608
"Canada Net-zero","Quebec","Interprovincial In-Flows",2039,34645.599247659
"Canada Net-zero","Quebec","Interprovincial In-Flows",2040,34330.0394738078
"Canada Net-zero","Quebec","Interprovincial In-Flows",2041,34697.1893704695
"Canada Net-zero","Quebec","Interprovincial In-Flows",2042,35726.1641892339
"Canada Net-zero","Quebec","Interprovincial In-Flows",2043,36286.5572685223
"Canada Net-zero","Quebec","Interprovincial In-Flows",2044,35953.9534617227
"Canada Net-zero","Quebec","Interprovincial In-Flows",2045,36304.9150174342
"Canada Net-zero","Quebec","Interprovincial In-Flows",2046,36860.9152507691
"Canada Net-zero","Quebec","Interprovincial In-Flows",2047,37364.5032859113
"Canada Net-zero","Quebec","Interprovincial In-Flows",2048,37818.8894865709
"Canada Net-zero","Quebec","Interprovincial In-Flows",2049,38330.3245949942
"Canada Net-zero","Quebec","Interprovincial In-Flows",2050,39006.224295658
"Canada Net-zero","Saskatchewan","Interprovincial In-Flows",2005,525.6
"Canada Net-zero","Saskatchewan","Interprovincial In-Flows",2006,602.07
"Canada Net-zero","Saskatchewan","Interprovincial In-Flows",2007,1031.83
"Canada Net-zero","Saskatchewan","Interprovincial In-Flows",2008,683.37
"Canada Net-zero","Saskatchewan","Interprovincial In-Flows",2009,437.2
"Canada Net-zero","Saskatchewan","Interprovincial In-Flows",2010,279.15
"Canada Net-zero","Saskatchewan","Interprovincial In-Flows",2011,156.05
"Canada Net-zero","Saskatchewan","Interprovincial In-Flows",2012,485.21
"Canada Net-zero","Saskatchewan","Interprovincial In-Flows",2013,448.94
"Canada Net-zero","Saskatchewan","Interprovincial In-Flows",2014,710.6
"Canada Net-zero","Saskatchewan","Interprovincial In-Flows",2015,487.258
"Canada Net-zero","Saskatchewan","Interprovincial In-Flows",2016,415.8297
"Canada Net-zero","Saskatchewan","Interprovincial In-Flows",2017,640.3875
"Canada Net-zero","Saskatchewan","Interprovincial In-Flows",2018,404.605
"Canada Net-zero","Saskatchewan","Interprovincial In-Flows",2019,625.7485
"Canada Net-zero","Saskatchewan","Interprovincial In-Flows",2020,498.943
"Canada Net-zero","Saskatchewan","Interprovincial In-Flows",2021,655.715
"Canada Net-zero","Saskatchewan","Interprovincial In-Flows",2022,2811.67226878758
"Canada Net-zero","Saskatchewan","Interprovincial In-Flows",2023,3227.62261270212
"Canada Net-zero","Saskatchewan","Interprovincial In-Flows",2024,2395.37670271837
"Canada Net-zero","Saskatchewan","Interprovincial In-Flows",2025,3015.48792125034
"Canada Net-zero","Saskatchewan","Interprovincial In-Flows",2026,3028.66072719971
"Canada Net-zero","Saskatchewan","Interprovincial In-Flows",2027,2951.19374709627
"Canada Net-zero","Saskatchewan","Interprovincial In-Flows",2028,3104.51195780916
"Canada Net-zero","Saskatchewan","Interprovincial In-Flows",2029,3114.67605901666
"Canada Net-zero","Saskatchewan","Interprovincial In-Flows",2030,3061.30691782595
"Canada Net-zero","Saskatchewan","Interprovincial In-Flows",2031,3220.21936496341
"Canada Net-zero","Saskatchewan","Interprovincial In-Flows",2032,3270.55166683127
"Canada Net-zero","Saskatchewan","Interprovincial In-Flows",2033,3244.1064312062
"Canada Net-zero","Saskatchewan","Interprovincial In-Flows",2034,3091.06600729029
"Canada Net-zero","Saskatchewan","Interprovincial In-Flows",2035,10928.2660051415
"Canada Net-zero","Saskatchewan","Interprovincial In-Flows",2036,10886.6534983992
"Canada Net-zero","Saskatchewan","Interprovincial In-Flows",2037,10878.0084055724
"Canada Net-zero","Saskatchewan","Interprovincial In-Flows",2038,10787.4266808232
"Canada Net-zero","Saskatchewan","Interprovincial In-Flows",2039,10754.1904738082
"Canada Net-zero","Saskatchewan","Interprovincial In-Flows",2040,10626.9180619638
"Canada Net-zero","Saskatchewan","Interprovincial In-Flows",2041,10380.7337257783
"Canada Net-zero","Saskatchewan","Interprovincial In-Flows",2042,10180.9186062344
"Canada Net-zero","Saskatchewan","Interprovincial In-Flows",2043,10040.9450683409
"Canada Net-zero","Saskatchewan","Interprovincial In-Flows",2044,10057.5040801665
"Canada Net-zero","Saskatchewan","Interprovincial In-Flows",2045,9970.62358153676
"Canada Net-zero","Saskatchewan","Interprovincial In-Flows",2046,9748.9398062057
"Canada Net-zero","Saskatchewan","Interprovincial In-Flows",2047,9511.31957776966
"Canada Net-zero","Saskatchewan","Interprovincial In-Flows",2048,9261.5944586467
"Canada Net-zero","Saskatchewan","Interprovincial In-Flows",2049,8997.72109085284
"Canada Net-zero","Saskatchewan","Interprovincial In-Flows",2050,8758.42267952897
"Current Measures","Alberta","Interprovincial In-Flows",2005,1740.06
"Current Measures","Alberta","Interprovincial In-Flows",2006,2025.42
"Current Measures","Alberta","Interprovincial In-Flows",2007,1781.5
"Current Measures","Alberta","Interprovincial In-Flows",2008,2298.93
"Current Measures","Alberta","Interprovincial In-Flows",2009,4449.73
"Current Measures","Alberta","Interprovincial In-Flows",2010,5024.25
"Current Measures","Alberta","Interprovincial In-Flows",2011,9094.89
"Current Measures","Alberta","Interprovincial In-Flows",2012,6585.95
"Current Measures","Alberta","Interprovincial In-Flows",2013,4398.96
"Current Measures","Alberta","Interprovincial In-Flows",2014,1368.56
"Current Measures","Alberta","Interprovincial In-Flows",2015,1056.758
"Current Measures","Alberta","Interprovincial In-Flows",2016,1298.568
"Current Measures","Alberta","Interprovincial In-Flows",2017,1286.289
"Current Measures","Alberta","Interprovincial In-Flows",2018,2274.671
"Current Measures","Alberta","Interprovincial In-Flows",2019,909.5008
"Current Measures","Alberta","Interprovincial In-Flows",2020,5483.165
"Current Measures","Alberta","Interprovincial In-Flows",2021,4867.463
"Current Measures","Alberta","Interprovincial In-Flows",2022,3183.30717028061
"Current Measures","Alberta","Interprovincial In-Flows",2023,1492.95861276278
"Current Measures","Alberta","Interprovincial In-Flows",2024,1911.00451855724
"Current Measures","Alberta","Interprovincial In-Flows",2025,1586.32952492216
"Current Measures","Alberta","Interprovincial In-Flows",2026,1319.99739839077
"Current Measures","Alberta","Interprovincial In-Flows",2027,1143.28804414918
"Current Measures","Alberta","Interprovincial In-Flows",2028,558.999176145713
"Current Measures","Alberta","Interprovincial In-Flows",2029,207.448335591674
"Current Measures","Alberta","Interprovincial In-Flows",2030,87.0260096553317
"Current Measures","Alberta","Interprovincial In-Flows",2031,111.680793565849
"Current Measures","Alberta","Interprovincial In-Flows",2032,107.66353070432
"Current Measures","Alberta","Interprovincial In-Flows",2033,96.0133142767708
"Current Measures","Alberta","Interprovincial In-Flows",2034,135.101599510028
"Current Measures","Alberta","Interprovincial In-Flows",2035,169.077987608859
"Current Measures","Alberta","Interprovincial In-Flows",2036,338.72259682851
"Current Measures","Alberta","Interprovincial In-Flows",2037,444.925743195036
"Current Measures","Alberta","Interprovincial In-Flows",2038,551.011651711727
"Current Measures","Alberta","Interprovincial In-Flows",2039,792.72223715944
"Current Measures","Alberta","Interprovincial In-Flows",2040,946.711609503826
"Current Measures","Alberta","Interprovincial In-Flows",2041,1055.26453265077
"Current Measures","Alberta","Interprovincial In-Flows",2042,1315.02993096093
"Current Measures","Alberta","Interprovincial In-Flows",2043,1660.77776343711
"Current Measures","Alberta","Interprovincial In-Flows",2044,1856.09199507438
"Current Measures","Alberta","Interprovincial In-Flows",2045,2108.64933970745
"Current Measures","Alberta","Interprovincial In-Flows",2046,2120.5693008652
"Current Measures","Alberta","Interprovincial In-Flows",2047,2142.0130830857
"Current Measures","Alberta","Interprovincial In-Flows",2048,2163.62938530094
"Current Measures","Alberta","Interprovincial In-Flows",2049,2179.37828265099
"Current Measures","Alberta","Interprovincial In-Flows",2050,2364.79835099901
"Current Measures","British Columbia","Interprovincial In-Flows",2005,953
"Current Measures","British Columbia","Interprovincial In-Flows",2006,421
"Current Measures","British Columbia","Interprovincial In-Flows",2007,1101
"Current Measures","British Columbia","Interprovincial In-Flows",2008,439
"Current Measures","British Columbia","Interprovincial In-Flows",2009,602
"Current Measures","British Columbia","Interprovincial In-Flows",2010,467
"Current Measures","British Columbia","Interprovincial In-Flows",2011,410
"Current Measures","British Columbia","Interprovincial In-Flows",2012,1678
"Current Measures","British Columbia","Interprovincial In-Flows",2013,1864
"Current Measures","British Columbia","Interprovincial In-Flows",2014,384.16
"Current Measures","British Columbia","Interprovincial In-Flows",2015,630.582
"Current Measures","British Columbia","Interprovincial In-Flows",2016,0
"Current Measures","British Columbia","Interprovincial In-Flows",2017,0
"Current Measures","British Columbia","Interprovincial In-Flows",2018,441.579
"Current Measures","British Columbia","Interprovincial In-Flows",2019,201.5676
"Current Measures","British Columbia","Interprovincial In-Flows",2020,918.003
"Current Measures","British Columbia","Interprovincial In-Flows",2021,1409.3
"Current Measures","British Columbia","Interprovincial In-Flows",2022,3366.73265901002
"Current Measures","British Columbia","Interprovincial In-Flows",2023,4707.87705947377
"Current Measures","British Columbia","Interprovincial In-Flows",2024,5460.19703866792
"Current Measures","British Columbia","Interprovincial In-Flows",2025,5433.97858925015
"Current Measures","British Columbia","Interprovincial In-Flows",2026,5764.66993327058
"Current Measures","British Columbia","Interprovincial In-Flows",2027,6042.85926114697
"Current Measures","British Columbia","Interprovincial In-Flows",2028,6792.74000384749
"Current Measures","British Columbia","Interprovincial In-Flows",2029,7147.53527238081
"Current Measures","British Columbia","Interprovincial In-Flows",2030,7407.51905609845
"Current Measures","British Columbia","Interprovincial In-Flows",2031,7485.62352718984
"Current Measures","British Columbia","Interprovincial In-Flows",2032,7740.00036716536
"Current Measures","British Columbia","Interprovincial In-Flows",2033,7932.67043865196
"Current Measures","British Columbia","Interprovincial In-Flows",2034,7928.16414433
"Current Measures","British Columbia","Interprovincial In-Flows",2035,7809.39761006675
"Current Measures","British Columbia","Interprovincial In-Flows",2036,7477.62126281318
"Current Measures","British Columbia","Interprovincial In-Flows",2037,7261.64434072721
"Current Measures","British Columbia","Interprovincial In-Flows",2038,7106.13909115329
"Current Measures","British Columbia","Interprovincial In-Flows",2039,6869.83051890163
"Current Measures","British Columbia","Interprovincial In-Flows",2040,6660.75295248841
"Current Measures","British Columbia","Interprovincial In-Flows",2041,6506.6437336051
"Current Measures","British Columbia","Interprovincial In-Flows",2042,6254.47259154921
"Current Measures","British Columbia","Interprovincial In-Flows",2043,6021.43229203399
"Current Measures","British Columbia","Interprovincial In-Flows",2044,5889.30304038849
"Current Measures","British Columbia","Interprovincial In-Flows",2045,5681.58045240094
"Current Measures","British Columbia","Interprovincial In-Flows",2046,5722.37567586871
"Current Measures","British Columbia","Interprovincial In-Flows",2047,5775.29347171791
"Current Measures","British Columbia","Interprovincial In-Flows",2048,5792.4199567703
"Current Measures","British Columbia","Interprovincial In-Flows",2049,5815.76259780274
"Current Measures","British Columbia","Interprovincial In-Flows",2050,5678.15636631179
"Current Measures","Canada","Interprovincial In-Flows",2005,47302.96
"Current Measures","Canada","Interprovincial In-Flows",2006,47099.68
"Current Measures","Canada","Interprovincial In-Flows",2007,46149.38
"Current Measures","Canada","Interprovincial In-Flows",2008,47999.26
"Current Measures","Canada","Interprovincial In-Flows",2009,45240.37
"Current Measures","Canada","Interprovincial In-Flows",2010,52316.89
"Current Measures","Canada","Interprovincial In-Flows",2011,54500.26
"Current Measures","Canada","Interprovincial In-Flows",2012,54648.3
"Current Measures","Canada","Interprovincial In-Flows",2013,57773.2
"Current Measures","Canada","Interprovincial In-Flows",2014,43214.46
"Current Measures","Canada","Interprovincial In-Flows",2015,50026.326
"Current Measures","Canada","Interprovincial In-Flows",2016,41370.49
"Current Measures","Canada","Interprovincial In-Flows",2017,39973.71
"Current Measures","Canada","Interprovincial In-Flows",2018,50361.7
"Current Measures","Canada","Interprovincial In-Flows",2019,50825.56
"Current Measures","Canada","Interprovincial In-Flows",2020,50520.6743085883
"Current Measures","Canada","Interprovincial In-Flows",2021,56900.1186565702
"Current Measures","Canada","Interprovincial In-Flows",2022,65292.3545418444
"Current Measures","Canada","Interprovincial In-Flows",2023,63497.9159606346
"Current Measures","Canada","Interprovincial In-Flows",2024,64525.5764220332
"Current Measures","Canada","Interprovincial In-Flows",2025,63624.346389392
"Current Measures","Canada","Interprovincial In-Flows",2026,63601.7810445171
"Current Measures","Canada","Interprovincial In-Flows",2027,63752.4387955891
"Current Measures","Canada","Interprovincial In-Flows",2028,66474.8584094146
"Current Measures","Canada","Interprovincial In-Flows",2029,67910.7884934364
"Current Measures","Canada","Interprovincial In-Flows",2030,70517.5758675571
"Current Measures","Canada","Interprovincial In-Flows",2031,69076.7808452236
"Current Measures","Canada","Interprovincial In-Flows",2032,69154.3462738563
"Current Measures","Canada","Interprovincial In-Flows",2033,68643.5224985868
"Current Measures","Canada","Interprovincial In-Flows",2034,68079.4412119979
"Current Measures","Canada","Interprovincial In-Flows",2035,67999.4035065058
"Current Measures","Canada","Interprovincial In-Flows",2036,67538.2122718141
"Current Measures","Canada","Interprovincial In-Flows",2037,67670.9075597124
"Current Measures","Canada","Interprovincial In-Flows",2038,67821.2957659567
"Current Measures","Canada","Interprovincial In-Flows",2039,68427.5516213117
"Current Measures","Canada","Interprovincial In-Flows",2040,69146.2046517375
"Current Measures","Canada","Interprovincial In-Flows",2041,69368.3927783435
"Current Measures","Canada","Interprovincial In-Flows",2042,72451.8478732251
"Current Measures","Canada","Interprovincial In-Flows",2043,72589.8767075224
"Current Measures","Canada","Interprovincial In-Flows",2044,70112.9804632664
"Current Measures","Canada","Interprovincial In-Flows",2045,69948.9450036871
"Current Measures","Canada","Interprovincial In-Flows",2046,69870.9455933955
"Current Measures","Canada","Interprovincial In-Flows",2047,69693.4336412771
"Current Measures","Canada","Interprovincial In-Flows",2048,69494.7680254453
"Current Measures","Canada","Interprovincial In-Flows",2049,69337.5520996492
"Current Measures","Canada","Interprovincial In-Flows",2050,69041.5792102308
"Current Measures","Manitoba","Interprovincial In-Flows",2005,65.91
"Current Measures","Manitoba","Interprovincial In-Flows",2006,302.47
"Current Measures","Manitoba","Interprovincial In-Flows",2007,173.57
"Current Measures","Manitoba","Interprovincial In-Flows",2008,172.8
"Current Measures","Manitoba","Interprovincial In-Flows",2009,136.2
"Current Measures","Manitoba","Interprovincial In-Flows",2010,37.05
"Current Measures","Manitoba","Interprovincial In-Flows",2011,19.05
"Current Measures","Manitoba","Interprovincial In-Flows",2012,47.04
"Current Measures","Manitoba","Interprovincial In-Flows",2013,92.65
"Current Measures","Manitoba","Interprovincial In-Flows",2014,198.69
"Current Measures","Manitoba","Interprovincial In-Flows",2015,789
"Current Measures","Manitoba","Interprovincial In-Flows",2016,1095.761
"Current Measures","Manitoba","Interprovincial In-Flows",2017,1194.336
"Current Measures","Manitoba","Interprovincial In-Flows",2018,39.604
"Current Measures","Manitoba","Interprovincial In-Flows",2019,0
"Current Measures","Manitoba","Interprovincial In-Flows",2020,0.428
"Current Measures","Manitoba","Interprovincial In-Flows",2021,8.264
"Current Measures","Manitoba","Interprovincial In-Flows",2022,550.894419031889
"Current Measures","Manitoba","Interprovincial In-Flows",2023,524.224835120758
"Current Measures","Manitoba","Interprovincial In-Flows",2024,459.979322223299
"Current Measures","Manitoba","Interprovincial In-Flows",2025,623.28137248911
"Current Measures","Manitoba","Interprovincial In-Flows",2026,514.599688789725
"Current Measures","Manitoba","Interprovincial In-Flows",2027,485.175623442784
"Current Measures","Manitoba","Interprovincial In-Flows",2028,445.478209901717
"Current Measures","Manitoba","Interprovincial In-Flows",2029,593.530561409967
"Current Measures","Manitoba","Interprovincial In-Flows",2030,513.778827002811
"Current Measures","Manitoba","Interprovincial In-Flows",2031,505.636743661103
"Current Measures","Manitoba","Interprovincial In-Flows",2032,479.163178243372
"Current Measures","Manitoba","Interprovincial In-Flows",2033,483.951206828816
"Current Measures","Manitoba","Interprovincial In-Flows",2034,520.698933639973
"Current Measures","Manitoba","Interprovincial In-Flows",2035,499.907555616679
"Current Measures","Manitoba","Interprovincial In-Flows",2036,529.005071361176
"Current Measures","Manitoba","Interprovincial In-Flows",2037,566.117068699863
"Current Measures","Manitoba","Interprovincial In-Flows",2038,597.053547361776
"Current Measures","Manitoba","Interprovincial In-Flows",2039,607.783217304393
"Current Measures","Manitoba","Interprovincial In-Flows",2040,644.924220245824
"Current Measures","Manitoba","Interprovincial In-Flows",2041,665.713872290357
"Current Measures","Manitoba","Interprovincial In-Flows",2042,674.202479175049
"Current Measures","Manitoba","Interprovincial In-Flows",2043,684.774250911906
"Current Measures","Manitoba","Interprovincial In-Flows",2044,698.744134225324
"Current Measures","Manitoba","Interprovincial In-Flows",2045,695.424205887547
"Current Measures","Manitoba","Interprovincial In-Flows",2046,693.025731001472
"Current Measures","Manitoba","Interprovincial In-Flows",2047,702.201821597402
"Current Measures","Manitoba","Interprovincial In-Flows",2048,730.27842615704
"Current Measures","Manitoba","Interprovincial In-Flows",2049,702.074958275949
"Current Measures","Manitoba","Interprovincial In-Flows",2050,644.542677077422
"Current Measures","New Brunswick","Interprovincial In-Flows",2005,83.15
"Current Measures","New Brunswick","Interprovincial In-Flows",2006,171.94
"Current Measures","New Brunswick","Interprovincial In-Flows",2007,1466.01
"Current Measures","New Brunswick","Interprovincial In-Flows",2008,1779.26
"Current Measures","New Brunswick","Interprovincial In-Flows",2009,3403.79
"Current Measures","New Brunswick","Interprovincial In-Flows",2010,4648.9
"Current Measures","New Brunswick","Interprovincial In-Flows",2011,4470.48
"Current Measures","New Brunswick","Interprovincial In-Flows",2012,5305.98
"Current Measures","New Brunswick","Interprovincial In-Flows",2013,3164.59
"Current Measures","New Brunswick","Interprovincial In-Flows",2014,1802.4
"Current Measures","New Brunswick","Interprovincial In-Flows",2015,6342.609
"Current Measures","New Brunswick","Interprovincial In-Flows",2016,3847.729
"Current Measures","New Brunswick","Interprovincial In-Flows",2017,3992.165
"Current Measures","New Brunswick","Interprovincial In-Flows",2018,2943.688
"Current Measures","New Brunswick","Interprovincial In-Flows",2019,1074.651
"Current Measures","New Brunswick","Interprovincial In-Flows",2020,4762.013
"Current Measures","New Brunswick","Interprovincial In-Flows",2021,5102.333
"Current Measures","New Brunswick","Interprovincial In-Flows",2022,6196.55066615337
"Current Measures","New Brunswick","Interprovincial In-Flows",2023,5293.14725457323
"Current Measures","New Brunswick","Interprovincial In-Flows",2024,5261.73848708144
"Current Measures","New Brunswick","Interprovincial In-Flows",2025,6384.60079411333
"Current Measures","New Brunswick","Interprovincial In-Flows",2026,6265.57855155737
"Current Measures","New Brunswick","Interprovincial In-Flows",2027,6362.30347230108
"Current Measures","New Brunswick","Interprovincial In-Flows",2028,7798.46320022749
"Current Measures","New Brunswick","Interprovincial In-Flows",2029,8917.57368850833
"Current Measures","New Brunswick","Interprovincial In-Flows",2030,10017.0184704853
"Current Measures","New Brunswick","Interprovincial In-Flows",2031,8884.79545584383
"Current Measures","New Brunswick","Interprovincial In-Flows",2032,7974.70252712666
"Current Measures","New Brunswick","Interprovincial In-Flows",2033,7296.91908558598
"Current Measures","New Brunswick","Interprovincial In-Flows",2034,6471.01749106604
"Current Measures","New Brunswick","Interprovincial In-Flows",2035,5771.93439524785
"Current Measures","New Brunswick","Interprovincial In-Flows",2036,5380.80115452311
"Current Measures","New Brunswick","Interprovincial In-Flows",2037,4925.92399204036
"Current Measures","New Brunswick","Interprovincial In-Flows",2038,4543.99838166159
"Current Measures","New Brunswick","Interprovincial In-Flows",2039,4473.26807955103
"Current Measures","New Brunswick","Interprovincial In-Flows",2040,4122.40866496878
"Current Measures","New Brunswick","Interprovincial In-Flows",2041,3604.55441934862
"Current Measures","New Brunswick","Interprovincial In-Flows",2042,7443.79139862888
"Current Measures","New Brunswick","Interprovincial In-Flows",2043,7545.18822710605
"Current Measures","New Brunswick","Interprovincial In-Flows",2044,4465.07784883222
"Current Measures","New Brunswick","Interprovincial In-Flows",2045,4460.67907481618
"Current Measures","New Brunswick","Interprovincial In-Flows",2046,4344.27328132912
"Current Measures","New Brunswick","Interprovincial In-Flows",2047,4244.88244486753
"Current Measures","New Brunswick","Interprovincial In-Flows",2048,4109.52087807236
"Current Measures","New Brunswick","Interprovincial In-Flows",2049,3990.41924306479
"Current Measures","New Brunswick","Interprovincial In-Flows",2050,3923.35432367092
"Current Measures","Newfoundland and Labrador","Interprovincial In-Flows",2005,15.69
"Current Measures","Newfoundland and Labrador","Interprovincial In-Flows",2006,15.66
"Current Measures","Newfoundland and Labrador","Interprovincial In-Flows",2007,16.95
"Current Measures","Newfoundland and Labrador","Interprovincial In-Flows",2008,17.11
"Current Measures","Newfoundland and Labrador","Interprovincial In-Flows",2009,19.6
"Current Measures","Newfoundland and Labrador","Interprovincial In-Flows",2010,21.33
"Current Measures","Newfoundland and Labrador","Interprovincial In-Flows",2011,22.66
"Current Measures","Newfoundland and Labrador","Interprovincial In-Flows",2012,22.03
"Current Measures","Newfoundland and Labrador","Interprovincial In-Flows",2013,23.05
"Current Measures","Newfoundland and Labrador","Interprovincial In-Flows",2014,22.48
"Current Measures","Newfoundland and Labrador","Interprovincial In-Flows",2015,24.579
"Current Measures","Newfoundland and Labrador","Interprovincial In-Flows",2016,0
"Current Measures","Newfoundland and Labrador","Interprovincial In-Flows",2017,0
"Current Measures","Newfoundland and Labrador","Interprovincial In-Flows",2018,0
"Current Measures","Newfoundland and Labrador","Interprovincial In-Flows",2019,0
"Current Measures","Newfoundland and Labrador","Interprovincial In-Flows",2020,205.241
"Current Measures","Newfoundland and Labrador","Interprovincial In-Flows",2021,36.261
"Current Measures","Newfoundland and Labrador","Interprovincial In-Flows",2022,22.8863378134867
"Current Measures","Newfoundland and Labrador","Interprovincial In-Flows",2023,26.9366242708877
"Current Measures","Newfoundland and Labrador","Interprovincial In-Flows",2024,38.1800093383427
"Current Measures","Newfoundland and Labrador","Interprovincial In-Flows",2025,0.5651997035087
"Current Measures","Newfoundland and Labrador","Interprovincial In-Flows",2026,0.852464344652208
"Current Measures","Newfoundland and Labrador","Interprovincial In-Flows",2027,0.923241798895805
"Current Measures","Newfoundland and Labrador","Interprovincial In-Flows",2028,0.333919113031599
"Current Measures","Newfoundland and Labrador","Interprovincial In-Flows",2029,0.0127347668198162
"Current Measures","Newfoundland and Labrador","Interprovincial In-Flows",2030,0.2629952165337
"Current Measures","Newfoundland and Labrador","Interprovincial In-Flows",2031,0.507946089534714
"Current Measures","Newfoundland and Labrador","Interprovincial In-Flows",2032,2.7280280729971
"Current Measures","Newfoundland and Labrador","Interprovincial In-Flows",2033,4.836201010715
"Current Measures","Newfoundland and Labrador","Interprovincial In-Flows",2034,8.2145436673135
"Current Measures","Newfoundland and Labrador","Interprovincial In-Flows",2035,13.8424738070216
"Current Measures","Newfoundland and Labrador","Interprovincial In-Flows",2036,13.7451032553281
"Current Measures","Newfoundland and Labrador","Interprovincial In-Flows",2037,17.8028871831734
"Current Measures","Newfoundland and Labrador","Interprovincial In-Flows",2038,35.4167395261839
"Current Measures","Newfoundland and Labrador","Interprovincial In-Flows",2039,53.5378965468027
"Current Measures","Newfoundland and Labrador","Interprovincial In-Flows",2040,73.3994777751194
"Current Measures","Newfoundland and Labrador","Interprovincial In-Flows",2041,110.754313953835
"Current Measures","Newfoundland and Labrador","Interprovincial In-Flows",2042,55.0572067371046
"Current Measures","Newfoundland and Labrador","Interprovincial In-Flows",2043,77.1673913857608
"Current Measures","Newfoundland and Labrador","Interprovincial In-Flows",2044,141.304716342617
"Current Measures","Newfoundland and Labrador","Interprovincial In-Flows",2045,178.615795450439
"Current Measures","Newfoundland and Labrador","Interprovincial In-Flows",2046,222.880887436632
"Current Measures","Newfoundland and Labrador","Interprovincial In-Flows",2047,258.606969331523
"Current Measures","Newfoundland and Labrador","Interprovincial In-Flows",2048,319.743486252731
"Current Measures","Newfoundland and Labrador","Interprovincial In-Flows",2049,374.563829565972
"Current Measures","Newfoundland and Labrador","Interprovincial In-Flows",2050,280.285201903224
"Current Measures","Nova Scotia","Interprovincial In-Flows",2005,185.86
"Current Measures","Nova Scotia","Interprovincial In-Flows",2006,106.31
"Current Measures","Nova Scotia","Interprovincial In-Flows",2007,280.6
"Current Measures","Nova Scotia","Interprovincial In-Flows",2008,300.22
"Current Measures","Nova Scotia","Interprovincial In-Flows",2009,299.26
"Current Measures","Nova Scotia","Interprovincial In-Flows",2010,265.11
"Current Measures","Nova Scotia","Interprovincial In-Flows",2011,381.83
"Current Measures","Nova Scotia","Interprovincial In-Flows",2012,178.68
"Current Measures","Nova Scotia","Interprovincial In-Flows",2013,559.51
"Current Measures","Nova Scotia","Interprovincial In-Flows",2014,230.31
"Current Measures","Nova Scotia","Interprovincial In-Flows",2015,623.468
"Current Measures","Nova Scotia","Interprovincial In-Flows",2016,1132.515
"Current Measures","Nova Scotia","Interprovincial In-Flows",2017,1224.524
"Current Measures","Nova Scotia","Interprovincial In-Flows",2018,526.513
"Current Measures","Nova Scotia","Interprovincial In-Flows",2019,3416.4
"Current Measures","Nova Scotia","Interprovincial In-Flows",2020,633.126
"Current Measures","Nova Scotia","Interprovincial In-Flows",2021,1006.642
"Current Measures","Nova Scotia","Interprovincial In-Flows",2022,4468.83052046521
"Current Measures","Nova Scotia","Interprovincial In-Flows",2023,4486.18959924423
"Current Measures","Nova Scotia","Interprovincial In-Flows",2024,4576.24634254995
"Current Measures","Nova Scotia","Interprovincial In-Flows",2025,5196.87843229534
"Current Measures","Nova Scotia","Interprovincial In-Flows",2026,5199.66617849669
"Current Measures","Nova Scotia","Interprovincial In-Flows",2027,5119.81191301497
"Current Measures","Nova Scotia","Interprovincial In-Flows",2028,5212.84959903168
"Current Measures","Nova Scotia","Interprovincial In-Flows",2029,5471.24224778399
"Current Measures","Nova Scotia","Interprovincial In-Flows",2030,5794.65221050133
"Current Measures","Nova Scotia","Interprovincial In-Flows",2031,5891.81918208001
"Current Measures","Nova Scotia","Interprovincial In-Flows",2032,5900.13312034642
"Current Measures","Nova Scotia","Interprovincial In-Flows",2033,5886.43578288735
"Current Measures","Nova Scotia","Interprovincial In-Flows",2034,5965.77220664025
"Current Measures","Nova Scotia","Interprovincial In-Flows",2035,5916.73639261361
"Current Measures","Nova Scotia","Interprovincial In-Flows",2036,5876.15296836339
"Current Measures","Nova Scotia","Interprovincial In-Flows",2037,5828.66183236928
"Current Measures","Nova Scotia","Interprovincial In-Flows",2038,5769.76608104008
"Current Measures","Nova Scotia","Interprovincial In-Flows",2039,5639.11356271589
"Current Measures","Nova Scotia","Interprovincial In-Flows",2040,5540.87647708959
"Current Measures","Nova Scotia","Interprovincial In-Flows",2041,5454.8535291293
"Current Measures","Nova Scotia","Interprovincial In-Flows",2042,5073.83244371771
"Current Measures","Nova Scotia","Interprovincial In-Flows",2043,4874.55636990708
"Current Measures","Nova Scotia","Interprovincial In-Flows",2044,4958.03471281593
"Current Measures","Nova Scotia","Interprovincial In-Flows",2045,4707.32803817987
"Current Measures","Nova Scotia","Interprovincial In-Flows",2046,4611.57131466323
"Current Measures","Nova Scotia","Interprovincial In-Flows",2047,4559.90099014856
"Current Measures","Nova Scotia","Interprovincial In-Flows",2048,4500.37745600446
"Current Measures","Nova Scotia","Interprovincial In-Flows",2049,4469.83615049256
"Current Measures","Nova Scotia","Interprovincial In-Flows",2050,4784.2629162655
"Current Measures","Ontario","Interprovincial In-Flows",2005,5795
"Current Measures","Ontario","Interprovincial In-Flows",2006,4889
"Current Measures","Ontario","Interprovincial In-Flows",2007,4198
"Current Measures","Ontario","Interprovincial In-Flows",2008,3639
"Current Measures","Ontario","Interprovincial In-Flows",2009,5483
"Current Measures","Ontario","Interprovincial In-Flows",2010,3929
"Current Measures","Ontario","Interprovincial In-Flows",2011,4165
"Current Measures","Ontario","Interprovincial In-Flows",2012,5026
"Current Measures","Ontario","Interprovincial In-Flows",2013,6056
"Current Measures","Ontario","Interprovincial In-Flows",2014,3900.14
"Current Measures","Ontario","Interprovincial In-Flows",2015,5839.745
"Current Measures","Ontario","Interprovincial In-Flows",2016,824.7177
"Current Measures","Ontario","Interprovincial In-Flows",2017,770.796
"Current Measures","Ontario","Interprovincial In-Flows",2018,8528.492
"Current Measures","Ontario","Interprovincial In-Flows",2019,5978.7
"Current Measures","Ontario","Interprovincial In-Flows",2020,6087.786
"Current Measures","Ontario","Interprovincial In-Flows",2021,9120.345
"Current Measures","Ontario","Interprovincial In-Flows",2022,2324.42430309217
"Current Measures","Ontario","Interprovincial In-Flows",2023,2789.61026184073
"Current Measures","Ontario","Interprovincial In-Flows",2024,2765.93791891629
"Current Measures","Ontario","Interprovincial In-Flows",2025,7144.3093710545
"Current Measures","Ontario","Interprovincial In-Flows",2026,9341.96109490935
"Current Measures","Ontario","Interprovincial In-Flows",2027,9952.95182398477
"Current Measures","Ontario","Interprovincial In-Flows",2028,11351.5491016466
"Current Measures","Ontario","Interprovincial In-Flows",2029,11152.6708141311
"Current Measures","Ontario","Interprovincial In-Flows",2030,12569.6447965258
"Current Measures","Ontario","Interprovincial In-Flows",2031,11642.0837757707
"Current Measures","Ontario","Interprovincial In-Flows",2032,12533.8526891509
"Current Measures","Ontario","Interprovincial In-Flows",2033,13036.8804212929
"Current Measures","Ontario","Interprovincial In-Flows",2034,14037.644632633
"Current Measures","Ontario","Interprovincial In-Flows",2035,15048.2539197551
"Current Measures","Ontario","Interprovincial In-Flows",2036,14709.3586167695
"Current Measures","Ontario","Interprovincial In-Flows",2037,15013.5432770509
"Current Measures","Ontario","Interprovincial In-Flows",2038,15216.375212529
"Current Measures","Ontario","Interprovincial In-Flows",2039,15743.9513366054
"Current Measures","Ontario","Interprovincial In-Flows",2040,16896.3862240287
"Current Measures","Ontario","Interprovincial In-Flows",2041,17759.5949660419
"Current Measures","Ontario","Interprovincial In-Flows",2042,17060.9831511123
"Current Measures","Ontario","Interprovincial In-Flows",2043,16918.1880265719
"Current Measures","Ontario","Interprovincial In-Flows",2044,16971.9036578475
"Current Measures","Ontario","Interprovincial In-Flows",2045,16694.6391351175
"Current Measures","Ontario","Interprovincial In-Flows",2046,16875.7980013803
"Current Measures","Ontario","Interprovincial In-Flows",2047,16906.2367764442
"Current Measures","Ontario","Interprovincial In-Flows",2048,16969.9927471565
"Current Measures","Ontario","Interprovincial In-Flows",2049,17099.2805517795
"Current Measures","Ontario","Interprovincial In-Flows",2050,17309.4218140499
"Current Measures","Prince Edward Island","Interprovincial In-Flows",2005,1151.69
"Current Measures","Prince Edward Island","Interprovincial In-Flows",2006,1262.82
"Current Measures","Prince Edward Island","Interprovincial In-Flows",2007,1160.94
"Current Measures","Prince Edward Island","Interprovincial In-Flows",2008,1080.57
"Current Measures","Prince Edward Island","Interprovincial In-Flows",2009,1047.6
"Current Measures","Prince Edward Island","Interprovincial In-Flows",2010,1013.1
"Current Measures","Prince Edward Island","Interprovincial In-Flows",2011,1014.3
"Current Measures","Prince Edward Island","Interprovincial In-Flows",2012,1045.4
"Current Measures","Prince Edward Island","Interprovincial In-Flows",2013,1093.5
"Current Measures","Prince Edward Island","Interprovincial In-Flows",2014,831.05
"Current Measures","Prince Edward Island","Interprovincial In-Flows",2015,1061.212
"Current Measures","Prince Edward Island","Interprovincial In-Flows",2016,1667.57
"Current Measures","Prince Edward Island","Interprovincial In-Flows",2017,1645.563
"Current Measures","Prince Edward Island","Interprovincial In-Flows",2018,1130.801
"Current Measures","Prince Edward Island","Interprovincial In-Flows",2019,1054.366
"Current Measures","Prince Edward Island","Interprovincial In-Flows",2020,932.297308588299
"Current Measures","Prince Edward Island","Interprovincial In-Flows",2021,848.183656570253
"Current Measures","Prince Edward Island","Interprovincial In-Flows",2022,938.750163203999
"Current Measures","Prince Edward Island","Interprovincial In-Flows",2023,957.199335548199
"Current Measures","Prince Edward Island","Interprovincial In-Flows",2024,971.193250303
"Current Measures","Prince Edward Island","Interprovincial In-Flows",2025,848.082966841999
"Current Measures","Prince Edward Island","Interprovincial In-Flows",2026,821.919851745999
"Current Measures","Prince Edward Island","Interprovincial In-Flows",2027,795.455686861999
"Current Measures","Prince Edward Island","Interprovincial In-Flows",2028,776.808169115999
"Current Measures","Prince Edward Island","Interprovincial In-Flows",2029,761.719934264
"Current Measures","Prince Edward Island","Interprovincial In-Flows",2030,751.113435043
"Current Measures","Prince Edward Island","Interprovincial In-Flows",2031,732.673152371999
"Current Measures","Prince Edward Island","Interprovincial In-Flows",2032,715.082930619
"Current Measures","Prince Edward Island","Interprovincial In-Flows",2033,699.169198465
"Current Measures","Prince Edward Island","Interprovincial In-Flows",2034,685.018754414999
"Current Measures","Prince Edward Island","Interprovincial In-Flows",2035,860.871853343
"Current Measures","Prince Edward Island","Interprovincial In-Flows",2036,852.082739602
"Current Measures","Prince Edward Island","Interprovincial In-Flows",2037,845.207533799
"Current Measures","Prince Edward Island","Interprovincial In-Flows",2038,840.522512436
"Current Measures","Prince Edward Island","Interprovincial In-Flows",2039,837.853347836
"Current Measures","Prince Edward Island","Interprovincial In-Flows",2040,810.960899778
"Current Measures","Prince Edward Island","Interprovincial In-Flows",2041,824.705065428
"Current Measures","Prince Edward Island","Interprovincial In-Flows",2042,839.182141146
"Current Measures","Prince Edward Island","Interprovincial In-Flows",2043,845.83822515391
"Current Measures","Prince Edward Island","Interprovincial In-Flows",2044,864.947703446
"Current Measures","Prince Edward Island","Interprovincial In-Flows",2045,807.07879837347
"Current Measures","Prince Edward Island","Interprovincial In-Flows",2046,831.1010932693
"Current Measures","Prince Edward Island","Interprovincial In-Flows",2047,842.4116776865
"Current Measures","Prince Edward Island","Interprovincial In-Flows",2048,861.5982938831
"Current Measures","Prince Edward Island","Interprovincial In-Flows",2049,882.949946602
"Current Measures","Prince Edward Island","Interprovincial In-Flows",2050,848.16687000661
"Current Measures","Quebec","Interprovincial In-Flows",2005,36787
"Current Measures","Quebec","Interprovincial In-Flows",2006,37303
"Current Measures","Quebec","Interprovincial In-Flows",2007,34939
"Current Measures","Quebec","Interprovincial In-Flows",2008,37589
"Current Measures","Quebec","Interprovincial In-Flows",2009,29362
"Current Measures","Quebec","Interprovincial In-Flows",2010,36632
"Current Measures","Quebec","Interprovincial In-Flows",2011,34766
"Current Measures","Quebec","Interprovincial In-Flows",2012,34274
"Current Measures","Quebec","Interprovincial In-Flows",2013,40072
"Current Measures","Quebec","Interprovincial In-Flows",2014,33766.08
"Current Measures","Quebec","Interprovincial In-Flows",2015,33171.115
"Current Measures","Quebec","Interprovincial In-Flows",2016,31087.8
"Current Measures","Quebec","Interprovincial In-Flows",2017,29219.65
"Current Measures","Quebec","Interprovincial In-Flows",2018,34071.748
"Current Measures","Quebec","Interprovincial In-Flows",2019,37564.63
"Current Measures","Quebec","Interprovincial In-Flows",2020,30999.672
"Current Measures","Quebec","Interprovincial In-Flows",2021,33845.612
"Current Measures","Quebec","Interprovincial In-Flows",2022,41335.2337893882
"Current Measures","Quebec","Interprovincial In-Flows",2023,39844.564980692
"Current Measures","Quebec","Interprovincial In-Flows",2024,40541.1863853429
"Current Measures","Quebec","Interprovincial In-Flows",2025,33355.5469175474
"Current Measures","Quebec","Interprovincial In-Flows",2026,31296.3007158728
"Current Measures","Quebec","Interprovincial In-Flows",2027,30762.3006316672
"Current Measures","Quebec","Interprovincial In-Flows",2028,30068.8549528949
"Current Measures","Quebec","Interprovincial In-Flows",2029,30188.9949893479
"Current Measures","Quebec","Interprovincial In-Flows",2030,29835.9916323436
"Current Measures","Quebec","Interprovincial In-Flows",2031,30294.634334625
"Current Measures","Quebec","Interprovincial In-Flows",2032,30178.5400130771
"Current Measures","Quebec","Interprovincial In-Flows",2033,29699.0844697766
"Current Measures","Quebec","Interprovincial In-Flows",2034,28870.7502103104
"Current Measures","Quebec","Interprovincial In-Flows",2035,28409.0736454359
"Current Measures","Quebec","Interprovincial In-Flows",2036,28950.3571223529
"Current Measures","Quebec","Interprovincial In-Flows",2037,29350.1043443065
"Current Measures","Quebec","Interprovincial In-Flows",2038,29733.6569433434
"Current Measures","Quebec","Interprovincial In-Flows",2039,30113.1558945376
"Current Measures","Quebec","Interprovincial In-Flows",2040,30199.2668551125
"Current Measures","Quebec","Interprovincial In-Flows",2041,30095.9954724842
"Current Measures","Quebec","Interprovincial In-Flows",2042,30434.7399867378
"Current Measures","Quebec","Interprovincial In-Flows",2043,30675.7114232354
"Current Measures","Quebec","Interprovincial In-Flows",2044,31002.8170267818
"Current Measures","Quebec","Interprovincial In-Flows",2045,31381.498085779
"Current Measures","Quebec","Interprovincial In-Flows",2046,31232.9843730544
"Current Measures","Quebec","Interprovincial In-Flows",2047,31058.6579416943
"Current Measures","Quebec","Interprovincial In-Flows",2048,30868.1578333274
"Current Measures","Quebec","Interprovincial In-Flows",2049,30651.1837252557
"Current Measures","Quebec","Interprovincial In-Flows",2050,30087.0600424686
"Current Measures","Saskatchewan","Interprovincial In-Flows",2005,525.6
"Current Measures","Saskatchewan","Interprovincial In-Flows",2006,602.07
"Current Measures","Saskatchewan","Interprovincial In-Flows",2007,1031.83
"Current Measures","Saskatchewan","Interprovincial In-Flows",2008,683.37
"Current Measures","Saskatchewan","Interprovincial In-Flows",2009,437.2
"Current Measures","Saskatchewan","Interprovincial In-Flows",2010,279.15
"Current Measures","Saskatchewan","Interprovincial In-Flows",2011,156.05
"Current Measures","Saskatchewan","Interprovincial In-Flows",2012,485.21
"Current Measures","Saskatchewan","Interprovincial In-Flows",2013,448.94
"Current Measures","Saskatchewan","Interprovincial In-Flows",2014,710.6
"Current Measures","Saskatchewan","Interprovincial In-Flows",2015,487.258
"Current Measures","Saskatchewan","Interprovincial In-Flows",2016,415.8297
"Current Measures","Saskatchewan","Interprovincial In-Flows",2017,640.3875
"Current Measures","Saskatchewan","Interprovincial In-Flows",2018,404.605
"Current Measures","Saskatchewan","Interprovincial In-Flows",2019,625.7485
"Current Measures","Saskatchewan","Interprovincial In-Flows",2020,498.943
"Current Measures","Saskatchewan","Interprovincial In-Flows",2021,655.715
"Current Measures","Saskatchewan","Interprovincial In-Flows",2022,2904.74451340545
"Current Measures","Saskatchewan","Interprovincial In-Flows",2023,3375.20739710797
"Current Measures","Saskatchewan","Interprovincial In-Flows",2024,2539.91314905282
"Current Measures","Saskatchewan","Interprovincial In-Flows",2025,3050.77322117452
"Current Measures","Saskatchewan","Interprovincial In-Flows",2026,3076.23516713912
"Current Measures","Saskatchewan","Interprovincial In-Flows",2027,3087.36909722117
"Current Measures","Saskatchewan","Interprovincial In-Flows",2028,3468.78207748997
"Current Measures","Saskatchewan","Interprovincial In-Flows",2029,3470.05991525168
"Current Measures","Saskatchewan","Interprovincial In-Flows",2030,3540.56843468472
"Current Measures","Saskatchewan","Interprovincial In-Flows",2031,3527.32593402565
"Current Measures","Saskatchewan","Interprovincial In-Flows",2032,3522.47988935018
"Current Measures","Saskatchewan","Interprovincial In-Flows",2033,3507.56237981057
"Current Measures","Saskatchewan","Interprovincial In-Flows",2034,3457.05869578588
"Current Measures","Saskatchewan","Interprovincial In-Flows",2035,3500.30767301098
"Current Measures","Saskatchewan","Interprovincial In-Flows",2036,3410.3656359449
"Current Measures","Saskatchewan","Interprovincial In-Flows",2037,3416.97654034099
"Current Measures","Saskatchewan","Interprovincial In-Flows",2038,3427.35560519365
"Current Measures","Saskatchewan","Interprovincial In-Flows",2039,3296.33553015344
"Current Measures","Saskatchewan","Interprovincial In-Flows",2040,3250.51727074669
"Current Measures","Saskatchewan","Interprovincial In-Flows",2041,3290.31287341132
"Current Measures","Saskatchewan","Interprovincial In-Flows",2042,3300.5565434601
"Current Measures","Saskatchewan","Interprovincial In-Flows",2043,3286.24273777925
"Current Measures","Saskatchewan","Interprovincial In-Flows",2044,3264.75562751202
"Current Measures","Saskatchewan","Interprovincial In-Flows",2045,3233.45207797456
"Current Measures","Saskatchewan","Interprovincial In-Flows",2046,3216.36593452701
"Current Measures","Saskatchewan","Interprovincial In-Flows",2047,3203.22846470348
"Current Measures","Saskatchewan","Interprovincial In-Flows",2048,3179.04956252027
"Current Measures","Saskatchewan","Interprovincial In-Flows",2049,3172.1028141589
"Current Measures","Saskatchewan","Interprovincial In-Flows",2050,3121.53064747773
"Global Net-zero","Alberta","Interprovincial In-Flows",2005,1740.06
"Global Net-zero","Alberta","Interprovincial In-Flows",2006,2025.42
"Global Net-zero","Alberta","Interprovincial In-Flows",2007,1781.5
"Global Net-zero","Alberta","Interprovincial In-Flows",2008,2298.93
"Global Net-zero","Alberta","Interprovincial In-Flows",2009,4449.73
"Global Net-zero","Alberta","Interprovincial In-Flows",2010,5024.25
"Global Net-zero","Alberta","Interprovincial In-Flows",2011,9094.89
"Global Net-zero","Alberta","Interprovincial In-Flows",2012,6585.95
"Global Net-zero","Alberta","Interprovincial In-Flows",2013,4398.96
"Global Net-zero","Alberta","Interprovincial In-Flows",2014,1368.56
"Global Net-zero","Alberta","Interprovincial In-Flows",2015,1056.758
"Global Net-zero","Alberta","Interprovincial In-Flows",2016,1298.568
"Global Net-zero","Alberta","Interprovincial In-Flows",2017,1286.289
"Global Net-zero","Alberta","Interprovincial In-Flows",2018,2274.671
"Global Net-zero","Alberta","Interprovincial In-Flows",2019,909.5008
"Global Net-zero","Alberta","Interprovincial In-Flows",2020,5483.165
"Global Net-zero","Alberta","Interprovincial In-Flows",2021,4867.463
"Global Net-zero","Alberta","Interprovincial In-Flows",2022,3621.44741795317
"Global Net-zero","Alberta","Interprovincial In-Flows",2023,1753.52140177477
"Global Net-zero","Alberta","Interprovincial In-Flows",2024,2143.40663485393
"Global Net-zero","Alberta","Interprovincial In-Flows",2025,1497.24484473604
"Global Net-zero","Alberta","Interprovincial In-Flows",2026,1350.68123388753
"Global Net-zero","Alberta","Interprovincial In-Flows",2027,1289.4624044704
"Global Net-zero","Alberta","Interprovincial In-Flows",2028,1169.18845718455
"Global Net-zero","Alberta","Interprovincial In-Flows",2029,1313.86193610161
"Global Net-zero","Alberta","Interprovincial In-Flows",2030,1487.76864074046
"Global Net-zero","Alberta","Interprovincial In-Flows",2031,2582.82960353045
"Global Net-zero","Alberta","Interprovincial In-Flows",2032,2282.19980009437
"Global Net-zero","Alberta","Interprovincial In-Flows",2033,2631.26657270009
"Global Net-zero","Alberta","Interprovincial In-Flows",2034,2964.86203902489
"Global Net-zero","Alberta","Interprovincial In-Flows",2035,6821.26390373653
"Global Net-zero","Alberta","Interprovincial In-Flows",2036,7093.697220021
"Global Net-zero","Alberta","Interprovincial In-Flows",2037,7347.85544090768
"Global Net-zero","Alberta","Interprovincial In-Flows",2038,7493.00464632223
"Global Net-zero","Alberta","Interprovincial In-Flows",2039,7519.40643504881
"Global Net-zero","Alberta","Interprovincial In-Flows",2040,7628.25028344513
"Global Net-zero","Alberta","Interprovincial In-Flows",2041,7407.9972186158
"Global Net-zero","Alberta","Interprovincial In-Flows",2042,7252.08401625362
"Global Net-zero","Alberta","Interprovincial In-Flows",2043,7176.29591387553
"Global Net-zero","Alberta","Interprovincial In-Flows",2044,7083.53644510609
"Global Net-zero","Alberta","Interprovincial In-Flows",2045,7077.61332679125
"Global Net-zero","Alberta","Interprovincial In-Flows",2046,6764.24238158943
"Global Net-zero","Alberta","Interprovincial In-Flows",2047,6460.80737046453
"Global Net-zero","Alberta","Interprovincial In-Flows",2048,6196.7326979778
"Global Net-zero","Alberta","Interprovincial In-Flows",2049,5910.60699358016
"Global Net-zero","Alberta","Interprovincial In-Flows",2050,5567.23403178743
"Global Net-zero","British Columbia","Interprovincial In-Flows",2005,953
"Global Net-zero","British Columbia","Interprovincial In-Flows",2006,421
"Global Net-zero","British Columbia","Interprovincial In-Flows",2007,1101
"Global Net-zero","British Columbia","Interprovincial In-Flows",2008,439
"Global Net-zero","British Columbia","Interprovincial In-Flows",2009,602
"Global Net-zero","British Columbia","Interprovincial In-Flows",2010,467
"Global Net-zero","British Columbia","Interprovincial In-Flows",2011,410
"Global Net-zero","British Columbia","Interprovincial In-Flows",2012,1678
"Global Net-zero","British Columbia","Interprovincial In-Flows",2013,1864
"Global Net-zero","British Columbia","Interprovincial In-Flows",2014,384.16
"Global Net-zero","British Columbia","Interprovincial In-Flows",2015,630.582
"Global Net-zero","British Columbia","Interprovincial In-Flows",2016,0
"Global Net-zero","British Columbia","Interprovincial In-Flows",2017,0
"Global Net-zero","British Columbia","Interprovincial In-Flows",2018,441.579
"Global Net-zero","British Columbia","Interprovincial In-Flows",2019,201.5676
"Global Net-zero","British Columbia","Interprovincial In-Flows",2020,918.003
"Global Net-zero","British Columbia","Interprovincial In-Flows",2021,1409.3
"Global Net-zero","British Columbia","Interprovincial In-Flows",2022,3092.48842970536
"Global Net-zero","British Columbia","Interprovincial In-Flows",2023,4485.93044407274
"Global Net-zero","British Columbia","Interprovincial In-Flows",2024,5013.96756310348
"Global Net-zero","British Columbia","Interprovincial In-Flows",2025,5299.9563519115
"Global Net-zero","British Columbia","Interprovincial In-Flows",2026,5716.36543572982
"Global Net-zero","British Columbia","Interprovincial In-Flows",2027,6046.42861314568
"Global Net-zero","British Columbia","Interprovincial In-Flows",2028,6192.13985862023
"Global Net-zero","British Columbia","Interprovincial In-Flows",2029,5270.17529124724
"Global Net-zero","British Columbia","Interprovincial In-Flows",2030,4675.30524910711
"Global Net-zero","British Columbia","Interprovincial In-Flows",2031,3484.09407808977
"Global Net-zero","British Columbia","Interprovincial In-Flows",2032,4553.13569124831
"Global Net-zero","British Columbia","Interprovincial In-Flows",2033,4503.95164345881
"Global Net-zero","British Columbia","Interprovincial In-Flows",2034,4232.46661093826
"Global Net-zero","British Columbia","Interprovincial In-Flows",2035,8453.92179965813
"Global Net-zero","British Columbia","Interprovincial In-Flows",2036,7972.5527447992
"Global Net-zero","British Columbia","Interprovincial In-Flows",2037,7916.9628701632
"Global Net-zero","British Columbia","Interprovincial In-Flows",2038,7843.59344688138
"Global Net-zero","British Columbia","Interprovincial In-Flows",2039,7838.02456338245
"Global Net-zero","British Columbia","Interprovincial In-Flows",2040,7638.17595933078
"Global Net-zero","British Columbia","Interprovincial In-Flows",2041,7910.03969905928
"Global Net-zero","British Columbia","Interprovincial In-Flows",2042,8072.70532487234
"Global Net-zero","British Columbia","Interprovincial In-Flows",2043,8252.80508887975
"Global Net-zero","British Columbia","Interprovincial In-Flows",2044,8701.96350920181
"Global Net-zero","British Columbia","Interprovincial In-Flows",2045,8911.47285324276
"Global Net-zero","British Columbia","Interprovincial In-Flows",2046,9108.62818799063
"Global Net-zero","British Columbia","Interprovincial In-Flows",2047,9387.87503476673
"Global Net-zero","British Columbia","Interprovincial In-Flows",2048,9771.95704543997
"Global Net-zero","British Columbia","Interprovincial In-Flows",2049,10215.9215076066
"Global Net-zero","British Columbia","Interprovincial In-Flows",2050,10616.8659915103
"Global Net-zero","Canada","Interprovincial In-Flows",2005,47302.96
"Global Net-zero","Canada","Interprovincial In-Flows",2006,47099.68
"Global Net-zero","Canada","Interprovincial In-Flows",2007,46149.38
"Global Net-zero","Canada","Interprovincial In-Flows",2008,47999.26
"Global Net-zero","Canada","Interprovincial In-Flows",2009,45240.37
"Global Net-zero","Canada","Interprovincial In-Flows",2010,52316.89
"Global Net-zero","Canada","Interprovincial In-Flows",2011,54500.26
"Global Net-zero","Canada","Interprovincial In-Flows",2012,54648.3
"Global Net-zero","Canada","Interprovincial In-Flows",2013,57773.2
"Global Net-zero","Canada","Interprovincial In-Flows",2014,43214.46
"Global Net-zero","Canada","Interprovincial In-Flows",2015,50026.326
"Global Net-zero","Canada","Interprovincial In-Flows",2016,41370.49
"Global Net-zero","Canada","Interprovincial In-Flows",2017,39973.71
"Global Net-zero","Canada","Interprovincial In-Flows",2018,50361.7
"Global Net-zero","Canada","Interprovincial In-Flows",2019,50825.56
"Global Net-zero","Canada","Interprovincial In-Flows",2020,50520.6743085883
"Global Net-zero","Canada","Interprovincial In-Flows",2021,56900.1186565702
"Global Net-zero","Canada","Interprovincial In-Flows",2022,64958.4539361851
"Global Net-zero","Canada","Interprovincial In-Flows",2023,63020.1354908261
"Global Net-zero","Canada","Interprovincial In-Flows",2024,63938.9189418408
"Global Net-zero","Canada","Interprovincial In-Flows",2025,63795.3434583271
"Global Net-zero","Canada","Interprovincial In-Flows",2026,63287.6638174292
"Global Net-zero","Canada","Interprovincial In-Flows",2027,64221.9873694238
"Global Net-zero","Canada","Interprovincial In-Flows",2028,67453.8223751321
"Global Net-zero","Canada","Interprovincial In-Flows",2029,67891.0849645826
"Global Net-zero","Canada","Interprovincial In-Flows",2030,68480.0791783803
"Global Net-zero","Canada","Interprovincial In-Flows",2031,67455.8011118896
"Global Net-zero","Canada","Interprovincial In-Flows",2032,68416.7379608767
"Global Net-zero","Canada","Interprovincial In-Flows",2033,69566.0413450892
"Global Net-zero","Canada","Interprovincial In-Flows",2034,70124.3605967103
"Global Net-zero","Canada","Interprovincial In-Flows",2035,97424.1550710946
"Global Net-zero","Canada","Interprovincial In-Flows",2036,96471.0899850053
"Global Net-zero","Canada","Interprovincial In-Flows",2037,95740.0342714119
"Global Net-zero","Canada","Interprovincial In-Flows",2038,95133.4968305103
"Global Net-zero","Canada","Interprovincial In-Flows",2039,94442.4651614743
"Global Net-zero","Canada","Interprovincial In-Flows",2040,93776.1343007898
"Global Net-zero","Canada","Interprovincial In-Flows",2041,93294.264126632
"Global Net-zero","Canada","Interprovincial In-Flows",2042,94874.9019418887
"Global Net-zero","Canada","Interprovincial In-Flows",2043,95017.5762595844
"Global Net-zero","Canada","Interprovincial In-Flows",2044,93340.2260828626
"Global Net-zero","Canada","Interprovincial In-Flows",2045,93558.3136056415
"Global Net-zero","Canada","Interprovincial In-Flows",2046,92996.8322980412
"Global Net-zero","Canada","Interprovincial In-Flows",2047,92322.0165906098
"Global Net-zero","Canada","Interprovincial In-Flows",2048,92019.1335414579
"Global Net-zero","Canada","Interprovincial In-Flows",2049,91728.228823031
"Global Net-zero","Canada","Interprovincial In-Flows",2050,92525.3046216609
"Global Net-zero","Manitoba","Interprovincial In-Flows",2005,65.91
"Global Net-zero","Manitoba","Interprovincial In-Flows",2006,302.47
"Global Net-zero","Manitoba","Interprovincial In-Flows",2007,173.57
"Global Net-zero","Manitoba","Interprovincial In-Flows",2008,172.8
"Global Net-zero","Manitoba","Interprovincial In-Flows",2009,136.2
"Global Net-zero","Manitoba","Interprovincial In-Flows",2010,37.05
"Global Net-zero","Manitoba","Interprovincial In-Flows",2011,19.05
"Global Net-zero","Manitoba","Interprovincial In-Flows",2012,47.04
"Global Net-zero","Manitoba","Interprovincial In-Flows",2013,92.65
"Global Net-zero","Manitoba","Interprovincial In-Flows",2014,198.69
"Global Net-zero","Manitoba","Interprovincial In-Flows",2015,789
"Global Net-zero","Manitoba","Interprovincial In-Flows",2016,1095.761
"Global Net-zero","Manitoba","Interprovincial In-Flows",2017,1194.336
"Global Net-zero","Manitoba","Interprovincial In-Flows",2018,39.604
"Global Net-zero","Manitoba","Interprovincial In-Flows",2019,0
"Global Net-zero","Manitoba","Interprovincial In-Flows",2020,0.428
"Global Net-zero","Manitoba","Interprovincial In-Flows",2021,8.264
"Global Net-zero","Manitoba","Interprovincial In-Flows",2022,558.148351108251
"Global Net-zero","Manitoba","Interprovincial In-Flows",2023,537.21341975803
"Global Net-zero","Manitoba","Interprovincial In-Flows",2024,504.970372443828
"Global Net-zero","Manitoba","Interprovincial In-Flows",2025,639.895126146924
"Global Net-zero","Manitoba","Interprovincial In-Flows",2026,497.202821702193
"Global Net-zero","Manitoba","Interprovincial In-Flows",2027,424.410217498326
"Global Net-zero","Manitoba","Interprovincial In-Flows",2028,320.31773422745
"Global Net-zero","Manitoba","Interprovincial In-Flows",2029,313.699317734085
"Global Net-zero","Manitoba","Interprovincial In-Flows",2030,177.081002865461
"Global Net-zero","Manitoba","Interprovincial In-Flows",2031,241.651817962776
"Global Net-zero","Manitoba","Interprovincial In-Flows",2032,239.158279804116
"Global Net-zero","Manitoba","Interprovincial In-Flows",2033,254.652939824165
"Global Net-zero","Manitoba","Interprovincial In-Flows",2034,281.621912729983
"Global Net-zero","Manitoba","Interprovincial In-Flows",2035,3349.94319485672
"Global Net-zero","Manitoba","Interprovincial In-Flows",2036,3326.05149070277
"Global Net-zero","Manitoba","Interprovincial In-Flows",2037,3243.87775315372
"Global Net-zero","Manitoba","Interprovincial In-Flows",2038,3157.59787600374
"Global Net-zero","Manitoba","Interprovincial In-Flows",2039,3145.55024542561
"Global Net-zero","Manitoba","Interprovincial In-Flows",2040,3293.59360769657
"Global Net-zero","Manitoba","Interprovincial In-Flows",2041,3389.57967529359
"Global Net-zero","Manitoba","Interprovincial In-Flows",2042,3414.88514163568
"Global Net-zero","Manitoba","Interprovincial In-Flows",2043,3667.73913498232
"Global Net-zero","Manitoba","Interprovincial In-Flows",2044,3796.38560654598
"Global Net-zero","Manitoba","Interprovincial In-Flows",2045,3958.8057083992
"Global Net-zero","Manitoba","Interprovincial In-Flows",2046,4108.8677818035
"Global Net-zero","Manitoba","Interprovincial In-Flows",2047,4274.85274514136
"Global Net-zero","Manitoba","Interprovincial In-Flows",2048,4413.90834442115
"Global Net-zero","Manitoba","Interprovincial In-Flows",2049,4577.7985696606
"Global Net-zero","Manitoba","Interprovincial In-Flows",2050,4672.79256112131
"Global Net-zero","New Brunswick","Interprovincial In-Flows",2005,83.15
"Global Net-zero","New Brunswick","Interprovincial In-Flows",2006,171.94
"Global Net-zero","New Brunswick","Interprovincial In-Flows",2007,1466.01
"Global Net-zero","New Brunswick","Interprovincial In-Flows",2008,1779.26
"Global Net-zero","New Brunswick","Interprovincial In-Flows",2009,3403.79
"Global Net-zero","New Brunswick","Interprovincial In-Flows",2010,4648.9
"Global Net-zero","New Brunswick","Interprovincial In-Flows",2011,4470.48
"Global Net-zero","New Brunswick","Interprovincial In-Flows",2012,5305.98
"Global Net-zero","New Brunswick","Interprovincial In-Flows",2013,3164.59
"Global Net-zero","New Brunswick","Interprovincial In-Flows",2014,1802.4
"Global Net-zero","New Brunswick","Interprovincial In-Flows",2015,6342.609
"Global Net-zero","New Brunswick","Interprovincial In-Flows",2016,3847.729
"Global Net-zero","New Brunswick","Interprovincial In-Flows",2017,3992.165
"Global Net-zero","New Brunswick","Interprovincial In-Flows",2018,2943.688
"Global Net-zero","New Brunswick","Interprovincial In-Flows",2019,1074.651
"Global Net-zero","New Brunswick","Interprovincial In-Flows",2020,4762.013
"Global Net-zero","New Brunswick","Interprovincial In-Flows",2021,5102.333
"Global Net-zero","New Brunswick","Interprovincial In-Flows",2022,6207.12254192211
"Global Net-zero","New Brunswick","Interprovincial In-Flows",2023,5401.05740183841
"Global Net-zero","New Brunswick","Interprovincial In-Flows",2024,5523.11356472823
"Global Net-zero","New Brunswick","Interprovincial In-Flows",2025,6468.62066560352
"Global Net-zero","New Brunswick","Interprovincial In-Flows",2026,6112.10793711471
"Global Net-zero","New Brunswick","Interprovincial In-Flows",2027,6415.60059496709
"Global Net-zero","New Brunswick","Interprovincial In-Flows",2028,7762.44670202038
"Global Net-zero","New Brunswick","Interprovincial In-Flows",2029,8626.17503380519
"Global Net-zero","New Brunswick","Interprovincial In-Flows",2030,9377.20992420195
"Global Net-zero","New Brunswick","Interprovincial In-Flows",2031,8358.62180733846
"Global Net-zero","New Brunswick","Interprovincial In-Flows",2032,7665.63471938881
"Global Net-zero","New Brunswick","Interprovincial In-Flows",2033,7243.81235406884
"Global Net-zero","New Brunswick","Interprovincial In-Flows",2034,6847.08430148944
"Global Net-zero","New Brunswick","Interprovincial In-Flows",2035,6108.830120917
"Global Net-zero","New Brunswick","Interprovincial In-Flows",2036,5874.49474638261
"Global Net-zero","New Brunswick","Interprovincial In-Flows",2037,5562.3217349773
"Global Net-zero","New Brunswick","Interprovincial In-Flows",2038,5320.93957808822
"Global Net-zero","New Brunswick","Interprovincial In-Flows",2039,5331.66565721219
"Global Net-zero","New Brunswick","Interprovincial In-Flows",2040,5147.82177132706
"Global Net-zero","New Brunswick","Interprovincial In-Flows",2041,4973.96326793057
"Global Net-zero","New Brunswick","Interprovincial In-Flows",2042,8659.27240749133
"Global Net-zero","New Brunswick","Interprovincial In-Flows",2043,9126.43540821852
"Global Net-zero","New Brunswick","Interprovincial In-Flows",2044,6672.51380508383
"Global Net-zero","New Brunswick","Interprovincial In-Flows",2045,7023.23307287967
"Global Net-zero","New Brunswick","Interprovincial In-Flows",2046,6998.57448700846
"Global Net-zero","New Brunswick","Interprovincial In-Flows",2047,6935.2953959557
"Global Net-zero","New Brunswick","Interprovincial In-Flows",2048,6869.50824092376
"Global Net-zero","New Brunswick","Interprovincial In-Flows",2049,6693.60424788636
"Global Net-zero","New Brunswick","Interprovincial In-Flows",2050,6560.84426036176
"Global Net-zero","Newfoundland and Labrador","Interprovincial In-Flows",2005,15.69
"Global Net-zero","Newfoundland and Labrador","Interprovincial In-Flows",2006,15.66
"Global Net-zero","Newfoundland and Labrador","Interprovincial In-Flows",2007,16.95
"Global Net-zero","Newfoundland and Labrador","Interprovincial In-Flows",2008,17.11
"Global Net-zero","Newfoundland and Labrador","Interprovincial In-Flows",2009,19.6
"Global Net-zero","Newfoundland and Labrador","Interprovincial In-Flows",2010,21.33
"Global Net-zero","Newfoundland and Labrador","Interprovincial In-Flows",2011,22.66
"Global Net-zero","Newfoundland and Labrador","Interprovincial In-Flows",2012,22.03
"Global Net-zero","Newfoundland and Labrador","Interprovincial In-Flows",2013,23.05
"Global Net-zero","Newfoundland and Labrador","Interprovincial In-Flows",2014,22.48
"Global Net-zero","Newfoundland and Labrador","Interprovincial In-Flows",2015,24.579
"Global Net-zero","Newfoundland and Labrador","Interprovincial In-Flows",2016,0
"Global Net-zero","Newfoundland and Labrador","Interprovincial In-Flows",2017,0
"Global Net-zero","Newfoundland and Labrador","Interprovincial In-Flows",2018,0
"Global Net-zero","Newfoundland and Labrador","Interprovincial In-Flows",2019,0
"Global Net-zero","Newfoundland and Labrador","Interprovincial In-Flows",2020,205.241
"Global Net-zero","Newfoundland and Labrador","Interprovincial In-Flows",2021,36.261
"Global Net-zero","Newfoundland and Labrador","Interprovincial In-Flows",2022,17.4187968055242
"Global Net-zero","Newfoundland and Labrador","Interprovincial In-Flows",2023,17.0247774257295
"Global Net-zero","Newfoundland and Labrador","Interprovincial In-Flows",2024,26.4460805293969
"Global Net-zero","Newfoundland and Labrador","Interprovincial In-Flows",2025,0.728544451186
"Global Net-zero","Newfoundland and Labrador","Interprovincial In-Flows",2026,1.74732630762229
"Global Net-zero","Newfoundland and Labrador","Interprovincial In-Flows",2027,3.7932426119604
"Global Net-zero","Newfoundland and Labrador","Interprovincial In-Flows",2028,3.48367443827622
"Global Net-zero","Newfoundland and Labrador","Interprovincial In-Flows",2029,3.575349750048
"Global Net-zero","Newfoundland and Labrador","Interprovincial In-Flows",2030,3.2697320154824
"Global Net-zero","Newfoundland and Labrador","Interprovincial In-Flows",2031,93.6226523804614
"Global Net-zero","Newfoundland and Labrador","Interprovincial In-Flows",2032,467.74624641679
"Global Net-zero","Newfoundland and Labrador","Interprovincial In-Flows",2033,1087.36120550469
"Global Net-zero","Newfoundland and Labrador","Interprovincial In-Flows",2034,1540.5329023438
"Global Net-zero","Newfoundland and Labrador","Interprovincial In-Flows",2035,1938.73959714851
"Global Net-zero","Newfoundland and Labrador","Interprovincial In-Flows",2036,1827.26318099083
"Global Net-zero","Newfoundland and Labrador","Interprovincial In-Flows",2037,1766.01969870875
"Global Net-zero","Newfoundland and Labrador","Interprovincial In-Flows",2038,1696.02293904994
"Global Net-zero","Newfoundland and Labrador","Interprovincial In-Flows",2039,1570.9099957647
"Global Net-zero","Newfoundland and Labrador","Interprovincial In-Flows",2040,1560.13529044705
"Global Net-zero","Newfoundland and Labrador","Interprovincial In-Flows",2041,1484.37790053959
"Global Net-zero","Newfoundland and Labrador","Interprovincial In-Flows",2042,964.68528592116
"Global Net-zero","Newfoundland and Labrador","Interprovincial In-Flows",2043,868.224584196912
"Global Net-zero","Newfoundland and Labrador","Interprovincial In-Flows",2044,944.153823301671
"Global Net-zero","Newfoundland and Labrador","Interprovincial In-Flows",2045,830.756275098281
"Global Net-zero","Newfoundland and Labrador","Interprovincial In-Flows",2046,766.180119040484
"Global Net-zero","Newfoundland and Labrador","Interprovincial In-Flows",2047,703.955492183421
"Global Net-zero","Newfoundland and Labrador","Interprovincial In-Flows",2048,629.417421201395
"Global Net-zero","Newfoundland and Labrador","Interprovincial In-Flows",2049,561.705940112193
"Global Net-zero","Newfoundland and Labrador","Interprovincial In-Flows",2050,539.572540792311
"Global Net-zero","Nova Scotia","Interprovincial In-Flows",2005,185.86
"Global Net-zero","Nova Scotia","Interprovincial In-Flows",2006,106.31
"Global Net-zero","Nova Scotia","Interprovincial In-Flows",2007,280.6
"Global Net-zero","Nova Scotia","Interprovincial In-Flows",2008,300.22
"Global Net-zero","Nova Scotia","Interprovincial In-Flows",2009,299.26
"Global Net-zero","Nova Scotia","Interprovincial In-Flows",2010,265.11
"Global Net-zero","Nova Scotia","Interprovincial In-Flows",2011,381.83
"Global Net-zero","Nova Scotia","Interprovincial In-Flows",2012,178.68
"Global Net-zero","Nova Scotia","Interprovincial In-Flows",2013,559.51
"Global Net-zero","Nova Scotia","Interprovincial In-Flows",2014,230.31
"Global Net-zero","Nova Scotia","Interprovincial In-Flows",2015,623.468
"Global Net-zero","Nova Scotia","Interprovincial In-Flows",2016,1132.515
"Global Net-zero","Nova Scotia","Interprovincial In-Flows",2017,1224.524
"Global Net-zero","Nova Scotia","Interprovincial In-Flows",2018,526.513
"Global Net-zero","Nova Scotia","Interprovincial In-Flows",2019,3416.4
"Global Net-zero","Nova Scotia","Interprovincial In-Flows",2020,633.126
"Global Net-zero","Nova Scotia","Interprovincial In-Flows",2021,1006.642
"Global Net-zero","Nova Scotia","Interprovincial In-Flows",2022,4466.11796260789
"Global Net-zero","Nova Scotia","Interprovincial In-Flows",2023,4498.29445677621
"Global Net-zero","Nova Scotia","Interprovincial In-Flows",2024,4620.913811604
"Global Net-zero","Nova Scotia","Interprovincial In-Flows",2025,5328.96796767364
"Global Net-zero","Nova Scotia","Interprovincial In-Flows",2026,4606.90093059901
"Global Net-zero","Nova Scotia","Interprovincial In-Flows",2027,4309.29111699273
"Global Net-zero","Nova Scotia","Interprovincial In-Flows",2028,4191.62953739858
"Global Net-zero","Nova Scotia","Interprovincial In-Flows",2029,4060.94614043736
"Global Net-zero","Nova Scotia","Interprovincial In-Flows",2030,4078.59005126931
"Global Net-zero","Nova Scotia","Interprovincial In-Flows",2031,3428.6595180144
"Global Net-zero","Nova Scotia","Interprovincial In-Flows",2032,2688.09047494779
"Global Net-zero","Nova Scotia","Interprovincial In-Flows",2033,2211.82260120396
"Global Net-zero","Nova Scotia","Interprovincial In-Flows",2034,1957.47539471395
"Global Net-zero","Nova Scotia","Interprovincial In-Flows",2035,1834.9407817773
"Global Net-zero","Nova Scotia","Interprovincial In-Flows",2036,1858.95087098852
"Global Net-zero","Nova Scotia","Interprovincial In-Flows",2037,1912.37264967668
"Global Net-zero","Nova Scotia","Interprovincial In-Flows",2038,1989.08823081772
"Global Net-zero","Nova Scotia","Interprovincial In-Flows",2039,2047.98860421921
"Global Net-zero","Nova Scotia","Interprovincial In-Flows",2040,2117.33956901326
"Global Net-zero","Nova Scotia","Interprovincial In-Flows",2041,2205.48096391787
"Global Net-zero","Nova Scotia","Interprovincial In-Flows",2042,2457.90394523665
"Global Net-zero","Nova Scotia","Interprovincial In-Flows",2043,2553.06863941445
"Global Net-zero","Nova Scotia","Interprovincial In-Flows",2044,2592.99149962145
"Global Net-zero","Nova Scotia","Interprovincial In-Flows",2045,2691.46591624697
"Global Net-zero","Nova Scotia","Interprovincial In-Flows",2046,2756.66595287243
"Global Net-zero","Nova Scotia","Interprovincial In-Flows",2047,2830.09835038482
"Global Net-zero","Nova Scotia","Interprovincial In-Flows",2048,2925.60454225804
"Global Net-zero","Nova Scotia","Interprovincial In-Flows",2049,2982.99399069575
"Global Net-zero","Nova Scotia","Interprovincial In-Flows",2050,3109.36286185147
"Global Net-zero","Ontario","Interprovincial In-Flows",2005,5795
"Global Net-zero","Ontario","Interprovincial In-Flows",2006,4889
"Global Net-zero","Ontario","Interprovincial In-Flows",2007,4198
"Global Net-zero","Ontario","Interprovincial In-Flows",2008,3639
"Global Net-zero","Ontario","Interprovincial In-Flows",2009,5483
"Global Net-zero","Ontario","Interprovincial In-Flows",2010,3929
"Global Net-zero","Ontario","Interprovincial In-Flows",2011,4165
"Global Net-zero","Ontario","Interprovincial In-Flows",2012,5026
"Global Net-zero","Ontario","Interprovincial In-Flows",2013,6056
"Global Net-zero","Ontario","Interprovincial In-Flows",2014,3900.14
"Global Net-zero","Ontario","Interprovincial In-Flows",2015,5839.745
"Global Net-zero","Ontario","Interprovincial In-Flows",2016,824.7177
"Global Net-zero","Ontario","Interprovincial In-Flows",2017,770.796
"Global Net-zero","Ontario","Interprovincial In-Flows",2018,8528.492
"Global Net-zero","Ontario","Interprovincial In-Flows",2019,5978.7
"Global Net-zero","Ontario","Interprovincial In-Flows",2020,6087.786
"Global Net-zero","Ontario","Interprovincial In-Flows",2021,9120.345
"Global Net-zero","Ontario","Interprovincial In-Flows",2022,2476.38772374163
"Global Net-zero","Ontario","Interprovincial In-Flows",2023,2944.26615264666
"Global Net-zero","Ontario","Interprovincial In-Flows",2024,3141.96539921181
"Global Net-zero","Ontario","Interprovincial In-Flows",2025,8174.50539474421
"Global Net-zero","Ontario","Interprovincial In-Flows",2026,10784.0038454742
"Global Net-zero","Ontario","Interprovincial In-Flows",2027,11953.0544049995
"Global Net-zero","Ontario","Interprovincial In-Flows",2028,14036.2026625297
"Global Net-zero","Ontario","Interprovincial In-Flows",2029,14289.4382968556
"Global Net-zero","Ontario","Interprovincial In-Flows",2030,14367.8989831373
"Global Net-zero","Ontario","Interprovincial In-Flows",2031,14219.090833401
"Global Net-zero","Ontario","Interprovincial In-Flows",2032,15109.178715351
"Global Net-zero","Ontario","Interprovincial In-Flows",2033,15403.9794955996
"Global Net-zero","Ontario","Interprovincial In-Flows",2034,15602.2998542208
"Global Net-zero","Ontario","Interprovincial In-Flows",2035,23126.5628147064
"Global Net-zero","Ontario","Interprovincial In-Flows",2036,22894.753475497
"Global Net-zero","Ontario","Interprovincial In-Flows",2037,22685.2201968715
"Global Net-zero","Ontario","Interprovincial In-Flows",2038,22681.1966022305
"Global Net-zero","Ontario","Interprovincial In-Flows",2039,22287.0329327657
"Global Net-zero","Ontario","Interprovincial In-Flows",2040,22018.1960418599
"Global Net-zero","Ontario","Interprovincial In-Flows",2041,22032.3378658426
"Global Net-zero","Ontario","Interprovincial In-Flows",2042,20285.4463770302
"Global Net-zero","Ontario","Interprovincial In-Flows",2043,19909.3220610159
"Global Net-zero","Ontario","Interprovincial In-Flows",2044,20620.5691998416
"Global Net-zero","Ontario","Interprovincial In-Flows",2045,20148.7690577497
"Global Net-zero","Ontario","Interprovincial In-Flows",2046,19068.4201251149
"Global Net-zero","Ontario","Interprovincial In-Flows",2047,17935.3992410828
"Global Net-zero","Ontario","Interprovincial In-Flows",2048,16895.4536612302
"Global Net-zero","Ontario","Interprovincial In-Flows",2049,15940.3577345498
"Global Net-zero","Ontario","Interprovincial In-Flows",2050,15789.2015579582
"Global Net-zero","Prince Edward Island","Interprovincial In-Flows",2005,1151.69
"Global Net-zero","Prince Edward Island","Interprovincial In-Flows",2006,1262.82
"Global Net-zero","Prince Edward Island","Interprovincial In-Flows",2007,1160.94
"Global Net-zero","Prince Edward Island","Interprovincial In-Flows",2008,1080.57
"Global Net-zero","Prince Edward Island","Interprovincial In-Flows",2009,1047.6
"Global Net-zero","Prince Edward Island","Interprovincial In-Flows",2010,1013.1
"Global Net-zero","Prince Edward Island","Interprovincial In-Flows",2011,1014.3
"Global Net-zero","Prince Edward Island","Interprovincial In-Flows",2012,1045.4
"Global Net-zero","Prince Edward Island","Interprovincial In-Flows",2013,1093.5
"Global Net-zero","Prince Edward Island","Interprovincial In-Flows",2014,831.05
"Global Net-zero","Prince Edward Island","Interprovincial In-Flows",2015,1061.212
"Global Net-zero","Prince Edward Island","Interprovincial In-Flows",2016,1667.57
"Global Net-zero","Prince Edward Island","Interprovincial In-Flows",2017,1645.563
"Global Net-zero","Prince Edward Island","Interprovincial In-Flows",2018,1130.801
"Global Net-zero","Prince Edward Island","Interprovincial In-Flows",2019,1054.366
"Global Net-zero","Prince Edward Island","Interprovincial In-Flows",2020,932.297308588299
"Global Net-zero","Prince Edward Island","Interprovincial In-Flows",2021,848.183656570253
"Global Net-zero","Prince Edward Island","Interprovincial In-Flows",2022,921.825082599
"Global Net-zero","Prince Edward Island","Interprovincial In-Flows",2023,939.071684920999
"Global Net-zero","Prince Edward Island","Interprovincial In-Flows",2024,957.08519333
"Global Net-zero","Prince Edward Island","Interprovincial In-Flows",2025,781.541544772999
"Global Net-zero","Prince Edward Island","Interprovincial In-Flows",2026,809.507656065999
"Global Net-zero","Prince Edward Island","Interprovincial In-Flows",2027,842.876381232
"Global Net-zero","Prince Edward Island","Interprovincial In-Flows",2028,883.393864406
"Global Net-zero","Prince Edward Island","Interprovincial In-Flows",2029,921.187988966725
"Global Net-zero","Prince Edward Island","Interprovincial In-Flows",2030,938.1243920955
"Global Net-zero","Prince Edward Island","Interprovincial In-Flows",2031,967.47525907021
"Global Net-zero","Prince Edward Island","Interprovincial In-Flows",2032,1009.74339102489
"Global Net-zero","Prince Edward Island","Interprovincial In-Flows",2033,1048.711084512
"Global Net-zero","Prince Edward Island","Interprovincial In-Flows",2034,1089.83972900052
"Global Net-zero","Prince Edward Island","Interprovincial In-Flows",2035,759.3586132684
"Global Net-zero","Prince Edward Island","Interprovincial In-Flows",2036,713.784403082798
"Global Net-zero","Prince Edward Island","Interprovincial In-Flows",2037,663.56559351563
"Global Net-zero","Prince Edward Island","Interprovincial In-Flows",2038,621.811360169131
"Global Net-zero","Prince Edward Island","Interprovincial In-Flows",2039,562.963289470311
"Global Net-zero","Prince Edward Island","Interprovincial In-Flows",2040,490.819341184475
"Global Net-zero","Prince Edward Island","Interprovincial In-Flows",2041,518.295961032666
"Global Net-zero","Prince Edward Island","Interprovincial In-Flows",2042,401.443076578461
"Global Net-zero","Prince Edward Island","Interprovincial In-Flows",2043,399.504009037244
"Global Net-zero","Prince Edward Island","Interprovincial In-Flows",2044,476.850312272309
"Global Net-zero","Prince Edward Island","Interprovincial In-Flows",2045,470.955400425798
"Global Net-zero","Prince Edward Island","Interprovincial In-Flows",2046,489.750148223522
"Global Net-zero","Prince Edward Island","Interprovincial In-Flows",2047,541.116983846947
"Global Net-zero","Prince Edward Island","Interprovincial In-Flows",2048,591.960323295413
"Global Net-zero","Prince Edward Island","Interprovincial In-Flows",2049,634.707132195426
"Global Net-zero","Prince Edward Island","Interprovincial In-Flows",2050,475.825738602423
"Global Net-zero","Quebec","Interprovincial In-Flows",2005,36787
"Global Net-zero","Quebec","Interprovincial In-Flows",2006,37303
"Global Net-zero","Quebec","Interprovincial In-Flows",2007,34939
"Global Net-zero","Quebec","Interprovincial In-Flows",2008,37589
"Global Net-zero","Quebec","Interprovincial In-Flows",2009,29362
"Global Net-zero","Quebec","Interprovincial In-Flows",2010,36632
"Global Net-zero","Quebec","Interprovincial In-Flows",2011,34766
"Global Net-zero","Quebec","Interprovincial In-Flows",2012,34274
"Global Net-zero","Quebec","Interprovincial In-Flows",2013,40072
"Global Net-zero","Quebec","Interprovincial In-Flows",2014,33766.08
"Global Net-zero","Quebec","Interprovincial In-Flows",2015,33171.115
"Global Net-zero","Quebec","Interprovincial In-Flows",2016,31087.8
"Global Net-zero","Quebec","Interprovincial In-Flows",2017,29219.65
"Global Net-zero","Quebec","Interprovincial In-Flows",2018,34071.748
"Global Net-zero","Quebec","Interprovincial In-Flows",2019,37564.63
"Global Net-zero","Quebec","Interprovincial In-Flows",2020,30999.672
"Global Net-zero","Quebec","Interprovincial In-Flows",2021,33845.612
"Global Net-zero","Quebec","Interprovincial In-Flows",2022,40775.6188024588
"Global Net-zero","Quebec","Interprovincial In-Flows",2023,39221.9578620607
"Global Net-zero","Quebec","Interprovincial In-Flows",2024,39619.5403168181
"Global Net-zero","Quebec","Interprovincial In-Flows",2025,32277.031122252
"Global Net-zero","Quebec","Interprovincial In-Flows",2026,30092.6718364981
"Global Net-zero","Quebec","Interprovincial In-Flows",2027,29665.9254622854
"Global Net-zero","Quebec","Interprovincial In-Flows",2028,29608.0685015227
"Global Net-zero","Quebec","Interprovincial In-Flows",2029,29996.5623564181
"Global Net-zero","Quebec","Interprovincial In-Flows",2030,30346.3629790688
"Global Net-zero","Quebec","Interprovincial In-Flows",2031,31125.3117870229
"Global Net-zero","Quebec","Interprovincial In-Flows",2032,31504.4889236533
"Global Net-zero","Quebec","Interprovincial In-Flows",2033,32319.5702986294
"Global Net-zero","Quebec","Interprovincial In-Flows",2034,32847.384266515
"Global Net-zero","Quebec","Interprovincial In-Flows",2035,35467.2885311679
"Global Net-zero","Quebec","Interprovincial In-Flows",2036,35329.1410494001
"Global Net-zero","Quebec","Interprovincial In-Flows",2037,35092.9475932147
"Global Net-zero","Quebec","Interprovincial In-Flows",2038,34937.095999301
"Global Net-zero","Quebec","Interprovincial In-Flows",2039,34792.2315063285
"Global Net-zero","Quebec","Interprovincial In-Flows",2040,34678.7790779962
"Global Net-zero","Quebec","Interprovincial In-Flows",2041,34378.4050437571
"Global Net-zero","Quebec","Interprovincial In-Flows",2042,34698.3225533128
"Global Net-zero","Quebec","Interprovincial In-Flows",2043,34612.8521177
"Global Net-zero","Quebec","Interprovincial In-Flows",2044,34128.5025914299
"Global Net-zero","Quebec","Interprovincial In-Flows",2045,34209.5288942379
"Global Net-zero","Quebec","Interprovincial In-Flows",2046,34763.9905318049
"Global Net-zero","Quebec","Interprovincial In-Flows",2047,35149.6027317975
"Global Net-zero","Quebec","Interprovincial In-Flows",2048,35636.8006061791
"Global Net-zero","Quebec","Interprovincial In-Flows",2049,36065.7310981336
"Global Net-zero","Quebec","Interprovincial In-Flows",2050,36948.9889850152
"Global Net-zero","Saskatchewan","Interprovincial In-Flows",2005,525.6
"Global Net-zero","Saskatchewan","Interprovincial In-Flows",2006,602.07
"Global Net-zero","Saskatchewan","Interprovincial In-Flows",2007,1031.83
"Global Net-zero","Saskatchewan","Interprovincial In-Flows",2008,683.37
"Global Net-zero","Saskatchewan","Interprovincial In-Flows",2009,437.2
"Global Net-zero","Saskatchewan","Interprovincial In-Flows",2010,279.15
"Global Net-zero","Saskatchewan","Interprovincial In-Flows",2011,156.05
"Global Net-zero","Saskatchewan","Interprovincial In-Flows",2012,485.21
"Global Net-zero","Saskatchewan","Interprovincial In-Flows",2013,448.94
"Global Net-zero","Saskatchewan","Interprovincial In-Flows",2014,710.6
"Global Net-zero","Saskatchewan","Interprovincial In-Flows",2015,487.258
"Global Net-zero","Saskatchewan","Interprovincial In-Flows",2016,415.8297
"Global Net-zero","Saskatchewan","Interprovincial In-Flows",2017,640.3875
"Global Net-zero","Saskatchewan","Interprovincial In-Flows",2018,404.605
"Global Net-zero","Saskatchewan","Interprovincial In-Flows",2019,625.7485
"Global Net-zero","Saskatchewan","Interprovincial In-Flows",2020,498.943
"Global Net-zero","Saskatchewan","Interprovincial In-Flows",2021,655.715
"Global Net-zero","Saskatchewan","Interprovincial In-Flows",2022,2821.87882728333
"Global Net-zero","Saskatchewan","Interprovincial In-Flows",2023,3221.79788955181
"Global Net-zero","Saskatchewan","Interprovincial In-Flows",2024,2387.51000521808
"Global Net-zero","Saskatchewan","Interprovincial In-Flows",2025,3326.85189603503
"Global Net-zero","Saskatchewan","Interprovincial In-Flows",2026,3316.47479405001
"Global Net-zero","Saskatchewan","Interprovincial In-Flows",2027,3271.14493122067
"Global Net-zero","Saskatchewan","Interprovincial In-Flows",2028,3286.95138278415
"Global Net-zero","Saskatchewan","Interprovincial In-Flows",2029,3095.46325326657
"Global Net-zero","Saskatchewan","Interprovincial In-Flows",2030,3028.46822387885
"Global Net-zero","Saskatchewan","Interprovincial In-Flows",2031,2954.44375507913
"Global Net-zero","Saskatchewan","Interprovincial In-Flows",2032,2897.36171894729
"Global Net-zero","Saskatchewan","Interprovincial In-Flows",2033,2860.91314958758
"Global Net-zero","Saskatchewan","Interprovincial In-Flows",2034,2760.79358573354
"Global Net-zero","Saskatchewan","Interprovincial In-Flows",2035,9563.30571385764
"Global Net-zero","Saskatchewan","Interprovincial In-Flows",2036,9580.40080314047
"Global Net-zero","Saskatchewan","Interprovincial In-Flows",2037,9548.89074022266
"Global Net-zero","Saskatchewan","Interprovincial In-Flows",2038,9393.14615164638
"Global Net-zero","Saskatchewan","Interprovincial In-Flows",2039,9346.69193185671
"Global Net-zero","Saskatchewan","Interprovincial In-Flows",2040,9203.02335848925
"Global Net-zero","Saskatchewan","Interprovincial In-Flows",2041,8993.78653064285
"Global Net-zero","Saskatchewan","Interprovincial In-Flows",2042,8668.15381355637
"Global Net-zero","Saskatchewan","Interprovincial In-Flows",2043,8451.32930226367
"Global Net-zero","Saskatchewan","Interprovincial In-Flows",2044,8322.7592904578
"Global Net-zero","Saskatchewan","Interprovincial In-Flows",2045,8235.71310056981
"Global Net-zero","Saskatchewan","Interprovincial In-Flows",2046,8171.51258259289
"Global Net-zero","Saskatchewan","Interprovincial In-Flows",2047,8103.01324498585
"Global Net-zero","Saskatchewan","Interprovincial In-Flows",2048,8087.79065853106
"Global Net-zero","Saskatchewan","Interprovincial In-Flows",2049,8144.80160861036
"Global Net-zero","Saskatchewan","Interprovincial In-Flows",2050,8244.61609266031
"Canada Net-zero","Alberta","Exports",2005,85.69
"Canada Net-zero","Alberta","Exports",2006,67.41
"Canada Net-zero","Alberta","Exports",2007,154.75
"Canada Net-zero","Alberta","Exports",2008,227.85
"Canada Net-zero","Alberta","Exports",2009,262.33
"Canada Net-zero","Alberta","Exports",2010,255.54
"Canada Net-zero","Alberta","Exports",2011,128.4
"Canada Net-zero","Alberta","Exports",2012,41.58
"Canada Net-zero","Alberta","Exports",2013,5.17
"Canada Net-zero","Alberta","Exports",2014,54.27
"Canada Net-zero","Alberta","Exports",2015,292
"Canada Net-zero","Alberta","Exports",2016,220.98
"Canada Net-zero","Alberta","Exports",2017,621.7
"Canada Net-zero","Alberta","Exports",2018,335.729
"Canada Net-zero","Alberta","Exports",2019,332.88
"Canada Net-zero","Alberta","Exports",2020,57.0576579999999
"Canada Net-zero","Alberta","Exports",2021,121.49
"Canada Net-zero","Alberta","Exports",2022,410
"Canada Net-zero","Alberta","Exports",2023,410
"Canada Net-zero","Alberta","Exports",2024,410
"Canada Net-zero","Alberta","Exports",2025,410
"Canada Net-zero","Alberta","Exports",2026,410
"Canada Net-zero","Alberta","Exports",2027,410
"Canada Net-zero","Alberta","Exports",2028,410
"Canada Net-zero","Alberta","Exports",2029,410
"Canada Net-zero","Alberta","Exports",2030,410
"Canada Net-zero","Alberta","Exports",2031,410
"Canada Net-zero","Alberta","Exports",2032,410
"Canada Net-zero","Alberta","Exports",2033,410
"Canada Net-zero","Alberta","Exports",2034,410
"Canada Net-zero","Alberta","Exports",2035,410
"Canada Net-zero","Alberta","Exports",2036,410
"Canada Net-zero","Alberta","Exports",2037,410
"Canada Net-zero","Alberta","Exports",2038,410
"Canada Net-zero","Alberta","Exports",2039,410
"Canada Net-zero","Alberta","Exports",2040,410
"Canada Net-zero","Alberta","Exports",2041,410
"Canada Net-zero","Alberta","Exports",2042,410
"Canada Net-zero","Alberta","Exports",2043,410
"Canada Net-zero","Alberta","Exports",2044,410
"Canada Net-zero","Alberta","Exports",2045,410
"Canada Net-zero","Alberta","Exports",2046,410
"Canada Net-zero","Alberta","Exports",2047,410
"Canada Net-zero","Alberta","Exports",2048,410
"Canada Net-zero","Alberta","Exports",2049,410
"Canada Net-zero","Alberta","Exports",2050,410
"Canada Net-zero","British Columbia","Exports",2005,8258.69
"Canada Net-zero","British Columbia","Exports",2006,5081.5
"Canada Net-zero","British Columbia","Exports",2007,10078.97
"Canada Net-zero","British Columbia","Exports",2008,8431.62
"Canada Net-zero","British Columbia","Exports",2009,6852.32
"Canada Net-zero","British Columbia","Exports",2010,5670.65
"Canada Net-zero","British Columbia","Exports",2011,9953.89
"Canada Net-zero","British Columbia","Exports",2012,11065.28
"Canada Net-zero","British Columbia","Exports",2013,9869.6
"Canada Net-zero","British Columbia","Exports",2014,7395.15
"Canada Net-zero","British Columbia","Exports",2015,12392
"Canada Net-zero","British Columbia","Exports",2016,13720
"Canada Net-zero","British Columbia","Exports",2017,13974
"Canada Net-zero","British Columbia","Exports",2018,8782.729
"Canada Net-zero","British Columbia","Exports",2019,6142.035
"Canada Net-zero","British Columbia","Exports",2020,11954.427
"Canada Net-zero","British Columbia","Exports",2021,11430.41
"Canada Net-zero","British Columbia","Exports",2022,8345.41
"Canada Net-zero","British Columbia","Exports",2023,7867.28
"Canada Net-zero","British Columbia","Exports",2024,6857.65
"Canada Net-zero","British Columbia","Exports",2025,8440.35
"Canada Net-zero","British Columbia","Exports",2026,7768.11
"Canada Net-zero","British Columbia","Exports",2027,7273.34
"Canada Net-zero","British Columbia","Exports",2028,6755.89
"Canada Net-zero","British Columbia","Exports",2029,6546.91
"Canada Net-zero","British Columbia","Exports",2030,6317.29
"Canada Net-zero","British Columbia","Exports",2031,6496.08
"Canada Net-zero","British Columbia","Exports",2032,6391.45
"Canada Net-zero","British Columbia","Exports",2033,5912.27
"Canada Net-zero","British Columbia","Exports",2034,5959.49
"Canada Net-zero","British Columbia","Exports",2035,5625.01
"Canada Net-zero","British Columbia","Exports",2036,5399.6
"Canada Net-zero","British Columbia","Exports",2037,5630.9
"Canada Net-zero","British Columbia","Exports",2038,5821.78
"Canada Net-zero","British Columbia","Exports",2039,6361.16
"Canada Net-zero","British Columbia","Exports",2040,6247.23
"Canada Net-zero","British Columbia","Exports",2041,6564.69
"Canada Net-zero","British Columbia","Exports",2042,6071.6
"Canada Net-zero","British Columbia","Exports",2043,5529.4
"Canada Net-zero","British Columbia","Exports",2044,5948.13
"Canada Net-zero","British Columbia","Exports",2045,5319.71
"Canada Net-zero","British Columbia","Exports",2046,5515.75
"Canada Net-zero","British Columbia","Exports",2047,5650.23
"Canada Net-zero","British Columbia","Exports",2048,5811.37
"Canada Net-zero","British Columbia","Exports",2049,5969.02
"Canada Net-zero","British Columbia","Exports",2050,6125.6
"Canada Net-zero","Canada","Exports",2005,43527.53
"Canada Net-zero","Canada","Exports",2006,42735.42
"Canada Net-zero","Canada","Exports",2007,50331
"Canada Net-zero","Canada","Exports",2008,56022.14
"Canada Net-zero","Canada","Exports",2009,51781.53
"Canada Net-zero","Canada","Exports",2010,44387.87
"Canada Net-zero","Canada","Exports",2011,51516.68
"Canada Net-zero","Canada","Exports",2012,57864.48
"Canada Net-zero","Canada","Exports",2013,62114.56
"Canada Net-zero","Canada","Exports",2014,58794.69
"Canada Net-zero","Canada","Exports",2015,67097
"Canada Net-zero","Canada","Exports",2016,73102.68
"Canada Net-zero","Canada","Exports",2017,72039.76
"Canada Net-zero","Canada","Exports",2018,60010.029
"Canada Net-zero","Canada","Exports",2019,48886.67
"Canada Net-zero","Canada","Exports",2020,67395.960035
"Canada Net-zero","Canada","Exports",2021,60402.79
"Canada Net-zero","Canada","Exports",2022,60153.5599999999
"Canada Net-zero","Canada","Exports",2023,53558.1899999999
"Canada Net-zero","Canada","Exports",2024,54416.47
"Canada Net-zero","Canada","Exports",2025,51521.61
"Canada Net-zero","Canada","Exports",2026,52962.18
"Canada Net-zero","Canada","Exports",2027,56996.6199999999
"Canada Net-zero","Canada","Exports",2028,59369.09
"Canada Net-zero","Canada","Exports",2029,60187.09
"Canada Net-zero","Canada","Exports",2030,61992.8299999999
"Canada Net-zero","Canada","Exports",2031,59811.05
"Canada Net-zero","Canada","Exports",2032,60911.0799999999
"Canada Net-zero","Canada","Exports",2033,59595.3599999998
"Canada Net-zero","Canada","Exports",2034,61035.86
"Canada Net-zero","Canada","Exports",2035,59555.23
"Canada Net-zero","Canada","Exports",2036,58963.0099999999
"Canada Net-zero","Canada","Exports",2037,58270.8999999999
"Canada Net-zero","Canada","Exports",2038,58524.5499999999
"Canada Net-zero","Canada","Exports",2039,59356.6299999999
"Canada Net-zero","Canada","Exports",2040,59640.7099999997
"Canada Net-zero","Canada","Exports",2041,58282.4299999999
"Canada Net-zero","Canada","Exports",2042,57530.78
"Canada Net-zero","Canada","Exports",2043,56770.8399999999
"Canada Net-zero","Canada","Exports",2044,57564.8099999998
"Canada Net-zero","Canada","Exports",2045,56602.14
"Canada Net-zero","Canada","Exports",2046,56755.46
"Canada Net-zero","Canada","Exports",2047,56764.32
"Canada Net-zero","Canada","Exports",2048,56933.2099999998
"Canada Net-zero","Canada","Exports",2049,56982.0599999999
"Canada Net-zero","Canada","Exports",2050,57095.1199999999
"Canada Net-zero","Manitoba","Exports",2005,12140.6
"Canada Net-zero","Manitoba","Exports",2006,12344.45
"Canada Net-zero","Manitoba","Exports",2007,11092.81
"Canada Net-zero","Manitoba","Exports",2008,9880.37
"Canada Net-zero","Manitoba","Exports",2009,9238.32
"Canada Net-zero","Manitoba","Exports",2010,9071.36
"Canada Net-zero","Manitoba","Exports",2011,9343.81
"Canada Net-zero","Manitoba","Exports",2012,8048.29
"Canada Net-zero","Manitoba","Exports",2013,9843.12
"Canada Net-zero","Manitoba","Exports",2014,8571.26
"Canada Net-zero","Manitoba","Exports",2015,9217
"Canada Net-zero","Manitoba","Exports",2016,9871.49
"Canada Net-zero","Manitoba","Exports",2017,9950.8
"Canada Net-zero","Manitoba","Exports",2018,5518.776
"Canada Net-zero","Manitoba","Exports",2019,9944.353
"Canada Net-zero","Manitoba","Exports",2020,10414.588
"Canada Net-zero","Manitoba","Exports",2021,5442.08
"Canada Net-zero","Manitoba","Exports",2022,8787.86999999999
"Canada Net-zero","Manitoba","Exports",2023,8943.03
"Canada Net-zero","Manitoba","Exports",2024,8936.49
"Canada Net-zero","Manitoba","Exports",2025,8815.72
"Canada Net-zero","Manitoba","Exports",2026,8780.06
"Canada Net-zero","Manitoba","Exports",2027,11517.44
"Canada Net-zero","Manitoba","Exports",2028,11404.57
"Canada Net-zero","Manitoba","Exports",2029,15245.57
"Canada Net-zero","Manitoba","Exports",2030,15084.3699999999
"Canada Net-zero","Manitoba","Exports",2031,14917.8
"Canada Net-zero","Manitoba","Exports",2032,14828.51
"Canada Net-zero","Manitoba","Exports",2033,14662.8
"Canada Net-zero","Manitoba","Exports",2034,14496.02
"Canada Net-zero","Manitoba","Exports",2035,14340.83
"Canada Net-zero","Manitoba","Exports",2036,14274.07
"Canada Net-zero","Manitoba","Exports",2037,14141.1999999999
"Canada Net-zero","Manitoba","Exports",2038,14013.9
"Canada Net-zero","Manitoba","Exports",2039,13956.2799999999
"Canada Net-zero","Manitoba","Exports",2040,14284.3699999999
"Canada Net-zero","Manitoba","Exports",2041,14227.82
"Canada Net-zero","Manitoba","Exports",2042,14270.22
"Canada Net-zero","Manitoba","Exports",2043,14311.44
"Canada Net-zero","Manitoba","Exports",2044,14245.56
"Canada Net-zero","Manitoba","Exports",2045,14163.05
"Canada Net-zero","Manitoba","Exports",2046,14083.76
"Canada Net-zero","Manitoba","Exports",2047,14098.15
"Canada Net-zero","Manitoba","Exports",2048,14131.8599999999
"Canada Net-zero","Manitoba","Exports",2049,14106.99
"Canada Net-zero","Manitoba","Exports",2050,14117.74
"Canada Net-zero","New Brunswick","Exports",2005,2961.74
"Canada Net-zero","New Brunswick","Exports",2006,2140.79
"Canada Net-zero","New Brunswick","Exports",2007,1780.26
"Canada Net-zero","New Brunswick","Exports",2008,1112.42
"Canada Net-zero","New Brunswick","Exports",2009,1874.65
"Canada Net-zero","New Brunswick","Exports",2010,1036.7
"Canada Net-zero","New Brunswick","Exports",2011,1083.35
"Canada Net-zero","New Brunswick","Exports",2012,778.73
"Canada Net-zero","New Brunswick","Exports",2013,4050.39
"Canada Net-zero","New Brunswick","Exports",2014,2068.64
"Canada Net-zero","New Brunswick","Exports",2015,1490
"Canada Net-zero","New Brunswick","Exports",2016,1756.65
"Canada Net-zero","New Brunswick","Exports",2017,1232.8
"Canada Net-zero","New Brunswick","Exports",2018,1231.808
"Canada Net-zero","New Brunswick","Exports",2019,244.0973
"Canada Net-zero","New Brunswick","Exports",2020,1683.958
"Canada Net-zero","New Brunswick","Exports",2021,2154.52
"Canada Net-zero","New Brunswick","Exports",2022,2913.08
"Canada Net-zero","New Brunswick","Exports",2023,1402.96999999999
"Canada Net-zero","New Brunswick","Exports",2024,963.08
"Canada Net-zero","New Brunswick","Exports",2025,807.52
"Canada Net-zero","New Brunswick","Exports",2026,799.67
"Canada Net-zero","New Brunswick","Exports",2027,995.53
"Canada Net-zero","New Brunswick","Exports",2028,931.96
"Canada Net-zero","New Brunswick","Exports",2029,1546.59
"Canada Net-zero","New Brunswick","Exports",2030,1083.17
"Canada Net-zero","New Brunswick","Exports",2031,683.64
"Canada Net-zero","New Brunswick","Exports",2032,678.35
"Canada Net-zero","New Brunswick","Exports",2033,988.77
"Canada Net-zero","New Brunswick","Exports",2034,874.97
"Canada Net-zero","New Brunswick","Exports",2035,672.72
"Canada Net-zero","New Brunswick","Exports",2036,832.2
"Canada Net-zero","New Brunswick","Exports",2037,821.4
"Canada Net-zero","New Brunswick","Exports",2038,825.47
"Canada Net-zero","New Brunswick","Exports",2039,1327.09
"Canada Net-zero","New Brunswick","Exports",2040,1382.63999999999
"Canada Net-zero","New Brunswick","Exports",2041,318.86
"Canada Net-zero","New Brunswick","Exports",2042,318.86
"Canada Net-zero","New Brunswick","Exports",2043,318.86
"Canada Net-zero","New Brunswick","Exports",2044,811.25
"Canada Net-zero","New Brunswick","Exports",2045,824.29
"Canada Net-zero","New Brunswick","Exports",2046,841.96
"Canada Net-zero","New Brunswick","Exports",2047,851.24
"Canada Net-zero","New Brunswick","Exports",2048,859.75
"Canada Net-zero","New Brunswick","Exports",2049,851.9
"Canada Net-zero","New Brunswick","Exports",2050,844.68
"Canada Net-zero","Newfoundland and Labrador","Exports",2005,0
"Canada Net-zero","Newfoundland and Labrador","Exports",2006,0
"Canada Net-zero","Newfoundland and Labrador","Exports",2007,0
"Canada Net-zero","Newfoundland and Labrador","Exports",2008,0
"Canada Net-zero","Newfoundland and Labrador","Exports",2009,0
"Canada Net-zero","Newfoundland and Labrador","Exports",2010,0
"Canada Net-zero","Newfoundland and Labrador","Exports",2011,0
"Canada Net-zero","Newfoundland and Labrador","Exports",2012,0
"Canada Net-zero","Newfoundland and Labrador","Exports",2013,0
"Canada Net-zero","Newfoundland and Labrador","Exports",2014,0
"Canada Net-zero","Newfoundland and Labrador","Exports",2015,0
"Canada Net-zero","Newfoundland and Labrador","Exports",2016,0
"Canada Net-zero","Newfoundland and Labrador","Exports",2017,0
"Canada Net-zero","Newfoundland and Labrador","Exports",2018,0
"Canada Net-zero","Newfoundland and Labrador","Exports",2019,0
"Canada Net-zero","Newfoundland and Labrador","Exports",2020,1205.3052
"Canada Net-zero","Newfoundland and Labrador","Exports",2021,1152.64
"Canada Net-zero","Newfoundland and Labrador","Exports",2022,1200
"Canada Net-zero","Newfoundland and Labrador","Exports",2023,1200
"Canada Net-zero","Newfoundland and Labrador","Exports",2024,1200
"Canada Net-zero","Newfoundland and Labrador","Exports",2025,1200
"Canada Net-zero","Newfoundland and Labrador","Exports",2026,1200
"Canada Net-zero","Newfoundland and Labrador","Exports",2027,1200
"Canada Net-zero","Newfoundland and Labrador","Exports",2028,1200
"Canada Net-zero","Newfoundland and Labrador","Exports",2029,1200
"Canada Net-zero","Newfoundland and Labrador","Exports",2030,1200
"Canada Net-zero","Newfoundland and Labrador","Exports",2031,1200
"Canada Net-zero","Newfoundland and Labrador","Exports",2032,1200
"Canada Net-zero","Newfoundland and Labrador","Exports",2033,1200
"Canada Net-zero","Newfoundland and Labrador","Exports",2034,1200
"Canada Net-zero","Newfoundland and Labrador","Exports",2035,1200
"Canada Net-zero","Newfoundland and Labrador","Exports",2036,1200
"Canada Net-zero","Newfoundland and Labrador","Exports",2037,1200
"Canada Net-zero","Newfoundland and Labrador","Exports",2038,1200
"Canada Net-zero","Newfoundland and Labrador","Exports",2039,1200
"Canada Net-zero","Newfoundland and Labrador","Exports",2040,1200
"Canada Net-zero","Newfoundland and Labrador","Exports",2041,1200
"Canada Net-zero","Newfoundland and Labrador","Exports",2042,1200
"Canada Net-zero","Newfoundland and Labrador","Exports",2043,1200
"Canada Net-zero","Newfoundland and Labrador","Exports",2044,1200
"Canada Net-zero","Newfoundland and Labrador","Exports",2045,1200
"Canada Net-zero","Newfoundland and Labrador","Exports",2046,1200
"Canada Net-zero","Newfoundland and Labrador","Exports",2047,1200
"Canada Net-zero","Newfoundland and Labrador","Exports",2048,1200
"Canada Net-zero","Newfoundland and Labrador","Exports",2049,1200
"Canada Net-zero","Newfoundland and Labrador","Exports",2050,1200
"Canada Net-zero","Nova Scotia","Exports",2005,104.43
"Canada Net-zero","Nova Scotia","Exports",2006,228.6
"Canada Net-zero","Nova Scotia","Exports",2007,30.63
"Canada Net-zero","Nova Scotia","Exports",2008,12.69
"Canada Net-zero","Nova Scotia","Exports",2009,28.98
"Canada Net-zero","Nova Scotia","Exports",2010,4.11
"Canada Net-zero","Nova Scotia","Exports",2011,4.98
"Canada Net-zero","Nova Scotia","Exports",2012,1.09
"Canada Net-zero","Nova Scotia","Exports",2013,1.09
"Canada Net-zero","Nova Scotia","Exports",2014,0
"Canada Net-zero","Nova Scotia","Exports",2015,0
"Canada Net-zero","Nova Scotia","Exports",2016,0
"Canada Net-zero","Nova Scotia","Exports",2017,0
"Canada Net-zero","Nova Scotia","Exports",2018,0
"Canada Net-zero","Nova Scotia","Exports",2019,0
"Canada Net-zero","Nova Scotia","Exports",2020,0.451
"Canada Net-zero","Nova Scotia","Exports",2021,2.64
"Canada Net-zero","Nova Scotia","Exports",2022,0
"Canada Net-zero","Nova Scotia","Exports",2023,0
"Canada Net-zero","Nova Scotia","Exports",2024,0
"Canada Net-zero","Nova Scotia","Exports",2025,0
"Canada Net-zero","Nova Scotia","Exports",2026,0
"Canada Net-zero","Nova Scotia","Exports",2027,0
"Canada Net-zero","Nova Scotia","Exports",2028,0
"Canada Net-zero","Nova Scotia","Exports",2029,0
"Canada Net-zero","Nova Scotia","Exports",2030,0
"Canada Net-zero","Nova Scotia","Exports",2031,0
"Canada Net-zero","Nova Scotia","Exports",2032,0
"Canada Net-zero","Nova Scotia","Exports",2033,0
"Canada Net-zero","Nova Scotia","Exports",2034,0
"Canada Net-zero","Nova Scotia","Exports",2035,0
"Canada Net-zero","Nova Scotia","Exports",2036,0
"Canada Net-zero","Nova Scotia","Exports",2037,0
"Canada Net-zero","Nova Scotia","Exports",2038,0
"Canada Net-zero","Nova Scotia","Exports",2039,0
"Canada Net-zero","Nova Scotia","Exports",2040,0
"Canada Net-zero","Nova Scotia","Exports",2041,0
"Canada Net-zero","Nova Scotia","Exports",2042,0
"Canada Net-zero","Nova Scotia","Exports",2043,0
"Canada Net-zero","Nova Scotia","Exports",2044,0
"Canada Net-zero","Nova Scotia","Exports",2045,0
"Canada Net-zero","Nova Scotia","Exports",2046,0
"Canada Net-zero","Nova Scotia","Exports",2047,0
"Canada Net-zero","Nova Scotia","Exports",2048,0
"Canada Net-zero","Nova Scotia","Exports",2049,0
"Canada Net-zero","Nova Scotia","Exports",2050,0
"Canada Net-zero","Ontario","Exports",2005,8720
"Canada Net-zero","Ontario","Exports",2006,10566
"Canada Net-zero","Ontario","Exports",2007,11090
"Canada Net-zero","Ontario","Exports",2008,18751
"Canada Net-zero","Ontario","Exports",2009,14778
"Canada Net-zero","Ontario","Exports",2010,11218
"Canada Net-zero","Ontario","Exports",2011,11013
"Canada Net-zero","Ontario","Exports",2012,13823
"Canada Net-zero","Ontario","Exports",2013,8740
"Canada Net-zero","Ontario","Exports",2014,17082.92
"Canada Net-zero","Ontario","Exports",2015,20142
"Canada Net-zero","Ontario","Exports",2016,20488
"Canada Net-zero","Ontario","Exports",2017,16953.85
"Canada Net-zero","Ontario","Exports",2018,17015.692
"Canada Net-zero","Ontario","Exports",2019,20894.13
"Canada Net-zero","Ontario","Exports",2020,17649.245177
"Canada Net-zero","Ontario","Exports",2021,15628.25
"Canada Net-zero","Ontario","Exports",2022,12820.4
"Canada Net-zero","Ontario","Exports",2023,9437.09
"Canada Net-zero","Ontario","Exports",2024,10451.26
"Canada Net-zero","Ontario","Exports",2025,6565.33
"Canada Net-zero","Ontario","Exports",2026,8253.43
"Canada Net-zero","Ontario","Exports",2027,8050.01999999999
"Canada Net-zero","Ontario","Exports",2028,10999.37
"Canada Net-zero","Ontario","Exports",2029,8244.45
"Canada Net-zero","Ontario","Exports",2030,10988.71
"Canada Net-zero","Ontario","Exports",2031,8247.17
"Canada Net-zero","Ontario","Exports",2032,9935.39
"Canada Net-zero","Ontario","Exports",2033,9251.67999999999
"Canada Net-zero","Ontario","Exports",2034,11220.56
"Canada Net-zero","Ontario","Exports",2035,10584.53
"Canada Net-zero","Ontario","Exports",2036,10193.33
"Canada Net-zero","Ontario","Exports",2037,9694.61
"Canada Net-zero","Ontario","Exports",2038,9812.17
"Canada Net-zero","Ontario","Exports",2039,9357.31
"Canada Net-zero","Ontario","Exports",2040,8999.48
"Canada Net-zero","Ontario","Exports",2041,8336.02999999999
"Canada Net-zero","Ontario","Exports",2042,7936.95
"Canada Net-zero","Ontario","Exports",2043,7547.81
"Canada Net-zero","Ontario","Exports",2044,7384.35
"Canada Net-zero","Ontario","Exports",2045,7011.46
"Canada Net-zero","Ontario","Exports",2046,6866.14
"Canada Net-zero","Ontario","Exports",2047,6609.51
"Canada Net-zero","Ontario","Exports",2048,6445.37
"Canada Net-zero","Ontario","Exports",2049,6284.53
"Canada Net-zero","Ontario","Exports",2050,6127.09
"Canada Net-zero","Prince Edward Island","Exports",2005,0
"Canada Net-zero","Prince Edward Island","Exports",2006,0
"Canada Net-zero","Prince Edward Island","Exports",2007,0
"Canada Net-zero","Prince Edward Island","Exports",2008,0
"Canada Net-zero","Prince Edward Island","Exports",2009,0
"Canada Net-zero","Prince Edward Island","Exports",2010,0
"Canada Net-zero","Prince Edward Island","Exports",2011,0
"Canada Net-zero","Prince Edward Island","Exports",2012,0
"Canada Net-zero","Prince Edward Island","Exports",2013,0
"Canada Net-zero","Prince Edward Island","Exports",2014,0
"Canada Net-zero","Prince Edward Island","Exports",2015,0
"Canada Net-zero","Prince Edward Island","Exports",2016,0
"Canada Net-zero","Prince Edward Island","Exports",2017,0
"Canada Net-zero","Prince Edward Island","Exports",2018,0
"Canada Net-zero","Prince Edward Island","Exports",2019,0
"Canada Net-zero","Prince Edward Island","Exports",2020,0
"Canada Net-zero","Prince Edward Island","Exports",2021,0
"Canada Net-zero","Prince Edward Island","Exports",2022,0
"Canada Net-zero","Prince Edward Island","Exports",2023,0
"Canada Net-zero","Prince Edward Island","Exports",2024,0
"Canada Net-zero","Prince Edward Island","Exports",2025,0
"Canada Net-zero","Prince Edward Island","Exports",2026,0
"Canada Net-zero","Prince Edward Island","Exports",2027,0
"Canada Net-zero","Prince Edward Island","Exports",2028,0
"Canada Net-zero","Prince Edward Island","Exports",2029,0
"Canada Net-zero","Prince Edward Island","Exports",2030,0
"Canada Net-zero","Prince Edward Island","Exports",2031,0
"Canada Net-zero","Prince Edward Island","Exports",2032,0
"Canada Net-zero","Prince Edward Island","Exports",2033,0
"Canada Net-zero","Prince Edward Island","Exports",2034,0
"Canada Net-zero","Prince Edward Island","Exports",2035,0
"Canada Net-zero","Prince Edward Island","Exports",2036,0
"Canada Net-zero","Prince Edward Island","Exports",2037,0
"Canada Net-zero","Prince Edward Island","Exports",2038,0
"Canada Net-zero","Prince Edward Island","Exports",2039,0
"Canada Net-zero","Prince Edward Island","Exports",2040,0
"Canada Net-zero","Prince Edward Island","Exports",2041,0
"Canada Net-zero","Prince Edward Island","Exports",2042,0
"Canada Net-zero","Prince Edward Island","Exports",2043,0
"Canada Net-zero","Prince Edward Island","Exports",2044,0
"Canada Net-zero","Prince Edward Island","Exports",2045,0
"Canada Net-zero","Prince Edward Island","Exports",2046,0
"Canada Net-zero","Prince Edward Island","Exports",2047,0
"Canada Net-zero","Prince Edward Island","Exports",2048,0
"Canada Net-zero","Prince Edward Island","Exports",2049,0
"Canada Net-zero","Prince Edward Island","Exports",2050,0
"Canada Net-zero","Quebec","Exports",2005,10565
"Canada Net-zero","Quebec","Exports",2006,11712
"Canada Net-zero","Quebec","Exports",2007,15712
"Canada Net-zero","Quebec","Exports",2008,17469
"Canada Net-zero","Quebec","Exports",2009,18637
"Canada Net-zero","Quebec","Exports",2010,17006
"Canada Net-zero","Quebec","Exports",2011,19879
"Canada Net-zero","Quebec","Exports",2012,24038
"Canada Net-zero","Quebec","Exports",2013,29541
"Canada Net-zero","Quebec","Exports",2014,23587.45
"Canada Net-zero","Quebec","Exports",2015,23533
"Canada Net-zero","Quebec","Exports",2016,25541
"Canada Net-zero","Quebec","Exports",2017,27649.58
"Canada Net-zero","Quebec","Exports",2018,27022.212
"Canada Net-zero","Quebec","Exports",2019,11329.18
"Canada Net-zero","Quebec","Exports",2020,24341.769
"Canada Net-zero","Quebec","Exports",2021,24283.56
"Canada Net-zero","Quebec","Exports",2022,25546.8
"Canada Net-zero","Quebec","Exports",2023,24167.82
"Canada Net-zero","Quebec","Exports",2024,25467.99
"Canada Net-zero","Quebec","Exports",2025,25152.69
"Canada Net-zero","Quebec","Exports",2026,25620.91
"Canada Net-zero","Quebec","Exports",2027,27420.29
"Canada Net-zero","Quebec","Exports",2028,27537.3
"Canada Net-zero","Quebec","Exports",2029,26863.57
"Canada Net-zero","Quebec","Exports",2030,26779.29
"Canada Net-zero","Quebec","Exports",2031,27726.36
"Canada Net-zero","Quebec","Exports",2032,27337.3799999999
"Canada Net-zero","Quebec","Exports",2033,27039.8399999999
"Canada Net-zero","Quebec","Exports",2034,26744.82
"Canada Net-zero","Quebec","Exports",2035,26592.14
"Canada Net-zero","Quebec","Exports",2036,26523.8099999999
"Canada Net-zero","Quebec","Exports",2037,26242.79
"Canada Net-zero","Quebec","Exports",2038,26311.23
"Canada Net-zero","Quebec","Exports",2039,26614.79
"Canada Net-zero","Quebec","Exports",2040,26986.9899999999
"Canada Net-zero","Quebec","Exports",2041,27095.03
"Canada Net-zero","Quebec","Exports",2042,27193.15
"Canada Net-zero","Quebec","Exports",2043,27323.3299999999
"Canada Net-zero","Quebec","Exports",2044,27435.5199999999
"Canada Net-zero","Quebec","Exports",2045,27543.63
"Canada Net-zero","Quebec","Exports",2046,27707.85
"Canada Net-zero","Quebec","Exports",2047,27815.19
"Canada Net-zero","Quebec","Exports",2048,27944.8599999999
"Canada Net-zero","Quebec","Exports",2049,28029.6199999999
"Canada Net-zero","Quebec","Exports",2050,28140.01
"Canada Net-zero","Saskatchewan","Exports",2005,691.4
"Canada Net-zero","Saskatchewan","Exports",2006,594.67
"Canada Net-zero","Saskatchewan","Exports",2007,391.58
"Canada Net-zero","Saskatchewan","Exports",2008,137.2
"Canada Net-zero","Saskatchewan","Exports",2009,109.94
"Canada Net-zero","Saskatchewan","Exports",2010,125.51
"Canada Net-zero","Saskatchewan","Exports",2011,110.25
"Canada Net-zero","Saskatchewan","Exports",2012,68.51
"Canada Net-zero","Saskatchewan","Exports",2013,64.2
"Canada Net-zero","Saskatchewan","Exports",2014,35.01
"Canada Net-zero","Saskatchewan","Exports",2015,31
"Canada Net-zero","Saskatchewan","Exports",2016,382
"Canada Net-zero","Saskatchewan","Exports",2017,266
"Canada Net-zero","Saskatchewan","Exports",2018,103.083
"Canada Net-zero","Saskatchewan","Exports",2019,0
"Canada Net-zero","Saskatchewan","Exports",2020,89.159
"Canada Net-zero","Saskatchewan","Exports",2021,187.2
"Canada Net-zero","Saskatchewan","Exports",2022,130
"Canada Net-zero","Saskatchewan","Exports",2023,130
"Canada Net-zero","Saskatchewan","Exports",2024,130
"Canada Net-zero","Saskatchewan","Exports",2025,130
"Canada Net-zero","Saskatchewan","Exports",2026,130
"Canada Net-zero","Saskatchewan","Exports",2027,130
"Canada Net-zero","Saskatchewan","Exports",2028,130
"Canada Net-zero","Saskatchewan","Exports",2029,130
"Canada Net-zero","Saskatchewan","Exports",2030,130
"Canada Net-zero","Saskatchewan","Exports",2031,130
"Canada Net-zero","Saskatchewan","Exports",2032,130
"Canada Net-zero","Saskatchewan","Exports",2033,130
"Canada Net-zero","Saskatchewan","Exports",2034,130
"Canada Net-zero","Saskatchewan","Exports",2035,130
"Canada Net-zero","Saskatchewan","Exports",2036,130
"Canada Net-zero","Saskatchewan","Exports",2037,130
"Canada Net-zero","Saskatchewan","Exports",2038,130
"Canada Net-zero","Saskatchewan","Exports",2039,130
"Canada Net-zero","Saskatchewan","Exports",2040,130
"Canada Net-zero","Saskatchewan","Exports",2041,130
"Canada Net-zero","Saskatchewan","Exports",2042,130
"Canada Net-zero","Saskatchewan","Exports",2043,130
"Canada Net-zero","Saskatchewan","Exports",2044,130
"Canada Net-zero","Saskatchewan","Exports",2045,130
"Canada Net-zero","Saskatchewan","Exports",2046,130
"Canada Net-zero","Saskatchewan","Exports",2047,130
"Canada Net-zero","Saskatchewan","Exports",2048,130
"Canada Net-zero","Saskatchewan","Exports",2049,130
"Canada Net-zero","Saskatchewan","Exports",2050,130
"Current Measures","Alberta","Exports",2005,85.69
"Current Measures","Alberta","Exports",2006,67.41
"Current Measures","Alberta","Exports",2007,154.75
"Current Measures","Alberta","Exports",2008,227.85
"Current Measures","Alberta","Exports",2009,262.33
"Current Measures","Alberta","Exports",2010,255.54
"Current Measures","Alberta","Exports",2011,128.4
"Current Measures","Alberta","Exports",2012,41.58
"Current Measures","Alberta","Exports",2013,5.17
"Current Measures","Alberta","Exports",2014,54.27
"Current Measures","Alberta","Exports",2015,292
"Current Measures","Alberta","Exports",2016,220.98
"Current Measures","Alberta","Exports",2017,621.7
"Current Measures","Alberta","Exports",2018,335.729
"Current Measures","Alberta","Exports",2019,332.88
"Current Measures","Alberta","Exports",2020,57.0576579999999
"Current Measures","Alberta","Exports",2021,121.49
"Current Measures","Alberta","Exports",2022,410
"Current Measures","Alberta","Exports",2023,410
"Current Measures","Alberta","Exports",2024,410
"Current Measures","Alberta","Exports",2025,410
"Current Measures","Alberta","Exports",2026,410
"Current Measures","Alberta","Exports",2027,410
"Current Measures","Alberta","Exports",2028,410
"Current Measures","Alberta","Exports",2029,410
"Current Measures","Alberta","Exports",2030,410
"Current Measures","Alberta","Exports",2031,410
"Current Measures","Alberta","Exports",2032,410
"Current Measures","Alberta","Exports",2033,410
"Current Measures","Alberta","Exports",2034,410
"Current Measures","Alberta","Exports",2035,410
"Current Measures","Alberta","Exports",2036,410
"Current Measures","Alberta","Exports",2037,410
"Current Measures","Alberta","Exports",2038,410
"Current Measures","Alberta","Exports",2039,410
"Current Measures","Alberta","Exports",2040,410
"Current Measures","Alberta","Exports",2041,410
"Current Measures","Alberta","Exports",2042,410
"Current Measures","Alberta","Exports",2043,410
"Current Measures","Alberta","Exports",2044,410
"Current Measures","Alberta","Exports",2045,410
"Current Measures","Alberta","Exports",2046,410
"Current Measures","Alberta","Exports",2047,410
"Current Measures","Alberta","Exports",2048,410
"Current Measures","Alberta","Exports",2049,410
"Current Measures","Alberta","Exports",2050,410
"Current Measures","British Columbia","Exports",2005,8258.69
"Current Measures","British Columbia","Exports",2006,5081.5
"Current Measures","British Columbia","Exports",2007,10078.97
"Current Measures","British Columbia","Exports",2008,8431.62
"Current Measures","British Columbia","Exports",2009,6852.32
"Current Measures","British Columbia","Exports",2010,5670.65
"Current Measures","British Columbia","Exports",2011,9953.89
"Current Measures","British Columbia","Exports",2012,11065.28
"Current Measures","British Columbia","Exports",2013,9869.6
"Current Measures","British Columbia","Exports",2014,7395.15
"Current Measures","British Columbia","Exports",2015,12392
"Current Measures","British Columbia","Exports",2016,13720
"Current Measures","British Columbia","Exports",2017,13974
"Current Measures","British Columbia","Exports",2018,8782.729
"Current Measures","British Columbia","Exports",2019,6142.035
"Current Measures","British Columbia","Exports",2020,11954.427
"Current Measures","British Columbia","Exports",2021,11430.41
"Current Measures","British Columbia","Exports",2022,8345.41
"Current Measures","British Columbia","Exports",2023,7867.28
"Current Measures","British Columbia","Exports",2024,6857.65
"Current Measures","British Columbia","Exports",2025,8440.35
"Current Measures","British Columbia","Exports",2026,7768.11
"Current Measures","British Columbia","Exports",2027,7273.34
"Current Measures","British Columbia","Exports",2028,6755.89
"Current Measures","British Columbia","Exports",2029,6546.91
"Current Measures","British Columbia","Exports",2030,6317.29
"Current Measures","British Columbia","Exports",2031,6496.08
"Current Measures","British Columbia","Exports",2032,6391.45
"Current Measures","British Columbia","Exports",2033,5912.27
"Current Measures","British Columbia","Exports",2034,5959.49
"Current Measures","British Columbia","Exports",2035,5625.01
"Current Measures","British Columbia","Exports",2036,5399.6
"Current Measures","British Columbia","Exports",2037,5630.9
"Current Measures","British Columbia","Exports",2038,5821.78
"Current Measures","British Columbia","Exports",2039,6361.16
"Current Measures","British Columbia","Exports",2040,6247.23
"Current Measures","British Columbia","Exports",2041,6564.69
"Current Measures","British Columbia","Exports",2042,6071.6
"Current Measures","British Columbia","Exports",2043,5529.4
"Current Measures","British Columbia","Exports",2044,5948.13
"Current Measures","British Columbia","Exports",2045,5319.71
"Current Measures","British Columbia","Exports",2046,5515.75
"Current Measures","British Columbia","Exports",2047,5650.23
"Current Measures","British Columbia","Exports",2048,5811.37
"Current Measures","British Columbia","Exports",2049,5969.02
"Current Measures","British Columbia","Exports",2050,6125.6
"Current Measures","Canada","Exports",2005,43527.53
"Current Measures","Canada","Exports",2006,42735.42
"Current Measures","Canada","Exports",2007,50331
"Current Measures","Canada","Exports",2008,56022.14
"Current Measures","Canada","Exports",2009,51781.53
"Current Measures","Canada","Exports",2010,44387.87
"Current Measures","Canada","Exports",2011,51516.68
"Current Measures","Canada","Exports",2012,57864.48
"Current Measures","Canada","Exports",2013,62114.56
"Current Measures","Canada","Exports",2014,58794.69
"Current Measures","Canada","Exports",2015,67097
"Current Measures","Canada","Exports",2016,73102.68
"Current Measures","Canada","Exports",2017,72039.76
"Current Measures","Canada","Exports",2018,60010.029
"Current Measures","Canada","Exports",2019,48886.67
"Current Measures","Canada","Exports",2020,67395.960035
"Current Measures","Canada","Exports",2021,60402.79
"Current Measures","Canada","Exports",2022,60153.5599999999
"Current Measures","Canada","Exports",2023,53558.1899999999
"Current Measures","Canada","Exports",2024,54416.47
"Current Measures","Canada","Exports",2025,51521.61
"Current Measures","Canada","Exports",2026,52962.18
"Current Measures","Canada","Exports",2027,56996.6199999999
"Current Measures","Canada","Exports",2028,59369.09
"Current Measures","Canada","Exports",2029,60187.09
"Current Measures","Canada","Exports",2030,61992.8299999999
"Current Measures","Canada","Exports",2031,59811.05
"Current Measures","Canada","Exports",2032,60911.0799999999
"Current Measures","Canada","Exports",2033,59595.3599999998
"Current Measures","Canada","Exports",2034,61035.86
"Current Measures","Canada","Exports",2035,59555.23
"Current Measures","Canada","Exports",2036,58963.0099999999
"Current Measures","Canada","Exports",2037,58270.8999999999
"Current Measures","Canada","Exports",2038,58524.5499999999
"Current Measures","Canada","Exports",2039,59356.6299999999
"Current Measures","Canada","Exports",2040,59640.7099999997
"Current Measures","Canada","Exports",2041,58282.4299999999
"Current Measures","Canada","Exports",2042,57530.78
"Current Measures","Canada","Exports",2043,56770.8399999999
"Current Measures","Canada","Exports",2044,57564.8099999998
"Current Measures","Canada","Exports",2045,56602.14
"Current Measures","Canada","Exports",2046,56755.46
"Current Measures","Canada","Exports",2047,56764.32
"Current Measures","Canada","Exports",2048,56933.2099999998
"Current Measures","Canada","Exports",2049,56982.0599999999
"Current Measures","Canada","Exports",2050,57095.1199999999
"Current Measures","Manitoba","Exports",2005,12140.6
"Current Measures","Manitoba","Exports",2006,12344.45
"Current Measures","Manitoba","Exports",2007,11092.81
"Current Measures","Manitoba","Exports",2008,9880.37
"Current Measures","Manitoba","Exports",2009,9238.32
"Current Measures","Manitoba","Exports",2010,9071.36
"Current Measures","Manitoba","Exports",2011,9343.81
"Current Measures","Manitoba","Exports",2012,8048.29
"Current Measures","Manitoba","Exports",2013,9843.12
"Current Measures","Manitoba","Exports",2014,8571.26
"Current Measures","Manitoba","Exports",2015,9217
"Current Measures","Manitoba","Exports",2016,9871.49
"Current Measures","Manitoba","Exports",2017,9950.8
"Current Measures","Manitoba","Exports",2018,5518.776
"Current Measures","Manitoba","Exports",2019,9944.353
"Current Measures","Manitoba","Exports",2020,10414.588
"Current Measures","Manitoba","Exports",2021,5442.08
"Current Measures","Manitoba","Exports",2022,8787.86999999999
"Current Measures","Manitoba","Exports",2023,8943.03
"Current Measures","Manitoba","Exports",2024,8936.49
"Current Measures","Manitoba","Exports",2025,8815.72
"Current Measures","Manitoba","Exports",2026,8780.06
"Current Measures","Manitoba","Exports",2027,11517.44
"Current Measures","Manitoba","Exports",2028,11404.57
"Current Measures","Manitoba","Exports",2029,15245.57
"Current Measures","Manitoba","Exports",2030,15084.3699999999
"Current Measures","Manitoba","Exports",2031,14917.8
"Current Measures","Manitoba","Exports",2032,14828.51
"Current Measures","Manitoba","Exports",2033,14662.8
"Current Measures","Manitoba","Exports",2034,14496.02
"Current Measures","Manitoba","Exports",2035,14340.83
"Current Measures","Manitoba","Exports",2036,14274.07
"Current Measures","Manitoba","Exports",2037,14141.1999999999
"Current Measures","Manitoba","Exports",2038,14013.9
"Current Measures","Manitoba","Exports",2039,13956.2799999999
"Current Measures","Manitoba","Exports",2040,14284.3699999999
"Current Measures","Manitoba","Exports",2041,14227.82
"Current Measures","Manitoba","Exports",2042,14270.22
"Current Measures","Manitoba","Exports",2043,14311.44
"Current Measures","Manitoba","Exports",2044,14245.56
"Current Measures","Manitoba","Exports",2045,14163.05
"Current Measures","Manitoba","Exports",2046,14083.76
"Current Measures","Manitoba","Exports",2047,14098.15
"Current Measures","Manitoba","Exports",2048,14131.8599999999
"Current Measures","Manitoba","Exports",2049,14106.99
"Current Measures","Manitoba","Exports",2050,14117.74
"Current Measures","New Brunswick","Exports",2005,2961.74
"Current Measures","New Brunswick","Exports",2006,2140.79
"Current Measures","New Brunswick","Exports",2007,1780.26
"Current Measures","New Brunswick","Exports",2008,1112.42
"Current Measures","New Brunswick","Exports",2009,1874.65
"Current Measures","New Brunswick","Exports",2010,1036.7
"Current Measures","New Brunswick","Exports",2011,1083.35
"Current Measures","New Brunswick","Exports",2012,778.73
"Current Measures","New Brunswick","Exports",2013,4050.39
"Current Measures","New Brunswick","Exports",2014,2068.64
"Current Measures","New Brunswick","Exports",2015,1490
"Current Measures","New Brunswick","Exports",2016,1756.65
"Current Measures","New Brunswick","Exports",2017,1232.8
"Current Measures","New Brunswick","Exports",2018,1231.808
"Current Measures","New Brunswick","Exports",2019,244.0973
"Current Measures","New Brunswick","Exports",2020,1683.958
"Current Measures","New Brunswick","Exports",2021,2154.52
"Current Measures","New Brunswick","Exports",2022,2913.08
"Current Measures","New Brunswick","Exports",2023,1402.96999999999
"Current Measures","New Brunswick","Exports",2024,963.08
"Current Measures","New Brunswick","Exports",2025,807.52
"Current Measures","New Brunswick","Exports",2026,799.67
"Current Measures","New Brunswick","Exports",2027,995.53
"Current Measures","New Brunswick","Exports",2028,931.96
"Current Measures","New Brunswick","Exports",2029,1546.59
"Current Measures","New Brunswick","Exports",2030,1083.17
"Current Measures","New Brunswick","Exports",2031,683.64
"Current Measures","New Brunswick","Exports",2032,678.35
"Current Measures","New Brunswick","Exports",2033,988.77
"Current Measures","New Brunswick","Exports",2034,874.97
"Current Measures","New Brunswick","Exports",2035,672.72
"Current Measures","New Brunswick","Exports",2036,832.2
"Current Measures","New Brunswick","Exports",2037,821.4
"Current Measures","New Brunswick","Exports",2038,825.47
"Current Measures","New Brunswick","Exports",2039,1327.09
"Current Measures","New Brunswick","Exports",2040,1382.63999999999
"Current Measures","New Brunswick","Exports",2041,318.86
"Current Measures","New Brunswick","Exports",2042,318.86
"Current Measures","New Brunswick","Exports",2043,318.86
"Current Measures","New Brunswick","Exports",2044,811.25
"Current Measures","New Brunswick","Exports",2045,824.29
"Current Measures","New Brunswick","Exports",2046,841.96
"Current Measures","New Brunswick","Exports",2047,851.24
"Current Measures","New Brunswick","Exports",2048,859.75
"Current Measures","New Brunswick","Exports",2049,851.9
"Current Measures","New Brunswick","Exports",2050,844.68
"Current Measures","Newfoundland and Labrador","Exports",2005,0
"Current Measures","Newfoundland and Labrador","Exports",2006,0
"Current Measures","Newfoundland and Labrador","Exports",2007,0
"Current Measures","Newfoundland and Labrador","Exports",2008,0
"Current Measures","Newfoundland and Labrador","Exports",2009,0
"Current Measures","Newfoundland and Labrador","Exports",2010,0
"Current Measures","Newfoundland and Labrador","Exports",2011,0
"Current Measures","Newfoundland and Labrador","Exports",2012,0
"Current Measures","Newfoundland and Labrador","Exports",2013,0
"Current Measures","Newfoundland and Labrador","Exports",2014,0
"Current Measures","Newfoundland and Labrador","Exports",2015,0
"Current Measures","Newfoundland and Labrador","Exports",2016,0
"Current Measures","Newfoundland and Labrador","Exports",2017,0
"Current Measures","Newfoundland and Labrador","Exports",2018,0
"Current Measures","Newfoundland and Labrador","Exports",2019,0
"Current Measures","Newfoundland and Labrador","Exports",2020,1205.3052
"Current Measures","Newfoundland and Labrador","Exports",2021,1152.64
"Current Measures","Newfoundland and Labrador","Exports",2022,1200
"Current Measures","Newfoundland and Labrador","Exports",2023,1200
"Current Measures","Newfoundland and Labrador","Exports",2024,1200
"Current Measures","Newfoundland and Labrador","Exports",2025,1200
"Current Measures","Newfoundland and Labrador","Exports",2026,1200
"Current Measures","Newfoundland and Labrador","Exports",2027,1200
"Current Measures","Newfoundland and Labrador","Exports",2028,1200
"Current Measures","Newfoundland and Labrador","Exports",2029,1200
"Current Measures","Newfoundland and Labrador","Exports",2030,1200
"Current Measures","Newfoundland and Labrador","Exports",2031,1200
"Current Measures","Newfoundland and Labrador","Exports",2032,1200
"Current Measures","Newfoundland and Labrador","Exports",2033,1200
"Current Measures","Newfoundland and Labrador","Exports",2034,1200
"Current Measures","Newfoundland and Labrador","Exports",2035,1200
"Current Measures","Newfoundland and Labrador","Exports",2036,1200
"Current Measures","Newfoundland and Labrador","Exports",2037,1200
"Current Measures","Newfoundland and Labrador","Exports",2038,1200
"Current Measures","Newfoundland and Labrador","Exports",2039,1200
"Current Measures","Newfoundland and Labrador","Exports",2040,1200
"Current Measures","Newfoundland and Labrador","Exports",2041,1200
"Current Measures","Newfoundland and Labrador","Exports",2042,1200
"Current Measures","Newfoundland and Labrador","Exports",2043,1200
"Current Measures","Newfoundland and Labrador","Exports",2044,1200
"Current Measures","Newfoundland and Labrador","Exports",2045,1200
"Current Measures","Newfoundland and Labrador","Exports",2046,1200
"Current Measures","Newfoundland and Labrador","Exports",2047,1200
"Current Measures","Newfoundland and Labrador","Exports",2048,1200
"Current Measures","Newfoundland and Labrador","Exports",2049,1200
"Current Measures","Newfoundland and Labrador","Exports",2050,1200
"Current Measures","Nova Scotia","Exports",2005,104.43
"Current Measures","Nova Scotia","Exports",2006,228.6
"Current Measures","Nova Scotia","Exports",2007,30.63
"Current Measures","Nova Scotia","Exports",2008,12.69
"Current Measures","Nova Scotia","Exports",2009,28.98
"Current Measures","Nova Scotia","Exports",2010,4.11
"Current Measures","Nova Scotia","Exports",2011,4.98
"Current Measures","Nova Scotia","Exports",2012,1.09
"Current Measures","Nova Scotia","Exports",2013,1.09
"Current Measures","Nova Scotia","Exports",2014,0
"Current Measures","Nova Scotia","Exports",2015,0
"Current Measures","Nova Scotia","Exports",2016,0
"Current Measures","Nova Scotia","Exports",2017,0
"Current Measures","Nova Scotia","Exports",2018,0
"Current Measures","Nova Scotia","Exports",2019,0
"Current Measures","Nova Scotia","Exports",2020,0.451
"Current Measures","Nova Scotia","Exports",2021,2.64
"Current Measures","Nova Scotia","Exports",2022,0
"Current Measures","Nova Scotia","Exports",2023,0
"Current Measures","Nova Scotia","Exports",2024,0
"Current Measures","Nova Scotia","Exports",2025,0
"Current Measures","Nova Scotia","Exports",2026,0
"Current Measures","Nova Scotia","Exports",2027,0
"Current Measures","Nova Scotia","Exports",2028,0
"Current Measures","Nova Scotia","Exports",2029,0
"Current Measures","Nova Scotia","Exports",2030,0
"Current Measures","Nova Scotia","Exports",2031,0
"Current Measures","Nova Scotia","Exports",2032,0
"Current Measures","Nova Scotia","Exports",2033,0
"Current Measures","Nova Scotia","Exports",2034,0
"Current Measures","Nova Scotia","Exports",2035,0
"Current Measures","Nova Scotia","Exports",2036,0
"Current Measures","Nova Scotia","Exports",2037,0
"Current Measures","Nova Scotia","Exports",2038,0
"Current Measures","Nova Scotia","Exports",2039,0
"Current Measures","Nova Scotia","Exports",2040,0
"Current Measures","Nova Scotia","Exports",2041,0
"Current Measures","Nova Scotia","Exports",2042,0
"Current Measures","Nova Scotia","Exports",2043,0
"Current Measures","Nova Scotia","Exports",2044,0
"Current Measures","Nova Scotia","Exports",2045,0
"Current Measures","Nova Scotia","Exports",2046,0
"Current Measures","Nova Scotia","Exports",2047,0
"Current Measures","Nova Scotia","Exports",2048,0
"Current Measures","Nova Scotia","Exports",2049,0
"Current Measures","Nova Scotia","Exports",2050,0
"Current Measures","Ontario","Exports",2005,8720
"Current Measures","Ontario","Exports",2006,10566
"Current Measures","Ontario","Exports",2007,11090
"Current Measures","Ontario","Exports",2008,18751
"Current Measures","Ontario","Exports",2009,14778
"Current Measures","Ontario","Exports",2010,11218
"Current Measures","Ontario","Exports",2011,11013
"Current Measures","Ontario","Exports",2012,13823
"Current Measures","Ontario","Exports",2013,8740
"Current Measures","Ontario","Exports",2014,17082.92
"Current Measures","Ontario","Exports",2015,20142
"Current Measures","Ontario","Exports",2016,20488
"Current Measures","Ontario","Exports",2017,16953.85
"Current Measures","Ontario","Exports",2018,17015.692
"Current Measures","Ontario","Exports",2019,20894.13
"Current Measures","Ontario","Exports",2020,17649.245177
"Current Measures","Ontario","Exports",2021,15628.25
"Current Measures","Ontario","Exports",2022,12820.4
"Current Measures","Ontario","Exports",2023,9437.09
"Current Measures","Ontario","Exports",2024,10451.26
"Current Measures","Ontario","Exports",2025,6565.33
"Current Measures","Ontario","Exports",2026,8253.43
"Current Measures","Ontario","Exports",2027,8050.01999999999
"Current Measures","Ontario","Exports",2028,10999.37
"Current Measures","Ontario","Exports",2029,8244.45
"Current Measures","Ontario","Exports",2030,10988.71
"Current Measures","Ontario","Exports",2031,8247.17
"Current Measures","Ontario","Exports",2032,9935.39
"Current Measures","Ontario","Exports",2033,9251.67999999999
"Current Measures","Ontario","Exports",2034,11220.56
"Current Measures","Ontario","Exports",2035,10584.53
"Current Measures","Ontario","Exports",2036,10193.33
"Current Measures","Ontario","Exports",2037,9694.61
"Current Measures","Ontario","Exports",2038,9812.17
"Current Measures","Ontario","Exports",2039,9357.31
"Current Measures","Ontario","Exports",2040,8999.48
"Current Measures","Ontario","Exports",2041,8336.02999999999
"Current Measures","Ontario","Exports",2042,7936.95
"Current Measures","Ontario","Exports",2043,7547.81
"Current Measures","Ontario","Exports",2044,7384.35
"Current Measures","Ontario","Exports",2045,7011.46
"Current Measures","Ontario","Exports",2046,6866.14
"Current Measures","Ontario","Exports",2047,6609.51
"Current Measures","Ontario","Exports",2048,6445.37
"Current Measures","Ontario","Exports",2049,6284.53
"Current Measures","Ontario","Exports",2050,6127.09
"Current Measures","Prince Edward Island","Exports",2005,0
"Current Measures","Prince Edward Island","Exports",2006,0
"Current Measures","Prince Edward Island","Exports",2007,0
"Current Measures","Prince Edward Island","Exports",2008,0
"Current Measures","Prince Edward Island","Exports",2009,0
"Current Measures","Prince Edward Island","Exports",2010,0
"Current Measures","Prince Edward Island","Exports",2011,0
"Current Measures","Prince Edward Island","Exports",2012,0
"Current Measures","Prince Edward Island","Exports",2013,0
"Current Measures","Prince Edward Island","Exports",2014,0
"Current Measures","Prince Edward Island","Exports",2015,0
"Current Measures","Prince Edward Island","Exports",2016,0
"Current Measures","Prince Edward Island","Exports",2017,0
"Current Measures","Prince Edward Island","Exports",2018,0
"Current Measures","Prince Edward Island","Exports",2019,0
"Current Measures","Prince Edward Island","Exports",2020,0
"Current Measures","Prince Edward Island","Exports",2021,0
"Current Measures","Prince Edward Island","Exports",2022,0
"Current Measures","Prince Edward Island","Exports",2023,0
"Current Measures","Prince Edward Island","Exports",2024,0
"Current Measures","Prince Edward Island","Exports",2025,0
"Current Measures","Prince Edward Island","Exports",2026,0
"Current Measures","Prince Edward Island","Exports",2027,0
"Current Measures","Prince Edward Island","Exports",2028,0
"Current Measures","Prince Edward Island","Exports",2029,0
"Current Measures","Prince Edward Island","Exports",2030,0
"Current Measures","Prince Edward Island","Exports",2031,0
"Current Measures","Prince Edward Island","Exports",2032,0
"Current Measures","Prince Edward Island","Exports",2033,0
"Current Measures","Prince Edward Island","Exports",2034,0
"Current Measures","Prince Edward Island","Exports",2035,0
"Current Measures","Prince Edward Island","Exports",2036,0
"Current Measures","Prince Edward Island","Exports",2037,0
"Current Measures","Prince Edward Island","Exports",2038,0
"Current Measures","Prince Edward Island","Exports",2039,0
"Current Measures","Prince Edward Island","Exports",2040,0
"Current Measures","Prince Edward Island","Exports",2041,0
"Current Measures","Prince Edward Island","Exports",2042,0
"Current Measures","Prince Edward Island","Exports",2043,0
"Current Measures","Prince Edward Island","Exports",2044,0
"Current Measures","Prince Edward Island","Exports",2045,0
"Current Measures","Prince Edward Island","Exports",2046,0
"Current Measures","Prince Edward Island","Exports",2047,0
"Current Measures","Prince Edward Island","Exports",2048,0
"Current Measures","Prince Edward Island","Exports",2049,0
"Current Measures","Prince Edward Island","Exports",2050,0
"Current Measures","Quebec","Exports",2005,10565
"Current Measures","Quebec","Exports",2006,11712
"Current Measures","Quebec","Exports",2007,15712
"Current Measures","Quebec","Exports",2008,17469
"Current Measures","Quebec","Exports",2009,18637
"Current Measures","Quebec","Exports",2010,17006
"Current Measures","Quebec","Exports",2011,19879
"Current Measures","Quebec","Exports",2012,24038
"Current Measures","Quebec","Exports",2013,29541
"Current Measures","Quebec","Exports",2014,23587.45
"Current Measures","Quebec","Exports",2015,23533
"Current Measures","Quebec","Exports",2016,25541
"Current Measures","Quebec","Exports",2017,27649.58
"Current Measures","Quebec","Exports",2018,27022.212
"Current Measures","Quebec","Exports",2019,11329.18
"Current Measures","Quebec","Exports",2020,24341.769
"Current Measures","Quebec","Exports",2021,24283.56
"Current Measures","Quebec","Exports",2022,25546.8
"Current Measures","Quebec","Exports",2023,24167.82
"Current Measures","Quebec","Exports",2024,25467.99
"Current Measures","Quebec","Exports",2025,25152.69
"Current Measures","Quebec","Exports",2026,25620.91
"Current Measures","Quebec","Exports",2027,27420.29
"Current Measures","Quebec","Exports",2028,27537.3
"Current Measures","Quebec","Exports",2029,26863.57
"Current Measures","Quebec","Exports",2030,26779.29
"Current Measures","Quebec","Exports",2031,27726.36
"Current Measures","Quebec","Exports",2032,27337.3799999999
"Current Measures","Quebec","Exports",2033,27039.8399999999
"Current Measures","Quebec","Exports",2034,26744.82
"Current Measures","Quebec","Exports",2035,26592.14
"Current Measures","Quebec","Exports",2036,26523.8099999999
"Current Measures","Quebec","Exports",2037,26242.79
"Current Measures","Quebec","Exports",2038,26311.23
"Current Measures","Quebec","Exports",2039,26614.79
"Current Measures","Quebec","Exports",2040,26986.9899999999
"Current Measures","Quebec","Exports",2041,27095.03
"Current Measures","Quebec","Exports",2042,27193.15
"Current Measures","Quebec","Exports",2043,27323.3299999999
"Current Measures","Quebec","Exports",2044,27435.5199999999
"Current Measures","Quebec","Exports",2045,27543.63
"Current Measures","Quebec","Exports",2046,27707.85
"Current Measures","Quebec","Exports",2047,27815.19
"Current Measures","Quebec","Exports",2048,27944.8599999999
"Current Measures","Quebec","Exports",2049,28029.6199999999
"Current Measures","Quebec","Exports",2050,28140.01
"Current Measures","Saskatchewan","Exports",2005,691.4
"Current Measures","Saskatchewan","Exports",2006,594.67
"Current Measures","Saskatchewan","Exports",2007,391.58
"Current Measures","Saskatchewan","Exports",2008,137.2
"Current Measures","Saskatchewan","Exports",2009,109.94
"Current Measures","Saskatchewan","Exports",2010,125.51
"Current Measures","Saskatchewan","Exports",2011,110.25
"Current Measures","Saskatchewan","Exports",2012,68.51
"Current Measures","Saskatchewan","Exports",2013,64.2
"Current Measures","Saskatchewan","Exports",2014,35.01
"Current Measures","Saskatchewan","Exports",2015,31
"Current Measures","Saskatchewan","Exports",2016,382
"Current Measures","Saskatchewan","Exports",2017,266
"Current Measures","Saskatchewan","Exports",2018,103.083
"Current Measures","Saskatchewan","Exports",2019,0
"Current Measures","Saskatchewan","Exports",2020,89.159
"Current Measures","Saskatchewan","Exports",2021,187.2
"Current Measures","Saskatchewan","Exports",2022,130
"Current Measures","Saskatchewan","Exports",2023,130
"Current Measures","Saskatchewan","Exports",2024,130
"Current Measures","Saskatchewan","Exports",2025,130
"Current Measures","Saskatchewan","Exports",2026,130
"Current Measures","Saskatchewan","Exports",2027,130
"Current Measures","Saskatchewan","Exports",2028,130
"Current Measures","Saskatchewan","Exports",2029,130
"Current Measures","Saskatchewan","Exports",2030,130
"Current Measures","Saskatchewan","Exports",2031,130
"Current Measures","Saskatchewan","Exports",2032,130
"Current Measures","Saskatchewan","Exports",2033,130
"Current Measures","Saskatchewan","Exports",2034,130
"Current Measures","Saskatchewan","Exports",2035,130
"Current Measures","Saskatchewan","Exports",2036,130
"Current Measures","Saskatchewan","Exports",2037,130
"Current Measures","Saskatchewan","Exports",2038,130
"Current Measures","Saskatchewan","Exports",2039,130
"Current Measures","Saskatchewan","Exports",2040,130
"Current Measures","Saskatchewan","Exports",2041,130
"Current Measures","Saskatchewan","Exports",2042,130
"Current Measures","Saskatchewan","Exports",2043,130
"Current Measures","Saskatchewan","Exports",2044,130
"Current Measures","Saskatchewan","Exports",2045,130
"Current Measures","Saskatchewan","Exports",2046,130
"Current Measures","Saskatchewan","Exports",2047,130
"Current Measures","Saskatchewan","Exports",2048,130
"Current Measures","Saskatchewan","Exports",2049,130
"Current Measures","Saskatchewan","Exports",2050,130
"Global Net-zero","Alberta","Exports",2005,85.69
"Global Net-zero","Alberta","Exports",2006,67.41
"Global Net-zero","Alberta","Exports",2007,154.75
"Global Net-zero","Alberta","Exports",2008,227.85
"Global Net-zero","Alberta","Exports",2009,262.33
"Global Net-zero","Alberta","Exports",2010,255.54
"Global Net-zero","Alberta","Exports",2011,128.4
"Global Net-zero","Alberta","Exports",2012,41.58
"Global Net-zero","Alberta","Exports",2013,5.17
"Global Net-zero","Alberta","Exports",2014,54.27
"Global Net-zero","Alberta","Exports",2015,292
"Global Net-zero","Alberta","Exports",2016,220.98
"Global Net-zero","Alberta","Exports",2017,621.7
"Global Net-zero","Alberta","Exports",2018,335.729
"Global Net-zero","Alberta","Exports",2019,332.88
"Global Net-zero","Alberta","Exports",2020,57.0576579999999
"Global Net-zero","Alberta","Exports",2021,121.49
"Global Net-zero","Alberta","Exports",2022,410
"Global Net-zero","Alberta","Exports",2023,410
"Global Net-zero","Alberta","Exports",2024,410
"Global Net-zero","Alberta","Exports",2025,410
"Global Net-zero","Alberta","Exports",2026,410
"Global Net-zero","Alberta","Exports",2027,410
"Global Net-zero","Alberta","Exports",2028,410
"Global Net-zero","Alberta","Exports",2029,410
"Global Net-zero","Alberta","Exports",2030,410
"Global Net-zero","Alberta","Exports",2031,410
"Global Net-zero","Alberta","Exports",2032,410
"Global Net-zero","Alberta","Exports",2033,410
"Global Net-zero","Alberta","Exports",2034,410
"Global Net-zero","Alberta","Exports",2035,410
"Global Net-zero","Alberta","Exports",2036,410
"Global Net-zero","Alberta","Exports",2037,410
"Global Net-zero","Alberta","Exports",2038,410
"Global Net-zero","Alberta","Exports",2039,410
"Global Net-zero","Alberta","Exports",2040,410
"Global Net-zero","Alberta","Exports",2041,410
"Global Net-zero","Alberta","Exports",2042,410
"Global Net-zero","Alberta","Exports",2043,410
"Global Net-zero","Alberta","Exports",2044,410
"Global Net-zero","Alberta","Exports",2045,410
"Global Net-zero","Alberta","Exports",2046,410
"Global Net-zero","Alberta","Exports",2047,410
"Global Net-zero","Alberta","Exports",2048,410
"Global Net-zero","Alberta","Exports",2049,410
"Global Net-zero","Alberta","Exports",2050,410
"Global Net-zero","British Columbia","Exports",2005,8258.69
"Global Net-zero","British Columbia","Exports",2006,5081.5
"Global Net-zero","British Columbia","Exports",2007,10078.97
"Global Net-zero","British Columbia","Exports",2008,8431.62
"Global Net-zero","British Columbia","Exports",2009,6852.32
"Global Net-zero","British Columbia","Exports",2010,5670.65
"Global Net-zero","British Columbia","Exports",2011,9953.89
"Global Net-zero","British Columbia","Exports",2012,11065.28
"Global Net-zero","British Columbia","Exports",2013,9869.6
"Global Net-zero","British Columbia","Exports",2014,7395.15
"Global Net-zero","British Columbia","Exports",2015,12392
"Global Net-zero","British Columbia","Exports",2016,13720
"Global Net-zero","British Columbia","Exports",2017,13974
"Global Net-zero","British Columbia","Exports",2018,8782.729
"Global Net-zero","British Columbia","Exports",2019,6142.035
"Global Net-zero","British Columbia","Exports",2020,11954.427
"Global Net-zero","British Columbia","Exports",2021,11430.41
"Global Net-zero","British Columbia","Exports",2022,8345.41
"Global Net-zero","British Columbia","Exports",2023,7867.28
"Global Net-zero","British Columbia","Exports",2024,6857.65
"Global Net-zero","British Columbia","Exports",2025,8440.35
"Global Net-zero","British Columbia","Exports",2026,7768.11
"Global Net-zero","British Columbia","Exports",2027,7273.34
"Global Net-zero","British Columbia","Exports",2028,6755.89
"Global Net-zero","British Columbia","Exports",2029,6546.91
"Global Net-zero","British Columbia","Exports",2030,6317.29
"Global Net-zero","British Columbia","Exports",2031,6496.08
"Global Net-zero","British Columbia","Exports",2032,6391.45
"Global Net-zero","British Columbia","Exports",2033,5912.27
"Global Net-zero","British Columbia","Exports",2034,5959.49
"Global Net-zero","British Columbia","Exports",2035,5625.01
"Global Net-zero","British Columbia","Exports",2036,5399.6
"Global Net-zero","British Columbia","Exports",2037,5630.9
"Global Net-zero","British Columbia","Exports",2038,5821.78
"Global Net-zero","British Columbia","Exports",2039,6361.16
"Global Net-zero","British Columbia","Exports",2040,6247.23
"Global Net-zero","British Columbia","Exports",2041,6564.69
"Global Net-zero","British Columbia","Exports",2042,6071.6
"Global Net-zero","British Columbia","Exports",2043,5529.4
"Global Net-zero","British Columbia","Exports",2044,5948.13
"Global Net-zero","British Columbia","Exports",2045,5319.71
"Global Net-zero","British Columbia","Exports",2046,5515.75
"Global Net-zero","British Columbia","Exports",2047,5650.23
"Global Net-zero","British Columbia","Exports",2048,5811.37
"Global Net-zero","British Columbia","Exports",2049,5969.02
"Global Net-zero","British Columbia","Exports",2050,6125.6
"Global Net-zero","Canada","Exports",2005,43527.53
"Global Net-zero","Canada","Exports",2006,42735.42
"Global Net-zero","Canada","Exports",2007,50331
"Global Net-zero","Canada","Exports",2008,56022.14
"Global Net-zero","Canada","Exports",2009,51781.53
"Global Net-zero","Canada","Exports",2010,44387.87
"Global Net-zero","Canada","Exports",2011,51516.68
"Global Net-zero","Canada","Exports",2012,57864.48
"Global Net-zero","Canada","Exports",2013,62114.56
"Global Net-zero","Canada","Exports",2014,58794.69
"Global Net-zero","Canada","Exports",2015,67097
"Global Net-zero","Canada","Exports",2016,73102.68
"Global Net-zero","Canada","Exports",2017,72039.76
"Global Net-zero","Canada","Exports",2018,60010.029
"Global Net-zero","Canada","Exports",2019,48886.67
"Global Net-zero","Canada","Exports",2020,67395.960035
"Global Net-zero","Canada","Exports",2021,60402.79
"Global Net-zero","Canada","Exports",2022,60153.5599999999
"Global Net-zero","Canada","Exports",2023,53558.1899999999
"Global Net-zero","Canada","Exports",2024,54416.47
"Global Net-zero","Canada","Exports",2025,51521.61
"Global Net-zero","Canada","Exports",2026,52962.18
"Global Net-zero","Canada","Exports",2027,56996.6199999999
"Global Net-zero","Canada","Exports",2028,59369.09
"Global Net-zero","Canada","Exports",2029,60187.09
"Global Net-zero","Canada","Exports",2030,61992.8299999999
"Global Net-zero","Canada","Exports",2031,59811.05
"Global Net-zero","Canada","Exports",2032,60911.0799999999
"Global Net-zero","Canada","Exports",2033,59595.3599999998
"Global Net-zero","Canada","Exports",2034,61035.86
"Global Net-zero","Canada","Exports",2035,59555.23
"Global Net-zero","Canada","Exports",2036,58963.0099999999
"Global Net-zero","Canada","Exports",2037,58270.8999999999
"Global Net-zero","Canada","Exports",2038,58524.5499999999
"Global Net-zero","Canada","Exports",2039,59356.6299999999
"Global Net-zero","Canada","Exports",2040,59640.7099999997
"Global Net-zero","Canada","Exports",2041,58282.4299999999
"Global Net-zero","Canada","Exports",2042,57530.78
"Global Net-zero","Canada","Exports",2043,56770.8399999999
"Global Net-zero","Canada","Exports",2044,57564.8099999998
"Global Net-zero","Canada","Exports",2045,56602.14
"Global Net-zero","Canada","Exports",2046,56755.46
"Global Net-zero","Canada","Exports",2047,56764.32
"Global Net-zero","Canada","Exports",2048,56933.2099999998
"Global Net-zero","Canada","Exports",2049,56982.0599999999
"Global Net-zero","Canada","Exports",2050,57095.1199999999
"Global Net-zero","Manitoba","Exports",2005,12140.6
"Global Net-zero","Manitoba","Exports",2006,12344.45
"Global Net-zero","Manitoba","Exports",2007,11092.81
"Global Net-zero","Manitoba","Exports",2008,9880.37
"Global Net-zero","Manitoba","Exports",2009,9238.32
"Global Net-zero","Manitoba","Exports",2010,9071.36
"Global Net-zero","Manitoba","Exports",2011,9343.81
"Global Net-zero","Manitoba","Exports",2012,8048.29
"Global Net-zero","Manitoba","Exports",2013,9843.12
"Global Net-zero","Manitoba","Exports",2014,8571.26
"Global Net-zero","Manitoba","Exports",2015,9217
"Global Net-zero","Manitoba","Exports",2016,9871.49
"Global Net-zero","Manitoba","Exports",2017,9950.8
"Global Net-zero","Manitoba","Exports",2018,5518.776
"Global Net-zero","Manitoba","Exports",2019,9944.353
"Global Net-zero","Manitoba","Exports",2020,10414.588
"Global Net-zero","Manitoba","Exports",2021,5442.08
"Global Net-zero","Manitoba","Exports",2022,8787.86999999999
"Global Net-zero","Manitoba","Exports",2023,8943.03
"Global Net-zero","Manitoba","Exports",2024,8936.49
"Global Net-zero","Manitoba","Exports",2025,8815.72
"Global Net-zero","Manitoba","Exports",2026,8780.06
"Global Net-zero","Manitoba","Exports",2027,11517.44
"Global Net-zero","Manitoba","Exports",2028,11404.57
"Global Net-zero","Manitoba","Exports",2029,15245.57
"Global Net-zero","Manitoba","Exports",2030,15084.3699999999
"Global Net-zero","Manitoba","Exports",2031,14917.8
"Global Net-zero","Manitoba","Exports",2032,14828.51
"Global Net-zero","Manitoba","Exports",2033,14662.8
"Global Net-zero","Manitoba","Exports",2034,14496.02
"Global Net-zero","Manitoba","Exports",2035,14340.83
"Global Net-zero","Manitoba","Exports",2036,14274.07
"Global Net-zero","Manitoba","Exports",2037,14141.1999999999
"Global Net-zero","Manitoba","Exports",2038,14013.9
"Global Net-zero","Manitoba","Exports",2039,13956.2799999999
"Global Net-zero","Manitoba","Exports",2040,14284.3699999999
"Global Net-zero","Manitoba","Exports",2041,14227.82
"Global Net-zero","Manitoba","Exports",2042,14270.22
"Global Net-zero","Manitoba","Exports",2043,14311.44
"Global Net-zero","Manitoba","Exports",2044,14245.56
"Global Net-zero","Manitoba","Exports",2045,14163.05
"Global Net-zero","Manitoba","Exports",2046,14083.76
"Global Net-zero","Manitoba","Exports",2047,14098.15
"Global Net-zero","Manitoba","Exports",2048,14131.8599999999
"Global Net-zero","Manitoba","Exports",2049,14106.99
"Global Net-zero","Manitoba","Exports",2050,14117.74
"Global Net-zero","New Brunswick","Exports",2005,2961.74
"Global Net-zero","New Brunswick","Exports",2006,2140.79
"Global Net-zero","New Brunswick","Exports",2007,1780.26
"Global Net-zero","New Brunswick","Exports",2008,1112.42
"Global Net-zero","New Brunswick","Exports",2009,1874.65
"Global Net-zero","New Brunswick","Exports",2010,1036.7
"Global Net-zero","New Brunswick","Exports",2011,1083.35
"Global Net-zero","New Brunswick","Exports",2012,778.73
"Global Net-zero","New Brunswick","Exports",2013,4050.39
"Global Net-zero","New Brunswick","Exports",2014,2068.64
"Global Net-zero","New Brunswick","Exports",2015,1490
"Global Net-zero","New Brunswick","Exports",2016,1756.65
"Global Net-zero","New Brunswick","Exports",2017,1232.8
"Global Net-zero","New Brunswick","Exports",2018,1231.808
"Global Net-zero","New Brunswick","Exports",2019,244.0973
"Global Net-zero","New Brunswick","Exports",2020,1683.958
"Global Net-zero","New Brunswick","Exports",2021,2154.52
"Global Net-zero","New Brunswick","Exports",2022,2913.08
"Global Net-zero","New Brunswick","Exports",2023,1402.96999999999
"Global Net-zero","New Brunswick","Exports",2024,963.08
"Global Net-zero","New Brunswick","Exports",2025,807.52
"Global Net-zero","New Brunswick","Exports",2026,799.67
"Global Net-zero","New Brunswick","Exports",2027,995.53
"Global Net-zero","New Brunswick","Exports",2028,931.96
"Global Net-zero","New Brunswick","Exports",2029,1546.59
"Global Net-zero","New Brunswick","Exports",2030,1083.17
"Global Net-zero","New Brunswick","Exports",2031,683.64
"Global Net-zero","New Brunswick","Exports",2032,678.35
"Global Net-zero","New Brunswick","Exports",2033,988.77
"Global Net-zero","New Brunswick","Exports",2034,874.97
"Global Net-zero","New Brunswick","Exports",2035,672.72
"Global Net-zero","New Brunswick","Exports",2036,832.2
"Global Net-zero","New Brunswick","Exports",2037,821.4
"Global Net-zero","New Brunswick","Exports",2038,825.47
"Global Net-zero","New Brunswick","Exports",2039,1327.09
"Global Net-zero","New Brunswick","Exports",2040,1382.63999999999
"Global Net-zero","New Brunswick","Exports",2041,318.86
"Global Net-zero","New Brunswick","Exports",2042,318.86
"Global Net-zero","New Brunswick","Exports",2043,318.86
"Global Net-zero","New Brunswick","Exports",2044,811.25
"Global Net-zero","New Brunswick","Exports",2045,824.29
"Global Net-zero","New Brunswick","Exports",2046,841.96
"Global Net-zero","New Brunswick","Exports",2047,851.24
"Global Net-zero","New Brunswick","Exports",2048,859.75
"Global Net-zero","New Brunswick","Exports",2049,851.9
"Global Net-zero","New Brunswick","Exports",2050,844.68
"Global Net-zero","Newfoundland and Labrador","Exports",2005,0
"Global Net-zero","Newfoundland and Labrador","Exports",2006,0
"Global Net-zero","Newfoundland and Labrador","Exports",2007,0
"Global Net-zero","Newfoundland and Labrador","Exports",2008,0
"Global Net-zero","Newfoundland and Labrador","Exports",2009,0
"Global Net-zero","Newfoundland and Labrador","Exports",2010,0
"Global Net-zero","Newfoundland and Labrador","Exports",2011,0
"Global Net-zero","Newfoundland and Labrador","Exports",2012,0
"Global Net-zero","Newfoundland and Labrador","Exports",2013,0
"Global Net-zero","Newfoundland and Labrador","Exports",2014,0
"Global Net-zero","Newfoundland and Labrador","Exports",2015,0
"Global Net-zero","Newfoundland and Labrador","Exports",2016,0
"Global Net-zero","Newfoundland and Labrador","Exports",2017,0
"Global Net-zero","Newfoundland and Labrador","Exports",2018,0
"Global Net-zero","Newfoundland and Labrador","Exports",2019,0
"Global Net-zero","Newfoundland and Labrador","Exports",2020,1205.3052
"Global Net-zero","Newfoundland and Labrador","Exports",2021,1152.64
"Global Net-zero","Newfoundland and Labrador","Exports",2022,1200
"Global Net-zero","Newfoundland and Labrador","Exports",2023,1200
"Global Net-zero","Newfoundland and Labrador","Exports",2024,1200
"Global Net-zero","Newfoundland and Labrador","Exports",2025,1200
"Global Net-zero","Newfoundland and Labrador","Exports",2026,1200
"Global Net-zero","Newfoundland and Labrador","Exports",2027,1200
"Global Net-zero","Newfoundland and Labrador","Exports",2028,1200
"Global Net-zero","Newfoundland and Labrador","Exports",2029,1200
"Global Net-zero","Newfoundland and Labrador","Exports",2030,1200
"Global Net-zero","Newfoundland and Labrador","Exports",2031,1200
"Global Net-zero","Newfoundland and Labrador","Exports",2032,1200
"Global Net-zero","Newfoundland and Labrador","Exports",2033,1200
"Global Net-zero","Newfoundland and Labrador","Exports",2034,1200
"Global Net-zero","Newfoundland and Labrador","Exports",2035,1200
"Global Net-zero","Newfoundland and Labrador","Exports",2036,1200
"Global Net-zero","Newfoundland and Labrador","Exports",2037,1200
"Global Net-zero","Newfoundland and Labrador","Exports",2038,1200
"Global Net-zero","Newfoundland and Labrador","Exports",2039,1200
"Global Net-zero","Newfoundland and Labrador","Exports",2040,1200
"Global Net-zero","Newfoundland and Labrador","Exports",2041,1200
"Global Net-zero","Newfoundland and Labrador","Exports",2042,1200
"Global Net-zero","Newfoundland and Labrador","Exports",2043,1200
"Global Net-zero","Newfoundland and Labrador","Exports",2044,1200
"Global Net-zero","Newfoundland and Labrador","Exports",2045,1200
"Global Net-zero","Newfoundland and Labrador","Exports",2046,1200
"Global Net-zero","Newfoundland and Labrador","Exports",2047,1200
"Global Net-zero","Newfoundland and Labrador","Exports",2048,1200
"Global Net-zero","Newfoundland and Labrador","Exports",2049,1200
"Global Net-zero","Newfoundland and Labrador","Exports",2050,1200
"Global Net-zero","Nova Scotia","Exports",2005,104.43
"Global Net-zero","Nova Scotia","Exports",2006,228.6
"Global Net-zero","Nova Scotia","Exports",2007,30.63
"Global Net-zero","Nova Scotia","Exports",2008,12.69
"Global Net-zero","Nova Scotia","Exports",2009,28.98
"Global Net-zero","Nova Scotia","Exports",2010,4.11
"Global Net-zero","Nova Scotia","Exports",2011,4.98
"Global Net-zero","Nova Scotia","Exports",2012,1.09
"Global Net-zero","Nova Scotia","Exports",2013,1.09
"Global Net-zero","Nova Scotia","Exports",2014,0
"Global Net-zero","Nova Scotia","Exports",2015,0
"Global Net-zero","Nova Scotia","Exports",2016,0
"Global Net-zero","Nova Scotia","Exports",2017,0
"Global Net-zero","Nova Scotia","Exports",2018,0
"Global Net-zero","Nova Scotia","Exports",2019,0
"Global Net-zero","Nova Scotia","Exports",2020,0.451
"Global Net-zero","Nova Scotia","Exports",2021,2.64
"Global Net-zero","Nova Scotia","Exports",2022,0
"Global Net-zero","Nova Scotia","Exports",2023,0
"Global Net-zero","Nova Scotia","Exports",2024,0
"Global Net-zero","Nova Scotia","Exports",2025,0
"Global Net-zero","Nova Scotia","Exports",2026,0
"Global Net-zero","Nova Scotia","Exports",2027,0
"Global Net-zero","Nova Scotia","Exports",2028,0
"Global Net-zero","Nova Scotia","Exports",2029,0
"Global Net-zero","Nova Scotia","Exports",2030,0
"Global Net-zero","Nova Scotia","Exports",2031,0
"Global Net-zero","Nova Scotia","Exports",2032,0
"Global Net-zero","Nova Scotia","Exports",2033,0
"Global Net-zero","Nova Scotia","Exports",2034,0
"Global Net-zero","Nova Scotia","Exports",2035,0
"Global Net-zero","Nova Scotia","Exports",2036,0
"Global Net-zero","Nova Scotia","Exports",2037,0
"Global Net-zero","Nova Scotia","Exports",2038,0
"Global Net-zero","Nova Scotia","Exports",2039,0
"Global Net-zero","Nova Scotia","Exports",2040,0
"Global Net-zero","Nova Scotia","Exports",2041,0
"Global Net-zero","Nova Scotia","Exports",2042,0
"Global Net-zero","Nova Scotia","Exports",2043,0
"Global Net-zero","Nova Scotia","Exports",2044,0
"Global Net-zero","Nova Scotia","Exports",2045,0
"Global Net-zero","Nova Scotia","Exports",2046,0
"Global Net-zero","Nova Scotia","Exports",2047,0
"Global Net-zero","Nova Scotia","Exports",2048,0
"Global Net-zero","Nova Scotia","Exports",2049,0
"Global Net-zero","Nova Scotia","Exports",2050,0
"Global Net-zero","Ontario","Exports",2005,8720
"Global Net-zero","Ontario","Exports",2006,10566
"Global Net-zero","Ontario","Exports",2007,11090
"Global Net-zero","Ontario","Exports",2008,18751
"Global Net-zero","Ontario","Exports",2009,14778
"Global Net-zero","Ontario","Exports",2010,11218
"Global Net-zero","Ontario","Exports",2011,11013
"Global Net-zero","Ontario","Exports",2012,13823
"Global Net-zero","Ontario","Exports",2013,8740
"Global Net-zero","Ontario","Exports",2014,17082.92
"Global Net-zero","Ontario","Exports",2015,20142
"Global Net-zero","Ontario","Exports",2016,20488
"Global Net-zero","Ontario","Exports",2017,16953.85
"Global Net-zero","Ontario","Exports",2018,17015.692
"Global Net-zero","Ontario","Exports",2019,20894.13
"Global Net-zero","Ontario","Exports",2020,17649.245177
"Global Net-zero","Ontario","Exports",2021,15628.25
"Global Net-zero","Ontario","Exports",2022,12820.4
"Global Net-zero","Ontario","Exports",2023,9437.09
"Global Net-zero","Ontario","Exports",2024,10451.26
"Global Net-zero","Ontario","Exports",2025,6565.33
"Global Net-zero","Ontario","Exports",2026,8253.43
"Global Net-zero","Ontario","Exports",2027,8050.01999999999
"Global Net-zero","Ontario","Exports",2028,10999.37
"Global Net-zero","Ontario","Exports",2029,8244.45
"Global Net-zero","Ontario","Exports",2030,10988.71
"Global Net-zero","Ontario","Exports",2031,8247.17
"Global Net-zero","Ontario","Exports",2032,9935.39
"Global Net-zero","Ontario","Exports",2033,9251.67999999999
"Global Net-zero","Ontario","Exports",2034,11220.56
"Global Net-zero","Ontario","Exports",2035,10584.53
"Global Net-zero","Ontario","Exports",2036,10193.33
"Global Net-zero","Ontario","Exports",2037,9694.61
"Global Net-zero","Ontario","Exports",2038,9812.17
"Global Net-zero","Ontario","Exports",2039,9357.31
"Global Net-zero","Ontario","Exports",2040,8999.48
"Global Net-zero","Ontario","Exports",2041,8336.02999999999
"Global Net-zero","Ontario","Exports",2042,7936.95
"Global Net-zero","Ontario","Exports",2043,7547.81
"Global Net-zero","Ontario","Exports",2044,7384.35
"Global Net-zero","Ontario","Exports",2045,7011.46
"Global Net-zero","Ontario","Exports",2046,6866.14
"Global Net-zero","Ontario","Exports",2047,6609.51
"Global Net-zero","Ontario","Exports",2048,6445.37
"Global Net-zero","Ontario","Exports",2049,6284.53
"Global Net-zero","Ontario","Exports",2050,6127.09
"Global Net-zero","Prince Edward Island","Exports",2005,0
"Global Net-zero","Prince Edward Island","Exports",2006,0
"Global Net-zero","Prince Edward Island","Exports",2007,0
"Global Net-zero","Prince Edward Island","Exports",2008,0
"Global Net-zero","Prince Edward Island","Exports",2009,0
"Global Net-zero","Prince Edward Island","Exports",2010,0
"Global Net-zero","Prince Edward Island","Exports",2011,0
"Global Net-zero","Prince Edward Island","Exports",2012,0
"Global Net-zero","Prince Edward Island","Exports",2013,0
"Global Net-zero","Prince Edward Island","Exports",2014,0
"Global Net-zero","Prince Edward Island","Exports",2015,0
"Global Net-zero","Prince Edward Island","Exports",2016,0
"Global Net-zero","Prince Edward Island","Exports",2017,0
"Global Net-zero","Prince Edward Island","Exports",2018,0
"Global Net-zero","Prince Edward Island","Exports",2019,0
"Global Net-zero","Prince Edward Island","Exports",2020,0
"Global Net-zero","Prince Edward Island","Exports",2021,0
"Global Net-zero","Prince Edward Island","Exports",2022,0
"Global Net-zero","Prince Edward Island","Exports",2023,0
"Global Net-zero","Prince Edward Island","Exports",2024,0
"Global Net-zero","Prince Edward Island","Exports",2025,0
"Global Net-zero","Prince Edward Island","Exports",2026,0
"Global Net-zero","Prince Edward Island","Exports",2027,0
"Global Net-zero","Prince Edward Island","Exports",2028,0
"Global Net-zero","Prince Edward Island","Exports",2029,0
"Global Net-zero","Prince Edward Island","Exports",2030,0
"Global Net-zero","Prince Edward Island","Exports",2031,0
"Global Net-zero","Prince Edward Island","Exports",2032,0
"Global Net-zero","Prince Edward Island","Exports",2033,0
"Global Net-zero","Prince Edward Island","Exports",2034,0
"Global Net-zero","Prince Edward Island","Exports",2035,0
"Global Net-zero","Prince Edward Island","Exports",2036,0
"Global Net-zero","Prince Edward Island","Exports",2037,0
"Global Net-zero","Prince Edward Island","Exports",2038,0
"Global Net-zero","Prince Edward Island","Exports",2039,0
"Global Net-zero","Prince Edward Island","Exports",2040,0
"Global Net-zero","Prince Edward Island","Exports",2041,0
"Global Net-zero","Prince Edward Island","Exports",2042,0
"Global Net-zero","Prince Edward Island","Exports",2043,0
"Global Net-zero","Prince Edward Island","Exports",2044,0
"Global Net-zero","Prince Edward Island","Exports",2045,0
"Global Net-zero","Prince Edward Island","Exports",2046,0
"Global Net-zero","Prince Edward Island","Exports",2047,0
"Global Net-zero","Prince Edward Island","Exports",2048,0
"Global Net-zero","Prince Edward Island","Exports",2049,0
"Global Net-zero","Prince Edward Island","Exports",2050,0
"Global Net-zero","Quebec","Exports",2005,10565
"Global Net-zero","Quebec","Exports",2006,11712
"Global Net-zero","Quebec","Exports",2007,15712
"Global Net-zero","Quebec","Exports",2008,17469
"Global Net-zero","Quebec","Exports",2009,18637
"Global Net-zero","Quebec","Exports",2010,17006
"Global Net-zero","Quebec","Exports",2011,19879
"Global Net-zero","Quebec","Exports",2012,24038
"Global Net-zero","Quebec","Exports",2013,29541
"Global Net-zero","Quebec","Exports",2014,23587.45
"Global Net-zero","Quebec","Exports",2015,23533
"Global Net-zero","Quebec","Exports",2016,25541
"Global Net-zero","Quebec","Exports",2017,27649.58
"Global Net-zero","Quebec","Exports",2018,27022.212
"Global Net-zero","Quebec","Exports",2019,11329.18
"Global Net-zero","Quebec","Exports",2020,24341.769
"Global Net-zero","Quebec","Exports",2021,24283.56
"Global Net-zero","Quebec","Exports",2022,25546.8
"Global Net-zero","Quebec","Exports",2023,24167.82
"Global Net-zero","Quebec","Exports",2024,25467.99
"Global Net-zero","Quebec","Exports",2025,25152.69
"Global Net-zero","Quebec","Exports",2026,25620.91
"Global Net-zero","Quebec","Exports",2027,27420.29
"Global Net-zero","Quebec","Exports",2028,27537.3
"Global Net-zero","Quebec","Exports",2029,26863.57
"Global Net-zero","Quebec","Exports",2030,26779.29
"Global Net-zero","Quebec","Exports",2031,27726.36
"Global Net-zero","Quebec","Exports",2032,27337.3799999999
"Global Net-zero","Quebec","Exports",2033,27039.8399999999
"Global Net-zero","Quebec","Exports",2034,26744.82
"Global Net-zero","Quebec","Exports",2035,26592.14
"Global Net-zero","Quebec","Exports",2036,26523.8099999999
"Global Net-zero","Quebec","Exports",2037,26242.79
"Global Net-zero","Quebec","Exports",2038,26311.23
"Global Net-zero","Quebec","Exports",2039,26614.79
"Global Net-zero","Quebec","Exports",2040,26986.9899999999
"Global Net-zero","Quebec","Exports",2041,27095.03
"Global Net-zero","Quebec","Exports",2042,27193.15
"Global Net-zero","Quebec","Exports",2043,27323.3299999999
"Global Net-zero","Quebec","Exports",2044,27435.5199999999
"Global Net-zero","Quebec","Exports",2045,27543.63
"Global Net-zero","Quebec","Exports",2046,27707.85
"Global Net-zero","Quebec","Exports",2047,27815.19
"Global Net-zero","Quebec","Exports",2048,27944.8599999999
"Global Net-zero","Quebec","Exports",2049,28029.6199999999
"Global Net-zero","Quebec","Exports",2050,28140.01
"Global Net-zero","Saskatchewan","Exports",2005,691.4
"Global Net-zero","Saskatchewan","Exports",2006,594.67
"Global Net-zero","Saskatchewan","Exports",2007,391.58
"Global Net-zero","Saskatchewan","Exports",2008,137.2
"Global Net-zero","Saskatchewan","Exports",2009,109.94
"Global Net-zero","Saskatchewan","Exports",2010,125.51
"Global Net-zero","Saskatchewan","Exports",2011,110.25
"Global Net-zero","Saskatchewan","Exports",2012,68.51
"Global Net-zero","Saskatchewan","Exports",2013,64.2
"Global Net-zero","Saskatchewan","Exports",2014,35.01
"Global Net-zero","Saskatchewan","Exports",2015,31
"Global Net-zero","Saskatchewan","Exports",2016,382
"Global Net-zero","Saskatchewan","Exports",2017,266
"Global Net-zero","Saskatchewan","Exports",2018,103.083
"Global Net-zero","Saskatchewan","Exports",2019,0
"Global Net-zero","Saskatchewan","Exports",2020,89.159
"Global Net-zero","Saskatchewan","Exports",2021,187.2
"Global Net-zero","Saskatchewan","Exports",2022,130
"Global Net-zero","Saskatchewan","Exports",2023,130
"Global Net-zero","Saskatchewan","Exports",2024,130
"Global Net-zero","Saskatchewan","Exports",2025,130
"Global Net-zero","Saskatchewan","Exports",2026,130
"Global Net-zero","Saskatchewan","Exports",2027,130
"Global Net-zero","Saskatchewan","Exports",2028,130
"Global Net-zero","Saskatchewan","Exports",2029,130
"Global Net-zero","Saskatchewan","Exports",2030,130
"Global Net-zero","Saskatchewan","Exports",2031,130
"Global Net-zero","Saskatchewan","Exports",2032,130
"Global Net-zero","Saskatchewan","Exports",2033,130
"Global Net-zero","Saskatchewan","Exports",2034,130
"Global Net-zero","Saskatchewan","Exports",2035,130
"Global Net-zero","Saskatchewan","Exports",2036,130
"Global Net-zero","Saskatchewan","Exports",2037,130
"Global Net-zero","Saskatchewan","Exports",2038,130
"Global Net-zero","Saskatchewan","Exports",2039,130
"Global Net-zero","Saskatchewan","Exports",2040,130
"Global Net-zero","Saskatchewan","Exports",2041,130
"Global Net-zero","Saskatchewan","Exports",2042,130
"Global Net-zero","Saskatchewan","Exports",2043,130
"Global Net-zero","Saskatchewan","Exports",2044,130
"Global Net-zero","Saskatchewan","Exports",2045,130
"Global Net-zero","Saskatchewan","Exports",2046,130
"Global Net-zero","Saskatchewan","Exports",2047,130
"Global Net-zero","Saskatchewan","Exports",2048,130
"Global Net-zero","Saskatchewan","Exports",2049,130
"Global Net-zero","Saskatchewan","Exports",2050,130
"Canada Net-zero","Alberta","Net Exports",2022,410
"Canada Net-zero","Alberta","Net Exports",2005,-366.04
"Canada Net-zero","Alberta","Net Exports",2006,-141.92
"Canada Net-zero","Alberta","Net Exports",2007,-68.15
"Canada Net-zero","Alberta","Net Exports",2008,-533.5
"Canada Net-zero","Alberta","Net Exports",2009,-399.64
"Canada Net-zero","Alberta","Net Exports",2010,-208.45
"Canada Net-zero","Alberta","Net Exports",2011,-862.54
"Canada Net-zero","Alberta","Net Exports",2012,-810.229999999999
"Canada Net-zero","Alberta","Net Exports",2013,-377.04
"Canada Net-zero","Alberta","Net Exports",2014,-487.16
"Canada Net-zero","Alberta","Net Exports",2015,-210
"Canada Net-zero","Alberta","Net Exports",2016,-3464.712
"Canada Net-zero","Alberta","Net Exports",2017,246.7692
"Canada Net-zero","Alberta","Net Exports",2018,1271.502
"Canada Net-zero","Alberta","Net Exports",2019,332.88
"Canada Net-zero","Alberta","Net Exports",2020,-1695.942342
"Canada Net-zero","Alberta","Net Exports",2021,-1462.44
"Canada Net-zero","British Columbia","Net Exports",2005,2005.58
"Canada Net-zero","British Columbia","Net Exports",2006,-7184.21999999999
"Canada Net-zero","British Columbia","Net Exports",2007,2790.25999999999
"Canada Net-zero","British Columbia","Net Exports",2008,-3559.87999999999
"Canada Net-zero","British Columbia","Net Exports",2009,-4620.31
"Canada Net-zero","British Columbia","Net Exports",2010,-4629.89
"Canada Net-zero","British Columbia","Net Exports",2011,-609.26
"Canada Net-zero","British Columbia","Net Exports",2012,3005.01
"Canada Net-zero","British Columbia","Net Exports",2013,1398.6
"Canada Net-zero","British Columbia","Net Exports",2014,-2304.36
"Canada Net-zero","British Columbia","Net Exports",2015,5350
"Canada Net-zero","British Columbia","Net Exports",2016,9447.66
"Canada Net-zero","British Columbia","Net Exports",2017,7993.5
"Canada Net-zero","British Columbia","Net Exports",2018,-1307.155
"Canada Net-zero","British Columbia","Net Exports",2019,5944.4005
"Canada Net-zero","British Columbia","Net Exports",2020,4875.427
"Canada Net-zero","British Columbia","Net Exports",2021,3902.85999999999
"Canada Net-zero","Canada","Net Exports",2005,23850.63
"Canada Net-zero","Canada","Net Exports",2006,19111.3
"Canada Net-zero","Canada","Net Exports",2007,30951.09
"Canada Net-zero","Canada","Net Exports",2008,32158.52
"Canada Net-zero","Canada","Net Exports",2009,33618.2
"Canada Net-zero","Canada","Net Exports",2010,25701.37
"Canada Net-zero","Canada","Net Exports",2011,36555.81
"Canada Net-zero","Canada","Net Exports",2012,46977.82
"Canada Net-zero","Canada","Net Exports",2013,48763.19
"Canada Net-zero","Canada","Net Exports",2014,46369.91
"Canada Net-zero","Canada","Net Exports",2015,58376
"Canada Net-zero","Canada","Net Exports",2016,70151.535
"Canada Net-zero","Canada","Net Exports",2017,70635.796
"Canada Net-zero","Canada","Net Exports",2018,46815.388
"Canada Net-zero","Canada","Net Exports",2019,43311.673
"Canada Net-zero","Canada","Net Exports",2020,57584.121035
"Canada Net-zero","Canada","Net Exports",2021,47389.083
"Canada Net-zero","Manitoba","Net Exports",2005,11896.25
"Canada Net-zero","Manitoba","Net Exports",2006,11515.88
"Canada Net-zero","Manitoba","Net Exports",2007,10558.52
"Canada Net-zero","Manitoba","Net Exports",2008,9792.49
"Canada Net-zero","Manitoba","Net Exports",2009,9035.06
"Canada Net-zero","Manitoba","Net Exports",2010,8775.4
"Canada Net-zero","Manitoba","Net Exports",2011,9206.46
"Canada Net-zero","Manitoba","Net Exports",2012,7528.95
"Canada Net-zero","Manitoba","Net Exports",2013,9530.97
"Canada Net-zero","Manitoba","Net Exports",2014,8061.05
"Canada Net-zero","Manitoba","Net Exports",2015,9107
"Canada Net-zero","Manitoba","Net Exports",2016,13219.73
"Canada Net-zero","Manitoba","Net Exports",2017,13707.19
"Canada Net-zero","Manitoba","Net Exports",2018,4778.434
"Canada Net-zero","Manitoba","Net Exports",2019,9944.353
"Canada Net-zero","Manitoba","Net Exports",2020,10226.329
"Canada Net-zero","Manitoba","Net Exports",2021,2369.27999999999
"Canada Net-zero","New Brunswick","Net Exports",2005,56.5099999999997
"Canada Net-zero","New Brunswick","Net Exports",2006,510.829999999999
"Canada Net-zero","New Brunswick","Net Exports",2007,641.76
"Canada Net-zero","New Brunswick","Net Exports",2008,837.55
"Canada Net-zero","New Brunswick","Net Exports",2009,1084.92
"Canada Net-zero","New Brunswick","Net Exports",2010,843.78
"Canada Net-zero","New Brunswick","Net Exports",2011,584.489999999999
"Canada Net-zero","New Brunswick","Net Exports",2012,591.59
"Canada Net-zero","New Brunswick","Net Exports",2013,2706.52
"Canada Net-zero","New Brunswick","Net Exports",2014,190.54
"Canada Net-zero","New Brunswick","Net Exports",2015,283
"Canada Net-zero","New Brunswick","Net Exports",2016,1982.702
"Canada Net-zero","New Brunswick","Net Exports",2017,1048.874
"Canada Net-zero","New Brunswick","Net Exports",2018,1055.667
"Canada Net-zero","New Brunswick","Net Exports",2019,-3172.3027
"Canada Net-zero","New Brunswick","Net Exports",2020,1613.574
"Canada Net-zero","New Brunswick","Net Exports",2021,2023.28
"Canada Net-zero","Newfoundland and Labrador","Net Exports",2005,0
"Canada Net-zero","Newfoundland and Labrador","Net Exports",2006,0
"Canada Net-zero","Newfoundland and Labrador","Net Exports",2007,0
"Canada Net-zero","Newfoundland and Labrador","Net Exports",2008,0
"Canada Net-zero","Newfoundland and Labrador","Net Exports",2009,0
"Canada Net-zero","Newfoundland and Labrador","Net Exports",2010,0
"Canada Net-zero","Newfoundland and Labrador","Net Exports",2011,0
"Canada Net-zero","Newfoundland and Labrador","Net Exports",2012,0
"Canada Net-zero","Newfoundland and Labrador","Net Exports",2013,0
"Canada Net-zero","Newfoundland and Labrador","Net Exports",2014,0
"Canada Net-zero","Newfoundland and Labrador","Net Exports",2015,0
"Canada Net-zero","Newfoundland and Labrador","Net Exports",2016,0
"Canada Net-zero","Newfoundland and Labrador","Net Exports",2017,0
"Canada Net-zero","Newfoundland and Labrador","Net Exports",2018,0
"Canada Net-zero","Newfoundland and Labrador","Net Exports",2019,0
"Canada Net-zero","Newfoundland and Labrador","Net Exports",2020,1201.1052
"Canada Net-zero","Newfoundland and Labrador","Net Exports",2021,1137.94
"Canada Net-zero","Nova Scotia","Net Exports",2005,35.13
"Canada Net-zero","Nova Scotia","Net Exports",2006,204.01
"Canada Net-zero","Nova Scotia","Net Exports",2007,-32.29
"Canada Net-zero","Nova Scotia","Net Exports",2008,-260
"Canada Net-zero","Nova Scotia","Net Exports",2009,-294.26
"Canada Net-zero","Nova Scotia","Net Exports",2010,-207.22
"Canada Net-zero","Nova Scotia","Net Exports",2011,-140.78
"Canada Net-zero","Nova Scotia","Net Exports",2012,-9.12
"Canada Net-zero","Nova Scotia","Net Exports",2013,0.68
"Canada Net-zero","Nova Scotia","Net Exports",2014,0
"Canada Net-zero","Nova Scotia","Net Exports",2015,0
"Canada Net-zero","Nova Scotia","Net Exports",2016,0
"Canada Net-zero","Nova Scotia","Net Exports",2017,0
"Canada Net-zero","Nova Scotia","Net Exports",2018,-13.004
"Canada Net-zero","Nova Scotia","Net Exports",2019,0
"Canada Net-zero","Nova Scotia","Net Exports",2020,-148.733
"Canada Net-zero","Nova Scotia","Net Exports",2021,-135.596
"Canada Net-zero","Ontario","Net Exports",2005,-183
"Canada Net-zero","Ontario","Net Exports",2006,4462
"Canada Net-zero","Ontario","Net Exports",2007,4020
"Canada Net-zero","Ontario","Net Exports",2008,10628
"Canada Net-zero","Ontario","Net Exports",2009,11752
"Canada Net-zero","Ontario","Net Exports",2010,7563
"Canada Net-zero","Ontario","Net Exports",2011,9238
"Canada Net-zero","Ontario","Net Exports",2012,13168
"Canada Net-zero","Ontario","Net Exports",2013,8135
"Canada Net-zero","Ontario","Net Exports",2014,16228.38
"Canada Net-zero","Ontario","Net Exports",2015,19641
"Canada Net-zero","Ontario","Net Exports",2016,17247.4421
"Canada Net-zero","Ontario","Net Exports",2017,14188.1468
"Canada Net-zero","Ontario","Net Exports",2018,16745.963
"Canada Net-zero","Ontario","Net Exports",2019,20010.5788
"Canada Net-zero","Ontario","Net Exports",2020,17087.885177
"Canada Net-zero","Ontario","Net Exports",2021,15106.519
"Canada Net-zero","Prince Edward Island","Net Exports",2005,0
"Canada Net-zero","Prince Edward Island","Net Exports",2006,0
"Canada Net-zero","Prince Edward Island","Net Exports",2007,0
"Canada Net-zero","Prince Edward Island","Net Exports",2008,0
"Canada Net-zero","Prince Edward Island","Net Exports",2009,0
"Canada Net-zero","Prince Edward Island","Net Exports",2010,0
"Canada Net-zero","Prince Edward Island","Net Exports",2011,0
"Canada Net-zero","Prince Edward Island","Net Exports",2012,0
"Canada Net-zero","Prince Edward Island","Net Exports",2013,0
"Canada Net-zero","Prince Edward Island","Net Exports",2014,0
"Canada Net-zero","Prince Edward Island","Net Exports",2015,0
"Canada Net-zero","Prince Edward Island","Net Exports",2016,0
"Canada Net-zero","Prince Edward Island","Net Exports",2017,0
"Canada Net-zero","Prince Edward Island","Net Exports",2018,0
"Canada Net-zero","Prince Edward Island","Net Exports",2019,0
"Canada Net-zero","Prince Edward Island","Net Exports",2020,0
"Canada Net-zero","Prince Edward Island","Net Exports",2021,0
"Canada Net-zero","Quebec","Net Exports",2005,7293
"Canada Net-zero","Quebec","Net Exports",2006,9178
"Canada Net-zero","Quebec","Net Exports",2007,12356
"Canada Net-zero","Quebec","Net Exports",2008,16111
"Canada Net-zero","Quebec","Net Exports",2009,17580
"Canada Net-zero","Quebec","Net Exports",2010,14504
"Canada Net-zero","Quebec","Net Exports",2011,19436
"Canada Net-zero","Quebec","Net Exports",2012,23955
"Canada Net-zero","Quebec","Net Exports",2013,29002
"Canada Net-zero","Quebec","Net Exports",2014,23016.7
"Canada Net-zero","Quebec","Net Exports",2015,23263
"Canada Net-zero","Quebec","Net Exports",2016,32016.37
"Canada Net-zero","Quebec","Net Exports",2017,34015.0227
"Canada Net-zero","Quebec","Net Exports",2018,26841.645
"Canada Net-zero","Quebec","Net Exports",2019,10645.9
"Canada Net-zero","Quebec","Net Exports",2020,24339.943
"Canada Net-zero","Quebec","Net Exports",2021,24277.07
"Canada Net-zero","Saskatchewan","Net Exports",2005,264.49
"Canada Net-zero","Saskatchewan","Net Exports",2006,-552.41
"Canada Net-zero","Saskatchewan","Net Exports",2007,188.24
"Canada Net-zero","Saskatchewan","Net Exports",2008,-294.45
"Canada Net-zero","Saskatchewan","Net Exports",2009,-224.37
"Canada Net-zero","Saskatchewan","Net Exports",2010,-288.4
"Canada Net-zero","Saskatchewan","Net Exports",2011,-210.93
"Canada Net-zero","Saskatchewan","Net Exports",2012,-46.9299999999999
"Canada Net-zero","Saskatchewan","Net Exports",2013,-270.88
"Canada Net-zero","Saskatchewan","Net Exports",2014,-22.8
"Canada Net-zero","Saskatchewan","Net Exports",2015,18
"Canada Net-zero","Saskatchewan","Net Exports",2016,-297.6595
"Canada Net-zero","Saskatchewan","Net Exports",2017,-563.7061
"Canada Net-zero","Saskatchewan","Net Exports",2018,-14.62
"Canada Net-zero","Saskatchewan","Net Exports",2019,-394.1309
"Canada Net-zero","Saskatchewan","Net Exports",2020,84.533
"Canada Net-zero","Saskatchewan","Net Exports",2021,170.17
"Current Measures","Alberta","Net Exports",2005,-366.04
"Current Measures","Alberta","Net Exports",2006,-141.92
"Current Measures","Alberta","Net Exports",2007,-68.15
"Current Measures","Alberta","Net Exports",2008,-533.5
"Current Measures","Alberta","Net Exports",2009,-399.64
"Current Measures","Alberta","Net Exports",2010,-208.45
"Current Measures","Alberta","Net Exports",2011,-862.54
"Current Measures","Alberta","Net Exports",2012,-810.229999999999
"Current Measures","Alberta","Net Exports",2013,-377.04
"Current Measures","Alberta","Net Exports",2014,-487.16
"Current Measures","Alberta","Net Exports",2015,-210
"Current Measures","Alberta","Net Exports",2016,-3464.712
"Current Measures","Alberta","Net Exports",2017,246.7692
"Current Measures","Alberta","Net Exports",2018,1271.502
"Current Measures","Alberta","Net Exports",2019,332.88
"Current Measures","Alberta","Net Exports",2020,-1695.942342
"Current Measures","Alberta","Net Exports",2021,-1462.44
"Current Measures","British Columbia","Net Exports",2005,2005.58
"Current Measures","British Columbia","Net Exports",2006,-7184.21999999999
"Current Measures","British Columbia","Net Exports",2007,2790.25999999999
"Current Measures","British Columbia","Net Exports",2008,-3559.87999999999
"Current Measures","British Columbia","Net Exports",2009,-4620.31
"Current Measures","British Columbia","Net Exports",2010,-4629.89
"Current Measures","British Columbia","Net Exports",2011,-609.26
"Current Measures","British Columbia","Net Exports",2012,3005.01
"Current Measures","British Columbia","Net Exports",2013,1398.6
"Current Measures","British Columbia","Net Exports",2014,-2304.36
"Current Measures","British Columbia","Net Exports",2015,5350
"Current Measures","British Columbia","Net Exports",2016,9447.66
"Current Measures","British Columbia","Net Exports",2017,7993.5
"Current Measures","British Columbia","Net Exports",2018,-1307.155
"Current Measures","British Columbia","Net Exports",2019,5944.4005
"Current Measures","British Columbia","Net Exports",2020,4875.427
"Current Measures","British Columbia","Net Exports",2021,3902.85999999999
"Current Measures","Canada","Net Exports",2005,23850.63
"Current Measures","Canada","Net Exports",2006,19111.3
"Current Measures","Canada","Net Exports",2007,30951.09
"Current Measures","Canada","Net Exports",2008,32158.52
"Current Measures","Canada","Net Exports",2009,33618.2
"Current Measures","Canada","Net Exports",2010,25701.37
"Current Measures","Canada","Net Exports",2011,36555.81
"Current Measures","Canada","Net Exports",2012,46977.82
"Current Measures","Canada","Net Exports",2013,48763.19
"Current Measures","Canada","Net Exports",2014,46369.91
"Current Measures","Canada","Net Exports",2015,58376
"Current Measures","Canada","Net Exports",2016,70151.535
"Current Measures","Canada","Net Exports",2017,70635.796
"Current Measures","Canada","Net Exports",2018,46815.388
"Current Measures","Canada","Net Exports",2019,43311.673
"Current Measures","Canada","Net Exports",2020,57584.121035
"Current Measures","Canada","Net Exports",2021,47389.083
"Current Measures","Manitoba","Net Exports",2005,11896.25
"Current Measures","Manitoba","Net Exports",2006,11515.88
"Current Measures","Manitoba","Net Exports",2007,10558.52
"Current Measures","Manitoba","Net Exports",2008,9792.49
"Current Measures","Manitoba","Net Exports",2009,9035.06
"Current Measures","Manitoba","Net Exports",2010,8775.4
"Current Measures","Manitoba","Net Exports",2011,9206.46
"Current Measures","Manitoba","Net Exports",2012,7528.95
"Current Measures","Manitoba","Net Exports",2013,9530.97
"Current Measures","Manitoba","Net Exports",2014,8061.05
"Current Measures","Manitoba","Net Exports",2015,9107
"Current Measures","Manitoba","Net Exports",2016,13219.73
"Current Measures","Manitoba","Net Exports",2017,13707.19
"Current Measures","Manitoba","Net Exports",2018,4778.434
"Current Measures","Manitoba","Net Exports",2019,9944.353
"Current Measures","Manitoba","Net Exports",2020,10226.329
"Current Measures","Manitoba","Net Exports",2021,2369.27999999999
"Current Measures","New Brunswick","Net Exports",2005,56.5099999999997
"Current Measures","New Brunswick","Net Exports",2006,510.829999999999
"Current Measures","New Brunswick","Net Exports",2007,641.76
"Current Measures","New Brunswick","Net Exports",2008,837.55
"Current Measures","New Brunswick","Net Exports",2009,1084.92
"Current Measures","New Brunswick","Net Exports",2010,843.78
"Current Measures","New Brunswick","Net Exports",2011,584.489999999999
"Current Measures","New Brunswick","Net Exports",2012,591.59
"Current Measures","New Brunswick","Net Exports",2013,2706.52
"Current Measures","New Brunswick","Net Exports",2014,190.54
"Current Measures","New Brunswick","Net Exports",2015,283
"Current Measures","New Brunswick","Net Exports",2016,1982.702
"Current Measures","New Brunswick","Net Exports",2017,1048.874
"Current Measures","New Brunswick","Net Exports",2018,1055.667
"Current Measures","New Brunswick","Net Exports",2019,-3172.3027
"Current Measures","New Brunswick","Net Exports",2020,1613.574
"Current Measures","New Brunswick","Net Exports",2021,2023.28
"Current Measures","Newfoundland and Labrador","Net Exports",2005,0
"Current Measures","Newfoundland and Labrador","Net Exports",2006,0
"Current Measures","Newfoundland and Labrador","Net Exports",2007,0
"Current Measures","Newfoundland and Labrador","Net Exports",2008,0
"Current Measures","Newfoundland and Labrador","Net Exports",2009,0
"Current Measures","Newfoundland and Labrador","Net Exports",2010,0
"Current Measures","Newfoundland and Labrador","Net Exports",2011,0
"Current Measures","Newfoundland and Labrador","Net Exports",2012,0
"Current Measures","Newfoundland and Labrador","Net Exports",2013,0
"Current Measures","Newfoundland and Labrador","Net Exports",2014,0
"Current Measures","Newfoundland and Labrador","Net Exports",2015,0
"Current Measures","Newfoundland and Labrador","Net Exports",2016,0
"Current Measures","Newfoundland and Labrador","Net Exports",2017,0
"Current Measures","Newfoundland and Labrador","Net Exports",2018,0
"Current Measures","Newfoundland and Labrador","Net Exports",2019,0
"Current Measures","Newfoundland and Labrador","Net Exports",2020,1201.1052
"Current Measures","Newfoundland and Labrador","Net Exports",2021,1137.94
"Current Measures","Nova Scotia","Net Exports",2005,35.13
"Current Measures","Nova Scotia","Net Exports",2006,204.01
"Current Measures","Nova Scotia","Net Exports",2007,-32.29
"Current Measures","Nova Scotia","Net Exports",2008,-260
"Current Measures","Nova Scotia","Net Exports",2009,-294.26
"Current Measures","Nova Scotia","Net Exports",2010,-207.22
"Current Measures","Nova Scotia","Net Exports",2011,-140.78
"Current Measures","Nova Scotia","Net Exports",2012,-9.12
"Current Measures","Nova Scotia","Net Exports",2013,0.68
"Current Measures","Nova Scotia","Net Exports",2014,0
"Current Measures","Nova Scotia","Net Exports",2015,0
"Current Measures","Nova Scotia","Net Exports",2016,0
"Current Measures","Nova Scotia","Net Exports",2017,0
"Current Measures","Nova Scotia","Net Exports",2018,-13.004
"Current Measures","Nova Scotia","Net Exports",2019,0
"Current Measures","Nova Scotia","Net Exports",2020,-148.733
"Current Measures","Nova Scotia","Net Exports",2021,-135.596
"Current Measures","Ontario","Net Exports",2005,-183
"Current Measures","Ontario","Net Exports",2006,4462
"Current Measures","Ontario","Net Exports",2007,4020
"Current Measures","Ontario","Net Exports",2008,10628
"Current Measures","Ontario","Net Exports",2009,11752
"Current Measures","Ontario","Net Exports",2010,7563
"Current Measures","Ontario","Net Exports",2011,9238
"Current Measures","Ontario","Net Exports",2012,13168
"Current Measures","Ontario","Net Exports",2013,8135
"Current Measures","Ontario","Net Exports",2014,16228.38
"Current Measures","Ontario","Net Exports",2015,19641
"Current Measures","Ontario","Net Exports",2016,17247.4421
"Current Measures","Ontario","Net Exports",2017,14188.1468
"Current Measures","Ontario","Net Exports",2018,16745.963
"Current Measures","Ontario","Net Exports",2019,20010.5788
"Current Measures","Ontario","Net Exports",2020,17087.885177
"Current Measures","Ontario","Net Exports",2021,15106.519
"Current Measures","Prince Edward Island","Net Exports",2005,0
"Current Measures","Prince Edward Island","Net Exports",2006,0
"Current Measures","Prince Edward Island","Net Exports",2007,0
"Current Measures","Prince Edward Island","Net Exports",2008,0
"Current Measures","Prince Edward Island","Net Exports",2009,0
"Current Measures","Prince Edward Island","Net Exports",2010,0
"Current Measures","Prince Edward Island","Net Exports",2011,0
"Current Measures","Prince Edward Island","Net Exports",2012,0
"Current Measures","Prince Edward Island","Net Exports",2013,0
"Current Measures","Prince Edward Island","Net Exports",2014,0
"Current Measures","Prince Edward Island","Net Exports",2015,0
"Current Measures","Prince Edward Island","Net Exports",2016,0
"Current Measures","Prince Edward Island","Net Exports",2017,0
"Current Measures","Prince Edward Island","Net Exports",2018,0
"Current Measures","Prince Edward Island","Net Exports",2019,0
"Current Measures","Prince Edward Island","Net Exports",2020,0
"Current Measures","Prince Edward Island","Net Exports",2021,0
"Current Measures","Quebec","Net Exports",2005,7293
"Current Measures","Quebec","Net Exports",2006,9178
"Current Measures","Quebec","Net Exports",2007,12356
"Current Measures","Quebec","Net Exports",2008,16111
"Current Measures","Quebec","Net Exports",2009,17580
"Current Measures","Quebec","Net Exports",2010,14504
"Current Measures","Quebec","Net Exports",2011,19436
"Current Measures","Quebec","Net Exports",2012,23955
"Current Measures","Quebec","Net Exports",2013,29002
"Current Measures","Quebec","Net Exports",2014,23016.7
"Current Measures","Quebec","Net Exports",2015,23263
"Current Measures","Quebec","Net Exports",2016,32016.37
"Current Measures","Quebec","Net Exports",2017,34015.0227
"Current Measures","Quebec","Net Exports",2018,26841.645
"Current Measures","Quebec","Net Exports",2019,10645.9
"Current Measures","Quebec","Net Exports",2020,24339.943
"Current Measures","Quebec","Net Exports",2021,24277.07
"Current Measures","Saskatchewan","Net Exports",2005,264.49
"Current Measures","Saskatchewan","Net Exports",2006,-552.41
"Current Measures","Saskatchewan","Net Exports",2007,188.24
"Current Measures","Saskatchewan","Net Exports",2008,-294.45
"Current Measures","Saskatchewan","Net Exports",2009,-224.37
"Current Measures","Saskatchewan","Net Exports",2010,-288.4
"Current Measures","Saskatchewan","Net Exports",2011,-210.93
"Current Measures","Saskatchewan","Net Exports",2012,-46.9299999999999
"Current Measures","Saskatchewan","Net Exports",2013,-270.88
"Current Measures","Saskatchewan","Net Exports",2014,-22.8
"Current Measures","Saskatchewan","Net Exports",2015,18
"Current Measures","Saskatchewan","Net Exports",2016,-297.6595
"Current Measures","Saskatchewan","Net Exports",2017,-563.7061
"Current Measures","Saskatchewan","Net Exports",2018,-14.62
"Current Measures","Saskatchewan","Net Exports",2019,-394.1309
"Current Measures","Saskatchewan","Net Exports",2020,84.533
"Current Measures","Saskatchewan","Net Exports",2021,170.17
"Global Net-zero","Alberta","Net Exports",2005,-366.04
"Global Net-zero","Alberta","Net Exports",2006,-141.92
"Global Net-zero","Alberta","Net Exports",2007,-68.15
"Global Net-zero","Alberta","Net Exports",2008,-533.5
"Global Net-zero","Alberta","Net Exports",2009,-399.64
"Global Net-zero","Alberta","Net Exports",2010,-208.45
"Global Net-zero","Alberta","Net Exports",2011,-862.54
"Global Net-zero","Alberta","Net Exports",2012,-810.229999999999
"Global Net-zero","Alberta","Net Exports",2013,-377.04
"Global Net-zero","Alberta","Net Exports",2014,-487.16
"Global Net-zero","Alberta","Net Exports",2015,-210
"Global Net-zero","Alberta","Net Exports",2016,-3464.712
"Global Net-zero","Alberta","Net Exports",2017,246.7692
"Global Net-zero","Alberta","Net Exports",2018,1271.502
"Global Net-zero","Alberta","Net Exports",2019,332.88
"Global Net-zero","Alberta","Net Exports",2020,-1695.942342
"Global Net-zero","Alberta","Net Exports",2021,-1462.44
"Global Net-zero","British Columbia","Net Exports",2005,2005.58
"Global Net-zero","British Columbia","Net Exports",2006,-7184.21999999999
"Global Net-zero","British Columbia","Net Exports",2007,2790.25999999999
"Global Net-zero","British Columbia","Net Exports",2008,-3559.87999999999
"Global Net-zero","British Columbia","Net Exports",2009,-4620.31
"Global Net-zero","British Columbia","Net Exports",2010,-4629.89
"Global Net-zero","British Columbia","Net Exports",2011,-609.26
"Global Net-zero","British Columbia","Net Exports",2012,3005.01
"Global Net-zero","British Columbia","Net Exports",2013,1398.6
"Global Net-zero","British Columbia","Net Exports",2014,-2304.36
"Global Net-zero","British Columbia","Net Exports",2015,5350
"Global Net-zero","British Columbia","Net Exports",2016,9447.66
"Global Net-zero","British Columbia","Net Exports",2017,7993.5
"Global Net-zero","British Columbia","Net Exports",2018,-1307.155
"Global Net-zero","British Columbia","Net Exports",2019,5944.4005
"Global Net-zero","British Columbia","Net Exports",2020,4875.427
"Global Net-zero","British Columbia","Net Exports",2021,3902.85999999999
"Global Net-zero","Canada","Net Exports",2005,23850.63
"Global Net-zero","Canada","Net Exports",2006,19111.3
"Global Net-zero","Canada","Net Exports",2007,30951.09
"Global Net-zero","Canada","Net Exports",2008,32158.52
"Global Net-zero","Canada","Net Exports",2009,33618.2
"Global Net-zero","Canada","Net Exports",2010,25701.37
"Global Net-zero","Canada","Net Exports",2011,36555.81
"Global Net-zero","Canada","Net Exports",2012,46977.82
"Global Net-zero","Canada","Net Exports",2013,48763.19
"Global Net-zero","Canada","Net Exports",2014,46369.91
"Global Net-zero","Canada","Net Exports",2015,58376
"Global Net-zero","Canada","Net Exports",2016,70151.535
"Global Net-zero","Canada","Net Exports",2017,70635.796
"Global Net-zero","Canada","Net Exports",2018,46815.388
"Global Net-zero","Canada","Net Exports",2019,43311.673
"Global Net-zero","Canada","Net Exports",2020,57584.121035
"Global Net-zero","Canada","Net Exports",2021,47389.083
"Global Net-zero","Manitoba","Net Exports",2005,11896.25
"Global Net-zero","Manitoba","Net Exports",2006,11515.88
"Global Net-zero","Manitoba","Net Exports",2007,10558.52
"Global Net-zero","Manitoba","Net Exports",2008,9792.49
"Global Net-zero","Manitoba","Net Exports",2009,9035.06
"Global Net-zero","Manitoba","Net Exports",2010,8775.4
"Global Net-zero","Manitoba","Net Exports",2011,9206.46
"Global Net-zero","Manitoba","Net Exports",2012,7528.95
"Global Net-zero","Manitoba","Net Exports",2013,9530.97
"Global Net-zero","Manitoba","Net Exports",2014,8061.05
"Global Net-zero","Manitoba","Net Exports",2015,9107
"Global Net-zero","Manitoba","Net Exports",2016,13219.73
"Global Net-zero","Manitoba","Net Exports",2017,13707.19
"Global Net-zero","Manitoba","Net Exports",2018,4778.434
"Global Net-zero","Manitoba","Net Exports",2019,9944.353
"Global Net-zero","Manitoba","Net Exports",2020,10226.329
"Global Net-zero","Manitoba","Net Exports",2021,2369.27999999999
"Global Net-zero","New Brunswick","Net Exports",2005,56.5099999999997
"Global Net-zero","New Brunswick","Net Exports",2006,510.829999999999
"Global Net-zero","New Brunswick","Net Exports",2007,641.76
"Global Net-zero","New Brunswick","Net Exports",2008,837.55
"Global Net-zero","New Brunswick","Net Exports",2009,1084.92
"Global Net-zero","New Brunswick","Net Exports",2010,843.78
"Global Net-zero","New Brunswick","Net Exports",2011,584.489999999999
"Global Net-zero","New Brunswick","Net Exports",2012,591.59
"Global Net-zero","New Brunswick","Net Exports",2013,2706.52
"Global Net-zero","New Brunswick","Net Exports",2014,190.54
"Global Net-zero","New Brunswick","Net Exports",2015,283
"Global Net-zero","New Brunswick","Net Exports",2016,1982.702
"Global Net-zero","New Brunswick","Net Exports",2017,1048.874
"Global Net-zero","New Brunswick","Net Exports",2018,1055.667
"Global Net-zero","New Brunswick","Net Exports",2019,-3172.3027
"Global Net-zero","New Brunswick","Net Exports",2020,1613.574
"Global Net-zero","New Brunswick","Net Exports",2021,2023.28
"Global Net-zero","Newfoundland and Labrador","Net Exports",2005,0
"Global Net-zero","Newfoundland and Labrador","Net Exports",2006,0
"Global Net-zero","Newfoundland and Labrador","Net Exports",2007,0
"Global Net-zero","Newfoundland and Labrador","Net Exports",2008,0
"Global Net-zero","Newfoundland and Labrador","Net Exports",2009,0
"Global Net-zero","Newfoundland and Labrador","Net Exports",2010,0
"Global Net-zero","Newfoundland and Labrador","Net Exports",2011,0
"Global Net-zero","Newfoundland and Labrador","Net Exports",2012,0
"Global Net-zero","Newfoundland and Labrador","Net Exports",2013,0
"Global Net-zero","Newfoundland and Labrador","Net Exports",2014,0
"Global Net-zero","Newfoundland and Labrador","Net Exports",2015,0
"Global Net-zero","Newfoundland and Labrador","Net Exports",2016,0
"Global Net-zero","Newfoundland and Labrador","Net Exports",2017,0
"Global Net-zero","Newfoundland and Labrador","Net Exports",2018,0
"Global Net-zero","Newfoundland and Labrador","Net Exports",2019,0
"Global Net-zero","Newfoundland and Labrador","Net Exports",2020,1201.1052
"Global Net-zero","Newfoundland and Labrador","Net Exports",2021,1137.94
"Global Net-zero","Nova Scotia","Net Exports",2005,35.13
"Global Net-zero","Nova Scotia","Net Exports",2006,204.01
"Global Net-zero","Nova Scotia","Net Exports",2007,-32.29
"Global Net-zero","Nova Scotia","Net Exports",2008,-260
"Global Net-zero","Nova Scotia","Net Exports",2009,-294.26
"Global Net-zero","Nova Scotia","Net Exports",2010,-207.22
"Global Net-zero","Nova Scotia","Net Exports",2011,-140.78
"Global Net-zero","Nova Scotia","Net Exports",2012,-9.12
"Global Net-zero","Nova Scotia","Net Exports",2013,0.68
"Global Net-zero","Nova Scotia","Net Exports",2014,0
"Global Net-zero","Nova Scotia","Net Exports",2015,0
"Global Net-zero","Nova Scotia","Net Exports",2016,0
"Global Net-zero","Nova Scotia","Net Exports",2017,0
"Global Net-zero","Nova Scotia","Net Exports",2018,-13.004
"Global Net-zero","Nova Scotia","Net Exports",2019,0
"Global Net-zero","Nova Scotia","Net Exports",2020,-148.733
"Global Net-zero","Nova Scotia","Net Exports",2021,-135.596
"Global Net-zero","Ontario","Net Exports",2005,-183
"Global Net-zero","Ontario","Net Exports",2006,4462
"Global Net-zero","Ontario","Net Exports",2007,4020
"Global Net-zero","Ontario","Net Exports",2008,10628
"Global Net-zero","Ontario","Net Exports",2009,11752
"Global Net-zero","Ontario","Net Exports",2010,7563
"Global Net-zero","Ontario","Net Exports",2011,9238
"Global Net-zero","Ontario","Net Exports",2012,13168
"Global Net-zero","Ontario","Net Exports",2013,8135
"Global Net-zero","Ontario","Net Exports",2014,16228.38
"Global Net-zero","Ontario","Net Exports",2015,19641
"Global Net-zero","Ontario","Net Exports",2016,17247.4421
"Global Net-zero","Ontario","Net Exports",2017,14188.1468
"Global Net-zero","Ontario","Net Exports",2018,16745.963
"Global Net-zero","Ontario","Net Exports",2019,20010.5788
"Global Net-zero","Ontario","Net Exports",2020,17087.885177
"Global Net-zero","Ontario","Net Exports",2021,15106.519
"Global Net-zero","Prince Edward Island","Net Exports",2005,0
"Global Net-zero","Prince Edward Island","Net Exports",2006,0
"Global Net-zero","Prince Edward Island","Net Exports",2007,0
"Global Net-zero","Prince Edward Island","Net Exports",2008,0
"Global Net-zero","Prince Edward Island","Net Exports",2009,0
"Global Net-zero","Prince Edward Island","Net Exports",2010,0
"Global Net-zero","Prince Edward Island","Net Exports",2011,0
"Global Net-zero","Prince Edward Island","Net Exports",2012,0
"Global Net-zero","Prince Edward Island","Net Exports",2013,0
"Global Net-zero","Prince Edward Island","Net Exports",2014,0
"Global Net-zero","Prince Edward Island","Net Exports",2015,0
"Global Net-zero","Prince Edward Island","Net Exports",2016,0
"Global Net-zero","Prince Edward Island","Net Exports",2017,0
"Global Net-zero","Prince Edward Island","Net Exports",2018,0
"Global Net-zero","Prince Edward Island","Net Exports",2019,0
"Global Net-zero","Prince Edward Island","Net Exports",2020,0
"Global Net-zero","Prince Edward Island","Net Exports",2021,0
"Global Net-zero","Quebec","Net Exports",2005,7293
"Global Net-zero","Quebec","Net Exports",2006,9178
"Global Net-zero","Quebec","Net Exports",2007,12356
"Global Net-zero","Quebec","Net Exports",2008,16111
"Global Net-zero","Quebec","Net Exports",2009,17580
"Global Net-zero","Quebec","Net Exports",2010,14504
"Global Net-zero","Quebec","Net Exports",2011,19436
"Global Net-zero","Quebec","Net Exports",2012,23955
"Global Net-zero","Quebec","Net Exports",2013,29002
"Global Net-zero","Quebec","Net Exports",2014,23016.7
"Global Net-zero","Quebec","Net Exports",2015,23263
"Global Net-zero","Quebec","Net Exports",2016,32016.37
"Global Net-zero","Quebec","Net Exports",2017,34015.0227
"Global Net-zero","Quebec","Net Exports",2018,26841.645
"Global Net-zero","Quebec","Net Exports",2019,10645.9
"Global Net-zero","Quebec","Net Exports",2020,24339.943
"Global Net-zero","Quebec","Net Exports",2021,24277.07
"Global Net-zero","Saskatchewan","Net Exports",2005,264.49
"Global Net-zero","Saskatchewan","Net Exports",2006,-552.41
"Global Net-zero","Saskatchewan","Net Exports",2007,188.24
"Global Net-zero","Saskatchewan","Net Exports",2008,-294.45
"Global Net-zero","Saskatchewan","Net Exports",2009,-224.37
"Global Net-zero","Saskatchewan","Net Exports",2010,-288.4
"Global Net-zero","Saskatchewan","Net Exports",2011,-210.93
"Global Net-zero","Saskatchewan","Net Exports",2012,-46.9299999999999
"Global Net-zero","Saskatchewan","Net Exports",2013,-270.88
"Global Net-zero","Saskatchewan","Net Exports",2014,-22.8
"Global Net-zero","Saskatchewan","Net Exports",2015,18
"Global Net-zero","Saskatchewan","Net Exports",2016,-297.6595
"Global Net-zero","Saskatchewan","Net Exports",2017,-563.7061
"Global Net-zero","Saskatchewan","Net Exports",2018,-14.62
"Global Net-zero","Saskatchewan","Net Exports",2019,-394.1309
"Global Net-zero","Saskatchewan","Net Exports",2020,84.533
"Global Net-zero","Saskatchewan","Net Exports",2021,170.17
"Canada Net-zero","Alberta","Imports",2005,451.73
"Canada Net-zero","Alberta","Imports",2006,209.33
"Canada Net-zero","Alberta","Imports",2007,222.9
"Canada Net-zero","Alberta","Imports",2008,761.35
"Canada Net-zero","Alberta","Imports",2009,661.97
"Canada Net-zero","Alberta","Imports",2010,463.99
"Canada Net-zero","Alberta","Imports",2011,990.94
"Canada Net-zero","Alberta","Imports",2012,851.81
"Canada Net-zero","Alberta","Imports",2013,382.21
"Canada Net-zero","Alberta","Imports",2014,541.43
"Canada Net-zero","Alberta","Imports",2015,502
"Canada Net-zero","Alberta","Imports",2016,3596.112
"Canada Net-zero","Alberta","Imports",2017,126.4068
"Canada Net-zero","Alberta","Imports",2018,1607.231
"Canada Net-zero","Alberta","Imports",2019,0
"Canada Net-zero","Alberta","Imports",2020,1753
"Canada Net-zero","Alberta","Imports",2021,1583.93
"Canada Net-zero","Alberta","Imports",2022,0
"Canada Net-zero","Alberta","Imports",2023,0
"Canada Net-zero","Alberta","Imports",2024,0
"Canada Net-zero","Alberta","Imports",2025,0
"Canada Net-zero","Alberta","Imports",2026,0
"Canada Net-zero","Alberta","Imports",2027,0
"Canada Net-zero","Alberta","Imports",2028,0
"Canada Net-zero","Alberta","Imports",2029,0
"Canada Net-zero","Alberta","Imports",2030,0
"Canada Net-zero","Alberta","Imports",2031,0
"Canada Net-zero","Alberta","Imports",2032,0
"Canada Net-zero","Alberta","Imports",2033,0
"Canada Net-zero","Alberta","Imports",2034,0
"Canada Net-zero","Alberta","Imports",2035,0
"Canada Net-zero","Alberta","Imports",2036,0
"Canada Net-zero","Alberta","Imports",2037,0
"Canada Net-zero","Alberta","Imports",2038,0
"Canada Net-zero","Alberta","Imports",2039,0
"Canada Net-zero","Alberta","Imports",2040,0
"Canada Net-zero","Alberta","Imports",2041,0
"Canada Net-zero","Alberta","Imports",2042,0
"Canada Net-zero","Alberta","Imports",2043,0
"Canada Net-zero","Alberta","Imports",2044,0
"Canada Net-zero","Alberta","Imports",2045,0
"Canada Net-zero","Alberta","Imports",2046,0
"Canada Net-zero","Alberta","Imports",2047,0
"Canada Net-zero","Alberta","Imports",2048,0
"Canada Net-zero","Alberta","Imports",2049,0
"Canada Net-zero","Alberta","Imports",2050,0
"Canada Net-zero","British Columbia","Imports",2005,6253.11
"Canada Net-zero","British Columbia","Imports",2006,12265.72
"Canada Net-zero","British Columbia","Imports",2007,7288.71
"Canada Net-zero","British Columbia","Imports",2008,11991.5
"Canada Net-zero","British Columbia","Imports",2009,11472.63
"Canada Net-zero","British Columbia","Imports",2010,10300.54
"Canada Net-zero","British Columbia","Imports",2011,10563.15
"Canada Net-zero","British Columbia","Imports",2012,8060.27
"Canada Net-zero","British Columbia","Imports",2013,8471
"Canada Net-zero","British Columbia","Imports",2014,9699.51
"Canada Net-zero","British Columbia","Imports",2015,7042
"Canada Net-zero","British Columbia","Imports",2016,4270.5
"Canada Net-zero","British Columbia","Imports",2017,5978.7
"Canada Net-zero","British Columbia","Imports",2018,10089.884
"Canada Net-zero","British Columbia","Imports",2019,197.6345
"Canada Net-zero","British Columbia","Imports",2020,7079
"Canada Net-zero","British Columbia","Imports",2021,7527.55
"Canada Net-zero","British Columbia","Imports",2022,4841.88069200001
"Canada Net-zero","British Columbia","Imports",2023,4841.880692
"Canada Net-zero","British Columbia","Imports",2024,4841.88069200001
"Canada Net-zero","British Columbia","Imports",2025,4841.88069200001
"Canada Net-zero","British Columbia","Imports",2026,4841.880692
"Canada Net-zero","British Columbia","Imports",2027,4841.880692
"Canada Net-zero","British Columbia","Imports",2028,4841.880692
"Canada Net-zero","British Columbia","Imports",2029,4841.880692
"Canada Net-zero","British Columbia","Imports",2030,4841.88069200001
"Canada Net-zero","British Columbia","Imports",2031,4722.306474
"Canada Net-zero","British Columbia","Imports",2032,4602.732499
"Canada Net-zero","British Columbia","Imports",2033,4483.158524
"Canada Net-zero","British Columbia","Imports",2034,4363.58455
"Canada Net-zero","British Columbia","Imports",2035,4244.010575
"Canada Net-zero","British Columbia","Imports",2036,4124.436479
"Canada Net-zero","British Columbia","Imports",2037,4004.86250399999
"Canada Net-zero","British Columbia","Imports",2038,3885.288468
"Canada Net-zero","British Columbia","Imports",2039,3765.714463
"Canada Net-zero","British Columbia","Imports",2040,3646.140458
"Canada Net-zero","British Columbia","Imports",2041,3646.140458
"Canada Net-zero","British Columbia","Imports",2042,3646.140458
"Canada Net-zero","British Columbia","Imports",2043,3646.140458
"Canada Net-zero","British Columbia","Imports",2044,3646.140458
"Canada Net-zero","British Columbia","Imports",2045,3646.140458
"Canada Net-zero","British Columbia","Imports",2046,3646.140458
"Canada Net-zero","British Columbia","Imports",2047,3646.140458
"Canada Net-zero","British Columbia","Imports",2048,3646.140458
"Canada Net-zero","British Columbia","Imports",2049,3646.140458
"Canada Net-zero","British Columbia","Imports",2050,3646.140458
"Canada Net-zero","Canada","Imports",2005,19676.9
"Canada Net-zero","Canada","Imports",2006,23624.12
"Canada Net-zero","Canada","Imports",2007,19379.91
"Canada Net-zero","Canada","Imports",2008,23863.62
"Canada Net-zero","Canada","Imports",2009,18163.33
"Canada Net-zero","Canada","Imports",2010,18686.5
"Canada Net-zero","Canada","Imports",2011,14960.87
"Canada Net-zero","Canada","Imports",2012,10886.66
"Canada Net-zero","Canada","Imports",2013,13351.37
"Canada Net-zero","Canada","Imports",2014,12424.78
"Canada Net-zero","Canada","Imports",2015,8721
"Canada Net-zero","Canada","Imports",2016,9585.695
"Canada Net-zero","Canada","Imports",2017,8502.644
"Canada Net-zero","Canada","Imports",2018,13194.641
"Canada Net-zero","Canada","Imports",2019,5574.997
"Canada Net-zero","Canada","Imports",2020,9811.839
"Canada Net-zero","Canada","Imports",2021,13013.707
"Canada Net-zero","Canada","Imports",2022,13813.509631
"Canada Net-zero","Canada","Imports",2023,13813.509631
"Canada Net-zero","Canada","Imports",2024,13813.509631
"Canada Net-zero","Canada","Imports",2025,13813.509631
"Canada Net-zero","Canada","Imports",2026,13813.509631
"Canada Net-zero","Canada","Imports",2027,13813.5096309999
"Canada Net-zero","Canada","Imports",2028,13813.5096309999
"Canada Net-zero","Canada","Imports",2029,13813.509631
"Canada Net-zero","Canada","Imports",2030,13813.509631
"Canada Net-zero","Canada","Imports",2031,13693.935413
"Canada Net-zero","Canada","Imports",2032,13574.361438
"Canada Net-zero","Canada","Imports",2033,13454.787463
"Canada Net-zero","Canada","Imports",2034,13335.213489
"Canada Net-zero","Canada","Imports",2035,13215.639514
"Canada Net-zero","Canada","Imports",2036,13096.065418
"Canada Net-zero","Canada","Imports",2037,12976.4914429999
"Canada Net-zero","Canada","Imports",2038,12856.9174069999
"Canada Net-zero","Canada","Imports",2039,12737.343402
"Canada Net-zero","Canada","Imports",2040,12617.769397
"Canada Net-zero","Canada","Imports",2041,12617.769397
"Canada Net-zero","Canada","Imports",2042,12617.769397
"Canada Net-zero","Canada","Imports",2043,12617.769397
"Canada Net-zero","Canada","Imports",2044,12617.769397
"Canada Net-zero","Canada","Imports",2045,12617.769397
"Canada Net-zero","Canada","Imports",2046,12617.769397
"Canada Net-zero","Canada","Imports",2047,12617.769397
"Canada Net-zero","Canada","Imports",2048,12617.769397
"Canada Net-zero","Canada","Imports",2049,12617.7693969999
"Canada Net-zero","Canada","Imports",2050,12617.769397
"Canada Net-zero","Manitoba","Imports",2005,244.35
"Canada Net-zero","Manitoba","Imports",2006,828.57
"Canada Net-zero","Manitoba","Imports",2007,534.29
"Canada Net-zero","Manitoba","Imports",2008,87.88
"Canada Net-zero","Manitoba","Imports",2009,203.26
"Canada Net-zero","Manitoba","Imports",2010,295.96
"Canada Net-zero","Manitoba","Imports",2011,137.35
"Canada Net-zero","Manitoba","Imports",2012,519.34
"Canada Net-zero","Manitoba","Imports",2013,312.15
"Canada Net-zero","Manitoba","Imports",2014,510.21
"Canada Net-zero","Manitoba","Imports",2015,110
"Canada Net-zero","Manitoba","Imports",2016,0
"Canada Net-zero","Manitoba","Imports",2017,0
"Canada Net-zero","Manitoba","Imports",2018,740.342
"Canada Net-zero","Manitoba","Imports",2019,0
"Canada Net-zero","Manitoba","Imports",2020,188.259
"Canada Net-zero","Manitoba","Imports",2021,3072.8
"Canada Net-zero","Manitoba","Imports",2022,1000
"Canada Net-zero","Manitoba","Imports",2023,1000
"Canada Net-zero","Manitoba","Imports",2024,1000
"Canada Net-zero","Manitoba","Imports",2025,1000
"Canada Net-zero","Manitoba","Imports",2026,1000
"Canada Net-zero","Manitoba","Imports",2027,1000
"Canada Net-zero","Manitoba","Imports",2028,1000
"Canada Net-zero","Manitoba","Imports",2029,1000
"Canada Net-zero","Manitoba","Imports",2030,1000
"Canada Net-zero","Manitoba","Imports",2031,1000
"Canada Net-zero","Manitoba","Imports",2032,1000
"Canada Net-zero","Manitoba","Imports",2033,1000
"Canada Net-zero","Manitoba","Imports",2034,1000
"Canada Net-zero","Manitoba","Imports",2035,1000
"Canada Net-zero","Manitoba","Imports",2036,1000
"Canada Net-zero","Manitoba","Imports",2037,1000
"Canada Net-zero","Manitoba","Imports",2038,1000
"Canada Net-zero","Manitoba","Imports",2039,1000
"Canada Net-zero","Manitoba","Imports",2040,1000
"Canada Net-zero","Manitoba","Imports",2041,1000
"Canada Net-zero","Manitoba","Imports",2042,1000
"Canada Net-zero","Manitoba","Imports",2043,1000
"Canada Net-zero","Manitoba","Imports",2044,1000
"Canada Net-zero","Manitoba","Imports",2045,1000
"Canada Net-zero","Manitoba","Imports",2046,1000
"Canada Net-zero","Manitoba","Imports",2047,1000
"Canada Net-zero","Manitoba","Imports",2048,1000
"Canada Net-zero","Manitoba","Imports",2049,1000
"Canada Net-zero","Manitoba","Imports",2050,1000
"Canada Net-zero","New Brunswick","Imports",2005,2905.23
"Canada Net-zero","New Brunswick","Imports",2006,1629.96
"Canada Net-zero","New Brunswick","Imports",2007,1138.5
"Canada Net-zero","New Brunswick","Imports",2008,274.87
"Canada Net-zero","New Brunswick","Imports",2009,789.73
"Canada Net-zero","New Brunswick","Imports",2010,192.92
"Canada Net-zero","New Brunswick","Imports",2011,498.86
"Canada Net-zero","New Brunswick","Imports",2012,187.14
"Canada Net-zero","New Brunswick","Imports",2013,1343.87
"Canada Net-zero","New Brunswick","Imports",2014,1878.1
"Canada Net-zero","New Brunswick","Imports",2015,1207
"Canada Net-zero","New Brunswick","Imports",2016,1297.975
"Canada Net-zero","New Brunswick","Imports",2017,1621.77
"Canada Net-zero","New Brunswick","Imports",2018,176.141
"Canada Net-zero","New Brunswick","Imports",2019,3416.4
"Canada Net-zero","New Brunswick","Imports",2020,70.384
"Canada Net-zero","New Brunswick","Imports",2021,131.24
"Canada Net-zero","New Brunswick","Imports",2022,414.74148000001
"Canada Net-zero","New Brunswick","Imports",2023,414.74148
"Canada Net-zero","New Brunswick","Imports",2024,414.74148
"Canada Net-zero","New Brunswick","Imports",2025,414.741479999999
"Canada Net-zero","New Brunswick","Imports",2026,414.741480000001
"Canada Net-zero","New Brunswick","Imports",2027,414.74148
"Canada Net-zero","New Brunswick","Imports",2028,414.74148
"Canada Net-zero","New Brunswick","Imports",2029,414.74148000001
"Canada Net-zero","New Brunswick","Imports",2030,414.741480000001
"Canada Net-zero","New Brunswick","Imports",2031,414.741479999999
"Canada Net-zero","New Brunswick","Imports",2032,414.74148
"Canada Net-zero","New Brunswick","Imports",2033,414.74148
"Canada Net-zero","New Brunswick","Imports",2034,414.741480000001
"Canada Net-zero","New Brunswick","Imports",2035,414.741480000001
"Canada Net-zero","New Brunswick","Imports",2036,414.74148
"Canada Net-zero","New Brunswick","Imports",2037,414.741479999999
"Canada Net-zero","New Brunswick","Imports",2038,414.74148
"Canada Net-zero","New Brunswick","Imports",2039,414.741480000001
"Canada Net-zero","New Brunswick","Imports",2040,414.741479999999
"Canada Net-zero","New Brunswick","Imports",2041,414.74148
"Canada Net-zero","New Brunswick","Imports",2042,414.74148
"Canada Net-zero","New Brunswick","Imports",2043,414.74148
"Canada Net-zero","New Brunswick","Imports",2044,414.74148
"Canada Net-zero","New Brunswick","Imports",2045,414.74148
"Canada Net-zero","New Brunswick","Imports",2046,414.74148
"Canada Net-zero","New Brunswick","Imports",2047,414.74148
"Canada Net-zero","New Brunswick","Imports",2048,414.74148
"Canada Net-zero","New Brunswick","Imports",2049,414.741480000001
"Canada Net-zero","New Brunswick","Imports",2050,414.74148
"Canada Net-zero","Newfoundland and Labrador","Imports",2005,0
"Canada Net-zero","Newfoundland and Labrador","Imports",2006,0
"Canada Net-zero","Newfoundland and Labrador","Imports",2007,0
"Canada Net-zero","Newfoundland and Labrador","Imports",2008,0
"Canada Net-zero","Newfoundland and Labrador","Imports",2009,0
"Canada Net-zero","Newfoundland and Labrador","Imports",2010,0
"Canada Net-zero","Newfoundland and Labrador","Imports",2011,0
"Canada Net-zero","Newfoundland and Labrador","Imports",2012,0
"Canada Net-zero","Newfoundland and Labrador","Imports",2013,0
"Canada Net-zero","Newfoundland and Labrador","Imports",2014,0
"Canada Net-zero","Newfoundland and Labrador","Imports",2015,0
"Canada Net-zero","Newfoundland and Labrador","Imports",2016,0
"Canada Net-zero","Newfoundland and Labrador","Imports",2017,0
"Canada Net-zero","Newfoundland and Labrador","Imports",2018,0
"Canada Net-zero","Newfoundland and Labrador","Imports",2019,0
"Canada Net-zero","Newfoundland and Labrador","Imports",2020,4.2
"Canada Net-zero","Newfoundland and Labrador","Imports",2021,14.7
"Canada Net-zero","Newfoundland and Labrador","Imports",2022,0
"Canada Net-zero","Newfoundland and Labrador","Imports",2023,0
"Canada Net-zero","Newfoundland and Labrador","Imports",2024,0
"Canada Net-zero","Newfoundland and Labrador","Imports",2025,0
"Canada Net-zero","Newfoundland and Labrador","Imports",2026,0
"Canada Net-zero","Newfoundland and Labrador","Imports",2027,0
"Canada Net-zero","Newfoundland and Labrador","Imports",2028,0
"Canada Net-zero","Newfoundland and Labrador","Imports",2029,0
"Canada Net-zero","Newfoundland and Labrador","Imports",2030,0
"Canada Net-zero","Newfoundland and Labrador","Imports",2031,0
"Canada Net-zero","Newfoundland and Labrador","Imports",2032,0
"Canada Net-zero","Newfoundland and Labrador","Imports",2033,0
"Canada Net-zero","Newfoundland and Labrador","Imports",2034,0
"Canada Net-zero","Newfoundland and Labrador","Imports",2035,0
"Canada Net-zero","Newfoundland and Labrador","Imports",2036,0
"Canada Net-zero","Newfoundland and Labrador","Imports",2037,0
"Canada Net-zero","Newfoundland and Labrador","Imports",2038,0
"Canada Net-zero","Newfoundland and Labrador","Imports",2039,0
"Canada Net-zero","Newfoundland and Labrador","Imports",2040,0
"Canada Net-zero","Newfoundland and Labrador","Imports",2041,0
"Canada Net-zero","Newfoundland and Labrador","Imports",2042,0
"Canada Net-zero","Newfoundland and Labrador","Imports",2043,0
"Canada Net-zero","Newfoundland and Labrador","Imports",2044,0
"Canada Net-zero","Newfoundland and Labrador","Imports",2045,0
"Canada Net-zero","Newfoundland and Labrador","Imports",2046,0
"Canada Net-zero","Newfoundland and Labrador","Imports",2047,0
"Canada Net-zero","Newfoundland and Labrador","Imports",2048,0
"Canada Net-zero","Newfoundland and Labrador","Imports",2049,0
"Canada Net-zero","Newfoundland and Labrador","Imports",2050,0
"Canada Net-zero","Nova Scotia","Imports",2005,69.3
"Canada Net-zero","Nova Scotia","Imports",2006,24.59
"Canada Net-zero","Nova Scotia","Imports",2007,62.92
"Canada Net-zero","Nova Scotia","Imports",2008,272.69
"Canada Net-zero","Nova Scotia","Imports",2009,323.24
"Canada Net-zero","Nova Scotia","Imports",2010,211.33
"Canada Net-zero","Nova Scotia","Imports",2011,145.76
"Canada Net-zero","Nova Scotia","Imports",2012,10.21
"Canada Net-zero","Nova Scotia","Imports",2013,0.41
"Canada Net-zero","Nova Scotia","Imports",2014,0
"Canada Net-zero","Nova Scotia","Imports",2015,0
"Canada Net-zero","Nova Scotia","Imports",2016,0
"Canada Net-zero","Nova Scotia","Imports",2017,0
"Canada Net-zero","Nova Scotia","Imports",2018,13.004
"Canada Net-zero","Nova Scotia","Imports",2019,0
"Canada Net-zero","Nova Scotia","Imports",2020,149.184
"Canada Net-zero","Nova Scotia","Imports",2021,138.236
"Canada Net-zero","Nova Scotia","Imports",2022,110
"Canada Net-zero","Nova Scotia","Imports",2023,110
"Canada Net-zero","Nova Scotia","Imports",2024,110
"Canada Net-zero","Nova Scotia","Imports",2025,110
"Canada Net-zero","Nova Scotia","Imports",2026,110
"Canada Net-zero","Nova Scotia","Imports",2027,110
"Canada Net-zero","Nova Scotia","Imports",2028,110
"Canada Net-zero","Nova Scotia","Imports",2029,110
"Canada Net-zero","Nova Scotia","Imports",2030,110
"Canada Net-zero","Nova Scotia","Imports",2031,110
"Canada Net-zero","Nova Scotia","Imports",2032,110
"Canada Net-zero","Nova Scotia","Imports",2033,110
"Canada Net-zero","Nova Scotia","Imports",2034,110
"Canada Net-zero","Nova Scotia","Imports",2035,110
"Canada Net-zero","Nova Scotia","Imports",2036,110
"Canada Net-zero","Nova Scotia","Imports",2037,110
"Canada Net-zero","Nova Scotia","Imports",2038,110
"Canada Net-zero","Nova Scotia","Imports",2039,110
"Canada Net-zero","Nova Scotia","Imports",2040,110
"Canada Net-zero","Nova Scotia","Imports",2041,110
"Canada Net-zero","Nova Scotia","Imports",2042,110
"Canada Net-zero","Nova Scotia","Imports",2043,110
"Canada Net-zero","Nova Scotia","Imports",2044,110
"Canada Net-zero","Nova Scotia","Imports",2045,110
"Canada Net-zero","Nova Scotia","Imports",2046,110
"Canada Net-zero","Nova Scotia","Imports",2047,110
"Canada Net-zero","Nova Scotia","Imports",2048,110
"Canada Net-zero","Nova Scotia","Imports",2049,110
"Canada Net-zero","Nova Scotia","Imports",2050,110
"Canada Net-zero","Ontario","Imports",2005,8903
"Canada Net-zero","Ontario","Imports",2006,6104
"Canada Net-zero","Ontario","Imports",2007,7070
"Canada Net-zero","Ontario","Imports",2008,8123
"Canada Net-zero","Ontario","Imports",2009,3026
"Canada Net-zero","Ontario","Imports",2010,3655
"Canada Net-zero","Ontario","Imports",2011,1775
"Canada Net-zero","Ontario","Imports",2012,655
"Canada Net-zero","Ontario","Imports",2013,605
"Canada Net-zero","Ontario","Imports",2014,854.54
"Canada Net-zero","Ontario","Imports",2015,501
"Canada Net-zero","Ontario","Imports",2016,26.9779
"Canada Net-zero","Ontario","Imports",2017,25.6932
"Canada Net-zero","Ontario","Imports",2018,269.729
"Canada Net-zero","Ontario","Imports",2019,883.5512
"Canada Net-zero","Ontario","Imports",2020,561.36
"Canada Net-zero","Ontario","Imports",2021,521.731
"Canada Net-zero","Ontario","Imports",2022,6846.887459
"Canada Net-zero","Ontario","Imports",2023,6846.88745900001
"Canada Net-zero","Ontario","Imports",2024,6846.88745900001
"Canada Net-zero","Ontario","Imports",2025,6846.887459
"Canada Net-zero","Ontario","Imports",2026,6846.88745900001
"Canada Net-zero","Ontario","Imports",2027,6846.887459
"Canada Net-zero","Ontario","Imports",2028,6846.887459
"Canada Net-zero","Ontario","Imports",2029,6846.887459
"Canada Net-zero","Ontario","Imports",2030,6846.887459
"Canada Net-zero","Ontario","Imports",2031,6846.88745900001
"Canada Net-zero","Ontario","Imports",2032,6846.887459
"Canada Net-zero","Ontario","Imports",2033,6846.887459
"Canada Net-zero","Ontario","Imports",2034,6846.88745900001
"Canada Net-zero","Ontario","Imports",2035,6846.88745900001
"Canada Net-zero","Ontario","Imports",2036,6846.887459
"Canada Net-zero","Ontario","Imports",2037,6846.887459
"Canada Net-zero","Ontario","Imports",2038,6846.887459
"Canada Net-zero","Ontario","Imports",2039,6846.887459
"Canada Net-zero","Ontario","Imports",2040,6846.88745900001
"Canada Net-zero","Ontario","Imports",2041,6846.887459
"Canada Net-zero","Ontario","Imports",2042,6846.88745900001
"Canada Net-zero","Ontario","Imports",2043,6846.887459
"Canada Net-zero","Ontario","Imports",2044,6846.887459
"Canada Net-zero","Ontario","Imports",2045,6846.887459
"Canada Net-zero","Ontario","Imports",2046,6846.887459
"Canada Net-zero","Ontario","Imports",2047,6846.887459
"Canada Net-zero","Ontario","Imports",2048,6846.887459
"Canada Net-zero","Ontario","Imports",2049,6846.88745899999
"Canada Net-zero","Ontario","Imports",2050,6846.887459
"Canada Net-zero","Prince Edward Island","Imports",2005,0
"Canada Net-zero","Prince Edward Island","Imports",2006,0
"Canada Net-zero","Prince Edward Island","Imports",2007,0
"Canada Net-zero","Prince Edward Island","Imports",2008,0
"Canada Net-zero","Prince Edward Island","Imports",2009,0
"Canada Net-zero","Prince Edward Island","Imports",2010,0
"Canada Net-zero","Prince Edward Island","Imports",2011,0
"Canada Net-zero","Prince Edward Island","Imports",2012,0
"Canada Net-zero","Prince Edward Island","Imports",2013,0
"Canada Net-zero","Prince Edward Island","Imports",2014,0
"Canada Net-zero","Prince Edward Island","Imports",2015,0
"Canada Net-zero","Prince Edward Island","Imports",2016,0
"Canada Net-zero","Prince Edward Island","Imports",2017,0
"Canada Net-zero","Prince Edward Island","Imports",2018,0
"Canada Net-zero","Prince Edward Island","Imports",2019,0
"Canada Net-zero","Prince Edward Island","Imports",2020,0
"Canada Net-zero","Prince Edward Island","Imports",2021,0
"Canada Net-zero","Prince Edward Island","Imports",2022,0
"Canada Net-zero","Prince Edward Island","Imports",2023,0
"Canada Net-zero","Prince Edward Island","Imports",2024,0
"Canada Net-zero","Prince Edward Island","Imports",2025,0
"Canada Net-zero","Prince Edward Island","Imports",2026,0
"Canada Net-zero","Prince Edward Island","Imports",2027,0
"Canada Net-zero","Prince Edward Island","Imports",2028,0
"Canada Net-zero","Prince Edward Island","Imports",2029,0
"Canada Net-zero","Prince Edward Island","Imports",2030,0
"Canada Net-zero","Prince Edward Island","Imports",2031,0
"Canada Net-zero","Prince Edward Island","Imports",2032,0
"Canada Net-zero","Prince Edward Island","Imports",2033,0
"Canada Net-zero","Prince Edward Island","Imports",2034,0
"Canada Net-zero","Prince Edward Island","Imports",2035,0
"Canada Net-zero","Prince Edward Island","Imports",2036,0
"Canada Net-zero","Prince Edward Island","Imports",2037,0
"Canada Net-zero","Prince Edward Island","Imports",2038,0
"Canada Net-zero","Prince Edward Island","Imports",2039,0
"Canada Net-zero","Prince Edward Island","Imports",2040,0
"Canada Net-zero","Prince Edward Island","Imports",2041,0
"Canada Net-zero","Prince Edward Island","Imports",2042,0
"Canada Net-zero","Prince Edward Island","Imports",2043,0
"Canada Net-zero","Prince Edward Island","Imports",2044,0
"Canada Net-zero","Prince Edward Island","Imports",2045,0
"Canada Net-zero","Prince Edward Island","Imports",2046,0
"Canada Net-zero","Prince Edward Island","Imports",2047,0
"Canada Net-zero","Prince Edward Island","Imports",2048,0
"Canada Net-zero","Prince Edward Island","Imports",2049,0
"Canada Net-zero","Prince Edward Island","Imports",2050,0
"Canada Net-zero","Quebec","Imports",2005,3272
"Canada Net-zero","Quebec","Imports",2006,2534
"Canada Net-zero","Quebec","Imports",2007,3356
"Canada Net-zero","Quebec","Imports",2008,1358
"Canada Net-zero","Quebec","Imports",2009,1057
"Canada Net-zero","Quebec","Imports",2010,2502
"Canada Net-zero","Quebec","Imports",2011,443
"Canada Net-zero","Quebec","Imports",2012,83
"Canada Net-zero","Quebec","Imports",2013,539
"Canada Net-zero","Quebec","Imports",2014,570.75
"Canada Net-zero","Quebec","Imports",2015,270
"Canada Net-zero","Quebec","Imports",2016,0
"Canada Net-zero","Quebec","Imports",2017,186.3673
"Canada Net-zero","Quebec","Imports",2018,180.567
"Canada Net-zero","Quebec","Imports",2019,683.28
"Canada Net-zero","Quebec","Imports",2020,1.826
"Canada Net-zero","Quebec","Imports",2021,6.49
"Canada Net-zero","Quebec","Imports",2022,600
"Canada Net-zero","Quebec","Imports",2023,600
"Canada Net-zero","Quebec","Imports",2024,600
"Canada Net-zero","Quebec","Imports",2025,600
"Canada Net-zero","Quebec","Imports",2026,600
"Canada Net-zero","Quebec","Imports",2027,600
"Canada Net-zero","Quebec","Imports",2028,600
"Canada Net-zero","Quebec","Imports",2029,600
"Canada Net-zero","Quebec","Imports",2030,600
"Canada Net-zero","Quebec","Imports",2031,600
"Canada Net-zero","Quebec","Imports",2032,600
"Canada Net-zero","Quebec","Imports",2033,600
"Canada Net-zero","Quebec","Imports",2034,600
"Canada Net-zero","Quebec","Imports",2035,600
"Canada Net-zero","Quebec","Imports",2036,600
"Canada Net-zero","Quebec","Imports",2037,600
"Canada Net-zero","Quebec","Imports",2038,600
"Canada Net-zero","Quebec","Imports",2039,600
"Canada Net-zero","Quebec","Imports",2040,600
"Canada Net-zero","Quebec","Imports",2041,600
"Canada Net-zero","Quebec","Imports",2042,600
"Canada Net-zero","Quebec","Imports",2043,600
"Canada Net-zero","Quebec","Imports",2044,600
"Canada Net-zero","Quebec","Imports",2045,600
"Canada Net-zero","Quebec","Imports",2046,600
"Canada Net-zero","Quebec","Imports",2047,600
"Canada Net-zero","Quebec","Imports",2048,600
"Canada Net-zero","Quebec","Imports",2049,600
"Canada Net-zero","Quebec","Imports",2050,600
"Canada Net-zero","Saskatchewan","Imports",2005,426.91
"Canada Net-zero","Saskatchewan","Imports",2006,1147.08
"Canada Net-zero","Saskatchewan","Imports",2007,203.34
"Canada Net-zero","Saskatchewan","Imports",2008,431.65
"Canada Net-zero","Saskatchewan","Imports",2009,334.31
"Canada Net-zero","Saskatchewan","Imports",2010,413.91
"Canada Net-zero","Saskatchewan","Imports",2011,321.18
"Canada Net-zero","Saskatchewan","Imports",2012,115.44
"Canada Net-zero","Saskatchewan","Imports",2013,335.08
"Canada Net-zero","Saskatchewan","Imports",2014,57.81
"Canada Net-zero","Saskatchewan","Imports",2015,13
"Canada Net-zero","Saskatchewan","Imports",2016,394.1309
"Canada Net-zero","Saskatchewan","Imports",2017,563.7061
"Canada Net-zero","Saskatchewan","Imports",2018,117.703
"Canada Net-zero","Saskatchewan","Imports",2019,394.1309
"Canada Net-zero","Saskatchewan","Imports",2020,4.626
"Canada Net-zero","Saskatchewan","Imports",2021,17.03
"Canada Net-zero","Saskatchewan","Imports",2022,0
"Canada Net-zero","Saskatchewan","Imports",2023,0
"Canada Net-zero","Saskatchewan","Imports",2024,0
"Canada Net-zero","Saskatchewan","Imports",2025,0
"Canada Net-zero","Saskatchewan","Imports",2026,0
"Canada Net-zero","Saskatchewan","Imports",2027,0
"Canada Net-zero","Saskatchewan","Imports",2028,0
"Canada Net-zero","Saskatchewan","Imports",2029,0
"Canada Net-zero","Saskatchewan","Imports",2030,0
"Canada Net-zero","Saskatchewan","Imports",2031,0
"Canada Net-zero","Saskatchewan","Imports",2032,0
"Canada Net-zero","Saskatchewan","Imports",2033,0
"Canada Net-zero","Saskatchewan","Imports",2034,0
"Canada Net-zero","Saskatchewan","Imports",2035,0
"Canada Net-zero","Saskatchewan","Imports",2036,0
"Canada Net-zero","Saskatchewan","Imports",2037,0
"Canada Net-zero","Saskatchewan","Imports",2038,0
"Canada Net-zero","Saskatchewan","Imports",2039,0
"Canada Net-zero","Saskatchewan","Imports",2040,0
"Canada Net-zero","Saskatchewan","Imports",2041,0
"Canada Net-zero","Saskatchewan","Imports",2042,0
"Canada Net-zero","Saskatchewan","Imports",2043,0
"Canada Net-zero","Saskatchewan","Imports",2044,0
"Canada Net-zero","Saskatchewan","Imports",2045,0
"Canada Net-zero","Saskatchewan","Imports",2046,0
"Canada Net-zero","Saskatchewan","Imports",2047,0
"Canada Net-zero","Saskatchewan","Imports",2048,0
"Canada Net-zero","Saskatchewan","Imports",2049,0
"Canada Net-zero","Saskatchewan","Imports",2050,0
"Current Measures","Alberta","Imports",2005,451.73
"Current Measures","Alberta","Imports",2006,209.33
"Current Measures","Alberta","Imports",2007,222.9
"Current Measures","Alberta","Imports",2008,761.35
"Current Measures","Alberta","Imports",2009,661.97
"Current Measures","Alberta","Imports",2010,463.99
"Current Measures","Alberta","Imports",2011,990.94
"Current Measures","Alberta","Imports",2012,851.81
"Current Measures","Alberta","Imports",2013,382.21
"Current Measures","Alberta","Imports",2014,541.43
"Current Measures","Alberta","Imports",2015,502
"Current Measures","Alberta","Imports",2016,3596.112
"Current Measures","Alberta","Imports",2017,126.4068
"Current Measures","Alberta","Imports",2018,1607.231
"Current Measures","Alberta","Imports",2019,0
"Current Measures","Alberta","Imports",2020,1753
"Current Measures","Alberta","Imports",2021,1583.93
"Current Measures","Alberta","Imports",2022,0
"Current Measures","Alberta","Imports",2023,0
"Current Measures","Alberta","Imports",2024,0
"Current Measures","Alberta","Imports",2025,0
"Current Measures","Alberta","Imports",2026,0
"Current Measures","Alberta","Imports",2027,0
"Current Measures","Alberta","Imports",2028,0
"Current Measures","Alberta","Imports",2029,0
"Current Measures","Alberta","Imports",2030,0
"Current Measures","Alberta","Imports",2031,0
"Current Measures","Alberta","Imports",2032,0
"Current Measures","Alberta","Imports",2033,0
"Current Measures","Alberta","Imports",2034,0
"Current Measures","Alberta","Imports",2035,0
"Current Measures","Alberta","Imports",2036,0
"Current Measures","Alberta","Imports",2037,0
"Current Measures","Alberta","Imports",2038,0
"Current Measures","Alberta","Imports",2039,0
"Current Measures","Alberta","Imports",2040,0
"Current Measures","Alberta","Imports",2041,0
"Current Measures","Alberta","Imports",2042,0
"Current Measures","Alberta","Imports",2043,0
"Current Measures","Alberta","Imports",2044,0
"Current Measures","Alberta","Imports",2045,0
"Current Measures","Alberta","Imports",2046,0
"Current Measures","Alberta","Imports",2047,0
"Current Measures","Alberta","Imports",2048,0
"Current Measures","Alberta","Imports",2049,0
"Current Measures","Alberta","Imports",2050,0
"Current Measures","British Columbia","Imports",2005,6253.11
"Current Measures","British Columbia","Imports",2006,12265.72
"Current Measures","British Columbia","Imports",2007,7288.71
"Current Measures","British Columbia","Imports",2008,11991.5
"Current Measures","British Columbia","Imports",2009,11472.63
"Current Measures","British Columbia","Imports",2010,10300.54
"Current Measures","British Columbia","Imports",2011,10563.15
"Current Measures","British Columbia","Imports",2012,8060.27
"Current Measures","British Columbia","Imports",2013,8471
"Current Measures","British Columbia","Imports",2014,9699.51
"Current Measures","British Columbia","Imports",2015,7042
"Current Measures","British Columbia","Imports",2016,4270.5
"Current Measures","British Columbia","Imports",2017,5978.7
"Current Measures","British Columbia","Imports",2018,10089.884
"Current Measures","British Columbia","Imports",2019,197.6345
"Current Measures","British Columbia","Imports",2020,7079
"Current Measures","British Columbia","Imports",2021,7527.55
"Current Measures","British Columbia","Imports",2022,4841.88069200001
"Current Measures","British Columbia","Imports",2023,4841.880692
"Current Measures","British Columbia","Imports",2024,4841.88069200001
"Current Measures","British Columbia","Imports",2025,4841.88069200001
"Current Measures","British Columbia","Imports",2026,4841.880692
"Current Measures","British Columbia","Imports",2027,4841.880692
"Current Measures","British Columbia","Imports",2028,4841.880692
"Current Measures","British Columbia","Imports",2029,4841.880692
"Current Measures","British Columbia","Imports",2030,4841.88069200001
"Current Measures","British Columbia","Imports",2031,4722.306474
"Current Measures","British Columbia","Imports",2032,4602.732499
"Current Measures","British Columbia","Imports",2033,4483.158524
"Current Measures","British Columbia","Imports",2034,4363.58455
"Current Measures","British Columbia","Imports",2035,4244.010575
"Current Measures","British Columbia","Imports",2036,4124.436479
"Current Measures","British Columbia","Imports",2037,4004.86250399999
"Current Measures","British Columbia","Imports",2038,3885.288468
"Current Measures","British Columbia","Imports",2039,3765.714463
"Current Measures","British Columbia","Imports",2040,3646.140458
"Current Measures","British Columbia","Imports",2041,3646.140458
"Current Measures","British Columbia","Imports",2042,3646.140458
"Current Measures","British Columbia","Imports",2043,3646.140458
"Current Measures","British Columbia","Imports",2044,3646.140458
"Current Measures","British Columbia","Imports",2045,3646.140458
"Current Measures","British Columbia","Imports",2046,3646.140458
"Current Measures","British Columbia","Imports",2047,3646.140458
"Current Measures","British Columbia","Imports",2048,3646.140458
"Current Measures","British Columbia","Imports",2049,3646.140458
"Current Measures","British Columbia","Imports",2050,3646.140458
"Current Measures","Canada","Imports",2005,19676.9
"Current Measures","Canada","Imports",2006,23624.12
"Current Measures","Canada","Imports",2007,19379.91
"Current Measures","Canada","Imports",2008,23863.62
"Current Measures","Canada","Imports",2009,18163.33
"Current Measures","Canada","Imports",2010,18686.5
"Current Measures","Canada","Imports",2011,14960.87
"Current Measures","Canada","Imports",2012,10886.66
"Current Measures","Canada","Imports",2013,13351.37
"Current Measures","Canada","Imports",2014,12424.78
"Current Measures","Canada","Imports",2015,8721
"Current Measures","Canada","Imports",2016,9585.695
"Current Measures","Canada","Imports",2017,8502.644
"Current Measures","Canada","Imports",2018,13194.641
"Current Measures","Canada","Imports",2019,5574.997
"Current Measures","Canada","Imports",2020,9811.839
"Current Measures","Canada","Imports",2021,13013.707
"Current Measures","Canada","Imports",2022,13813.509631
"Current Measures","Canada","Imports",2023,13813.509631
"Current Measures","Canada","Imports",2024,13813.509631
"Current Measures","Canada","Imports",2025,13813.509631
"Current Measures","Canada","Imports",2026,13813.509631
"Current Measures","Canada","Imports",2027,13813.5096309999
"Current Measures","Canada","Imports",2028,13813.5096309999
"Current Measures","Canada","Imports",2029,13813.509631
"Current Measures","Canada","Imports",2030,13813.509631
"Current Measures","Canada","Imports",2031,13693.935413
"Current Measures","Canada","Imports",2032,13574.361438
"Current Measures","Canada","Imports",2033,13454.787463
"Current Measures","Canada","Imports",2034,13335.213489
"Current Measures","Canada","Imports",2035,13215.639514
"Current Measures","Canada","Imports",2036,13096.065418
"Current Measures","Canada","Imports",2037,12976.4914429999
"Current Measures","Canada","Imports",2038,12856.9174069999
"Current Measures","Canada","Imports",2039,12737.343402
"Current Measures","Canada","Imports",2040,12617.769397
"Current Measures","Canada","Imports",2041,12617.769397
"Current Measures","Canada","Imports",2042,12617.769397
"Current Measures","Canada","Imports",2043,12617.769397
"Current Measures","Canada","Imports",2044,12617.769397
"Current Measures","Canada","Imports",2045,12617.769397
"Current Measures","Canada","Imports",2046,12617.769397
"Current Measures","Canada","Imports",2047,12617.769397
"Current Measures","Canada","Imports",2048,12617.769397
"Current Measures","Canada","Imports",2049,12617.7693969999
"Current Measures","Canada","Imports",2050,12617.769397
"Current Measures","Manitoba","Imports",2005,244.35
"Current Measures","Manitoba","Imports",2006,828.57
"Current Measures","Manitoba","Imports",2007,534.29
"Current Measures","Manitoba","Imports",2008,87.88
"Current Measures","Manitoba","Imports",2009,203.26
"Current Measures","Manitoba","Imports",2010,295.96
"Current Measures","Manitoba","Imports",2011,137.35
"Current Measures","Manitoba","Imports",2012,519.34
"Current Measures","Manitoba","Imports",2013,312.15
"Current Measures","Manitoba","Imports",2014,510.21
"Current Measures","Manitoba","Imports",2015,110
"Current Measures","Manitoba","Imports",2016,0
"Current Measures","Manitoba","Imports",2017,0
"Current Measures","Manitoba","Imports",2018,740.342
"Current Measures","Manitoba","Imports",2019,0
"Current Measures","Manitoba","Imports",2020,188.259
"Current Measures","Manitoba","Imports",2021,3072.8
"Current Measures","Manitoba","Imports",2022,1000
"Current Measures","Manitoba","Imports",2023,1000
"Current Measures","Manitoba","Imports",2024,1000
"Current Measures","Manitoba","Imports",2025,1000
"Current Measures","Manitoba","Imports",2026,1000
"Current Measures","Manitoba","Imports",2027,1000
"Current Measures","Manitoba","Imports",2028,1000
"Current Measures","Manitoba","Imports",2029,1000
"Current Measures","Manitoba","Imports",2030,1000
"Current Measures","Manitoba","Imports",2031,1000
"Current Measures","Manitoba","Imports",2032,1000
"Current Measures","Manitoba","Imports",2033,1000
"Current Measures","Manitoba","Imports",2034,1000
"Current Measures","Manitoba","Imports",2035,1000
"Current Measures","Manitoba","Imports",2036,1000
"Current Measures","Manitoba","Imports",2037,1000
"Current Measures","Manitoba","Imports",2038,1000
"Current Measures","Manitoba","Imports",2039,1000
"Current Measures","Manitoba","Imports",2040,1000
"Current Measures","Manitoba","Imports",2041,1000
"Current Measures","Manitoba","Imports",2042,1000
"Current Measures","Manitoba","Imports",2043,1000
"Current Measures","Manitoba","Imports",2044,1000
"Current Measures","Manitoba","Imports",2045,1000
"Current Measures","Manitoba","Imports",2046,1000
"Current Measures","Manitoba","Imports",2047,1000
"Current Measures","Manitoba","Imports",2048,1000
"Current Measures","Manitoba","Imports",2049,1000
"Current Measures","Manitoba","Imports",2050,1000
"Current Measures","New Brunswick","Imports",2005,2905.23
"Current Measures","New Brunswick","Imports",2006,1629.96
"Current Measures","New Brunswick","Imports",2007,1138.5
"Current Measures","New Brunswick","Imports",2008,274.87
"Current Measures","New Brunswick","Imports",2009,789.73
"Current Measures","New Brunswick","Imports",2010,192.92
"Current Measures","New Brunswick","Imports",2011,498.86
"Current Measures","New Brunswick","Imports",2012,187.14
"Current Measures","New Brunswick","Imports",2013,1343.87
"Current Measures","New Brunswick","Imports",2014,1878.1
"Current Measures","New Brunswick","Imports",2015,1207
"Current Measures","New Brunswick","Imports",2016,1297.975
"Current Measures","New Brunswick","Imports",2017,1621.77
"Current Measures","New Brunswick","Imports",2018,176.141
"Current Measures","New Brunswick","Imports",2019,3416.4
"Current Measures","New Brunswick","Imports",2020,70.384
"Current Measures","New Brunswick","Imports",2021,131.24
"Current Measures","New Brunswick","Imports",2022,414.74148000001
"Current Measures","New Brunswick","Imports",2023,414.74148
"Current Measures","New Brunswick","Imports",2024,414.74148
"Current Measures","New Brunswick","Imports",2025,414.741479999999
"Current Measures","New Brunswick","Imports",2026,414.741480000001
"Current Measures","New Brunswick","Imports",2027,414.74148
"Current Measures","New Brunswick","Imports",2028,414.74148
"Current Measures","New Brunswick","Imports",2029,414.74148000001
"Current Measures","New Brunswick","Imports",2030,414.741480000001
"Current Measures","New Brunswick","Imports",2031,414.741479999999
"Current Measures","New Brunswick","Imports",2032,414.74148
"Current Measures","New Brunswick","Imports",2033,414.74148
"Current Measures","New Brunswick","Imports",2034,414.741480000001
"Current Measures","New Brunswick","Imports",2035,414.741480000001
"Current Measures","New Brunswick","Imports",2036,414.74148
"Current Measures","New Brunswick","Imports",2037,414.741479999999
"Current Measures","New Brunswick","Imports",2038,414.74148
"Current Measures","New Brunswick","Imports",2039,414.741480000001
"Current Measures","New Brunswick","Imports",2040,414.741479999999
"Current Measures","New Brunswick","Imports",2041,414.74148
"Current Measures","New Brunswick","Imports",2042,414.74148
"Current Measures","New Brunswick","Imports",2043,414.74148
"Current Measures","New Brunswick","Imports",2044,414.74148
"Current Measures","New Brunswick","Imports",2045,414.74148
"Current Measures","New Brunswick","Imports",2046,414.74148
"Current Measures","New Brunswick","Imports",2047,414.74148
"Current Measures","New Brunswick","Imports",2048,414.74148
"Current Measures","New Brunswick","Imports",2049,414.741480000001
"Current Measures","New Brunswick","Imports",2050,414.74148
"Current Measures","Newfoundland and Labrador","Imports",2005,0
"Current Measures","Newfoundland and Labrador","Imports",2006,0
"Current Measures","Newfoundland and Labrador","Imports",2007,0
"Current Measures","Newfoundland and Labrador","Imports",2008,0
"Current Measures","Newfoundland and Labrador","Imports",2009,0
"Current Measures","Newfoundland and Labrador","Imports",2010,0
"Current Measures","Newfoundland and Labrador","Imports",2011,0
"Current Measures","Newfoundland and Labrador","Imports",2012,0
"Current Measures","Newfoundland and Labrador","Imports",2013,0
"Current Measures","Newfoundland and Labrador","Imports",2014,0
"Current Measures","Newfoundland and Labrador","Imports",2015,0
"Current Measures","Newfoundland and Labrador","Imports",2016,0
"Current Measures","Newfoundland and Labrador","Imports",2017,0
"Current Measures","Newfoundland and Labrador","Imports",2018,0
"Current Measures","Newfoundland and Labrador","Imports",2019,0
"Current Measures","Newfoundland and Labrador","Imports",2020,4.2
"Current Measures","Newfoundland and Labrador","Imports",2021,14.7
"Current Measures","Newfoundland and Labrador","Imports",2022,0
"Current Measures","Newfoundland and Labrador","Imports",2023,0
"Current Measures","Newfoundland and Labrador","Imports",2024,0
"Current Measures","Newfoundland and Labrador","Imports",2025,0
"Current Measures","Newfoundland and Labrador","Imports",2026,0
"Current Measures","Newfoundland and Labrador","Imports",2027,0
"Current Measures","Newfoundland and Labrador","Imports",2028,0
"Current Measures","Newfoundland and Labrador","Imports",2029,0
"Current Measures","Newfoundland and Labrador","Imports",2030,0
"Current Measures","Newfoundland and Labrador","Imports",2031,0
"Current Measures","Newfoundland and Labrador","Imports",2032,0
"Current Measures","Newfoundland and Labrador","Imports",2033,0
"Current Measures","Newfoundland and Labrador","Imports",2034,0
"Current Measures","Newfoundland and Labrador","Imports",2035,0
"Current Measures","Newfoundland and Labrador","Imports",2036,0
"Current Measures","Newfoundland and Labrador","Imports",2037,0
"Current Measures","Newfoundland and Labrador","Imports",2038,0
"Current Measures","Newfoundland and Labrador","Imports",2039,0
"Current Measures","Newfoundland and Labrador","Imports",2040,0
"Current Measures","Newfoundland and Labrador","Imports",2041,0
"Current Measures","Newfoundland and Labrador","Imports",2042,0
"Current Measures","Newfoundland and Labrador","Imports",2043,0
"Current Measures","Newfoundland and Labrador","Imports",2044,0
"Current Measures","Newfoundland and Labrador","Imports",2045,0
"Current Measures","Newfoundland and Labrador","Imports",2046,0
"Current Measures","Newfoundland and Labrador","Imports",2047,0
"Current Measures","Newfoundland and Labrador","Imports",2048,0
"Current Measures","Newfoundland and Labrador","Imports",2049,0
"Current Measures","Newfoundland and Labrador","Imports",2050,0
"Current Measures","Nova Scotia","Imports",2005,69.3
"Current Measures","Nova Scotia","Imports",2006,24.59
"Current Measures","Nova Scotia","Imports",2007,62.92
"Current Measures","Nova Scotia","Imports",2008,272.69
"Current Measures","Nova Scotia","Imports",2009,323.24
"Current Measures","Nova Scotia","Imports",2010,211.33
"Current Measures","Nova Scotia","Imports",2011,145.76
"Current Measures","Nova Scotia","Imports",2012,10.21
"Current Measures","Nova Scotia","Imports",2013,0.41
"Current Measures","Nova Scotia","Imports",2014,0
"Current Measures","Nova Scotia","Imports",2015,0
"Current Measures","Nova Scotia","Imports",2016,0
"Current Measures","Nova Scotia","Imports",2017,0
"Current Measures","Nova Scotia","Imports",2018,13.004
"Current Measures","Nova Scotia","Imports",2019,0
"Current Measures","Nova Scotia","Imports",2020,149.184
"Current Measures","Nova Scotia","Imports",2021,138.236
"Current Measures","Nova Scotia","Imports",2022,110
"Current Measures","Nova Scotia","Imports",2023,110
"Current Measures","Nova Scotia","Imports",2024,110
"Current Measures","Nova Scotia","Imports",2025,110
"Current Measures","Nova Scotia","Imports",2026,110
"Current Measures","Nova Scotia","Imports",2027,110
"Current Measures","Nova Scotia","Imports",2028,110
"Current Measures","Nova Scotia","Imports",2029,110
"Current Measures","Nova Scotia","Imports",2030,110
"Current Measures","Nova Scotia","Imports",2031,110
"Current Measures","Nova Scotia","Imports",2032,110
"Current Measures","Nova Scotia","Imports",2033,110
"Current Measures","Nova Scotia","Imports",2034,110
"Current Measures","Nova Scotia","Imports",2035,110
"Current Measures","Nova Scotia","Imports",2036,110
"Current Measures","Nova Scotia","Imports",2037,110
"Current Measures","Nova Scotia","Imports",2038,110
"Current Measures","Nova Scotia","Imports",2039,110
"Current Measures","Nova Scotia","Imports",2040,110
"Current Measures","Nova Scotia","Imports",2041,110
"Current Measures","Nova Scotia","Imports",2042,110
"Current Measures","Nova Scotia","Imports",2043,110
"Current Measures","Nova Scotia","Imports",2044,110
"Current Measures","Nova Scotia","Imports",2045,110
"Current Measures","Nova Scotia","Imports",2046,110
"Current Measures","Nova Scotia","Imports",2047,110
"Current Measures","Nova Scotia","Imports",2048,110
"Current Measures","Nova Scotia","Imports",2049,110
"Current Measures","Nova Scotia","Imports",2050,110
"Current Measures","Ontario","Imports",2005,8903
"Current Measures","Ontario","Imports",2006,6104
"Current Measures","Ontario","Imports",2007,7070
"Current Measures","Ontario","Imports",2008,8123
"Current Measures","Ontario","Imports",2009,3026
"Current Measures","Ontario","Imports",2010,3655
"Current Measures","Ontario","Imports",2011,1775
"Current Measures","Ontario","Imports",2012,655
"Current Measures","Ontario","Imports",2013,605
"Current Measures","Ontario","Imports",2014,854.54
"Current Measures","Ontario","Imports",2015,501
"Current Measures","Ontario","Imports",2016,26.9779
"Current Measures","Ontario","Imports",2017,25.6932
"Current Measures","Ontario","Imports",2018,269.729
"Current Measures","Ontario","Imports",2019,883.5512
"Current Measures","Ontario","Imports",2020,561.36
"Current Measures","Ontario","Imports",2021,521.731
"Current Measures","Ontario","Imports",2022,6846.887459
"Current Measures","Ontario","Imports",2023,6846.88745900001
"Current Measures","Ontario","Imports",2024,6846.88745900001
"Current Measures","Ontario","Imports",2025,6846.887459
"Current Measures","Ontario","Imports",2026,6846.88745900001
"Current Measures","Ontario","Imports",2027,6846.887459
"Current Measures","Ontario","Imports",2028,6846.887459
"Current Measures","Ontario","Imports",2029,6846.887459
"Current Measures","Ontario","Imports",2030,6846.887459
"Current Measures","Ontario","Imports",2031,6846.88745900001
"Current Measures","Ontario","Imports",2032,6846.887459
"Current Measures","Ontario","Imports",2033,6846.887459
"Current Measures","Ontario","Imports",2034,6846.88745900001
"Current Measures","Ontario","Imports",2035,6846.88745900001
"Current Measures","Ontario","Imports",2036,6846.887459
"Current Measures","Ontario","Imports",2037,6846.887459
"Current Measures","Ontario","Imports",2038,6846.887459
"Current Measures","Ontario","Imports",2039,6846.887459
"Current Measures","Ontario","Imports",2040,6846.88745900001
"Current Measures","Ontario","Imports",2041,6846.887459
"Current Measures","Ontario","Imports",2042,6846.88745900001
"Current Measures","Ontario","Imports",2043,6846.887459
"Current Measures","Ontario","Imports",2044,6846.887459
"Current Measures","Ontario","Imports",2045,6846.887459
"Current Measures","Ontario","Imports",2046,6846.887459
"Current Measures","Ontario","Imports",2047,6846.887459
"Current Measures","Ontario","Imports",2048,6846.887459
"Current Measures","Ontario","Imports",2049,6846.88745899999
"Current Measures","Ontario","Imports",2050,6846.887459
"Current Measures","Prince Edward Island","Imports",2005,0
"Current Measures","Prince Edward Island","Imports",2006,0
"Current Measures","Prince Edward Island","Imports",2007,0
"Current Measures","Prince Edward Island","Imports",2008,0
"Current Measures","Prince Edward Island","Imports",2009,0
"Current Measures","Prince Edward Island","Imports",2010,0
"Current Measures","Prince Edward Island","Imports",2011,0
"Current Measures","Prince Edward Island","Imports",2012,0
"Current Measures","Prince Edward Island","Imports",2013,0
"Current Measures","Prince Edward Island","Imports",2014,0
"Current Measures","Prince Edward Island","Imports",2015,0
"Current Measures","Prince Edward Island","Imports",2016,0
"Current Measures","Prince Edward Island","Imports",2017,0
"Current Measures","Prince Edward Island","Imports",2018,0
"Current Measures","Prince Edward Island","Imports",2019,0
"Current Measures","Prince Edward Island","Imports",2020,0
"Current Measures","Prince Edward Island","Imports",2021,0
"Current Measures","Prince Edward Island","Imports",2022,0
"Current Measures","Prince Edward Island","Imports",2023,0
"Current Measures","Prince Edward Island","Imports",2024,0
"Current Measures","Prince Edward Island","Imports",2025,0
"Current Measures","Prince Edward Island","Imports",2026,0
"Current Measures","Prince Edward Island","Imports",2027,0
"Current Measures","Prince Edward Island","Imports",2028,0
"Current Measures","Prince Edward Island","Imports",2029,0
"Current Measures","Prince Edward Island","Imports",2030,0
"Current Measures","Prince Edward Island","Imports",2031,0
"Current Measures","Prince Edward Island","Imports",2032,0
"Current Measures","Prince Edward Island","Imports",2033,0
"Current Measures","Prince Edward Island","Imports",2034,0
"Current Measures","Prince Edward Island","Imports",2035,0
"Current Measures","Prince Edward Island","Imports",2036,0
"Current Measures","Prince Edward Island","Imports",2037,0
"Current Measures","Prince Edward Island","Imports",2038,0
"Current Measures","Prince Edward Island","Imports",2039,0
"Current Measures","Prince Edward Island","Imports",2040,0
"Current Measures","Prince Edward Island","Imports",2041,0
"Current Measures","Prince Edward Island","Imports",2042,0
"Current Measures","Prince Edward Island","Imports",2043,0
"Current Measures","Prince Edward Island","Imports",2044,0
"Current Measures","Prince Edward Island","Imports",2045,0
"Current Measures","Prince Edward Island","Imports",2046,0
"Current Measures","Prince Edward Island","Imports",2047,0
"Current Measures","Prince Edward Island","Imports",2048,0
"Current Measures","Prince Edward Island","Imports",2049,0
"Current Measures","Prince Edward Island","Imports",2050,0
"Current Measures","Quebec","Imports",2005,3272
"Current Measures","Quebec","Imports",2006,2534
"Current Measures","Quebec","Imports",2007,3356
"Current Measures","Quebec","Imports",2008,1358
"Current Measures","Quebec","Imports",2009,1057
"Current Measures","Quebec","Imports",2010,2502
"Current Measures","Quebec","Imports",2011,443
"Current Measures","Quebec","Imports",2012,83
"Current Measures","Quebec","Imports",2013,539
"Current Measures","Quebec","Imports",2014,570.75
"Current Measures","Quebec","Imports",2015,270
"Current Measures","Quebec","Imports",2016,0
"Current Measures","Quebec","Imports",2017,186.3673
"Current Measures","Quebec","Imports",2018,180.567
"Current Measures","Quebec","Imports",2019,683.28
"Current Measures","Quebec","Imports",2020,1.826
"Current Measures","Quebec","Imports",2021,6.49
"Current Measures","Quebec","Imports",2022,600
"Current Measures","Quebec","Imports",2023,600
"Current Measures","Quebec","Imports",2024,600
"Current Measures","Quebec","Imports",2025,600
"Current Measures","Quebec","Imports",2026,600
"Current Measures","Quebec","Imports",2027,600
"Current Measures","Quebec","Imports",2028,600
"Current Measures","Quebec","Imports",2029,600
"Current Measures","Quebec","Imports",2030,600
"Current Measures","Quebec","Imports",2031,600
"Current Measures","Quebec","Imports",2032,600
"Current Measures","Quebec","Imports",2033,600
"Current Measures","Quebec","Imports",2034,600
"Current Measures","Quebec","Imports",2035,600
"Current Measures","Quebec","Imports",2036,600
"Current Measures","Quebec","Imports",2037,600
"Current Measures","Quebec","Imports",2038,600
"Current Measures","Quebec","Imports",2039,600
"Current Measures","Quebec","Imports",2040,600
"Current Measures","Quebec","Imports",2041,600
"Current Measures","Quebec","Imports",2042,600
"Current Measures","Quebec","Imports",2043,600
"Current Measures","Quebec","Imports",2044,600
"Current Measures","Quebec","Imports",2045,600
"Current Measures","Quebec","Imports",2046,600
"Current Measures","Quebec","Imports",2047,600
"Current Measures","Quebec","Imports",2048,600
"Current Measures","Quebec","Imports",2049,600
"Current Measures","Quebec","Imports",2050,600
"Current Measures","Saskatchewan","Imports",2005,426.91
"Current Measures","Saskatchewan","Imports",2006,1147.08
"Current Measures","Saskatchewan","Imports",2007,203.34
"Current Measures","Saskatchewan","Imports",2008,431.65
"Current Measures","Saskatchewan","Imports",2009,334.31
"Current Measures","Saskatchewan","Imports",2010,413.91
"Current Measures","Saskatchewan","Imports",2011,321.18
"Current Measures","Saskatchewan","Imports",2012,115.44
"Current Measures","Saskatchewan","Imports",2013,335.08
"Current Measures","Saskatchewan","Imports",2014,57.81
"Current Measures","Saskatchewan","Imports",2015,13
"Current Measures","Saskatchewan","Imports",2016,394.1309
"Current Measures","Saskatchewan","Imports",2017,563.7061
"Current Measures","Saskatchewan","Imports",2018,117.703
"Current Measures","Saskatchewan","Imports",2019,394.1309
"Current Measures","Saskatchewan","Imports",2020,4.626
"Current Measures","Saskatchewan","Imports",2021,17.03
"Current Measures","Saskatchewan","Imports",2022,0
"Current Measures","Saskatchewan","Imports",2023,0
"Current Measures","Saskatchewan","Imports",2024,0
"Current Measures","Saskatchewan","Imports",2025,0
"Current Measures","Saskatchewan","Imports",2026,0
"Current Measures","Saskatchewan","Imports",2027,0
"Current Measures","Saskatchewan","Imports",2028,0
"Current Measures","Saskatchewan","Imports",2029,0
"Current Measures","Saskatchewan","Imports",2030,0
"Current Measures","Saskatchewan","Imports",2031,0
"Current Measures","Saskatchewan","Imports",2032,0
"Current Measures","Saskatchewan","Imports",2033,0
"Current Measures","Saskatchewan","Imports",2034,0
"Current Measures","Saskatchewan","Imports",2035,0
"Current Measures","Saskatchewan","Imports",2036,0
"Current Measures","Saskatchewan","Imports",2037,0
"Current Measures","Saskatchewan","Imports",2038,0
"Current Measures","Saskatchewan","Imports",2039,0
"Current Measures","Saskatchewan","Imports",2040,0
"Current Measures","Saskatchewan","Imports",2041,0
"Current Measures","Saskatchewan","Imports",2042,0
"Current Measures","Saskatchewan","Imports",2043,0
"Current Measures","Saskatchewan","Imports",2044,0
"Current Measures","Saskatchewan","Imports",2045,0
"Current Measures","Saskatchewan","Imports",2046,0
"Current Measures","Saskatchewan","Imports",2047,0
"Current Measures","Saskatchewan","Imports",2048,0
"Current Measures","Saskatchewan","Imports",2049,0
"Current Measures","Saskatchewan","Imports",2050,0
"Global Net-zero","Alberta","Imports",2005,451.73
"Global Net-zero","Alberta","Imports",2006,209.33
"Global Net-zero","Alberta","Imports",2007,222.9
"Global Net-zero","Alberta","Imports",2008,761.35
"Global Net-zero","Alberta","Imports",2009,661.97
"Global Net-zero","Alberta","Imports",2010,463.99
"Global Net-zero","Alberta","Imports",2011,990.94
"Global Net-zero","Alberta","Imports",2012,851.81
"Global Net-zero","Alberta","Imports",2013,382.21
"Global Net-zero","Alberta","Imports",2014,541.43
"Global Net-zero","Alberta","Imports",2015,502
"Global Net-zero","Alberta","Imports",2016,3596.112
"Global Net-zero","Alberta","Imports",2017,126.4068
"Global Net-zero","Alberta","Imports",2018,1607.231
"Global Net-zero","Alberta","Imports",2019,0
"Global Net-zero","Alberta","Imports",2020,1753
"Global Net-zero","Alberta","Imports",2021,1583.93
"Global Net-zero","Alberta","Imports",2022,0
"Global Net-zero","Alberta","Imports",2023,0
"Global Net-zero","Alberta","Imports",2024,0
"Global Net-zero","Alberta","Imports",2025,0
"Global Net-zero","Alberta","Imports",2026,0
"Global Net-zero","Alberta","Imports",2027,0
"Global Net-zero","Alberta","Imports",2028,0
"Global Net-zero","Alberta","Imports",2029,0
"Global Net-zero","Alberta","Imports",2030,0
"Global Net-zero","Alberta","Imports",2031,0
"Global Net-zero","Alberta","Imports",2032,0
"Global Net-zero","Alberta","Imports",2033,0
"Global Net-zero","Alberta","Imports",2034,0
"Global Net-zero","Alberta","Imports",2035,0
"Global Net-zero","Alberta","Imports",2036,0
"Global Net-zero","Alberta","Imports",2037,0
"Global Net-zero","Alberta","Imports",2038,0
"Global Net-zero","Alberta","Imports",2039,0
"Global Net-zero","Alberta","Imports",2040,0
"Global Net-zero","Alberta","Imports",2041,0
"Global Net-zero","Alberta","Imports",2042,0
"Global Net-zero","Alberta","Imports",2043,0
"Global Net-zero","Alberta","Imports",2044,0
"Global Net-zero","Alberta","Imports",2045,0
"Global Net-zero","Alberta","Imports",2046,0
"Global Net-zero","Alberta","Imports",2047,0
"Global Net-zero","Alberta","Imports",2048,0
"Global Net-zero","Alberta","Imports",2049,0
"Global Net-zero","Alberta","Imports",2050,0
"Global Net-zero","British Columbia","Imports",2005,6253.11
"Global Net-zero","British Columbia","Imports",2006,12265.72
"Global Net-zero","British Columbia","Imports",2007,7288.71
"Global Net-zero","British Columbia","Imports",2008,11991.5
"Global Net-zero","British Columbia","Imports",2009,11472.63
"Global Net-zero","British Columbia","Imports",2010,10300.54
"Global Net-zero","British Columbia","Imports",2011,10563.15
"Global Net-zero","British Columbia","Imports",2012,8060.27
"Global Net-zero","British Columbia","Imports",2013,8471
"Global Net-zero","British Columbia","Imports",2014,9699.51
"Global Net-zero","British Columbia","Imports",2015,7042
"Global Net-zero","British Columbia","Imports",2016,4270.5
"Global Net-zero","British Columbia","Imports",2017,5978.7
"Global Net-zero","British Columbia","Imports",2018,10089.884
"Global Net-zero","British Columbia","Imports",2019,197.6345
"Global Net-zero","British Columbia","Imports",2020,7079
"Global Net-zero","British Columbia","Imports",2021,7527.55
"Global Net-zero","British Columbia","Imports",2022,4841.88069200001
"Global Net-zero","British Columbia","Imports",2023,4841.880692
"Global Net-zero","British Columbia","Imports",2024,4841.88069200001
"Global Net-zero","British Columbia","Imports",2025,4841.88069200001
"Global Net-zero","British Columbia","Imports",2026,4841.880692
"Global Net-zero","British Columbia","Imports",2027,4841.880692
"Global Net-zero","British Columbia","Imports",2028,4841.880692
"Global Net-zero","British Columbia","Imports",2029,4841.880692
"Global Net-zero","British Columbia","Imports",2030,4841.88069200001
"Global Net-zero","British Columbia","Imports",2031,4722.306474
"Global Net-zero","British Columbia","Imports",2032,4602.732499
"Global Net-zero","British Columbia","Imports",2033,4483.158524
"Global Net-zero","British Columbia","Imports",2034,4363.58455
"Global Net-zero","British Columbia","Imports",2035,4244.010575
"Global Net-zero","British Columbia","Imports",2036,4124.436479
"Global Net-zero","British Columbia","Imports",2037,4004.86250399999
"Global Net-zero","British Columbia","Imports",2038,3885.288468
"Global Net-zero","British Columbia","Imports",2039,3765.714463
"Global Net-zero","British Columbia","Imports",2040,3646.140458
"Global Net-zero","British Columbia","Imports",2041,3646.140458
"Global Net-zero","British Columbia","Imports",2042,3646.140458
"Global Net-zero","British Columbia","Imports",2043,3646.140458
"Global Net-zero","British Columbia","Imports",2044,3646.140458
"Global Net-zero","British Columbia","Imports",2045,3646.140458
"Global Net-zero","British Columbia","Imports",2046,3646.140458
"Global Net-zero","British Columbia","Imports",2047,3646.140458
"Global Net-zero","British Columbia","Imports",2048,3646.140458
"Global Net-zero","British Columbia","Imports",2049,3646.140458
"Global Net-zero","British Columbia","Imports",2050,3646.140458
"Global Net-zero","Canada","Imports",2005,19676.9
"Global Net-zero","Canada","Imports",2006,23624.12
"Global Net-zero","Canada","Imports",2007,19379.91
"Global Net-zero","Canada","Imports",2008,23863.62
"Global Net-zero","Canada","Imports",2009,18163.33
"Global Net-zero","Canada","Imports",2010,18686.5
"Global Net-zero","Canada","Imports",2011,14960.87
"Global Net-zero","Canada","Imports",2012,10886.66
"Global Net-zero","Canada","Imports",2013,13351.37
"Global Net-zero","Canada","Imports",2014,12424.78
"Global Net-zero","Canada","Imports",2015,8721
"Global Net-zero","Canada","Imports",2016,9585.695
"Global Net-zero","Canada","Imports",2017,8502.644
"Global Net-zero","Canada","Imports",2018,13194.641
"Global Net-zero","Canada","Imports",2019,5574.997
"Global Net-zero","Canada","Imports",2020,9811.839
"Global Net-zero","Canada","Imports",2021,13013.707
"Global Net-zero","Canada","Imports",2022,13813.509631
"Global Net-zero","Canada","Imports",2023,13813.509631
"Global Net-zero","Canada","Imports",2024,13813.509631
"Global Net-zero","Canada","Imports",2025,13813.509631
"Global Net-zero","Canada","Imports",2026,13813.509631
"Global Net-zero","Canada","Imports",2027,13813.5096309999
"Global Net-zero","Canada","Imports",2028,13813.5096309999
"Global Net-zero","Canada","Imports",2029,13813.509631
"Global Net-zero","Canada","Imports",2030,13813.509631
"Global Net-zero","Canada","Imports",2031,13693.935413
"Global Net-zero","Canada","Imports",2032,13574.361438
"Global Net-zero","Canada","Imports",2033,13454.787463
"Global Net-zero","Canada","Imports",2034,13335.213489
"Global Net-zero","Canada","Imports",2035,13215.639514
"Global Net-zero","Canada","Imports",2036,13096.065418
"Global Net-zero","Canada","Imports",2037,12976.4914429999
"Global Net-zero","Canada","Imports",2038,12856.9174069999
"Global Net-zero","Canada","Imports",2039,12737.343402
"Global Net-zero","Canada","Imports",2040,12617.769397
"Global Net-zero","Canada","Imports",2041,12617.769397
"Global Net-zero","Canada","Imports",2042,12617.769397
"Global Net-zero","Canada","Imports",2043,12617.769397
"Global Net-zero","Canada","Imports",2044,12617.769397
"Global Net-zero","Canada","Imports",2045,12617.769397
"Global Net-zero","Canada","Imports",2046,12617.769397
"Global Net-zero","Canada","Imports",2047,12617.769397
"Global Net-zero","Canada","Imports",2048,12617.769397
"Global Net-zero","Canada","Imports",2049,12617.7693969999
"Global Net-zero","Canada","Imports",2050,12617.769397
"Global Net-zero","Manitoba","Imports",2005,244.35
"Global Net-zero","Manitoba","Imports",2006,828.57
"Global Net-zero","Manitoba","Imports",2007,534.29
"Global Net-zero","Manitoba","Imports",2008,87.88
"Global Net-zero","Manitoba","Imports",2009,203.26
"Global Net-zero","Manitoba","Imports",2010,295.96
"Global Net-zero","Manitoba","Imports",2011,137.35
"Global Net-zero","Manitoba","Imports",2012,519.34
"Global Net-zero","Manitoba","Imports",2013,312.15
"Global Net-zero","Manitoba","Imports",2014,510.21
"Global Net-zero","Manitoba","Imports",2015,110
"Global Net-zero","Manitoba","Imports",2016,0
"Global Net-zero","Manitoba","Imports",2017,0
"Global Net-zero","Manitoba","Imports",2018,740.342
"Global Net-zero","Manitoba","Imports",2019,0
"Global Net-zero","Manitoba","Imports",2020,188.259
"Global Net-zero","Manitoba","Imports",2021,3072.8
"Global Net-zero","Manitoba","Imports",2022,1000
"Global Net-zero","Manitoba","Imports",2023,1000
"Global Net-zero","Manitoba","Imports",2024,1000
"Global Net-zero","Manitoba","Imports",2025,1000
"Global Net-zero","Manitoba","Imports",2026,1000
"Global Net-zero","Manitoba","Imports",2027,1000
"Global Net-zero","Manitoba","Imports",2028,1000
"Global Net-zero","Manitoba","Imports",2029,1000
"Global Net-zero","Manitoba","Imports",2030,1000
"Global Net-zero","Manitoba","Imports",2031,1000
"Global Net-zero","Manitoba","Imports",2032,1000
"Global Net-zero","Manitoba","Imports",2033,1000
"Global Net-zero","Manitoba","Imports",2034,1000
"Global Net-zero","Manitoba","Imports",2035,1000
"Global Net-zero","Manitoba","Imports",2036,1000
"Global Net-zero","Manitoba","Imports",2037,1000
"Global Net-zero","Manitoba","Imports",2038,1000
"Global Net-zero","Manitoba","Imports",2039,1000
"Global Net-zero","Manitoba","Imports",2040,1000
"Global Net-zero","Manitoba","Imports",2041,1000
"Global Net-zero","Manitoba","Imports",2042,1000
"Global Net-zero","Manitoba","Imports",2043,1000
"Global Net-zero","Manitoba","Imports",2044,1000
"Global Net-zero","Manitoba","Imports",2045,1000
"Global Net-zero","Manitoba","Imports",2046,1000
"Global Net-zero","Manitoba","Imports",2047,1000
"Global Net-zero","Manitoba","Imports",2048,1000
"Global Net-zero","Manitoba","Imports",2049,1000
"Global Net-zero","Manitoba","Imports",2050,1000
"Global Net-zero","New Brunswick","Imports",2005,2905.23
"Global Net-zero","New Brunswick","Imports",2006,1629.96
"Global Net-zero","New Brunswick","Imports",2007,1138.5
"Global Net-zero","New Brunswick","Imports",2008,274.87
"Global Net-zero","New Brunswick","Imports",2009,789.73
"Global Net-zero","New Brunswick","Imports",2010,192.92
"Global Net-zero","New Brunswick","Imports",2011,498.86
"Global Net-zero","New Brunswick","Imports",2012,187.14
"Global Net-zero","New Brunswick","Imports",2013,1343.87
"Global Net-zero","New Brunswick","Imports",2014,1878.1
"Global Net-zero","New Brunswick","Imports",2015,1207
"Global Net-zero","New Brunswick","Imports",2016,1297.975
"Global Net-zero","New Brunswick","Imports",2017,1621.77
"Global Net-zero","New Brunswick","Imports",2018,176.141
"Global Net-zero","New Brunswick","Imports",2019,3416.4
"Global Net-zero","New Brunswick","Imports",2020,70.384
"Global Net-zero","New Brunswick","Imports",2021,131.24
"Global Net-zero","New Brunswick","Imports",2022,414.74148000001
"Global Net-zero","New Brunswick","Imports",2023,414.74148
"Global Net-zero","New Brunswick","Imports",2024,414.74148
"Global Net-zero","New Brunswick","Imports",2025,414.741479999999
"Global Net-zero","New Brunswick","Imports",2026,414.741480000001
"Global Net-zero","New Brunswick","Imports",2027,414.74148
"Global Net-zero","New Brunswick","Imports",2028,414.74148
"Global Net-zero","New Brunswick","Imports",2029,414.74148000001
"Global Net-zero","New Brunswick","Imports",2030,414.741480000001
"Global Net-zero","New Brunswick","Imports",2031,414.741479999999
"Global Net-zero","New Brunswick","Imports",2032,414.74148
"Global Net-zero","New Brunswick","Imports",2033,414.74148
"Global Net-zero","New Brunswick","Imports",2034,414.741480000001
"Global Net-zero","New Brunswick","Imports",2035,414.741480000001
"Global Net-zero","New Brunswick","Imports",2036,414.74148
"Global Net-zero","New Brunswick","Imports",2037,414.741479999999
"Global Net-zero","New Brunswick","Imports",2038,414.74148
"Global Net-zero","New Brunswick","Imports",2039,414.741480000001
"Global Net-zero","New Brunswick","Imports",2040,414.741479999999
"Global Net-zero","New Brunswick","Imports",2041,414.74148
"Global Net-zero","New Brunswick","Imports",2042,414.74148
"Global Net-zero","New Brunswick","Imports",2043,414.74148
"Global Net-zero","New Brunswick","Imports",2044,414.74148
"Global Net-zero","New Brunswick","Imports",2045,414.74148
"Global Net-zero","New Brunswick","Imports",2046,414.74148
"Global Net-zero","New Brunswick","Imports",2047,414.74148
"Global Net-zero","New Brunswick","Imports",2048,414.74148
"Global Net-zero","New Brunswick","Imports",2049,414.741480000001
"Global Net-zero","New Brunswick","Imports",2050,414.74148
"Global Net-zero","Newfoundland and Labrador","Imports",2005,0
"Global Net-zero","Newfoundland and Labrador","Imports",2006,0
"Global Net-zero","Newfoundland and Labrador","Imports",2007,0
"Global Net-zero","Newfoundland and Labrador","Imports",2008,0
"Global Net-zero","Newfoundland and Labrador","Imports",2009,0
"Global Net-zero","Newfoundland and Labrador","Imports",2010,0
"Global Net-zero","Newfoundland and Labrador","Imports",2011,0
"Global Net-zero","Newfoundland and Labrador","Imports",2012,0
"Global Net-zero","Newfoundland and Labrador","Imports",2013,0
"Global Net-zero","Newfoundland and Labrador","Imports",2014,0
"Global Net-zero","Newfoundland and Labrador","Imports",2015,0
"Global Net-zero","Newfoundland and Labrador","Imports",2016,0
"Global Net-zero","Newfoundland and Labrador","Imports",2017,0
"Global Net-zero","Newfoundland and Labrador","Imports",2018,0
"Global Net-zero","Newfoundland and Labrador","Imports",2019,0
"Global Net-zero","Newfoundland and Labrador","Imports",2020,4.2
"Global Net-zero","Newfoundland and Labrador","Imports",2021,14.7
"Global Net-zero","Newfoundland and Labrador","Imports",2022,0
"Global Net-zero","Newfoundland and Labrador","Imports",2023,0
"Global Net-zero","Newfoundland and Labrador","Imports",2024,0
"Global Net-zero","Newfoundland and Labrador","Imports",2025,0
"Global Net-zero","Newfoundland and Labrador","Imports",2026,0
"Global Net-zero","Newfoundland and Labrador","Imports",2027,0
"Global Net-zero","Newfoundland and Labrador","Imports",2028,0
"Global Net-zero","Newfoundland and Labrador","Imports",2029,0
"Global Net-zero","Newfoundland and Labrador","Imports",2030,0
"Global Net-zero","Newfoundland and Labrador","Imports",2031,0
"Global Net-zero","Newfoundland and Labrador","Imports",2032,0
"Global Net-zero","Newfoundland and Labrador","Imports",2033,0
"Global Net-zero","Newfoundland and Labrador","Imports",2034,0
"Global Net-zero","Newfoundland and Labrador","Imports",2035,0
"Global Net-zero","Newfoundland and Labrador","Imports",2036,0
"Global Net-zero","Newfoundland and Labrador","Imports",2037,0
"Global Net-zero","Newfoundland and Labrador","Imports",2038,0
"Global Net-zero","Newfoundland and Labrador","Imports",2039,0
"Global Net-zero","Newfoundland and Labrador","Imports",2040,0
"Global Net-zero","Newfoundland and Labrador","Imports",2041,0
"Global Net-zero","Newfoundland and Labrador","Imports",2042,0
"Global Net-zero","Newfoundland and Labrador","Imports",2043,0
"Global Net-zero","Newfoundland and Labrador","Imports",2044,0
"Global Net-zero","Newfoundland and Labrador","Imports",2045,0
"Global Net-zero","Newfoundland and Labrador","Imports",2046,0
"Global Net-zero","Newfoundland and Labrador","Imports",2047,0
"Global Net-zero","Newfoundland and Labrador","Imports",2048,0
"Global Net-zero","Newfoundland and Labrador","Imports",2049,0
"Global Net-zero","Newfoundland and Labrador","Imports",2050,0
"Global Net-zero","Nova Scotia","Imports",2005,69.3
"Global Net-zero","Nova Scotia","Imports",2006,24.59
"Global Net-zero","Nova Scotia","Imports",2007,62.92
"Global Net-zero","Nova Scotia","Imports",2008,272.69
"Global Net-zero","Nova Scotia","Imports",2009,323.24
"Global Net-zero","Nova Scotia","Imports",2010,211.33
"Global Net-zero","Nova Scotia","Imports",2011,145.76
"Global Net-zero","Nova Scotia","Imports",2012,10.21
"Global Net-zero","Nova Scotia","Imports",2013,0.41
"Global Net-zero","Nova Scotia","Imports",2014,0
"Global Net-zero","Nova Scotia","Imports",2015,0
"Global Net-zero","Nova Scotia","Imports",2016,0
"Global Net-zero","Nova Scotia","Imports",2017,0
"Global Net-zero","Nova Scotia","Imports",2018,13.004
"Global Net-zero","Nova Scotia","Imports",2019,0
"Global Net-zero","Nova Scotia","Imports",2020,149.184
"Global Net-zero","Nova Scotia","Imports",2021,138.236
"Global Net-zero","Nova Scotia","Imports",2022,110
"Global Net-zero","Nova Scotia","Imports",2023,110
"Global Net-zero","Nova Scotia","Imports",2024,110
"Global Net-zero","Nova Scotia","Imports",2025,110
"Global Net-zero","Nova Scotia","Imports",2026,110
"Global Net-zero","Nova Scotia","Imports",2027,110
"Global Net-zero","Nova Scotia","Imports",2028,110
"Global Net-zero","Nova Scotia","Imports",2029,110
"Global Net-zero","Nova Scotia","Imports",2030,110
"Global Net-zero","Nova Scotia","Imports",2031,110
"Global Net-zero","Nova Scotia","Imports",2032,110
"Global Net-zero","Nova Scotia","Imports",2033,110
"Global Net-zero","Nova Scotia","Imports",2034,110
"Global Net-zero","Nova Scotia","Imports",2035,110
"Global Net-zero","Nova Scotia","Imports",2036,110
"Global Net-zero","Nova Scotia","Imports",2037,110
"Global Net-zero","Nova Scotia","Imports",2038,110
"Global Net-zero","Nova Scotia","Imports",2039,110
"Global Net-zero","Nova Scotia","Imports",2040,110
"Global Net-zero","Nova Scotia","Imports",2041,110
"Global Net-zero","Nova Scotia","Imports",2042,110
"Global Net-zero","Nova Scotia","Imports",2043,110
"Global Net-zero","Nova Scotia","Imports",2044,110
"Global Net-zero","Nova Scotia","Imports",2045,110
"Global Net-zero","Nova Scotia","Imports",2046,110
"Global Net-zero","Nova Scotia","Imports",2047,110
"Global Net-zero","Nova Scotia","Imports",2048,110
"Global Net-zero","Nova Scotia","Imports",2049,110
"Global Net-zero","Nova Scotia","Imports",2050,110
"Global Net-zero","Ontario","Imports",2005,8903
"Global Net-zero","Ontario","Imports",2006,6104
"Global Net-zero","Ontario","Imports",2007,7070
"Global Net-zero","Ontario","Imports",2008,8123
"Global Net-zero","Ontario","Imports",2009,3026
"Global Net-zero","Ontario","Imports",2010,3655
"Global Net-zero","Ontario","Imports",2011,1775
"Global Net-zero","Ontario","Imports",2012,655
"Global Net-zero","Ontario","Imports",2013,605
"Global Net-zero","Ontario","Imports",2014,854.54
"Global Net-zero","Ontario","Imports",2015,501
"Global Net-zero","Ontario","Imports",2016,26.9779
"Global Net-zero","Ontario","Imports",2017,25.6932
"Global Net-zero","Ontario","Imports",2018,269.729
"Global Net-zero","Ontario","Imports",2019,883.5512
"Global Net-zero","Ontario","Imports",2020,561.36
"Global Net-zero","Ontario","Imports",2021,521.731
"Global Net-zero","Ontario","Imports",2022,6846.887459
"Global Net-zero","Ontario","Imports",2023,6846.88745900001
"Global Net-zero","Ontario","Imports",2024,6846.88745900001
"Global Net-zero","Ontario","Imports",2025,6846.887459
"Global Net-zero","Ontario","Imports",2026,6846.88745900001
"Global Net-zero","Ontario","Imports",2027,6846.887459
"Global Net-zero","Ontario","Imports",2028,6846.887459
"Global Net-zero","Ontario","Imports",2029,6846.887459
"Global Net-zero","Ontario","Imports",2030,6846.887459
"Global Net-zero","Ontario","Imports",2031,6846.88745900001
"Global Net-zero","Ontario","Imports",2032,6846.887459
"Global Net-zero","Ontario","Imports",2033,6846.887459
"Global Net-zero","Ontario","Imports",2034,6846.88745900001
"Global Net-zero","Ontario","Imports",2035,6846.88745900001
"Global Net-zero","Ontario","Imports",2036,6846.887459
"Global Net-zero","Ontario","Imports",2037,6846.887459
"Global Net-zero","Ontario","Imports",2038,6846.887459
"Global Net-zero","Ontario","Imports",2039,6846.887459
"Global Net-zero","Ontario","Imports",2040,6846.88745900001
"Global Net-zero","Ontario","Imports",2041,6846.887459
"Global Net-zero","Ontario","Imports",2042,6846.88745900001
"Global Net-zero","Ontario","Imports",2043,6846.887459
"Global Net-zero","Ontario","Imports",2044,6846.887459
"Global Net-zero","Ontario","Imports",2045,6846.887459
"Global Net-zero","Ontario","Imports",2046,6846.887459
"Global Net-zero","Ontario","Imports",2047,6846.887459
"Global Net-zero","Ontario","Imports",2048,6846.887459
"Global Net-zero","Ontario","Imports",2049,6846.88745899999
"Global Net-zero","Ontario","Imports",2050,6846.887459
"Global Net-zero","Prince Edward Island","Imports",2005,0
"Global Net-zero","Prince Edward Island","Imports",2006,0
"Global Net-zero","Prince Edward Island","Imports",2007,0
"Global Net-zero","Prince Edward Island","Imports",2008,0
"Global Net-zero","Prince Edward Island","Imports",2009,0
"Global Net-zero","Prince Edward Island","Imports",2010,0
"Global Net-zero","Prince Edward Island","Imports",2011,0
"Global Net-zero","Prince Edward Island","Imports",2012,0
"Global Net-zero","Prince Edward Island","Imports",2013,0
"Global Net-zero","Prince Edward Island","Imports",2014,0
"Global Net-zero","Prince Edward Island","Imports",2015,0
"Global Net-zero","Prince Edward Island","Imports",2016,0
"Global Net-zero","Prince Edward Island","Imports",2017,0
"Global Net-zero","Prince Edward Island","Imports",2018,0
"Global Net-zero","Prince Edward Island","Imports",2019,0
"Global Net-zero","Prince Edward Island","Imports",2020,0
"Global Net-zero","Prince Edward Island","Imports",2021,0
"Global Net-zero","Prince Edward Island","Imports",2022,0
"Global Net-zero","Prince Edward Island","Imports",2023,0
"Global Net-zero","Prince Edward Island","Imports",2024,0
"Global Net-zero","Prince Edward Island","Imports",2025,0
"Global Net-zero","Prince Edward Island","Imports",2026,0
"Global Net-zero","Prince Edward Island","Imports",2027,0
"Global Net-zero","Prince Edward Island","Imports",2028,0
"Global Net-zero","Prince Edward Island","Imports",2029,0
"Global Net-zero","Prince Edward Island","Imports",2030,0
"Global Net-zero","Prince Edward Island","Imports",2031,0
"Global Net-zero","Prince Edward Island","Imports",2032,0
"Global Net-zero","Prince Edward Island","Imports",2033,0
"Global Net-zero","Prince Edward Island","Imports",2034,0
"Global Net-zero","Prince Edward Island","Imports",2035,0
"Global Net-zero","Prince Edward Island","Imports",2036,0
"Global Net-zero","Prince Edward Island","Imports",2037,0
"Global Net-zero","Prince Edward Island","Imports",2038,0
"Global Net-zero","Prince Edward Island","Imports",2039,0
"Global Net-zero","Prince Edward Island","Imports",2040,0
"Global Net-zero","Prince Edward Island","Imports",2041,0
"Global Net-zero","Prince Edward Island","Imports",2042,0
"Global Net-zero","Prince Edward Island","Imports",2043,0
"Global Net-zero","Prince Edward Island","Imports",2044,0
"Global Net-zero","Prince Edward Island","Imports",2045,0
"Global Net-zero","Prince Edward Island","Imports",2046,0
"Global Net-zero","Prince Edward Island","Imports",2047,0
"Global Net-zero","Prince Edward Island","Imports",2048,0
"Global Net-zero","Prince Edward Island","Imports",2049,0
"Global Net-zero","Prince Edward Island","Imports",2050,0
"Global Net-zero","Quebec","Imports",2005,3272
"Global Net-zero","Quebec","Imports",2006,2534
"Global Net-zero","Quebec","Imports",2007,3356
"Global Net-zero","Quebec","Imports",2008,1358
"Global Net-zero","Quebec","Imports",2009,1057
"Global Net-zero","Quebec","Imports",2010,2502
"Global Net-zero","Quebec","Imports",2011,443
"Global Net-zero","Quebec","Imports",2012,83
"Global Net-zero","Quebec","Imports",2013,539
"Global Net-zero","Quebec","Imports",2014,570.75
"Global Net-zero","Quebec","Imports",2015,270
"Global Net-zero","Quebec","Imports",2016,0
"Global Net-zero","Quebec","Imports",2017,186.3673
"Global Net-zero","Quebec","Imports",2018,180.567
"Global Net-zero","Quebec","Imports",2019,683.28
"Global Net-zero","Quebec","Imports",2020,1.826
"Global Net-zero","Quebec","Imports",2021,6.49
"Global Net-zero","Quebec","Imports",2022,600
"Global Net-zero","Quebec","Imports",2023,600
"Global Net-zero","Quebec","Imports",2024,600
"Global Net-zero","Quebec","Imports",2025,600
"Global Net-zero","Quebec","Imports",2026,600
"Global Net-zero","Quebec","Imports",2027,600
"Global Net-zero","Quebec","Imports",2028,600
"Global Net-zero","Quebec","Imports",2029,600
"Global Net-zero","Quebec","Imports",2030,600
"Global Net-zero","Quebec","Imports",2031,600
"Global Net-zero","Quebec","Imports",2032,600
"Global Net-zero","Quebec","Imports",2033,600
"Global Net-zero","Quebec","Imports",2034,600
"Global Net-zero","Quebec","Imports",2035,600
"Global Net-zero","Quebec","Imports",2036,600
"Global Net-zero","Quebec","Imports",2037,600
"Global Net-zero","Quebec","Imports",2038,600
"Global Net-zero","Quebec","Imports",2039,600
"Global Net-zero","Quebec","Imports",2040,600
"Global Net-zero","Quebec","Imports",2041,600
"Global Net-zero","Quebec","Imports",2042,600
"Global Net-zero","Quebec","Imports",2043,600
"Global Net-zero","Quebec","Imports",2044,600
"Global Net-zero","Quebec","Imports",2045,600
"Global Net-zero","Quebec","Imports",2046,600
"Global Net-zero","Quebec","Imports",2047,600
"Global Net-zero","Quebec","Imports",2048,600
"Global Net-zero","Quebec","Imports",2049,600
"Global Net-zero","Quebec","Imports",2050,600
"Global Net-zero","Saskatchewan","Imports",2005,426.91
"Global Net-zero","Saskatchewan","Imports",2006,1147.08
"Global Net-zero","Saskatchewan","Imports",2007,203.34
"Global Net-zero","Saskatchewan","Imports",2008,431.65
"Global Net-zero","Saskatchewan","Imports",2009,334.31
"Global Net-zero","Saskatchewan","Imports",2010,413.91
"Global Net-zero","Saskatchewan","Imports",2011,321.18
"Global Net-zero","Saskatchewan","Imports",2012,115.44
"Global Net-zero","Saskatchewan","Imports",2013,335.08
"Global Net-zero","Saskatchewan","Imports",2014,57.81
"Global Net-zero","Saskatchewan","Imports",2015,13
"Global Net-zero","Saskatchewan","Imports",2016,394.1309
"Global Net-zero","Saskatchewan","Imports",2017,563.7061
"Global Net-zero","Saskatchewan","Imports",2018,117.703
"Global Net-zero","Saskatchewan","Imports",2019,394.1309
"Global Net-zero","Saskatchewan","Imports",2020,4.626
"Global Net-zero","Saskatchewan","Imports",2021,17.03
"Global Net-zero","Saskatchewan","Imports",2022,0
"Global Net-zero","Saskatchewan","Imports",2023,0
"Global Net-zero","Saskatchewan","Imports",2024,0
"Global Net-zero","Saskatchewan","Imports",2025,0
"Global Net-zero","Saskatchewan","Imports",2026,0
"Global Net-zero","Saskatchewan","Imports",2027,0
"Global Net-zero","Saskatchewan","Imports",2028,0
"Global Net-zero","Saskatchewan","Imports",2029,0
"Global Net-zero","Saskatchewan","Imports",2030,0
"Global Net-zero","Saskatchewan","Imports",2031,0
"Global Net-zero","Saskatchewan","Imports",2032,0
"Global Net-zero","Saskatchewan","Imports",2033,0
"Global Net-zero","Saskatchewan","Imports",2034,0
"Global Net-zero","Saskatchewan","Imports",2035,0
"Global Net-zero","Saskatchewan","Imports",2036,0
"Global Net-zero","Saskatchewan","Imports",2037,0
"Global Net-zero","Saskatchewan","Imports",2038,0
"Global Net-zero","Saskatchewan","Imports",2039,0
"Global Net-zero","Saskatchewan","Imports",2040,0
"Global Net-zero","Saskatchewan","Imports",2041,0
"Global Net-zero","Saskatchewan","Imports",2042,0
"Global Net-zero","Saskatchewan","Imports",2043,0
"Global Net-zero","Saskatchewan","Imports",2044,0
"Global Net-zero","Saskatchewan","Imports",2045,0
"Global Net-zero","Saskatchewan","Imports",2046,0
"Global Net-zero","Saskatchewan","Imports",2047,0
"Global Net-zero","Saskatchewan","Imports",2048,0
"Global Net-zero","Saskatchewan","Imports",2049,0
"Global Net-zero","Saskatchewan","Imports",2050,0
"Canada Net-zero","Alberta","Net Exports",2023,410
"Canada Net-zero","Alberta","Net Exports",2024,410
"Canada Net-zero","Alberta","Net Exports",2025,410
"Canada Net-zero","Alberta","Net Exports",2026,410
"Canada Net-zero","Alberta","Net Exports",2027,410
"Canada Net-zero","Alberta","Net Exports",2028,410
"Canada Net-zero","Alberta","Net Exports",2029,410
"Canada Net-zero","Alberta","Net Exports",2030,410
"Canada Net-zero","Alberta","Net Exports",2031,410
"Canada Net-zero","Alberta","Net Exports",2032,410
"Canada Net-zero","Alberta","Net Exports",2033,410
"Canada Net-zero","Alberta","Net Exports",2034,410
"Canada Net-zero","Alberta","Net Exports",2035,410
"Canada Net-zero","Alberta","Net Exports",2036,410
"Canada Net-zero","Alberta","Net Exports",2037,410
"Canada Net-zero","Alberta","Net Exports",2038,410
"Canada Net-zero","Alberta","Net Exports",2039,410
"Canada Net-zero","Alberta","Net Exports",2040,410
"Canada Net-zero","Alberta","Net Exports",2041,410
"Canada Net-zero","Alberta","Net Exports",2042,410
"Canada Net-zero","Alberta","Net Exports",2043,410
"Canada Net-zero","Alberta","Net Exports",2044,410
"Canada Net-zero","Alberta","Net Exports",2045,410
"Canada Net-zero","Alberta","Net Exports",2046,410
"Canada Net-zero","Alberta","Net Exports",2047,410
"Canada Net-zero","Alberta","Net Exports",2048,410
"Canada Net-zero","Alberta","Net Exports",2049,410
"Canada Net-zero","Alberta","Net Exports",2050,410
"Canada Net-zero","British Columbia","Net Exports",2022,3503.52930799999
"Canada Net-zero","British Columbia","Net Exports",2023,3025.399308
"Canada Net-zero","British Columbia","Net Exports",2024,2015.76930799999
"Canada Net-zero","British Columbia","Net Exports",2025,3598.46930799999
"Canada Net-zero","British Columbia","Net Exports",2026,2926.229308
"Canada Net-zero","British Columbia","Net Exports",2027,2431.459308
"Canada Net-zero","British Columbia","Net Exports",2028,1914.009308
"Canada Net-zero","British Columbia","Net Exports",2029,1705.029308
"Canada Net-zero","British Columbia","Net Exports",2030,1475.40930799999
"Canada Net-zero","British Columbia","Net Exports",2031,1773.773526
"Canada Net-zero","British Columbia","Net Exports",2032,1788.717501
"Canada Net-zero","British Columbia","Net Exports",2033,1429.111476
"Canada Net-zero","British Columbia","Net Exports",2034,1595.90545
"Canada Net-zero","British Columbia","Net Exports",2035,1380.999425
"Canada Net-zero","British Columbia","Net Exports",2036,1275.163521
"Canada Net-zero","British Columbia","Net Exports",2037,1626.037496
"Canada Net-zero","British Columbia","Net Exports",2038,1936.49153199999
"Canada Net-zero","British Columbia","Net Exports",2039,2595.445537
"Canada Net-zero","British Columbia","Net Exports",2040,2601.08954199999
"Canada Net-zero","British Columbia","Net Exports",2041,2918.54954199999
"Canada Net-zero","British Columbia","Net Exports",2042,2425.459542
"Canada Net-zero","British Columbia","Net Exports",2043,1883.25954199999
"Canada Net-zero","British Columbia","Net Exports",2044,2301.989542
"Canada Net-zero","British Columbia","Net Exports",2045,1673.569542
"Canada Net-zero","British Columbia","Net Exports",2046,1869.609542
"Canada Net-zero","British Columbia","Net Exports",2047,2004.08954199999
"Canada Net-zero","British Columbia","Net Exports",2048,2165.229542
"Canada Net-zero","British Columbia","Net Exports",2049,2322.879542
"Canada Net-zero","British Columbia","Net Exports",2050,2479.459542
"Canada Net-zero","Canada","Net Exports",2022,46340.0503689999
"Canada Net-zero","Canada","Net Exports",2023,39744.6803689999
"Canada Net-zero","Canada","Net Exports",2024,40602.9603689999
"Canada Net-zero","Canada","Net Exports",2025,37708.1003689999
"Canada Net-zero","Canada","Net Exports",2026,39148.6703689999
"Canada Net-zero","Canada","Net Exports",2027,43183.1103689999
"Canada Net-zero","Canada","Net Exports",2028,45555.580369
"Canada Net-zero","Canada","Net Exports",2029,46373.5803689999
"Canada Net-zero","Canada","Net Exports",2030,48179.3203689998
"Canada Net-zero","Canada","Net Exports",2031,46117.1145869999
"Canada Net-zero","Canada","Net Exports",2032,47336.7185619999
"Canada Net-zero","Canada","Net Exports",2033,46140.5725369998
"Canada Net-zero","Canada","Net Exports",2034,47700.6465109999
"Canada Net-zero","Canada","Net Exports",2035,46339.5904859999
"Canada Net-zero","Canada","Net Exports",2036,45866.9445819999
"Canada Net-zero","Canada","Net Exports",2037,45294.4085569999
"Canada Net-zero","Canada","Net Exports",2038,45667.632593
"Canada Net-zero","Canada","Net Exports",2039,46619.2865979999
"Canada Net-zero","Canada","Net Exports",2040,47022.9406029997
"Canada Net-zero","Canada","Net Exports",2041,45664.6606029999
"Canada Net-zero","Canada","Net Exports",2042,44913.0106029999
"Canada Net-zero","Canada","Net Exports",2043,44153.0706029999
"Canada Net-zero","Canada","Net Exports",2044,44947.0406029999
"Canada Net-zero","Canada","Net Exports",2045,43984.370603
"Canada Net-zero","Canada","Net Exports",2046,44137.690603
"Canada Net-zero","Canada","Net Exports",2047,44146.5506029999
"Canada Net-zero","Canada","Net Exports",2048,44315.4406029998
"Canada Net-zero","Canada","Net Exports",2049,44364.2906029999
"Canada Net-zero","Canada","Net Exports",2050,44477.350603
"Canada Net-zero","Manitoba","Net Exports",2022,7787.86999999999
"Canada Net-zero","Manitoba","Net Exports",2023,7943.03
"Canada Net-zero","Manitoba","Net Exports",2024,7936.49
"Canada Net-zero","Manitoba","Net Exports",2025,7815.71999999999
"Canada Net-zero","Manitoba","Net Exports",2026,7780.05999999999
"Canada Net-zero","Manitoba","Net Exports",2027,10517.44
"Canada Net-zero","Manitoba","Net Exports",2028,10404.57
"Canada Net-zero","Manitoba","Net Exports",2029,14245.57
"Canada Net-zero","Manitoba","Net Exports",2030,14084.3699999999
"Canada Net-zero","Manitoba","Net Exports",2031,13917.8
"Canada Net-zero","Manitoba","Net Exports",2032,13828.51
"Canada Net-zero","Manitoba","Net Exports",2033,13662.8
"Canada Net-zero","Manitoba","Net Exports",2034,13496.02
"Canada Net-zero","Manitoba","Net Exports",2035,13340.83
"Canada Net-zero","Manitoba","Net Exports",2036,13274.07
"Canada Net-zero","Manitoba","Net Exports",2037,13141.1999999999
"Canada Net-zero","Manitoba","Net Exports",2038,13013.9
"Canada Net-zero","Manitoba","Net Exports",2039,12956.2799999999
"Canada Net-zero","Manitoba","Net Exports",2040,13284.3699999999
"Canada Net-zero","Manitoba","Net Exports",2041,13227.82
"Canada Net-zero","Manitoba","Net Exports",2042,13270.22
"Canada Net-zero","Manitoba","Net Exports",2043,13311.44
"Canada Net-zero","Manitoba","Net Exports",2044,13245.56
"Canada Net-zero","Manitoba","Net Exports",2045,13163.05
"Canada Net-zero","Manitoba","Net Exports",2046,13083.76
"Canada Net-zero","Manitoba","Net Exports",2047,13098.15
"Canada Net-zero","Manitoba","Net Exports",2048,13131.8599999999
"Canada Net-zero","Manitoba","Net Exports",2049,13106.99
"Canada Net-zero","Manitoba","Net Exports",2050,13117.74
"Canada Net-zero","New Brunswick","Net Exports",2022,2498.33851999999
"Canada Net-zero","New Brunswick","Net Exports",2023,988.22851999999
"Canada Net-zero","New Brunswick","Net Exports",2024,548.33852
"Canada Net-zero","New Brunswick","Net Exports",2025,392.778520000001
"Canada Net-zero","New Brunswick","Net Exports",2026,384.928519999998
"Canada Net-zero","New Brunswick","Net Exports",2027,580.78852
"Canada Net-zero","New Brunswick","Net Exports",2028,517.21852
"Canada Net-zero","New Brunswick","Net Exports",2029,1131.84851999999
"Canada Net-zero","New Brunswick","Net Exports",2030,668.428519999999
"Canada Net-zero","New Brunswick","Net Exports",2031,268.898520000001
"Canada Net-zero","New Brunswick","Net Exports",2032,263.60852
"Canada Net-zero","New Brunswick","Net Exports",2033,574.02852
"Canada Net-zero","New Brunswick","Net Exports",2034,460.228519999999
"Canada Net-zero","New Brunswick","Net Exports",2035,257.978519999999
"Canada Net-zero","New Brunswick","Net Exports",2036,417.45852
"Canada Net-zero","New Brunswick","Net Exports",2037,406.658520000001
"Canada Net-zero","New Brunswick","Net Exports",2038,410.72852
"Canada Net-zero","New Brunswick","Net Exports",2039,912.348519999998
"Canada Net-zero","New Brunswick","Net Exports",2040,967.898519999991
"Canada Net-zero","New Brunswick","Net Exports",2041,-95.88148
"Canada Net-zero","New Brunswick","Net Exports",2042,-95.88148
"Canada Net-zero","New Brunswick","Net Exports",2043,-95.88148
"Canada Net-zero","New Brunswick","Net Exports",2044,396.50852
"Canada Net-zero","New Brunswick","Net Exports",2045,409.548519999999
"Canada Net-zero","New Brunswick","Net Exports",2046,427.21852
"Canada Net-zero","New Brunswick","Net Exports",2047,436.49852
"Canada Net-zero","New Brunswick","Net Exports",2048,445.00852
"Canada Net-zero","New Brunswick","Net Exports",2049,437.158519999999
"Canada Net-zero","New Brunswick","Net Exports",2050,429.938519999999
"Canada Net-zero","Newfoundland and Labrador","Net Exports",2022,1200
"Canada Net-zero","Newfoundland and Labrador","Net Exports",2023,1200
"Canada Net-zero","Newfoundland and Labrador","Net Exports",2024,1200
"Canada Net-zero","Newfoundland and Labrador","Net Exports",2025,1200
"Canada Net-zero","Newfoundland and Labrador","Net Exports",2026,1200
"Canada Net-zero","Newfoundland and Labrador","Net Exports",2027,1200
"Canada Net-zero","Newfoundland and Labrador","Net Exports",2028,1200
"Canada Net-zero","Newfoundland and Labrador","Net Exports",2029,1200
"Canada Net-zero","Newfoundland and Labrador","Net Exports",2030,1200
"Canada Net-zero","Newfoundland and Labrador","Net Exports",2031,1200
"Canada Net-zero","Newfoundland and Labrador","Net Exports",2032,1200
"Canada Net-zero","Newfoundland and Labrador","Net Exports",2033,1200
"Canada Net-zero","Newfoundland and Labrador","Net Exports",2034,1200
"Canada Net-zero","Newfoundland and Labrador","Net Exports",2035,1200
"Canada Net-zero","Newfoundland and Labrador","Net Exports",2036,1200
"Canada Net-zero","Newfoundland and Labrador","Net Exports",2037,1200
"Canada Net-zero","Newfoundland and Labrador","Net Exports",2038,1200
"Canada Net-zero","Newfoundland and Labrador","Net Exports",2039,1200
"Canada Net-zero","Newfoundland and Labrador","Net Exports",2040,1200
"Canada Net-zero","Newfoundland and Labrador","Net Exports",2041,1200
"Canada Net-zero","Newfoundland and Labrador","Net Exports",2042,1200
"Canada Net-zero","Newfoundland and Labrador","Net Exports",2043,1200
"Canada Net-zero","Newfoundland and Labrador","Net Exports",2044,1200
"Canada Net-zero","Newfoundland and Labrador","Net Exports",2045,1200
"Canada Net-zero","Newfoundland and Labrador","Net Exports",2046,1200
"Canada Net-zero","Newfoundland and Labrador","Net Exports",2047,1200
"Canada Net-zero","Newfoundland and Labrador","Net Exports",2048,1200
"Canada Net-zero","Newfoundland and Labrador","Net Exports",2049,1200
"Canada Net-zero","Newfoundland and Labrador","Net Exports",2050,1200
"Canada Net-zero","Nova Scotia","Net Exports",2022,-110
"Canada Net-zero","Nova Scotia","Net Exports",2023,-110
"Canada Net-zero","Nova Scotia","Net Exports",2024,-110
"Canada Net-zero","Nova Scotia","Net Exports",2025,-110
"Canada Net-zero","Nova Scotia","Net Exports",2026,-110
"Canada Net-zero","Nova Scotia","Net Exports",2027,-110
"Canada Net-zero","Nova Scotia","Net Exports",2028,-110
"Canada Net-zero","Nova Scotia","Net Exports",2029,-110
"Canada Net-zero","Nova Scotia","Net Exports",2030,-110
"Canada Net-zero","Nova Scotia","Net Exports",2031,-110
"Canada Net-zero","Nova Scotia","Net Exports",2032,-110
"Canada Net-zero","Nova Scotia","Net Exports",2033,-110
"Canada Net-zero","Nova Scotia","Net Exports",2034,-110
"Canada Net-zero","Nova Scotia","Net Exports",2035,-110
"Canada Net-zero","Nova Scotia","Net Exports",2036,-110
"Canada Net-zero","Nova Scotia","Net Exports",2037,-110
"Canada Net-zero","Nova Scotia","Net Exports",2038,-110
"Canada Net-zero","Nova Scotia","Net Exports",2039,-110
"Canada Net-zero","Nova Scotia","Net Exports",2040,-110
"Canada Net-zero","Nova Scotia","Net Exports",2041,-110
"Canada Net-zero","Nova Scotia","Net Exports",2042,-110
"Canada Net-zero","Nova Scotia","Net Exports",2043,-110
"Canada Net-zero","Nova Scotia","Net Exports",2044,-110
"Canada Net-zero","Nova Scotia","Net Exports",2045,-110
"Canada Net-zero","Nova Scotia","Net Exports",2046,-110
"Canada Net-zero","Nova Scotia","Net Exports",2047,-110
"Canada Net-zero","Nova Scotia","Net Exports",2048,-110
"Canada Net-zero","Nova Scotia","Net Exports",2049,-110
"Canada Net-zero","Nova Scotia","Net Exports",2050,-110
"Canada Net-zero","Ontario","Net Exports",2022,5973.512541
"Canada Net-zero","Ontario","Net Exports",2023,2590.20254099999
"Canada Net-zero","Ontario","Net Exports",2024,3604.37254099999
"Canada Net-zero","Ontario","Net Exports",2025,-281.557458999999
"Canada Net-zero","Ontario","Net Exports",2026,1406.54254099999
"Canada Net-zero","Ontario","Net Exports",2027,1203.13254099999
"Canada Net-zero","Ontario","Net Exports",2028,4152.482541
"Canada Net-zero","Ontario","Net Exports",2029,1397.562541
"Canada Net-zero","Ontario","Net Exports",2030,4141.822541
"Canada Net-zero","Ontario","Net Exports",2031,1400.28254099999
"Canada Net-zero","Ontario","Net Exports",2032,3088.502541
"Canada Net-zero","Ontario","Net Exports",2033,2404.79254099999
"Canada Net-zero","Ontario","Net Exports",2034,4373.67254099999
"Canada Net-zero","Ontario","Net Exports",2035,3737.64254099999
"Canada Net-zero","Ontario","Net Exports",2036,3346.442541
"Canada Net-zero","Ontario","Net Exports",2037,2847.722541
"Canada Net-zero","Ontario","Net Exports",2038,2965.282541
"Canada Net-zero","Ontario","Net Exports",2039,2510.422541
"Canada Net-zero","Ontario","Net Exports",2040,2152.59254099999
"Canada Net-zero","Ontario","Net Exports",2041,1489.14254099999
"Canada Net-zero","Ontario","Net Exports",2042,1090.06254099999
"Canada Net-zero","Ontario","Net Exports",2043,700.922541
"Canada Net-zero","Ontario","Net Exports",2044,537.462541
"Canada Net-zero","Ontario","Net Exports",2045,164.572541
"Canada Net-zero","Ontario","Net Exports",2046,19.2525410000007
"Canada Net-zero","Ontario","Net Exports",2047,-237.377458999999
"Canada Net-zero","Ontario","Net Exports",2048,-401.517458999999
"Canada Net-zero","Ontario","Net Exports",2049,-562.357458999989
"Canada Net-zero","Ontario","Net Exports",2050,-719.797458999999
"Canada Net-zero","Prince Edward Island","Net Exports",2022,0
"Canada Net-zero","Prince Edward Island","Net Exports",2023,0
"Canada Net-zero","Prince Edward Island","Net Exports",2024,0
"Canada Net-zero","Prince Edward Island","Net Exports",2025,0
"Canada Net-zero","Prince Edward Island","Net Exports",2026,0
"Canada Net-zero","Prince Edward Island","Net Exports",2027,0
"Canada Net-zero","Prince Edward Island","Net Exports",2028,0
"Canada Net-zero","Prince Edward Island","Net Exports",2029,0
"Canada Net-zero","Prince Edward Island","Net Exports",2030,0
"Canada Net-zero","Prince Edward Island","Net Exports",2031,0
"Canada Net-zero","Prince Edward Island","Net Exports",2032,0
"Canada Net-zero","Prince Edward Island","Net Exports",2033,0
"Canada Net-zero","Prince Edward Island","Net Exports",2034,0
"Canada Net-zero","Prince Edward Island","Net Exports",2035,0
"Canada Net-zero","Prince Edward Island","Net Exports",2036,0
"Canada Net-zero","Prince Edward Island","Net Exports",2037,0
"Canada Net-zero","Prince Edward Island","Net Exports",2038,0
"Canada Net-zero","Prince Edward Island","Net Exports",2039,0
"Canada Net-zero","Prince Edward Island","Net Exports",2040,0
"Canada Net-zero","Prince Edward Island","Net Exports",2041,0
"Canada Net-zero","Prince Edward Island","Net Exports",2042,0
"Canada Net-zero","Prince Edward Island","Net Exports",2043,0
"Canada Net-zero","Prince Edward Island","Net Exports",2044,0
"Canada Net-zero","Prince Edward Island","Net Exports",2045,0
"Canada Net-zero","Prince Edward Island","Net Exports",2046,0
"Canada Net-zero","Prince Edward Island","Net Exports",2047,0
"Canada Net-zero","Prince Edward Island","Net Exports",2048,0
"Canada Net-zero","Prince Edward Island","Net Exports",2049,0
"Canada Net-zero","Prince Edward Island","Net Exports",2050,0
"Canada Net-zero","Quebec","Net Exports",2022,24946.8
"Canada Net-zero","Quebec","Net Exports",2023,23567.82
"Canada Net-zero","Quebec","Net Exports",2024,24867.99
"Canada Net-zero","Quebec","Net Exports",2025,24552.69
"Canada Net-zero","Quebec","Net Exports",2026,25020.91
"Canada Net-zero","Quebec","Net Exports",2027,26820.29
"Canada Net-zero","Quebec","Net Exports",2028,26937.3
"Canada Net-zero","Quebec","Net Exports",2029,26263.57
"Canada Net-zero","Quebec","Net Exports",2030,26179.29
"Canada Net-zero","Quebec","Net Exports",2031,27126.36
"Canada Net-zero","Quebec","Net Exports",2032,26737.3799999999
"Canada Net-zero","Quebec","Net Exports",2033,26439.8399999999
"Canada Net-zero","Quebec","Net Exports",2034,26144.82
"Canada Net-zero","Quebec","Net Exports",2035,25992.14
"Canada Net-zero","Quebec","Net Exports",2036,25923.8099999999
"Canada Net-zero","Quebec","Net Exports",2037,25642.79
"Canada Net-zero","Quebec","Net Exports",2038,25711.23
"Canada Net-zero","Quebec","Net Exports",2039,26014.79
"Canada Net-zero","Quebec","Net Exports",2040,26386.9899999999
"Canada Net-zero","Quebec","Net Exports",2041,26495.03
"Canada Net-zero","Quebec","Net Exports",2042,26593.15
"Canada Net-zero","Quebec","Net Exports",2043,26723.3299999999
"Canada Net-zero","Quebec","Net Exports",2044,26835.5199999999
"Canada Net-zero","Quebec","Net Exports",2045,26943.63
"Canada Net-zero","Quebec","Net Exports",2046,27107.85
"Canada Net-zero","Quebec","Net Exports",2047,27215.19
"Canada Net-zero","Quebec","Net Exports",2048,27344.8599999999
"Canada Net-zero","Quebec","Net Exports",2049,27429.6199999999
"Canada Net-zero","Quebec","Net Exports",2050,27540.01
"Canada Net-zero","Saskatchewan","Net Exports",2022,130
"Canada Net-zero","Saskatchewan","Net Exports",2023,130
"Canada Net-zero","Saskatchewan","Net Exports",2024,130
"Canada Net-zero","Saskatchewan","Net Exports",2025,130
"Canada Net-zero","Saskatchewan","Net Exports",2026,130
"Canada Net-zero","Saskatchewan","Net Exports",2027,130
"Canada Net-zero","Saskatchewan","Net Exports",2028,130
"Canada Net-zero","Saskatchewan","Net Exports",2029,130
"Canada Net-zero","Saskatchewan","Net Exports",2030,130
"Canada Net-zero","Saskatchewan","Net Exports",2031,130
"Canada Net-zero","Saskatchewan","Net Exports",2032,130
"Canada Net-zero","Saskatchewan","Net Exports",2033,130
"Canada Net-zero","Saskatchewan","Net Exports",2034,130
"Canada Net-zero","Saskatchewan","Net Exports",2035,130
"Canada Net-zero","Saskatchewan","Net Exports",2036,130
"Canada Net-zero","Saskatchewan","Net Exports",2037,130
"Canada Net-zero","Saskatchewan","Net Exports",2038,130
"Canada Net-zero","Saskatchewan","Net Exports",2039,130
"Canada Net-zero","Saskatchewan","Net Exports",2040,130
"Canada Net-zero","Saskatchewan","Net Exports",2041,130
"Canada Net-zero","Saskatchewan","Net Exports",2042,130
"Canada Net-zero","Saskatchewan","Net Exports",2043,130
"Canada Net-zero","Saskatchewan","Net Exports",2044,130
"Canada Net-zero","Saskatchewan","Net Exports",2045,130
"Canada Net-zero","Saskatchewan","Net Exports",2046,130
"Canada Net-zero","Saskatchewan","Net Exports",2047,130
"Canada Net-zero","Saskatchewan","Net Exports",2048,130
"Canada Net-zero","Saskatchewan","Net Exports",2049,130
"Canada Net-zero","Saskatchewan","Net Exports",2050,130
"Current Measures","Alberta","Net Exports",2022,410
"Current Measures","Alberta","Net Exports",2023,410
"Current Measures","Alberta","Net Exports",2024,410
"Current Measures","Alberta","Net Exports",2025,410
"Current Measures","Alberta","Net Exports",2026,410
"Current Measures","Alberta","Net Exports",2027,410
"Current Measures","Alberta","Net Exports",2028,410
"Current Measures","Alberta","Net Exports",2029,410
"Current Measures","Alberta","Net Exports",2030,410
"Current Measures","Alberta","Net Exports",2031,410
"Current Measures","Alberta","Net Exports",2032,410
"Current Measures","Alberta","Net Exports",2033,410
"Current Measures","Alberta","Net Exports",2034,410
"Current Measures","Alberta","Net Exports",2035,410
"Current Measures","Alberta","Net Exports",2036,410
"Current Measures","Alberta","Net Exports",2037,410
"Current Measures","Alberta","Net Exports",2038,410
"Current Measures","Alberta","Net Exports",2039,410
"Current Measures","Alberta","Net Exports",2040,410
"Current Measures","Alberta","Net Exports",2041,410
"Current Measures","Alberta","Net Exports",2042,410
"Current Measures","Alberta","Net Exports",2043,410
"Current Measures","Alberta","Net Exports",2044,410
"Current Measures","Alberta","Net Exports",2045,410
"Current Measures","Alberta","Net Exports",2046,410
"Current Measures","Alberta","Net Exports",2047,410
"Current Measures","Alberta","Net Exports",2048,410
"Current Measures","Alberta","Net Exports",2049,410
"Current Measures","Alberta","Net Exports",2050,410
"Current Measures","British Columbia","Net Exports",2022,3503.52930799999
"Current Measures","British Columbia","Net Exports",2023,3025.399308
"Current Measures","British Columbia","Net Exports",2024,2015.76930799999
"Current Measures","British Columbia","Net Exports",2025,3598.46930799999
"Current Measures","British Columbia","Net Exports",2026,2926.229308
"Current Measures","British Columbia","Net Exports",2027,2431.459308
"Current Measures","British Columbia","Net Exports",2028,1914.009308
"Current Measures","British Columbia","Net Exports",2029,1705.029308
"Current Measures","British Columbia","Net Exports",2030,1475.40930799999
"Current Measures","British Columbia","Net Exports",2031,1773.773526
"Current Measures","British Columbia","Net Exports",2032,1788.717501
"Current Measures","British Columbia","Net Exports",2033,1429.111476
"Current Measures","British Columbia","Net Exports",2034,1595.90545
"Current Measures","British Columbia","Net Exports",2035,1380.999425
"Current Measures","British Columbia","Net Exports",2036,1275.163521
"Current Measures","British Columbia","Net Exports",2037,1626.037496
"Current Measures","British Columbia","Net Exports",2038,1936.49153199999
"Current Measures","British Columbia","Net Exports",2039,2595.445537
"Current Measures","British Columbia","Net Exports",2040,2601.08954199999
"Current Measures","British Columbia","Net Exports",2041,2918.54954199999
"Current Measures","British Columbia","Net Exports",2042,2425.459542
"Current Measures","British Columbia","Net Exports",2043,1883.25954199999
"Current Measures","British Columbia","Net Exports",2044,2301.989542
"Current Measures","British Columbia","Net Exports",2045,1673.569542
"Current Measures","British Columbia","Net Exports",2046,1869.609542
"Current Measures","British Columbia","Net Exports",2047,2004.08954199999
"Current Measures","British Columbia","Net Exports",2048,2165.229542
"Current Measures","British Columbia","Net Exports",2049,2322.879542
"Current Measures","British Columbia","Net Exports",2050,2479.459542
"Current Measures","Canada","Net Exports",2022,46340.0503689999
"Current Measures","Canada","Net Exports",2023,39744.6803689999
"Current Measures","Canada","Net Exports",2024,40602.9603689999
"Current Measures","Canada","Net Exports",2025,37708.1003689999
"Current Measures","Canada","Net Exports",2026,39148.6703689999
"Current Measures","Canada","Net Exports",2027,43183.1103689999
"Current Measures","Canada","Net Exports",2028,45555.580369
"Current Measures","Canada","Net Exports",2029,46373.5803689999
"Current Measures","Canada","Net Exports",2030,48179.3203689998
"Current Measures","Canada","Net Exports",2031,46117.1145869999
"Current Measures","Canada","Net Exports",2032,47336.7185619999
"Current Measures","Canada","Net Exports",2033,46140.5725369998
"Current Measures","Canada","Net Exports",2034,47700.6465109999
"Current Measures","Canada","Net Exports",2035,46339.5904859999
"Current Measures","Canada","Net Exports",2036,45866.9445819999
"Current Measures","Canada","Net Exports",2037,45294.4085569999
"Current Measures","Canada","Net Exports",2038,45667.632593
"Current Measures","Canada","Net Exports",2039,46619.2865979999
"Current Measures","Canada","Net Exports",2040,47022.9406029997
"Current Measures","Canada","Net Exports",2041,45664.6606029999
"Current Measures","Canada","Net Exports",2042,44913.0106029999
"Current Measures","Canada","Net Exports",2043,44153.0706029999
"Current Measures","Canada","Net Exports",2044,44947.0406029999
"Current Measures","Canada","Net Exports",2045,43984.370603
"Current Measures","Canada","Net Exports",2046,44137.690603
"Current Measures","Canada","Net Exports",2047,44146.5506029999
"Current Measures","Canada","Net Exports",2048,44315.4406029998
"Current Measures","Canada","Net Exports",2049,44364.2906029999
"Current Measures","Canada","Net Exports",2050,44477.350603
"Current Measures","Manitoba","Net Exports",2022,7787.86999999999
"Current Measures","Manitoba","Net Exports",2023,7943.03
"Current Measures","Manitoba","Net Exports",2024,7936.49
"Current Measures","Manitoba","Net Exports",2025,7815.71999999999
"Current Measures","Manitoba","Net Exports",2026,7780.05999999999
"Current Measures","Manitoba","Net Exports",2027,10517.44
"Current Measures","Manitoba","Net Exports",2028,10404.57
"Current Measures","Manitoba","Net Exports",2029,14245.57
"Current Measures","Manitoba","Net Exports",2030,14084.3699999999
"Current Measures","Manitoba","Net Exports",2031,13917.8
"Current Measures","Manitoba","Net Exports",2032,13828.51
"Current Measures","Manitoba","Net Exports",2033,13662.8
"Current Measures","Manitoba","Net Exports",2034,13496.02
"Current Measures","Manitoba","Net Exports",2035,13340.83
"Current Measures","Manitoba","Net Exports",2036,13274.07
"Current Measures","Manitoba","Net Exports",2037,13141.1999999999
"Current Measures","Manitoba","Net Exports",2038,13013.9
"Current Measures","Manitoba","Net Exports",2039,12956.2799999999
"Current Measures","Manitoba","Net Exports",2040,13284.3699999999
"Current Measures","Manitoba","Net Exports",2041,13227.82
"Current Measures","Manitoba","Net Exports",2042,13270.22
"Current Measures","Manitoba","Net Exports",2043,13311.44
"Current Measures","Manitoba","Net Exports",2044,13245.56
"Current Measures","Manitoba","Net Exports",2045,13163.05
"Current Measures","Manitoba","Net Exports",2046,13083.76
"Current Measures","Manitoba","Net Exports",2047,13098.15
"Current Measures","Manitoba","Net Exports",2048,13131.8599999999
"Current Measures","Manitoba","Net Exports",2049,13106.99
"Current Measures","Manitoba","Net Exports",2050,13117.74
"Current Measures","New Brunswick","Net Exports",2022,2498.33851999999
"Current Measures","New Brunswick","Net Exports",2023,988.22851999999
"Current Measures","New Brunswick","Net Exports",2024,548.33852
"Current Measures","New Brunswick","Net Exports",2025,392.778520000001
"Current Measures","New Brunswick","Net Exports",2026,384.928519999998
"Current Measures","New Brunswick","Net Exports",2027,580.78852
"Current Measures","New Brunswick","Net Exports",2028,517.21852
"Current Measures","New Brunswick","Net Exports",2029,1131.84851999999
"Current Measures","New Brunswick","Net Exports",2030,668.428519999999
"Current Measures","New Brunswick","Net Exports",2031,268.898520000001
"Current Measures","New Brunswick","Net Exports",2032,263.60852
"Current Measures","New Brunswick","Net Exports",2033,574.02852
"Current Measures","New Brunswick","Net Exports",2034,460.228519999999
"Current Measures","New Brunswick","Net Exports",2035,257.978519999999
"Current Measures","New Brunswick","Net Exports",2036,417.45852
"Current Measures","New Brunswick","Net Exports",2037,406.658520000001
"Current Measures","New Brunswick","Net Exports",2038,410.72852
"Current Measures","New Brunswick","Net Exports",2039,912.348519999998
"Current Measures","New Brunswick","Net Exports",2040,967.898519999991
"Current Measures","New Brunswick","Net Exports",2041,-95.88148
"Current Measures","New Brunswick","Net Exports",2042,-95.88148
"Current Measures","New Brunswick","Net Exports",2043,-95.88148
"Current Measures","New Brunswick","Net Exports",2044,396.50852
"Current Measures","New Brunswick","Net Exports",2045,409.548519999999
"Current Measures","New Brunswick","Net Exports",2046,427.21852
"Current Measures","New Brunswick","Net Exports",2047,436.49852
"Current Measures","New Brunswick","Net Exports",2048,445.00852
"Current Measures","New Brunswick","Net Exports",2049,437.158519999999
"Current Measures","New Brunswick","Net Exports",2050,429.938519999999
"Current Measures","Newfoundland and Labrador","Net Exports",2022,1200
"Current Measures","Newfoundland and Labrador","Net Exports",2023,1200
"Current Measures","Newfoundland and Labrador","Net Exports",2024,1200
"Current Measures","Newfoundland and Labrador","Net Exports",2025,1200
"Current Measures","Newfoundland and Labrador","Net Exports",2026,1200
"Current Measures","Newfoundland and Labrador","Net Exports",2027,1200
"Current Measures","Newfoundland and Labrador","Net Exports",2028,1200
"Current Measures","Newfoundland and Labrador","Net Exports",2029,1200
"Current Measures","Newfoundland and Labrador","Net Exports",2030,1200
"Current Measures","Newfoundland and Labrador","Net Exports",2031,1200
"Current Measures","Newfoundland and Labrador","Net Exports",2032,1200
"Current Measures","Newfoundland and Labrador","Net Exports",2033,1200
"Current Measures","Newfoundland and Labrador","Net Exports",2034,1200
"Current Measures","Newfoundland and Labrador","Net Exports",2035,1200
"Current Measures","Newfoundland and Labrador","Net Exports",2036,1200
"Current Measures","Newfoundland and Labrador","Net Exports",2037,1200
"Current Measures","Newfoundland and Labrador","Net Exports",2038,1200
"Current Measures","Newfoundland and Labrador","Net Exports",2039,1200
"Current Measures","Newfoundland and Labrador","Net Exports",2040,1200
"Current Measures","Newfoundland and Labrador","Net Exports",2041,1200
"Current Measures","Newfoundland and Labrador","Net Exports",2042,1200
"Current Measures","Newfoundland and Labrador","Net Exports",2043,1200
"Current Measures","Newfoundland and Labrador","Net Exports",2044,1200
"Current Measures","Newfoundland and Labrador","Net Exports",2045,1200
"Current Measures","Newfoundland and Labrador","Net Exports",2046,1200
"Current Measures","Newfoundland and Labrador","Net Exports",2047,1200
"Current Measures","Newfoundland and Labrador","Net Exports",2048,1200
"Current Measures","Newfoundland and Labrador","Net Exports",2049,1200
"Current Measures","Newfoundland and Labrador","Net Exports",2050,1200
"Current Measures","Nova Scotia","Net Exports",2022,-110
"Current Measures","Nova Scotia","Net Exports",2023,-110
"Current Measures","Nova Scotia","Net Exports",2024,-110
"Current Measures","Nova Scotia","Net Exports",2025,-110
"Current Measures","Nova Scotia","Net Exports",2026,-110
"Current Measures","Nova Scotia","Net Exports",2027,-110
"Current Measures","Nova Scotia","Net Exports",2028,-110
"Current Measures","Nova Scotia","Net Exports",2029,-110
"Current Measures","Nova Scotia","Net Exports",2030,-110
"Current Measures","Nova Scotia","Net Exports",2031,-110
"Current Measures","Nova Scotia","Net Exports",2032,-110
"Current Measures","Nova Scotia","Net Exports",2033,-110
"Current Measures","Nova Scotia","Net Exports",2034,-110
"Current Measures","Nova Scotia","Net Exports",2035,-110
"Current Measures","Nova Scotia","Net Exports",2036,-110
"Current Measures","Nova Scotia","Net Exports",2037,-110
"Current Measures","Nova Scotia","Net Exports",2038,-110
"Current Measures","Nova Scotia","Net Exports",2039,-110
"Current Measures","Nova Scotia","Net Exports",2040,-110
"Current Measures","Nova Scotia","Net Exports",2041,-110
"Current Measures","Nova Scotia","Net Exports",2042,-110
"Current Measures","Nova Scotia","Net Exports",2043,-110
"Current Measures","Nova Scotia","Net Exports",2044,-110
"Current Measures","Nova Scotia","Net Exports",2045,-110
"Current Measures","Nova Scotia","Net Exports",2046,-110
"Current Measures","Nova Scotia","Net Exports",2047,-110
"Current Measures","Nova Scotia","Net Exports",2048,-110
"Current Measures","Nova Scotia","Net Exports",2049,-110
"Current Measures","Nova Scotia","Net Exports",2050,-110
"Current Measures","Ontario","Net Exports",2022,5973.512541
"Current Measures","Ontario","Net Exports",2023,2590.20254099999
"Current Measures","Ontario","Net Exports",2024,3604.37254099999
"Current Measures","Ontario","Net Exports",2025,-281.557458999999
"Current Measures","Ontario","Net Exports",2026,1406.54254099999
"Current Measures","Ontario","Net Exports",2027,1203.13254099999
"Current Measures","Ontario","Net Exports",2028,4152.482541
"Current Measures","Ontario","Net Exports",2029,1397.562541
"Current Measures","Ontario","Net Exports",2030,4141.822541
"Current Measures","Ontario","Net Exports",2031,1400.28254099999
"Current Measures","Ontario","Net Exports",2032,3088.502541
"Current Measures","Ontario","Net Exports",2033,2404.79254099999
"Current Measures","Ontario","Net Exports",2034,4373.67254099999
"Current Measures","Ontario","Net Exports",2035,3737.64254099999
"Current Measures","Ontario","Net Exports",2036,3346.442541
"Current Measures","Ontario","Net Exports",2037,2847.722541
"Current Measures","Ontario","Net Exports",2038,2965.282541
"Current Measures","Ontario","Net Exports",2039,2510.422541
"Current Measures","Ontario","Net Exports",2040,2152.59254099999
"Current Measures","Ontario","Net Exports",2041,1489.14254099999
"Current Measures","Ontario","Net Exports",2042,1090.06254099999
"Current Measures","Ontario","Net Exports",2043,700.922541
"Current Measures","Ontario","Net Exports",2044,537.462541
"Current Measures","Ontario","Net Exports",2045,164.572541
"Current Measures","Ontario","Net Exports",2046,19.2525410000007
"Current Measures","Ontario","Net Exports",2047,-237.377458999999
"Current Measures","Ontario","Net Exports",2048,-401.517458999999
"Current Measures","Ontario","Net Exports",2049,-562.357458999989
"Current Measures","Ontario","Net Exports",2050,-719.797458999999
"Current Measures","Prince Edward Island","Net Exports",2022,0
"Current Measures","Prince Edward Island","Net Exports",2023,0
"Current Measures","Prince Edward Island","Net Exports",2024,0
"Current Measures","Prince Edward Island","Net Exports",2025,0
"Current Measures","Prince Edward Island","Net Exports",2026,0
"Current Measures","Prince Edward Island","Net Exports",2027,0
"Current Measures","Prince Edward Island","Net Exports",2028,0
"Current Measures","Prince Edward Island","Net Exports",2029,0
"Current Measures","Prince Edward Island","Net Exports",2030,0
"Current Measures","Prince Edward Island","Net Exports",2031,0
"Current Measures","Prince Edward Island","Net Exports",2032,0
"Current Measures","Prince Edward Island","Net Exports",2033,0
"Current Measures","Prince Edward Island","Net Exports",2034,0
"Current Measures","Prince Edward Island","Net Exports",2035,0
"Current Measures","Prince Edward Island","Net Exports",2036,0
"Current Measures","Prince Edward Island","Net Exports",2037,0
"Current Measures","Prince Edward Island","Net Exports",2038,0
"Current Measures","Prince Edward Island","Net Exports",2039,0
"Current Measures","Prince Edward Island","Net Exports",2040,0
"Current Measures","Prince Edward Island","Net Exports",2041,0
"Current Measures","Prince Edward Island","Net Exports",2042,0
"Current Measures","Prince Edward Island","Net Exports",2043,0
"Current Measures","Prince Edward Island","Net Exports",2044,0
"Current Measures","Prince Edward Island","Net Exports",2045,0
"Current Measures","Prince Edward Island","Net Exports",2046,0
"Current Measures","Prince Edward Island","Net Exports",2047,0
"Current Measures","Prince Edward Island","Net Exports",2048,0
"Current Measures","Prince Edward Island","Net Exports",2049,0
"Current Measures","Prince Edward Island","Net Exports",2050,0
"Current Measures","Quebec","Net Exports",2022,24946.8
"Current Measures","Quebec","Net Exports",2023,23567.82
"Current Measures","Quebec","Net Exports",2024,24867.99
"Current Measures","Quebec","Net Exports",2025,24552.69
"Current Measures","Quebec","Net Exports",2026,25020.91
"Current Measures","Quebec","Net Exports",2027,26820.29
"Current Measures","Quebec","Net Exports",2028,26937.3
"Current Measures","Quebec","Net Exports",2029,26263.57
"Current Measures","Quebec","Net Exports",2030,26179.29
"Current Measures","Quebec","Net Exports",2031,27126.36
"Current Measures","Quebec","Net Exports",2032,26737.3799999999
"Current Measures","Quebec","Net Exports",2033,26439.8399999999
"Current Measures","Quebec","Net Exports",2034,26144.82
"Current Measures","Quebec","Net Exports",2035,25992.14
"Current Measures","Quebec","Net Exports",2036,25923.8099999999
"Current Measures","Quebec","Net Exports",2037,25642.79
"Current Measures","Quebec","Net Exports",2038,25711.23
"Current Measures","Quebec","Net Exports",2039,26014.79
"Current Measures","Quebec","Net Exports",2040,26386.9899999999
"Current Measures","Quebec","Net Exports",2041,26495.03
"Current Measures","Quebec","Net Exports",2042,26593.15
"Current Measures","Quebec","Net Exports",2043,26723.3299999999
"Current Measures","Quebec","Net Exports",2044,26835.5199999999
"Current Measures","Quebec","Net Exports",2045,26943.63
"Current Measures","Quebec","Net Exports",2046,27107.85
"Current Measures","Quebec","Net Exports",2047,27215.19
"Current Measures","Quebec","Net Exports",2048,27344.8599999999
"Current Measures","Quebec","Net Exports",2049,27429.6199999999
"Current Measures","Quebec","Net Exports",2050,27540.01
"Current Measures","Saskatchewan","Net Exports",2022,130
"Current Measures","Saskatchewan","Net Exports",2023,130
"Current Measures","Saskatchewan","Net Exports",2024,130
"Current Measures","Saskatchewan","Net Exports",2025,130
"Current Measures","Saskatchewan","Net Exports",2026,130
"Current Measures","Saskatchewan","Net Exports",2027,130
"Current Measures","Saskatchewan","Net Exports",2028,130
"Current Measures","Saskatchewan","Net Exports",2029,130
"Current Measures","Saskatchewan","Net Exports",2030,130
"Current Measures","Saskatchewan","Net Exports",2031,130
"Current Measures","Saskatchewan","Net Exports",2032,130
"Current Measures","Saskatchewan","Net Exports",2033,130
"Current Measures","Saskatchewan","Net Exports",2034,130
"Current Measures","Saskatchewan","Net Exports",2035,130
"Current Measures","Saskatchewan","Net Exports",2036,130
"Current Measures","Saskatchewan","Net Exports",2037,130
"Current Measures","Saskatchewan","Net Exports",2038,130
"Current Measures","Saskatchewan","Net Exports",2039,130
"Current Measures","Saskatchewan","Net Exports",2040,130
"Current Measures","Saskatchewan","Net Exports",2041,130
"Current Measures","Saskatchewan","Net Exports",2042,130
"Current Measures","Saskatchewan","Net Exports",2043,130
"Current Measures","Saskatchewan","Net Exports",2044,130
"Current Measures","Saskatchewan","Net Exports",2045,130
"Current Measures","Saskatchewan","Net Exports",2046,130
"Current Measures","Saskatchewan","Net Exports",2047,130
"Current Measures","Saskatchewan","Net Exports",2048,130
"Current Measures","Saskatchewan","Net Exports",2049,130
"Current Measures","Saskatchewan","Net Exports",2050,130
"Global Net-zero","Alberta","Net Exports",2022,410
"Global Net-zero","Alberta","Net Exports",2023,410
"Global Net-zero","Alberta","Net Exports",2024,410
"Global Net-zero","Alberta","Net Exports",2025,410
"Global Net-zero","Alberta","Net Exports",2026,410
"Global Net-zero","Alberta","Net Exports",2027,410
"Global Net-zero","Alberta","Net Exports",2028,410
"Global Net-zero","Alberta","Net Exports",2029,410
"Global Net-zero","Alberta","Net Exports",2030,410
"Global Net-zero","Alberta","Net Exports",2031,410
"Global Net-zero","Alberta","Net Exports",2032,410
"Global Net-zero","Alberta","Net Exports",2033,410
"Global Net-zero","Alberta","Net Exports",2034,410
"Global Net-zero","Alberta","Net Exports",2035,410
"Global Net-zero","Alberta","Net Exports",2036,410
"Global Net-zero","Alberta","Net Exports",2037,410
"Global Net-zero","Alberta","Net Exports",2038,410
"Global Net-zero","Alberta","Net Exports",2039,410
"Global Net-zero","Alberta","Net Exports",2040,410
"Global Net-zero","Alberta","Net Exports",2041,410
"Global Net-zero","Alberta","Net Exports",2042,410
"Global Net-zero","Alberta","Net Exports",2043,410
"Global Net-zero","Alberta","Net Exports",2044,410
"Global Net-zero","Alberta","Net Exports",2045,410
"Global Net-zero","Alberta","Net Exports",2046,410
"Global Net-zero","Alberta","Net Exports",2047,410
"Global Net-zero","Alberta","Net Exports",2048,410
"Global Net-zero","Alberta","Net Exports",2049,410
"Global Net-zero","Alberta","Net Exports",2050,410
"Global Net-zero","British Columbia","Net Exports",2022,3503.52930799999
"Global Net-zero","British Columbia","Net Exports",2023,3025.399308
"Global Net-zero","British Columbia","Net Exports",2024,2015.76930799999
"Global Net-zero","British Columbia","Net Exports",2025,3598.46930799999
"Global Net-zero","British Columbia","Net Exports",2026,2926.229308
"Global Net-zero","British Columbia","Net Exports",2027,2431.459308
"Global Net-zero","British Columbia","Net Exports",2028,1914.009308
"Global Net-zero","British Columbia","Net Exports",2029,1705.029308
"Global Net-zero","British Columbia","Net Exports",2030,1475.40930799999
"Global Net-zero","British Columbia","Net Exports",2031,1773.773526
"Global Net-zero","British Columbia","Net Exports",2032,1788.717501
"Global Net-zero","British Columbia","Net Exports",2033,1429.111476
"Global Net-zero","British Columbia","Net Exports",2034,1595.90545
"Global Net-zero","British Columbia","Net Exports",2035,1380.999425
"Global Net-zero","British Columbia","Net Exports",2036,1275.163521
"Global Net-zero","British Columbia","Net Exports",2037,1626.037496
"Global Net-zero","British Columbia","Net Exports",2038,1936.49153199999
"Global Net-zero","British Columbia","Net Exports",2039,2595.445537
"Global Net-zero","British Columbia","Net Exports",2040,2601.08954199999
"Global Net-zero","British Columbia","Net Exports",2041,2918.54954199999
"Global Net-zero","British Columbia","Net Exports",2042,2425.459542
"Global Net-zero","British Columbia","Net Exports",2043,1883.25954199999
"Global Net-zero","British Columbia","Net Exports",2044,2301.989542
"Global Net-zero","British Columbia","Net Exports",2045,1673.569542
"Global Net-zero","British Columbia","Net Exports",2046,1869.609542
"Global Net-zero","British Columbia","Net Exports",2047,2004.08954199999
"Global Net-zero","British Columbia","Net Exports",2048,2165.229542
"Global Net-zero","British Columbia","Net Exports",2049,2322.879542
"Global Net-zero","British Columbia","Net Exports",2050,2479.459542
"Global Net-zero","Canada","Net Exports",2022,46340.0503689999
"Global Net-zero","Canada","Net Exports",2023,39744.6803689999
"Global Net-zero","Canada","Net Exports",2024,40602.9603689999
"Global Net-zero","Canada","Net Exports",2025,37708.1003689999
"Global Net-zero","Canada","Net Exports",2026,39148.6703689999
"Global Net-zero","Canada","Net Exports",2027,43183.1103689999
"Global Net-zero","Canada","Net Exports",2028,45555.580369
"Global Net-zero","Canada","Net Exports",2029,46373.5803689999
"Global Net-zero","Canada","Net Exports",2030,48179.3203689998
"Global Net-zero","Canada","Net Exports",2031,46117.1145869999
"Global Net-zero","Canada","Net Exports",2032,47336.7185619999
"Global Net-zero","Canada","Net Exports",2033,46140.5725369998
"Global Net-zero","Canada","Net Exports",2034,47700.6465109999
"Global Net-zero","Canada","Net Exports",2035,46339.5904859999
"Global Net-zero","Canada","Net Exports",2036,45866.9445819999
"Global Net-zero","Canada","Net Exports",2037,45294.4085569999
"Global Net-zero","Canada","Net Exports",2038,45667.632593
"Global Net-zero","Canada","Net Exports",2039,46619.2865979999
"Global Net-zero","Canada","Net Exports",2040,47022.9406029997
"Global Net-zero","Canada","Net Exports",2041,45664.6606029999
"Global Net-zero","Canada","Net Exports",2042,44913.0106029999
"Global Net-zero","Canada","Net Exports",2043,44153.0706029999
"Global Net-zero","Canada","Net Exports",2044,44947.0406029999
"Global Net-zero","Canada","Net Exports",2045,43984.370603
"Global Net-zero","Canada","Net Exports",2046,44137.690603
"Global Net-zero","Canada","Net Exports",2047,44146.5506029999
"Global Net-zero","Canada","Net Exports",2048,44315.4406029998
"Global Net-zero","Canada","Net Exports",2049,44364.2906029999
"Global Net-zero","Canada","Net Exports",2050,44477.350603
"Global Net-zero","Manitoba","Net Exports",2022,7787.86999999999
"Global Net-zero","Manitoba","Net Exports",2023,7943.03
"Global Net-zero","Manitoba","Net Exports",2024,7936.49
"Global Net-zero","Manitoba","Net Exports",2025,7815.71999999999
"Global Net-zero","Manitoba","Net Exports",2026,7780.05999999999
"Global Net-zero","Manitoba","Net Exports",2027,10517.44
"Global Net-zero","Manitoba","Net Exports",2028,10404.57
"Global Net-zero","Manitoba","Net Exports",2029,14245.57
"Global Net-zero","Manitoba","Net Exports",2030,14084.3699999999
"Global Net-zero","Manitoba","Net Exports",2031,13917.8
"Global Net-zero","Manitoba","Net Exports",2032,13828.51
"Global Net-zero","Manitoba","Net Exports",2033,13662.8
"Global Net-zero","Manitoba","Net Exports",2034,13496.02
"Global Net-zero","Manitoba","Net Exports",2035,13340.83
"Global Net-zero","Manitoba","Net Exports",2036,13274.07
"Global Net-zero","Manitoba","Net Exports",2037,13141.1999999999
"Global Net-zero","Manitoba","Net Exports",2038,13013.9
"Global Net-zero","Manitoba","Net Exports",2039,12956.2799999999
"Global Net-zero","Manitoba","Net Exports",2040,13284.3699999999
"Global Net-zero","Manitoba","Net Exports",2041,13227.82
"Global Net-zero","Manitoba","Net Exports",2042,13270.22
"Global Net-zero","Manitoba","Net Exports",2043,13311.44
"Global Net-zero","Manitoba","Net Exports",2044,13245.56
"Global Net-zero","Manitoba","Net Exports",2045,13163.05
"Global Net-zero","Manitoba","Net Exports",2046,13083.76
"Global Net-zero","Manitoba","Net Exports",2047,13098.15
"Global Net-zero","Manitoba","Net Exports",2048,13131.8599999999
"Global Net-zero","Manitoba","Net Exports",2049,13106.99
"Global Net-zero","Manitoba","Net Exports",2050,13117.74
"Global Net-zero","New Brunswick","Net Exports",2022,2498.33851999999
"Global Net-zero","New Brunswick","Net Exports",2023,988.22851999999
"Global Net-zero","New Brunswick","Net Exports",2024,548.33852
"Global Net-zero","New Brunswick","Net Exports",2025,392.778520000001
"Global Net-zero","New Brunswick","Net Exports",2026,384.928519999998
"Global Net-zero","New Brunswick","Net Exports",2027,580.78852
"Global Net-zero","New Brunswick","Net Exports",2028,517.21852
"Global Net-zero","New Brunswick","Net Exports",2029,1131.84851999999
"Global Net-zero","New Brunswick","Net Exports",2030,668.428519999999
"Global Net-zero","New Brunswick","Net Exports",2031,268.898520000001
"Global Net-zero","New Brunswick","Net Exports",2032,263.60852
"Global Net-zero","New Brunswick","Net Exports",2033,574.02852
"Global Net-zero","New Brunswick","Net Exports",2034,460.228519999999
"Global Net-zero","New Brunswick","Net Exports",2035,257.978519999999
"Global Net-zero","New Brunswick","Net Exports",2036,417.45852
"Global Net-zero","New Brunswick","Net Exports",2037,406.658520000001
"Global Net-zero","New Brunswick","Net Exports",2038,410.72852
"Global Net-zero","New Brunswick","Net Exports",2039,912.348519999998
"Global Net-zero","New Brunswick","Net Exports",2040,967.898519999991
"Global Net-zero","New Brunswick","Net Exports",2041,-95.88148
"Global Net-zero","New Brunswick","Net Exports",2042,-95.88148
"Global Net-zero","New Brunswick","Net Exports",2043,-95.88148
"Global Net-zero","New Brunswick","Net Exports",2044,396.50852
"Global Net-zero","New Brunswick","Net Exports",2045,409.548519999999
"Global Net-zero","New Brunswick","Net Exports",2046,427.21852
"Global Net-zero","New Brunswick","Net Exports",2047,436.49852
"Global Net-zero","New Brunswick","Net Exports",2048,445.00852
"Global Net-zero","New Brunswick","Net Exports",2049,437.158519999999
"Global Net-zero","New Brunswick","Net Exports",2050,429.938519999999
"Global Net-zero","Newfoundland and Labrador","Net Exports",2022,1200
"Global Net-zero","Newfoundland and Labrador","Net Exports",2023,1200
"Global Net-zero","Newfoundland and Labrador","Net Exports",2024,1200
"Global Net-zero","Newfoundland and Labrador","Net Exports",2025,1200
"Global Net-zero","Newfoundland and Labrador","Net Exports",2026,1200
"Global Net-zero","Newfoundland and Labrador","Net Exports",2027,1200
"Global Net-zero","Newfoundland and Labrador","Net Exports",2028,1200
"Global Net-zero","Newfoundland and Labrador","Net Exports",2029,1200
"Global Net-zero","Newfoundland and Labrador","Net Exports",2030,1200
"Global Net-zero","Newfoundland and Labrador","Net Exports",2031,1200
"Global Net-zero","Newfoundland and Labrador","Net Exports",2032,1200
"Global Net-zero","Newfoundland and Labrador","Net Exports",2033,1200
"Global Net-zero","Newfoundland and Labrador","Net Exports",2034,1200
"Global Net-zero","Newfoundland and Labrador","Net Exports",2035,1200
"Global Net-zero","Newfoundland and Labrador","Net Exports",2036,1200
"Global Net-zero","Newfoundland and Labrador","Net Exports",2037,1200
"Global Net-zero","Newfoundland and Labrador","Net Exports",2038,1200
"Global Net-zero","Newfoundland and Labrador","Net Exports",2039,1200
"Global Net-zero","Newfoundland and Labrador","Net Exports",2040,1200
"Global Net-zero","Newfoundland and Labrador","Net Exports",2041,1200
"Global Net-zero","Newfoundland and Labrador","Net Exports",2042,1200
"Global Net-zero","Newfoundland and Labrador","Net Exports",2043,1200
"Global Net-zero","Newfoundland and Labrador","Net Exports",2044,1200
"Global Net-zero","Newfoundland and Labrador","Net Exports",2045,1200
"Global Net-zero","Newfoundland and Labrador","Net Exports",2046,1200
"Global Net-zero","Newfoundland and Labrador","Net Exports",2047,1200
"Global Net-zero","Newfoundland and Labrador","Net Exports",2048,1200
"Global Net-zero","Newfoundland and Labrador","Net Exports",2049,1200
"Global Net-zero","Newfoundland and Labrador","Net Exports",2050,1200
"Global Net-zero","Nova Scotia","Net Exports",2022,-110
"Global Net-zero","Nova Scotia","Net Exports",2023,-110
"Global Net-zero","Nova Scotia","Net Exports",2024,-110
"Global Net-zero","Nova Scotia","Net Exports",2025,-110
"Global Net-zero","Nova Scotia","Net Exports",2026,-110
"Global Net-zero","Nova Scotia","Net Exports",2027,-110
"Global Net-zero","Nova Scotia","Net Exports",2028,-110
"Global Net-zero","Nova Scotia","Net Exports",2029,-110
"Global Net-zero","Nova Scotia","Net Exports",2030,-110
"Global Net-zero","Nova Scotia","Net Exports",2031,-110
"Global Net-zero","Nova Scotia","Net Exports",2032,-110
"Global Net-zero","Nova Scotia","Net Exports",2033,-110
"Global Net-zero","Nova Scotia","Net Exports",2034,-110
"Global Net-zero","Nova Scotia","Net Exports",2035,-110
"Global Net-zero","Nova Scotia","Net Exports",2036,-110
"Global Net-zero","Nova Scotia","Net Exports",2037,-110
"Global Net-zero","Nova Scotia","Net Exports",2038,-110
"Global Net-zero","Nova Scotia","Net Exports",2039,-110
"Global Net-zero","Nova Scotia","Net Exports",2040,-110
"Global Net-zero","Nova Scotia","Net Exports",2041,-110
"Global Net-zero","Nova Scotia","Net Exports",2042,-110
"Global Net-zero","Nova Scotia","Net Exports",2043,-110
"Global Net-zero","Nova Scotia","Net Exports",2044,-110
"Global Net-zero","Nova Scotia","Net Exports",2045,-110
"Global Net-zero","Nova Scotia","Net Exports",2046,-110
"Global Net-zero","Nova Scotia","Net Exports",2047,-110
"Global Net-zero","Nova Scotia","Net Exports",2048,-110
"Global Net-zero","Nova Scotia","Net Exports",2049,-110
"Global Net-zero","Nova Scotia","Net Exports",2050,-110
"Global Net-zero","Ontario","Net Exports",2022,5973.512541
"Global Net-zero","Ontario","Net Exports",2023,2590.20254099999
"Global Net-zero","Ontario","Net Exports",2024,3604.37254099999
"Global Net-zero","Ontario","Net Exports",2025,-281.557458999999
"Global Net-zero","Ontario","Net Exports",2026,1406.54254099999
"Global Net-zero","Ontario","Net Exports",2027,1203.13254099999
"Global Net-zero","Ontario","Net Exports",2028,4152.482541
"Global Net-zero","Ontario","Net Exports",2029,1397.562541
"Global Net-zero","Ontario","Net Exports",2030,4141.822541
"Global Net-zero","Ontario","Net Exports",2031,1400.28254099999
"Global Net-zero","Ontario","Net Exports",2032,3088.502541
"Global Net-zero","Ontario","Net Exports",2033,2404.79254099999
"Global Net-zero","Ontario","Net Exports",2034,4373.67254099999
"Global Net-zero","Ontario","Net Exports",2035,3737.64254099999
"Global Net-zero","Ontario","Net Exports",2036,3346.442541
"Global Net-zero","Ontario","Net Exports",2037,2847.722541
"Global Net-zero","Ontario","Net Exports",2038,2965.282541
"Global Net-zero","Ontario","Net Exports",2039,2510.422541
"Global Net-zero","Ontario","Net Exports",2040,2152.59254099999
"Global Net-zero","Ontario","Net Exports",2041,1489.14254099999
"Global Net-zero","Ontario","Net Exports",2042,1090.06254099999
"Global Net-zero","Ontario","Net Exports",2043,700.922541
"Global Net-zero","Ontario","Net Exports",2044,537.462541
"Global Net-zero","Ontario","Net Exports",2045,164.572541
"Global Net-zero","Ontario","Net Exports",2046,19.2525410000007
"Global Net-zero","Ontario","Net Exports",2047,-237.377458999999
"Global Net-zero","Ontario","Net Exports",2048,-401.517458999999
"Global Net-zero","Ontario","Net Exports",2049,-562.357458999989
"Global Net-zero","Ontario","Net Exports",2050,-719.797458999999
"Global Net-zero","Prince Edward Island","Net Exports",2022,0
"Global Net-zero","Prince Edward Island","Net Exports",2023,0
"Global Net-zero","Prince Edward Island","Net Exports",2024,0
"Global Net-zero","Prince Edward Island","Net Exports",2025,0
"Global Net-zero","Prince Edward Island","Net Exports",2026,0
"Global Net-zero","Prince Edward Island","Net Exports",2027,0
"Global Net-zero","Prince Edward Island","Net Exports",2028,0
"Global Net-zero","Prince Edward Island","Net Exports",2029,0
"Global Net-zero","Prince Edward Island","Net Exports",2030,0
"Global Net-zero","Prince Edward Island","Net Exports",2031,0
"Global Net-zero","Prince Edward Island","Net Exports",2032,0
"Global Net-zero","Prince Edward Island","Net Exports",2033,0
"Global Net-zero","Prince Edward Island","Net Exports",2034,0
"Global Net-zero","Prince Edward Island","Net Exports",2035,0
"Global Net-zero","Prince Edward Island","Net Exports",2036,0
"Global Net-zero","Prince Edward Island","Net Exports",2037,0
"Global Net-zero","Prince Edward Island","Net Exports",2038,0
"Global Net-zero","Prince Edward Island","Net Exports",2039,0
"Global Net-zero","Prince Edward Island","Net Exports",2040,0
"Global Net-zero","Prince Edward Island","Net Exports",2041,0
"Global Net-zero","Prince Edward Island","Net Exports",2042,0
"Global Net-zero","Prince Edward Island","Net Exports",2043,0
"Global Net-zero","Prince Edward Island","Net Exports",2044,0
"Global Net-zero","Prince Edward Island","Net Exports",2045,0
"Global Net-zero","Prince Edward Island","Net Exports",2046,0
"Global Net-zero","Prince Edward Island","Net Exports",2047,0
"Global Net-zero","Prince Edward Island","Net Exports",2048,0
"Global Net-zero","Prince Edward Island","Net Exports",2049,0
"Global Net-zero","Prince Edward Island","Net Exports",2050,0
"Global Net-zero","Quebec","Net Exports",2022,24946.8
"Global Net-zero","Quebec","Net Exports",2023,23567.82
"Global Net-zero","Quebec","Net Exports",2024,24867.99
"Global Net-zero","Quebec","Net Exports",2025,24552.69
"Global Net-zero","Quebec","Net Exports",2026,25020.91
"Global Net-zero","Quebec","Net Exports",2027,26820.29
"Global Net-zero","Quebec","Net Exports",2028,26937.3
"Global Net-zero","Quebec","Net Exports",2029,26263.57
"Global Net-zero","Quebec","Net Exports",2030,26179.29
"Global Net-zero","Quebec","Net Exports",2031,27126.36
"Global Net-zero","Quebec","Net Exports",2032,26737.3799999999
"Global Net-zero","Quebec","Net Exports",2033,26439.8399999999
"Global Net-zero","Quebec","Net Exports",2034,26144.82
"Global Net-zero","Quebec","Net Exports",2035,25992.14
"Global Net-zero","Quebec","Net Exports",2036,25923.8099999999
"Global Net-zero","Quebec","Net Exports",2037,25642.79
"Global Net-zero","Quebec","Net Exports",2038,25711.23
"Global Net-zero","Quebec","Net Exports",2039,26014.79
"Global Net-zero","Quebec","Net Exports",2040,26386.9899999999
"Global Net-zero","Quebec","Net Exports",2041,26495.03
"Global Net-zero","Quebec","Net Exports",2042,26593.15
"Global Net-zero","Quebec","Net Exports",2043,26723.3299999999
"Global Net-zero","Quebec","Net Exports",2044,26835.5199999999
"Global Net-zero","Quebec","Net Exports",2045,26943.63
"Global Net-zero","Quebec","Net Exports",2046,27107.85
"Global Net-zero","Quebec","Net Exports",2047,27215.19
"Global Net-zero","Quebec","Net Exports",2048,27344.8599999999
"Global Net-zero","Quebec","Net Exports",2049,27429.6199999999
"Global Net-zero","Quebec","Net Exports",2050,27540.01
"Global Net-zero","Saskatchewan","Net Exports",2022,130
"Global Net-zero","Saskatchewan","Net Exports",2023,130
"Global Net-zero","Saskatchewan","Net Exports",2024,130
"Global Net-zero","Saskatchewan","Net Exports",2025,130
"Global Net-zero","Saskatchewan","Net Exports",2026,130
"Global Net-zero","Saskatchewan","Net Exports",2027,130
"Global Net-zero","Saskatchewan","Net Exports",2028,130
"Global Net-zero","Saskatchewan","Net Exports",2029,130
"Global Net-zero","Saskatchewan","Net Exports",2030,130
"Global Net-zero","Saskatchewan","Net Exports",2031,130
"Global Net-zero","Saskatchewan","Net Exports",2032,130
"Global Net-zero","Saskatchewan","Net Exports",2033,130
"Global Net-zero","Saskatchewan","Net Exports",2034,130
"Global Net-zero","Saskatchewan","Net Exports",2035,130
"Global Net-zero","Saskatchewan","Net Exports",2036,130
"Global Net-zero","Saskatchewan","Net Exports",2037,130
"Global Net-zero","Saskatchewan","Net Exports",2038,130
"Global Net-zero","Saskatchewan","Net Exports",2039,130
"Global Net-zero","Saskatchewan","Net Exports",2040,130
"Global Net-zero","Saskatchewan","Net Exports",2041,130
"Global Net-zero","Saskatchewan","Net Exports",2042,130
"Global Net-zero","Saskatchewan","Net Exports",2043,130
"Global Net-zero","Saskatchewan","Net Exports",2044,130
"Global Net-zero","Saskatchewan","Net Exports",2045,130
"Global Net-zero","Saskatchewan","Net Exports",2046,130
"Global Net-zero","Saskatchewan","Net Exports",2047,130
"Global Net-zero","Saskatchewan","Net Exports",2048,130
"Global Net-zero","Saskatchewan","Net Exports",2049,130
"Global Net-zero","Saskatchewan","Net Exports",2050,130
"Canada Net-zero","Alberta","Interprovincial Out-Flows",2005,1198.17
"Canada Net-zero","Alberta","Interprovincial Out-Flows",2006,793.81
"Canada Net-zero","Alberta","Interprovincial Out-Flows",2007,1218.13
"Canada Net-zero","Alberta","Interprovincial Out-Flows",2008,527.37
"Canada Net-zero","Alberta","Interprovincial Out-Flows",2009,602.3
"Canada Net-zero","Alberta","Interprovincial Out-Flows",2010,513.29
"Canada Net-zero","Alberta","Interprovincial Out-Flows",2011,268.44
"Canada Net-zero","Alberta","Interprovincial Out-Flows",2012,300.18
"Canada Net-zero","Alberta","Interprovincial Out-Flows",2013,558.46
"Canada Net-zero","Alberta","Interprovincial Out-Flows",2014,541.43
"Canada Net-zero","Alberta","Interprovincial Out-Flows",2015,736.54
"Canada Net-zero","Alberta","Interprovincial Out-Flows",2016,35.6611
"Canada Net-zero","Alberta","Interprovincial Out-Flows",2017,128.6208
"Canada Net-zero","Alberta","Interprovincial Out-Flows",2018,599.178
"Canada Net-zero","Alberta","Interprovincial Out-Flows",2019,285.576
"Canada Net-zero","Alberta","Interprovincial Out-Flows",2020,938.171
"Canada Net-zero","Alberta","Interprovincial Out-Flows",2021,1495.529
"Canada Net-zero","Alberta","Interprovincial Out-Flows",2022,3593.54934809366
"Canada Net-zero","Alberta","Interprovincial Out-Flows",2023,5482.90671310674
"Canada Net-zero","Alberta","Interprovincial Out-Flows",2024,5662.33394304651
"Canada Net-zero","Alberta","Interprovincial Out-Flows",2025,5974.5606305082
"Canada Net-zero","Alberta","Interprovincial Out-Flows",2026,6257.01945375782
"Canada Net-zero","Alberta","Interprovincial Out-Flows",2027,6196.41839580072
"Canada Net-zero","Alberta","Interprovincial Out-Flows",2028,7132.82705354948
"Canada Net-zero","Alberta","Interprovincial Out-Flows",2029,7341.63559223596
"Canada Net-zero","Alberta","Interprovincial Out-Flows",2030,7550.56930450358
"Canada Net-zero","Alberta","Interprovincial Out-Flows",2031,6946.01532083764
"Canada Net-zero","Alberta","Interprovincial Out-Flows",2032,6793.95804152215
"Canada Net-zero","Alberta","Interprovincial Out-Flows",2033,6292.37351529157
"Canada Net-zero","Alberta","Interprovincial Out-Flows",2034,5682.76871319328
"Canada Net-zero","Alberta","Interprovincial Out-Flows",2035,13579.4232375159
"Canada Net-zero","Alberta","Interprovincial Out-Flows",2036,13594.1103040473
"Canada Net-zero","Alberta","Interprovincial Out-Flows",2037,13887.9287442637
"Canada Net-zero","Alberta","Interprovincial Out-Flows",2038,14218.8204065417
"Canada Net-zero","Alberta","Interprovincial Out-Flows",2039,14702.4901317417
"Canada Net-zero","Alberta","Interprovincial Out-Flows",2040,15005.4730790477
"Canada Net-zero","Alberta","Interprovincial Out-Flows",2041,14943.6896016361
"Canada Net-zero","Alberta","Interprovincial Out-Flows",2042,14733.181553061
"Canada Net-zero","Alberta","Interprovincial Out-Flows",2043,14382.5274591988
"Canada Net-zero","Alberta","Interprovincial Out-Flows",2044,14299.1731439424
"Canada Net-zero","Alberta","Interprovincial Out-Flows",2045,13912.760143573
"Canada Net-zero","Alberta","Interprovincial Out-Flows",2046,13903.2981850925
"Canada Net-zero","Alberta","Interprovincial Out-Flows",2047,13867.1311409519
"Canada Net-zero","Alberta","Interprovincial Out-Flows",2048,13840.5920221172
"Canada Net-zero","Alberta","Interprovincial Out-Flows",2049,13789.4542022735
"Canada Net-zero","Alberta","Interprovincial Out-Flows",2050,13779.1317723889
"Canada Net-zero","British Columbia","Interprovincial Out-Flows",2005,988.77
"Canada Net-zero","British Columbia","Interprovincial Out-Flows",2006,1051.34
"Canada Net-zero","British Columbia","Interprovincial Out-Flows",2007,1119.09
"Canada Net-zero","British Columbia","Interprovincial Out-Flows",2008,1524.78
"Canada Net-zero","British Columbia","Interprovincial Out-Flows",2009,1452.06
"Canada Net-zero","British Columbia","Interprovincial Out-Flows",2010,1895.39
"Canada Net-zero","British Columbia","Interprovincial Out-Flows",2011,5597.8
"Canada Net-zero","British Columbia","Interprovincial Out-Flows",2012,5863.52
"Canada Net-zero","British Columbia","Interprovincial Out-Flows",2013,3706.6
"Canada Net-zero","British Columbia","Interprovincial Out-Flows",2014,1310.55
"Canada Net-zero","British Columbia","Interprovincial Out-Flows",2015,937.527
"Canada Net-zero","British Columbia","Interprovincial Out-Flows",2016,1314
"Canada Net-zero","British Columbia","Interprovincial Out-Flows",2017,1314
"Canada Net-zero","British Columbia","Interprovincial Out-Flows",2018,1920.331
"Canada Net-zero","British Columbia","Interprovincial Out-Flows",2019,932.8213
"Canada Net-zero","British Columbia","Interprovincial Out-Flows",2020,5111.252
"Canada Net-zero","British Columbia","Interprovincial Out-Flows",2021,4659.637
"Canada Net-zero","British Columbia","Interprovincial Out-Flows",2022,2426.22077956245
"Canada Net-zero","British Columbia","Interprovincial Out-Flows",2023,1089.81272524129
"Canada Net-zero","British Columbia","Interprovincial Out-Flows",2024,761.692608490087
"Canada Net-zero","British Columbia","Interprovincial Out-Flows",2025,871.684139900871
"Canada Net-zero","British Columbia","Interprovincial Out-Flows",2026,658.488640538959
"Canada Net-zero","British Columbia","Interprovincial Out-Flows",2027,562.880616461178
"Canada Net-zero","British Columbia","Interprovincial Out-Flows",2028,329.915603087549
"Canada Net-zero","British Columbia","Interprovincial Out-Flows",2029,186.963082483519
"Canada Net-zero","British Columbia","Interprovincial Out-Flows",2030,165.194627416159
"Canada Net-zero","British Columbia","Interprovincial Out-Flows",2031,481.410706353283
"Canada Net-zero","British Columbia","Interprovincial Out-Flows",2032,780.871092609128
"Canada Net-zero","British Columbia","Interprovincial Out-Flows",2033,1371.22198023094
"Canada Net-zero","British Columbia","Interprovincial Out-Flows",2034,1729.45418401206
"Canada Net-zero","British Columbia","Interprovincial Out-Flows",2035,3293.75534622788
"Canada Net-zero","British Columbia","Interprovincial Out-Flows",2036,3439.57932460861
"Canada Net-zero","British Columbia","Interprovincial Out-Flows",2037,3337.07896802502
"Canada Net-zero","British Columbia","Interprovincial Out-Flows",2038,3289.01390801831
"Canada Net-zero","British Columbia","Interprovincial Out-Flows",2039,3254.24650283547
"Canada Net-zero","British Columbia","Interprovincial Out-Flows",2040,3213.99932590003
"Canada Net-zero","British Columbia","Interprovincial Out-Flows",2041,3472.79692483266
"Canada Net-zero","British Columbia","Interprovincial Out-Flows",2042,3669.84741770923
"Canada Net-zero","British Columbia","Interprovincial Out-Flows",2043,3868.83642391237
"Canada Net-zero","British Columbia","Interprovincial Out-Flows",2044,4034.62281648028
"Canada Net-zero","British Columbia","Interprovincial Out-Flows",2045,4429.97274104196
"Canada Net-zero","British Columbia","Interprovincial Out-Flows",2046,4484.81118034875
"Canada Net-zero","British Columbia","Interprovincial Out-Flows",2047,4506.32418983767
"Canada Net-zero","British Columbia","Interprovincial Out-Flows",2048,4541.09636082061
"Canada Net-zero","British Columbia","Interprovincial Out-Flows",2049,4621.35885018902
"Canada Net-zero","British Columbia","Interprovincial Out-Flows",2050,4693.2817022166
"Canada Net-zero","Canada","Interprovincial Out-Flows",2005,47303.41
"Canada Net-zero","Canada","Interprovincial Out-Flows",2006,47108.52
"Canada Net-zero","Canada","Interprovincial Out-Flows",2007,46159.51
"Canada Net-zero","Canada","Interprovincial Out-Flows",2008,47999.03
"Canada Net-zero","Canada","Interprovincial Out-Flows",2009,45290.33
"Canada Net-zero","Canada","Interprovincial Out-Flows",2010,52315.42
"Canada Net-zero","Canada","Interprovincial Out-Flows",2011,54500.64
"Canada Net-zero","Canada","Interprovincial Out-Flows",2012,54647.71
"Canada Net-zero","Canada","Interprovincial Out-Flows",2013,57773.96
"Canada Net-zero","Canada","Interprovincial Out-Flows",2014,43214.46
"Canada Net-zero","Canada","Interprovincial Out-Flows",2015,50026.326
"Canada Net-zero","Canada","Interprovincial Out-Flows",2016,42431.27
"Canada Net-zero","Canada","Interprovincial Out-Flows",2017,40998.67
"Canada Net-zero","Canada","Interprovincial Out-Flows",2018,51893.62
"Canada Net-zero","Canada","Interprovincial Out-Flows",2019,52128.77
"Canada Net-zero","Canada","Interprovincial Out-Flows",2020,50451.3359999999
"Canada Net-zero","Canada","Interprovincial Out-Flows",2021,57163.254
"Canada Net-zero","Canada","Interprovincial Out-Flows",2022,65158.0372328659
"Canada Net-zero","Canada","Interprovincial Out-Flows",2023,63186.1443604093
"Canada Net-zero","Canada","Interprovincial Out-Flows",2024,64336.7329365431
"Canada Net-zero","Canada","Interprovincial Out-Flows",2025,63925.4391962601
"Canada Net-zero","Canada","Interprovincial Out-Flows",2026,63395.6765644896
"Canada Net-zero","Canada","Interprovincial Out-Flows",2027,64331.5334913964
"Canada Net-zero","Canada","Interprovincial Out-Flows",2028,68277.4331117119
"Canada Net-zero","Canada","Interprovincial Out-Flows",2029,69839.7134477556
"Canada Net-zero","Canada","Interprovincial Out-Flows",2030,71145.7885251117
"Canada Net-zero","Canada","Interprovincial Out-Flows",2031,69921.1330244939
"Canada Net-zero","Canada","Interprovincial Out-Flows",2032,70294.4418313386
"Canada Net-zero","Canada","Interprovincial Out-Flows",2033,71118.0551653461
"Canada Net-zero","Canada","Interprovincial Out-Flows",2034,71442.4699293947
"Canada Net-zero","Canada","Interprovincial Out-Flows",2035,108253.786243575
"Canada Net-zero","Canada","Interprovincial Out-Flows",2036,107490.924806476
"Canada Net-zero","Canada","Interprovincial Out-Flows",2037,107121.220247153
"Canada Net-zero","Canada","Interprovincial Out-Flows",2038,106889.037000204
"Canada Net-zero","Canada","Interprovincial Out-Flows",2039,106881.895764426
"Canada Net-zero","Canada","Interprovincial Out-Flows",2040,106321.201212863
"Canada Net-zero","Canada","Interprovincial Out-Flows",2041,105595.432790781
"Canada Net-zero","Canada","Interprovincial Out-Flows",2042,106950.744996438
"Canada Net-zero","Canada","Interprovincial Out-Flows",2043,106495.457398187
"Canada Net-zero","Canada","Interprovincial Out-Flows",2044,104050.140464338
"Canada Net-zero","Canada","Interprovincial Out-Flows",2045,103425.980993876
"Canada Net-zero","Canada","Interprovincial Out-Flows",2046,102717.385418744
"Canada Net-zero","Canada","Interprovincial Out-Flows",2047,102025.953696832
"Canada Net-zero","Canada","Interprovincial Out-Flows",2048,101396.339023131
"Canada Net-zero","Canada","Interprovincial Out-Flows",2049,100954.683991298
"Canada Net-zero","Canada","Interprovincial Out-Flows",2050,100925.26278642
"Canada Net-zero","Manitoba","Interprovincial Out-Flows",2005,3300.92
"Canada Net-zero","Manitoba","Interprovincial Out-Flows",2006,2198.15
"Canada Net-zero","Manitoba","Interprovincial Out-Flows",2007,1782.19
"Canada Net-zero","Manitoba","Interprovincial Out-Flows",2008,745.55
"Canada Net-zero","Manitoba","Interprovincial Out-Flows",2009,392.07
"Canada Net-zero","Manitoba","Interprovincial Out-Flows",2010,651.24
"Canada Net-zero","Manitoba","Interprovincial Out-Flows",2011,933.1
"Canada Net-zero","Manitoba","Interprovincial Out-Flows",2012,883.85
"Canada Net-zero","Manitoba","Interprovincial Out-Flows",2013,784.26
"Canada Net-zero","Manitoba","Interprovincial Out-Flows",2014,929.07
"Canada Net-zero","Manitoba","Interprovincial Out-Flows",2015,857.924
"Canada Net-zero","Manitoba","Interprovincial Out-Flows",2016,1228.987
"Canada Net-zero","Manitoba","Interprovincial Out-Flows",2017,1318.747
"Canada Net-zero","Manitoba","Interprovincial Out-Flows",2018,791.508
"Canada Net-zero","Manitoba","Interprovincial Out-Flows",2019,562.9534
"Canada Net-zero","Manitoba","Interprovincial Out-Flows",2020,1154.819
"Canada Net-zero","Manitoba","Interprovincial Out-Flows",2021,1326.701
"Canada Net-zero","Manitoba","Interprovincial Out-Flows",2022,3217.41096544722
"Canada Net-zero","Manitoba","Interprovincial Out-Flows",2023,3243.01679267264
"Canada Net-zero","Manitoba","Interprovincial Out-Flows",2024,3052.70644173601
"Canada Net-zero","Manitoba","Interprovincial Out-Flows",2025,3081.86886745591
"Canada Net-zero","Manitoba","Interprovincial Out-Flows",2026,3279.83149387897
"Canada Net-zero","Manitoba","Interprovincial Out-Flows",2027,3364.97502088533
"Canada Net-zero","Manitoba","Interprovincial Out-Flows",2028,3487.56699644708
"Canada Net-zero","Manitoba","Interprovincial Out-Flows",2029,3493.41239861478
"Canada Net-zero","Manitoba","Interprovincial Out-Flows",2030,3679.72769046434
"Canada Net-zero","Manitoba","Interprovincial Out-Flows",2031,3602.69242863591
"Canada Net-zero","Manitoba","Interprovincial Out-Flows",2032,3589.19790353145
"Canada Net-zero","Manitoba","Interprovincial Out-Flows",2033,3524.22163853698
"Canada Net-zero","Manitoba","Interprovincial Out-Flows",2034,3433.77174711962
"Canada Net-zero","Manitoba","Interprovincial Out-Flows",2035,11614.6534535579
"Canada Net-zero","Manitoba","Interprovincial Out-Flows",2036,11539.0144426473
"Canada Net-zero","Manitoba","Interprovincial Out-Flows",2037,11564.291489448
"Canada Net-zero","Manitoba","Interprovincial Out-Flows",2038,11615.8684515296
"Canada Net-zero","Manitoba","Interprovincial Out-Flows",2039,11665.6546315356
"Canada Net-zero","Manitoba","Interprovincial Out-Flows",2040,11493.7857267702
"Canada Net-zero","Manitoba","Interprovincial Out-Flows",2041,11566.3274612953
"Canada Net-zero","Manitoba","Interprovincial Out-Flows",2042,11446.4609182628
"Canada Net-zero","Manitoba","Interprovincial Out-Flows",2043,11326.8891677657
"Canada Net-zero","Manitoba","Interprovincial Out-Flows",2044,11235.1262041519
"Canada Net-zero","Manitoba","Interprovincial Out-Flows",2045,11197.9031654298
"Canada Net-zero","Manitoba","Interprovincial Out-Flows",2046,10969.1977334665
"Canada Net-zero","Manitoba","Interprovincial Out-Flows",2047,10663.2909978847
"Canada Net-zero","Manitoba","Interprovincial Out-Flows",2048,10349.1291212077
"Canada Net-zero","Manitoba","Interprovincial Out-Flows",2049,10080.6569529069
"Canada Net-zero","Manitoba","Interprovincial Out-Flows",2050,9820.69304523434
"Canada Net-zero","New Brunswick","Interprovincial Out-Flows",2005,2360.93
"Canada Net-zero","New Brunswick","Interprovincial Out-Flows",2006,2003.69
"Canada Net-zero","New Brunswick","Interprovincial Out-Flows",2007,1556.76
"Canada Net-zero","New Brunswick","Interprovincial Out-Flows",2008,1418.45
"Canada Net-zero","New Brunswick","Interprovincial Out-Flows",2009,1336.9
"Canada Net-zero","New Brunswick","Interprovincial Out-Flows",2010,1468.83
"Canada Net-zero","New Brunswick","Interprovincial Out-Flows",2011,1535.91
"Canada Net-zero","New Brunswick","Interprovincial Out-Flows",2012,1708.72
"Canada Net-zero","New Brunswick","Interprovincial Out-Flows",2013,2401.74
"Canada Net-zero","New Brunswick","Interprovincial Out-Flows",2014,1115.43
"Canada Net-zero","New Brunswick","Interprovincial Out-Flows",2015,1700.689
"Canada Net-zero","New Brunswick","Interprovincial Out-Flows",2016,1995.882
"Canada Net-zero","New Brunswick","Interprovincial Out-Flows",2017,2067.679
"Canada Net-zero","New Brunswick","Interprovincial Out-Flows",2018,1616.125
"Canada Net-zero","New Brunswick","Interprovincial Out-Flows",2019,2691.272
"Canada Net-zero","New Brunswick","Interprovincial Out-Flows",2020,1857.134
"Canada Net-zero","New Brunswick","Interprovincial Out-Flows",2021,2062.863
"Canada Net-zero","New Brunswick","Interprovincial Out-Flows",2022,1095.79900130617
"Canada Net-zero","New Brunswick","Interprovincial Out-Flows",2023,1153.84224331049
"Canada Net-zero","New Brunswick","Interprovincial Out-Flows",2024,1328.5583407478
"Canada Net-zero","New Brunswick","Interprovincial Out-Flows",2025,1710.47679052263
"Canada Net-zero","New Brunswick","Interprovincial Out-Flows",2026,992.992400131485
"Canada Net-zero","New Brunswick","Interprovincial Out-Flows",2027,802.887247814288
"Canada Net-zero","New Brunswick","Interprovincial Out-Flows",2028,789.99306860319
"Canada Net-zero","New Brunswick","Interprovincial Out-Flows",2029,798.8236643239
"Canada Net-zero","New Brunswick","Interprovincial Out-Flows",2030,815.414537535979
"Canada Net-zero","New Brunswick","Interprovincial Out-Flows",2031,860.513944030447
"Canada Net-zero","New Brunswick","Interprovincial Out-Flows",2032,907.21202412246
"Canada Net-zero","New Brunswick","Interprovincial Out-Flows",2033,958.027744788691
"Canada Net-zero","New Brunswick","Interprovincial Out-Flows",2034,998.659823931354
"Canada Net-zero","New Brunswick","Interprovincial Out-Flows",2035,679.77103909383
"Canada Net-zero","New Brunswick","Interprovincial Out-Flows",2036,624.878624366589
"Canada Net-zero","New Brunswick","Interprovincial Out-Flows",2037,591.213776577946
"Canada Net-zero","New Brunswick","Interprovincial Out-Flows",2038,567.771525266063
"Canada Net-zero","New Brunswick","Interprovincial Out-Flows",2039,525.329219141647
"Canada Net-zero","New Brunswick","Interprovincial Out-Flows",2040,518.200722169056
"Canada Net-zero","New Brunswick","Interprovincial Out-Flows",2041,590.846202636582
"Canada Net-zero","New Brunswick","Interprovincial Out-Flows",2042,415.972599391574
"Canada Net-zero","New Brunswick","Interprovincial Out-Flows",2043,422.997890271795
"Canada Net-zero","New Brunswick","Interprovincial Out-Flows",2044,537.540658760511
"Canada Net-zero","New Brunswick","Interprovincial Out-Flows",2045,542.781688812219
"Canada Net-zero","New Brunswick","Interprovincial Out-Flows",2046,575.93410349173
"Canada Net-zero","New Brunswick","Interprovincial Out-Flows",2047,606.713187090718
"Canada Net-zero","New Brunswick","Interprovincial Out-Flows",2048,639.246220344452
"Canada Net-zero","New Brunswick","Interprovincial Out-Flows",2049,699.874737657026
"Canada Net-zero","New Brunswick","Interprovincial Out-Flows",2050,659.096232976086
"Canada Net-zero","Newfoundland and Labrador","Interprovincial Out-Flows",2005,30204.72
"Canada Net-zero","Newfoundland and Labrador","Interprovincial Out-Flows",2006,31347.58
"Canada Net-zero","Newfoundland and Labrador","Interprovincial Out-Flows",2007,30094.86
"Canada Net-zero","Newfoundland and Labrador","Interprovincial Out-Flows",2008,31430.6
"Canada Net-zero","Newfoundland and Labrador","Interprovincial Out-Flows",2009,27432.36
"Canada Net-zero","Newfoundland and Labrador","Interprovincial Out-Flows",2010,30401
"Canada Net-zero","Newfoundland and Labrador","Interprovincial Out-Flows",2011,30208.28
"Canada Net-zero","Newfoundland and Labrador","Interprovincial Out-Flows",2012,32320.68
"Canada Net-zero","Newfoundland and Labrador","Interprovincial Out-Flows",2013,31255.77
"Canada Net-zero","Newfoundland and Labrador","Interprovincial Out-Flows",2014,27615.74
"Canada Net-zero","Newfoundland and Labrador","Interprovincial Out-Flows",2015,30303.106
"Canada Net-zero","Newfoundland and Labrador","Interprovincial Out-Flows",2016,28718.37
"Canada Net-zero","Newfoundland and Labrador","Interprovincial Out-Flows",2017,26464.87
"Canada Net-zero","Newfoundland and Labrador","Interprovincial Out-Flows",2018,32423.44
"Canada Net-zero","Newfoundland and Labrador","Interprovincial Out-Flows",2019,36041.95
"Canada Net-zero","Newfoundland and Labrador","Interprovincial Out-Flows",2020,27972.815
"Canada Net-zero","Newfoundland and Labrador","Interprovincial Out-Flows",2021,31146.161
"Canada Net-zero","Newfoundland and Labrador","Interprovincial Out-Flows",2022,31957.6186689751
"Canada Net-zero","Newfoundland and Labrador","Interprovincial Out-Flows",2023,31802.6884241882
"Canada Net-zero","Newfoundland and Labrador","Interprovincial Out-Flows",2024,31622.102298327
"Canada Net-zero","Newfoundland and Labrador","Interprovincial Out-Flows",2025,31084.4673165373
"Canada Net-zero","Newfoundland and Labrador","Interprovincial Out-Flows",2026,31038.0778820548
"Canada Net-zero","Newfoundland and Labrador","Interprovincial Out-Flows",2027,30943.2212922439
"Canada Net-zero","Newfoundland and Labrador","Interprovincial Out-Flows",2028,30928.1315522755
"Canada Net-zero","Newfoundland and Labrador","Interprovincial Out-Flows",2029,30751.1739867398
"Canada Net-zero","Newfoundland and Labrador","Interprovincial Out-Flows",2030,30540.6452793727
"Canada Net-zero","Newfoundland and Labrador","Interprovincial Out-Flows",2031,30546.1691670895
"Canada Net-zero","Newfoundland and Labrador","Interprovincial Out-Flows",2032,30793.5185280871
"Canada Net-zero","Newfoundland and Labrador","Interprovincial Out-Flows",2033,31265.2127137071
"Canada Net-zero","Newfoundland and Labrador","Interprovincial Out-Flows",2034,31620.514856934
"Canada Net-zero","Newfoundland and Labrador","Interprovincial Out-Flows",2035,31938.1292150088
"Canada Net-zero","Newfoundland and Labrador","Interprovincial Out-Flows",2036,31637.0200166122
"Canada Net-zero","Newfoundland and Labrador","Interprovincial Out-Flows",2037,31415.5201608919
"Canada Net-zero","Newfoundland and Labrador","Interprovincial Out-Flows",2038,31153.1925362178
"Canada Net-zero","Newfoundland and Labrador","Interprovincial Out-Flows",2039,30851.1686106335
"Canada Net-zero","Newfoundland and Labrador","Interprovincial Out-Flows",2040,30622.4346931954
"Canada Net-zero","Newfoundland and Labrador","Interprovincial Out-Flows",2041,30443.2816532299
"Canada Net-zero","Newfoundland and Labrador","Interprovincial Out-Flows",2042,29880.1887306102
"Canada Net-zero","Newfoundland and Labrador","Interprovincial Out-Flows",2043,29588.0373288678
"Canada Net-zero","Newfoundland and Labrador","Interprovincial Out-Flows",2044,29454.6519681942
"Canada Net-zero","Newfoundland and Labrador","Interprovincial Out-Flows",2045,29149.457175997
"Canada Net-zero","Newfoundland and Labrador","Interprovincial Out-Flows",2046,28926.9412592073
"Canada Net-zero","Newfoundland and Labrador","Interprovincial Out-Flows",2047,28690.0900583771
"Canada Net-zero","Newfoundland and Labrador","Interprovincial Out-Flows",2048,28531.3600507059
"Canada Net-zero","Newfoundland and Labrador","Interprovincial Out-Flows",2049,28393.1439405471
"Canada Net-zero","Newfoundland and Labrador","Interprovincial Out-Flows",2050,28293.4160322502
"Canada Net-zero","Nova Scotia","Interprovincial Out-Flows",2005,32.68
"Canada Net-zero","Nova Scotia","Interprovincial Out-Flows",2006,118.68
"Canada Net-zero","Nova Scotia","Interprovincial Out-Flows",2007,27.3
"Canada Net-zero","Nova Scotia","Interprovincial Out-Flows",2008,10.86
"Canada Net-zero","Nova Scotia","Interprovincial Out-Flows",2009,10.24
"Canada Net-zero","Nova Scotia","Interprovincial Out-Flows",2010,1.21
"Canada Net-zero","Nova Scotia","Interprovincial Out-Flows",2011,4.04
"Canada Net-zero","Nova Scotia","Interprovincial Out-Flows",2012,33.9
"Canada Net-zero","Nova Scotia","Interprovincial Out-Flows",2013,10.52
"Canada Net-zero","Nova Scotia","Interprovincial Out-Flows",2014,9.67
"Canada Net-zero","Nova Scotia","Interprovincial Out-Flows",2015,35.349
"Canada Net-zero","Nova Scotia","Interprovincial Out-Flows",2016,18.9302
"Canada Net-zero","Nova Scotia","Interprovincial Out-Flows",2017,12.6202
"Canada Net-zero","Nova Scotia","Interprovincial Out-Flows",2018,88.518
"Canada Net-zero","Nova Scotia","Interprovincial Out-Flows",2019,35.04
"Canada Net-zero","Nova Scotia","Interprovincial Out-Flows",2020,36.248
"Canada Net-zero","Nova Scotia","Interprovincial Out-Flows",2021,0.075
"Canada Net-zero","Nova Scotia","Interprovincial Out-Flows",2022,1456.79914524676
"Canada Net-zero","Nova Scotia","Interprovincial Out-Flows",2023,1426.44193640163
"Canada Net-zero","Nova Scotia","Interprovincial Out-Flows",2024,1284.58583977822
"Canada Net-zero","Nova Scotia","Interprovincial Out-Flows",2025,438.250821732209
"Canada Net-zero","Nova Scotia","Interprovincial Out-Flows",2026,1149.58307646151
"Canada Net-zero","Nova Scotia","Interprovincial Out-Flows",2027,2618.16022697032
"Canada Net-zero","Nova Scotia","Interprovincial Out-Flows",2028,3364.18037937313
"Canada Net-zero","Nova Scotia","Interprovincial Out-Flows",2029,3722.45984991686
"Canada Net-zero","Nova Scotia","Interprovincial Out-Flows",2030,3531.98483494958
"Canada Net-zero","Nova Scotia","Interprovincial Out-Flows",2031,4147.09832489162
"Canada Net-zero","Nova Scotia","Interprovincial Out-Flows",2032,4702.48136787293
"Canada Net-zero","Nova Scotia","Interprovincial Out-Flows",2033,5294.71443458388
"Canada Net-zero","Nova Scotia","Interprovincial Out-Flows",2034,5722.69946426381
"Canada Net-zero","Nova Scotia","Interprovincial Out-Flows",2035,6030.41133481498
"Canada Net-zero","Nova Scotia","Interprovincial Out-Flows",2036,5841.04612060489
"Canada Net-zero","Nova Scotia","Interprovincial Out-Flows",2037,5676.03901891648
"Canada Net-zero","Nova Scotia","Interprovincial Out-Flows",2038,5497.75522435825
"Canada Net-zero","Nova Scotia","Interprovincial Out-Flows",2039,5307.30943755608
"Canada Net-zero","Nova Scotia","Interprovincial Out-Flows",2040,5173.20956244593
"Canada Net-zero","Nova Scotia","Interprovincial Out-Flows",2041,4986.53064122855
"Canada Net-zero","Nova Scotia","Interprovincial Out-Flows",2042,5001.26468615712
"Canada Net-zero","Nova Scotia","Interprovincial Out-Flows",2043,4856.26290730904
"Canada Net-zero","Nova Scotia","Interprovincial Out-Flows",2044,4555.21138908532
"Canada Net-zero","Nova Scotia","Interprovincial Out-Flows",2045,4414.64408606413
"Canada Net-zero","Nova Scotia","Interprovincial Out-Flows",2046,4349.78429514551
"Canada Net-zero","Nova Scotia","Interprovincial Out-Flows",2047,4282.0296941321
"Canada Net-zero","Nova Scotia","Interprovincial Out-Flows",2048,4212.2225273502
"Canada Net-zero","Nova Scotia","Interprovincial Out-Flows",2049,4153.74140775113
"Canada Net-zero","Nova Scotia","Interprovincial Out-Flows",2050,3968.95250321465
"Canada Net-zero","Ontario","Interprovincial Out-Flows",2005,5567
"Canada Net-zero","Ontario","Interprovincial Out-Flows",2006,5296
"Canada Net-zero","Ontario","Interprovincial Out-Flows",2007,5475
"Canada Net-zero","Ontario","Interprovincial Out-Flows",2008,4583
"Canada Net-zero","Ontario","Interprovincial Out-Flows",2009,6157
"Canada Net-zero","Ontario","Interprovincial Out-Flows",2010,10536
"Canada Net-zero","Ontario","Interprovincial Out-Flows",2011,8919
"Canada Net-zero","Ontario","Interprovincial Out-Flows",2012,4041
"Canada Net-zero","Ontario","Interprovincial Out-Flows",2013,10958
"Canada Net-zero","Ontario","Interprovincial Out-Flows",2014,6528.38
"Canada Net-zero","Ontario","Interprovincial Out-Flows",2015,3641
"Canada Net-zero","Ontario","Interprovincial Out-Flows",2016,5166.414
"Canada Net-zero","Ontario","Interprovincial Out-Flows",2017,5604.96
"Canada Net-zero","Ontario","Interprovincial Out-Flows",2018,3179.907
"Canada Net-zero","Ontario","Interprovincial Out-Flows",2019,4380
"Canada Net-zero","Ontario","Interprovincial Out-Flows",2020,3063.765
"Canada Net-zero","Ontario","Interprovincial Out-Flows",2021,2922.559
"Canada Net-zero","Ontario","Interprovincial Out-Flows",2022,13681.0386017108
"Canada Net-zero","Ontario","Interprovincial Out-Flows",2023,12165.4425677563
"Canada Net-zero","Ontario","Interprovincial Out-Flows",2024,12649.067952731
"Canada Net-zero","Ontario","Interprovincial Out-Flows",2025,6116.48044406536
"Canada Net-zero","Ontario","Interprovincial Out-Flows",2026,3609.73037056764
"Canada Net-zero","Ontario","Interprovincial Out-Flows",2027,2894.51853566652
"Canada Net-zero","Ontario","Interprovincial Out-Flows",2028,2540.57295061693
"Canada Net-zero","Ontario","Interprovincial Out-Flows",2029,2745.43024324452
"Canada Net-zero","Ontario","Interprovincial Out-Flows",2030,3006.93238994836
"Canada Net-zero","Ontario","Interprovincial Out-Flows",2031,3170.70036264596
"Canada Net-zero","Ontario","Interprovincial Out-Flows",2032,3034.07102449566
"Canada Net-zero","Ontario","Interprovincial Out-Flows",2033,3107.19658884783
"Canada Net-zero","Ontario","Interprovincial Out-Flows",2034,3152.53789573043
"Canada Net-zero","Ontario","Interprovincial Out-Flows",2035,9907.72753034024
"Canada Net-zero","Ontario","Interprovincial Out-Flows",2036,9766.10456977209
"Canada Net-zero","Ontario","Interprovincial Out-Flows",2037,9534.11826191854
"Canada Net-zero","Ontario","Interprovincial Out-Flows",2038,9380.23867032762
"Canada Net-zero","Ontario","Interprovincial Out-Flows",2039,9414.25222976829
"Canada Net-zero","Ontario","Interprovincial Out-Flows",2040,9394.50443771025
"Canada Net-zero","Ontario","Interprovincial Out-Flows",2041,9820.30188267346
"Canada Net-zero","Ontario","Interprovincial Out-Flows",2042,11738.2940531664
"Canada Net-zero","Ontario","Interprovincial Out-Flows",2043,12711.5412400985
"Canada Net-zero","Ontario","Interprovincial Out-Flows",2044,12649.0413583156
"Canada Net-zero","Ontario","Interprovincial Out-Flows",2045,13491.8739149256
"Canada Net-zero","Ontario","Interprovincial Out-Flows",2046,14320.8271465263
"Canada Net-zero","Ontario","Interprovincial Out-Flows",2047,15192.2986492504
"Canada Net-zero","Ontario","Interprovincial Out-Flows",2048,15885.412702759
"Canada Net-zero","Ontario","Interprovincial Out-Flows",2049,16585.9526736078
"Canada Net-zero","Ontario","Interprovincial Out-Flows",2050,17483.2092330719
"Canada Net-zero","Prince Edward Island","Interprovincial Out-Flows",2005,0
"Canada Net-zero","Prince Edward Island","Interprovincial Out-Flows",2006,0
"Canada Net-zero","Prince Edward Island","Interprovincial Out-Flows",2007,0
"Canada Net-zero","Prince Edward Island","Interprovincial Out-Flows",2008,0.41
"Canada Net-zero","Prince Edward Island","Interprovincial Out-Flows",2009,161.44
"Canada Net-zero","Prince Edward Island","Interprovincial Out-Flows",2010,249.93
"Canada Net-zero","Prince Edward Island","Interprovincial Out-Flows",2011,269.22
"Canada Net-zero","Prince Edward Island","Interprovincial Out-Flows",2012,258.14
"Canada Net-zero","Prince Edward Island","Interprovincial Out-Flows",2013,277.41
"Canada Net-zero","Prince Edward Island","Interprovincial Out-Flows",2014,0
"Canada Net-zero","Prince Edward Island","Interprovincial Out-Flows",2015,321.298
"Canada Net-zero","Prince Edward Island","Interprovincial Out-Flows",2016,0
"Canada Net-zero","Prince Edward Island","Interprovincial Out-Flows",2017,0
"Canada Net-zero","Prince Edward Island","Interprovincial Out-Flows",2018,310.648
"Canada Net-zero","Prince Edward Island","Interprovincial Out-Flows",2019,0
"Canada Net-zero","Prince Edward Island","Interprovincial Out-Flows",2020,0
"Canada Net-zero","Prince Edward Island","Interprovincial Out-Flows",2021,0
"Canada Net-zero","Prince Edward Island","Interprovincial Out-Flows",2022,47.3975923824742
"Canada Net-zero","Prince Edward Island","Interprovincial Out-Flows",2023,44.5167093525773
"Canada Net-zero","Prince Edward Island","Interprovincial Out-Flows",2024,41.1359321618556
"Canada Net-zero","Prince Edward Island","Interprovincial Out-Flows",2025,153.209341285566
"Canada Net-zero","Prince Edward Island","Interprovincial Out-Flows",2026,163.092360263917
"Canada Net-zero","Prince Edward Island","Interprovincial Out-Flows",2027,171.826066305154
"Canada Net-zero","Prince Edward Island","Interprovincial Out-Flows",2028,177.39006358969
"Canada Net-zero","Prince Edward Island","Interprovincial Out-Flows",2029,182.092160347422
"Canada Net-zero","Prince Edward Island","Interprovincial Out-Flows",2030,184.810084684536
"Canada Net-zero","Prince Edward Island","Interprovincial Out-Flows",2031,170.21285720608
"Canada Net-zero","Prince Edward Island","Interprovincial Out-Flows",2032,154.350747251546
"Canada Net-zero","Prince Edward Island","Interprovincial Out-Flows",2033,137.186521622902
"Canada Net-zero","Prince Edward Island","Interprovincial Out-Flows",2034,122.233290696946
"Canada Net-zero","Prince Edward Island","Interprovincial Out-Flows",2035,227.312563139391
"Canada Net-zero","Prince Edward Island","Interprovincial Out-Flows",2036,249.258151215659
"Canada Net-zero","Prince Edward Island","Interprovincial Out-Flows",2037,273.342887524547
"Canada Net-zero","Prince Edward Island","Interprovincial Out-Flows",2038,301.513699116136
"Canada Net-zero","Prince Edward Island","Interprovincial Out-Flows",2039,336.514561834354
"Canada Net-zero","Prince Edward Island","Interprovincial Out-Flows",2040,363.521129987365
"Canada Net-zero","Prince Edward Island","Interprovincial Out-Flows",2041,365.846382128128
"Canada Net-zero","Prince Edward Island","Interprovincial Out-Flows",2042,425.339247013036
"Canada Net-zero","Prince Edward Island","Interprovincial Out-Flows",2043,443.804963405558
"Canada Net-zero","Prince Edward Island","Interprovincial Out-Flows",2044,435.942381265307
"Canada Net-zero","Prince Edward Island","Interprovincial Out-Flows",2045,434.785995331489
"Canada Net-zero","Prince Edward Island","Interprovincial Out-Flows",2046,400.462736381947
"Canada Net-zero","Prince Edward Island","Interprovincial Out-Flows",2047,366.493947858563
"Canada Net-zero","Prince Edward Island","Interprovincial Out-Flows",2048,326.520252722228
"Canada Net-zero","Prince Edward Island","Interprovincial Out-Flows",2049,288.021517897659
"Canada Net-zero","Prince Edward Island","Interprovincial Out-Flows",2050,357.344495849577
"Canada Net-zero","Quebec","Interprovincial Out-Flows",2005,2881
"Canada Net-zero","Quebec","Interprovincial Out-Flows",2006,3116
"Canada Net-zero","Quebec","Interprovincial Out-Flows",2007,4046
"Canada Net-zero","Quebec","Interprovincial Out-Flows",2008,6975
"Canada Net-zero","Quebec","Interprovincial Out-Flows",2009,7249
"Canada Net-zero","Quebec","Interprovincial Out-Flows",2010,6004
"Canada Net-zero","Quebec","Interprovincial Out-Flows",2011,6046
"Canada Net-zero","Quebec","Interprovincial Out-Flows",2012,8492
"Canada Net-zero","Quebec","Interprovincial Out-Flows",2013,7122
"Canada Net-zero","Quebec","Interprovincial Out-Flows",2014,5101.87
"Canada Net-zero","Quebec","Interprovincial Out-Flows",2015,11373.662
"Canada Net-zero","Quebec","Interprovincial Out-Flows",2016,3935.167
"Canada Net-zero","Quebec","Interprovincial Out-Flows",2017,4081.908
"Canada Net-zero","Quebec","Interprovincial Out-Flows",2018,10608.509
"Canada Net-zero","Quebec","Interprovincial Out-Flows",2019,7199.166
"Canada Net-zero","Quebec","Interprovincial Out-Flows",2020,9944.782
"Canada Net-zero","Quebec","Interprovincial Out-Flows",2021,13275.062
"Canada Net-zero","Quebec","Interprovincial Out-Flows",2022,6742.17882300583
"Canada Net-zero","Quebec","Interprovincial Out-Flows",2023,6385.79981897787
"Canada Net-zero","Quebec","Interprovincial Out-Flows",2024,6735.22825148439
"Canada Net-zero","Quebec","Interprovincial Out-Flows",2025,13705.2144513729
"Canada Net-zero","Quebec","Interprovincial Out-Flows",2026,15453.1142108638
"Canada Net-zero","Quebec","Interprovincial Out-Flows",2027,15909.2771811401
"Canada Net-zero","Quebec","Interprovincial Out-Flows",2028,18859.8614196101
"Canada Net-zero","Quebec","Interprovincial Out-Flows",2029,19941.8230708617
"Canada Net-zero","Quebec","Interprovincial Out-Flows",2030,20976.9694318433
"Canada Net-zero","Quebec","Interprovincial Out-Flows",2031,19412.7297548631
"Canada Net-zero","Quebec","Interprovincial Out-Flows",2032,18973.4769694056
"Canada Net-zero","Quebec","Interprovincial Out-Flows",2033,18634.0540628341
"Canada Net-zero","Quebec","Interprovincial Out-Flows",2034,18277.0159111063
"Canada Net-zero","Quebec","Interprovincial Out-Flows",2035,25581.9617764635
"Canada Net-zero","Quebec","Interprovincial Out-Flows",2036,25432.8014869944
"Canada Net-zero","Quebec","Interprovincial Out-Flows",2037,25481.0148434044
"Canada Net-zero","Quebec","Interprovincial Out-Flows",2038,25433.2839998677
"Canada Net-zero","Quebec","Interprovincial Out-Flows",2039,25435.8052131719
"Canada Net-zero","Quebec","Interprovincial Out-Flows",2040,25316.818376023
"Canada Net-zero","Quebec","Interprovincial Out-Flows",2041,24167.9267462715
"Canada Net-zero","Quebec","Interprovincial Out-Flows",2042,24371.6011782719
"Canada Net-zero","Quebec","Interprovincial Out-Flows",2043,23561.1697701702
"Canada Net-zero","Quebec","Interprovincial Out-Flows",2044,21506.2986466729
"Canada Net-zero","Quebec","Interprovincial Out-Flows",2045,20422.5220705174
"Canada Net-zero","Quebec","Interprovincial Out-Flows",2046,19216.6561369929
"Canada Net-zero","Quebec","Interprovincial Out-Flows",2047,18209.7853027275
"Canada Net-zero","Quebec","Interprovincial Out-Flows",2048,17296.9890527175
"Canada Net-zero","Quebec","Interprovincial Out-Flows",2049,16474.1918464522
"Canada Net-zero","Quebec","Interprovincial Out-Flows",2050,15840.2593628898
"Canada Net-zero","Saskatchewan","Interprovincial Out-Flows",2005,769.21
"Canada Net-zero","Saskatchewan","Interprovincial Out-Flows",2006,1183.28
"Canada Net-zero","Saskatchewan","Interprovincial Out-Flows",2007,840.18
"Canada Net-zero","Saskatchewan","Interprovincial Out-Flows",2008,783.01
"Canada Net-zero","Saskatchewan","Interprovincial Out-Flows",2009,496.95
"Canada Net-zero","Saskatchewan","Interprovincial Out-Flows",2010,594.54
"Canada Net-zero","Saskatchewan","Interprovincial Out-Flows",2011,718.87
"Canada Net-zero","Saskatchewan","Interprovincial Out-Flows",2012,745.73
"Canada Net-zero","Saskatchewan","Interprovincial Out-Flows",2013,699.21
"Canada Net-zero","Saskatchewan","Interprovincial Out-Flows",2014,62.32
"Canada Net-zero","Saskatchewan","Interprovincial Out-Flows",2015,119.231
"Canada Net-zero","Saskatchewan","Interprovincial Out-Flows",2016,17.8646
"Canada Net-zero","Saskatchewan","Interprovincial Out-Flows",2017,5.2704
"Canada Net-zero","Saskatchewan","Interprovincial Out-Flows",2018,355.456
"Canada Net-zero","Saskatchewan","Interprovincial Out-Flows",2019,0
"Canada Net-zero","Saskatchewan","Interprovincial Out-Flows",2020,372.35
"Canada Net-zero","Saskatchewan","Interprovincial Out-Flows",2021,274.667
"Canada Net-zero","Saskatchewan","Interprovincial Out-Flows",2022,940.024307135298
"Canada Net-zero","Saskatchewan","Interprovincial Out-Flows",2023,391.676429401538
"Canada Net-zero","Saskatchewan","Interprovincial Out-Flows",2024,1199.32132804021
"Canada Net-zero","Saskatchewan","Interprovincial Out-Flows",2025,789.226392878982
"Canada Net-zero","Saskatchewan","Interprovincial Out-Flows",2026,793.746675970553
"Canada Net-zero","Saskatchewan","Interprovincial Out-Flows",2027,867.36890810885
"Canada Net-zero","Saskatchewan","Interprovincial Out-Flows",2028,666.99402455909
"Canada Net-zero","Saskatchewan","Interprovincial Out-Flows",2029,675.899398987012
"Canada Net-zero","Saskatchewan","Interprovincial Out-Flows",2030,693.540344393168
"Canada Net-zero","Saskatchewan","Interprovincial Out-Flows",2031,583.590157940234
"Canada Net-zero","Saskatchewan","Interprovincial Out-Flows",2032,565.30413244052
"Canada Net-zero","Saskatchewan","Interprovincial Out-Flows",2033,533.845964901969
"Canada Net-zero","Saskatchewan","Interprovincial Out-Flows",2034,702.814042406855
"Canada Net-zero","Saskatchewan","Interprovincial Out-Flows",2035,5400.64074741269
"Canada Net-zero","Saskatchewan","Interprovincial Out-Flows",2036,5367.11176560761
"Canada Net-zero","Saskatchewan","Interprovincial Out-Flows",2037,5360.67209618318
"Canada Net-zero","Saskatchewan","Interprovincial Out-Flows",2038,5431.5785789616
"Canada Net-zero","Saskatchewan","Interprovincial Out-Flows",2039,5389.12522620821
"Canada Net-zero","Saskatchewan","Interprovincial Out-Flows",2040,5219.25415961428
"Canada Net-zero","Saskatchewan","Interprovincial Out-Flows",2041,5237.88529484898
"Canada Net-zero","Saskatchewan","Interprovincial Out-Flows",2042,5268.59461279469
"Canada Net-zero","Saskatchewan","Interprovincial Out-Flows",2043,5333.39024718732
"Canada Net-zero","Saskatchewan","Interprovincial Out-Flows",2044,5342.53189746994
"Canada Net-zero","Saskatchewan","Interprovincial Out-Flows",2045,5429.28001218337
"Canada Net-zero","Saskatchewan","Interprovincial Out-Flows",2046,5569.47264209075
"Canada Net-zero","Saskatchewan","Interprovincial Out-Flows",2047,5641.79652872208
"Canada Net-zero","Saskatchewan","Interprovincial Out-Flows",2048,5773.77071238602
"Canada Net-zero","Saskatchewan","Interprovincial Out-Flows",2049,5868.28786201589
"Canada Net-zero","Saskatchewan","Interprovincial Out-Flows",2050,6029.87840632862
"Current Measures","Alberta","Interprovincial Out-Flows",2005,1198.17
"Current Measures","Alberta","Interprovincial Out-Flows",2006,793.81
"Current Measures","Alberta","Interprovincial Out-Flows",2007,1218.13
"Current Measures","Alberta","Interprovincial Out-Flows",2008,527.37
"Current Measures","Alberta","Interprovincial Out-Flows",2009,602.3
"Current Measures","Alberta","Interprovincial Out-Flows",2010,513.29
"Current Measures","Alberta","Interprovincial Out-Flows",2011,268.44
"Current Measures","Alberta","Interprovincial Out-Flows",2012,300.18
"Current Measures","Alberta","Interprovincial Out-Flows",2013,558.46
"Current Measures","Alberta","Interprovincial Out-Flows",2014,541.43
"Current Measures","Alberta","Interprovincial Out-Flows",2015,736.54
"Current Measures","Alberta","Interprovincial Out-Flows",2016,35.6611
"Current Measures","Alberta","Interprovincial Out-Flows",2017,128.6208
"Current Measures","Alberta","Interprovincial Out-Flows",2018,599.178
"Current Measures","Alberta","Interprovincial Out-Flows",2019,285.576
"Current Measures","Alberta","Interprovincial Out-Flows",2020,938.171
"Current Measures","Alberta","Interprovincial Out-Flows",2021,1495.529
"Current Measures","Alberta","Interprovincial Out-Flows",2022,3647.96263514331
"Current Measures","Alberta","Interprovincial Out-Flows",2023,5459.63268578682
"Current Measures","Alberta","Interprovincial Out-Flows",2024,5587.30730735849
"Current Measures","Alberta","Interprovincial Out-Flows",2025,5862.92398373498
"Current Measures","Alberta","Interprovincial Out-Flows",2026,6220.03690147672
"Current Measures","Alberta","Interprovincial Out-Flows",2027,6510.85827424789
"Current Measures","Alberta","Interprovincial Out-Flows",2028,7649.31906473369
"Current Measures","Alberta","Interprovincial Out-Flows",2029,8269.77533578136
"Current Measures","Alberta","Interprovincial Out-Flows",2030,8576.98987683915
"Current Measures","Alberta","Interprovincial Out-Flows",2031,8623.08470417284
"Current Measures","Alberta","Interprovincial Out-Flows",2032,8867.83628490497
"Current Measures","Alberta","Interprovincial Out-Flows",2033,9044.3816075476
"Current Measures","Alberta","Interprovincial Out-Flows",2034,9004.09819311537
"Current Measures","Alberta","Interprovincial Out-Flows",2035,8859.35950083716
"Current Measures","Alberta","Interprovincial Out-Flows",2036,8396.56483957976
"Current Measures","Alberta","Interprovincial Out-Flows",2037,8194.50285737001
"Current Measures","Alberta","Interprovincial Out-Flows",2038,8060.81899735197
"Current Measures","Alberta","Interprovincial Out-Flows",2039,7701.9469954896
"Current Measures","Alberta","Interprovincial Out-Flows",2040,7487.96283547283
"Current Measures","Alberta","Interprovincial Out-Flows",2041,7381.33874983075
"Current Measures","Alberta","Interprovincial Out-Flows",2042,7158.2425653766
"Current Measures","Alberta","Interprovincial Out-Flows",2043,6922.147162013
"Current Measures","Alberta","Interprovincial Out-Flows",2044,6773.23372228926
"Current Measures","Alberta","Interprovincial Out-Flows",2045,6544.81907352777
"Current Measures","Alberta","Interprovincial Out-Flows",2046,6581.35984870874
"Current Measures","Alberta","Interprovincial Out-Flows",2047,6635.64583718554
"Current Measures","Alberta","Interprovincial Out-Flows",2048,6643.25647662395
"Current Measures","Alberta","Interprovincial Out-Flows",2049,6667.09982925411
"Current Measures","Alberta","Interprovincial Out-Flows",2050,6480.84875006432
"Current Measures","British Columbia","Interprovincial Out-Flows",2005,988.77
"Current Measures","British Columbia","Interprovincial Out-Flows",2006,1051.34
"Current Measures","British Columbia","Interprovincial Out-Flows",2007,1119.09
"Current Measures","British Columbia","Interprovincial Out-Flows",2008,1524.78
"Current Measures","British Columbia","Interprovincial Out-Flows",2009,1452.06
"Current Measures","British Columbia","Interprovincial Out-Flows",2010,1895.39
"Current Measures","British Columbia","Interprovincial Out-Flows",2011,5597.8
"Current Measures","British Columbia","Interprovincial Out-Flows",2012,5863.52
"Current Measures","British Columbia","Interprovincial Out-Flows",2013,3706.6
"Current Measures","British Columbia","Interprovincial Out-Flows",2014,1310.55
"Current Measures","British Columbia","Interprovincial Out-Flows",2015,937.527
"Current Measures","British Columbia","Interprovincial Out-Flows",2016,1314
"Current Measures","British Columbia","Interprovincial Out-Flows",2017,1314
"Current Measures","British Columbia","Interprovincial Out-Flows",2018,1920.331
"Current Measures","British Columbia","Interprovincial Out-Flows",2019,932.8213
"Current Measures","British Columbia","Interprovincial Out-Flows",2020,5111.252
"Current Measures","British Columbia","Interprovincial Out-Flows",2021,4659.637
"Current Measures","British Columbia","Interprovincial Out-Flows",2022,2384.10150003971
"Current Measures","British Columbia","Interprovincial Out-Flows",2023,1229.10730903431
"Current Measures","British Columbia","Interprovincial Out-Flows",2024,866.621821544239
"Current Measures","British Columbia","Interprovincial Out-Flows",2025,911.135190051969
"Current Measures","British Columbia","Interprovincial Out-Flows",2026,659.322322952328
"Current Measures","British Columbia","Interprovincial Out-Flows",2027,517.641194802958
"Current Measures","British Columbia","Interprovincial Out-Flows",2028,293.317229344069
"Current Measures","British Columbia","Interprovincial Out-Flows",2029,118.027082276729
"Current Measures","British Columbia","Interprovincial Out-Flows",2030,51.1446881506595
"Current Measures","British Columbia","Interprovincial Out-Flows",2031,60.9613831873295
"Current Measures","British Columbia","Interprovincial Out-Flows",2032,26.8302975237998
"Current Measures","British Columbia","Interprovincial Out-Flows",2033,10.3675731584696
"Current Measures","British Columbia","Interprovincial Out-Flows",2034,14.7348860187096
"Current Measures","British Columbia","Interprovincial Out-Flows",2035,17.5145819562595
"Current Measures","British Columbia","Interprovincial Out-Flows",2036,74.5545463893292
"Current Measures","British Columbia","Interprovincial Out-Flows",2037,163.890673822609
"Current Measures","British Columbia","Interprovincial Out-Flows",2038,282.58374807625
"Current Measures","British Columbia","Interprovincial Out-Flows",2039,432.686189568099
"Current Measures","British Columbia","Interprovincial Out-Flows",2040,590.708471301289
"Current Measures","British Columbia","Interprovincial Out-Flows",2041,743.065175606299
"Current Measures","British Columbia","Interprovincial Out-Flows",2042,1015.62620461659
"Current Measures","British Columbia","Interprovincial Out-Flows",2043,1339.31266747815
"Current Measures","British Columbia","Interprovincial Out-Flows",2044,1511.42331355479
"Current Measures","British Columbia","Interprovincial Out-Flows",2045,1741.73401841064
"Current Measures","British Columbia","Interprovincial Out-Flows",2046,1747.58133219372
"Current Measures","British Columbia","Interprovincial Out-Flows",2047,1766.31176391202
"Current Measures","British Columbia","Interprovincial Out-Flows",2048,1777.00343441017
"Current Measures","British Columbia","Interprovincial Out-Flows",2049,1785.13135295684
"Current Measures","British Columbia","Interprovincial Out-Flows",2050,1917.93732814709
"Current Measures","Canada","Interprovincial Out-Flows",2005,47303.41
"Current Measures","Canada","Interprovincial Out-Flows",2006,47108.52
"Current Measures","Canada","Interprovincial Out-Flows",2007,46159.51
"Current Measures","Canada","Interprovincial Out-Flows",2008,47999.03
"Current Measures","Canada","Interprovincial Out-Flows",2009,45290.33
"Current Measures","Canada","Interprovincial Out-Flows",2010,52315.42
"Current Measures","Canada","Interprovincial Out-Flows",2011,54500.64
"Current Measures","Canada","Interprovincial Out-Flows",2012,54647.71
"Current Measures","Canada","Interprovincial Out-Flows",2013,57773.96
"Current Measures","Canada","Interprovincial Out-Flows",2014,43214.46
"Current Measures","Canada","Interprovincial Out-Flows",2015,50026.326
"Current Measures","Canada","Interprovincial Out-Flows",2016,42431.27
"Current Measures","Canada","Interprovincial Out-Flows",2017,40998.67
"Current Measures","Canada","Interprovincial Out-Flows",2018,51893.62
"Current Measures","Canada","Interprovincial Out-Flows",2019,52128.77
"Current Measures","Canada","Interprovincial Out-Flows",2020,50451.3359999999
"Current Measures","Canada","Interprovincial Out-Flows",2021,57163.254
"Current Measures","Canada","Interprovincial Out-Flows",2022,65292.3545418445
"Current Measures","Canada","Interprovincial Out-Flows",2023,63497.9159606346
"Current Measures","Canada","Interprovincial Out-Flows",2024,64525.5764220332
"Current Measures","Canada","Interprovincial Out-Flows",2025,63624.346389392
"Current Measures","Canada","Interprovincial Out-Flows",2026,63601.7810445171
"Current Measures","Canada","Interprovincial Out-Flows",2027,63752.4387955891
"Current Measures","Canada","Interprovincial Out-Flows",2028,66474.8584094146
"Current Measures","Canada","Interprovincial Out-Flows",2029,67910.7884934364
"Current Measures","Canada","Interprovincial Out-Flows",2030,70517.5758675571
"Current Measures","Canada","Interprovincial Out-Flows",2031,69076.7808452236
"Current Measures","Canada","Interprovincial Out-Flows",2032,69154.3462738563
"Current Measures","Canada","Interprovincial Out-Flows",2033,68643.5224985868
"Current Measures","Canada","Interprovincial Out-Flows",2034,68079.4412119979
"Current Measures","Canada","Interprovincial Out-Flows",2035,67999.4035065058
"Current Measures","Canada","Interprovincial Out-Flows",2036,67538.2122718141
"Current Measures","Canada","Interprovincial Out-Flows",2037,67670.9075597124
"Current Measures","Canada","Interprovincial Out-Flows",2038,67821.2957659567
"Current Measures","Canada","Interprovincial Out-Flows",2039,68427.5516213117
"Current Measures","Canada","Interprovincial Out-Flows",2040,69146.2046517375
"Current Measures","Canada","Interprovincial Out-Flows",2041,69368.3927783435
"Current Measures","Canada","Interprovincial Out-Flows",2042,72451.8478732251
"Current Measures","Canada","Interprovincial Out-Flows",2043,72589.8767075224
"Current Measures","Canada","Interprovincial Out-Flows",2044,70112.9804632664
"Current Measures","Canada","Interprovincial Out-Flows",2045,69948.9450036871
"Current Measures","Canada","Interprovincial Out-Flows",2046,69870.9455933955
"Current Measures","Canada","Interprovincial Out-Flows",2047,69693.4336412771
"Current Measures","Canada","Interprovincial Out-Flows",2048,69494.7680254453
"Current Measures","Canada","Interprovincial Out-Flows",2049,69337.5520996492
"Current Measures","Canada","Interprovincial Out-Flows",2050,69041.5792102308
"Current Measures","Manitoba","Interprovincial Out-Flows",2005,3300.92
"Current Measures","Manitoba","Interprovincial Out-Flows",2006,2198.15
"Current Measures","Manitoba","Interprovincial Out-Flows",2007,1782.19
"Current Measures","Manitoba","Interprovincial Out-Flows",2008,745.55
"Current Measures","Manitoba","Interprovincial Out-Flows",2009,392.07
"Current Measures","Manitoba","Interprovincial Out-Flows",2010,651.24
"Current Measures","Manitoba","Interprovincial Out-Flows",2011,933.1
"Current Measures","Manitoba","Interprovincial Out-Flows",2012,883.85
"Current Measures","Manitoba","Interprovincial Out-Flows",2013,784.26
"Current Measures","Manitoba","Interprovincial Out-Flows",2014,929.07
"Current Measures","Manitoba","Interprovincial Out-Flows",2015,857.924
"Current Measures","Manitoba","Interprovincial Out-Flows",2016,1228.987
"Current Measures","Manitoba","Interprovincial Out-Flows",2017,1318.747
"Current Measures","Manitoba","Interprovincial Out-Flows",2018,791.508
"Current Measures","Manitoba","Interprovincial Out-Flows",2019,562.9534
"Current Measures","Manitoba","Interprovincial Out-Flows",2020,1154.819
"Current Measures","Manitoba","Interprovincial Out-Flows",2021,1326.701
"Current Measures","Manitoba","Interprovincial Out-Flows",2022,3225.69186050053
"Current Measures","Manitoba","Interprovincial Out-Flows",2023,3253.53326118454
"Current Measures","Manitoba","Interprovincial Out-Flows",2024,3149.2216212673
"Current Measures","Manitoba","Interprovincial Out-Flows",2025,3090.00973227219
"Current Measures","Manitoba","Interprovincial Out-Flows",2026,3215.52454174242
"Current Measures","Manitoba","Interprovincial Out-Flows",2027,3237.96356575629
"Current Measures","Manitoba","Interprovincial Out-Flows",2028,3287.36211411125
"Current Measures","Manitoba","Interprovincial Out-Flows",2029,2869.4252091829
"Current Measures","Manitoba","Interprovincial Out-Flows",2030,2967.37893242673
"Current Measures","Manitoba","Interprovincial Out-Flows",2031,2979.76242611875
"Current Measures","Manitoba","Interprovincial Out-Flows",2032,3027.29913083022
"Current Measures","Manitoba","Interprovincial Out-Flows",2033,3034.34086418167
"Current Measures","Manitoba","Interprovincial Out-Flows",2034,3003.76257240039
"Current Measures","Manitoba","Interprovincial Out-Flows",2035,3078.30479930975
"Current Measures","Manitoba","Interprovincial Out-Flows",2036,3078.31075807919
"Current Measures","Manitoba","Interprovincial Out-Flows",2037,3035.61807002278
"Current Measures","Manitoba","Interprovincial Out-Flows",2038,3018.1735963303
"Current Measures","Manitoba","Interprovincial Out-Flows",2039,2999.45888273715
"Current Measures","Manitoba","Interprovincial Out-Flows",2040,2940.70266746258
"Current Measures","Manitoba","Interprovincial Out-Flows",2041,2926.39809506092
"Current Measures","Manitoba","Interprovincial Out-Flows",2042,2909.90708205286
"Current Measures","Manitoba","Interprovincial Out-Flows",2043,2890.91923459276
"Current Measures","Manitoba","Interprovincial Out-Flows",2044,2863.86747306321
"Current Measures","Manitoba","Interprovincial Out-Flows",2045,2855.4355953787
"Current Measures","Manitoba","Interprovincial Out-Flows",2046,2858.07839627224
"Current Measures","Manitoba","Interprovincial Out-Flows",2047,2839.09536201768
"Current Measures","Manitoba","Interprovincial Out-Flows",2048,2797.89888003605
"Current Measures","Manitoba","Interprovincial Out-Flows",2049,2821.50041920166
"Current Measures","Manitoba","Interprovincial Out-Flows",2050,2904.63456989607
"Current Measures","New Brunswick","Interprovincial Out-Flows",2005,2360.93
"Current Measures","New Brunswick","Interprovincial Out-Flows",2006,2003.69
"Current Measures","New Brunswick","Interprovincial Out-Flows",2007,1556.76
"Current Measures","New Brunswick","Interprovincial Out-Flows",2008,1418.45
"Current Measures","New Brunswick","Interprovincial Out-Flows",2009,1336.9
"Current Measures","New Brunswick","Interprovincial Out-Flows",2010,1468.83
"Current Measures","New Brunswick","Interprovincial Out-Flows",2011,1535.91
"Current Measures","New Brunswick","Interprovincial Out-Flows",2012,1708.72
"Current Measures","New Brunswick","Interprovincial Out-Flows",2013,2401.74
"Current Measures","New Brunswick","Interprovincial Out-Flows",2014,1115.43
"Current Measures","New Brunswick","Interprovincial Out-Flows",2015,1700.689
"Current Measures","New Brunswick","Interprovincial Out-Flows",2016,1995.882
"Current Measures","New Brunswick","Interprovincial Out-Flows",2017,2067.679
"Current Measures","New Brunswick","Interprovincial Out-Flows",2018,1616.125
"Current Measures","New Brunswick","Interprovincial Out-Flows",2019,2691.272
"Current Measures","New Brunswick","Interprovincial Out-Flows",2020,1857.134
"Current Measures","New Brunswick","Interprovincial Out-Flows",2021,2062.863
"Current Measures","New Brunswick","Interprovincial Out-Flows",2022,1128.12638277552
"Current Measures","New Brunswick","Interprovincial Out-Flows",2023,1188.07900849083
"Current Measures","New Brunswick","Interprovincial Out-Flows",2024,1346.25866465451
"Current Measures","New Brunswick","Interprovincial Out-Flows",2025,1669.22563331843
"Current Measures","New Brunswick","Interprovincial Out-Flows",2026,1648.31102960668
"Current Measures","New Brunswick","Interprovincial Out-Flows",2027,1553.49073701428
"Current Measures","New Brunswick","Interprovincial Out-Flows",2028,1650.84227242645
"Current Measures","New Brunswick","Interprovincial Out-Flows",2029,1903.48358951386
"Current Measures","New Brunswick","Interprovincial Out-Flows",2030,2204.62697436659
"Current Measures","New Brunswick","Interprovincial Out-Flows",2031,2292.32787479874
"Current Measures","New Brunswick","Interprovincial Out-Flows",2032,2299.36326301235
"Current Measures","New Brunswick","Interprovincial Out-Flows",2033,2288.53687281072
"Current Measures","New Brunswick","Interprovincial Out-Flows",2034,2361.95284154513
"Current Measures","New Brunswick","Interprovincial Out-Flows",2035,2533.25224577992
"Current Measures","New Brunswick","Interprovincial Out-Flows",2036,2529.25558322053
"Current Measures","New Brunswick","Interprovincial Out-Flows",2037,2534.1334443128
"Current Measures","New Brunswick","Interprovincial Out-Flows",2038,2527.09643859024
"Current Measures","New Brunswick","Interprovincial Out-Flows",2039,2458.61457969773
"Current Measures","New Brunswick","Interprovincial Out-Flows",2040,2412.41625249641
"Current Measures","New Brunswick","Interprovincial Out-Flows",2041,2469.17148064947
"Current Measures","New Brunswick","Interprovincial Out-Flows",2042,1927.13745910281
"Current Measures","New Brunswick","Interprovincial Out-Flows",2043,1836.5630969946
"Current Measures","New Brunswick","Interprovincial Out-Flows",2044,2104.14952490306
"Current Measures","New Brunswick","Interprovincial Out-Flows",2045,1944.286102109
"Current Measures","New Brunswick","Interprovincial Out-Flows",2046,1974.94295828705
"Current Measures","New Brunswick","Interprovincial Out-Flows",2047,1989.93589328668
"Current Measures","New Brunswick","Interprovincial Out-Flows",2048,2011.82498416053
"Current Measures","New Brunswick","Interprovincial Out-Flows",2049,2035.6093827999
"Current Measures","New Brunswick","Interprovincial Out-Flows",2050,2116.82839723929
"Current Measures","Newfoundland and Labrador","Interprovincial Out-Flows",2005,30204.72
"Current Measures","Newfoundland and Labrador","Interprovincial Out-Flows",2006,31347.58
"Current Measures","Newfoundland and Labrador","Interprovincial Out-Flows",2007,30094.86
"Current Measures","Newfoundland and Labrador","Interprovincial Out-Flows",2008,31430.6
"Current Measures","Newfoundland and Labrador","Interprovincial Out-Flows",2009,27432.36
"Current Measures","Newfoundland and Labrador","Interprovincial Out-Flows",2010,30401
"Current Measures","Newfoundland and Labrador","Interprovincial Out-Flows",2011,30208.28
"Current Measures","Newfoundland and Labrador","Interprovincial Out-Flows",2012,32320.68
"Current Measures","Newfoundland and Labrador","Interprovincial Out-Flows",2013,31255.77
"Current Measures","Newfoundland and Labrador","Interprovincial Out-Flows",2014,27615.74
"Current Measures","Newfoundland and Labrador","Interprovincial Out-Flows",2015,30303.106
"Current Measures","Newfoundland and Labrador","Interprovincial Out-Flows",2016,28718.37
"Current Measures","Newfoundland and Labrador","Interprovincial Out-Flows",2017,26464.87
"Current Measures","Newfoundland and Labrador","Interprovincial Out-Flows",2018,32423.44
"Current Measures","Newfoundland and Labrador","Interprovincial Out-Flows",2019,36041.95
"Current Measures","Newfoundland and Labrador","Interprovincial Out-Flows",2020,27972.815
"Current Measures","Newfoundland and Labrador","Interprovincial Out-Flows",2021,31146.161
"Current Measures","Newfoundland and Labrador","Interprovincial Out-Flows",2022,31933.6212172792
"Current Measures","Newfoundland and Labrador","Interprovincial Out-Flows",2023,31750.2818435469
"Current Measures","Newfoundland and Labrador","Interprovincial Out-Flows",2024,31563.0636375414
"Current Measures","Newfoundland and Labrador","Interprovincial Out-Flows",2025,31381.8904683458
"Current Measures","Newfoundland and Labrador","Interprovincial Out-Flows",2026,31355.1128031367
"Current Measures","Newfoundland and Labrador","Interprovincial Out-Flows",2027,31314.5963354328
"Current Measures","Newfoundland and Labrador","Interprovincial Out-Flows",2028,31356.1493608247
"Current Measures","Newfoundland and Labrador","Interprovincial Out-Flows",2029,31233.6674593637
"Current Measures","Newfoundland and Labrador","Interprovincial Out-Flows",2030,31074.6852539283
"Current Measures","Newfoundland and Labrador","Interprovincial Out-Flows",2031,31059.3908945789
"Current Measures","Newfoundland and Labrador","Interprovincial Out-Flows",2032,31046.7805111453
"Current Measures","Newfoundland and Labrador","Interprovincial Out-Flows",2033,31035.2835538172
"Current Measures","Newfoundland and Labrador","Interprovincial Out-Flows",2034,31015.6696655137
"Current Measures","Newfoundland and Labrador","Interprovincial Out-Flows",2035,30995.9511947525
"Current Measures","Newfoundland and Labrador","Interprovincial Out-Flows",2036,30957.4898185951
"Current Measures","Newfoundland and Labrador","Interprovincial Out-Flows",2037,30924.9386327568
"Current Measures","Newfoundland and Labrador","Interprovincial Out-Flows",2038,30899.3479558702
"Current Measures","Newfoundland and Labrador","Interprovincial Out-Flows",2039,30888.5131289193
"Current Measures","Newfoundland and Labrador","Interprovincial Out-Flows",2040,30870.6325424382
"Current Measures","Newfoundland and Labrador","Interprovincial Out-Flows",2041,30877.4101218658
"Current Measures","Newfoundland and Labrador","Interprovincial Out-Flows",2042,30785.425274631
"Current Measures","Newfoundland and Labrador","Interprovincial Out-Flows",2043,30770.6324299657
"Current Measures","Newfoundland and Labrador","Interprovincial Out-Flows",2044,30794.0965081593
"Current Measures","Newfoundland and Labrador","Interprovincial Out-Flows",2045,30773.3663062004
"Current Measures","Newfoundland and Labrador","Interprovincial Out-Flows",2046,30761.9833051779
"Current Measures","Newfoundland and Labrador","Interprovincial Out-Flows",2047,30740.6096713221
"Current Measures","Newfoundland and Labrador","Interprovincial Out-Flows",2048,30737.0389226657
"Current Measures","Newfoundland and Labrador","Interprovincial Out-Flows",2049,30719.7922433133
"Current Measures","Newfoundland and Labrador","Interprovincial Out-Flows",2050,30554.5684662208
"Current Measures","Nova Scotia","Interprovincial Out-Flows",2005,32.68
"Current Measures","Nova Scotia","Interprovincial Out-Flows",2006,118.68
"Current Measures","Nova Scotia","Interprovincial Out-Flows",2007,27.3
"Current Measures","Nova Scotia","Interprovincial Out-Flows",2008,10.86
"Current Measures","Nova Scotia","Interprovincial Out-Flows",2009,10.24
"Current Measures","Nova Scotia","Interprovincial Out-Flows",2010,1.21
"Current Measures","Nova Scotia","Interprovincial Out-Flows",2011,4.04
"Current Measures","Nova Scotia","Interprovincial Out-Flows",2012,33.9
"Current Measures","Nova Scotia","Interprovincial Out-Flows",2013,10.52
"Current Measures","Nova Scotia","Interprovincial Out-Flows",2014,9.67
"Current Measures","Nova Scotia","Interprovincial Out-Flows",2015,35.349
"Current Measures","Nova Scotia","Interprovincial Out-Flows",2016,18.9302
"Current Measures","Nova Scotia","Interprovincial Out-Flows",2017,12.6202
"Current Measures","Nova Scotia","Interprovincial Out-Flows",2018,88.518
"Current Measures","Nova Scotia","Interprovincial Out-Flows",2019,35.04
"Current Measures","Nova Scotia","Interprovincial Out-Flows",2020,36.248
"Current Measures","Nova Scotia","Interprovincial Out-Flows",2021,0.075
"Current Measures","Nova Scotia","Interprovincial Out-Flows",2022,1472.91215883149
"Current Measures","Nova Scotia","Interprovincial Out-Flows",2023,1461.46771972378
"Current Measures","Nova Scotia","Interprovincial Out-Flows",2024,1330.76728194169
"Current Measures","Nova Scotia","Interprovincial Out-Flows",2025,519.646311721615
"Current Measures","Nova Scotia","Interprovincial Out-Flows",2026,714.998942144396
"Current Measures","Nova Scotia","Interprovincial Out-Flows",2027,1165.52395184483
"Current Measures","Nova Scotia","Interprovincial Out-Flows",2028,1299.79323480802
"Current Measures","Nova Scotia","Interprovincial Out-Flows",2029,1458.92138585876
"Current Measures","Nova Scotia","Interprovincial Out-Flows",2030,1595.75064779173
"Current Measures","Nova Scotia","Interprovincial Out-Flows",2031,1504.84901655348
"Current Measures","Nova Scotia","Interprovincial Out-Flows",2032,1581.95016475331
"Current Measures","Nova Scotia","Interprovincial Out-Flows",2033,1522.39661616055
"Current Measures","Nova Scotia","Interprovincial Out-Flows",2034,1343.0165437319
"Current Measures","Nova Scotia","Interprovincial Out-Flows",2035,1286.86349497219
"Current Measures","Nova Scotia","Interprovincial Out-Flows",2036,1270.66408506701
"Current Measures","Nova Scotia","Interprovincial Out-Flows",2037,1272.69319052182
"Current Measures","Nova Scotia","Interprovincial Out-Flows",2038,1233.73264208467
"Current Measures","Nova Scotia","Interprovincial Out-Flows",2039,1278.71813324464
"Current Measures","Nova Scotia","Interprovincial Out-Flows",2040,1228.64104249632
"Current Measures","Nova Scotia","Interprovincial Out-Flows",2041,1134.4716286464
"Current Measures","Nova Scotia","Interprovincial Out-Flows",2042,1968.19926584993
"Current Measures","Nova Scotia","Interprovincial Out-Flows",2043,2107.19082194511
"Current Measures","Nova Scotia","Interprovincial Out-Flows",2044,1682.10221942653
"Current Measures","Nova Scotia","Interprovincial Out-Flows",2045,1840.09192543077
"Current Measures","Nova Scotia","Interprovincial Out-Flows",2046,1892.82001648571
"Current Measures","Nova Scotia","Interprovincial Out-Flows",2047,1914.4218696657
"Current Measures","Nova Scotia","Interprovincial Out-Flows",2048,1931.12428616907
"Current Measures","Nova Scotia","Interprovincial Out-Flows",2049,1946.06721534853
"Current Measures","Nova Scotia","Interprovincial Out-Flows",2050,1754.83175009144
"Current Measures","Ontario","Interprovincial Out-Flows",2005,5567
"Current Measures","Ontario","Interprovincial Out-Flows",2006,5296
"Current Measures","Ontario","Interprovincial Out-Flows",2007,5475
"Current Measures","Ontario","Interprovincial Out-Flows",2008,4583
"Current Measures","Ontario","Interprovincial Out-Flows",2009,6157
"Current Measures","Ontario","Interprovincial Out-Flows",2010,10536
"Current Measures","Ontario","Interprovincial Out-Flows",2011,8919
"Current Measures","Ontario","Interprovincial Out-Flows",2012,4041
"Current Measures","Ontario","Interprovincial Out-Flows",2013,10958
"Current Measures","Ontario","Interprovincial Out-Flows",2014,6528.38
"Current Measures","Ontario","Interprovincial Out-Flows",2015,3641
"Current Measures","Ontario","Interprovincial Out-Flows",2016,5166.414
"Current Measures","Ontario","Interprovincial Out-Flows",2017,5604.96
"Current Measures","Ontario","Interprovincial Out-Flows",2018,3179.907
"Current Measures","Ontario","Interprovincial Out-Flows",2019,4380
"Current Measures","Ontario","Interprovincial Out-Flows",2020,3063.765
"Current Measures","Ontario","Interprovincial Out-Flows",2021,2922.559
"Current Measures","Ontario","Interprovincial Out-Flows",2022,14231.5773220466
"Current Measures","Ontario","Interprovincial Out-Flows",2023,12873.5908340299
"Current Measures","Ontario","Interprovincial Out-Flows",2024,13606.2277107999
"Current Measures","Ontario","Interprovincial Out-Flows",2025,6971.0914218856
"Current Measures","Ontario","Interprovincial Out-Flows",2026,4827.43539784581
"Current Measures","Ontario","Interprovincial Out-Flows",2027,4291.53144478187
"Current Measures","Ontario","Interprovincial Out-Flows",2028,3494.70954390407
"Current Measures","Ontario","Interprovincial Out-Flows",2029,3834.95444235632
"Current Measures","Ontario","Interprovincial Out-Flows",2030,3577.21313033127
"Current Measures","Ontario","Interprovincial Out-Flows",2031,4042.85762395941
"Current Measures","Ontario","Interprovincial Out-Flows",2032,3897.83645416656
"Current Measures","Ontario","Interprovincial Out-Flows",2033,3408.12985789994
"Current Measures","Ontario","Interprovincial Out-Flows",2034,2608.14213662514
"Current Measures","Ontario","Interprovincial Out-Flows",2035,2123.7985435913
"Current Measures","Ontario","Interprovincial Out-Flows",2036,2696.70076583606
"Current Measures","Ontario","Interprovincial Out-Flows",2037,3104.04529086942
"Current Measures","Ontario","Interprovincial Out-Flows",2038,3475.62229224222
"Current Measures","Ontario","Interprovincial Out-Flows",2039,3809.52132199014
"Current Measures","Ontario","Interprovincial Out-Flows",2040,3857.7397446657
"Current Measures","Ontario","Interprovincial Out-Flows",2041,3635.73394426774
"Current Measures","Ontario","Interprovincial Out-Flows",2042,4241.36602695213
"Current Measures","Ontario","Interprovincial Out-Flows",2043,4398.44861441277
"Current Measures","Ontario","Interprovincial Out-Flows",2044,4547.95176433993
"Current Measures","Ontario","Interprovincial Out-Flows",2045,4790.29296943838
"Current Measures","Ontario","Interprovincial Out-Flows",2046,4545.56931498096
"Current Measures","Ontario","Interprovincial Out-Flows",2047,4340.62366965861
"Current Measures","Ontario","Interprovincial Out-Flows",2048,4112.34383592099
"Current Measures","Ontario","Interprovincial Out-Flows",2049,3843.68139290439
"Current Measures","Ontario","Interprovincial Out-Flows",2050,3579.73587852182
"Current Measures","Prince Edward Island","Interprovincial Out-Flows",2005,0
"Current Measures","Prince Edward Island","Interprovincial Out-Flows",2006,0
"Current Measures","Prince Edward Island","Interprovincial Out-Flows",2007,0
"Current Measures","Prince Edward Island","Interprovincial Out-Flows",2008,0.41
"Current Measures","Prince Edward Island","Interprovincial Out-Flows",2009,161.44
"Current Measures","Prince Edward Island","Interprovincial Out-Flows",2010,249.93
"Current Measures","Prince Edward Island","Interprovincial Out-Flows",2011,269.22
"Current Measures","Prince Edward Island","Interprovincial Out-Flows",2012,258.14
"Current Measures","Prince Edward Island","Interprovincial Out-Flows",2013,277.41
"Current Measures","Prince Edward Island","Interprovincial Out-Flows",2014,0
"Current Measures","Prince Edward Island","Interprovincial Out-Flows",2015,321.298
"Current Measures","Prince Edward Island","Interprovincial Out-Flows",2016,0
"Current Measures","Prince Edward Island","Interprovincial Out-Flows",2017,0
"Current Measures","Prince Edward Island","Interprovincial Out-Flows",2018,310.648
"Current Measures","Prince Edward Island","Interprovincial Out-Flows",2019,0
"Current Measures","Prince Edward Island","Interprovincial Out-Flows",2020,0
"Current Measures","Prince Edward Island","Interprovincial Out-Flows",2021,0
"Current Measures","Prince Edward Island","Interprovincial Out-Flows",2022,44.9310784742268
"Current Measures","Prince Edward Island","Interprovincial Out-Flows",2023,42.0883939402061
"Current Measures","Prince Edward Island","Interprovincial Out-Flows",2024,39.6799072175257
"Current Measures","Prince Edward Island","Interprovincial Out-Flows",2025,114.09938975567
"Current Measures","Prince Edward Island","Interprovincial Out-Flows",2026,141.125245113402
"Current Measures","Prince Edward Island","Interprovincial Out-Flows",2027,167.88804165567
"Current Measures","Prince Edward Island","Interprovincial Out-Flows",2028,187.37015305567
"Current Measures","Prince Edward Island","Interprovincial Out-Flows",2029,205.600420615463
"Current Measures","Prince Edward Island","Interprovincial Out-Flows",2030,223.721163048453
"Current Measures","Prince Edward Island","Interprovincial Out-Flows",2031,247.870878581443
"Current Measures","Prince Edward Island","Interprovincial Out-Flows",2032,269.486112426627
"Current Measures","Prince Edward Island","Interprovincial Out-Flows",2033,288.738472772164
"Current Measures","Prince Edward Island","Interprovincial Out-Flows",2034,305.132826080412
"Current Measures","Prince Edward Island","Interprovincial Out-Flows",2035,645.298445279381
"Current Measures","Prince Edward Island","Interprovincial Out-Flows",2036,668.419270623711
"Current Measures","Prince Edward Island","Interprovincial Out-Flows",2037,688.395600027835
"Current Measures","Prince Edward Island","Interprovincial Out-Flows",2038,705.944925337113
"Current Measures","Prince Edward Island","Interprovincial Out-Flows",2039,722.809962474227
"Current Measures","Prince Edward Island","Interprovincial Out-Flows",2040,764.193455231959
"Current Measures","Prince Edward Island","Interprovincial Out-Flows",2041,762.895993864948
"Current Measures","Prince Edward Island","Interprovincial Out-Flows",2042,761.056588003299
"Current Measures","Prince Edward Island","Interprovincial Out-Flows",2043,763.118163803093
"Current Measures","Prince Edward Island","Interprovincial Out-Flows",2044,758.582212821649
"Current Measures","Prince Edward Island","Interprovincial Out-Flows",2045,788.672681361856
"Current Measures","Prince Edward Island","Interprovincial Out-Flows",2046,785.987650871278
"Current Measures","Prince Edward Island","Interprovincial Out-Flows",2047,787.108421036907
"Current Measures","Prince Edward Island","Interprovincial Out-Flows",2048,781.476931076392
"Current Measures","Prince Edward Island","Interprovincial Out-Flows",2049,774.701967462783
"Current Measures","Prince Edward Island","Interprovincial Out-Flows",2050,800.556841934021
"Current Measures","Quebec","Interprovincial Out-Flows",2005,2881
"Current Measures","Quebec","Interprovincial Out-Flows",2006,3116
"Current Measures","Quebec","Interprovincial Out-Flows",2007,4046
"Current Measures","Quebec","Interprovincial Out-Flows",2008,6975
"Current Measures","Quebec","Interprovincial Out-Flows",2009,7249
"Current Measures","Quebec","Interprovincial Out-Flows",2010,6004
"Current Measures","Quebec","Interprovincial Out-Flows",2011,6046
"Current Measures","Quebec","Interprovincial Out-Flows",2012,8492
"Current Measures","Quebec","Interprovincial Out-Flows",2013,7122
"Current Measures","Quebec","Interprovincial Out-Flows",2014,5101.87
"Current Measures","Quebec","Interprovincial Out-Flows",2015,11373.662
"Current Measures","Quebec","Interprovincial Out-Flows",2016,3935.167
"Current Measures","Quebec","Interprovincial Out-Flows",2017,4081.908
"Current Measures","Quebec","Interprovincial Out-Flows",2018,10608.509
"Current Measures","Quebec","Interprovincial Out-Flows",2019,7199.166
"Current Measures","Quebec","Interprovincial Out-Flows",2020,9944.782
"Current Measures","Quebec","Interprovincial Out-Flows",2021,13275.062
"Current Measures","Quebec","Interprovincial Out-Flows",2022,6423.84074652494
"Current Measures","Quebec","Interprovincial Out-Flows",2023,5976.05653663122
"Current Measures","Quebec","Interprovincial Out-Flows",2024,5958.99048527181
"Current Measures","Quebec","Interprovincial Out-Flows",2025,12427.5477578115
"Current Measures","Quebec","Interprovincial Out-Flows",2026,14157.6115807441
"Current Measures","Quebec","Interprovincial Out-Flows",2027,14364.1730629482
"Current Measures","Quebec","Interprovincial Out-Flows",2028,16988.023735616
"Current Measures","Quebec","Interprovincial Out-Flows",2029,17884.1300736003
"Current Measures","Quebec","Interprovincial Out-Flows",2030,20171.1731329049
"Current Measures","Quebec","Interprovincial Out-Flows",2031,18184.769613493
"Current Measures","Quebec","Interprovincial Out-Flows",2032,18027.1918079509
"Current Measures","Quebec","Interprovincial Out-Flows",2033,17889.0109656902
"Current Measures","Quebec","Interprovincial Out-Flows",2034,18246.0893721542
"Current Measures","Quebec","Interprovincial Out-Flows",2035,18273.9098314893
"Current Measures","Quebec","Interprovincial Out-Flows",2036,17577.9328199563
"Current Measures","Quebec","Interprovincial Out-Flows",2037,17444.6813194002
"Current Measures","Quebec","Interprovincial Out-Flows",2038,17310.6148689596
"Current Measures","Quebec","Interprovincial Out-Flows",2039,17733.9893878126
"Current Measures","Quebec","Interprovincial Out-Flows",2040,18581.964589344
"Current Measures","Quebec","Interprovincial Out-Flows",2041,19066.7558389578
"Current Measures","Quebec","Interprovincial Out-Flows",2042,21317.4553902049
"Current Measures","Quebec","Interprovincial Out-Flows",2043,21164.843292523
"Current Measures","Quebec","Interprovincial Out-Flows",2044,18654.5592633222
"Current Measures","Quebec","Interprovincial Out-Flows",2045,18219.9472600605
"Current Measures","Quebec","Interprovincial Out-Flows",2046,18263.4478682038
"Current Measures","Quebec","Interprovincial Out-Flows",2047,18211.9766371588
"Current Measures","Quebec","Interprovincial Out-Flows",2048,18216.9700568667
"Current Measures","Quebec","Interprovincial Out-Flows",2049,18242.7596051048
"Current Measures","Quebec","Interprovincial Out-Flows",2050,18371.8764414277
"Current Measures","Saskatchewan","Interprovincial Out-Flows",2005,769.21
"Current Measures","Saskatchewan","Interprovincial Out-Flows",2006,1183.28
"Current Measures","Saskatchewan","Interprovincial Out-Flows",2007,840.18
"Current Measures","Saskatchewan","Interprovincial Out-Flows",2008,783.01
"Current Measures","Saskatchewan","Interprovincial Out-Flows",2009,496.95
"Current Measures","Saskatchewan","Interprovincial Out-Flows",2010,594.54
"Current Measures","Saskatchewan","Interprovincial Out-Flows",2011,718.87
"Current Measures","Saskatchewan","Interprovincial Out-Flows",2012,745.73
"Current Measures","Saskatchewan","Interprovincial Out-Flows",2013,699.21
"Current Measures","Saskatchewan","Interprovincial Out-Flows",2014,62.32
"Current Measures","Saskatchewan","Interprovincial Out-Flows",2015,119.231
"Current Measures","Saskatchewan","Interprovincial Out-Flows",2016,17.8646
"Current Measures","Saskatchewan","Interprovincial Out-Flows",2017,5.2704
"Current Measures","Saskatchewan","Interprovincial Out-Flows",2018,355.456
"Current Measures","Saskatchewan","Interprovincial Out-Flows",2019,0
"Current Measures","Saskatchewan","Interprovincial Out-Flows",2020,372.35
"Current Measures","Saskatchewan","Interprovincial Out-Flows",2021,274.667
"Current Measures","Saskatchewan","Interprovincial Out-Flows",2022,799.589640228897
"Current Measures","Saskatchewan","Interprovincial Out-Flows",2023,264.07836826595
"Current Measures","Saskatchewan","Interprovincial Out-Flows",2024,1077.4379844363
"Current Measures","Saskatchewan","Interprovincial Out-Flows",2025,676.77650049416
"Current Measures","Saskatchewan","Interprovincial Out-Flows",2026,662.302279754451
"Current Measures","Saskatchewan","Interprovincial Out-Flows",2027,628.772187104227
"Current Measures","Saskatchewan","Interprovincial Out-Flows",2028,267.971700590643
"Current Measures","Saskatchewan","Interprovincial Out-Flows",2029,132.803494886944
"Current Measures","Saskatchewan","Interprovincial Out-Flows",2030,74.8920677692493
"Current Measures","Saskatchewan","Interprovincial Out-Flows",2031,80.9064297796726
"Current Measures","Saskatchewan","Interprovincial Out-Flows",2032,109.772247142151
"Current Measures","Saskatchewan","Interprovincial Out-Flows",2033,122.336114548242
"Current Measures","Saskatchewan","Interprovincial Out-Flows",2034,176.842174812951
"Current Measures","Saskatchewan","Interprovincial Out-Flows",2035,185.150868537973
"Current Measures","Saskatchewan","Interprovincial Out-Flows",2036,288.319784466949
"Current Measures","Saskatchewan","Interprovincial Out-Flows",2037,308.008480608035
"Current Measures","Saskatchewan","Interprovincial Out-Flows",2038,307.36030111405
"Current Measures","Saskatchewan","Interprovincial Out-Flows",2039,401.29303937803
"Current Measures","Saskatchewan","Interprovincial Out-Flows",2040,411.243050828133
"Current Measures","Saskatchewan","Interprovincial Out-Flows",2041,371.15174959331
"Current Measures","Saskatchewan","Interprovincial Out-Flows",2042,367.432016434951
"Current Measures","Saskatchewan","Interprovincial Out-Flows",2043,396.70122379415
"Current Measures","Saskatchewan","Interprovincial Out-Flows",2044,423.014461386289
"Current Measures","Saskatchewan","Interprovincial Out-Flows",2045,450.299071768938
"Current Measures","Saskatchewan","Interprovincial Out-Flows",2046,459.174902213946
"Current Measures","Saskatchewan","Interprovincial Out-Flows",2047,467.704516032969
"Current Measures","Saskatchewan","Interprovincial Out-Flows",2048,485.830217515647
"Current Measures","Saskatchewan","Interprovincial Out-Flows",2049,501.208691302761
"Current Measures","Saskatchewan","Interprovincial Out-Flows",2050,559.760786688169
"Global Net-zero","Alberta","Interprovincial Out-Flows",2005,1198.17
"Global Net-zero","Alberta","Interprovincial Out-Flows",2006,793.81
"Global Net-zero","Alberta","Interprovincial Out-Flows",2007,1218.13
"Global Net-zero","Alberta","Interprovincial Out-Flows",2008,527.37
"Global Net-zero","Alberta","Interprovincial Out-Flows",2009,602.3
"Global Net-zero","Alberta","Interprovincial Out-Flows",2010,513.29
"Global Net-zero","Alberta","Interprovincial Out-Flows",2011,268.44
"Global Net-zero","Alberta","Interprovincial Out-Flows",2012,300.18
"Global Net-zero","Alberta","Interprovincial Out-Flows",2013,558.46
"Global Net-zero","Alberta","Interprovincial Out-Flows",2014,541.43
"Global Net-zero","Alberta","Interprovincial Out-Flows",2015,736.54
"Global Net-zero","Alberta","Interprovincial Out-Flows",2016,35.6611
"Global Net-zero","Alberta","Interprovincial Out-Flows",2017,128.6208
"Global Net-zero","Alberta","Interprovincial Out-Flows",2018,599.178
"Global Net-zero","Alberta","Interprovincial Out-Flows",2019,285.576
"Global Net-zero","Alberta","Interprovincial Out-Flows",2020,938.171
"Global Net-zero","Alberta","Interprovincial Out-Flows",2021,1495.529
"Global Net-zero","Alberta","Interprovincial Out-Flows",2022,3290.47637565158
"Global Net-zero","Alberta","Interprovincial Out-Flows",2023,5083.80439883074
"Global Net-zero","Alberta","Interprovincial Out-Flows",2024,5086.76172249721
"Global Net-zero","Alberta","Interprovincial Out-Flows",2025,6005.9874714406
"Global Net-zero","Alberta","Interprovincial Out-Flows",2026,6410.05293323342
"Global Net-zero","Alberta","Interprovincial Out-Flows",2027,6696.0689295736
"Global Net-zero","Alberta","Interprovincial Out-Flows",2028,6854.66724410531
"Global Net-zero","Alberta","Interprovincial Out-Flows",2029,5760.17780075196
"Global Net-zero","Alberta","Interprovincial Out-Flows",2030,5090.32998560144
"Global Net-zero","Alberta","Interprovincial Out-Flows",2031,3834.93473967113
"Global Net-zero","Alberta","Interprovincial Out-Flows",2032,4880.48494575527
"Global Net-zero","Alberta","Interprovincial Out-Flows",2033,4868.95782806715
"Global Net-zero","Alberta","Interprovincial Out-Flows",2034,4575.63429666869
"Global Net-zero","Alberta","Interprovincial Out-Flows",2035,10770.9396468489
"Global Net-zero","Alberta","Interprovincial Out-Flows",2036,10389.7698548565
"Global Net-zero","Alberta","Interprovincial Out-Flows",2037,10147.8540095237
"Global Net-zero","Alberta","Interprovincial Out-Flows",2038,10056.7250731764
"Global Net-zero","Alberta","Interprovincial Out-Flows",2039,10087.7930136528
"Global Net-zero","Alberta","Interprovincial Out-Flows",2040,9940.55660430617
"Global Net-zero","Alberta","Interprovincial Out-Flows",2041,10223.1584520361
"Global Net-zero","Alberta","Interprovincial Out-Flows",2042,10398.2622064532
"Global Net-zero","Alberta","Interprovincial Out-Flows",2043,10580.131856578
"Global Net-zero","Alberta","Interprovincial Out-Flows",2044,10924.9412543366
"Global Net-zero","Alberta","Interprovincial Out-Flows",2045,11073.0709706809
"Global Net-zero","Alberta","Interprovincial Out-Flows",2046,11425.193885274
"Global Net-zero","Alberta","Interprovincial Out-Flows",2047,11802.2637476159
"Global Net-zero","Alberta","Interprovincial Out-Flows",2048,12273.1820236557
"Global Net-zero","Alberta","Interprovincial Out-Flows",2049,12861.7865845021
"Global Net-zero","Alberta","Interprovincial Out-Flows",2050,13472.5566564957
"Global Net-zero","British Columbia","Interprovincial Out-Flows",2005,988.77
"Global Net-zero","British Columbia","Interprovincial Out-Flows",2006,1051.34
"Global Net-zero","British Columbia","Interprovincial Out-Flows",2007,1119.09
"Global Net-zero","British Columbia","Interprovincial Out-Flows",2008,1524.78
"Global Net-zero","British Columbia","Interprovincial Out-Flows",2009,1452.06
"Global Net-zero","British Columbia","Interprovincial Out-Flows",2010,1895.39
"Global Net-zero","British Columbia","Interprovincial Out-Flows",2011,5597.8
"Global Net-zero","British Columbia","Interprovincial Out-Flows",2012,5863.52
"Global Net-zero","British Columbia","Interprovincial Out-Flows",2013,3706.6
"Global Net-zero","British Columbia","Interprovincial Out-Flows",2014,1310.55
"Global Net-zero","British Columbia","Interprovincial Out-Flows",2015,937.527
"Global Net-zero","British Columbia","Interprovincial Out-Flows",2016,1314
"Global Net-zero","British Columbia","Interprovincial Out-Flows",2017,1314
"Global Net-zero","British Columbia","Interprovincial Out-Flows",2018,1920.331
"Global Net-zero","British Columbia","Interprovincial Out-Flows",2019,932.8213
"Global Net-zero","British Columbia","Interprovincial Out-Flows",2020,5111.252
"Global Net-zero","British Columbia","Interprovincial Out-Flows",2021,4659.637
"Global Net-zero","British Columbia","Interprovincial Out-Flows",2022,2699.87004014731
"Global Net-zero","British Columbia","Interprovincial Out-Flows",2023,1354.95905639333
"Global Net-zero","British Columbia","Interprovincial Out-Flows",2024,1004.4427786195
"Global Net-zero","British Columbia","Interprovincial Out-Flows",2025,1086.8623072246
"Global Net-zero","British Columbia","Interprovincial Out-Flows",2026,904.194733184589
"Global Net-zero","British Columbia","Interprovincial Out-Flows",2027,811.439638588449
"Global Net-zero","British Columbia","Interprovincial Out-Flows",2028,669.233861419409
"Global Net-zero","British Columbia","Interprovincial Out-Flows",2029,620.006655838489
"Global Net-zero","British Columbia","Interprovincial Out-Flows",2030,719.865138138241
"Global Net-zero","British Columbia","Interprovincial Out-Flows",2031,1791.01817309748
"Global Net-zero","British Columbia","Interprovincial Out-Flows",2032,1444.1470861914
"Global Net-zero","British Columbia","Interprovincial Out-Flows",2033,1760.01816931965
"Global Net-zero","British Columbia","Interprovincial Out-Flows",2034,2082.01729014952
"Global Net-zero","British Columbia","Interprovincial Out-Flows",2035,2756.3938716992
"Global Net-zero","British Columbia","Interprovincial Out-Flows",2036,3156.9491485994
"Global Net-zero","British Columbia","Interprovincial Out-Flows",2037,3351.74779370153
"Global Net-zero","British Columbia","Interprovincial Out-Flows",2038,3546.34060743862
"Global Net-zero","British Columbia","Interprovincial Out-Flows",2039,3620.96333789232
"Global Net-zero","British Columbia","Interprovincial Out-Flows",2040,3851.22557954446
"Global Net-zero","British Columbia","Interprovincial Out-Flows",2041,3578.8676493967
"Global Net-zero","British Columbia","Interprovincial Out-Flows",2042,3418.28832637853
"Global Net-zero","British Columbia","Interprovincial Out-Flows",2043,3260.4653501397
"Global Net-zero","British Columbia","Interprovincial Out-Flows",2044,3004.0016822141
"Global Net-zero","British Columbia","Interprovincial Out-Flows",2045,2914.39955633098
"Global Net-zero","British Columbia","Interprovincial Out-Flows",2046,2803.31580959547
"Global Net-zero","British Columbia","Interprovincial Out-Flows",2047,2612.51116096471
"Global Net-zero","British Columbia","Interprovincial Out-Flows",2048,2397.26234700175
"Global Net-zero","British Columbia","Interprovincial Out-Flows",2049,2174.12511311383
"Global Net-zero","British Columbia","Interprovincial Out-Flows",2050,1945.48457590013
"Global Net-zero","Canada","Interprovincial Out-Flows",2005,47303.41
"Global Net-zero","Canada","Interprovincial Out-Flows",2006,47108.52
"Global Net-zero","Canada","Interprovincial Out-Flows",2007,46159.51
"Global Net-zero","Canada","Interprovincial Out-Flows",2008,47999.03
"Global Net-zero","Canada","Interprovincial Out-Flows",2009,45290.33
"Global Net-zero","Canada","Interprovincial Out-Flows",2010,52315.42
"Global Net-zero","Canada","Interprovincial Out-Flows",2011,54500.64
"Global Net-zero","Canada","Interprovincial Out-Flows",2012,54647.71
"Global Net-zero","Canada","Interprovincial Out-Flows",2013,57773.96
"Global Net-zero","Canada","Interprovincial Out-Flows",2014,43214.46
"Global Net-zero","Canada","Interprovincial Out-Flows",2015,50026.326
"Global Net-zero","Canada","Interprovincial Out-Flows",2016,42431.27
"Global Net-zero","Canada","Interprovincial Out-Flows",2017,40998.67
"Global Net-zero","Canada","Interprovincial Out-Flows",2018,51893.62
"Global Net-zero","Canada","Interprovincial Out-Flows",2019,52128.77
"Global Net-zero","Canada","Interprovincial Out-Flows",2020,50451.3359999999
"Global Net-zero","Canada","Interprovincial Out-Flows",2021,57163.254
"Global Net-zero","Canada","Interprovincial Out-Flows",2022,64958.4539361851
"Global Net-zero","Canada","Interprovincial Out-Flows",2023,63020.1354908261
"Global Net-zero","Canada","Interprovincial Out-Flows",2024,63938.9189418408
"Global Net-zero","Canada","Interprovincial Out-Flows",2025,63795.3434583271
"Global Net-zero","Canada","Interprovincial Out-Flows",2026,63287.6638174292
"Global Net-zero","Canada","Interprovincial Out-Flows",2027,64221.9873694238
"Global Net-zero","Canada","Interprovincial Out-Flows",2028,67453.8223751321
"Global Net-zero","Canada","Interprovincial Out-Flows",2029,67891.0849645826
"Global Net-zero","Canada","Interprovincial Out-Flows",2030,68480.0791783803
"Global Net-zero","Canada","Interprovincial Out-Flows",2031,67455.8011118896
"Global Net-zero","Canada","Interprovincial Out-Flows",2032,68416.7379608767
"Global Net-zero","Canada","Interprovincial Out-Flows",2033,69566.0413450892
"Global Net-zero","Canada","Interprovincial Out-Flows",2034,70124.3605967103
"Global Net-zero","Canada","Interprovincial Out-Flows",2035,97424.1550710946
"Global Net-zero","Canada","Interprovincial Out-Flows",2036,96471.0899850053
"Global Net-zero","Canada","Interprovincial Out-Flows",2037,95740.0342714119
"Global Net-zero","Canada","Interprovincial Out-Flows",2038,95133.4968305103
"Global Net-zero","Canada","Interprovincial Out-Flows",2039,94442.4651614743
"Global Net-zero","Canada","Interprovincial Out-Flows",2040,93776.1343007898
"Global Net-zero","Canada","Interprovincial Out-Flows",2041,93294.264126632
"Global Net-zero","Canada","Interprovincial Out-Flows",2042,94874.9019418886
"Global Net-zero","Canada","Interprovincial Out-Flows",2043,95017.5762595844
"Global Net-zero","Canada","Interprovincial Out-Flows",2044,93340.2260828626
"Global Net-zero","Canada","Interprovincial Out-Flows",2045,93558.3136056415
"Global Net-zero","Canada","Interprovincial Out-Flows",2046,92996.8322980412
"Global Net-zero","Canada","Interprovincial Out-Flows",2047,92322.0165906098
"Global Net-zero","Canada","Interprovincial Out-Flows",2048,92019.1335414579
"Global Net-zero","Canada","Interprovincial Out-Flows",2049,91728.228823031
"Global Net-zero","Canada","Interprovincial Out-Flows",2050,92525.3046216609
"Global Net-zero","Manitoba","Interprovincial Out-Flows",2005,3300.92
"Global Net-zero","Manitoba","Interprovincial Out-Flows",2006,2198.15
"Global Net-zero","Manitoba","Interprovincial Out-Flows",2007,1782.19
"Global Net-zero","Manitoba","Interprovincial Out-Flows",2008,745.55
"Global Net-zero","Manitoba","Interprovincial Out-Flows",2009,392.07
"Global Net-zero","Manitoba","Interprovincial Out-Flows",2010,651.24
"Global Net-zero","Manitoba","Interprovincial Out-Flows",2011,933.1
"Global Net-zero","Manitoba","Interprovincial Out-Flows",2012,883.85
"Global Net-zero","Manitoba","Interprovincial Out-Flows",2013,784.26
"Global Net-zero","Manitoba","Interprovincial Out-Flows",2014,929.07
"Global Net-zero","Manitoba","Interprovincial Out-Flows",2015,857.924
"Global Net-zero","Manitoba","Interprovincial Out-Flows",2016,1228.987
"Global Net-zero","Manitoba","Interprovincial Out-Flows",2017,1318.747
"Global Net-zero","Manitoba","Interprovincial Out-Flows",2018,791.508
"Global Net-zero","Manitoba","Interprovincial Out-Flows",2019,562.9534
"Global Net-zero","Manitoba","Interprovincial Out-Flows",2020,1154.819
"Global Net-zero","Manitoba","Interprovincial Out-Flows",2021,1326.701
"Global Net-zero","Manitoba","Interprovincial Out-Flows",2022,3216.14268978992
"Global Net-zero","Manitoba","Interprovincial Out-Flows",2023,3241.59626609827
"Global Net-zero","Manitoba","Interprovincial Out-Flows",2024,3037.26031428753
"Global Net-zero","Manitoba","Interprovincial Out-Flows",2025,3077.66825488525
"Global Net-zero","Manitoba","Interprovincial Out-Flows",2026,3281.85455921743
"Global Net-zero","Manitoba","Interprovincial Out-Flows",2027,3357.01325422098
"Global Net-zero","Manitoba","Interprovincial Out-Flows",2028,3492.7876657655
"Global Net-zero","Manitoba","Interprovincial Out-Flows",2029,3446.52776942344
"Global Net-zero","Manitoba","Interprovincial Out-Flows",2030,3606.14306710692
"Global Net-zero","Manitoba","Interprovincial Out-Flows",2031,3533.99076941711
"Global Net-zero","Manitoba","Interprovincial Out-Flows",2032,3529.20878199606
"Global Net-zero","Manitoba","Interprovincial Out-Flows",2033,3438.07859350641
"Global Net-zero","Manitoba","Interprovincial Out-Flows",2034,3321.62144647114
"Global Net-zero","Manitoba","Interprovincial Out-Flows",2035,10459.081133154
"Global Net-zero","Manitoba","Interprovincial Out-Flows",2036,10458.1743506835
"Global Net-zero","Manitoba","Interprovincial Out-Flows",2037,10441.0215324295
"Global Net-zero","Manitoba","Interprovincial Out-Flows",2038,10499.7653005315
"Global Net-zero","Manitoba","Interprovincial Out-Flows",2039,10531.1577384128
"Global Net-zero","Manitoba","Interprovincial Out-Flows",2040,10305.6933693457
"Global Net-zero","Manitoba","Interprovincial Out-Flows",2041,10204.0447877678
"Global Net-zero","Manitoba","Interprovincial Out-Flows",2042,10035.0446203614
"Global Net-zero","Manitoba","Interprovincial Out-Flows",2043,9872.88073721785
"Global Net-zero","Manitoba","Interprovincial Out-Flows",2044,9721.31139033892
"Global Net-zero","Manitoba","Interprovincial Out-Flows",2045,9681.01876571497
"Global Net-zero","Manitoba","Interprovincial Out-Flows",2046,9523.50341187817
"Global Net-zero","Manitoba","Interprovincial Out-Flows",2047,9382.18010232417
"Global Net-zero","Manitoba","Interprovincial Out-Flows",2048,9190.7999994888
"Global Net-zero","Manitoba","Interprovincial Out-Flows",2049,9045.99536032724
"Global Net-zero","Manitoba","Interprovincial Out-Flows",2050,8909.4438670244
"Global Net-zero","New Brunswick","Interprovincial Out-Flows",2005,2360.93
"Global Net-zero","New Brunswick","Interprovincial Out-Flows",2006,2003.69
"Global Net-zero","New Brunswick","Interprovincial Out-Flows",2007,1556.76
"Global Net-zero","New Brunswick","Interprovincial Out-Flows",2008,1418.45
"Global Net-zero","New Brunswick","Interprovincial Out-Flows",2009,1336.9
"Global Net-zero","New Brunswick","Interprovincial Out-Flows",2010,1468.83
"Global Net-zero","New Brunswick","Interprovincial Out-Flows",2011,1535.91
"Global Net-zero","New Brunswick","Interprovincial Out-Flows",2012,1708.72
"Global Net-zero","New Brunswick","Interprovincial Out-Flows",2013,2401.74
"Global Net-zero","New Brunswick","Interprovincial Out-Flows",2014,1115.43
"Global Net-zero","New Brunswick","Interprovincial Out-Flows",2015,1700.689
"Global Net-zero","New Brunswick","Interprovincial Out-Flows",2016,1995.882
"Global Net-zero","New Brunswick","Interprovincial Out-Flows",2017,2067.679
"Global Net-zero","New Brunswick","Interprovincial Out-Flows",2018,1616.125
"Global Net-zero","New Brunswick","Interprovincial Out-Flows",2019,2691.272
"Global Net-zero","New Brunswick","Interprovincial Out-Flows",2020,1857.134
"Global Net-zero","New Brunswick","Interprovincial Out-Flows",2021,2062.863
"Global Net-zero","New Brunswick","Interprovincial Out-Flows",2022,1103.15291847897
"Global Net-zero","New Brunswick","Interprovincial Out-Flows",2023,1155.91201209375
"Global Net-zero","New Brunswick","Interprovincial Out-Flows",2024,1326.78119152361
"Global Net-zero","New Brunswick","Interprovincial Out-Flows",2025,1734.74613916168
"Global Net-zero","New Brunswick","Interprovincial Out-Flows",2026,1058.09446309878
"Global Net-zero","New Brunswick","Interprovincial Out-Flows",2027,865.085473098763
"Global Net-zero","New Brunswick","Interprovincial Out-Flows",2028,885.143835410386
"Global Net-zero","New Brunswick","Interprovincial Out-Flows",2029,921.99230491581
"Global Net-zero","New Brunswick","Interprovincial Out-Flows",2030,938.79772128542
"Global Net-zero","New Brunswick","Interprovincial Out-Flows",2031,968.93517350699
"Global Net-zero","New Brunswick","Interprovincial Out-Flows",2032,1010.72348095775
"Global Net-zero","New Brunswick","Interprovincial Out-Flows",2033,1056.91297505992
"Global Net-zero","New Brunswick","Interprovincial Out-Flows",2034,1095.81489224908
"Global Net-zero","New Brunswick","Interprovincial Out-Flows",2035,761.2747561944
"Global Net-zero","New Brunswick","Interprovincial Out-Flows",2036,722.77145449265
"Global Net-zero","New Brunswick","Interprovincial Out-Flows",2037,695.409217517501
"Global Net-zero","New Brunswick","Interprovincial Out-Flows",2038,684.860038532431
"Global Net-zero","New Brunswick","Interprovincial Out-Flows",2039,640.154064571799
"Global Net-zero","New Brunswick","Interprovincial Out-Flows",2040,610.892865898531
"Global Net-zero","New Brunswick","Interprovincial Out-Flows",2041,688.645553266566
"Global Net-zero","New Brunswick","Interprovincial Out-Flows",2042,463.026800904342
"Global Net-zero","New Brunswick","Interprovincial Out-Flows",2043,457.674350433135
"Global Net-zero","New Brunswick","Interprovincial Out-Flows",2044,617.918540330809
"Global Net-zero","New Brunswick","Interprovincial Out-Flows",2045,602.527528684803
"Global Net-zero","New Brunswick","Interprovincial Out-Flows",2046,633.284813205386
"Global Net-zero","New Brunswick","Interprovincial Out-Flows",2047,690.93454780983
"Global Net-zero","New Brunswick","Interprovincial Out-Flows",2048,741.898857207556
"Global Net-zero","New Brunswick","Interprovincial Out-Flows",2049,790.284306752385
"Global Net-zero","New Brunswick","Interprovincial Out-Flows",2050,692.961218577607
"Global Net-zero","Newfoundland and Labrador","Interprovincial Out-Flows",2005,30204.72
"Global Net-zero","Newfoundland and Labrador","Interprovincial Out-Flows",2006,31347.58
"Global Net-zero","Newfoundland and Labrador","Interprovincial Out-Flows",2007,30094.86
"Global Net-zero","Newfoundland and Labrador","Interprovincial Out-Flows",2008,31430.6
"Global Net-zero","Newfoundland and Labrador","Interprovincial Out-Flows",2009,27432.36
"Global Net-zero","Newfoundland and Labrador","Interprovincial Out-Flows",2010,30401
"Global Net-zero","Newfoundland and Labrador","Interprovincial Out-Flows",2011,30208.28
"Global Net-zero","Newfoundland and Labrador","Interprovincial Out-Flows",2012,32320.68
"Global Net-zero","Newfoundland and Labrador","Interprovincial Out-Flows",2013,31255.77
"Global Net-zero","Newfoundland and Labrador","Interprovincial Out-Flows",2014,27615.74
"Global Net-zero","Newfoundland and Labrador","Interprovincial Out-Flows",2015,30303.106
"Global Net-zero","Newfoundland and Labrador","Interprovincial Out-Flows",2016,28718.37
"Global Net-zero","Newfoundland and Labrador","Interprovincial Out-Flows",2017,26464.87
"Global Net-zero","Newfoundland and Labrador","Interprovincial Out-Flows",2018,32423.44
"Global Net-zero","Newfoundland and Labrador","Interprovincial Out-Flows",2019,36041.95
"Global Net-zero","Newfoundland and Labrador","Interprovincial Out-Flows",2020,27972.815
"Global Net-zero","Newfoundland and Labrador","Interprovincial Out-Flows",2021,31146.161
"Global Net-zero","Newfoundland and Labrador","Interprovincial Out-Flows",2022,31992.0470354272
"Global Net-zero","Newfoundland and Labrador","Interprovincial Out-Flows",2023,31838.354704604
"Global Net-zero","Newfoundland and Labrador","Interprovincial Out-Flows",2024,31653.9995718577
"Global Net-zero","Newfoundland and Labrador","Interprovincial Out-Flows",2025,31102.2708468641
"Global Net-zero","Newfoundland and Labrador","Interprovincial Out-Flows",2026,31039.5782040501
"Global Net-zero","Newfoundland and Labrador","Interprovincial Out-Flows",2027,30948.7980174504
"Global Net-zero","Newfoundland and Labrador","Interprovincial Out-Flows",2028,30937.8169312312
"Global Net-zero","Newfoundland and Labrador","Interprovincial Out-Flows",2029,30765.9896790938
"Global Net-zero","Newfoundland and Labrador","Interprovincial Out-Flows",2030,30523.8359017093
"Global Net-zero","Newfoundland and Labrador","Interprovincial Out-Flows",2031,30509.7268183061
"Global Net-zero","Newfoundland and Labrador","Interprovincial Out-Flows",2032,30782.9767891791
"Global Net-zero","Newfoundland and Labrador","Interprovincial Out-Flows",2033,31332.5685880254
"Global Net-zero","Newfoundland and Labrador","Interprovincial Out-Flows",2034,31768.1254026503
"Global Net-zero","Newfoundland and Labrador","Interprovincial Out-Flows",2035,32135.7117914726
"Global Net-zero","Newfoundland and Labrador","Interprovincial Out-Flows",2036,31892.0387817565
"Global Net-zero","Newfoundland and Labrador","Interprovincial Out-Flows",2037,31712.696396144
"Global Net-zero","Newfoundland and Labrador","Interprovincial Out-Flows",2038,31535.568985936
"Global Net-zero","Newfoundland and Labrador","Interprovincial Out-Flows",2039,31252.619738311
"Global Net-zero","Newfoundland and Labrador","Interprovincial Out-Flows",2040,31090.0968426856
"Global Net-zero","Newfoundland and Labrador","Interprovincial Out-Flows",2041,30822.2099766016
"Global Net-zero","Newfoundland and Labrador","Interprovincial Out-Flows",2042,30087.5866388754
"Global Net-zero","Newfoundland and Labrador","Interprovincial Out-Flows",2043,29754.6568226009
"Global Net-zero","Newfoundland and Labrador","Interprovincial Out-Flows",2044,29592.9299201718
"Global Net-zero","Newfoundland and Labrador","Interprovincial Out-Flows",2045,29238.6133404745
"Global Net-zero","Newfoundland and Labrador","Interprovincial Out-Flows",2046,28953.4427288711
"Global Net-zero","Newfoundland and Labrador","Interprovincial Out-Flows",2047,28666.5287449901
"Global Net-zero","Newfoundland and Labrador","Interprovincial Out-Flows",2048,28593.1607571426
"Global Net-zero","Newfoundland and Labrador","Interprovincial Out-Flows",2049,28379.3537797921
"Global Net-zero","Newfoundland and Labrador","Interprovincial Out-Flows",2050,28194.9093826972
"Global Net-zero","Nova Scotia","Interprovincial Out-Flows",2005,32.68
"Global Net-zero","Nova Scotia","Interprovincial Out-Flows",2006,118.68
"Global Net-zero","Nova Scotia","Interprovincial Out-Flows",2007,27.3
"Global Net-zero","Nova Scotia","Interprovincial Out-Flows",2008,10.86
"Global Net-zero","Nova Scotia","Interprovincial Out-Flows",2009,10.24
"Global Net-zero","Nova Scotia","Interprovincial Out-Flows",2010,1.21
"Global Net-zero","Nova Scotia","Interprovincial Out-Flows",2011,4.04
"Global Net-zero","Nova Scotia","Interprovincial Out-Flows",2012,33.9
"Global Net-zero","Nova Scotia","Interprovincial Out-Flows",2013,10.52
"Global Net-zero","Nova Scotia","Interprovincial Out-Flows",2014,9.67
"Global Net-zero","Nova Scotia","Interprovincial Out-Flows",2015,35.349
"Global Net-zero","Nova Scotia","Interprovincial Out-Flows",2016,18.9302
"Global Net-zero","Nova Scotia","Interprovincial Out-Flows",2017,12.6202
"Global Net-zero","Nova Scotia","Interprovincial Out-Flows",2018,88.518
"Global Net-zero","Nova Scotia","Interprovincial Out-Flows",2019,35.04
"Global Net-zero","Nova Scotia","Interprovincial Out-Flows",2020,36.248
"Global Net-zero","Nova Scotia","Interprovincial Out-Flows",2021,0.075
"Global Net-zero","Nova Scotia","Interprovincial Out-Flows",2022,1419.48138985294
"Global Net-zero","Nova Scotia","Interprovincial Out-Flows",2023,1403.28649088253
"Global Net-zero","Nova Scotia","Interprovincial Out-Flows",2024,1275.08525179486
"Global Net-zero","Nova Scotia","Interprovincial Out-Flows",2025,430.825760051156
"Global Net-zero","Nova Scotia","Interprovincial Out-Flows",2026,1084.37364875938
"Global Net-zero","Nova Scotia","Interprovincial Out-Flows",2027,2433.72960111124
"Global Net-zero","Nova Scotia","Interprovincial Out-Flows",2028,3287.93982059093
"Global Net-zero","Nova Scotia","Interprovincial Out-Flows",2029,3777.68201427109
"Global Net-zero","Nova Scotia","Interprovincial Out-Flows",2030,3709.74478867131
"Global Net-zero","Nova Scotia","Interprovincial Out-Flows",2031,4073.40850342241
"Global Net-zero","Nova Scotia","Interprovincial Out-Flows",2032,4700.20846777193
"Global Net-zero","Nova Scotia","Interprovincial Out-Flows",2033,5281.13894044198
"Global Net-zero","Nova Scotia","Interprovincial Out-Flows",2034,5739.61135384828
"Global Net-zero","Nova Scotia","Interprovincial Out-Flows",2035,6123.14912505584
"Global Net-zero","Nova Scotia","Interprovincial Out-Flows",2036,5919.53254848904
"Global Net-zero","Nova Scotia","Interprovincial Out-Flows",2037,5752.37222621537
"Global Net-zero","Nova Scotia","Interprovincial Out-Flows",2038,5580.61401839568
"Global Net-zero","Nova Scotia","Interprovincial Out-Flows",2039,5373.88749256466
"Global Net-zero","Nova Scotia","Interprovincial Out-Flows",2040,5253.51049700472
"Global Net-zero","Nova Scotia","Interprovincial Out-Flows",2041,5106.49375580997
"Global Net-zero","Nova Scotia","Interprovincial Out-Flows",2042,5060.15243730237
"Global Net-zero","Nova Scotia","Interprovincial Out-Flows",2043,4930.07017807138
"Global Net-zero","Nova Scotia","Interprovincial Out-Flows",2044,4664.03490339696
"Global Net-zero","Nova Scotia","Interprovincial Out-Flows",2045,4546.42977227551
"Global Net-zero","Nova Scotia","Interprovincial Out-Flows",2046,4446.98877791597
"Global Net-zero","Nova Scotia","Interprovincial Out-Flows",2047,4340.76457040278
"Global Net-zero","Nova Scotia","Interprovincial Out-Flows",2048,4231.96596179769
"Global Net-zero","Nova Scotia","Interprovincial Out-Flows",2049,4082.81426440115
"Global Net-zero","Nova Scotia","Interprovincial Out-Flows",2050,3885.53360052126
"Global Net-zero","Ontario","Interprovincial Out-Flows",2005,5567
"Global Net-zero","Ontario","Interprovincial Out-Flows",2006,5296
"Global Net-zero","Ontario","Interprovincial Out-Flows",2007,5475
"Global Net-zero","Ontario","Interprovincial Out-Flows",2008,4583
"Global Net-zero","Ontario","Interprovincial Out-Flows",2009,6157
"Global Net-zero","Ontario","Interprovincial Out-Flows",2010,10536
"Global Net-zero","Ontario","Interprovincial Out-Flows",2011,8919
"Global Net-zero","Ontario","Interprovincial Out-Flows",2012,4041
"Global Net-zero","Ontario","Interprovincial Out-Flows",2013,10958
"Global Net-zero","Ontario","Interprovincial Out-Flows",2014,6528.38
"Global Net-zero","Ontario","Interprovincial Out-Flows",2015,3641
"Global Net-zero","Ontario","Interprovincial Out-Flows",2016,5166.414
"Global Net-zero","Ontario","Interprovincial Out-Flows",2017,5604.96
"Global Net-zero","Ontario","Interprovincial Out-Flows",2018,3179.907
"Global Net-zero","Ontario","Interprovincial Out-Flows",2019,4380
"Global Net-zero","Ontario","Interprovincial Out-Flows",2020,3063.765
"Global Net-zero","Ontario","Interprovincial Out-Flows",2021,2922.559
"Global Net-zero","Ontario","Interprovincial Out-Flows",2022,13626.2220326768
"Global Net-zero","Ontario","Interprovincial Out-Flows",2023,12202.0484120864
"Global Net-zero","Ontario","Interprovincial Out-Flows",2024,12659.2622950955
"Global Net-zero","Ontario","Interprovincial Out-Flows",2025,6188.95485939783
"Global Net-zero","Ontario","Interprovincial Out-Flows",2026,3907.96515069344
"Global Net-zero","Ontario","Interprovincial Out-Flows",2027,3426.46361918623
"Global Net-zero","Ontario","Interprovincial Out-Flows",2028,3179.79803549811
"Global Net-zero","Ontario","Interprovincial Out-Flows",2029,3598.22235069561
"Global Net-zero","Ontario","Interprovincial Out-Flows",2030,4071.83046067324
"Global Net-zero","Ontario","Interprovincial Out-Flows",2031,4278.41416895271
"Global Net-zero","Ontario","Interprovincial Out-Flows",2032,3640.52851093981
"Global Net-zero","Ontario","Interprovincial Out-Flows",2033,3436.39925295811
"Global Net-zero","Ontario","Interprovincial Out-Flows",2034,3277.63681177524
"Global Net-zero","Ontario","Interprovincial Out-Flows",2035,7470.32286510533
"Global Net-zero","Ontario","Interprovincial Out-Flows",2036,7544.6921731179
"Global Net-zero","Ontario","Interprovincial Out-Flows",2037,7595.63109511489
"Global Net-zero","Ontario","Interprovincial Out-Flows",2038,7553.90720371772
"Global Net-zero","Ontario","Interprovincial Out-Flows",2039,7711.93522086611
"Global Net-zero","Ontario","Interprovincial Out-Flows",2040,7882.05707138919
"Global Net-zero","Ontario","Interprovincial Out-Flows",2041,7907.65651775686
"Global Net-zero","Ontario","Interprovincial Out-Flows",2042,9238.88698286516
"Global Net-zero","Ontario","Interprovincial Out-Flows",2043,9698.99806793961
"Global Net-zero","Ontario","Interprovincial Out-Flows",2044,9431.5213203935
"Global Net-zero","Ontario","Interprovincial Out-Flows",2045,10074.9881592608
"Global Net-zero","Ontario","Interprovincial Out-Flows",2046,10963.5582697134
"Global Net-zero","Ontario","Interprovincial Out-Flows",2047,11753.7701275691
"Global Net-zero","Ontario","Interprovincial Out-Flows",2048,12478.6169417307
"Global Net-zero","Ontario","Interprovincial Out-Flows",2049,13258.8422745949
"Global Net-zero","Ontario","Interprovincial Out-Flows",2050,14420.8248806868
"Global Net-zero","Prince Edward Island","Interprovincial Out-Flows",2005,0
"Global Net-zero","Prince Edward Island","Interprovincial Out-Flows",2006,0
"Global Net-zero","Prince Edward Island","Interprovincial Out-Flows",2007,0
"Global Net-zero","Prince Edward Island","Interprovincial Out-Flows",2008,0.41
"Global Net-zero","Prince Edward Island","Interprovincial Out-Flows",2009,161.44
"Global Net-zero","Prince Edward Island","Interprovincial Out-Flows",2010,249.93
"Global Net-zero","Prince Edward Island","Interprovincial Out-Flows",2011,269.22
"Global Net-zero","Prince Edward Island","Interprovincial Out-Flows",2012,258.14
"Global Net-zero","Prince Edward Island","Interprovincial Out-Flows",2013,277.41
"Global Net-zero","Prince Edward Island","Interprovincial Out-Flows",2014,0
"Global Net-zero","Prince Edward Island","Interprovincial Out-Flows",2015,321.298
"Global Net-zero","Prince Edward Island","Interprovincial Out-Flows",2016,0
"Global Net-zero","Prince Edward Island","Interprovincial Out-Flows",2017,0
"Global Net-zero","Prince Edward Island","Interprovincial Out-Flows",2018,310.648
"Global Net-zero","Prince Edward Island","Interprovincial Out-Flows",2019,0
"Global Net-zero","Prince Edward Island","Interprovincial Out-Flows",2020,0
"Global Net-zero","Prince Edward Island","Interprovincial Out-Flows",2021,0
"Global Net-zero","Prince Edward Island","Interprovincial Out-Flows",2022,47.3828280872577
"Global Net-zero","Prince Edward Island","Interprovincial Out-Flows",2023,44.5208029628866
"Global Net-zero","Prince Edward Island","Interprovincial Out-Flows",2024,41.1951602371134
"Global Net-zero","Prince Edward Island","Interprovincial Out-Flows",2025,152.641926969587
"Global Net-zero","Prince Edward Island","Interprovincial Out-Flows",2026,144.318107695876
"Global Net-zero","Prince Edward Island","Interprovincial Out-Flows",2027,134.729660718556
"Global Net-zero","Prince Edward Island","Interprovincial Out-Flows",2028,123.619619646907
"Global Net-zero","Prince Edward Island","Interprovincial Out-Flows",2029,113.478371894854
"Global Net-zero","Prince Edward Island","Interprovincial Out-Flows",2030,104.755934015618
"Global Net-zero","Prince Edward Island","Interprovincial Out-Flows",2031,95.4459288650103
"Global Net-zero","Prince Edward Island","Interprovincial Out-Flows",2032,84.6414448180412
"Global Net-zero","Prince Edward Island","Interprovincial Out-Flows",2033,73.4154263388029
"Global Net-zero","Prince Edward Island","Interprovincial Out-Flows",2034,62.3911076651958
"Global Net-zero","Prince Edward Island","Interprovincial Out-Flows",2035,125.260759242391
"Global Net-zero","Prince Edward Island","Interprovincial Out-Flows",2036,139.723292729536
"Global Net-zero","Prince Edward Island","Interprovincial Out-Flows",2037,167.169500670154
"Global Net-zero","Prince Edward Island","Interprovincial Out-Flows",2038,188.495317525347
"Global Net-zero","Prince Edward Island","Interprovincial Out-Flows",2039,226.45439569278
"Global Net-zero","Prince Edward Island","Interprovincial Out-Flows",2040,309.955222494299
"Global Net-zero","Prince Edward Island","Interprovincial Out-Flows",2041,286.02435950318
"Global Net-zero","Prince Edward Island","Interprovincial Out-Flows",2042,365.443820031257
"Global Net-zero","Prince Edward Island","Interprovincial Out-Flows",2043,380.908057481412
"Global Net-zero","Prince Edward Island","Interprovincial Out-Flows",2044,346.729078863299
"Global Net-zero","Prince Edward Island","Interprovincial Out-Flows",2045,355.594886974482
"Global Net-zero","Prince Edward Island","Interprovincial Out-Flows",2046,335.333096262447
"Global Net-zero","Prince Edward Island","Interprovincial Out-Flows",2047,306.755422540089
"Global Net-zero","Prince Edward Island","Interprovincial Out-Flows",2048,273.889911958818
"Global Net-zero","Prince Edward Island","Interprovincial Out-Flows",2049,247.174193571729
"Global Net-zero","Prince Edward Island","Interprovincial Out-Flows",2050,343.39071121957
"Global Net-zero","Quebec","Interprovincial Out-Flows",2005,2881
"Global Net-zero","Quebec","Interprovincial Out-Flows",2006,3116
"Global Net-zero","Quebec","Interprovincial Out-Flows",2007,4046
"Global Net-zero","Quebec","Interprovincial Out-Flows",2008,6975
"Global Net-zero","Quebec","Interprovincial Out-Flows",2009,7249
"Global Net-zero","Quebec","Interprovincial Out-Flows",2010,6004
"Global Net-zero","Quebec","Interprovincial Out-Flows",2011,6046
"Global Net-zero","Quebec","Interprovincial Out-Flows",2012,8492
"Global Net-zero","Quebec","Interprovincial Out-Flows",2013,7122
"Global Net-zero","Quebec","Interprovincial Out-Flows",2014,5101.87
"Global Net-zero","Quebec","Interprovincial Out-Flows",2015,11373.662
"Global Net-zero","Quebec","Interprovincial Out-Flows",2016,3935.167
"Global Net-zero","Quebec","Interprovincial Out-Flows",2017,4081.908
"Global Net-zero","Quebec","Interprovincial Out-Flows",2018,10608.509
"Global Net-zero","Quebec","Interprovincial Out-Flows",2019,7199.166
"Global Net-zero","Quebec","Interprovincial Out-Flows",2020,9944.782
"Global Net-zero","Quebec","Interprovincial Out-Flows",2021,13275.062
"Global Net-zero","Quebec","Interprovincial Out-Flows",2022,6641.81303607626
"Global Net-zero","Quebec","Interprovincial Out-Flows",2023,6296.86870676092
"Global Net-zero","Quebec","Interprovincial Out-Flows",2024,6652.70016397429
"Global Net-zero","Quebec","Interprovincial Out-Flows",2025,13603.5394393988
"Global Net-zero","Quebec","Interprovincial Out-Flows",2026,15010.1000897702
"Global Net-zero","Quebec","Interprovincial Out-Flows",2027,15068.4803413205
"Global Net-zero","Quebec","Interprovincial Out-Flows",2028,17522.2099302841
"Global Net-zero","Quebec","Interprovincial Out-Flows",2029,18186.9612685833
"Global Net-zero","Quebec","Interprovincial Out-Flows",2030,18941.1783369454
"Global Net-zero","Quebec","Interprovincial Out-Flows",2031,17572.0931849132
"Global Net-zero","Quebec","Interprovincial Out-Flows",2032,17498.5134510109
"Global Net-zero","Quebec","Interprovincial Out-Flows",2033,17438.4270598652
"Global Net-zero","Quebec","Interprovincial Out-Flows",2034,17283.9190500725
"Global Net-zero","Quebec","Interprovincial Out-Flows",2035,21712.9293819865
"Global Net-zero","Quebec","Interprovincial Out-Flows",2036,21242.2649040515
"Global Net-zero","Quebec","Interprovincial Out-Flows",2037,20970.9979721045
"Global Net-zero","Quebec","Interprovincial Out-Flows",2038,20609.2990082674
"Global Net-zero","Quebec","Interprovincial Out-Flows",2039,20155.0324406587
"Global Net-zero","Quebec","Interprovincial Out-Flows",2040,19757.636728303
"Global Net-zero","Quebec","Interprovincial Out-Flows",2041,19574.7839088976
"Global Net-zero","Quebec","Interprovincial Out-Flows",2042,20791.3601247231
"Global Net-zero","Quebec","Interprovincial Out-Flows",2043,20844.1256152261
"Global Net-zero","Quebec","Interprovincial Out-Flows",2044,19604.9430009509
"Global Net-zero","Quebec","Interprovincial Out-Flows",2045,19493.8299638944
"Global Net-zero","Quebec","Interprovincial Out-Flows",2046,18382.2963304168
"Global Net-zero","Quebec","Interprovincial Out-Flows",2047,17233.5745660915
"Global Net-zero","Quebec","Interprovincial Out-Flows",2048,16284.2891304253
"Global Net-zero","Quebec","Interprovincial Out-Flows",2049,15318.6206359631
"Global Net-zero","Quebec","Interprovincial Out-Flows",2050,15140.175608022
"Global Net-zero","Saskatchewan","Interprovincial Out-Flows",2005,769.21
"Global Net-zero","Saskatchewan","Interprovincial Out-Flows",2006,1183.28
"Global Net-zero","Saskatchewan","Interprovincial Out-Flows",2007,840.18
"Global Net-zero","Saskatchewan","Interprovincial Out-Flows",2008,783.01
"Global Net-zero","Saskatchewan","Interprovincial Out-Flows",2009,496.95
"Global Net-zero","Saskatchewan","Interprovincial Out-Flows",2010,594.54
"Global Net-zero","Saskatchewan","Interprovincial Out-Flows",2011,718.87
"Global Net-zero","Saskatchewan","Interprovincial Out-Flows",2012,745.73
"Global Net-zero","Saskatchewan","Interprovincial Out-Flows",2013,699.21
"Global Net-zero","Saskatchewan","Interprovincial Out-Flows",2014,62.32
"Global Net-zero","Saskatchewan","Interprovincial Out-Flows",2015,119.231
"Global Net-zero","Saskatchewan","Interprovincial Out-Flows",2016,17.8646
"Global Net-zero","Saskatchewan","Interprovincial Out-Flows",2017,5.2704
"Global Net-zero","Saskatchewan","Interprovincial Out-Flows",2018,355.456
"Global Net-zero","Saskatchewan","Interprovincial Out-Flows",2019,0
"Global Net-zero","Saskatchewan","Interprovincial Out-Flows",2020,372.35
"Global Net-zero","Saskatchewan","Interprovincial Out-Flows",2021,274.667
"Global Net-zero","Saskatchewan","Interprovincial Out-Flows",2022,921.865589996866
"Global Net-zero","Saskatchewan","Interprovincial Out-Flows",2023,398.784640113141
"Global Net-zero","Saskatchewan","Interprovincial Out-Flows",2024,1201.43049195345
"Global Net-zero","Saskatchewan","Interprovincial Out-Flows",2025,411.846452933446
"Global Net-zero","Saskatchewan","Interprovincial Out-Flows",2026,447.131927725946
"Global Net-zero","Saskatchewan","Interprovincial Out-Flows",2027,480.178834154956
"Global Net-zero","Saskatchewan","Interprovincial Out-Flows",2028,500.605431180192
"Global Net-zero","Saskatchewan","Interprovincial Out-Flows",2029,700.046749114123
"Global Net-zero","Saskatchewan","Interprovincial Out-Flows",2030,773.597844233357
"Global Net-zero","Saskatchewan","Interprovincial Out-Flows",2031,797.833651737379
"Global Net-zero","Saskatchewan","Interprovincial Out-Flows",2032,845.305002256387
"Global Net-zero","Saskatchewan","Interprovincial Out-Flows",2033,880.124511506477
"Global Net-zero","Saskatchewan","Interprovincial Out-Flows",2034,917.588945160263
"Global Net-zero","Saskatchewan","Interprovincial Out-Flows",2035,5109.09174033526
"Global Net-zero","Saskatchewan","Interprovincial Out-Flows",2036,5005.17347622871
"Global Net-zero","Saskatchewan","Interprovincial Out-Flows",2037,4905.13452799046
"Global Net-zero","Saskatchewan","Interprovincial Out-Flows",2038,4877.92127698903
"Global Net-zero","Saskatchewan","Interprovincial Out-Flows",2039,4842.46771885126
"Global Net-zero","Saskatchewan","Interprovincial Out-Flows",2040,4774.50951981792
"Global Net-zero","Saskatchewan","Interprovincial Out-Flows",2041,4902.37916559533
"Global Net-zero","Saskatchewan","Interprovincial Out-Flows",2042,5016.84998399375
"Global Net-zero","Saskatchewan","Interprovincial Out-Flows",2043,5237.66522389624
"Global Net-zero","Saskatchewan","Interprovincial Out-Flows",2044,5431.89499186556
"Global Net-zero","Saskatchewan","Interprovincial Out-Flows",2045,5577.84066135
"Global Net-zero","Saskatchewan","Interprovincial Out-Flows",2046,5529.91517490837
"Global Net-zero","Saskatchewan","Interprovincial Out-Flows",2047,5532.73360030138
"Global Net-zero","Saskatchewan","Interprovincial Out-Flows",2048,5554.06761104886
"Global Net-zero","Saskatchewan","Interprovincial Out-Flows",2049,5569.23231001232
"Global Net-zero","Saskatchewan","Interprovincial Out-Flows",2050,5520.02412051601
"Canada Net-zero","Alberta","Net Interprovincial Out-Flows",2005,-541.889999999999
"Canada Net-zero","Alberta","Net Interprovincial Out-Flows",2006,-1231.61
"Canada Net-zero","Alberta","Net Interprovincial Out-Flows",2007,-563.369999999999
"Canada Net-zero","Alberta","Net Interprovincial Out-Flows",2008,-1771.56
"Canada Net-zero","Alberta","Net Interprovincial Out-Flows",2009,-3847.42999999999
"Canada Net-zero","Alberta","Net Interprovincial Out-Flows",2010,-4510.96
"Canada Net-zero","Alberta","Net Interprovincial Out-Flows",2011,-8826.44999999999
"Canada Net-zero","Alberta","Net Interprovincial Out-Flows",2012,-6285.77
"Canada Net-zero","Alberta","Net Interprovincial Out-Flows",2013,-3840.5
"Canada Net-zero","Alberta","Net Interprovincial Out-Flows",2014,-827.13
"Canada Net-zero","Alberta","Net Interprovincial Out-Flows",2015,-320.218
"Canada Net-zero","Alberta","Net Interprovincial Out-Flows",2016,-1262.9069
"Canada Net-zero","Alberta","Net Interprovincial Out-Flows",2017,-1157.6682
"Canada Net-zero","Alberta","Net Interprovincial Out-Flows",2018,-1675.493
"Canada Net-zero","Alberta","Net Interprovincial Out-Flows",2019,-623.9248
"Canada Net-zero","Alberta","Net Interprovincial Out-Flows",2020,-4544.994
"Canada Net-zero","Alberta","Net Interprovincial Out-Flows",2021,-3371.93399999999
"Canada Net-zero","Alberta","Net Interprovincial Out-Flows",2022,227.58951691791
"Canada Net-zero","Alberta","Net Interprovincial Out-Flows",2023,4001.63099973012
"Canada Net-zero","Alberta","Net Interprovincial Out-Flows",2024,3761.06285366396
"Canada Net-zero","Alberta","Net Interprovincial Out-Flows",2025,4315.16033215535
"Canada Net-zero","Alberta","Net Interprovincial Out-Flows",2026,4805.2563371903
"Canada Net-zero","Alberta","Net Interprovincial Out-Flows",2027,4768.06123499969
"Canada Net-zero","Alberta","Net Interprovincial Out-Flows",2028,6136.40702030214
"Canada Net-zero","Alberta","Net Interprovincial Out-Flows",2029,6484.35632935842
"Canada Net-zero","Alberta","Net Interprovincial Out-Flows",2030,6696.98487326426
"Canada Net-zero","Alberta","Net Interprovincial Out-Flows",2031,5886.60456434555
"Canada Net-zero","Alberta","Net Interprovincial Out-Flows",2032,5454.75647337322
"Canada Net-zero","Alberta","Net Interprovincial Out-Flows",2033,4396.26971112372
"Canada Net-zero","Alberta","Net Interprovincial Out-Flows",2034,3271.00443571335
"Canada Net-zero","Alberta","Net Interprovincial Out-Flows",2035,5821.00351802438
"Canada Net-zero","Alberta","Net Interprovincial Out-Flows",2036,5726.51378765997
"Canada Net-zero","Alberta","Net Interprovincial Out-Flows",2037,6138.22694343312
"Canada Net-zero","Alberta","Net Interprovincial Out-Flows",2038,6475.188244242
"Canada Net-zero","Alberta","Net Interprovincial Out-Flows",2039,7069.09401643212
"Canada Net-zero","Alberta","Net Interprovincial Out-Flows",2040,7579.47849425314
"Canada Net-zero","Alberta","Net Interprovincial Out-Flows",2041,7393.27725148706
"Canada Net-zero","Alberta","Net Interprovincial Out-Flows",2042,7104.96743546043
"Canada Net-zero","Alberta","Net Interprovincial Out-Flows",2043,6572.65428703588
"Canada Net-zero","Alberta","Net Interprovincial Out-Flows",2044,6298.03392093169
"Canada Net-zero","Alberta","Net Interprovincial Out-Flows",2045,5478.46792544593
"Canada Net-zero","Alberta","Net Interprovincial Out-Flows",2046,5417.6109567081
"Canada Net-zero","Alberta","Net Interprovincial Out-Flows",2047,5369.86580213012
"Canada Net-zero","Alberta","Net Interprovincial Out-Flows",2048,5302.5069280394
"Canada Net-zero","Alberta","Net Interprovincial Out-Flows",2049,5190.6740749197
"Canada Net-zero","Alberta","Net Interprovincial Out-Flows",2050,5037.53900380135
"Canada Net-zero","British Columbia","Net Interprovincial Out-Flows",2005,35.7699999999999
"Canada Net-zero","British Columbia","Net Interprovincial Out-Flows",2006,630.339999999999
"Canada Net-zero","British Columbia","Net Interprovincial Out-Flows",2007,18.0899999999999
"Canada Net-zero","British Columbia","Net Interprovincial Out-Flows",2008,1085.78
"Canada Net-zero","British Columbia","Net Interprovincial Out-Flows",2009,850.06
"Canada Net-zero","British Columbia","Net Interprovincial Out-Flows",2010,1428.39
"Canada Net-zero","British Columbia","Net Interprovincial Out-Flows",2011,5187.8
"Canada Net-zero","British Columbia","Net Interprovincial Out-Flows",2012,4185.52
"Canada Net-zero","British Columbia","Net Interprovincial Out-Flows",2013,1842.6
"Canada Net-zero","British Columbia","Net Interprovincial Out-Flows",2014,926.389999999999
"Canada Net-zero","British Columbia","Net Interprovincial Out-Flows",2015,306.945
"Canada Net-zero","British Columbia","Net Interprovincial Out-Flows",2016,1314
"Canada Net-zero","British Columbia","Net Interprovincial Out-Flows",2017,1314
"Canada Net-zero","British Columbia","Net Interprovincial Out-Flows",2018,1478.752
"Canada Net-zero","British Columbia","Net Interprovincial Out-Flows",2019,731.2537
"Canada Net-zero","British Columbia","Net Interprovincial Out-Flows",2020,4193.249
"Canada Net-zero","British Columbia","Net Interprovincial Out-Flows",2021,3250.33699999999
"Canada Net-zero","British Columbia","Net Interprovincial Out-Flows",2022,-979.56308870445
"Canada Net-zero","British Columbia","Net Interprovincial Out-Flows",2023,-3789.4050264262
"Canada Net-zero","British Columbia","Net Interprovincial Out-Flows",2024,-4829.73822891232
"Canada Net-zero","British Columbia","Net Interprovincial Out-Flows",2025,-4705.45131339899
"Canada Net-zero","British Columbia","Net Interprovincial Out-Flows",2026,-5192.28047528608
"Canada Net-zero","British Columbia","Net Interprovincial Out-Flows",2027,-5303.93159926194
"Canada Net-zero","British Columbia","Net Interprovincial Out-Flows",2028,-6323.7871594856
"Canada Net-zero","British Columbia","Net Interprovincial Out-Flows",2029,-6651.55797400109
"Canada Net-zero","British Columbia","Net Interprovincial Out-Flows",2030,-6938.68879665116
"Canada Net-zero","British Columbia","Net Interprovincial Out-Flows",2031,-5855.80745466288
"Canada Net-zero","British Columbia","Net Interprovincial Out-Flows",2032,-5340.77285221667
"Canada Net-zero","British Columbia","Net Interprovincial Out-Flows",2033,-4247.64715290538
"Canada Net-zero","British Columbia","Net Interprovincial Out-Flows",2034,-3390.80043006852
"Canada Net-zero","British Columbia","Net Interprovincial Out-Flows",2035,-8095.23588586193
"Canada Net-zero","British Columbia","Net Interprovincial Out-Flows",2036,-7950.24118167361
"Canada Net-zero","British Columbia","Net Interprovincial Out-Flows",2037,-8318.76207057372
"Canada Net-zero","British Columbia","Net Interprovincial Out-Flows",2038,-8676.67480017144
"Canada Net-zero","British Columbia","Net Interprovincial Out-Flows",2039,-9090.57936176101
"Canada Net-zero","British Columbia","Net Interprovincial Out-Flows",2040,-9355.77134326647
"Canada Net-zero","British Columbia","Net Interprovincial Out-Flows",2041,-9005.60918443853
"Canada Net-zero","British Columbia","Net Interprovincial Out-Flows",2042,-8513.89708860637
"Canada Net-zero","British Columbia","Net Interprovincial Out-Flows",2043,-7988.30195081147
"Canada Net-zero","British Columbia","Net Interprovincial Out-Flows",2044,-7754.05489638047
"Canada Net-zero","British Columbia","Net Interprovincial Out-Flows",2045,-6993.15722030617
"Canada Net-zero","British Columbia","Net Interprovincial Out-Flows",2046,-6868.61456855157
"Canada Net-zero","British Columbia","Net Interprovincial Out-Flows",2047,-6853.12437749944
"Canada Net-zero","British Columbia","Net Interprovincial Out-Flows",2048,-6804.45143446328
"Canada Net-zero","British Columbia","Net Interprovincial Out-Flows",2049,-6686.91623010377
"Canada Net-zero","British Columbia","Net Interprovincial Out-Flows",2050,-6643.23064648306
"Canada Net-zero","Canada","Net Interprovincial Out-Flows",2005,0.450000000004365
"Canada Net-zero","Canada","Net Interprovincial Out-Flows",2006,8.8399999999965
"Canada Net-zero","Canada","Net Interprovincial Out-Flows",2007,10.1300000000046
"Canada Net-zero","Canada","Net Interprovincial Out-Flows",2008,-0.230000000003201
"Canada Net-zero","Canada","Net Interprovincial Out-Flows",2009,49.9599999999991
"Canada Net-zero","Canada","Net Interprovincial Out-Flows",2010,-1.47000000000116
"Canada Net-zero","Canada","Net Interprovincial Out-Flows",2011,0.37999999999738
"Canada Net-zero","Canada","Net Interprovincial Out-Flows",2012,-0.590000000003783
"Canada Net-zero","Canada","Net Interprovincial Out-Flows",2013,0.760000000002037
"Canada Net-zero","Canada","Net Interprovincial Out-Flows",2014,0
"Canada Net-zero","Canada","Net Interprovincial Out-Flows",2015,0
"Canada Net-zero","Canada","Net Interprovincial Out-Flows",2016,1060.77999999999
"Canada Net-zero","Canada","Net Interprovincial Out-Flows",2017,1024.95999999999
"Canada Net-zero","Canada","Net Interprovincial Out-Flows",2018,1531.92
"Canada Net-zero","Canada","Net Interprovincial Out-Flows",2019,1303.20999999999
"Canada Net-zero","Canada","Net Interprovincial Out-Flows",2020,-69.3383085883006
"Canada Net-zero","Canada","Net Interprovincial Out-Flows",2021,263.135343429746
"Canada Net-zero","Canada","Net Interprovincial Out-Flows",2022,-7.27595761418342e-12
"Canada Net-zero","Canada","Net Interprovincial Out-Flows",2023,0
"Canada Net-zero","Canada","Net Interprovincial Out-Flows",2024,0
"Canada Net-zero","Canada","Net Interprovincial Out-Flows",2025,0
"Canada Net-zero","Canada","Net Interprovincial Out-Flows",2026,0
"Canada Net-zero","Canada","Net Interprovincial Out-Flows",2027,0
"Canada Net-zero","Canada","Net Interprovincial Out-Flows",2028,0
"Canada Net-zero","Canada","Net Interprovincial Out-Flows",2029,0
"Canada Net-zero","Canada","Net Interprovincial Out-Flows",2030,-1.45519152283668e-11
"Canada Net-zero","Canada","Net Interprovincial Out-Flows",2031,0
"Canada Net-zero","Canada","Net Interprovincial Out-Flows",2032,0
"Canada Net-zero","Canada","Net Interprovincial Out-Flows",2033,0
"Canada Net-zero","Canada","Net Interprovincial Out-Flows",2034,0
"Canada Net-zero","Canada","Net Interprovincial Out-Flows",2035,0
"Canada Net-zero","Canada","Net Interprovincial Out-Flows",2036,0
"Canada Net-zero","Canada","Net Interprovincial Out-Flows",2037,1.45519152283668e-11
"Canada Net-zero","Canada","Net Interprovincial Out-Flows",2038,0
"Canada Net-zero","Canada","Net Interprovincial Out-Flows",2039,0
"Canada Net-zero","Canada","Net Interprovincial Out-Flows",2040,-1.45519152283668e-11
"Canada Net-zero","Canada","Net Interprovincial Out-Flows",2041,0
"Canada Net-zero","Canada","Net Interprovincial Out-Flows",2042,0
"Canada Net-zero","Canada","Net Interprovincial Out-Flows",2043,0
"Canada Net-zero","Canada","Net Interprovincial Out-Flows",2044,0
"Canada Net-zero","Canada","Net Interprovincial Out-Flows",2045,0
"Canada Net-zero","Canada","Net Interprovincial Out-Flows",2046,-1.45519152283668e-11
"Canada Net-zero","Canada","Net Interprovincial Out-Flows",2047,0
"Canada Net-zero","Canada","Net Interprovincial Out-Flows",2048,1.45519152283668e-11
"Canada Net-zero","Canada","Net Interprovincial Out-Flows",2049,0
"Canada Net-zero","Canada","Net Interprovincial Out-Flows",2050,0
"Canada Net-zero","Manitoba","Net Interprovincial Out-Flows",2005,3235.01
"Canada Net-zero","Manitoba","Net Interprovincial Out-Flows",2006,1895.68
"Canada Net-zero","Manitoba","Net Interprovincial Out-Flows",2007,1608.62
"Canada Net-zero","Manitoba","Net Interprovincial Out-Flows",2008,572.75
"Canada Net-zero","Manitoba","Net Interprovincial Out-Flows",2009,255.87
"Canada Net-zero","Manitoba","Net Interprovincial Out-Flows",2010,614.19
"Canada Net-zero","Manitoba","Net Interprovincial Out-Flows",2011,914.05
"Canada Net-zero","Manitoba","Net Interprovincial Out-Flows",2012,836.81
"Canada Net-zero","Manitoba","Net Interprovincial Out-Flows",2013,691.61
"Canada Net-zero","Manitoba","Net Interprovincial Out-Flows",2014,730.38
"Canada Net-zero","Manitoba","Net Interprovincial Out-Flows",2015,68.9239999999999
"Canada Net-zero","Manitoba","Net Interprovincial Out-Flows",2016,133.226
"Canada Net-zero","Manitoba","Net Interprovincial Out-Flows",2017,124.411
"Canada Net-zero","Manitoba","Net Interprovincial Out-Flows",2018,751.904
"Canada Net-zero","Manitoba","Net Interprovincial Out-Flows",2019,562.9534
"Canada Net-zero","Manitoba","Net Interprovincial Out-Flows",2020,1154.39099999999
"Canada Net-zero","Manitoba","Net Interprovincial Out-Flows",2021,1318.437
"Canada Net-zero","Manitoba","Net Interprovincial Out-Flows",2022,2659.90493382083
"Canada Net-zero","Manitoba","Net Interprovincial Out-Flows",2023,2705.88374431642
"Canada Net-zero","Manitoba","Net Interprovincial Out-Flows",2024,2553.84977566965
"Canada Net-zero","Manitoba","Net Interprovincial Out-Flows",2025,2447.19517701461
"Canada Net-zero","Manitoba","Net Interprovincial Out-Flows",2026,2786.86510640661
"Canada Net-zero","Manitoba","Net Interprovincial Out-Flows",2027,2933.182745574
"Canada Net-zero","Manitoba","Net Interprovincial Out-Flows",2028,3162.43645757984
"Canada Net-zero","Manitoba","Net Interprovincial Out-Flows",2029,3218.6375320593
"Canada Net-zero","Manitoba","Net Interprovincial Out-Flows",2030,3529.07812563561
"Canada Net-zero","Manitoba","Net Interprovincial Out-Flows",2031,3407.14309787049
"Canada Net-zero","Manitoba","Net Interprovincial Out-Flows",2032,3400.39888959488
"Canada Net-zero","Manitoba","Net Interprovincial Out-Flows",2033,3298.63647692075
"Canada Net-zero","Manitoba","Net Interprovincial Out-Flows",2034,3153.77824674322
"Canada Net-zero","Manitoba","Net Interprovincial Out-Flows",2035,7316.50931874689
"Canada Net-zero","Manitoba","Net Interprovincial Out-Flows",2036,7173.87005905336
"Canada Net-zero","Manitoba","Net Interprovincial Out-Flows",2037,7125.13163880736
"Canada Net-zero","Manitoba","Net Interprovincial Out-Flows",2038,7118.22070392067
"Canada Net-zero","Manitoba","Net Interprovincial Out-Flows",2039,7099.22166488601
"Canada Net-zero","Manitoba","Net Interprovincial Out-Flows",2040,6909.47739507582
"Canada Net-zero","Manitoba","Net Interprovincial Out-Flows",2041,6953.60965472844
"Canada Net-zero","Manitoba","Net Interprovincial Out-Flows",2042,6750.8411573882
"Canada Net-zero","Manitoba","Net Interprovincial Out-Flows",2043,6525.25386585518
"Canada Net-zero","Manitoba","Net Interprovincial Out-Flows",2044,6259.86901500809
"Canada Net-zero","Manitoba","Net Interprovincial Out-Flows",2045,6111.36704309597
"Canada Net-zero","Manitoba","Net Interprovincial Out-Flows",2046,5715.76682677698
"Canada Net-zero","Manitoba","Net Interprovincial Out-Flows",2047,5234.36263243803
"Canada Net-zero","Manitoba","Net Interprovincial Out-Flows",2048,4756.29921886417
"Canada Net-zero","Manitoba","Net Interprovincial Out-Flows",2049,4378.22084130035
"Canada Net-zero","Manitoba","Net Interprovincial Out-Flows",2050,3953.25038431021
"Canada Net-zero","New Brunswick","Net Interprovincial Out-Flows",2005,2277.78
"Canada Net-zero","New Brunswick","Net Interprovincial Out-Flows",2006,1831.75
"Canada Net-zero","New Brunswick","Net Interprovincial Out-Flows",2007,90.75
"Canada Net-zero","New Brunswick","Net Interprovincial Out-Flows",2008,-360.81
"Canada Net-zero","New Brunswick","Net Interprovincial Out-Flows",2009,-2066.89
"Canada Net-zero","New Brunswick","Net Interprovincial Out-Flows",2010,-3180.07
"Canada Net-zero","New Brunswick","Net Interprovincial Out-Flows",2011,-2934.57
"Canada Net-zero","New Brunswick","Net Interprovincial Out-Flows",2012,-3597.25999999999
"Canada Net-zero","New Brunswick","Net Interprovincial Out-Flows",2013,-762.85
"Canada Net-zero","New Brunswick","Net Interprovincial Out-Flows",2014,-686.97
"Canada Net-zero","New Brunswick","Net Interprovincial Out-Flows",2015,-4641.92
"Canada Net-zero","New Brunswick","Net Interprovincial Out-Flows",2016,-1851.847
"Canada Net-zero","New Brunswick","Net Interprovincial Out-Flows",2017,-1924.486
"Canada Net-zero","New Brunswick","Net Interprovincial Out-Flows",2018,-1327.563
"Canada Net-zero","New Brunswick","Net Interprovincial Out-Flows",2019,1616.621
"Canada Net-zero","New Brunswick","Net Interprovincial Out-Flows",2020,-2904.879
"Canada Net-zero","New Brunswick","Net Interprovincial Out-Flows",2021,-3039.47
"Canada Net-zero","New Brunswick","Net Interprovincial Out-Flows",2022,-5266.83355720485
"Canada Net-zero","New Brunswick","Net Interprovincial Out-Flows",2023,-4336.47308921787
"Canada Net-zero","New Brunswick","Net Interprovincial Out-Flows",2024,-4275.20788135183
"Canada Net-zero","New Brunswick","Net Interprovincial Out-Flows",2025,-4819.72582525444
"Canada Net-zero","New Brunswick","Net Interprovincial Out-Flows",2026,-5113.70504194378
"Canada Net-zero","New Brunswick","Net Interprovincial Out-Flows",2027,-5625.39742103722
"Canada Net-zero","New Brunswick","Net Interprovincial Out-Flows",2028,-6991.12261499249
"Canada Net-zero","New Brunswick","Net Interprovincial Out-Flows",2029,-7914.47430284726
"Canada Net-zero","New Brunswick","Net Interprovincial Out-Flows",2030,-8656.32253806374
"Canada Net-zero","New Brunswick","Net Interprovincial Out-Flows",2031,-7676.73723466451
"Canada Net-zero","New Brunswick","Net Interprovincial Out-Flows",2032,-7048.87448898722
"Canada Net-zero","New Brunswick","Net Interprovincial Out-Flows",2033,-6775.26747404931
"Canada Net-zero","New Brunswick","Net Interprovincial Out-Flows",2034,-6324.90289156732
"Canada Net-zero","New Brunswick","Net Interprovincial Out-Flows",2035,-5852.0566678571
"Canada Net-zero","New Brunswick","Net Interprovincial Out-Flows",2036,-5655.53011079972
"Canada Net-zero","New Brunswick","Net Interprovincial Out-Flows",2037,-5420.54064793025
"Canada Net-zero","New Brunswick","Net Interprovincial Out-Flows",2038,-5198.51104794444
"Canada Net-zero","New Brunswick","Net Interprovincial Out-Flows",2039,-5309.19845614843
"Canada Net-zero","New Brunswick","Net Interprovincial Out-Flows",2040,-5156.01107448398
"Canada Net-zero","New Brunswick","Net Interprovincial Out-Flows",2041,-4681.42636985426
"Canada Net-zero","New Brunswick","Net Interprovincial Out-Flows",2042,-8268.96313185821
"Canada Net-zero","New Brunswick","Net Interprovincial Out-Flows",2043,-8467.41850610993
"Canada Net-zero","New Brunswick","Net Interprovincial Out-Flows",2044,-5804.10733852979
"Canada Net-zero","New Brunswick","Net Interprovincial Out-Flows",2045,-5946.43826247052
"Canada Net-zero","New Brunswick","Net Interprovincial Out-Flows",2046,-5945.90346382009
"Canada Net-zero","New Brunswick","Net Interprovincial Out-Flows",2047,-5958.70328409069
"Canada Net-zero","New Brunswick","Net Interprovincial Out-Flows",2048,-5961.07251353298
"Canada Net-zero","New Brunswick","Net Interprovincial Out-Flows",2049,-5863.34369343052
"Canada Net-zero","New Brunswick","Net Interprovincial Out-Flows",2050,-5848.63721768562
"Canada Net-zero","Newfoundland and Labrador","Net Interprovincial Out-Flows",2005,30189.03
"Canada Net-zero","Newfoundland and Labrador","Net Interprovincial Out-Flows",2006,31331.92
"Canada Net-zero","Newfoundland and Labrador","Net Interprovincial Out-Flows",2007,30077.91
"Canada Net-zero","Newfoundland and Labrador","Net Interprovincial Out-Flows",2008,31413.49
"Canada Net-zero","Newfoundland and Labrador","Net Interprovincial Out-Flows",2009,27412.76
"Canada Net-zero","Newfoundland and Labrador","Net Interprovincial Out-Flows",2010,30379.67
"Canada Net-zero","Newfoundland and Labrador","Net Interprovincial Out-Flows",2011,30185.62
"Canada Net-zero","Newfoundland and Labrador","Net Interprovincial Out-Flows",2012,32298.65
"Canada Net-zero","Newfoundland and Labrador","Net Interprovincial Out-Flows",2013,31232.72
"Canada Net-zero","Newfoundland and Labrador","Net Interprovincial Out-Flows",2014,27593.26
"Canada Net-zero","Newfoundland and Labrador","Net Interprovincial Out-Flows",2015,30278.527
"Canada Net-zero","Newfoundland and Labrador","Net Interprovincial Out-Flows",2016,28718.37
"Canada Net-zero","Newfoundland and Labrador","Net Interprovincial Out-Flows",2017,26464.87
"Canada Net-zero","Newfoundland and Labrador","Net Interprovincial Out-Flows",2018,32423.44
"Canada Net-zero","Newfoundland and Labrador","Net Interprovincial Out-Flows",2019,36041.95
"Canada Net-zero","Newfoundland and Labrador","Net Interprovincial Out-Flows",2020,27767.5739999999
"Canada Net-zero","Newfoundland and Labrador","Net Interprovincial Out-Flows",2021,31109.9
"Canada Net-zero","Newfoundland and Labrador","Net Interprovincial Out-Flows",2022,31939.8806706177
"Canada Net-zero","Newfoundland and Labrador","Net Interprovincial Out-Flows",2023,31785.3629281819
"Canada Net-zero","Newfoundland and Labrador","Net Interprovincial Out-Flows",2024,31595.0764181686
"Canada Net-zero","Newfoundland and Labrador","Net Interprovincial Out-Flows",2025,31084.0677726901
"Canada Net-zero","Newfoundland and Labrador","Net Interprovincial Out-Flows",2026,31035.6868413006
"Canada Net-zero","Newfoundland and Labrador","Net Interprovincial Out-Flows",2027,30938.9726899323
"Canada Net-zero","Newfoundland and Labrador","Net Interprovincial Out-Flows",2028,30924.3754299702
"Canada Net-zero","Newfoundland and Labrador","Net Interprovincial Out-Flows",2029,30748.1347373261
"Canada Net-zero","Newfoundland and Labrador","Net Interprovincial Out-Flows",2030,30536.6333341733
"Canada Net-zero","Newfoundland and Labrador","Net Interprovincial Out-Flows",2031,30455.8796584856
"Canada Net-zero","Newfoundland and Labrador","Net Interprovincial Out-Flows",2032,30378.6232180696
"Canada Net-zero","Newfoundland and Labrador","Net Interprovincial Out-Flows",2033,30307.5341274159
"Canada Net-zero","Newfoundland and Labrador","Net Interprovincial Out-Flows",2034,30227.58947521
"Canada Net-zero","Newfoundland and Labrador","Net Interprovincial Out-Flows",2035,30127.2263519022
"Canada Net-zero","Newfoundland and Labrador","Net Interprovincial Out-Flows",2036,29963.6918855123
"Canada Net-zero","Newfoundland and Labrador","Net Interprovincial Out-Flows",2037,29833.2825276547
"Canada Net-zero","Newfoundland and Labrador","Net Interprovincial Out-Flows",2038,29671.4611360815
"Canada Net-zero","Newfoundland and Labrador","Net Interprovincial Out-Flows",2039,29511.493090358
"Canada Net-zero","Newfoundland and Labrador","Net Interprovincial Out-Flows",2040,29355.3074035978
"Canada Net-zero","Newfoundland and Labrador","Net Interprovincial Out-Flows",2041,29193.1978949968
"Canada Net-zero","Newfoundland and Labrador","Net Interprovincial Out-Flows",2042,29019.3908053013
"Canada Net-zero","Newfoundland and Labrador","Net Interprovincial Out-Flows",2043,28828.580476774
"Canada Net-zero","Newfoundland and Labrador","Net Interprovincial Out-Flows",2044,28637.3320201548
"Canada Net-zero","Newfoundland and Labrador","Net Interprovincial Out-Flows",2045,28437.9592655459
"Canada Net-zero","Newfoundland and Labrador","Net Interprovincial Out-Flows",2046,28250.3616402534
"Canada Net-zero","Newfoundland and Labrador","Net Interprovincial Out-Flows",2047,28053.7138688811
"Canada Net-zero","Newfoundland and Labrador","Net Interprovincial Out-Flows",2048,27939.3748169739
"Canada Net-zero","Newfoundland and Labrador","Net Interprovincial Out-Flows",2049,27825.4691758461
"Canada Net-zero","Newfoundland and Labrador","Net Interprovincial Out-Flows",2050,27767.0435023392
"Canada Net-zero","Nova Scotia","Net Interprovincial Out-Flows",2005,-153.18
"Canada Net-zero","Nova Scotia","Net Interprovincial Out-Flows",2006,12.37
"Canada Net-zero","Nova Scotia","Net Interprovincial Out-Flows",2007,-253.3
"Canada Net-zero","Nova Scotia","Net Interprovincial Out-Flows",2008,-289.36
"Canada Net-zero","Nova Scotia","Net Interprovincial Out-Flows",2009,-289.02
"Canada Net-zero","Nova Scotia","Net Interprovincial Out-Flows",2010,-263.9
"Canada Net-zero","Nova Scotia","Net Interprovincial Out-Flows",2011,-377.79
"Canada Net-zero","Nova Scotia","Net Interprovincial Out-Flows",2012,-144.78
"Canada Net-zero","Nova Scotia","Net Interprovincial Out-Flows",2013,-548.99
"Canada Net-zero","Nova Scotia","Net Interprovincial Out-Flows",2014,-220.64
"Canada Net-zero","Nova Scotia","Net Interprovincial Out-Flows",2015,-588.118999999999
"Canada Net-zero","Nova Scotia","Net Interprovincial Out-Flows",2016,-1113.5848
"Canada Net-zero","Nova Scotia","Net Interprovincial Out-Flows",2017,-1211.9038
"Canada Net-zero","Nova Scotia","Net Interprovincial Out-Flows",2018,-437.995
"Canada Net-zero","Nova Scotia","Net Interprovincial Out-Flows",2019,-3381.36
"Canada Net-zero","Nova Scotia","Net Interprovincial Out-Flows",2020,-596.877999999999
"Canada Net-zero","Nova Scotia","Net Interprovincial Out-Flows",2021,-1006.567
"Canada Net-zero","Nova Scotia","Net Interprovincial Out-Flows",2022,-3002.28341241703
"Canada Net-zero","Nova Scotia","Net Interprovincial Out-Flows",2023,-3075.49813264886
"Canada Net-zero","Nova Scotia","Net Interprovincial Out-Flows",2024,-3333.08935761633
"Canada Net-zero","Nova Scotia","Net Interprovincial Out-Flows",2025,-4863.05737819412
"Canada Net-zero","Nova Scotia","Net Interprovincial Out-Flows",2026,-3427.25460879988
"Canada Net-zero","Nova Scotia","Net Interprovincial Out-Flows",2027,-1697.98354392377
"Canada Net-zero","Nova Scotia","Net Interprovincial Out-Flows",2028,-815.121771365988
"Canada Net-zero","Nova Scotia","Net Interprovincial Out-Flows",2029,-328.934061024157
"Canada Net-zero","Nova Scotia","Net Interprovincial Out-Flows",2030,-567.106556312375
"Canada Net-zero","Nova Scotia","Net Interprovincial Out-Flows",2031,715.866235362321
"Canada Net-zero","Nova Scotia","Net Interprovincial Out-Flows",2032,1916.13526364632
"Canada Net-zero","Nova Scotia","Net Interprovincial Out-Flows",2033,2929.968164898
"Canada Net-zero","Nova Scotia","Net Interprovincial Out-Flows",2034,3658.34538376234
"Canada Net-zero","Nova Scotia","Net Interprovincial Out-Flows",2035,4164.80924021682
"Canada Net-zero","Nova Scotia","Net Interprovincial Out-Flows",2036,3932.97014590151
"Canada Net-zero","Nova Scotia","Net Interprovincial Out-Flows",2037,3704.94247933449
"Canada Net-zero","Nova Scotia","Net Interprovincial Out-Flows",2038,3456.65996103575
"Canada Net-zero","Nova Scotia","Net Interprovincial Out-Flows",2039,3191.80295590312
"Canada Net-zero","Nova Scotia","Net Interprovincial Out-Flows",2040,2994.54833670815
"Canada Net-zero","Nova Scotia","Net Interprovincial Out-Flows",2041,2747.90926187857
"Canada Net-zero","Nova Scotia","Net Interprovincial Out-Flows",2042,2452.88219477681
"Canada Net-zero","Nova Scotia","Net Interprovincial Out-Flows",2043,2192.57870346634
"Canada Net-zero","Nova Scotia","Net Interprovincial Out-Flows",2044,1875.33773957329
"Canada Net-zero","Nova Scotia","Net Interprovincial Out-Flows",2045,1606.80084709101
"Canada Net-zero","Nova Scotia","Net Interprovincial Out-Flows",2046,1504.73137562214
"Canada Net-zero","Nova Scotia","Net Interprovincial Out-Flows",2047,1401.92691243919
"Canada Net-zero","Nova Scotia","Net Interprovincial Out-Flows",2048,1292.15177379847
"Canada Net-zero","Nova Scotia","Net Interprovincial Out-Flows",2049,1171.27580973296
"Canada Net-zero","Nova Scotia","Net Interprovincial Out-Flows",2050,894.310653411262
"Canada Net-zero","Ontario","Net Interprovincial Out-Flows",2005,-228
"Canada Net-zero","Ontario","Net Interprovincial Out-Flows",2006,407
"Canada Net-zero","Ontario","Net Interprovincial Out-Flows",2007,1277
"Canada Net-zero","Ontario","Net Interprovincial Out-Flows",2008,944
"Canada Net-zero","Ontario","Net Interprovincial Out-Flows",2009,674
"Canada Net-zero","Ontario","Net Interprovincial Out-Flows",2010,6607
"Canada Net-zero","Ontario","Net Interprovincial Out-Flows",2011,4754
"Canada Net-zero","Ontario","Net Interprovincial Out-Flows",2012,-985
"Canada Net-zero","Ontario","Net Interprovincial Out-Flows",2013,4902
"Canada Net-zero","Ontario","Net Interprovincial Out-Flows",2014,2628.24
"Canada Net-zero","Ontario","Net Interprovincial Out-Flows",2015,-2198.745
"Canada Net-zero","Ontario","Net Interprovincial Out-Flows",2016,4341.6963
"Canada Net-zero","Ontario","Net Interprovincial Out-Flows",2017,4834.164
"Canada Net-zero","Ontario","Net Interprovincial Out-Flows",2018,-5348.585
"Canada Net-zero","Ontario","Net Interprovincial Out-Flows",2019,-1598.7
"Canada Net-zero","Ontario","Net Interprovincial Out-Flows",2020,-3024.021
"Canada Net-zero","Ontario","Net Interprovincial Out-Flows",2021,-6197.78599999999
"Canada Net-zero","Ontario","Net Interprovincial Out-Flows",2022,11221.5294214578
"Canada Net-zero","Ontario","Net Interprovincial Out-Flows",2023,9197.2417901491
"Canada Net-zero","Ontario","Net Interprovincial Out-Flows",2024,9490.67718690291
"Canada Net-zero","Ontario","Net Interprovincial Out-Flows",2025,-2113.39813411492
"Canada Net-zero","Ontario","Net Interprovincial Out-Flows",2026,-7704.39189880419
"Canada Net-zero","Ontario","Net Interprovincial Out-Flows",2027,-10115.5991214526
"Canada Net-zero","Ontario","Net Interprovincial Out-Flows",2028,-12938.1664356693
"Canada Net-zero","Ontario","Net Interprovincial Out-Flows",2029,-13266.4584966461
"Canada Net-zero","Ontario","Net Interprovincial Out-Flows",2030,-13276.1895938046
"Canada Net-zero","Ontario","Net Interprovincial Out-Flows",2031,-12923.0701105099
"Canada Net-zero","Ontario","Net Interprovincial Out-Flows",2032,-13416.2165703037
"Canada Net-zero","Ontario","Net Interprovincial Out-Flows",2033,-13221.4042145499
"Canada Net-zero","Ontario","Net Interprovincial Out-Flows",2034,-13158.1425120559
"Canada Net-zero","Ontario","Net Interprovincial Out-Flows",2035,-16466.0470278626
"Canada Net-zero","Ontario","Net Interprovincial Out-Flows",2036,-16659.9150647899
"Canada Net-zero","Ontario","Net Interprovincial Out-Flows",2037,-17220.657219722
"Canada Net-zero","Ontario","Net Interprovincial Out-Flows",2038,-17685.8737487259
"Canada Net-zero","Ontario","Net Interprovincial Out-Flows",2039,-17760.302212101
"Canada Net-zero","Ontario","Net Interprovincial Out-Flows",2040,-17820.275619183
"Canada Net-zero","Ontario","Net Interprovincial Out-Flows",2041,-16828.5227841127
"Canada Net-zero","Ontario","Net Interprovincial Out-Flows",2042,-12329.1567604908
"Canada Net-zero","Ontario","Net Interprovincial Out-Flows",2043,-10311.1563362106
"Canada Net-zero","Ontario","Net Interprovincial Out-Flows",2044,-10377.5606684453
"Canada Net-zero","Ontario","Net Interprovincial Out-Flows",2045,-8296.27014137146
"Canada Net-zero","Ontario","Net Interprovincial Out-Flows",2046,-6217.7891991815
"Canada Net-zero","Ontario","Net Interprovincial Out-Flows",2047,-4123.8716285204
"Canada Net-zero","Ontario","Net Interprovincial Out-Flows",2048,-2340.59405181587
"Canada Net-zero","Ontario","Net Interprovincial Out-Flows",2049,-763.223886739542
"Canada Net-zero","Ontario","Net Interprovincial Out-Flows",2050,845.869062295845
"Canada Net-zero","Prince Edward Island","Net Interprovincial Out-Flows",2005,-1151.69
"Canada Net-zero","Prince Edward Island","Net Interprovincial Out-Flows",2006,-1262.82
"Canada Net-zero","Prince Edward Island","Net Interprovincial Out-Flows",2007,-1160.94
"Canada Net-zero","Prince Edward Island","Net Interprovincial Out-Flows",2008,-1080.16
"Canada Net-zero","Prince Edward Island","Net Interprovincial Out-Flows",2009,-886.159999999999
"Canada Net-zero","Prince Edward Island","Net Interprovincial Out-Flows",2010,-763.17
"Canada Net-zero","Prince Edward Island","Net Interprovincial Out-Flows",2011,-745.079999999999
"Canada Net-zero","Prince Edward Island","Net Interprovincial Out-Flows",2012,-787.26
"Canada Net-zero","Prince Edward Island","Net Interprovincial Out-Flows",2013,-816.089999999999
"Canada Net-zero","Prince Edward Island","Net Interprovincial Out-Flows",2014,-831.05
"Canada Net-zero","Prince Edward Island","Net Interprovincial Out-Flows",2015,-739.914
"Canada Net-zero","Prince Edward Island","Net Interprovincial Out-Flows",2016,-1667.57
"Canada Net-zero","Prince Edward Island","Net Interprovincial Out-Flows",2017,-1645.563
"Canada Net-zero","Prince Edward Island","Net Interprovincial Out-Flows",2018,-820.152999999999
"Canada Net-zero","Prince Edward Island","Net Interprovincial Out-Flows",2019,-1054.366
"Canada Net-zero","Prince Edward Island","Net Interprovincial Out-Flows",2020,-932.297308588299
"Canada Net-zero","Prince Edward Island","Net Interprovincial Out-Flows",2021,-848.183656570253
"Canada Net-zero","Prince Edward Island","Net Interprovincial Out-Flows",2022,-876.179764444925
"Canada Net-zero","Prince Edward Island","Net Interprovincial Out-Flows",2023,-897.224175728422
"Canada Net-zero","Prince Edward Island","Net Interprovincial Out-Flows",2024,-919.536203436344
"Canada Net-zero","Prince Edward Island","Net Interprovincial Out-Flows",2025,-631.897736446432
"Canada Net-zero","Prince Edward Island","Net Interprovincial Out-Flows",2026,-616.021919526082
"Canada Net-zero","Prince Edward Island","Net Interprovincial Out-Flows",2027,-606.283939733845
"Canada Net-zero","Prince Edward Island","Net Interprovincial Out-Flows",2028,-609.579898636309
"Canada Net-zero","Prince Edward Island","Net Interprovincial Out-Flows",2029,-616.268346591577
"Canada Net-zero","Prince Edward Island","Net Interprovincial Out-Flows",2030,-629.111327403463
"Canada Net-zero","Prince Edward Island","Net Interprovincial Out-Flows",2031,-688.752654659979
"Canada Net-zero","Prince Edward Island","Net Interprovincial Out-Flows",2032,-752.456068999723
"Canada Net-zero","Prince Edward Island","Net Interprovincial Out-Flows",2033,-818.556015535762
"Canada Net-zero","Prince Edward Island","Net Interprovincial Out-Flows",2034,-873.883240540743
"Canada Net-zero","Prince Edward Island","Net Interprovincial Out-Flows",2035,-448.505449157868
"Canada Net-zero","Prince Edward Island","Net Interprovincial Out-Flows",2036,-367.90814579699
"Canada Net-zero","Prince Edward Island","Net Interprovincial Out-Flows",2037,-298.569653452294
"Canada Net-zero","Prince Edward Island","Net Interprovincial Out-Flows",2038,-227.855248283326
"Canada Net-zero","Prince Edward Island","Net Interprovincial Out-Flows",2039,-136.672415481641
"Canada Net-zero","Prince Edward Island","Net Interprovincial Out-Flows",2040,-85.8685925670467
"Canada Net-zero","Prince Edward Island","Net Interprovincial Out-Flows",2041,-100.32466955808
"Canada Net-zero","Prince Edward Island","Net Interprovincial Out-Flows",2042,50.822392430322
"Canada Net-zero","Prince Edward Island","Net Interprovincial Out-Flows",2043,80.7517795063331
"Canada Net-zero","Prince Edward Island","Net Interprovincial Out-Flows",2044,27.7772054341259
"Canada Net-zero","Prince Edward Island","Net Interprovincial Out-Flows",2045,25.0070592395595
"Canada Net-zero","Prince Edward Island","Net Interprovincial Out-Flows",2046,-32.4372899163654
"Canada Net-zero","Prince Edward Island","Net Interprovincial Out-Flows",2047,-99.9288935466874
"Canada Net-zero","Prince Edward Island","Net Interprovincial Out-Flows",2048,-174.490557749777
"Canada Net-zero","Prince Edward Island","Net Interprovincial Out-Flows",2049,-266.590114146441
"Canada Net-zero","Prince Edward Island","Net Interprovincial Out-Flows",2050,-111.635536020651
"Canada Net-zero","Quebec","Net Interprovincial Out-Flows",2005,-33906
"Canada Net-zero","Quebec","Net Interprovincial Out-Flows",2006,-34187
"Canada Net-zero","Quebec","Net Interprovincial Out-Flows",2007,-30893
"Canada Net-zero","Quebec","Net Interprovincial Out-Flows",2008,-30614
"Canada Net-zero","Quebec","Net Interprovincial Out-Flows",2009,-22113
"Canada Net-zero","Quebec","Net Interprovincial Out-Flows",2010,-30628
"Canada Net-zero","Quebec","Net Interprovincial Out-Flows",2011,-28720
"Canada Net-zero","Quebec","Net Interprovincial Out-Flows",2012,-25782
"Canada Net-zero","Quebec","Net Interprovincial Out-Flows",2013,-32950
"Canada Net-zero","Quebec","Net Interprovincial Out-Flows",2014,-28664.21
"Canada Net-zero","Quebec","Net Interprovincial Out-Flows",2015,-21797.453
"Canada Net-zero","Quebec","Net Interprovincial Out-Flows",2016,-27152.633
"Canada Net-zero","Quebec","Net Interprovincial Out-Flows",2017,-25137.742
"Canada Net-zero","Quebec","Net Interprovincial Out-Flows",2018,-23463.239
"Canada Net-zero","Quebec","Net Interprovincial Out-Flows",2019,-30365.464
"Canada Net-zero","Quebec","Net Interprovincial Out-Flows",2020,-21054.89
"Canada Net-zero","Quebec","Net Interprovincial Out-Flows",2021,-20570.55
"Canada Net-zero","Quebec","Net Interprovincial Out-Flows",2022,-34052.3967583908
"Canada Net-zero","Quebec","Net Interprovincial Out-Flows",2023,-32755.5728550556
"Canada Net-zero","Quebec","Net Interprovincial Out-Flows",2024,-32847.0391884101
"Canada Net-zero","Quebec","Net Interprovincial Out-Flows",2025,-18486.6313660797
"Canada Net-zero","Quebec","Net Interprovincial Out-Flows",2026,-14339.2402893083
"Canada Net-zero","Quebec","Net Interprovincial Out-Flows",2027,-13207.1962061091
"Canada Net-zero","Quebec","Net Interprovincial Out-Flows",2028,-10107.9230944524
"Canada Net-zero","Quebec","Net Interprovincial Out-Flows",2029,-9234.65875760403
"Canada Net-zero","Quebec","Net Interprovincial Out-Flows",2030,-8327.51094740505
"Canada Net-zero","Quebec","Net Interprovincial Out-Flows",2031,-10684.4968945435
"Canada Net-zero","Quebec","Net Interprovincial Out-Flows",2032,-11886.3463297859
"Canada Net-zero","Quebec","Net Interprovincial Out-Flows",2033,-13159.2731570137
"Canada Net-zero","Quebec","Net Interprovincial Out-Flows",2034,-14174.7365023129
"Canada Net-zero","Quebec","Net Interprovincial Out-Flows",2035,-11040.0781404219
"Canada Net-zero","Quebec","Net Interprovincial Out-Flows",2036,-10643.9096422752
"Canada Net-zero","Quebec","Net Interprovincial Out-Flows",2037,-10025.7176881621
"Canada Net-zero","Quebec","Net Interprovincial Out-Flows",2038,-9576.7670982931
"Canada Net-zero","Quebec","Net Interprovincial Out-Flows",2039,-9209.79403448706
"Canada Net-zero","Quebec","Net Interprovincial Out-Flows",2040,-9013.22109778482
"Canada Net-zero","Quebec","Net Interprovincial Out-Flows",2041,-10529.2626241979
"Canada Net-zero","Quebec","Net Interprovincial Out-Flows",2042,-11354.5630109619
"Canada Net-zero","Quebec","Net Interprovincial Out-Flows",2043,-12725.3874983521
"Canada Net-zero","Quebec","Net Interprovincial Out-Flows",2044,-14447.6548150497
"Canada Net-zero","Quebec","Net Interprovincial Out-Flows",2045,-15882.3929469168
"Canada Net-zero","Quebec","Net Interprovincial Out-Flows",2046,-17644.2591137762
"Canada Net-zero","Quebec","Net Interprovincial Out-Flows",2047,-19154.7179831837
"Canada Net-zero","Quebec","Net Interprovincial Out-Flows",2048,-20521.9004338533
"Canada Net-zero","Quebec","Net Interprovincial Out-Flows",2049,-21856.1327485419
"Canada Net-zero","Quebec","Net Interprovincial Out-Flows",2050,-23165.9649327682
"Canada Net-zero","Saskatchewan","Net Interprovincial Out-Flows",2005,243.61
"Canada Net-zero","Saskatchewan","Net Interprovincial Out-Flows",2006,581.209999999999
"Canada Net-zero","Saskatchewan","Net Interprovincial Out-Flows",2007,-191.65
"Canada Net-zero","Saskatchewan","Net Interprovincial Out-Flows",2008,99.6399999999999
"Canada Net-zero","Saskatchewan","Net Interprovincial Out-Flows",2009,59.75
"Canada Net-zero","Saskatchewan","Net Interprovincial Out-Flows",2010,315.39
"Canada Net-zero","Saskatchewan","Net Interprovincial Out-Flows",2011,562.819999999999
"Canada Net-zero","Saskatchewan","Net Interprovincial Out-Flows",2012,260.52
"Canada Net-zero","Saskatchewan","Net Interprovincial Out-Flows",2013,250.27
"Canada Net-zero","Saskatchewan","Net Interprovincial Out-Flows",2014,-648.28
"Canada Net-zero","Saskatchewan","Net Interprovincial Out-Flows",2015,-368.027
"Canada Net-zero","Saskatchewan","Net Interprovincial Out-Flows",2016,-397.9651
"Canada Net-zero","Saskatchewan","Net Interprovincial Out-Flows",2017,-635.1171
"Canada Net-zero","Saskatchewan","Net Interprovincial Out-Flows",2018,-49.149
"Canada Net-zero","Saskatchewan","Net Interprovincial Out-Flows",2019,-625.7485
"Canada Net-zero","Saskatchewan","Net Interprovincial Out-Flows",2020,-126.592999999999
"Canada Net-zero","Saskatchewan","Net Interprovincial Out-Flows",2021,-381.048
"Canada Net-zero","Saskatchewan","Net Interprovincial Out-Flows",2022,-1871.64796165228
"Canada Net-zero","Saskatchewan","Net Interprovincial Out-Flows",2023,-2835.94618330058
"Canada Net-zero","Saskatchewan","Net Interprovincial Out-Flows",2024,-1196.05537467816
"Canada Net-zero","Saskatchewan","Net Interprovincial Out-Flows",2025,-2226.26152837136
"Canada Net-zero","Saskatchewan","Net Interprovincial Out-Flows",2026,-2234.91405122916
"Canada Net-zero","Saskatchewan","Net Interprovincial Out-Flows",2027,-2083.82483898742
"Canada Net-zero","Saskatchewan","Net Interprovincial Out-Flows",2028,-2437.51793325007
"Canada Net-zero","Saskatchewan","Net Interprovincial Out-Flows",2029,-2438.77666002965
"Canada Net-zero","Saskatchewan","Net Interprovincial Out-Flows",2030,-2367.76657343278
"Canada Net-zero","Saskatchewan","Net Interprovincial Out-Flows",2031,-2636.62920702317
"Canada Net-zero","Saskatchewan","Net Interprovincial Out-Flows",2032,-2705.24753439075
"Canada Net-zero","Saskatchewan","Net Interprovincial Out-Flows",2033,-2710.26046630423
"Canada Net-zero","Saskatchewan","Net Interprovincial Out-Flows",2034,-2388.25196488343
"Canada Net-zero","Saskatchewan","Net Interprovincial Out-Flows",2035,-5527.62525772885
"Canada Net-zero","Saskatchewan","Net Interprovincial Out-Flows",2036,-5519.54173279162
"Canada Net-zero","Saskatchewan","Net Interprovincial Out-Flows",2037,-5517.3363093893
"Canada Net-zero","Saskatchewan","Net Interprovincial Out-Flows",2038,-5355.84810186168
"Canada Net-zero","Saskatchewan","Net Interprovincial Out-Flows",2039,-5365.06524760005
"Canada Net-zero","Saskatchewan","Net Interprovincial Out-Flows",2040,-5407.66390234961
"Canada Net-zero","Saskatchewan","Net Interprovincial Out-Flows",2041,-5142.84843092939
"Canada Net-zero","Saskatchewan","Net Interprovincial Out-Flows",2042,-4912.32399343971
"Canada Net-zero","Saskatchewan","Net Interprovincial Out-Flows",2043,-4707.55482115359
"Canada Net-zero","Saskatchewan","Net Interprovincial Out-Flows",2044,-4714.9721826966
"Canada Net-zero","Saskatchewan","Net Interprovincial Out-Flows",2045,-4541.34356935339
"Canada Net-zero","Saskatchewan","Net Interprovincial Out-Flows",2046,-4179.46716411494
"Canada Net-zero","Saskatchewan","Net Interprovincial Out-Flows",2047,-3869.52304904758
"Canada Net-zero","Saskatchewan","Net Interprovincial Out-Flows",2048,-3487.82374626068
"Canada Net-zero","Saskatchewan","Net Interprovincial Out-Flows",2049,-3129.43322883695
"Canada Net-zero","Saskatchewan","Net Interprovincial Out-Flows",2050,-2728.54427320035
"Current Measures","Alberta","Net Interprovincial Out-Flows",2005,-541.889999999999
"Current Measures","Alberta","Net Interprovincial Out-Flows",2006,-1231.61
"Current Measures","Alberta","Net Interprovincial Out-Flows",2007,-563.369999999999
"Current Measures","Alberta","Net Interprovincial Out-Flows",2008,-1771.56
"Current Measures","Alberta","Net Interprovincial Out-Flows",2009,-3847.42999999999
"Current Measures","Alberta","Net Interprovincial Out-Flows",2010,-4510.96
"Current Measures","Alberta","Net Interprovincial Out-Flows",2011,-8826.44999999999
"Current Measures","Alberta","Net Interprovincial Out-Flows",2012,-6285.77
"Current Measures","Alberta","Net Interprovincial Out-Flows",2013,-3840.5
"Current Measures","Alberta","Net Interprovincial Out-Flows",2014,-827.13
"Current Measures","Alberta","Net Interprovincial Out-Flows",2015,-320.218
"Current Measures","Alberta","Net Interprovincial Out-Flows",2016,-1262.9069
"Current Measures","Alberta","Net Interprovincial Out-Flows",2017,-1157.6682
"Current Measures","Alberta","Net Interprovincial Out-Flows",2018,-1675.493
"Current Measures","Alberta","Net Interprovincial Out-Flows",2019,-623.9248
"Current Measures","Alberta","Net Interprovincial Out-Flows",2020,-4544.994
"Current Measures","Alberta","Net Interprovincial Out-Flows",2021,-3371.93399999999
"Current Measures","Alberta","Net Interprovincial Out-Flows",2022,464.655464862695
"Current Measures","Alberta","Net Interprovincial Out-Flows",2023,3966.67407302404
"Current Measures","Alberta","Net Interprovincial Out-Flows",2024,3676.30278880125
"Current Measures","Alberta","Net Interprovincial Out-Flows",2025,4276.59445881282
"Current Measures","Alberta","Net Interprovincial Out-Flows",2026,4900.03950308594
"Current Measures","Alberta","Net Interprovincial Out-Flows",2027,5367.5702300987
"Current Measures","Alberta","Net Interprovincial Out-Flows",2028,7090.31988858798
"Current Measures","Alberta","Net Interprovincial Out-Flows",2029,8062.32700018968
"Current Measures","Alberta","Net Interprovincial Out-Flows",2030,8489.96386718381
"Current Measures","Alberta","Net Interprovincial Out-Flows",2031,8511.40391060699
"Current Measures","Alberta","Net Interprovincial Out-Flows",2032,8760.17275420065
"Current Measures","Alberta","Net Interprovincial Out-Flows",2033,8948.36829327083
"Current Measures","Alberta","Net Interprovincial Out-Flows",2034,8868.99659360534
"Current Measures","Alberta","Net Interprovincial Out-Flows",2035,8690.2815132283
"Current Measures","Alberta","Net Interprovincial Out-Flows",2036,8057.84224275125
"Current Measures","Alberta","Net Interprovincial Out-Flows",2037,7749.57711417497
"Current Measures","Alberta","Net Interprovincial Out-Flows",2038,7509.80734564025
"Current Measures","Alberta","Net Interprovincial Out-Flows",2039,6909.22475833016
"Current Measures","Alberta","Net Interprovincial Out-Flows",2040,6541.251225969
"Current Measures","Alberta","Net Interprovincial Out-Flows",2041,6326.07421717998
"Current Measures","Alberta","Net Interprovincial Out-Flows",2042,5843.21263441567
"Current Measures","Alberta","Net Interprovincial Out-Flows",2043,5261.36939857588
"Current Measures","Alberta","Net Interprovincial Out-Flows",2044,4917.14172721488
"Current Measures","Alberta","Net Interprovincial Out-Flows",2045,4436.16973382032
"Current Measures","Alberta","Net Interprovincial Out-Flows",2046,4460.79054784354
"Current Measures","Alberta","Net Interprovincial Out-Flows",2047,4493.63275409984
"Current Measures","Alberta","Net Interprovincial Out-Flows",2048,4479.627091323
"Current Measures","Alberta","Net Interprovincial Out-Flows",2049,4487.72154660312
"Current Measures","Alberta","Net Interprovincial Out-Flows",2050,4116.0503990653
"Current Measures","British Columbia","Net Interprovincial Out-Flows",2005,35.7699999999999
"Current Measures","British Columbia","Net Interprovincial Out-Flows",2006,630.339999999999
"Current Measures","British Columbia","Net Interprovincial Out-Flows",2007,18.0899999999999
"Current Measures","British Columbia","Net Interprovincial Out-Flows",2008,1085.78
"Current Measures","British Columbia","Net Interprovincial Out-Flows",2009,850.06
"Current Measures","British Columbia","Net Interprovincial Out-Flows",2010,1428.39
"Current Measures","British Columbia","Net Interprovincial Out-Flows",2011,5187.8
"Current Measures","British Columbia","Net Interprovincial Out-Flows",2012,4185.52
"Current Measures","British Columbia","Net Interprovincial Out-Flows",2013,1842.6
"Current Measures","British Columbia","Net Interprovincial Out-Flows",2014,926.389999999999
"Current Measures","British Columbia","Net Interprovincial Out-Flows",2015,306.945
"Current Measures","British Columbia","Net Interprovincial Out-Flows",2016,1314
"Current Measures","British Columbia","Net Interprovincial Out-Flows",2017,1314
"Current Measures","British Columbia","Net Interprovincial Out-Flows",2018,1478.752
"Current Measures","British Columbia","Net Interprovincial Out-Flows",2019,731.2537
"Current Measures","British Columbia","Net Interprovincial Out-Flows",2020,4193.249
"Current Measures","British Columbia","Net Interprovincial Out-Flows",2021,3250.33699999999
"Current Measures","British Columbia","Net Interprovincial Out-Flows",2022,-982.631158970304
"Current Measures","British Columbia","Net Interprovincial Out-Flows",2023,-3478.76975043946
"Current Measures","British Columbia","Net Interprovincial Out-Flows",2024,-4593.57521712368
"Current Measures","British Columbia","Net Interprovincial Out-Flows",2025,-4522.84339919818
"Current Measures","British Columbia","Net Interprovincial Out-Flows",2026,-5105.34761031825
"Current Measures","British Columbia","Net Interprovincial Out-Flows",2027,-5525.21806634401
"Current Measures","British Columbia","Net Interprovincial Out-Flows",2028,-6499.42277450342
"Current Measures","British Columbia","Net Interprovincial Out-Flows",2029,-7029.50819010408
"Current Measures","British Columbia","Net Interprovincial Out-Flows",2030,-7356.37436794779
"Current Measures","British Columbia","Net Interprovincial Out-Flows",2031,-7424.66214400251
"Current Measures","British Columbia","Net Interprovincial Out-Flows",2032,-7713.17006964156
"Current Measures","British Columbia","Net Interprovincial Out-Flows",2033,-7922.30286549349
"Current Measures","British Columbia","Net Interprovincial Out-Flows",2034,-7913.42925831129
"Current Measures","British Columbia","Net Interprovincial Out-Flows",2035,-7791.88302811049
"Current Measures","British Columbia","Net Interprovincial Out-Flows",2036,-7403.06671642385
"Current Measures","British Columbia","Net Interprovincial Out-Flows",2037,-7097.7536669046
"Current Measures","British Columbia","Net Interprovincial Out-Flows",2038,-6823.55534307704
"Current Measures","British Columbia","Net Interprovincial Out-Flows",2039,-6437.14432933353
"Current Measures","British Columbia","Net Interprovincial Out-Flows",2040,-6070.04448118712
"Current Measures","British Columbia","Net Interprovincial Out-Flows",2041,-5763.5785579988
"Current Measures","British Columbia","Net Interprovincial Out-Flows",2042,-5238.84638693262
"Current Measures","British Columbia","Net Interprovincial Out-Flows",2043,-4682.11962455584
"Current Measures","British Columbia","Net Interprovincial Out-Flows",2044,-4377.87972683369
"Current Measures","British Columbia","Net Interprovincial Out-Flows",2045,-3939.8464339903
"Current Measures","British Columbia","Net Interprovincial Out-Flows",2046,-3974.79434367498
"Current Measures","British Columbia","Net Interprovincial Out-Flows",2047,-4008.98170780588
"Current Measures","British Columbia","Net Interprovincial Out-Flows",2048,-4015.41652236013
"Current Measures","British Columbia","Net Interprovincial Out-Flows",2049,-4030.6312448459
"Current Measures","British Columbia","Net Interprovincial Out-Flows",2050,-3760.21903816469
"Current Measures","Canada","Net Interprovincial Out-Flows",2005,0.450000000004365
"Current Measures","Canada","Net Interprovincial Out-Flows",2006,8.8399999999965
"Current Measures","Canada","Net Interprovincial Out-Flows",2007,10.1300000000046
"Current Measures","Canada","Net Interprovincial Out-Flows",2008,-0.230000000003201
"Current Measures","Canada","Net Interprovincial Out-Flows",2009,49.9599999999991
"Current Measures","Canada","Net Interprovincial Out-Flows",2010,-1.47000000000116
"Current Measures","Canada","Net Interprovincial Out-Flows",2011,0.37999999999738
"Current Measures","Canada","Net Interprovincial Out-Flows",2012,-0.590000000003783
"Current Measures","Canada","Net Interprovincial Out-Flows",2013,0.760000000002037
"Current Measures","Canada","Net Interprovincial Out-Flows",2014,0
"Current Measures","Canada","Net Interprovincial Out-Flows",2015,0
"Current Measures","Canada","Net Interprovincial Out-Flows",2016,1060.77999999999
"Current Measures","Canada","Net Interprovincial Out-Flows",2017,1024.95999999999
"Current Measures","Canada","Net Interprovincial Out-Flows",2018,1531.92
"Current Measures","Canada","Net Interprovincial Out-Flows",2019,1303.20999999999
"Current Measures","Canada","Net Interprovincial Out-Flows",2020,-69.3383085883006
"Current Measures","Canada","Net Interprovincial Out-Flows",2021,263.135343429746
"Current Measures","Canada","Net Interprovincial Out-Flows",2022,7.27595761418342e-12
"Current Measures","Canada","Net Interprovincial Out-Flows",2023,0
"Current Measures","Canada","Net Interprovincial Out-Flows",2024,0
"Current Measures","Canada","Net Interprovincial Out-Flows",2025,-7.27595761418342e-12
"Current Measures","Canada","Net Interprovincial Out-Flows",2026,0
"Current Measures","Canada","Net Interprovincial Out-Flows",2027,0
"Current Measures","Canada","Net Interprovincial Out-Flows",2028,0
"Current Measures","Canada","Net Interprovincial Out-Flows",2029,0
"Current Measures","Canada","Net Interprovincial Out-Flows",2030,-1.45519152283668e-11
"Current Measures","Canada","Net Interprovincial Out-Flows",2031,0
"Current Measures","Canada","Net Interprovincial Out-Flows",2032,-1.45519152283668e-11
"Current Measures","Canada","Net Interprovincial Out-Flows",2033,0
"Current Measures","Canada","Net Interprovincial Out-Flows",2034,1.45519152283668e-11
"Current Measures","Canada","Net Interprovincial Out-Flows",2035,0
"Current Measures","Canada","Net Interprovincial Out-Flows",2036,0
"Current Measures","Canada","Net Interprovincial Out-Flows",2037,-1.45519152283668e-11
"Current Measures","Canada","Net Interprovincial Out-Flows",2038,0
"Current Measures","Canada","Net Interprovincial Out-Flows",2039,0
"Current Measures","Canada","Net Interprovincial Out-Flows",2040,0
"Current Measures","Canada","Net Interprovincial Out-Flows",2041,-1.45519152283668e-11
"Current Measures","Canada","Net Interprovincial Out-Flows",2042,1.45519152283668e-11
"Current Measures","Canada","Net Interprovincial Out-Flows",2043,0
"Current Measures","Canada","Net Interprovincial Out-Flows",2044,0
"Current Measures","Canada","Net Interprovincial Out-Flows",2045,0
"Current Measures","Canada","Net Interprovincial Out-Flows",2046,0
"Current Measures","Canada","Net Interprovincial Out-Flows",2047,1.45519152283668e-11
"Current Measures","Canada","Net Interprovincial Out-Flows",2048,1.45519152283668e-11
"Current Measures","Canada","Net Interprovincial Out-Flows",2049,-1.45519152283668e-11
"Current Measures","Canada","Net Interprovincial Out-Flows",2050,0
"Current Measures","Manitoba","Net Interprovincial Out-Flows",2005,3235.01
"Current Measures","Manitoba","Net Interprovincial Out-Flows",2006,1895.68
"Current Measures","Manitoba","Net Interprovincial Out-Flows",2007,1608.62
"Current Measures","Manitoba","Net Interprovincial Out-Flows",2008,572.75
"Current Measures","Manitoba","Net Interprovincial Out-Flows",2009,255.87
"Current Measures","Manitoba","Net Interprovincial Out-Flows",2010,614.19
"Current Measures","Manitoba","Net Interprovincial Out-Flows",2011,914.05
"Current Measures","Manitoba","Net Interprovincial Out-Flows",2012,836.81
"Current Measures","Manitoba","Net Interprovincial Out-Flows",2013,691.61
"Current Measures","Manitoba","Net Interprovincial Out-Flows",2014,730.38
"Current Measures","Manitoba","Net Interprovincial Out-Flows",2015,68.9239999999999
"Current Measures","Manitoba","Net Interprovincial Out-Flows",2016,133.226
"Current Measures","Manitoba","Net Interprovincial Out-Flows",2017,124.411
"Current Measures","Manitoba","Net Interprovincial Out-Flows",2018,751.904
"Current Measures","Manitoba","Net Interprovincial Out-Flows",2019,562.9534
"Current Measures","Manitoba","Net Interprovincial Out-Flows",2020,1154.39099999999
"Current Measures","Manitoba","Net Interprovincial Out-Flows",2021,1318.437
"Current Measures","Manitoba","Net Interprovincial Out-Flows",2022,2674.79744146864
"Current Measures","Manitoba","Net Interprovincial Out-Flows",2023,2729.30842606378
"Current Measures","Manitoba","Net Interprovincial Out-Flows",2024,2689.242299044
"Current Measures","Manitoba","Net Interprovincial Out-Flows",2025,2466.72835978308
"Current Measures","Manitoba","Net Interprovincial Out-Flows",2026,2700.9248529527
"Current Measures","Manitoba","Net Interprovincial Out-Flows",2027,2752.78794231351
"Current Measures","Manitoba","Net Interprovincial Out-Flows",2028,2841.88390420953
"Current Measures","Manitoba","Net Interprovincial Out-Flows",2029,2275.89464777293
"Current Measures","Manitoba","Net Interprovincial Out-Flows",2030,2453.60010542392
"Current Measures","Manitoba","Net Interprovincial Out-Flows",2031,2474.12568245765
"Current Measures","Manitoba","Net Interprovincial Out-Flows",2032,2548.13595258685
"Current Measures","Manitoba","Net Interprovincial Out-Flows",2033,2550.38965735286
"Current Measures","Manitoba","Net Interprovincial Out-Flows",2034,2483.06363876042
"Current Measures","Manitoba","Net Interprovincial Out-Flows",2035,2578.39724369307
"Current Measures","Manitoba","Net Interprovincial Out-Flows",2036,2549.30568671801
"Current Measures","Manitoba","Net Interprovincial Out-Flows",2037,2469.50100132292
"Current Measures","Manitoba","Net Interprovincial Out-Flows",2038,2421.12004896852
"Current Measures","Manitoba","Net Interprovincial Out-Flows",2039,2391.67566543276
"Current Measures","Manitoba","Net Interprovincial Out-Flows",2040,2295.77844721676
"Current Measures","Manitoba","Net Interprovincial Out-Flows",2041,2260.68422277056
"Current Measures","Manitoba","Net Interprovincial Out-Flows",2042,2235.70460287781
"Current Measures","Manitoba","Net Interprovincial Out-Flows",2043,2206.14498368085
"Current Measures","Manitoba","Net Interprovincial Out-Flows",2044,2165.12333883788
"Current Measures","Manitoba","Net Interprovincial Out-Flows",2045,2160.01138949115
"Current Measures","Manitoba","Net Interprovincial Out-Flows",2046,2165.05266527077
"Current Measures","Manitoba","Net Interprovincial Out-Flows",2047,2136.89354042028
"Current Measures","Manitoba","Net Interprovincial Out-Flows",2048,2067.62045387901
"Current Measures","Manitoba","Net Interprovincial Out-Flows",2049,2119.42546092571
"Current Measures","Manitoba","Net Interprovincial Out-Flows",2050,2260.09189281865
"Current Measures","New Brunswick","Net Interprovincial Out-Flows",2005,2277.78
"Current Measures","New Brunswick","Net Interprovincial Out-Flows",2006,1831.75
"Current Measures","New Brunswick","Net Interprovincial Out-Flows",2007,90.75
"Current Measures","New Brunswick","Net Interprovincial Out-Flows",2008,-360.81
"Current Measures","New Brunswick","Net Interprovincial Out-Flows",2009,-2066.89
"Current Measures","New Brunswick","Net Interprovincial Out-Flows",2010,-3180.07
"Current Measures","New Brunswick","Net Interprovincial Out-Flows",2011,-2934.57
"Current Measures","New Brunswick","Net Interprovincial Out-Flows",2012,-3597.25999999999
"Current Measures","New Brunswick","Net Interprovincial Out-Flows",2013,-762.85
"Current Measures","New Brunswick","Net Interprovincial Out-Flows",2014,-686.97
"Current Measures","New Brunswick","Net Interprovincial Out-Flows",2015,-4641.92
"Current Measures","New Brunswick","Net Interprovincial Out-Flows",2016,-1851.847
"Current Measures","New Brunswick","Net Interprovincial Out-Flows",2017,-1924.486
"Current Measures","New Brunswick","Net Interprovincial Out-Flows",2018,-1327.563
"Current Measures","New Brunswick","Net Interprovincial Out-Flows",2019,1616.621
"Current Measures","New Brunswick","Net Interprovincial Out-Flows",2020,-2904.879
"Current Measures","New Brunswick","Net Interprovincial Out-Flows",2021,-3039.47
"Current Measures","New Brunswick","Net Interprovincial Out-Flows",2022,-5068.42428337784
"Current Measures","New Brunswick","Net Interprovincial Out-Flows",2023,-4105.06824608239
"Current Measures","New Brunswick","Net Interprovincial Out-Flows",2024,-3915.47982242693
"Current Measures","New Brunswick","Net Interprovincial Out-Flows",2025,-4715.3751607949
"Current Measures","New Brunswick","Net Interprovincial Out-Flows",2026,-4617.26752195068
"Current Measures","New Brunswick","Net Interprovincial Out-Flows",2027,-4808.8127352868
"Current Measures","New Brunswick","Net Interprovincial Out-Flows",2028,-6147.62092780104
"Current Measures","New Brunswick","Net Interprovincial Out-Flows",2029,-7014.09009899446
"Current Measures","New Brunswick","Net Interprovincial Out-Flows",2030,-7812.39149611879
"Current Measures","New Brunswick","Net Interprovincial Out-Flows",2031,-6592.46758104508
"Current Measures","New Brunswick","Net Interprovincial Out-Flows",2032,-5675.33926411431
"Current Measures","New Brunswick","Net Interprovincial Out-Flows",2033,-5008.38221277526
"Current Measures","New Brunswick","Net Interprovincial Out-Flows",2034,-4109.06464952091
"Current Measures","New Brunswick","Net Interprovincial Out-Flows",2035,-3238.68214946793
"Current Measures","New Brunswick","Net Interprovincial Out-Flows",2036,-2851.54557130258
"Current Measures","New Brunswick","Net Interprovincial Out-Flows",2037,-2391.79054772755
"Current Measures","New Brunswick","Net Interprovincial Out-Flows",2038,-2016.90194307135
"Current Measures","New Brunswick","Net Interprovincial Out-Flows",2039,-2014.65349985329
"Current Measures","New Brunswick","Net Interprovincial Out-Flows",2040,-1709.99241247236
"Current Measures","New Brunswick","Net Interprovincial Out-Flows",2041,-1135.38293869915
"Current Measures","New Brunswick","Net Interprovincial Out-Flows",2042,-5516.65393952607
"Current Measures","New Brunswick","Net Interprovincial Out-Flows",2043,-5708.62513011145
"Current Measures","New Brunswick","Net Interprovincial Out-Flows",2044,-2360.92832392915
"Current Measures","New Brunswick","Net Interprovincial Out-Flows",2045,-2516.39297270717
"Current Measures","New Brunswick","Net Interprovincial Out-Flows",2046,-2369.33032304207
"Current Measures","New Brunswick","Net Interprovincial Out-Flows",2047,-2254.94655158084
"Current Measures","New Brunswick","Net Interprovincial Out-Flows",2048,-2097.69589391183
"Current Measures","New Brunswick","Net Interprovincial Out-Flows",2049,-1954.80986026489
"Current Measures","New Brunswick","Net Interprovincial Out-Flows",2050,-1806.52592643163
"Current Measures","Newfoundland and Labrador","Net Interprovincial Out-Flows",2005,30189.03
"Current Measures","Newfoundland and Labrador","Net Interprovincial Out-Flows",2006,31331.92
"Current Measures","Newfoundland and Labrador","Net Interprovincial Out-Flows",2007,30077.91
"Current Measures","Newfoundland and Labrador","Net Interprovincial Out-Flows",2008,31413.49
"Current Measures","Newfoundland and Labrador","Net Interprovincial Out-Flows",2009,27412.76
"Current Measures","Newfoundland and Labrador","Net Interprovincial Out-Flows",2010,30379.67
"Current Measures","Newfoundland and Labrador","Net Interprovincial Out-Flows",2011,30185.62
"Current Measures","Newfoundland and Labrador","Net Interprovincial Out-Flows",2012,32298.65
"Current Measures","Newfoundland and Labrador","Net Interprovincial Out-Flows",2013,31232.72
"Current Measures","Newfoundland and Labrador","Net Interprovincial Out-Flows",2014,27593.26
"Current Measures","Newfoundland and Labrador","Net Interprovincial Out-Flows",2015,30278.527
"Current Measures","Newfoundland and Labrador","Net Interprovincial Out-Flows",2016,28718.37
"Current Measures","Newfoundland and Labrador","Net Interprovincial Out-Flows",2017,26464.87
"Current Measures","Newfoundland and Labrador","Net Interprovincial Out-Flows",2018,32423.44
"Current Measures","Newfoundland and Labrador","Net Interprovincial Out-Flows",2019,36041.95
"Current Measures","Newfoundland and Labrador","Net Interprovincial Out-Flows",2020,27767.5739999999
"Current Measures","Newfoundland and Labrador","Net Interprovincial Out-Flows",2021,31109.9
"Current Measures","Newfoundland and Labrador","Net Interprovincial Out-Flows",2022,31910.7348794657
"Current Measures","Newfoundland and Labrador","Net Interprovincial Out-Flows",2023,31723.345219276
"Current Measures","Newfoundland and Labrador","Net Interprovincial Out-Flows",2024,31524.883628203
"Current Measures","Newfoundland and Labrador","Net Interprovincial Out-Flows",2025,31381.3252686423
"Current Measures","Newfoundland and Labrador","Net Interprovincial Out-Flows",2026,31354.2603387921
"Current Measures","Newfoundland and Labrador","Net Interprovincial Out-Flows",2027,31313.6730936339
"Current Measures","Newfoundland and Labrador","Net Interprovincial Out-Flows",2028,31355.8154417117
"Current Measures","Newfoundland and Labrador","Net Interprovincial Out-Flows",2029,31233.6547245969
"Current Measures","Newfoundland and Labrador","Net Interprovincial Out-Flows",2030,31074.4222587118
"Current Measures","Newfoundland and Labrador","Net Interprovincial Out-Flows",2031,31058.8829484893
"Current Measures","Newfoundland and Labrador","Net Interprovincial Out-Flows",2032,31044.0524830723
"Current Measures","Newfoundland and Labrador","Net Interprovincial Out-Flows",2033,31030.4473528065
"Current Measures","Newfoundland and Labrador","Net Interprovincial Out-Flows",2034,31007.4551218464
"Current Measures","Newfoundland and Labrador","Net Interprovincial Out-Flows",2035,30982.1087209455
"Current Measures","Newfoundland and Labrador","Net Interprovincial Out-Flows",2036,30943.7447153398
"Current Measures","Newfoundland and Labrador","Net Interprovincial Out-Flows",2037,30907.1357455737
"Current Measures","Newfoundland and Labrador","Net Interprovincial Out-Flows",2038,30863.9312163441
"Current Measures","Newfoundland and Labrador","Net Interprovincial Out-Flows",2039,30834.9752323725
"Current Measures","Newfoundland and Labrador","Net Interprovincial Out-Flows",2040,30797.2330646631
"Current Measures","Newfoundland and Labrador","Net Interprovincial Out-Flows",2041,30766.6558079119
"Current Measures","Newfoundland and Labrador","Net Interprovincial Out-Flows",2042,30730.3680678939
"Current Measures","Newfoundland and Labrador","Net Interprovincial Out-Flows",2043,30693.4650385799
"Current Measures","Newfoundland and Labrador","Net Interprovincial Out-Flows",2044,30652.7917918167
"Current Measures","Newfoundland and Labrador","Net Interprovincial Out-Flows",2045,30594.75051075
"Current Measures","Newfoundland and Labrador","Net Interprovincial Out-Flows",2046,30539.1024177413
"Current Measures","Newfoundland and Labrador","Net Interprovincial Out-Flows",2047,30482.0027019906
"Current Measures","Newfoundland and Labrador","Net Interprovincial Out-Flows",2048,30417.2954364129
"Current Measures","Newfoundland and Labrador","Net Interprovincial Out-Flows",2049,30345.2284137474
"Current Measures","Newfoundland and Labrador","Net Interprovincial Out-Flows",2050,30274.2832643176
"Current Measures","Nova Scotia","Net Interprovincial Out-Flows",2005,-153.18
"Current Measures","Nova Scotia","Net Interprovincial Out-Flows",2006,12.37
"Current Measures","Nova Scotia","Net Interprovincial Out-Flows",2007,-253.3
"Current Measures","Nova Scotia","Net Interprovincial Out-Flows",2008,-289.36
"Current Measures","Nova Scotia","Net Interprovincial Out-Flows",2009,-289.02
"Current Measures","Nova Scotia","Net Interprovincial Out-Flows",2010,-263.9
"Current Measures","Nova Scotia","Net Interprovincial Out-Flows",2011,-377.79
"Current Measures","Nova Scotia","Net Interprovincial Out-Flows",2012,-144.78
"Current Measures","Nova Scotia","Net Interprovincial Out-Flows",2013,-548.99
"Current Measures","Nova Scotia","Net Interprovincial Out-Flows",2014,-220.64
"Current Measures","Nova Scotia","Net Interprovincial Out-Flows",2015,-588.118999999999
"Current Measures","Nova Scotia","Net Interprovincial Out-Flows",2016,-1113.5848
"Current Measures","Nova Scotia","Net Interprovincial Out-Flows",2017,-1211.9038
"Current Measures","Nova Scotia","Net Interprovincial Out-Flows",2018,-437.995
"Current Measures","Nova Scotia","Net Interprovincial Out-Flows",2019,-3381.36
"Current Measures","Nova Scotia","Net Interprovincial Out-Flows",2020,-596.877999999999
"Current Measures","Nova Scotia","Net Interprovincial Out-Flows",2021,-1006.567
"Current Measures","Nova Scotia","Net Interprovincial Out-Flows",2022,-2995.91836163371
"Current Measures","Nova Scotia","Net Interprovincial Out-Flows",2023,-3024.72187952044
"Current Measures","Nova Scotia","Net Interprovincial Out-Flows",2024,-3245.47906060825
"Current Measures","Nova Scotia","Net Interprovincial Out-Flows",2025,-4677.23212057372
"Current Measures","Nova Scotia","Net Interprovincial Out-Flows",2026,-4484.6672363523
"Current Measures","Nova Scotia","Net Interprovincial Out-Flows",2027,-3954.28796117014
"Current Measures","Nova Scotia","Net Interprovincial Out-Flows",2028,-3913.05636422366
"Current Measures","Nova Scotia","Net Interprovincial Out-Flows",2029,-4012.32086192522
"Current Measures","Nova Scotia","Net Interprovincial Out-Flows",2030,-4198.9015627096
"Current Measures","Nova Scotia","Net Interprovincial Out-Flows",2031,-4386.97016552652
"Current Measures","Nova Scotia","Net Interprovincial Out-Flows",2032,-4318.1829555931
"Current Measures","Nova Scotia","Net Interprovincial Out-Flows",2033,-4364.03916672679
"Current Measures","Nova Scotia","Net Interprovincial Out-Flows",2034,-4622.75566290835
"Current Measures","Nova Scotia","Net Interprovincial Out-Flows",2035,-4629.87289764142
"Current Measures","Nova Scotia","Net Interprovincial Out-Flows",2036,-4605.48888329638
"Current Measures","Nova Scotia","Net Interprovincial Out-Flows",2037,-4555.96864184746
"Current Measures","Nova Scotia","Net Interprovincial Out-Flows",2038,-4536.03343895541
"Current Measures","Nova Scotia","Net Interprovincial Out-Flows",2039,-4360.39542947125
"Current Measures","Nova Scotia","Net Interprovincial Out-Flows",2040,-4312.23543459326
"Current Measures","Nova Scotia","Net Interprovincial Out-Flows",2041,-4320.3819004829
"Current Measures","Nova Scotia","Net Interprovincial Out-Flows",2042,-3105.63317786777
"Current Measures","Nova Scotia","Net Interprovincial Out-Flows",2043,-2767.36554796196
"Current Measures","Nova Scotia","Net Interprovincial Out-Flows",2044,-3275.9324933894
"Current Measures","Nova Scotia","Net Interprovincial Out-Flows",2045,-2867.23611274909
"Current Measures","Nova Scotia","Net Interprovincial Out-Flows",2046,-2718.75129817751
"Current Measures","Nova Scotia","Net Interprovincial Out-Flows",2047,-2645.47912048285
"Current Measures","Nova Scotia","Net Interprovincial Out-Flows",2048,-2569.25316983538
"Current Measures","Nova Scotia","Net Interprovincial Out-Flows",2049,-2523.76893514402
"Current Measures","Nova Scotia","Net Interprovincial Out-Flows",2050,-3029.43116617406
"Current Measures","Ontario","Net Interprovincial Out-Flows",2005,-228
"Current Measures","Ontario","Net Interprovincial Out-Flows",2006,407
"Current Measures","Ontario","Net Interprovincial Out-Flows",2007,1277
"Current Measures","Ontario","Net Interprovincial Out-Flows",2008,944
"Current Measures","Ontario","Net Interprovincial Out-Flows",2009,674
"Current Measures","Ontario","Net Interprovincial Out-Flows",2010,6607
"Current Measures","Ontario","Net Interprovincial Out-Flows",2011,4754
"Current Measures","Ontario","Net Interprovincial Out-Flows",2012,-985
"Current Measures","Ontario","Net Interprovincial Out-Flows",2013,4902
"Current Measures","Ontario","Net Interprovincial Out-Flows",2014,2628.24
"Current Measures","Ontario","Net Interprovincial Out-Flows",2015,-2198.745
"Current Measures","Ontario","Net Interprovincial Out-Flows",2016,4341.6963
"Current Measures","Ontario","Net Interprovincial Out-Flows",2017,4834.164
"Current Measures","Ontario","Net Interprovincial Out-Flows",2018,-5348.585
"Current Measures","Ontario","Net Interprovincial Out-Flows",2019,-1598.7
"Current Measures","Ontario","Net Interprovincial Out-Flows",2020,-3024.021
"Current Measures","Ontario","Net Interprovincial Out-Flows",2021,-6197.78599999999
"Current Measures","Ontario","Net Interprovincial Out-Flows",2022,11907.1530189544
"Current Measures","Ontario","Net Interprovincial Out-Flows",2023,10083.9805721892
"Current Measures","Ontario","Net Interprovincial Out-Flows",2024,10840.2897918836
"Current Measures","Ontario","Net Interprovincial Out-Flows",2025,-173.217949168893
"Current Measures","Ontario","Net Interprovincial Out-Flows",2026,-4514.52569706354
"Current Measures","Ontario","Net Interprovincial Out-Flows",2027,-5661.42037920289
"Current Measures","Ontario","Net Interprovincial Out-Flows",2028,-7856.83955774257
"Current Measures","Ontario","Net Interprovincial Out-Flows",2029,-7317.71637177481
"Current Measures","Ontario","Net Interprovincial Out-Flows",2030,-8992.43166619461
"Current Measures","Ontario","Net Interprovincial Out-Flows",2031,-7599.22615181131
"Current Measures","Ontario","Net Interprovincial Out-Flows",2032,-8636.01623498436
"Current Measures","Ontario","Net Interprovincial Out-Flows",2033,-9628.75056339303
"Current Measures","Ontario","Net Interprovincial Out-Flows",2034,-11429.5024960078
"Current Measures","Ontario","Net Interprovincial Out-Flows",2035,-12924.4553761638
"Current Measures","Ontario","Net Interprovincial Out-Flows",2036,-12012.6578509334
"Current Measures","Ontario","Net Interprovincial Out-Flows",2037,-11909.4979861815
"Current Measures","Ontario","Net Interprovincial Out-Flows",2038,-11740.7529202867
"Current Measures","Ontario","Net Interprovincial Out-Flows",2039,-11934.4300146152
"Current Measures","Ontario","Net Interprovincial Out-Flows",2040,-13038.646479363
"Current Measures","Ontario","Net Interprovincial Out-Flows",2041,-14123.8610217742
"Current Measures","Ontario","Net Interprovincial Out-Flows",2042,-12819.6171241601
"Current Measures","Ontario","Net Interprovincial Out-Flows",2043,-12519.7394121591
"Current Measures","Ontario","Net Interprovincial Out-Flows",2044,-12423.9518935076
"Current Measures","Ontario","Net Interprovincial Out-Flows",2045,-11904.3461656791
"Current Measures","Ontario","Net Interprovincial Out-Flows",2046,-12330.2286863994
"Current Measures","Ontario","Net Interprovincial Out-Flows",2047,-12565.6131067856
"Current Measures","Ontario","Net Interprovincial Out-Flows",2048,-12857.6489112355
"Current Measures","Ontario","Net Interprovincial Out-Flows",2049,-13255.5991588751
"Current Measures","Ontario","Net Interprovincial Out-Flows",2050,-13729.6859355281
"Current Measures","Prince Edward Island","Net Interprovincial Out-Flows",2005,-1151.69
"Current Measures","Prince Edward Island","Net Interprovincial Out-Flows",2006,-1262.82
"Current Measures","Prince Edward Island","Net Interprovincial Out-Flows",2007,-1160.94
"Current Measures","Prince Edward Island","Net Interprovincial Out-Flows",2008,-1080.16
"Current Measures","Prince Edward Island","Net Interprovincial Out-Flows",2009,-886.159999999999
"Current Measures","Prince Edward Island","Net Interprovincial Out-Flows",2010,-763.17
"Current Measures","Prince Edward Island","Net Interprovincial Out-Flows",2011,-745.079999999999
"Current Measures","Prince Edward Island","Net Interprovincial Out-Flows",2012,-787.26
"Current Measures","Prince Edward Island","Net Interprovincial Out-Flows",2013,-816.089999999999
"Current Measures","Prince Edward Island","Net Interprovincial Out-Flows",2014,-831.05
"Current Measures","Prince Edward Island","Net Interprovincial Out-Flows",2015,-739.914
"Current Measures","Prince Edward Island","Net Interprovincial Out-Flows",2016,-1667.57
"Current Measures","Prince Edward Island","Net Interprovincial Out-Flows",2017,-1645.563
"Current Measures","Prince Edward Island","Net Interprovincial Out-Flows",2018,-820.152999999999
"Current Measures","Prince Edward Island","Net Interprovincial Out-Flows",2019,-1054.366
"Current Measures","Prince Edward Island","Net Interprovincial Out-Flows",2020,-932.297308588299
"Current Measures","Prince Edward Island","Net Interprovincial Out-Flows",2021,-848.183656570253
"Current Measures","Prince Edward Island","Net Interprovincial Out-Flows",2022,-893.819084729773
"Current Measures","Prince Edward Island","Net Interprovincial Out-Flows",2023,-915.110941607993
"Current Measures","Prince Edward Island","Net Interprovincial Out-Flows",2024,-931.513343085474
"Current Measures","Prince Edward Island","Net Interprovincial Out-Flows",2025,-733.983577086329
"Current Measures","Prince Edward Island","Net Interprovincial Out-Flows",2026,-680.794606632597
"Current Measures","Prince Edward Island","Net Interprovincial Out-Flows",2027,-627.567645206329
"Current Measures","Prince Edward Island","Net Interprovincial Out-Flows",2028,-589.438016060329
"Current Measures","Prince Edward Island","Net Interprovincial Out-Flows",2029,-556.119513648536
"Current Measures","Prince Edward Island","Net Interprovincial Out-Flows",2030,-527.392271994546
"Current Measures","Prince Edward Island","Net Interprovincial Out-Flows",2031,-484.802273790556
"Current Measures","Prince Edward Island","Net Interprovincial Out-Flows",2032,-445.596818192372
"Current Measures","Prince Edward Island","Net Interprovincial Out-Flows",2033,-410.430725692835
"Current Measures","Prince Edward Island","Net Interprovincial Out-Flows",2034,-379.885928334587
"Current Measures","Prince Edward Island","Net Interprovincial Out-Flows",2035,-215.573408063618
"Current Measures","Prince Edward Island","Net Interprovincial Out-Flows",2036,-183.663468978288
"Current Measures","Prince Edward Island","Net Interprovincial Out-Flows",2037,-156.811933771164
"Current Measures","Prince Edward Island","Net Interprovincial Out-Flows",2038,-134.577587098886
"Current Measures","Prince Edward Island","Net Interprovincial Out-Flows",2039,-115.043385361772
"Current Measures","Prince Edward Island","Net Interprovincial Out-Flows",2040,-46.767444546041
"Current Measures","Prince Edward Island","Net Interprovincial Out-Flows",2041,-61.8090715630512
"Current Measures","Prince Edward Island","Net Interprovincial Out-Flows",2042,-78.1255531427008
"Current Measures","Prince Edward Island","Net Interprovincial Out-Flows",2043,-82.7200613508169
"Current Measures","Prince Edward Island","Net Interprovincial Out-Flows",2044,-106.36549062435
"Current Measures","Prince Edward Island","Net Interprovincial Out-Flows",2045,-18.406117011614
"Current Measures","Prince Edward Island","Net Interprovincial Out-Flows",2046,-45.113442398022
"Current Measures","Prince Edward Island","Net Interprovincial Out-Flows",2047,-55.3032566495927
"Current Measures","Prince Edward Island","Net Interprovincial Out-Flows",2048,-80.121362806708
"Current Measures","Prince Edward Island","Net Interprovincial Out-Flows",2049,-108.247979139216
"Current Measures","Prince Edward Island","Net Interprovincial Out-Flows",2050,-47.6100280725891
"Current Measures","Quebec","Net Interprovincial Out-Flows",2005,-33906
"Current Measures","Quebec","Net Interprovincial Out-Flows",2006,-34187
"Current Measures","Quebec","Net Interprovincial Out-Flows",2007,-30893
"Current Measures","Quebec","Net Interprovincial Out-Flows",2008,-30614
"Current Measures","Quebec","Net Interprovincial Out-Flows",2009,-22113
"Current Measures","Quebec","Net Interprovincial Out-Flows",2010,-30628
"Current Measures","Quebec","Net Interprovincial Out-Flows",2011,-28720
"Current Measures","Quebec","Net Interprovincial Out-Flows",2012,-25782
"Current Measures","Quebec","Net Interprovincial Out-Flows",2013,-32950
"Current Measures","Quebec","Net Interprovincial Out-Flows",2014,-28664.21
"Current Measures","Quebec","Net Interprovincial Out-Flows",2015,-21797.453
"Current Measures","Quebec","Net Interprovincial Out-Flows",2016,-27152.633
"Current Measures","Quebec","Net Interprovincial Out-Flows",2017,-25137.742
"Current Measures","Quebec","Net Interprovincial Out-Flows",2018,-23463.239
"Current Measures","Quebec","Net Interprovincial Out-Flows",2019,-30365.464
"Current Measures","Quebec","Net Interprovincial Out-Flows",2020,-21054.89
"Current Measures","Quebec","Net Interprovincial Out-Flows",2021,-20570.55
"Current Measures","Quebec","Net Interprovincial Out-Flows",2022,-34911.3930428633
"Current Measures","Quebec","Net Interprovincial Out-Flows",2023,-33868.5084440608
"Current Measures","Quebec","Net Interprovincial Out-Flows",2024,-34582.195900071
"Current Measures","Quebec","Net Interprovincial Out-Flows",2025,-20927.9991597358
"Current Measures","Quebec","Net Interprovincial Out-Flows",2026,-17138.6891351286
"Current Measures","Quebec","Net Interprovincial Out-Flows",2027,-16398.127568719
"Current Measures","Quebec","Net Interprovincial Out-Flows",2028,-13080.8312172788
"Current Measures","Quebec","Net Interprovincial Out-Flows",2029,-12304.8649157476
"Current Measures","Quebec","Net Interprovincial Out-Flows",2030,-9664.81849943877
"Current Measures","Quebec","Net Interprovincial Out-Flows",2031,-12109.864721132
"Current Measures","Quebec","Net Interprovincial Out-Flows",2032,-12151.3482051261
"Current Measures","Quebec","Net Interprovincial Out-Flows",2033,-11810.0735040864
"Current Measures","Quebec","Net Interprovincial Out-Flows",2034,-10624.6608381562
"Current Measures","Quebec","Net Interprovincial Out-Flows",2035,-10135.1638139466
"Current Measures","Quebec","Net Interprovincial Out-Flows",2036,-11372.4243023965
"Current Measures","Quebec","Net Interprovincial Out-Flows",2037,-11905.4230249063
"Current Measures","Quebec","Net Interprovincial Out-Flows",2038,-12423.0420743838
"Current Measures","Quebec","Net Interprovincial Out-Flows",2039,-12379.1665067249
"Current Measures","Quebec","Net Interprovincial Out-Flows",2040,-11617.3022657685
"Current Measures","Quebec","Net Interprovincial Out-Flows",2041,-11029.2396335263
"Current Measures","Quebec","Net Interprovincial Out-Flows",2042,-9117.28459653291
"Current Measures","Quebec","Net Interprovincial Out-Flows",2043,-9510.86813071239
"Current Measures","Quebec","Net Interprovincial Out-Flows",2044,-12348.2577634595
"Current Measures","Quebec","Net Interprovincial Out-Flows",2045,-13161.5508257185
"Current Measures","Quebec","Net Interprovincial Out-Flows",2046,-12969.5365048505
"Current Measures","Quebec","Net Interprovincial Out-Flows",2047,-12846.6813045354
"Current Measures","Quebec","Net Interprovincial Out-Flows",2048,-12651.1877764607
"Current Measures","Quebec","Net Interprovincial Out-Flows",2049,-12408.4241201508
"Current Measures","Quebec","Net Interprovincial Out-Flows",2050,-11715.1836010409
"Current Measures","Saskatchewan","Net Interprovincial Out-Flows",2005,243.61
"Current Measures","Saskatchewan","Net Interprovincial Out-Flows",2006,581.209999999999
"Current Measures","Saskatchewan","Net Interprovincial Out-Flows",2007,-191.65
"Current Measures","Saskatchewan","Net Interprovincial Out-Flows",2008,99.6399999999999
"Current Measures","Saskatchewan","Net Interprovincial Out-Flows",2009,59.75
"Current Measures","Saskatchewan","Net Interprovincial Out-Flows",2010,315.39
"Current Measures","Saskatchewan","Net Interprovincial Out-Flows",2011,562.819999999999
"Current Measures","Saskatchewan","Net Interprovincial Out-Flows",2012,260.52
"Current Measures","Saskatchewan","Net Interprovincial Out-Flows",2013,250.27
"Current Measures","Saskatchewan","Net Interprovincial Out-Flows",2014,-648.28
"Current Measures","Saskatchewan","Net Interprovincial Out-Flows",2015,-368.027
"Current Measures","Saskatchewan","Net Interprovincial Out-Flows",2016,-397.9651
"Current Measures","Saskatchewan","Net Interprovincial Out-Flows",2017,-635.1171
"Current Measures","Saskatchewan","Net Interprovincial Out-Flows",2018,-49.149
"Current Measures","Saskatchewan","Net Interprovincial Out-Flows",2019,-625.7485
"Current Measures","Saskatchewan","Net Interprovincial Out-Flows",2020,-126.592999999999
"Current Measures","Saskatchewan","Net Interprovincial Out-Flows",2021,-381.048
"Current Measures","Saskatchewan","Net Interprovincial Out-Flows",2022,-2105.15487317655
"Current Measures","Saskatchewan","Net Interprovincial Out-Flows",2023,-3111.12902884202
"Current Measures","Saskatchewan","Net Interprovincial Out-Flows",2024,-1462.47516461652
"Current Measures","Saskatchewan","Net Interprovincial Out-Flows",2025,-2373.99672068036
"Current Measures","Saskatchewan","Net Interprovincial Out-Flows",2026,-2413.93288738467
"Current Measures","Saskatchewan","Net Interprovincial Out-Flows",2027,-2458.59691011694
"Current Measures","Saskatchewan","Net Interprovincial Out-Flows",2028,-3200.81037689933
"Current Measures","Saskatchewan","Net Interprovincial Out-Flows",2029,-3337.25642036473
"Current Measures","Saskatchewan","Net Interprovincial Out-Flows",2030,-3465.67636691547
"Current Measures","Saskatchewan","Net Interprovincial Out-Flows",2031,-3446.41950424598
"Current Measures","Saskatchewan","Net Interprovincial Out-Flows",2032,-3412.70764220803
"Current Measures","Saskatchewan","Net Interprovincial Out-Flows",2033,-3385.22626526233
"Current Measures","Saskatchewan","Net Interprovincial Out-Flows",2034,-3280.21652097293
"Current Measures","Saskatchewan","Net Interprovincial Out-Flows",2035,-3315.15680447301
"Current Measures","Saskatchewan","Net Interprovincial Out-Flows",2036,-3122.04585147795
"Current Measures","Saskatchewan","Net Interprovincial Out-Flows",2037,-3108.96805973296
"Current Measures","Saskatchewan","Net Interprovincial Out-Flows",2038,-3119.9953040796
"Current Measures","Saskatchewan","Net Interprovincial Out-Flows",2039,-2895.04249077541
"Current Measures","Saskatchewan","Net Interprovincial Out-Flows",2040,-2839.27421991856
"Current Measures","Saskatchewan","Net Interprovincial Out-Flows",2041,-2919.16112381801
"Current Measures","Saskatchewan","Net Interprovincial Out-Flows",2042,-2933.12452702515
"Current Measures","Saskatchewan","Net Interprovincial Out-Flows",2043,-2889.5415139851
"Current Measures","Saskatchewan","Net Interprovincial Out-Flows",2044,-2841.74116612573
"Current Measures","Saskatchewan","Net Interprovincial Out-Flows",2045,-2783.15300620562
"Current Measures","Saskatchewan","Net Interprovincial Out-Flows",2046,-2757.19103231306
"Current Measures","Saskatchewan","Net Interprovincial Out-Flows",2047,-2735.52394867051
"Current Measures","Saskatchewan","Net Interprovincial Out-Flows",2048,-2693.21934500462
"Current Measures","Saskatchewan","Net Interprovincial Out-Flows",2049,-2670.89412285614
"Current Measures","Saskatchewan","Net Interprovincial Out-Flows",2050,-2561.76986078956
"Global Net-zero","Alberta","Net Interprovincial Out-Flows",2005,-541.889999999999
"Global Net-zero","Alberta","Net Interprovincial Out-Flows",2006,-1231.61
"Global Net-zero","Alberta","Net Interprovincial Out-Flows",2007,-563.369999999999
"Global Net-zero","Alberta","Net Interprovincial Out-Flows",2008,-1771.56
"Global Net-zero","Alberta","Net Interprovincial Out-Flows",2009,-3847.42999999999
"Global Net-zero","Alberta","Net Interprovincial Out-Flows",2010,-4510.96
"Global Net-zero","Alberta","Net Interprovincial Out-Flows",2011,-8826.44999999999
"Global Net-zero","Alberta","Net Interprovincial Out-Flows",2012,-6285.77
"Global Net-zero","Alberta","Net Interprovincial Out-Flows",2013,-3840.5
"Global Net-zero","Alberta","Net Interprovincial Out-Flows",2014,-827.13
"Global Net-zero","Alberta","Net Interprovincial Out-Flows",2015,-320.218
"Global Net-zero","Alberta","Net Interprovincial Out-Flows",2016,-1262.9069
"Global Net-zero","Alberta","Net Interprovincial Out-Flows",2017,-1157.6682
"Global Net-zero","Alberta","Net Interprovincial Out-Flows",2018,-1675.493
"Global Net-zero","Alberta","Net Interprovincial Out-Flows",2019,-623.9248
"Global Net-zero","Alberta","Net Interprovincial Out-Flows",2020,-4544.994
"Global Net-zero","Alberta","Net Interprovincial Out-Flows",2021,-3371.93399999999
"Global Net-zero","Alberta","Net Interprovincial Out-Flows",2022,-330.971042301594
"Global Net-zero","Alberta","Net Interprovincial Out-Flows",2023,3330.28299705596
"Global Net-zero","Alberta","Net Interprovincial Out-Flows",2024,2943.35508764328
"Global Net-zero","Alberta","Net Interprovincial Out-Flows",2025,4508.74262670455
"Global Net-zero","Alberta","Net Interprovincial Out-Flows",2026,5059.37169934588
"Global Net-zero","Alberta","Net Interprovincial Out-Flows",2027,5406.6065251032
"Global Net-zero","Alberta","Net Interprovincial Out-Flows",2028,5685.47878692076
"Global Net-zero","Alberta","Net Interprovincial Out-Flows",2029,4446.31586465035
"Global Net-zero","Alberta","Net Interprovincial Out-Flows",2030,3602.56134486097
"Global Net-zero","Alberta","Net Interprovincial Out-Flows",2031,1252.10513614068
"Global Net-zero","Alberta","Net Interprovincial Out-Flows",2032,2598.2851456609
"Global Net-zero","Alberta","Net Interprovincial Out-Flows",2033,2237.69125536706
"Global Net-zero","Alberta","Net Interprovincial Out-Flows",2034,1610.7722576438
"Global Net-zero","Alberta","Net Interprovincial Out-Flows",2035,3949.67574311245
"Global Net-zero","Alberta","Net Interprovincial Out-Flows",2036,3296.07263483549
"Global Net-zero","Alberta","Net Interprovincial Out-Flows",2037,2799.99856861609
"Global Net-zero","Alberta","Net Interprovincial Out-Flows",2038,2563.72042685418
"Global Net-zero","Alberta","Net Interprovincial Out-Flows",2039,2568.386578604
"Global Net-zero","Alberta","Net Interprovincial Out-Flows",2040,2312.30632086104
"Global Net-zero","Alberta","Net Interprovincial Out-Flows",2041,2815.16123342038
"Global Net-zero","Alberta","Net Interprovincial Out-Flows",2042,3146.17819019958
"Global Net-zero","Alberta","Net Interprovincial Out-Flows",2043,3403.83594270254
"Global Net-zero","Alberta","Net Interprovincial Out-Flows",2044,3841.40480923055
"Global Net-zero","Alberta","Net Interprovincial Out-Flows",2045,3995.45764388968
"Global Net-zero","Alberta","Net Interprovincial Out-Flows",2046,4660.95150368461
"Global Net-zero","Alberta","Net Interprovincial Out-Flows",2047,5341.45637715145
"Global Net-zero","Alberta","Net Interprovincial Out-Flows",2048,6076.44932567793
"Global Net-zero","Alberta","Net Interprovincial Out-Flows",2049,6951.17959092193
"Global Net-zero","Alberta","Net Interprovincial Out-Flows",2050,7905.32262470826
"Global Net-zero","British Columbia","Net Interprovincial Out-Flows",2005,35.7699999999999
"Global Net-zero","British Columbia","Net Interprovincial Out-Flows",2006,630.339999999999
"Global Net-zero","British Columbia","Net Interprovincial Out-Flows",2007,18.0899999999999
"Global Net-zero","British Columbia","Net Interprovincial Out-Flows",2008,1085.78
"Global Net-zero","British Columbia","Net Interprovincial Out-Flows",2009,850.06
"Global Net-zero","British Columbia","Net Interprovincial Out-Flows",2010,1428.39
"Global Net-zero","British Columbia","Net Interprovincial Out-Flows",2011,5187.8
"Global Net-zero","British Columbia","Net Interprovincial Out-Flows",2012,4185.52
"Global Net-zero","British Columbia","Net Interprovincial Out-Flows",2013,1842.6
"Global Net-zero","British Columbia","Net Interprovincial Out-Flows",2014,926.389999999999
"Global Net-zero","British Columbia","Net Interprovincial Out-Flows",2015,306.945
"Global Net-zero","British Columbia","Net Interprovincial Out-Flows",2016,1314
"Global Net-zero","British Columbia","Net Interprovincial Out-Flows",2017,1314
"Global Net-zero","British Columbia","Net Interprovincial Out-Flows",2018,1478.752
"Global Net-zero","British Columbia","Net Interprovincial Out-Flows",2019,731.2537
"Global Net-zero","British Columbia","Net Interprovincial Out-Flows",2020,4193.249
"Global Net-zero","British Columbia","Net Interprovincial Out-Flows",2021,3250.33699999999
"Global Net-zero","British Columbia","Net Interprovincial Out-Flows",2022,-392.618389558051
"Global Net-zero","British Columbia","Net Interprovincial Out-Flows",2023,-3130.9713876794
"Global Net-zero","British Columbia","Net Interprovincial Out-Flows",2024,-4009.52478448398
"Global Net-zero","British Columbia","Net Interprovincial Out-Flows",2025,-4213.09404468689
"Global Net-zero","British Columbia","Net Interprovincial Out-Flows",2026,-4812.17070254523
"Global Net-zero","British Columbia","Net Interprovincial Out-Flows",2027,-5234.98897455723
"Global Net-zero","British Columbia","Net Interprovincial Out-Flows",2028,-5522.90599720082
"Global Net-zero","British Columbia","Net Interprovincial Out-Flows",2029,-4650.16863540875
"Global Net-zero","British Columbia","Net Interprovincial Out-Flows",2030,-3955.44011096887
"Global Net-zero","British Columbia","Net Interprovincial Out-Flows",2031,-1693.07590499229
"Global Net-zero","British Columbia","Net Interprovincial Out-Flows",2032,-3108.98860505691
"Global Net-zero","British Columbia","Net Interprovincial Out-Flows",2033,-2743.93347413915
"Global Net-zero","British Columbia","Net Interprovincial Out-Flows",2034,-2150.44932078873
"Global Net-zero","British Columbia","Net Interprovincial Out-Flows",2035,-5697.52792795892
"Global Net-zero","British Columbia","Net Interprovincial Out-Flows",2036,-4815.6035961998
"Global Net-zero","British Columbia","Net Interprovincial Out-Flows",2037,-4565.21507646166
"Global Net-zero","British Columbia","Net Interprovincial Out-Flows",2038,-4297.25283944276
"Global Net-zero","British Columbia","Net Interprovincial Out-Flows",2039,-4217.06122549013
"Global Net-zero","British Columbia","Net Interprovincial Out-Flows",2040,-3786.95037978631
"Global Net-zero","British Columbia","Net Interprovincial Out-Flows",2041,-4331.17204966257
"Global Net-zero","British Columbia","Net Interprovincial Out-Flows",2042,-4654.4169984938
"Global Net-zero","British Columbia","Net Interprovincial Out-Flows",2043,-4992.33973874004
"Global Net-zero","British Columbia","Net Interprovincial Out-Flows",2044,-5697.96182698771
"Global Net-zero","British Columbia","Net Interprovincial Out-Flows",2045,-5997.07329691178
"Global Net-zero","British Columbia","Net Interprovincial Out-Flows",2046,-6305.31237839516
"Global Net-zero","British Columbia","Net Interprovincial Out-Flows",2047,-6775.36387380202
"Global Net-zero","British Columbia","Net Interprovincial Out-Flows",2048,-7374.69469843821
"Global Net-zero","British Columbia","Net Interprovincial Out-Flows",2049,-8041.79639449277
"Global Net-zero","British Columbia","Net Interprovincial Out-Flows",2050,-8671.38141561025
"Global Net-zero","Canada","Net Interprovincial Out-Flows",2005,0.450000000004365
"Global Net-zero","Canada","Net Interprovincial Out-Flows",2006,8.8399999999965
"Global Net-zero","Canada","Net Interprovincial Out-Flows",2007,10.1300000000046
"Global Net-zero","Canada","Net Interprovincial Out-Flows",2008,-0.230000000003201
"Global Net-zero","Canada","Net Interprovincial Out-Flows",2009,49.9599999999991
"Global Net-zero","Canada","Net Interprovincial Out-Flows",2010,-1.47000000000116
"Global Net-zero","Canada","Net Interprovincial Out-Flows",2011,0.37999999999738
"Global Net-zero","Canada","Net Interprovincial Out-Flows",2012,-0.590000000003783
"Global Net-zero","Canada","Net Interprovincial Out-Flows",2013,0.760000000002037
"Global Net-zero","Canada","Net Interprovincial Out-Flows",2014,0
"Global Net-zero","Canada","Net Interprovincial Out-Flows",2015,0
"Global Net-zero","Canada","Net Interprovincial Out-Flows",2016,1060.77999999999
"Global Net-zero","Canada","Net Interprovincial Out-Flows",2017,1024.95999999999
"Global Net-zero","Canada","Net Interprovincial Out-Flows",2018,1531.92
"Global Net-zero","Canada","Net Interprovincial Out-Flows",2019,1303.20999999999
"Global Net-zero","Canada","Net Interprovincial Out-Flows",2020,-69.3383085883006
"Global Net-zero","Canada","Net Interprovincial Out-Flows",2021,263.135343429746
"Global Net-zero","Canada","Net Interprovincial Out-Flows",2022,0
"Global Net-zero","Canada","Net Interprovincial Out-Flows",2023,7.27595761418342e-12
"Global Net-zero","Canada","Net Interprovincial Out-Flows",2024,-7.27595761418342e-12
"Global Net-zero","Canada","Net Interprovincial Out-Flows",2025,-7.27595761418342e-12
"Global Net-zero","Canada","Net Interprovincial Out-Flows",2026,0
"Global Net-zero","Canada","Net Interprovincial Out-Flows",2027,-7.27595761418342e-12
"Global Net-zero","Canada","Net Interprovincial Out-Flows",2028,0
"Global Net-zero","Canada","Net Interprovincial Out-Flows",2029,0
"Global Net-zero","Canada","Net Interprovincial Out-Flows",2030,0
"Global Net-zero","Canada","Net Interprovincial Out-Flows",2031,0
"Global Net-zero","Canada","Net Interprovincial Out-Flows",2032,0
"Global Net-zero","Canada","Net Interprovincial Out-Flows",2033,1.45519152283668e-11
"Global Net-zero","Canada","Net Interprovincial Out-Flows",2034,-1.45519152283668e-11
"Global Net-zero","Canada","Net Interprovincial Out-Flows",2035,1.45519152283668e-11
"Global Net-zero","Canada","Net Interprovincial Out-Flows",2036,0
"Global Net-zero","Canada","Net Interprovincial Out-Flows",2037,0
"Global Net-zero","Canada","Net Interprovincial Out-Flows",2038,0
"Global Net-zero","Canada","Net Interprovincial Out-Flows",2039,0
"Global Net-zero","Canada","Net Interprovincial Out-Flows",2040,0
"Global Net-zero","Canada","Net Interprovincial Out-Flows",2041,1.45519152283668e-11
"Global Net-zero","Canada","Net Interprovincial Out-Flows",2042,-1.45519152283668e-11
"Global Net-zero","Canada","Net Interprovincial Out-Flows",2043,0
"Global Net-zero","Canada","Net Interprovincial Out-Flows",2044,0
"Global Net-zero","Canada","Net Interprovincial Out-Flows",2045,0
"Global Net-zero","Canada","Net Interprovincial Out-Flows",2046,-1.45519152283668e-11
"Global Net-zero","Canada","Net Interprovincial Out-Flows",2047,0
"Global Net-zero","Canada","Net Interprovincial Out-Flows",2048,0
"Global Net-zero","Canada","Net Interprovincial Out-Flows",2049,0
"Global Net-zero","Canada","Net Interprovincial Out-Flows",2050,0
"Global Net-zero","Manitoba","Net Interprovincial Out-Flows",2005,3235.01
"Global Net-zero","Manitoba","Net Interprovincial Out-Flows",2006,1895.68
"Global Net-zero","Manitoba","Net Interprovincial Out-Flows",2007,1608.62
"Global Net-zero","Manitoba","Net Interprovincial Out-Flows",2008,572.75
"Global Net-zero","Manitoba","Net Interprovincial Out-Flows",2009,255.87
"Global Net-zero","Manitoba","Net Interprovincial Out-Flows",2010,614.19
"Global Net-zero","Manitoba","Net Interprovincial Out-Flows",2011,914.05
"Global Net-zero","Manitoba","Net Interprovincial Out-Flows",2012,836.81
"Global Net-zero","Manitoba","Net Interprovincial Out-Flows",2013,691.61
"Global Net-zero","Manitoba","Net Interprovincial Out-Flows",2014,730.38
"Global Net-zero","Manitoba","Net Interprovincial Out-Flows",2015,68.9239999999999
"Global Net-zero","Manitoba","Net Interprovincial Out-Flows",2016,133.226
"Global Net-zero","Manitoba","Net Interprovincial Out-Flows",2017,124.411
"Global Net-zero","Manitoba","Net Interprovincial Out-Flows",2018,751.904
"Global Net-zero","Manitoba","Net Interprovincial Out-Flows",2019,562.9534
"Global Net-zero","Manitoba","Net Interprovincial Out-Flows",2020,1154.39099999999
"Global Net-zero","Manitoba","Net Interprovincial Out-Flows",2021,1318.437
"Global Net-zero","Manitoba","Net Interprovincial Out-Flows",2022,2657.99433868167
"Global Net-zero","Manitoba","Net Interprovincial Out-Flows",2023,2704.38284634024
"Global Net-zero","Manitoba","Net Interprovincial Out-Flows",2024,2532.2899418437
"Global Net-zero","Manitoba","Net Interprovincial Out-Flows",2025,2437.77312873833
"Global Net-zero","Manitoba","Net Interprovincial Out-Flows",2026,2784.65173751523
"Global Net-zero","Manitoba","Net Interprovincial Out-Flows",2027,2932.60303672266
"Global Net-zero","Manitoba","Net Interprovincial Out-Flows",2028,3172.46993153805
"Global Net-zero","Manitoba","Net Interprovincial Out-Flows",2029,3132.82845168936
"Global Net-zero","Manitoba","Net Interprovincial Out-Flows",2030,3429.06206424146
"Global Net-zero","Manitoba","Net Interprovincial Out-Flows",2031,3292.33895145433
"Global Net-zero","Manitoba","Net Interprovincial Out-Flows",2032,3290.05050219194
"Global Net-zero","Manitoba","Net Interprovincial Out-Flows",2033,3183.42565368224
"Global Net-zero","Manitoba","Net Interprovincial Out-Flows",2034,3039.99953374116
"Global Net-zero","Manitoba","Net Interprovincial Out-Flows",2035,7109.13793829727
"Global Net-zero","Manitoba","Net Interprovincial Out-Flows",2036,7132.12285998076
"Global Net-zero","Manitoba","Net Interprovincial Out-Flows",2037,7197.14377927585
"Global Net-zero","Manitoba","Net Interprovincial Out-Flows",2038,7342.16742452783
"Global Net-zero","Manitoba","Net Interprovincial Out-Flows",2039,7385.6074929872
"Global Net-zero","Manitoba","Net Interprovincial Out-Flows",2040,7012.0997616492
"Global Net-zero","Manitoba","Net Interprovincial Out-Flows",2041,6814.4651124743
"Global Net-zero","Manitoba","Net Interprovincial Out-Flows",2042,6620.15947872575
"Global Net-zero","Manitoba","Net Interprovincial Out-Flows",2043,6205.14160223552
"Global Net-zero","Manitoba","Net Interprovincial Out-Flows",2044,5924.92578379294
"Global Net-zero","Manitoba","Net Interprovincial Out-Flows",2045,5722.21305731576
"Global Net-zero","Manitoba","Net Interprovincial Out-Flows",2046,5414.63563007466
"Global Net-zero","Manitoba","Net Interprovincial Out-Flows",2047,5107.3273571828
"Global Net-zero","Manitoba","Net Interprovincial Out-Flows",2048,4776.89165506765
"Global Net-zero","Manitoba","Net Interprovincial Out-Flows",2049,4468.19679066663
"Global Net-zero","Manitoba","Net Interprovincial Out-Flows",2050,4236.65130590309
"Global Net-zero","New Brunswick","Net Interprovincial Out-Flows",2005,2277.78
"Global Net-zero","New Brunswick","Net Interprovincial Out-Flows",2006,1831.75
"Global Net-zero","New Brunswick","Net Interprovincial Out-Flows",2007,90.75
"Global Net-zero","New Brunswick","Net Interprovincial Out-Flows",2008,-360.81
"Global Net-zero","New Brunswick","Net Interprovincial Out-Flows",2009,-2066.89
"Global Net-zero","New Brunswick","Net Interprovincial Out-Flows",2010,-3180.07
"Global Net-zero","New Brunswick","Net Interprovincial Out-Flows",2011,-2934.57
"Global Net-zero","New Brunswick","Net Interprovincial Out-Flows",2012,-3597.25999999999
"Global Net-zero","New Brunswick","Net Interprovincial Out-Flows",2013,-762.85
"Global Net-zero","New Brunswick","Net Interprovincial Out-Flows",2014,-686.97
"Global Net-zero","New Brunswick","Net Interprovincial Out-Flows",2015,-4641.92
"Global Net-zero","New Brunswick","Net Interprovincial Out-Flows",2016,-1851.847
"Global Net-zero","New Brunswick","Net Interprovincial Out-Flows",2017,-1924.486
"Global Net-zero","New Brunswick","Net Interprovincial Out-Flows",2018,-1327.563
"Global Net-zero","New Brunswick","Net Interprovincial Out-Flows",2019,1616.621
"Global Net-zero","New Brunswick","Net Interprovincial Out-Flows",2020,-2904.879
"Global Net-zero","New Brunswick","Net Interprovincial Out-Flows",2021,-3039.47
"Global Net-zero","New Brunswick","Net Interprovincial Out-Flows",2022,-5103.96962344313
"Global Net-zero","New Brunswick","Net Interprovincial Out-Flows",2023,-4245.14538974466
"Global Net-zero","New Brunswick","Net Interprovincial Out-Flows",2024,-4196.33237320462
"Global Net-zero","New Brunswick","Net Interprovincial Out-Flows",2025,-4733.87452644184
"Global Net-zero","New Brunswick","Net Interprovincial Out-Flows",2026,-5054.01347401593
"Global Net-zero","New Brunswick","Net Interprovincial Out-Flows",2027,-5550.51512186833
"Global Net-zero","New Brunswick","Net Interprovincial Out-Flows",2028,-6877.30286661
"Global Net-zero","New Brunswick","Net Interprovincial Out-Flows",2029,-7704.18272888938
"Global Net-zero","New Brunswick","Net Interprovincial Out-Flows",2030,-8438.41220291653
"Global Net-zero","New Brunswick","Net Interprovincial Out-Flows",2031,-7389.68663383147
"Global Net-zero","New Brunswick","Net Interprovincial Out-Flows",2032,-6654.91123843105
"Global Net-zero","New Brunswick","Net Interprovincial Out-Flows",2033,-6186.89937900891
"Global Net-zero","New Brunswick","Net Interprovincial Out-Flows",2034,-5751.26940924036
"Global Net-zero","New Brunswick","Net Interprovincial Out-Flows",2035,-5347.5553647226
"Global Net-zero","New Brunswick","Net Interprovincial Out-Flows",2036,-5151.72329188996
"Global Net-zero","New Brunswick","Net Interprovincial Out-Flows",2037,-4866.9125174598
"Global Net-zero","New Brunswick","Net Interprovincial Out-Flows",2038,-4636.07953955578
"Global Net-zero","New Brunswick","Net Interprovincial Out-Flows",2039,-4691.51159264039
"Global Net-zero","New Brunswick","Net Interprovincial Out-Flows",2040,-4536.92890542852
"Global Net-zero","New Brunswick","Net Interprovincial Out-Flows",2041,-4285.317714664
"Global Net-zero","New Brunswick","Net Interprovincial Out-Flows",2042,-8196.24560658698
"Global Net-zero","New Brunswick","Net Interprovincial Out-Flows",2043,-8668.76105778539
"Global Net-zero","New Brunswick","Net Interprovincial Out-Flows",2044,-6054.59526475302
"Global Net-zero","New Brunswick","Net Interprovincial Out-Flows",2045,-6420.70554419486
"Global Net-zero","New Brunswick","Net Interprovincial Out-Flows",2046,-6365.28967380307
"Global Net-zero","New Brunswick","Net Interprovincial Out-Flows",2047,-6244.36084814587
"Global Net-zero","New Brunswick","Net Interprovincial Out-Flows",2048,-6127.6093837162
"Global Net-zero","New Brunswick","Net Interprovincial Out-Flows",2049,-5903.31994113397
"Global Net-zero","New Brunswick","Net Interprovincial Out-Flows",2050,-5867.88304178415
"Global Net-zero","Newfoundland and Labrador","Net Interprovincial Out-Flows",2005,30189.03
"Global Net-zero","Newfoundland and Labrador","Net Interprovincial Out-Flows",2006,31331.92
"Global Net-zero","Newfoundland and Labrador","Net Interprovincial Out-Flows",2007,30077.91
"Global Net-zero","Newfoundland and Labrador","Net Interprovincial Out-Flows",2008,31413.49
"Global Net-zero","Newfoundland and Labrador","Net Interprovincial Out-Flows",2009,27412.76
"Global Net-zero","Newfoundland and Labrador","Net Interprovincial Out-Flows",2010,30379.67
"Global Net-zero","Newfoundland and Labrador","Net Interprovincial Out-Flows",2011,30185.62
"Global Net-zero","Newfoundland and Labrador","Net Interprovincial Out-Flows",2012,32298.65
"Global Net-zero","Newfoundland and Labrador","Net Interprovincial Out-Flows",2013,31232.72
"Global Net-zero","Newfoundland and Labrador","Net Interprovincial Out-Flows",2014,27593.26
"Global Net-zero","Newfoundland and Labrador","Net Interprovincial Out-Flows",2015,30278.527
"Global Net-zero","Newfoundland and Labrador","Net Interprovincial Out-Flows",2016,28718.37
"Global Net-zero","Newfoundland and Labrador","Net Interprovincial Out-Flows",2017,26464.87
"Global Net-zero","Newfoundland and Labrador","Net Interprovincial Out-Flows",2018,32423.44
"Global Net-zero","Newfoundland and Labrador","Net Interprovincial Out-Flows",2019,36041.95
"Global Net-zero","Newfoundland and Labrador","Net Interprovincial Out-Flows",2020,27767.5739999999
"Global Net-zero","Newfoundland and Labrador","Net Interprovincial Out-Flows",2021,31109.9
"Global Net-zero","Newfoundland and Labrador","Net Interprovincial Out-Flows",2022,31974.6282386216
"Global Net-zero","Newfoundland and Labrador","Net Interprovincial Out-Flows",2023,31821.3299271783
"Global Net-zero","Newfoundland and Labrador","Net Interprovincial Out-Flows",2024,31627.5534913283
"Global Net-zero","Newfoundland and Labrador","Net Interprovincial Out-Flows",2025,31101.5423024129
"Global Net-zero","Newfoundland and Labrador","Net Interprovincial Out-Flows",2026,31037.8308777425
"Global Net-zero","Newfoundland and Labrador","Net Interprovincial Out-Flows",2027,30945.0047748385
"Global Net-zero","Newfoundland and Labrador","Net Interprovincial Out-Flows",2028,30934.3332567929
"Global Net-zero","Newfoundland and Labrador","Net Interprovincial Out-Flows",2029,30762.4143293438
"Global Net-zero","Newfoundland and Labrador","Net Interprovincial Out-Flows",2030,30520.5661696938
"Global Net-zero","Newfoundland and Labrador","Net Interprovincial Out-Flows",2031,30416.1041659257
"Global Net-zero","Newfoundland and Labrador","Net Interprovincial Out-Flows",2032,30315.2305427623
"Global Net-zero","Newfoundland and Labrador","Net Interprovincial Out-Flows",2033,30245.2073825207
"Global Net-zero","Newfoundland and Labrador","Net Interprovincial Out-Flows",2034,30227.5925003065
"Global Net-zero","Newfoundland and Labrador","Net Interprovincial Out-Flows",2035,30196.9721943241
"Global Net-zero","Newfoundland and Labrador","Net Interprovincial Out-Flows",2036,30064.7756007656
"Global Net-zero","Newfoundland and Labrador","Net Interprovincial Out-Flows",2037,29946.6766974353
"Global Net-zero","Newfoundland and Labrador","Net Interprovincial Out-Flows",2038,29839.546046886
"Global Net-zero","Newfoundland and Labrador","Net Interprovincial Out-Flows",2039,29681.7097425463
"Global Net-zero","Newfoundland and Labrador","Net Interprovincial Out-Flows",2040,29529.9615522385
"Global Net-zero","Newfoundland and Labrador","Net Interprovincial Out-Flows",2041,29337.832076062
"Global Net-zero","Newfoundland and Labrador","Net Interprovincial Out-Flows",2042,29122.9013529542
"Global Net-zero","Newfoundland and Labrador","Net Interprovincial Out-Flows",2043,28886.432238404
"Global Net-zero","Newfoundland and Labrador","Net Interprovincial Out-Flows",2044,28648.7760968701
"Global Net-zero","Newfoundland and Labrador","Net Interprovincial Out-Flows",2045,28407.8570653762
"Global Net-zero","Newfoundland and Labrador","Net Interprovincial Out-Flows",2046,28187.2626098306
"Global Net-zero","Newfoundland and Labrador","Net Interprovincial Out-Flows",2047,27962.5732528067
"Global Net-zero","Newfoundland and Labrador","Net Interprovincial Out-Flows",2048,27963.7433359412
"Global Net-zero","Newfoundland and Labrador","Net Interprovincial Out-Flows",2049,27817.6478396799
"Global Net-zero","Newfoundland and Labrador","Net Interprovincial Out-Flows",2050,27655.3368419049
"Global Net-zero","Nova Scotia","Net Interprovincial Out-Flows",2005,-153.18
"Global Net-zero","Nova Scotia","Net Interprovincial Out-Flows",2006,12.37
"Global Net-zero","Nova Scotia","Net Interprovincial Out-Flows",2007,-253.3
"Global Net-zero","Nova Scotia","Net Interprovincial Out-Flows",2008,-289.36
"Global Net-zero","Nova Scotia","Net Interprovincial Out-Flows",2009,-289.02
"Global Net-zero","Nova Scotia","Net Interprovincial Out-Flows",2010,-263.9
"Global Net-zero","Nova Scotia","Net Interprovincial Out-Flows",2011,-377.79
"Global Net-zero","Nova Scotia","Net Interprovincial Out-Flows",2012,-144.78
"Global Net-zero","Nova Scotia","Net Interprovincial Out-Flows",2013,-548.99
"Global Net-zero","Nova Scotia","Net Interprovincial Out-Flows",2014,-220.64
"Global Net-zero","Nova Scotia","Net Interprovincial Out-Flows",2015,-588.118999999999
"Global Net-zero","Nova Scotia","Net Interprovincial Out-Flows",2016,-1113.5848
"Global Net-zero","Nova Scotia","Net Interprovincial Out-Flows",2017,-1211.9038
"Global Net-zero","Nova Scotia","Net Interprovincial Out-Flows",2018,-437.995
"Global Net-zero","Nova Scotia","Net Interprovincial Out-Flows",2019,-3381.36
"Global Net-zero","Nova Scotia","Net Interprovincial Out-Flows",2020,-596.877999999999
"Global Net-zero","Nova Scotia","Net Interprovincial Out-Flows",2021,-1006.567
"Global Net-zero","Nova Scotia","Net Interprovincial Out-Flows",2022,-3046.63657275494
"Global Net-zero","Nova Scotia","Net Interprovincial Out-Flows",2023,-3095.00796589367
"Global Net-zero","Nova Scotia","Net Interprovincial Out-Flows",2024,-3345.82855980914
"Global Net-zero","Nova Scotia","Net Interprovincial Out-Flows",2025,-4898.14220762248
"Global Net-zero","Nova Scotia","Net Interprovincial Out-Flows",2026,-3522.52728183962
"Global Net-zero","Nova Scotia","Net Interprovincial Out-Flows",2027,-1875.56151588149
"Global Net-zero","Nova Scotia","Net Interprovincial Out-Flows",2028,-903.689716807651
"Global Net-zero","Nova Scotia","Net Interprovincial Out-Flows",2029,-283.264126166268
"Global Net-zero","Nova Scotia","Net Interprovincial Out-Flows",2030,-368.845262598
"Global Net-zero","Nova Scotia","Net Interprovincial Out-Flows",2031,644.748985408008
"Global Net-zero","Nova Scotia","Net Interprovincial Out-Flows",2032,2012.11799282413
"Global Net-zero","Nova Scotia","Net Interprovincial Out-Flows",2033,3069.31633923802
"Global Net-zero","Nova Scotia","Net Interprovincial Out-Flows",2034,3782.13595913433
"Global Net-zero","Nova Scotia","Net Interprovincial Out-Flows",2035,4288.20834327853
"Global Net-zero","Nova Scotia","Net Interprovincial Out-Flows",2036,4060.58167750051
"Global Net-zero","Nova Scotia","Net Interprovincial Out-Flows",2037,3839.99957653869
"Global Net-zero","Nova Scotia","Net Interprovincial Out-Flows",2038,3591.52578757796
"Global Net-zero","Nova Scotia","Net Interprovincial Out-Flows",2039,3325.89888834544
"Global Net-zero","Nova Scotia","Net Interprovincial Out-Flows",2040,3136.17092799145
"Global Net-zero","Nova Scotia","Net Interprovincial Out-Flows",2041,2901.0127918921
"Global Net-zero","Nova Scotia","Net Interprovincial Out-Flows",2042,2602.24849206571
"Global Net-zero","Nova Scotia","Net Interprovincial Out-Flows",2043,2377.00153865693
"Global Net-zero","Nova Scotia","Net Interprovincial Out-Flows",2044,2071.04340377551
"Global Net-zero","Nova Scotia","Net Interprovincial Out-Flows",2045,1854.96385602853
"Global Net-zero","Nova Scotia","Net Interprovincial Out-Flows",2046,1690.32282504353
"Global Net-zero","Nova Scotia","Net Interprovincial Out-Flows",2047,1510.66622001795
"Global Net-zero","Nova Scotia","Net Interprovincial Out-Flows",2048,1306.36141953964
"Global Net-zero","Nova Scotia","Net Interprovincial Out-Flows",2049,1099.8202737054
"Global Net-zero","Nova Scotia","Net Interprovincial Out-Flows",2050,776.17073866979
"Global Net-zero","Ontario","Net Interprovincial Out-Flows",2005,-228
"Global Net-zero","Ontario","Net Interprovincial Out-Flows",2006,407
"Global Net-zero","Ontario","Net Interprovincial Out-Flows",2007,1277
"Global Net-zero","Ontario","Net Interprovincial Out-Flows",2008,944
"Global Net-zero","Ontario","Net Interprovincial Out-Flows",2009,674
"Global Net-zero","Ontario","Net Interprovincial Out-Flows",2010,6607
"Global Net-zero","Ontario","Net Interprovincial Out-Flows",2011,4754
"Global Net-zero","Ontario","Net Interprovincial Out-Flows",2012,-985
"Global Net-zero","Ontario","Net Interprovincial Out-Flows",2013,4902
"Global Net-zero","Ontario","Net Interprovincial Out-Flows",2014,2628.24
"Global Net-zero","Ontario","Net Interprovincial Out-Flows",2015,-2198.745
"Global Net-zero","Ontario","Net Interprovincial Out-Flows",2016,4341.6963
"Global Net-zero","Ontario","Net Interprovincial Out-Flows",2017,4834.164
"Global Net-zero","Ontario","Net Interprovincial Out-Flows",2018,-5348.585
"Global Net-zero","Ontario","Net Interprovincial Out-Flows",2019,-1598.7
"Global Net-zero","Ontario","Net Interprovincial Out-Flows",2020,-3024.021
"Global Net-zero","Ontario","Net Interprovincial Out-Flows",2021,-6197.78599999999
"Global Net-zero","Ontario","Net Interprovincial Out-Flows",2022,11149.8343089351
"Global Net-zero","Ontario","Net Interprovincial Out-Flows",2023,9257.78225943981
"Global Net-zero","Ontario","Net Interprovincial Out-Flows",2024,9517.29689588372
"Global Net-zero","Ontario","Net Interprovincial Out-Flows",2025,-1985.55053534638
"Global Net-zero","Ontario","Net Interprovincial Out-Flows",2026,-6876.03869478076
"Global Net-zero","Ontario","Net Interprovincial Out-Flows",2027,-8526.59078581329
"Global Net-zero","Ontario","Net Interprovincial Out-Flows",2028,-10856.4046270316
"Global Net-zero","Ontario","Net Interprovincial Out-Flows",2029,-10691.21594616
"Global Net-zero","Ontario","Net Interprovincial Out-Flows",2030,-10296.068522464
"Global Net-zero","Ontario","Net Interprovincial Out-Flows",2031,-9940.67666444832
"Global Net-zero","Ontario","Net Interprovincial Out-Flows",2032,-11468.6502044111
"Global Net-zero","Ontario","Net Interprovincial Out-Flows",2033,-11967.5802426415
"Global Net-zero","Ontario","Net Interprovincial Out-Flows",2034,-12324.6630424456
"Global Net-zero","Ontario","Net Interprovincial Out-Flows",2035,-15656.239949601
"Global Net-zero","Ontario","Net Interprovincial Out-Flows",2036,-15350.0613023791
"Global Net-zero","Ontario","Net Interprovincial Out-Flows",2037,-15089.5891017566
"Global Net-zero","Ontario","Net Interprovincial Out-Flows",2038,-15127.2893985128
"Global Net-zero","Ontario","Net Interprovincial Out-Flows",2039,-14575.0977118996
"Global Net-zero","Ontario","Net Interprovincial Out-Flows",2040,-14136.1389704707
"Global Net-zero","Ontario","Net Interprovincial Out-Flows",2041,-14124.6813480857
"Global Net-zero","Ontario","Net Interprovincial Out-Flows",2042,-11046.5593941651
"Global Net-zero","Ontario","Net Interprovincial Out-Flows",2043,-10210.3239930763
"Global Net-zero","Ontario","Net Interprovincial Out-Flows",2044,-11189.0478794481
"Global Net-zero","Ontario","Net Interprovincial Out-Flows",2045,-10073.7808984888
"Global Net-zero","Ontario","Net Interprovincial Out-Flows",2046,-8104.86185540157
"Global Net-zero","Ontario","Net Interprovincial Out-Flows",2047,-6181.62911351368
"Global Net-zero","Ontario","Net Interprovincial Out-Flows",2048,-4416.83671949952
"Global Net-zero","Ontario","Net Interprovincial Out-Flows",2049,-2681.51545995497
"Global Net-zero","Ontario","Net Interprovincial Out-Flows",2050,-1368.37667727139
"Global Net-zero","Prince Edward Island","Net Interprovincial Out-Flows",2005,-1151.69
"Global Net-zero","Prince Edward Island","Net Interprovincial Out-Flows",2006,-1262.82
"Global Net-zero","Prince Edward Island","Net Interprovincial Out-Flows",2007,-1160.94
"Global Net-zero","Prince Edward Island","Net Interprovincial Out-Flows",2008,-1080.16
"Global Net-zero","Prince Edward Island","Net Interprovincial Out-Flows",2009,-886.159999999999
"Global Net-zero","Prince Edward Island","Net Interprovincial Out-Flows",2010,-763.17
"Global Net-zero","Prince Edward Island","Net Interprovincial Out-Flows",2011,-745.079999999999
"Global Net-zero","Prince Edward Island","Net Interprovincial Out-Flows",2012,-787.26
"Global Net-zero","Prince Edward Island","Net Interprovincial Out-Flows",2013,-816.089999999999
"Global Net-zero","Prince Edward Island","Net Interprovincial Out-Flows",2014,-831.05
"Global Net-zero","Prince Edward Island","Net Interprovincial Out-Flows",2015,-739.914
"Global Net-zero","Prince Edward Island","Net Interprovincial Out-Flows",2016,-1667.57
"Global Net-zero","Prince Edward Island","Net Interprovincial Out-Flows",2017,-1645.563
"Global Net-zero","Prince Edward Island","Net Interprovincial Out-Flows",2018,-820.152999999999
"Global Net-zero","Prince Edward Island","Net Interprovincial Out-Flows",2019,-1054.366
"Global Net-zero","Prince Edward Island","Net Interprovincial Out-Flows",2020,-932.297308588299
"Global Net-zero","Prince Edward Island","Net Interprovincial Out-Flows",2021,-848.183656570253
"Global Net-zero","Prince Edward Island","Net Interprovincial Out-Flows",2022,-874.442254511742
"Global Net-zero","Prince Edward Island","Net Interprovincial Out-Flows",2023,-894.550881958113
"Global Net-zero","Prince Edward Island","Net Interprovincial Out-Flows",2024,-915.890033092886
"Global Net-zero","Prince Edward Island","Net Interprovincial Out-Flows",2025,-628.899617803412
"Global Net-zero","Prince Edward Island","Net Interprovincial Out-Flows",2026,-665.189548370123
"Global Net-zero","Prince Edward Island","Net Interprovincial Out-Flows",2027,-708.146720513443
"Global Net-zero","Prince Edward Island","Net Interprovincial Out-Flows",2028,-759.774244759092
"Global Net-zero","Prince Edward Island","Net Interprovincial Out-Flows",2029,-807.70961707187
"Global Net-zero","Prince Edward Island","Net Interprovincial Out-Flows",2030,-833.368458079881
"Global Net-zero","Prince Edward Island","Net Interprovincial Out-Flows",2031,-872.029330205199
"Global Net-zero","Prince Edward Island","Net Interprovincial Out-Flows",2032,-925.101946206848
"Global Net-zero","Prince Edward Island","Net Interprovincial Out-Flows",2033,-975.295658173197
"Global Net-zero","Prince Edward Island","Net Interprovincial Out-Flows",2034,-1027.44862133532
"Global Net-zero","Prince Edward Island","Net Interprovincial Out-Flows",2035,-634.097854026008
"Global Net-zero","Prince Edward Island","Net Interprovincial Out-Flows",2036,-574.061110353262
"Global Net-zero","Prince Edward Island","Net Interprovincial Out-Flows",2037,-496.396092845475
"Global Net-zero","Prince Edward Island","Net Interprovincial Out-Flows",2038,-433.316042643783
"Global Net-zero","Prince Edward Island","Net Interprovincial Out-Flows",2039,-336.50889377753
"Global Net-zero","Prince Edward Island","Net Interprovincial Out-Flows",2040,-180.864118690176
"Global Net-zero","Prince Edward Island","Net Interprovincial Out-Flows",2041,-232.271601529485
"Global Net-zero","Prince Edward Island","Net Interprovincial Out-Flows",2042,-35.9992565472041
"Global Net-zero","Prince Edward Island","Net Interprovincial Out-Flows",2043,-18.5959515558319
"Global Net-zero","Prince Edward Island","Net Interprovincial Out-Flows",2044,-130.12123340901
"Global Net-zero","Prince Edward Island","Net Interprovincial Out-Flows",2045,-115.360513451315
"Global Net-zero","Prince Edward Island","Net Interprovincial Out-Flows",2046,-154.417051961075
"Global Net-zero","Prince Edward Island","Net Interprovincial Out-Flows",2047,-234.361561306858
"Global Net-zero","Prince Edward Island","Net Interprovincial Out-Flows",2048,-318.070411336594
"Global Net-zero","Prince Edward Island","Net Interprovincial Out-Flows",2049,-387.532938623696
"Global Net-zero","Prince Edward Island","Net Interprovincial Out-Flows",2050,-132.435027382852
"Global Net-zero","Quebec","Net Interprovincial Out-Flows",2005,-33906
"Global Net-zero","Quebec","Net Interprovincial Out-Flows",2006,-34187
"Global Net-zero","Quebec","Net Interprovincial Out-Flows",2007,-30893
"Global Net-zero","Quebec","Net Interprovincial Out-Flows",2008,-30614
"Global Net-zero","Quebec","Net Interprovincial Out-Flows",2009,-22113
"Global Net-zero","Quebec","Net Interprovincial Out-Flows",2010,-30628
"Global Net-zero","Quebec","Net Interprovincial Out-Flows",2011,-28720
"Global Net-zero","Quebec","Net Interprovincial Out-Flows",2012,-25782
"Global Net-zero","Quebec","Net Interprovincial Out-Flows",2013,-32950
"Global Net-zero","Quebec","Net Interprovincial Out-Flows",2014,-28664.21
"Global Net-zero","Quebec","Net Interprovincial Out-Flows",2015,-21797.453
"Global Net-zero","Quebec","Net Interprovincial Out-Flows",2016,-27152.633
"Global Net-zero","Quebec","Net Interprovincial Out-Flows",2017,-25137.742
"Global Net-zero","Quebec","Net Interprovincial Out-Flows",2018,-23463.239
"Global Net-zero","Quebec","Net Interprovincial Out-Flows",2019,-30365.464
"Global Net-zero","Quebec","Net Interprovincial Out-Flows",2020,-21054.89
"Global Net-zero","Quebec","Net Interprovincial Out-Flows",2021,-20570.55
"Global Net-zero","Quebec","Net Interprovincial Out-Flows",2022,-34133.8057663826
"Global Net-zero","Quebec","Net Interprovincial Out-Flows",2023,-32925.0891552998
"Global Net-zero","Quebec","Net Interprovincial Out-Flows",2024,-32966.8401528438
"Global Net-zero","Quebec","Net Interprovincial Out-Flows",2025,-18673.4916828531
"Global Net-zero","Quebec","Net Interprovincial Out-Flows",2026,-15082.5717467278
"Global Net-zero","Quebec","Net Interprovincial Out-Flows",2027,-14597.4451209648
"Global Net-zero","Quebec","Net Interprovincial Out-Flows",2028,-12085.8585712385
"Global Net-zero","Quebec","Net Interprovincial Out-Flows",2029,-11809.6010878347
"Global Net-zero","Quebec","Net Interprovincial Out-Flows",2030,-11405.1846421234
"Global Net-zero","Quebec","Net Interprovincial Out-Flows",2031,-13553.2186021097
"Global Net-zero","Quebec","Net Interprovincial Out-Flows",2032,-14005.9754726424
"Global Net-zero","Quebec","Net Interprovincial Out-Flows",2033,-14881.1432387642
"Global Net-zero","Quebec","Net Interprovincial Out-Flows",2034,-15563.4652164425
"Global Net-zero","Quebec","Net Interprovincial Out-Flows",2035,-13754.3591491814
"Global Net-zero","Quebec","Net Interprovincial Out-Flows",2036,-14086.8761453485
"Global Net-zero","Quebec","Net Interprovincial Out-Flows",2037,-14121.9496211101
"Global Net-zero","Quebec","Net Interprovincial Out-Flows",2038,-14327.7969910335
"Global Net-zero","Quebec","Net Interprovincial Out-Flows",2039,-14637.1990656697
"Global Net-zero","Quebec","Net Interprovincial Out-Flows",2040,-14921.1423496932
"Global Net-zero","Quebec","Net Interprovincial Out-Flows",2041,-14803.6211348594
"Global Net-zero","Quebec","Net Interprovincial Out-Flows",2042,-13906.9624285896
"Global Net-zero","Quebec","Net Interprovincial Out-Flows",2043,-13768.7265024739
"Global Net-zero","Quebec","Net Interprovincial Out-Flows",2044,-14523.559590479
"Global Net-zero","Quebec","Net Interprovincial Out-Flows",2045,-14715.6989303435
"Global Net-zero","Quebec","Net Interprovincial Out-Flows",2046,-16381.694201388
"Global Net-zero","Quebec","Net Interprovincial Out-Flows",2047,-17916.028165706
"Global Net-zero","Quebec","Net Interprovincial Out-Flows",2048,-19352.5114757537
"Global Net-zero","Quebec","Net Interprovincial Out-Flows",2049,-20747.1104621704
"Global Net-zero","Quebec","Net Interprovincial Out-Flows",2050,-21808.8133769931
"Global Net-zero","Saskatchewan","Net Interprovincial Out-Flows",2005,243.61
"Global Net-zero","Saskatchewan","Net Interprovincial Out-Flows",2006,581.209999999999
"Global Net-zero","Saskatchewan","Net Interprovincial Out-Flows",2007,-191.65
"Global Net-zero","Saskatchewan","Net Interprovincial Out-Flows",2008,99.6399999999999
"Global Net-zero","Saskatchewan","Net Interprovincial Out-Flows",2009,59.75
"Global Net-zero","Saskatchewan","Net Interprovincial Out-Flows",2010,315.39
"Global Net-zero","Saskatchewan","Net Interprovincial Out-Flows",2011,562.819999999999
"Global Net-zero","Saskatchewan","Net Interprovincial Out-Flows",2012,260.52
"Global Net-zero","Saskatchewan","Net Interprovincial Out-Flows",2013,250.27
"Global Net-zero","Saskatchewan","Net Interprovincial Out-Flows",2014,-648.28
"Global Net-zero","Saskatchewan","Net Interprovincial Out-Flows",2015,-368.027
"Global Net-zero","Saskatchewan","Net Interprovincial Out-Flows",2016,-397.9651
"Global Net-zero","Saskatchewan","Net Interprovincial Out-Flows",2017,-635.1171
"Global Net-zero","Saskatchewan","Net Interprovincial Out-Flows",2018,-49.149
"Global Net-zero","Saskatchewan","Net Interprovincial Out-Flows",2019,-625.7485
"Global Net-zero","Saskatchewan","Net Interprovincial Out-Flows",2020,-126.592999999999
"Global Net-zero","Saskatchewan","Net Interprovincial Out-Flows",2021,-381.048
"Global Net-zero","Saskatchewan","Net Interprovincial Out-Flows",2022,-1900.01323728646
"Global Net-zero","Saskatchewan","Net Interprovincial Out-Flows",2023,-2823.01324943867
"Global Net-zero","Saskatchewan","Net Interprovincial Out-Flows",2024,-1186.07951326463
"Global Net-zero","Saskatchewan","Net Interprovincial Out-Flows",2025,-2915.00544310159
"Global Net-zero","Saskatchewan","Net Interprovincial Out-Flows",2026,-2869.34286632406
"Global Net-zero","Saskatchewan","Net Interprovincial Out-Flows",2027,-2790.96609706571
"Global Net-zero","Saskatchewan","Net Interprovincial Out-Flows",2028,-2786.34595160396
"Global Net-zero","Saskatchewan","Net Interprovincial Out-Flows",2029,-2395.41650415245
"Global Net-zero","Saskatchewan","Net Interprovincial Out-Flows",2030,-2254.8703796455
"Global Net-zero","Saskatchewan","Net Interprovincial Out-Flows",2031,-2156.61010334175
"Global Net-zero","Saskatchewan","Net Interprovincial Out-Flows",2032,-2052.0567166909
"Global Net-zero","Saskatchewan","Net Interprovincial Out-Flows",2033,-1980.78863808111
"Global Net-zero","Saskatchewan","Net Interprovincial Out-Flows",2034,-1843.20464057328
"Global Net-zero","Saskatchewan","Net Interprovincial Out-Flows",2035,-4454.21397352237
"Global Net-zero","Saskatchewan","Net Interprovincial Out-Flows",2036,-4575.22732691175
"Global Net-zero","Saskatchewan","Net Interprovincial Out-Flows",2037,-4643.75621223219
"Global Net-zero","Saskatchewan","Net Interprovincial Out-Flows",2038,-4515.22487465734
"Global Net-zero","Saskatchewan","Net Interprovincial Out-Flows",2039,-4504.22421300544
"Global Net-zero","Saskatchewan","Net Interprovincial Out-Flows",2040,-4428.51383867132
"Global Net-zero","Saskatchewan","Net Interprovincial Out-Flows",2041,-4091.40736504752
"Global Net-zero","Saskatchewan","Net Interprovincial Out-Flows",2042,-3651.30382956261
"Global Net-zero","Saskatchewan","Net Interprovincial Out-Flows",2043,-3213.66407836743
"Global Net-zero","Saskatchewan","Net Interprovincial Out-Flows",2044,-2890.86429859223
"Global Net-zero","Saskatchewan","Net Interprovincial Out-Flows",2045,-2657.8724392198
"Global Net-zero","Saskatchewan","Net Interprovincial Out-Flows",2046,-2641.59740768452
"Global Net-zero","Saskatchewan","Net Interprovincial Out-Flows",2047,-2570.27964468446
"Global Net-zero","Saskatchewan","Net Interprovincial Out-Flows",2048,-2533.7230474822
"Global Net-zero","Saskatchewan","Net Interprovincial Out-Flows",2049,-2575.56929859804
"Global Net-zero","Saskatchewan","Net Interprovincial Out-Flows",2050,-2724.59197214429
