material,stage,country,year,value,unit,note
aluminum,smelter,Argentina,2011,440000,t,
aluminum,smelter,Argentina,2012,450000,t,
aluminum,smelter,Argentina,2013,425000,t,
aluminum,smelter,Australia,1994,1320000,t,
aluminum,smelter,Australia,1995,1297000,t,
aluminum,smelter,Australia,1996,1372000,t,
aluminum,smelter,Australia,1997,1500000,t,
aluminum,smelter,Australia,1998,1630000,t,
aluminum,smelter,Australia,1999,1720000,t,
aluminum,smelter,Australia,2000,1770000,t,
aluminum,smelter,Australia,2001,1798000,t,
aluminum,smelter,Australia,2002,1836000,t,
aluminum,smelter,Australia,2003,1860000,t,
aluminum,smelter,Australia,2004,1900000,t,
aluminum,smelter,Australia,2005,1900000,t,
aluminum,smelter,Australia,2006,1930000,t,
aluminum,smelter,Australia,2007,1960000,t,
aluminum,smelter,Australia,2008,1970000,t,
aluminum,smelter,Australia,2009,1940000,t,
aluminum,smelter,Australia,2010,1930000,t,
aluminum,smelter,Australia,2011,1950000,t,
aluminum,smelter,Australia,2012,1860000,t,
aluminum,smelter,Australia,2013,1780000,t,
aluminum,smelter,Australia,2014,1700000,t,
aluminum,smelter,Australia,2015,1650000,t,
aluminum,smelter,Australia,2016,1630000,t,
aluminum,smelter,Australia,2017,1450000,t,
aluminum,smelter,Australia,2018,1580000,t,
aluminum,smelter,Australia,2019,1570000,t,
aluminum,smelter,Australia,2020,1580000,t,
aluminum,smelter,Australia,2021,1570000,t,
aluminum,smelter,Australia,2022,1500000,t,
aluminum,smelter,Bahrain,2005,751000,t,
aluminum,smelter,Bahrain,2006,872000,t,
aluminum,smelter,Bahrain,2007,873000,t,
aluminum,smelter,Bahrain,2008,865000,t,
aluminum,smelter,Bahrain,2009,870000,t,
aluminum,smelter,Bahrain,2010,870000,t,
aluminum,smelter,Bahrain,2011,881000,t,
aluminum,smelter,Bahrain,2012,890000,t,
aluminum,smelter,Bahrain,2013,913000,t,
aluminum,smelter,Bahrain,2014,931000,t,
aluminum,smelter,Bahrain,2015,961000,t,
aluminum,smelter,Bahrain,2016,971000,t,
aluminum,smelter,Bahrain,2017,981000,t,
aluminum,smelter,Bahrain,2018,1010000,t,
aluminum,smelter,Bahrain,2019,1370000,t,
aluminum,smelter,Bahrain,2020,1550000,t,
aluminum,smelter,Bahrain,2021,1560000,t,
aluminum,smelter,Bahrain,2022,1600000,t,
aluminum,smelter,Brazil,1994,1200000,t,
aluminum,smelter,Brazil,1995,1188000,t,
aluminum,smelter,Brazil,1996,1190000,t,
aluminum,smelter,Brazil,1997,1200000,t,
aluminum,smelter,Brazil,1998,1200000,t,
aluminum,smelter,Brazil,1999,1250000,t,
aluminum,smelter,Brazil,2000,1280000,t,
aluminum,smelter,Brazil,2001,1131000,t,
aluminum,smelter,Brazil,2002,1318000,t,
aluminum,smelter,Brazil,2003,1380000,t,
aluminum,smelter,Brazil,2004,1460000,t,
aluminum,smelter,Brazil,2005,1500000,t,
aluminum,smelter,Brazil,2006,1498000,t,
aluminum,smelter,Brazil,2007,1660000,t,
aluminum,smelter,Brazil,2008,1660000,t,
aluminum,smelter,Brazil,2009,1540000,t,
aluminum,smelter,Brazil,2010,1540000,t,
aluminum,smelter,Brazil,2011,1440000,t,
aluminum,smelter,Brazil,2012,1440000,t,
aluminum,smelter,Brazil,2013,1300000,t,
aluminum,smelter,Brazil,2014,962000,t,
aluminum,smelter,Brazil,2015,772000,t,
aluminum,smelter,Brazil,2016,793000,t,
aluminum,smelter,Brazil,2017,801000,t,
aluminum,smelter,Canada,1994,2250000,t,
aluminum,smelter,Canada,1995,2172000,t,
aluminum,smelter,Canada,1996,2282000,t,
aluminum,smelter,Canada,1997,2330000,t,
aluminum,smelter,Canada,1998,2370000,t,
aluminum,smelter,Canada,1999,2390000,t,
aluminum,smelter,Canada,2000,2370000,t,
aluminum,smelter,Canada,2001,2583000,t,
aluminum,smelter,Canada,2002,2709000,t,
aluminum,smelter,Canada,2003,2790000,t,
aluminum,smelter,Canada,2004,2590000,t,
aluminum,smelter,Canada,2005,2890000,t,
aluminum,smelter,Canada,2006,3050000,t,
aluminum,smelter,Canada,2007,3090000,t,
aluminum,smelter,Canada,2008,3120000,t,
aluminum,smelter,Canada,2009,3030000,t,
aluminum,smelter,Canada,2010,2960000,t,
aluminum,smelter,Canada,2011,2980000,t,
aluminum,smelter,Canada,2012,2780000,t,
aluminum,smelter,Canada,2013,2970000,t,
aluminum,smelter,Canada,2014,2860000,t,
aluminum,smelter,Canada,2015,2880000,t,
aluminum,smelter,Canada,2016,3210000,t,
aluminum,smelter,Canada,2017,3210000,t,
aluminum,smelter,Canada,2018,2920000,t,
aluminum,smelter,Canada,2019,2850000,t,
aluminum,smelter,Canada,2020,3120000,t,
aluminum,smelter,Canada,2021,3140000,t,
aluminum,smelter,Canada,2022,3000000,t,
aluminum,smelter,China,1996,1780000,t,
aluminum,smelter,China,1997,2000000,t,
aluminum,smelter,China,1998,2100000,t,
aluminum,smelter,China,1999,2450000,t,
aluminum,smelter,China,2000,2550000,t,
aluminum,smelter,China,2001,3250000,t,
aluminum,smelter,China,2002,4300000,t,
aluminum,smelter,China,2003,5450000,t,
aluminum,smelter,China,2004,6670000,t,
aluminum,smelter,China,2005,7800000,t,
aluminum,smelter,China,2006,9350000,t,
aluminum,smelter,China,2007,12600000,t,
aluminum,smelter,China,2008,13200000,t,
aluminum,smelter,China,2009,12900000,t,
aluminum,smelter,China,2010,16200000,t,
aluminum,smelter,China,2011,18100000,t,
aluminum,smelter,China,2012,20300000,t,
aluminum,smelter,China,2013,22100000,t,
aluminum,smelter,China,2014,24400000,t,
aluminum,smelter,China,2015,31400000,t,
aluminum,smelter,China,2016,31900000,t,
aluminum,smelter,China,2017,32300000,t,
aluminum,smelter,China,2018,35800000,t,
aluminum,smelter,China,2019,35000000,t,
aluminum,smelter,China,2020,37100000,t,
aluminum,smelter,China,2021,38900000,t,
aluminum,smelter,China,2022,40000000,t,
aluminum,smelter,France,1994,400000,t,
aluminum,smelter,France,1995,400000,t,
aluminum,smelter,France,1996,365000,t,
aluminum,smelter,France,1997,390000,t,
aluminum,smelter,France,1998,400000,t,
aluminum,smelter,France,1999,400000,t,
aluminum,smelter,France,2000,441000,t,
aluminum,smelter,France,2001,462000,t,
aluminum,smelter,France,2002,450000,t,
aluminum,smelter,Germany,2005,668000,t,
aluminum,smelter,Germany,2006,537000,t,
aluminum,smelter,Germany,2007,550000,t,
aluminum,smelter,Germany,2008,550000,t,
aluminum,smelter,Germany,2009,292000,t,
aluminum,smelter,Germany,2010,394000,t,
aluminum,smelter,Germany,2011,433000,t,
aluminum,smelter,Germany,2012,410000,t,
aluminum,smelter,Germany,2013,492000,t,
aluminum,smelter,Iceland,2006,320000,t,
aluminum,smelter,Iceland,2007,398000,t,
aluminum,smelter,Iceland,2008,787000,t,
aluminum,smelter,Iceland,2009,785000,t,
aluminum,smelter,Iceland,2010,780000,t,
aluminum,smelter,Iceland,2011,800000,t,
aluminum,smelter,Iceland,2012,820000,t,
aluminum,smelter,Iceland,2013,800000,t,
aluminum,smelter,Iceland,2014,800000,t,
aluminum,smelter,Iceland,2015,800000,t,
aluminum,smelter,Iceland,2016,855000,t,
aluminum,smelter,Iceland,2017,870000,t,
aluminum,smelter,Iceland,2018,885000,t,
aluminum,smelter,Iceland,2019,845000,t,
aluminum,smelter,Iceland,2020,860000,t,
aluminum,smelter,Iceland,2021,750000,t,
aluminum,smelter,Iceland,2022,750000,t,
aluminum,smelter,India,2005,898000,t,
aluminum,smelter,India,2006,1100000,t,
aluminum,smelter,India,2007,1220000,t,
aluminum,smelter,India,2008,1310000,t,
aluminum,smelter,India,2009,1400000,t,
aluminum,smelter,India,2010,1450000,t,
aluminum,smelter,India,2011,1670000,t,
aluminum,smelter,India,2012,1700000,t,
aluminum,smelter,India,2013,1700000,t,
aluminum,smelter,India,2014,1940000,t,
aluminum,smelter,India,2015,2360000,t,
aluminum,smelter,India,2016,2720000,t,
aluminum,smelter,India,2017,3270000,t,
aluminum,smelter,India,2018,3680000,t,
aluminum,smelter,India,2019,3640000,t,
aluminum,smelter,India,2020,3560000,t,
aluminum,smelter,India,2021,3970000,t,
aluminum,smelter,India,2022,4000000,t,
aluminum,smelter,Malaysia,2016,620000,t,
aluminum,smelter,Mozambique,2003,405000,t,
aluminum,smelter,Mozambique,2004,547000,t,
aluminum,smelter,Mozambique,2005,555000,t,
aluminum,smelter,Mozambique,2006,564000,t,
aluminum,smelter,Mozambique,2007,564000,t,
aluminum,smelter,Mozambique,2008,536000,t,
aluminum,smelter,Mozambique,2009,545000,t,
aluminum,smelter,Mozambique,2010,557000,t,
aluminum,smelter,Mozambique,2011,562000,t,
aluminum,smelter,Mozambique,2012,564000,t,
aluminum,smelter,Mozambique,2013,570000,t,
aluminum,smelter,Norway,1994,857000,t,
aluminum,smelter,Norway,1995,847000,t,
aluminum,smelter,Norway,1996,874000,t,
aluminum,smelter,Norway,1997,919000,t,
aluminum,smelter,Norway,1998,996000,t,
aluminum,smelter,Norway,1999,1030000,t,
aluminum,smelter,Norway,2000,1030000,t,
aluminum,smelter,Norway,2001,1068000,t,
aluminum,smelter,Norway,2002,1096000,t,
aluminum,smelter,Norway,2003,1150000,t,
aluminum,smelter,Norway,2004,1320000,t,
aluminum,smelter,Norway,2005,1370000,t,
aluminum,smelter,Norway,2006,1330000,t,
aluminum,smelter,Norway,2007,1300000,t,
aluminum,smelter,Norway,2008,1360000,t,
aluminum,smelter,Norway,2009,1130000,t,
aluminum,smelter,Norway,2010,800000,t,
aluminum,smelter,Norway,2011,1070000,t,
aluminum,smelter,Norway,2012,1150000,t,
aluminum,smelter,Norway,2013,1100000,t,
aluminum,smelter,Norway,2014,1330000,t,
aluminum,smelter,Norway,2015,1230000,t,
aluminum,smelter,Norway,2016,1220000,t,
aluminum,smelter,Norway,2017,1230000,t,
aluminum,smelter,Norway,2018,1300000,t,
aluminum,smelter,Norway,2019,1400000,t,
aluminum,smelter,Norway,2020,1330000,t,
aluminum,smelter,Norway,2021,1400000,t,
aluminum,smelter,Norway,2022,1400000,t,
aluminum,smelter,Other countries,1994,6570000,t,
aluminum,smelter,Other countries,1995,6770000,t,
aluminum,smelter,Other countries,1996,5210000,t,
aluminum,smelter,Other countries,1997,5290000,t,
aluminum,smelter,Other countries,1998,5470000,t,
aluminum,smelter,Other countries,1999,5650000,t,
aluminum,smelter,Other countries,2000,6440000,t,
aluminum,smelter,Other countries,2001,6890000,t,
aluminum,smelter,Other countries,2002,6910000,t,
aluminum,smelter,Other countries,2003,7160000,t,
aluminum,smelter,Other countries,2004,7710000,t,
aluminum,smelter,Other countries,2005,5190000,t,
aluminum,smelter,Other countries,2006,4510000,t,
aluminum,smelter,Other countries,2007,4460000,t,
aluminum,smelter,Other countries,2008,4850000,t,
aluminum,smelter,Other countries,2009,4900000,t,
aluminum,smelter,Other countries,2010,4900000,t,
aluminum,smelter,Other countries,2011,5100000,t,
aluminum,smelter,Other countries,2012,4540000,t,
aluminum,smelter,Other countries,2013,4290000,t,
aluminum,smelter,Other countries,2014,6000000,t,
aluminum,smelter,Other countries,2015,5900000,t,
aluminum,smelter,Other countries,2016,8100000,t,
aluminum,smelter,Other countries,2017,8380000,t,
aluminum,smelter,Other countries,2018,9260000,t,
aluminum,smelter,Other countries,2019,9200000,t,
aluminum,smelter,Other countries,2020,8880000,t,
aluminum,smelter,Other countries,2021,9140000,t,
aluminum,smelter,Other countries,2022,9100000,t,
aluminum,smelter,Qatar,2010,190000,t,
aluminum,smelter,Qatar,2011,390000,t,
aluminum,smelter,Qatar,2012,604000,t,
aluminum,smelter,Qatar,2013,600000,t,
aluminum,smelter,Qatar,2014,640000,t,
aluminum,smelter,Qatar,2015,610000,t,
aluminum,smelter,Russia,1994,2670000,t,
aluminum,smelter,Russia,1995,2722000,t,
aluminum,smelter,Russia,1996,2800000,t,
aluminum,smelter,Russia,1997,2910000,t,
aluminum,smelter,Russia,1998,3010000,t,
aluminum,smelter,Russia,1999,3150000,t,
aluminum,smelter,Russia,2000,3240000,t,
aluminum,smelter,Russia,2001,3300000,t,
aluminum,smelter,Russia,2002,3347000,t,
aluminum,smelter,Russia,2003,3480000,t,
aluminum,smelter,Russia,2004,3590000,t,
aluminum,smelter,Russia,2005,3650000,t,
aluminum,smelter,Russia,2006,3720000,t,
aluminum,smelter,Russia,2007,3960000,t,
aluminum,smelter,Russia,2008,3800000,t,
aluminum,smelter,Russia,2009,3820000,t,
aluminum,smelter,Russia,2010,3950000,t,
aluminum,smelter,Russia,2011,3990000,t,
aluminum,smelter,Russia,2012,3850000,t,
aluminum,smelter,Russia,2013,3720000,t,
aluminum,smelter,Russia,2014,3490000,t,
aluminum,smelter,Russia,2015,3530000,t,
aluminum,smelter,Russia,2016,3560000,t,
aluminum,smelter,Russia,2017,3580000,t,
aluminum,smelter,Russia,2018,3630000,t,
aluminum,smelter,Russia,2019,3640000,t,
aluminum,smelter,Russia,2020,3640000,t,
aluminum,smelter,Russia,2021,3640000,t,
aluminum,smelter,Russia,2022,3700000,t,
aluminum,smelter,Saudi Arabia,2013,190000,t,
aluminum,smelter,Saudi Arabia,2014,665000,t,
aluminum,smelter,Saudi Arabia,2015,682000,t,
aluminum,smelter,South Africa,1996,620000,t,
aluminum,smelter,South Africa,1997,660000,t,
aluminum,smelter,South Africa,1998,650000,t,
aluminum,smelter,South Africa,1999,687000,t,
aluminum,smelter,South Africa,2000,671000,t,
aluminum,smelter,South Africa,2001,663000,t,
aluminum,smelter,South Africa,2002,676000,t,
aluminum,smelter,South Africa,2003,738000,t,
aluminum,smelter,South Africa,2004,863000,t,
aluminum,smelter,South Africa,2005,851000,t,
aluminum,smelter,South Africa,2006,895000,t,
aluminum,smelter,South Africa,2007,899000,t,
aluminum,smelter,South Africa,2008,811000,t,
aluminum,smelter,South Africa,2009,809000,t,
aluminum,smelter,South Africa,2010,807000,t,
aluminum,smelter,South Africa,2011,809000,t,
aluminum,smelter,South Africa,2012,665000,t,
aluminum,smelter,South Africa,2013,822000,t,
aluminum,smelter,South Africa,2014,745000,t,
aluminum,smelter,South Africa,2015,695000,t,
aluminum,smelter,Tajikistan,2006,414000,t,
aluminum,smelter,Tajikistan,2007,419000,t,
aluminum,smelter,United Arab Emirates,2005,750000,t,
aluminum,smelter,United Arab Emirates,2006,730000,t,
aluminum,smelter,United Arab Emirates,2007,890000,t,
aluminum,smelter,United Arab Emirates,2008,910000,t,
aluminum,smelter,United Arab Emirates,2009,1010000,t,
aluminum,smelter,United Arab Emirates,2010,1400000,t,
aluminum,smelter,United Arab Emirates,2011,1800000,t,
aluminum,smelter,United Arab Emirates,2012,1820000,t,
aluminum,smelter,United Arab Emirates,2013,1860000,t,
aluminum,smelter,United Arab Emirates,2014,2330000,t,
aluminum,smelter,United Arab Emirates,2015,2400000,t,
aluminum,smelter,United Arab Emirates,2016,2500000,t,
aluminum,smelter,United Arab Emirates,2017,2600000,t,
aluminum,smelter,United Arab Emirates,2018,2640000,t,
aluminum,smelter,United Arab Emirates,2019,2600000,t,
aluminum,smelter,United Arab Emirates,2020,2520000,t,
aluminum,smelter,United Arab Emirates,2021,2540000,t,
aluminum,smelter,United Arab Emirates,2022,2700000,t,
aluminum,smelter,United States,1994,3300000,t,
aluminum,smelter,United States,1995,3375000,t,
aluminum,smelter,United States,1996,3577000,t,
aluminum,smelter,United States,1997,3600000,t,
aluminum,smelter,United States,1998,3713000,t,
aluminum,smelter,United States,1999,3779000,t,
aluminum,smelter,United States,2000,3668000,t,
aluminum,smelter,United States,2001,2637000,t,
aluminum,smelter,United States,2002,2707000,t,
aluminum,smelter,United States,2003,2703000,t,
aluminum,smelter,United States,2004,2516000,t,
aluminum,smelter,United States,2005,2481000,t,
aluminum,smelter,United States,2006,2284000,t,
aluminum,smelter,United States,2007,2554000,t,
aluminum,smelter,United States,2008,2658000,t,
aluminum,smelter,United States,2009,1727000,t,
aluminum,smelter,United States,2010,1726000,t,
aluminum,smelter,United States,2011,1986000,t,
aluminum,smelter,United States,2012,2070000,t,
aluminum,smelter,United States,2013,1946000,t,
aluminum,smelter,United States,2014,1710000,t,
aluminum,smelter,United States,2015,1587000,t,
aluminum,smelter,United States,2016,841000,t,
aluminum,smelter,United States,2017,741000,t,
aluminum,smelter,United States,2018,891000,t,
aluminum,smelter,United States,2019,1093000,t,
aluminum,smelter,United States,2020,1012000,t,
aluminum,smelter,United States,2021,889000,t,
aluminum,smelter,United States,2022,860000,t,
aluminum,smelter,Venezuela,1994,580000,t,
aluminum,smelter,Venezuela,1995,630000,t,
aluminum,smelter,Venezuela,1996,600000,t,
aluminum,smelter,Venezuela,1997,640000,t,
aluminum,smelter,Venezuela,1998,580000,t,
aluminum,smelter,Venezuela,1999,570000,t,
aluminum,smelter,Venezuela,2000,570000,t,
aluminum,smelter,Venezuela,2001,570000,t,
aluminum,smelter,Venezuela,2002,570000,t,
aluminum,smelter,Venezuela,2003,601000,t,
aluminum,smelter,Venezuela,2004,624000,t,
aluminum,smelter,Venezuela,2005,610000,t,
aluminum,smelter,Venezuela,2006,610000,t,
aluminum,smelter,Venezuela,2007,610000,t,
aluminum,smelter,Venezuela,2008,610000,t,
aluminum,smelter,Venezuela,2009,610000,t,
aluminum,smelter,Venezuela,2010,335000,t,
aluminum,smelter,World,1994,19100000,t,
aluminum,smelter,World,1995,19400000,t,
aluminum,smelter,World,1996,20700000,t,
aluminum,smelter,World,1997,21400000,t,
aluminum,smelter,World,1998,22100000,t,
aluminum,smelter,World,1999,23100000,t,
aluminum,smelter,World,2000,24000000,t,
aluminum,smelter,World,2001,24400000,t,
aluminum,smelter,World,2002,25900000,t,
aluminum,smelter,World,2003,27700000,t,
aluminum,smelter,World,2004,29800000,t,
aluminum,smelter,World,2005,31900000,t,
aluminum,smelter,World,2006,33700000,t,
aluminum,smelter,World,2007,38000000,t,
aluminum,smelter,World,2008,39000000,t,
aluminum,smelter,World,2009,37300000,t,
aluminum,smelter,World,2010,40800000,t,
aluminum,smelter,World,2011,44400000,t,
aluminum,smelter,World,2012,45900000,t,
aluminum,smelter,World,2013,47600000,t,
aluminum,smelter,World,2014,50500000,t,
aluminum,smelter,World,2015,57500000,t,
aluminum,smelter,World,2016,58900000,t,
aluminum,smelter,World,2017,59400000,t,
aluminum,smelter,World,2018,63600000,t,
aluminum,smelter,World,2019,63200000,t,
aluminum,smelter,World,2020,65100000,t,
aluminum,smelter,World,2021,67500000,t,
aluminum,smelter,World,2022,69000000,t,
antimony,mine,Australia,2014,5800,t,
antimony,mine,Australia,2015,3700,t,
antimony,mine,Australia,2016,5000,t,
antimony,mine,Australia,2017,3120,t,
antimony,mine,Australia,2018,2170,t,
antimony,mine,Australia,2019,2030,t,
antimony,mine,Australia,2020,3900,t,
antimony,mine,Australia,2021,4000,t,
antimony,mine,Australia,2022,4000,t,
antimony,mine,Bolivia,1994,5700,t,
antimony,mine,Bolivia,1995,6500,t,
antimony,mine,Bolivia,1996,6600,t,
antimony,mine,Bolivia,1997,8700,t,
antimony,mine,Bolivia,1998,6000,t,
antimony,mine,Bolivia,1999,4800,t,
antimony,mine,Bolivia,2000,2800,t,
antimony,mine,Bolivia,2001,2000,t,
antimony,mine,Bolivia,2002,2000,t,
antimony,mine,Bolivia,2003,2300,t,
antimony,mine,Bolivia,2004,3000,t,
antimony,mine,Bolivia,2005,3100,t,
antimony,mine,Bolivia,2006,6600,t,
antimony,mine,Bolivia,2007,5500,t,
antimony,mine,Bolivia,2008,3500,t,
antimony,mine,Bolivia,2009,3000,t,
antimony,mine,Bolivia,2010,5000,t,
antimony,mine,Bolivia,2011,3900,t,
antimony,mine,Bolivia,2012,4000,t,
antimony,mine,Bolivia,2013,5000,t,
antimony,mine,Bolivia,2014,5500,t,
antimony,mine,Bolivia,2015,4200,t,
antimony,mine,Bolivia,2016,2670,t,
antimony,mine,Bolivia,2017,2700,t,
antimony,mine,Bolivia,2018,3110,t,
antimony,mine,Bolivia,2019,3000,t,
antimony,mine,Bolivia,2020,2600,t,
antimony,mine,Bolivia,2021,2600,t,
antimony,mine,Bolivia,2022,2500,t,
antimony,mine,Burma,2013,9000,t,
antimony,mine,Burma,2014,3300,t,
antimony,mine,Burma,2015,3000,t,
antimony,mine,Burma,2016,3000,t,
antimony,mine,Burma,2017,1000,t,
antimony,mine,Burma,2018,2640,t,
antimony,mine,Burma,2019,6000,t,
antimony,mine,Burma,2020,2200,t,
antimony,mine,Burma,2021,4600,t,
antimony,mine,Burma,2022,4000,t,
antimony,mine,Canada,2019,1,t,
antimony,mine,Canada,2020,2,t,
antimony,mine,Canada,2021,2,t,
antimony,mine,Canada,2022,2,t,
antimony,mine,China,1994,80000,t,
antimony,mine,China,1995,75000,t,
antimony,mine,China,1996,98000,t,
antimony,mine,China,1997,120000,t,
antimony,mine,China,1998,120000,t,
antimony,mine,China,1999,100000,t,
antimony,mine,China,2000,100000,t,
antimony,mine,China,2001,135000,t,
antimony,mine,China,2002,130000,t,
antimony,mine,China,2003,70000,t,
antimony,mine,China,2004,100000,t,
antimony,mine,China,2005,120000,t,
antimony,mine,China,2006,110000,t,
antimony,mine,China,2007,150000,t,
antimony,mine,China,2008,180000,t,
antimony,mine,China,2009,140000,t,
antimony,mine,China,2010,150000,t,
antimony,mine,China,2011,150000,t,
antimony,mine,China,2012,145000,t,
antimony,mine,China,2013,120000,t,
antimony,mine,China,2014,120000,t,
antimony,mine,China,2015,110000,t,
antimony,mine,China,2016,108000,t,
antimony,mine,China,2017,98000,t,
antimony,mine,China,2018,89600,t,
antimony,mine,China,2019,89000,t,
antimony,mine,China,2020,61000,t,
antimony,mine,China,2021,61000,t,
antimony,mine,China,2022,60000,t,
antimony,mine,Ecuador,2018,50,t,
antimony,mine,Ecuador,2019,1,t,
antimony,mine,Guatemala,2005,1000,t,
antimony,mine,Guatemala,2006,1000,t,
antimony,mine,Guatemala,2016,25,t,
antimony,mine,Guatemala,2017,25,t,
antimony,mine,Guatemala,2018,25,t,
antimony,mine,Guatemala,2019,25,t,
antimony,mine,Guatemala,2020,80,t,
antimony,mine,Guatemala,2021,80,t,
antimony,mine,Guatemala,2022,80,t,
antimony,mine,Honduras,2018,12,t,
antimony,mine,Iran,2016,200,t,
antimony,mine,Iran,2017,300,t,
antimony,mine,Iran,2018,600,t,
antimony,mine,Iran,2019,500,t,
antimony,mine,Iran,2020,400,t,
antimony,mine,Iran,2021,400,t,
antimony,mine,Iran,2022,400,t,
antimony,mine,Kazakhstan,2016,573,t,
antimony,mine,Kazakhstan,2017,700,t,
antimony,mine,Kazakhstan,2018,300,t,
antimony,mine,Kazakhstan,2019,300,t,
antimony,mine,Kazakhstan,2020,100,t,
antimony,mine,Kazakhstan,2021,100,t,
antimony,mine,Kazakhstan,2022,100,t,
antimony,mine,Kyrgyzstan,1994,2500,t,
antimony,mine,Kyrgyzstan,1995,2500,t,
antimony,mine,Kyrgyzstan,1996,1200,t,
antimony,mine,Kyrgyzstan,1997,1200,t,
antimony,mine,Kyrgyzstan,1998,100,t,
antimony,mine,Kyrgyzstan,1999,100,t,
antimony,mine,Kyrgyzstan,2000,200,t,
antimony,mine,Kyrgyzstan,2001,150,t,
antimony,mine,Kyrgyzstan,2018,370,t,
antimony,mine,Laos,2016,242,t,
antimony,mine,Laos,2017,340,t,
antimony,mine,Laos,2018,300,t,
antimony,mine,Laos,2019,140,t,
antimony,mine,Mexico,1994,1500,t,
antimony,mine,Mexico,1995,1500,t,
antimony,mine,Mexico,2016,196,t,
antimony,mine,Mexico,2017,243,t,
antimony,mine,Mexico,2018,260,t,
antimony,mine,Mexico,2019,300,t,
antimony,mine,Mexico,2020,700,t,
antimony,mine,Mexico,2021,750,t,
antimony,mine,Mexico,2022,800,t,
antimony,mine,Other countries,1994,4000,t,
antimony,mine,Other countries,1995,6000,t,
antimony,mine,Other countries,1996,9000,t,
antimony,mine,Other countries,1997,7000,t,
antimony,mine,Other countries,1998,5000,t,
antimony,mine,Other countries,1999,4900,t,
antimony,mine,Other countries,2000,3000,t,
antimony,mine,Other countries,2001,2950,t,
antimony,mine,Other countries,2002,2000,t,
antimony,mine,Other countries,2003,2200,t,
antimony,mine,Other countries,2004,2800,t,
antimony,mine,Other countries,2005,3300,t,
antimony,mine,Other countries,2006,4000,t,
antimony,mine,Other countries,2007,4000,t,
antimony,mine,Other countries,2008,5000,t,
antimony,mine,Other countries,2009,3300,t,
antimony,mine,Other countries,2010,4000,t,
antimony,mine,Other countries,2011,14100,t,
antimony,mine,Other countries,2012,13000,t,
antimony,mine,Other countries,2013,5200,t,
antimony,mine,Other countries,2014,4000,t,
antimony,mine,Pakistan,2016,114,t,
antimony,mine,Pakistan,2017,60,t,
antimony,mine,Pakistan,2018,28,t,
antimony,mine,Pakistan,2020,17,t,
antimony,mine,Pakistan,2021,66,t,
antimony,mine,Pakistan,2022,70,t,
antimony,mine,Russia,1994,7000,t,
antimony,mine,Russia,1995,7000,t,
antimony,mine,Russia,1996,6000,t,
antimony,mine,Russia,1997,6000,t,
antimony,mine,Russia,1998,4000,t,
antimony,mine,Russia,1999,4000,t,
antimony,mine,Russia,2000,5000,t,
antimony,mine,Russia,2001,4500,t,
antimony,mine,Russia,2002,5000,t,
antimony,mine,Russia,2005,3000,t,
antimony,mine,Russia,2006,3500,t,
antimony,mine,Russia,2007,3500,t,
antimony,mine,Russia,2008,3500,t,
antimony,mine,Russia,2009,3500,t,
antimony,mine,Russia,2010,3000,t,
antimony,mine,Russia,2011,3300,t,
antimony,mine,Russia,2012,6500,t,
antimony,mine,Russia,2013,7000,t,
antimony,mine,Russia,2014,9000,t,
antimony,mine,Russia,2015,9000,t,
antimony,mine,Russia,2016,8000,t,
antimony,mine,Russia,2017,14400,t,
antimony,mine,Russia,2018,30000,t,
antimony,mine,Russia,2019,30000,t,
antimony,mine,Russia,2020,25000,t,
antimony,mine,Russia,2021,20000,t,
antimony,mine,Russia,2022,20000,t,
antimony,mine,South Africa,1994,5600,t,
antimony,mine,South Africa,1995,4500,t,
antimony,mine,South Africa,1996,4800,t,
antimony,mine,South Africa,1997,5000,t,
antimony,mine,South Africa,1998,3500,t,
antimony,mine,South Africa,1999,6000,t,
antimony,mine,South Africa,2000,5000,t,
antimony,mine,South Africa,2001,3900,t,
antimony,mine,South Africa,2002,5800,t,
antimony,mine,South Africa,2003,5300,t,
antimony,mine,South Africa,2004,5300,t,
antimony,mine,South Africa,2005,5000,t,
antimony,mine,South Africa,2006,6000,t,
antimony,mine,South Africa,2007,4400,t,
antimony,mine,South Africa,2008,2800,t,
antimony,mine,South Africa,2009,2800,t,
antimony,mine,South Africa,2010,3000,t,
antimony,mine,South Africa,2011,4700,t,
antimony,mine,South Africa,2012,3800,t,
antimony,mine,South Africa,2013,3100,t,
antimony,mine,South Africa,2014,1600,t,
antimony,mine,South Africa,2016,1200,t,
antimony,mine,Tajikistan,1996,500,t,
antimony,mine,Tajikistan,1997,1200,t,
antimony,mine,Tajikistan,1998,1200,t,
antimony,mine,Tajikistan,1999,1800,t,
antimony,mine,Tajikistan,2000,2000,t,
antimony,mine,Tajikistan,2001,2500,t,
antimony,mine,Tajikistan,2002,3000,t,
antimony,mine,Tajikistan,2003,1800,t,
antimony,mine,Tajikistan,2004,2000,t,
antimony,mine,Tajikistan,2005,2000,t,
antimony,mine,Tajikistan,2006,2000,t,
antimony,mine,Tajikistan,2007,2000,t,
antimony,mine,Tajikistan,2008,2000,t,
antimony,mine,Tajikistan,2009,2000,t,
antimony,mine,Tajikistan,2010,2000,t,
antimony,mine,Tajikistan,2011,2000,t,
antimony,mine,Tajikistan,2012,2000,t,
antimony,mine,Tajikistan,2013,4700,t,
antimony,mine,Tajikistan,2014,4700,t,
antimony,mine,Tajikistan,2015,8000,t,
antimony,mine,Tajikistan,2016,14000,t,
antimony,mine,Tajikistan,2017,14000,t,
antimony,mine,Tajikistan,2018,15200,t,
antimony,mine,Tajikistan,2019,28000,t,
antimony,mine,Tajikistan,2020,13000,t,
antimony,mine,Tajikistan,2021,16800,t,
antimony,mine,Tajikistan,2022,17000,t,
antimony,mine,Thailand,2006,940,t,
antimony,mine,Turkey,2014,4500,t,
antimony,mine,Turkey,2015,2500,t,
antimony,mine,Turkey,2016,4000,t,
antimony,mine,Turkey,2017,2000,t,
antimony,mine,Turkey,2018,2400,t,
antimony,mine,Turkey,2019,2400,t,
antimony,mine,Turkey,2020,1330,t,
antimony,mine,Turkey,2021,1300,t,
antimony,mine,Turkey,2022,1300,t,
antimony,mine,United States,1996,242,t,
antimony,mine,United States,1997,356,t,
antimony,mine,United States,1998,242,t,
antimony,mine,United States,1999,449,t,
antimony,mine,Vietnam,2015,1000,t,
antimony,mine,Vietnam,2016,643,t,
antimony,mine,Vietnam,2017,380,t,
antimony,mine,Vietnam,2018,240,t,
antimony,mine,Vietnam,2019,310,t,
antimony,mine,Vietnam,2020,390,t,
antimony,mine,Vietnam,2021,310,t,
antimony,mine,Vietnam,2022,300,t,
antimony,mine,World,1994,106000,t,
antimony,mine,World,1995,103000,t,
antimony,mine,World,1996,126000,t,
antimony,mine,World,1997,149000,t,
antimony,mine,World,1998,140000,t,
antimony,mine,World,1999,122000,t,
antimony,mine,World,2000,118000,t,
antimony,mine,World,2001,151000,t,
antimony,mine,World,2002,148000,t,
antimony,mine,World,2003,81600,t,
antimony,mine,World,2004,113000,t,
antimony,mine,World,2005,137000,t,
antimony,mine,World,2006,134000,t,
antimony,mine,World,2007,170000,t,
antimony,mine,World,2008,197000,t,
antimony,mine,World,2009,155000,t,
antimony,mine,World,2010,167000,t,
antimony,mine,World,2011,178000,t,
antimony,mine,World,2012,174000,t,
antimony,mine,World,2013,154000,t,
antimony,mine,World,2014,158000,t,
antimony,mine,World,2015,142000,t,
antimony,mine,World,2016,148000,t,
antimony,mine,World,2017,137000,t,
antimony,mine,World,2018,147000,t,
antimony,mine,World,2019,162000,t,
antimony,mine,World,2020,111000,t,
antimony,mine,World,2021,112000,t,
antimony,mine,World,2022,110000,t,
arsenic,production,Belgium,1997,2000,t,
arsenic,production,Belgium,1998,1500,t,
arsenic,production,Belgium,1999,1500,t,
arsenic,production,Belgium,2000,1500,t,
arsenic,production,Belgium,2001,1000,t,
arsenic,production,Belgium,2002,1000,t,
arsenic,production,Belgium,2003,1000,t,
arsenic,production,Belgium,2004,1000,t,
arsenic,production,Belgium,2005,1000,t,
arsenic,production,Belgium,2006,1000,t,
arsenic,production,Belgium,2007,1000,t,
arsenic,production,Belgium,2008,1000,t,
arsenic,production,Belgium,2009,1000,t,
arsenic,production,Belgium,2010,1000,t,
arsenic,production,Belgium,2011,1000,t,
arsenic,production,Belgium,2012,1000,t,
arsenic,production,Belgium,2013,1000,t,
arsenic,production,Belgium,2014,1000,t,
arsenic,production,Belgium,2015,1000,t,
arsenic,production,Belgium,2016,1000,t,
arsenic,production,Belgium,2017,1000,t,
arsenic,production,Belgium,2018,1000,t,
arsenic,production,Belgium,2019,1000,t,
arsenic,production,Belgium,2020,1000,t,
arsenic,production,Belgium,2021,1000,t,
arsenic,production,Belgium,2022,1000,t,
arsenic,production,Bolivia,2014,52,t,
arsenic,production,Bolivia,2015,50,t,
arsenic,production,Bolivia,2016,40,t,
arsenic,production,Bolivia,2017,40,t,
arsenic,production,Bolivia,2018,40,t,
arsenic,production,Bolivia,2019,120,t,
arsenic,production,Bolivia,2020,100,t,
arsenic,production,Bolivia,2021,120,t,
arsenic,production,Bolivia,2022,140,t,
arsenic,production,Chile,1997,6000,t,
arsenic,production,Chile,1998,8400,t,
arsenic,production,Chile,1999,8000,t,
arsenic,production,Chile,2000,8200,t,
arsenic,production,Chile,2001,8000,t,
arsenic,production,Chile,2002,8000,t,
arsenic,production,Chile,2003,8000,t,
arsenic,production,Chile,2004,8000,t,
arsenic,production,Chile,2005,11500,t,
arsenic,production,Chile,2006,11800,t,
arsenic,production,Chile,2007,11400,t,
arsenic,production,Chile,2008,10000,t,
arsenic,production,Chile,2009,11000,t,
arsenic,production,Chile,2010,11000,t,
arsenic,production,Chile,2011,10000,t,
arsenic,production,Chile,2012,10000,t,
arsenic,production,Chile,2013,10000,t,
arsenic,production,China,1997,15000,t,
arsenic,production,China,1998,15500,t,
arsenic,production,China,1999,16000,t,
arsenic,production,China,2000,16000,t,
arsenic,production,China,2001,16000,t,
arsenic,production,China,2002,16000,t,
arsenic,production,China,2003,16000,t,
arsenic,production,China,2004,30000,t,
arsenic,production,China,2005,30000,t,
arsenic,production,China,2006,30000,t,
arsenic,production,China,2007,25000,t,
arsenic,production,China,2008,25000,t,
arsenic,production,China,2009,25000,t,
arsenic,production,China,2010,25000,t,
arsenic,production,China,2011,25000,t,
arsenic,production,China,2012,26000,t,
arsenic,production,China,2013,25000,t,
arsenic,production,China,2014,25000,t,
arsenic,production,China,2015,25000,t,
arsenic,production,China,2016,25000,t,
arsenic,production,China,2017,24000,t,
arsenic,production,China,2018,24000,t,
arsenic,production,China,2019,24000,t,
arsenic,production,China,2020,24000,t,
arsenic,production,China,2021,24000,t,
arsenic,production,China,2022,24000,t,
arsenic,production,France,1997,2500,t,
arsenic,production,France,1998,2000,t,
arsenic,production,France,1999,1000,t,
arsenic,production,France,2000,1000,t,
arsenic,production,France,2001,1000,t,
arsenic,production,France,2002,1000,t,
arsenic,production,France,2003,1000,t,
arsenic,production,France,2004,1000,t,
arsenic,production,France,2005,1000,t,
arsenic,production,France,2006,1000,t,
arsenic,production,Ghana,1997,4600,t,
arsenic,production,Ghana,1998,5000,t,
arsenic,production,Ghana,1999,5000,t,
arsenic,production,Iran,2017,110,t,
arsenic,production,Iran,2018,110,t,
arsenic,production,Iran,2019,110,t,
arsenic,production,Japan,2014,45,t,
arsenic,production,Japan,2015,45,t,
arsenic,production,Japan,2016,45,t,
arsenic,production,Japan,2017,45,t,
arsenic,production,Japan,2018,45,t,
arsenic,production,Japan,2019,45,t,
arsenic,production,Japan,2020,40,t,
arsenic,production,Japan,2021,40,t,
arsenic,production,Japan,2022,45,t,
arsenic,production,Kazakhstan,1997,1500,t,
arsenic,production,Kazakhstan,1998,1500,t,
arsenic,production,Kazakhstan,1999,1500,t,
arsenic,production,Kazakhstan,2000,1500,t,
arsenic,production,Kazakhstan,2001,1500,t,
arsenic,production,Kazakhstan,2002,1500,t,
arsenic,production,Kazakhstan,2003,1500,t,
arsenic,production,Kazakhstan,2004,1500,t,
arsenic,production,Kazakhstan,2005,1500,t,
arsenic,production,Kazakhstan,2006,1500,t,
arsenic,production,Kazakhstan,2007,1500,t,
arsenic,production,Kazakhstan,2008,1500,t,
arsenic,production,Kazakhstan,2009,1500,t,
arsenic,production,Kazakhstan,2010,1500,t,
arsenic,production,Mexico,1997,3000,t,
arsenic,production,Mexico,1998,3000,t,
arsenic,production,Mexico,1999,2500,t,
arsenic,production,Mexico,2000,2400,t,
arsenic,production,Mexico,2001,2500,t,
arsenic,production,Mexico,2002,2300,t,
arsenic,production,Mexico,2003,2000,t,
arsenic,production,Mexico,2004,1800,t,
arsenic,production,Mexico,2005,1650,t,
arsenic,production,Mexico,2006,1750,t,
arsenic,production,Mexico,2007,1600,t,
arsenic,production,Mexico,2008,513,t,
arsenic,production,Mexico,2009,500,t,
arsenic,production,Morocco,2005,6900,t,
arsenic,production,Morocco,2006,6900,t,
arsenic,production,Morocco,2007,8950,t,
arsenic,production,Morocco,2008,8800,t,
arsenic,production,Morocco,2009,8500,t,
arsenic,production,Morocco,2010,8000,t,
arsenic,production,Morocco,2011,8000,t,
arsenic,production,Morocco,2012,8000,t,
arsenic,production,Morocco,2013,7500,t,
arsenic,production,Morocco,2014,8800,t,
arsenic,production,Morocco,2015,6900,t,
arsenic,production,Morocco,2016,7600,t,
arsenic,production,Morocco,2017,6000,t,
arsenic,production,Morocco,2018,6000,t,
arsenic,production,Morocco,2019,5500,t,
arsenic,production,Morocco,2020,7700,t,
arsenic,production,Morocco,2021,6880,t,
arsenic,production,Morocco,2022,6900,t,
arsenic,production,Namibia,2015,1960,t,
arsenic,production,Namibia,2016,1900,t,
arsenic,production,Namibia,2017,1900,t,
arsenic,production,Namibia,2018,700,t,
arsenic,production,Other countries,1997,2500,t,
arsenic,production,Other countries,1998,2400,t,
arsenic,production,Other countries,1999,1800,t,
arsenic,production,Other countries,2000,1800,t,
arsenic,production,Other countries,2001,1500,t,
arsenic,production,Other countries,2002,1700,t,
arsenic,production,Other countries,2003,1100,t,
arsenic,production,Other countries,2004,1200,t,
arsenic,production,Other countries,2005,790,t,
arsenic,production,Other countries,2006,800,t,
arsenic,production,Other countries,2007,630,t,
arsenic,production,Other countries,2008,400,t,
arsenic,production,Other countries,2009,505,t,
arsenic,production,Other countries,2010,310,t,
arsenic,production,Other countries,2011,300,t,
arsenic,production,Other countries,2012,200,t,
arsenic,production,Other countries,2013,200,t,
arsenic,production,Peru,2001,2500,t,
arsenic,production,Peru,2002,2000,t,
arsenic,production,Peru,2003,3000,t,
arsenic,production,Peru,2004,3500,t,
arsenic,production,Peru,2005,3600,t,
arsenic,production,Peru,2006,3500,t,
arsenic,production,Peru,2007,4320,t,
arsenic,production,Peru,2008,4000,t,
arsenic,production,Peru,2009,4850,t,
arsenic,production,Peru,2010,4500,t,
arsenic,production,Peru,2020,27000,t,
arsenic,production,Peru,2021,27000,t,
arsenic,production,Peru,2022,28000,t,
arsenic,production,Philippines,1997,2000,t,
arsenic,production,Russia,1997,1500,t,
arsenic,production,Russia,1998,1500,t,
arsenic,production,Russia,1999,1500,t,
arsenic,production,Russia,2000,1500,t,
arsenic,production,Russia,2001,1500,t,
arsenic,production,Russia,2002,1500,t,
arsenic,production,Russia,2003,1500,t,
arsenic,production,Russia,2004,1500,t,
arsenic,production,Russia,2005,1500,t,
arsenic,production,Russia,2006,1500,t,
arsenic,production,Russia,2007,1500,t,
arsenic,production,Russia,2008,1500,t,
arsenic,production,Russia,2009,1500,t,
arsenic,production,Russia,2010,1500,t,
arsenic,production,Russia,2011,1500,t,
arsenic,production,Russia,2012,1500,t,
arsenic,production,Russia,2013,1500,t,
arsenic,production,Russia,2014,1500,t,
arsenic,production,Russia,2015,1500,t,
arsenic,production,Russia,2016,1500,t,
arsenic,production,Russia,2017,1500,t,
arsenic,production,Russia,2018,1500,t,
arsenic,production,Russia,2019,1500,t,
arsenic,production,Russia,2020,120,t,
arsenic,production,Russia,2021,1000,t,
arsenic,production,Russia,2022,1000,t,
arsenic,production,World,1997,41000,t,
arsenic,production,World,1998,40800,t,
arsenic,production,World,1999,38800,t,
arsenic,production,World,2000,33900,t,
arsenic,production,World,2001,35500,t,
arsenic,production,World,2002,35000,t,
arsenic,production,World,2003,35100,t,
arsenic,production,World,2004,49500,t,
arsenic,production,World,2005,59400,t,
arsenic,production,World,2006,59800,t,
arsenic,production,World,2007,55900,t,
arsenic,production,World,2008,52700,t,
arsenic,production,World,2009,54400,t,
arsenic,production,World,2010,52800,t,
arsenic,production,World,2011,45800,t,
arsenic,production,World,2012,46700,t,
arsenic,production,World,2013,45200,t,
arsenic,production,World,2014,36400,t,
arsenic,production,World,2015,36500,t,
arsenic,production,World,2016,37000,t,
arsenic,production,World,2017,34600,t,
arsenic,production,World,2018,33400,t,
arsenic,production,World,2019,32300,t,
arsenic,production,World,2020,60000,t,
arsenic,production,World,2021,60000,t,
arsenic,production,World,2022,61000,t,
asbestos,mine,Brazil,1994,175000,t,
asbestos,mine,Brazil,1995,190000,t,
asbestos,mine,Brazil,1996,170000,t,
asbestos,mine,Brazil,1997,170000,t,
asbestos,mine,Brazil,1998,170000,t,
asbestos,mine,Brazil,1999,170000,t,
asbestos,mine,Brazil,2000,170000,t,
asbestos,mine,Brazil,2001,170000,t,
asbestos,mine,Brazil,2002,209000,t,
asbestos,mine,Brazil,2003,195000,t,
asbestos,mine,Brazil,2004,195000,t,
asbestos,mine,Brazil,2005,195000,t,
asbestos,mine,Brazil,2006,236000,t,
asbestos,mine,Brazil,2007,230000,t,
asbestos,mine,Brazil,2008,255000,t,
asbestos,mine,Brazil,2009,288000,t,
asbestos,mine,Brazil,2010,270000,t,
asbestos,mine,Brazil,2011,302000,t,
asbestos,mine,Brazil,2012,307000,t,
asbestos,mine,Brazil,2013,307000,t,
asbestos,mine,Brazil,2014,284000,t,
asbestos,mine,Brazil,2015,311000,t,
asbestos,mine,Brazil,2016,200000,t,
asbestos,mine,Brazil,2017,160000,t,
asbestos,mine,Brazil,2018,110000,t,
asbestos,mine,Brazil,2019,15000,t,
asbestos,mine,Brazil,2020,71200,t,
asbestos,mine,Brazil,2021,154000,t,
asbestos,mine,Brazil,2022,190000,t,
asbestos,mine,Canada,1994,518000,t,
asbestos,mine,Canada,1995,511000,t,
asbestos,mine,Canada,1996,521000,t,
asbestos,mine,Canada,1997,447000,t,
asbestos,mine,Canada,1998,330000,t,
asbestos,mine,Canada,1999,337000,t,
asbestos,mine,Canada,2000,340000,t,
asbestos,mine,Canada,2001,340000,t,
asbestos,mine,Canada,2002,272000,t,
asbestos,mine,Canada,2003,241000,t,
asbestos,mine,Canada,2004,200000,t,
asbestos,mine,Canada,2005,200000,t,
asbestos,mine,Canada,2006,244000,t,
asbestos,mine,Canada,2007,185000,t,
asbestos,mine,Canada,2008,180000,t,
asbestos,mine,Canada,2009,150000,t,
asbestos,mine,Canada,2010,100000,t,
asbestos,mine,Canada,2011,50000,t,
asbestos,mine,China,1994,240000,t,
asbestos,mine,China,1995,240000,t,
asbestos,mine,China,1996,250000,t,
asbestos,mine,China,1997,245000,t,
asbestos,mine,China,1998,250000,t,
asbestos,mine,China,1999,300000,t,
asbestos,mine,China,2000,260000,t,
asbestos,mine,China,2001,360000,t,
asbestos,mine,China,2002,360000,t,
asbestos,mine,China,2003,260000,t,
asbestos,mine,China,2004,355000,t,
asbestos,mine,China,2005,520000,t,
asbestos,mine,China,2006,350000,t,
asbestos,mine,China,2007,380000,t,
asbestos,mine,China,2008,280000,t,
asbestos,mine,China,2009,380000,t,
asbestos,mine,China,2010,400000,t,
asbestos,mine,China,2011,440000,t,
asbestos,mine,China,2012,420000,t,
asbestos,mine,China,2013,420000,t,
asbestos,mine,China,2014,400000,t,
asbestos,mine,China,2015,400000,t,
asbestos,mine,China,2016,200000,t,
asbestos,mine,China,2017,125000,t,
asbestos,mine,China,2018,125000,t,
asbestos,mine,China,2019,150000,t,
asbestos,mine,China,2020,120000,t,
asbestos,mine,China,2021,130000,t,
asbestos,mine,China,2022,130000,t,
asbestos,mine,India,2015,200,t,
asbestos,mine,Kazakhstan,1994,300000,t,
asbestos,mine,Kazakhstan,1995,250000,t,
asbestos,mine,Kazakhstan,1996,225000,t,
asbestos,mine,Kazakhstan,1997,125000,t,
asbestos,mine,Kazakhstan,1998,125000,t,
asbestos,mine,Kazakhstan,1999,125000,t,
asbestos,mine,Kazakhstan,2000,125000,t,
asbestos,mine,Kazakhstan,2001,235000,t,
asbestos,mine,Kazakhstan,2002,291000,t,
asbestos,mine,Kazakhstan,2003,353000,t,
asbestos,mine,Kazakhstan,2004,347000,t,
asbestos,mine,Kazakhstan,2005,355000,t,
asbestos,mine,Kazakhstan,2006,355000,t,
asbestos,mine,Kazakhstan,2007,300000,t,
asbestos,mine,Kazakhstan,2008,230000,t,
asbestos,mine,Kazakhstan,2009,230000,t,
asbestos,mine,Kazakhstan,2010,214000,t,
asbestos,mine,Kazakhstan,2011,223000,t,
asbestos,mine,Kazakhstan,2012,241000,t,
asbestos,mine,Kazakhstan,2013,242000,t,
asbestos,mine,Kazakhstan,2014,240000,t,
asbestos,mine,Kazakhstan,2015,215000,t,
asbestos,mine,Kazakhstan,2016,193000,t,
asbestos,mine,Kazakhstan,2017,193000,t,
asbestos,mine,Kazakhstan,2018,203000,t,
asbestos,mine,Kazakhstan,2019,211000,t,
asbestos,mine,Kazakhstan,2020,227000,t,
asbestos,mine,Kazakhstan,2021,250000,t,
asbestos,mine,Kazakhstan,2022,230000,t,
asbestos,mine,Other countries,1994,122000,t,
asbestos,mine,Other countries,1995,155000,t,
asbestos,mine,Other countries,1996,139000,t,
asbestos,mine,Other countries,1997,156000,t,
asbestos,mine,Other countries,1998,149000,t,
asbestos,mine,Other countries,1999,136000,t,
asbestos,mine,Other countries,2000,121000,t,
asbestos,mine,Other countries,2001,54000,t,
asbestos,mine,Other countries,2002,120000,t,
asbestos,mine,Other countries,2003,93000,t,
asbestos,mine,Other countries,2004,110000,t,
asbestos,mine,Other countries,2005,84000,t,
asbestos,mine,Other countries,2006,90000,t,
asbestos,mine,Other countries,2007,80000,t,
asbestos,mine,Other countries,2008,75000,t,
asbestos,mine,Other countries,2009,19000,t,
asbestos,mine,Other countries,2010,21000,t,
asbestos,mine,Other countries,2011,19000,t,
asbestos,mine,Other countries,2012,300,t,
asbestos,mine,Other countries,2013,340,t,
asbestos,mine,Other countries,2014,370,t,
asbestos,mine,Russia,1994,800000,t,
asbestos,mine,Russia,1995,800000,t,
asbestos,mine,Russia,1996,720000,t,
asbestos,mine,Russia,1997,700000,t,
asbestos,mine,Russia,1998,650000,t,
asbestos,mine,Russia,1999,700000,t,
asbestos,mine,Russia,2000,750000,t,
asbestos,mine,Russia,2001,750000,t,
asbestos,mine,Russia,2002,750000,t,
asbestos,mine,Russia,2003,878000,t,
asbestos,mine,Russia,2004,875000,t,
asbestos,mine,Russia,2005,925000,t,
asbestos,mine,Russia,2006,925000,t,
asbestos,mine,Russia,2007,925000,t,
asbestos,mine,Russia,2008,1020000,t,
asbestos,mine,Russia,2009,1000000,t,
asbestos,mine,Russia,2010,1000000,t,
asbestos,mine,Russia,2011,1000000,t,
asbestos,mine,Russia,2012,1000000,t,
asbestos,mine,Russia,2013,1050000,t,
asbestos,mine,Russia,2014,1100000,t,
asbestos,mine,Russia,2015,1100000,t,
asbestos,mine,Russia,2016,692000,t,
asbestos,mine,Russia,2017,690000,t,
asbestos,mine,Russia,2018,710000,t,
asbestos,mine,Russia,2019,790000,t,
asbestos,mine,Russia,2020,720000,t,
asbestos,mine,Russia,2021,699000,t,
asbestos,mine,Russia,2022,700000,t,
asbestos,mine,South Africa,1994,95000,t,
asbestos,mine,South Africa,1995,95000,t,
asbestos,mine,South Africa,1996,90000,t,
asbestos,mine,South Africa,1997,60000,t,
asbestos,mine,South Africa,1998,20000,t,
asbestos,mine,South Africa,1999,20000,t,
asbestos,mine,South Africa,2000,19000,t,
asbestos,mine,South Africa,2001,16000,t,
asbestos,mine,United States,1994,10000,t,
asbestos,mine,United States,1995,9000,t,
asbestos,mine,United States,1996,10000,t,
asbestos,mine,United States,1997,7000,t,
asbestos,mine,United States,1998,6000,t,
asbestos,mine,United States,1999,7000,t,
asbestos,mine,United States,2000,5000,t,
asbestos,mine,United States,2001,5000,t,
asbestos,mine,United States,2002,3000,t,
asbestos,mine,World,1994,2410000,t,
asbestos,mine,World,1995,2400000,t,
asbestos,mine,World,1996,2290000,t,
asbestos,mine,World,1997,2070000,t,
asbestos,mine,World,1998,1840000,t,
asbestos,mine,World,1999,1930000,t,
asbestos,mine,World,2000,1900000,t,
asbestos,mine,World,2001,2050000,t,
asbestos,mine,World,2002,2130000,t,
asbestos,mine,World,2003,2150000,t,
asbestos,mine,World,2004,2230000,t,
asbestos,mine,World,2005,2400000,t,
asbestos,mine,World,2006,2300000,t,
asbestos,mine,World,2007,2200000,t,
asbestos,mine,World,2008,2090000,t,
asbestos,mine,World,2009,2070000,t,
asbestos,mine,World,2010,2010000,t,
asbestos,mine,World,2011,2030000,t,
asbestos,mine,World,2012,1970000,t,
asbestos,mine,World,2013,2020000,t,
asbestos,mine,World,2014,2020000,t,
asbestos,mine,World,2015,2000000,t,
asbestos,mine,World,2016,1280000,t,
asbestos,mine,World,2017,1170000,t,
asbestos,mine,World,2018,1150000,t,
asbestos,mine,World,2019,1170000,t,
asbestos,mine,World,2020,1100000,t,
asbestos,mine,World,2021,1240000,t,
asbestos,mine,World,2022,1300000,t,
asbestos,mine,Zimbabwe,1994,150000,t,
asbestos,mine,Zimbabwe,1995,150000,t,
asbestos,mine,Zimbabwe,1996,165000,t,
asbestos,mine,Zimbabwe,1997,160000,t,
asbestos,mine,Zimbabwe,1998,140000,t,
asbestos,mine,Zimbabwe,1999,135000,t,
asbestos,mine,Zimbabwe,2000,110000,t,
asbestos,mine,Zimbabwe,2001,120000,t,
asbestos,mine,Zimbabwe,2002,130000,t,
asbestos,mine,Zimbabwe,2003,130000,t,
asbestos,mine,Zimbabwe,2004,150000,t,
asbestos,mine,Zimbabwe,2005,122000,t,
asbestos,mine,Zimbabwe,2006,100000,t,
asbestos,mine,Zimbabwe,2007,100000,t,
asbestos,mine,Zimbabwe,2008,50000,t,
asbestos,mine,Zimbabwe,2019,2500,t,
asbestos,mine,Zimbabwe,2020,8000,t,
asbestos,mine,Zimbabwe,2021,10000,t,
barite,mine,Algeria,1994,45000,t,
barite,mine,Algeria,2000,50000,t,
barite,mine,Algeria,2001,52000,t,
barite,mine,Algeria,2002,45000,t,
barite,mine,Algeria,2003,50000,t,
barite,mine,Algeria,2004,48000,t,
barite,mine,Algeria,2005,53000,t,
barite,mine,Algeria,2006,53000,t,
barite,mine,Algeria,2007,63000,t,
barite,mine,Algeria,2008,60000,t,
barite,mine,Algeria,2009,60000,t,
barite,mine,Algeria,2010,60000,t,
barite,mine,Algeria,2011,40000,t,
barite,mine,Belgium,1994,30000,t,
barite,mine,Brazil,1994,45000,t,
barite,mine,Brazil,2001,55000,t,
barite,mine,Brazil,2002,55000,t,
barite,mine,Brazil,2003,55000,t,
barite,mine,Brazil,2004,55000,t,
barite,mine,Brazil,2005,61000,t,
barite,mine,Brazil,2006,50000,t,
barite,mine,Bulgaria,1999,100000,t,
barite,mine,Bulgaria,2000,120000,t,
barite,mine,Bulgaria,2004,95000,t,
barite,mine,Bulgaria,2005,95000,t,
barite,mine,Bulgaria,2006,80000,t,
barite,mine,Bulgaria,2007,51000,t,
barite,mine,Bulgaria,2008,40000,t,
barite,mine,Burma,2001,34000,t,
barite,mine,Canada,1994,55000,t,
barite,mine,Canada,1995,57000,t,
barite,mine,Canada,1996,61000,t,
barite,mine,Canada,1997,103000,t,
barite,mine,Canada,1998,80000,t,
barite,mine,Canada,1999,126000,t,
barite,mine,China,1994,1500000,t,
barite,mine,China,1995,1500000,t,
barite,mine,China,1996,1500000,t,
barite,mine,China,1997,3500000,t,
barite,mine,China,1998,3000000,t,
barite,mine,China,1999,2800000,t,
barite,mine,China,2000,3500000,t,
barite,mine,China,2001,3600000,t,
barite,mine,China,2002,3100000,t,
barite,mine,China,2003,3500000,t,
barite,mine,China,2004,3900000,t,
barite,mine,China,2005,4200000,t,
barite,mine,China,2006,4400000,t,
barite,mine,China,2007,4400000,t,
barite,mine,China,2008,4600000,t,
barite,mine,China,2009,3000000,t,
barite,mine,China,2010,4000000,t,
barite,mine,China,2011,4100000,t,
barite,mine,China,2012,4200000,t,
barite,mine,China,2013,4000000,t,
barite,mine,China,2014,3000000,t,
barite,mine,China,2015,3000000,t,
barite,mine,China,2016,2800000,t,
barite,mine,China,2017,3200000,t,
barite,mine,China,2018,2900000,t,
barite,mine,China,2019,2800000,t,
barite,mine,China,2020,2800000,t,
barite,mine,China,2021,2100000,t,
barite,mine,China,2022,1900000,t,
barite,mine,France,1994,70000,t,
barite,mine,France,1995,70000,t,
barite,mine,France,1996,75000,t,
barite,mine,France,1997,76000,t,
barite,mine,France,1998,75000,t,
barite,mine,France,1999,60000,t,
barite,mine,France,2000,75000,t,
barite,mine,France,2001,75000,t,
barite,mine,France,2002,75000,t,
barite,mine,France,2003,75000,t,
barite,mine,France,2004,82000,t,
barite,mine,France,2005,82000,t,
barite,mine,France,2006,30000,t,
barite,mine,Germany,1994,135000,t,
barite,mine,Germany,1995,150000,t,
barite,mine,Germany,1996,150000,t,
barite,mine,Germany,1997,120000,t,
barite,mine,Germany,1998,120000,t,
barite,mine,Germany,1999,120000,t,
barite,mine,Germany,2000,120000,t,
barite,mine,Germany,2001,120000,t,
barite,mine,Germany,2002,120000,t,
barite,mine,Germany,2003,120000,t,
barite,mine,Germany,2004,110000,t,
barite,mine,Germany,2005,95000,t,
barite,mine,Germany,2006,90000,t,
barite,mine,Germany,2007,88000,t,
barite,mine,Germany,2008,77000,t,
barite,mine,Germany,2009,75000,t,
barite,mine,Germany,2010,50000,t,
barite,mine,Germany,2011,70000,t,
barite,mine,Germany,2012,55000,t,
barite,mine,India,1994,510000,t,
barite,mine,India,1995,575000,t,
barite,mine,India,1996,500000,t,
barite,mine,India,1997,400000,t,
barite,mine,India,1998,430000,t,
barite,mine,India,1999,600000,t,
barite,mine,India,2000,550000,t,
barite,mine,India,2001,850000,t,
barite,mine,India,2002,600000,t,
barite,mine,India,2003,700000,t,
barite,mine,India,2004,723000,t,
barite,mine,India,2005,1000000,t,
barite,mine,India,2006,950000,t,
barite,mine,India,2007,1000000,t,
barite,mine,India,2008,1100000,t,
barite,mine,India,2009,1200000,t,
barite,mine,India,2010,1100000,t,
barite,mine,India,2011,1350000,t,
barite,mine,India,2012,1700000,t,
barite,mine,India,2013,1740000,t,
barite,mine,India,2014,1140000,t,
barite,mine,India,2015,700000,t,
barite,mine,India,2016,1050000,t,
barite,mine,India,2017,1560000,t,
barite,mine,India,2018,2390000,t,
barite,mine,India,2019,2000000,t,
barite,mine,India,2020,1600000,t,
barite,mine,India,2021,1600000,t,
barite,mine,India,2022,2600000,t,
barite,mine,Iran,1994,100000,t,
barite,mine,Iran,1995,150000,t,
barite,mine,Iran,1996,150000,t,
barite,mine,Iran,1997,150000,t,
barite,mine,Iran,1998,180000,t,
barite,mine,Iran,1999,170000,t,
barite,mine,Iran,2000,185000,t,
barite,mine,Iran,2001,185000,t,
barite,mine,Iran,2002,220000,t,
barite,mine,Iran,2003,150000,t,
barite,mine,Iran,2004,204000,t,
barite,mine,Iran,2005,280000,t,
barite,mine,Iran,2006,290000,t,
barite,mine,Iran,2007,240000,t,
barite,mine,Iran,2008,240000,t,
barite,mine,Iran,2009,200000,t,
barite,mine,Iran,2010,200000,t,
barite,mine,Iran,2011,350000,t,
barite,mine,Iran,2012,330000,t,
barite,mine,Iran,2013,270000,t,
barite,mine,Iran,2014,300000,t,
barite,mine,Iran,2015,300000,t,
barite,mine,Iran,2016,480000,t,
barite,mine,Iran,2017,550000,t,
barite,mine,Iran,2018,490000,t,
barite,mine,Iran,2019,202000,t,
barite,mine,Iran,2020,202000,t,
barite,mine,Iran,2021,224000,t,
barite,mine,Iran,2022,220000,t,
barite,mine,Ireland,1994,60000,t,
barite,mine,Ireland,1995,60000,t,
barite,mine,Italy,1994,60000,t,
barite,mine,Kazakhstan,1994,150000,t,
barite,mine,Kazakhstan,1995,150000,t,
barite,mine,Kazakhstan,1996,250000,t,
barite,mine,Kazakhstan,1997,250000,t,
barite,mine,Kazakhstan,1998,9000,t,
barite,mine,Kazakhstan,2005,120000,t,
barite,mine,Kazakhstan,2006,120000,t,
barite,mine,Kazakhstan,2007,95000,t,
barite,mine,Kazakhstan,2008,95000,t,
barite,mine,Kazakhstan,2009,95000,t,
barite,mine,Kazakhstan,2010,200000,t,
barite,mine,Kazakhstan,2011,200000,t,
barite,mine,Kazakhstan,2012,250000,t,
barite,mine,Kazakhstan,2013,250000,t,
barite,mine,Kazakhstan,2014,300000,t,
barite,mine,Kazakhstan,2015,300000,t,
barite,mine,Kazakhstan,2016,482000,t,
barite,mine,Kazakhstan,2017,620000,t,
barite,mine,Kazakhstan,2018,620000,t,
barite,mine,Kazakhstan,2019,597000,t,
barite,mine,Kazakhstan,2020,445000,t,
barite,mine,Kazakhstan,2021,450000,t,
barite,mine,Kazakhstan,2022,500000,t,
barite,mine,Korea North,2000,70000,t,
barite,mine,Korea North,2001,70000,t,
barite,mine,Korea North,2002,70000,t,
barite,mine,Korea North,2003,70000,t,
barite,mine,Korea North,2004,70000,t,
barite,mine,Laos,2018,90000,t,
barite,mine,Laos,2019,440000,t,
barite,mine,Laos,2020,180000,t,
barite,mine,Mexico,1994,150000,t,
barite,mine,Mexico,1995,248000,t,
barite,mine,Mexico,1996,250000,t,
barite,mine,Mexico,1997,237000,t,
barite,mine,Mexico,1998,162000,t,
barite,mine,Mexico,1999,137000,t,
barite,mine,Mexico,2000,127000,t,
barite,mine,Mexico,2001,130000,t,
barite,mine,Mexico,2002,150000,t,
barite,mine,Mexico,2003,256000,t,
barite,mine,Mexico,2004,300000,t,
barite,mine,Mexico,2005,275000,t,
barite,mine,Mexico,2006,206000,t,
barite,mine,Mexico,2007,186000,t,
barite,mine,Mexico,2008,140000,t,
barite,mine,Mexico,2009,152000,t,
barite,mine,Mexico,2010,134000,t,
barite,mine,Mexico,2011,157000,t,
barite,mine,Mexico,2012,140000,t,
barite,mine,Mexico,2013,344000,t,
barite,mine,Mexico,2014,420000,t,
barite,mine,Mexico,2015,266000,t,
barite,mine,Mexico,2016,197000,t,
barite,mine,Mexico,2017,360000,t,
barite,mine,Mexico,2018,380000,t,
barite,mine,Mexico,2019,384000,t,
barite,mine,Mexico,2020,323000,t,
barite,mine,Mexico,2021,321000,t,
barite,mine,Mexico,2022,320000,t,
barite,mine,Morocco,1994,265000,t,
barite,mine,Morocco,1995,265000,t,
barite,mine,Morocco,1996,265000,t,
barite,mine,Morocco,1997,270000,t,
barite,mine,Morocco,1998,353000,t,
barite,mine,Morocco,1999,330000,t,
barite,mine,Morocco,2000,350000,t,
barite,mine,Morocco,2001,320000,t,
barite,mine,Morocco,2002,470000,t,
barite,mine,Morocco,2003,356000,t,
barite,mine,Morocco,2004,357000,t,
barite,mine,Morocco,2005,360000,t,
barite,mine,Morocco,2006,350000,t,
barite,mine,Morocco,2007,485000,t,
barite,mine,Morocco,2008,500000,t,
barite,mine,Morocco,2009,430000,t,
barite,mine,Morocco,2010,650000,t,
barite,mine,Morocco,2011,600000,t,
barite,mine,Morocco,2012,1000000,t,
barite,mine,Morocco,2013,1000000,t,
barite,mine,Morocco,2014,1200000,t,
barite,mine,Morocco,2015,1000000,t,
barite,mine,Morocco,2016,669000,t,
barite,mine,Morocco,2017,950000,t,
barite,mine,Morocco,2018,940000,t,
barite,mine,Morocco,2019,1100000,t,
barite,mine,Morocco,2020,410000,t,
barite,mine,Morocco,2021,1100000,t,
barite,mine,Morocco,2022,1300000,t,
barite,mine,Other countries,1994,190000,t,
barite,mine,Other countries,1995,190000,t,
barite,mine,Other countries,1996,292000,t,
barite,mine,Other countries,1997,820000,t,
barite,mine,Other countries,1998,690000,t,
barite,mine,Other countries,1999,440000,t,
barite,mine,Other countries,2000,350000,t,
barite,mine,Other countries,2001,200000,t,
barite,mine,Other countries,2002,420000,t,
barite,mine,Other countries,2003,540000,t,
barite,mine,Other countries,2004,296000,t,
barite,mine,Other countries,2005,250000,t,
barite,mine,Other countries,2006,220000,t,
barite,mine,Other countries,2007,135000,t,
barite,mine,Other countries,2008,160000,t,
barite,mine,Other countries,2009,160000,t,
barite,mine,Other countries,2010,300000,t,
barite,mine,Other countries,2011,220000,t,
barite,mine,Other countries,2012,250000,t,
barite,mine,Other countries,2013,558000,t,
barite,mine,Other countries,2014,483000,t,
barite,mine,Other countries,2015,520000,t,
barite,mine,Other countries,2016,470000,t,
barite,mine,Other countries,2017,418000,t,
barite,mine,Other countries,2018,482000,t,
barite,mine,Other countries,2019,418000,t,
barite,mine,Other countries,2020,329000,t,
barite,mine,Other countries,2021,528000,t,
barite,mine,Other countries,2022,580000,t,
barite,mine,Pakistan,2007,44000,t,
barite,mine,Pakistan,2008,43000,t,
barite,mine,Pakistan,2009,42000,t,
barite,mine,Pakistan,2010,49000,t,
barite,mine,Pakistan,2011,58000,t,
barite,mine,Pakistan,2012,52000,t,
barite,mine,Pakistan,2013,118000,t,
barite,mine,Pakistan,2014,132000,t,
barite,mine,Pakistan,2015,122000,t,
barite,mine,Pakistan,2016,107000,t,
barite,mine,Pakistan,2017,106000,t,
barite,mine,Pakistan,2018,110000,t,
barite,mine,Pakistan,2019,110000,t,
barite,mine,Pakistan,2020,86000,t,
barite,mine,Peru,1999,75000,t,
barite,mine,Peru,2011,87000,t,
barite,mine,Peru,2012,76000,t,
barite,mine,Peru,2014,106000,t,
barite,mine,Romania,1994,105000,t,
barite,mine,Romania,1995,105000,t,
barite,mine,Russia,2000,60000,t,
barite,mine,Russia,2001,60000,t,
barite,mine,Russia,2002,60000,t,
barite,mine,Russia,2003,60000,t,
barite,mine,Russia,2004,60000,t,
barite,mine,Russia,2005,63000,t,
barite,mine,Russia,2006,63000,t,
barite,mine,Russia,2007,63000,t,
barite,mine,Russia,2008,63000,t,
barite,mine,Russia,2009,63000,t,
barite,mine,Russia,2010,60000,t,
barite,mine,Russia,2011,62000,t,
barite,mine,Russia,2012,63000,t,
barite,mine,Russia,2015,210000,t,
barite,mine,Russia,2016,434000,t,
barite,mine,Russia,2017,221000,t,
barite,mine,Russia,2018,163000,t,
barite,mine,Russia,2019,160000,t,
barite,mine,Russia,2020,287000,t,
barite,mine,Russia,2021,150000,t,
barite,mine,Russia,2022,150000,t,
barite,mine,Thailand,1994,49000,t,
barite,mine,Thailand,1995,50000,t,
barite,mine,Thailand,1996,59000,t,
barite,mine,Thailand,1997,55000,t,
barite,mine,Thailand,1998,110000,t,
barite,mine,Thailand,1999,80000,t,
barite,mine,Thailand,2000,50000,t,
barite,mine,Thailand,2001,57000,t,
barite,mine,Thailand,2002,24000,t,
barite,mine,Thailand,2003,130000,t,
barite,mine,Thailand,2004,125000,t,
barite,mine,Thailand,2005,120000,t,
barite,mine,Thailand,2006,120000,t,
barite,mine,Thailand,2012,70000,t,
barite,mine,Thailand,2014,135000,t,
barite,mine,Thailand,2015,171000,t,
barite,mine,Thailand,2016,223000,t,
barite,mine,Thailand,2017,148000,t,
barite,mine,Tunisia,1994,30000,t,
barite,mine,Turkey,1994,140000,t,
barite,mine,Turkey,1995,158000,t,
barite,mine,Turkey,1996,144000,t,
barite,mine,Turkey,1997,160000,t,
barite,mine,Turkey,1998,130000,t,
barite,mine,Turkey,1999,130000,t,
barite,mine,Turkey,2000,130000,t,
barite,mine,Turkey,2001,100000,t,
barite,mine,Turkey,2002,120000,t,
barite,mine,Turkey,2003,110000,t,
barite,mine,Turkey,2004,120000,t,
barite,mine,Turkey,2005,155000,t,
barite,mine,Turkey,2006,180000,t,
barite,mine,Turkey,2007,150000,t,
barite,mine,Turkey,2008,150000,t,
barite,mine,Turkey,2009,150000,t,
barite,mine,Turkey,2010,250000,t,
barite,mine,Turkey,2011,230000,t,
barite,mine,Turkey,2012,260000,t,
barite,mine,Turkey,2013,250000,t,
barite,mine,Turkey,2014,270000,t,
barite,mine,Turkey,2015,300000,t,
barite,mine,Turkey,2016,170000,t,
barite,mine,Turkey,2017,200000,t,
barite,mine,Turkey,2018,245000,t,
barite,mine,Turkey,2019,250000,t,
barite,mine,Turkey,2020,180000,t,
barite,mine,Turkey,2021,258000,t,
barite,mine,Turkey,2022,300000,t,
barite,mine,United Kingdom,1994,40000,t,
barite,mine,United Kingdom,1995,85000,t,
barite,mine,United Kingdom,1996,102000,t,
barite,mine,United Kingdom,1997,100000,t,
barite,mine,United Kingdom,1998,75000,t,
barite,mine,United Kingdom,1999,55000,t,
barite,mine,United Kingdom,2000,70000,t,
barite,mine,United Kingdom,2001,60000,t,
barite,mine,United Kingdom,2002,60000,t,
barite,mine,United Kingdom,2003,60000,t,
barite,mine,United Kingdom,2004,60000,t,
barite,mine,United Kingdom,2005,60000,t,
barite,mine,United Kingdom,2006,50000,t,
barite,mine,United Kingdom,2007,55000,t,
barite,mine,United Kingdom,2008,50000,t,
barite,mine,United Kingdom,2009,50000,t,
barite,mine,United Kingdom,2010,50000,t,
barite,mine,United Kingdom,2011,50000,t,
barite,mine,United States,1994,583000,t,
barite,mine,United States,1995,543000,t,
barite,mine,United States,1996,662000,t,
barite,mine,United States,1997,692000,t,
barite,mine,United States,1998,476000,t,
barite,mine,United States,1999,434000,t,
barite,mine,United States,2000,392000,t,
barite,mine,United States,2001,400000,t,
barite,mine,United States,2002,420000,t,
barite,mine,United States,2003,468000,t,
barite,mine,United States,2004,532000,t,
barite,mine,United States,2005,489000,t,
barite,mine,United States,2006,589000,t,
barite,mine,United States,2007,455000,t,
barite,mine,United States,2008,648000,t,
barite,mine,United States,2009,383000,t,
barite,mine,United States,2010,662000,t,
barite,mine,United States,2011,710000,t,
barite,mine,United States,2012,666000,t,
barite,mine,United States,2013,700000,t,
barite,mine,United States,2014,663000,t,
barite,mine,United States,2015,425000,t,
barite,mine,United States,2016,240000,t,
barite,mine,United States,2017,334000,t,
barite,mine,United States,2018,366000,t,
barite,mine,United States,2019,414000,t,
barite,mine,Vietnam,2004,101000,t,
barite,mine,Vietnam,2005,116000,t,
barite,mine,Vietnam,2006,120000,t,
barite,mine,Vietnam,2007,120000,t,
barite,mine,Vietnam,2008,80000,t,
barite,mine,Vietnam,2009,70000,t,
barite,mine,Vietnam,2010,85000,t,
barite,mine,Vietnam,2011,85000,t,
barite,mine,Vietnam,2012,85000,t,
barite,mine,Vietnam,2014,100000,t,
barite,mine,Vietnam,2015,100000,t,
barite,mine,World,1994,4300000,t,
barite,mine,World,1995,4356000,t,
barite,mine,World,1996,4460000,t,
barite,mine,World,1997,6930000,t,
barite,mine,World,1998,5890000,t,
barite,mine,World,1999,5660000,t,
barite,mine,World,2000,6200000,t,
barite,mine,World,2001,6700000,t,
barite,mine,World,2002,6000000,t,
barite,mine,World,2003,6700000,t,
barite,mine,World,2004,7240000,t,
barite,mine,World,2005,7870000,t,
barite,mine,World,2006,7960000,t,
barite,mine,World,2007,7630000,t,
barite,mine,World,2008,8050000,t,
barite,mine,World,2009,6130000,t,
barite,mine,World,2010,7850000,t,
barite,mine,World,2011,8370000,t,
barite,mine,World,2012,9200000,t,
barite,mine,World,2013,9230000,t,
barite,mine,World,2014,8250000,t,
barite,mine,World,2015,7410000,t,
barite,mine,World,2016,7320000,t,
barite,mine,World,2017,8670000,t,
barite,mine,World,2018,9180000,t,
barite,mine,World,2019,8870000,t,
barite,mine,World,2020,6840000,t,
barite,mine,World,2021,6730000,t,
barite,mine,World,2022,7900000,t,
bauxite,mine,Australia,1994,41700000,t,dry equivalent weight
bauxite,mine,Australia,1995,42655000,t,dry equivalent weight
bauxite,mine,Australia,1996,43100000,t,dry equivalent weight
bauxite,mine,Australia,1997,44100000,t,dry equivalent weight
bauxite,mine,Australia,1998,44600000,t,dry equivalent weight
bauxite,mine,Australia,1999,48400000,t,dry equivalent weight
bauxite,mine,Australia,2000,53800000,t,dry equivalent weight
bauxite,mine,Australia,2001,53300000,t,dry equivalent weight
bauxite,mine,Australia,2002,54000000,t,dry equivalent weight
bauxite,mine,Australia,2003,55600000,t,dry equivalent weight
bauxite,mine,Australia,2004,56600000,t,dry equivalent weight
bauxite,mine,Australia,2005,60000000,t,dry equivalent weight
bauxite,mine,Australia,2006,62300000,t,dry equivalent weight
bauxite,mine,Australia,2007,62400000,t,dry equivalent weight
bauxite,mine,Australia,2008,61400000,t,dry equivalent weight
bauxite,mine,Australia,2009,65200000,t,dry equivalent weight
bauxite,mine,Australia,2010,68400000,t,dry equivalent weight
bauxite,mine,Australia,2011,70000000,t,dry equivalent weight
bauxite,mine,Australia,2012,76300000,t,dry equivalent weight
bauxite,mine,Australia,2013,81100000,t,dry equivalent weight
bauxite,mine,Australia,2014,78600000,t,dry equivalent weight
bauxite,mine,Australia,2015,80900000,t,dry equivalent weight
bauxite,mine,Australia,2016,82000000,t,dry equivalent weight
bauxite,mine,Australia,2017,87900000,t,dry equivalent weight
bauxite,mine,Australia,2018,86400000,t,dry equivalent weight
bauxite,mine,Australia,2019,105000000,t,dry equivalent weight
bauxite,mine,Australia,2020,104000000,t,dry equivalent weight
bauxite,mine,Australia,2021,103000000,t,dry equivalent weight
bauxite,mine,Australia,2022,100000000,t,dry equivalent weight
bauxite,mine,Brazil,1994,8120000,t,dry equivalent weight
bauxite,mine,Brazil,1995,8761000,t,dry equivalent weight
bauxite,mine,Brazil,1996,9700000,t,dry equivalent weight
bauxite,mine,Brazil,1997,12300000,t,dry equivalent weight
bauxite,mine,Brazil,1998,11700000,t,dry equivalent weight
bauxite,mine,Brazil,1999,12900000,t,dry equivalent weight
bauxite,mine,Brazil,2000,14000000,t,dry equivalent weight
bauxite,mine,Brazil,2001,13900000,t,dry equivalent weight
bauxite,mine,Brazil,2002,13900000,t,dry equivalent weight
bauxite,mine,Brazil,2003,13100000,t,dry equivalent weight
bauxite,mine,Brazil,2004,18500000,t,dry equivalent weight
bauxite,mine,Brazil,2005,19800000,t,dry equivalent weight
bauxite,mine,Brazil,2006,21000000,t,dry equivalent weight
bauxite,mine,Brazil,2007,24800000,t,dry equivalent weight
bauxite,mine,Brazil,2008,22000000,t,dry equivalent weight
bauxite,mine,Brazil,2009,28200000,t,dry equivalent weight
bauxite,mine,Brazil,2010,28100000,t,dry equivalent weight
bauxite,mine,Brazil,2011,31800000,t,dry equivalent weight
bauxite,mine,Brazil,2012,34000000,t,dry equivalent weight
bauxite,mine,Brazil,2013,32500000,t,dry equivalent weight
bauxite,mine,Brazil,2014,34800000,t,dry equivalent weight
bauxite,mine,Brazil,2015,33900000,t,dry equivalent weight
bauxite,mine,Brazil,2016,34400000,t,dry equivalent weight
bauxite,mine,Brazil,2017,38500000,t,dry equivalent weight
bauxite,mine,Brazil,2018,29000000,t,dry equivalent weight
bauxite,mine,Brazil,2019,34000000,t,dry equivalent weight
bauxite,mine,Brazil,2020,31000000,t,dry equivalent weight
bauxite,mine,Brazil,2021,33000000,t,dry equivalent weight
bauxite,mine,Brazil,2022,33000000,t,dry equivalent weight
bauxite,mine,China,1995,5000000,t,dry equivalent weight
bauxite,mine,China,1996,6200000,t,dry equivalent weight
bauxite,mine,China,1997,8000000,t,dry equivalent weight
bauxite,mine,China,1998,8200000,t,dry equivalent weight
bauxite,mine,China,1999,8500000,t,dry equivalent weight
bauxite,mine,China,2000,9000000,t,dry equivalent weight
bauxite,mine,China,2001,9500000,t,dry equivalent weight
bauxite,mine,China,2002,12000000,t,dry equivalent weight
bauxite,mine,China,2003,12500000,t,dry equivalent weight
bauxite,mine,China,2004,15000000,t,dry equivalent weight
bauxite,mine,China,2005,18000000,t,dry equivalent weight
bauxite,mine,China,2006,21000000,t,dry equivalent weight
bauxite,mine,China,2007,30000000,t,dry equivalent weight
bauxite,mine,China,2008,35000000,t,dry equivalent weight
bauxite,mine,China,2009,40000000,t,dry equivalent weight
bauxite,mine,China,2010,44000000,t,dry equivalent weight
bauxite,mine,China,2011,45000000,t,dry equivalent weight
bauxite,mine,China,2012,47000000,t,dry equivalent weight
bauxite,mine,China,2013,46000000,t,dry equivalent weight
bauxite,mine,China,2014,55000000,t,dry equivalent weight
bauxite,mine,China,2015,65000000,t,dry equivalent weight
bauxite,mine,China,2016,65000000,t,dry equivalent weight
bauxite,mine,China,2017,70000000,t,dry equivalent weight
bauxite,mine,China,2018,79000000,t,dry equivalent weight
bauxite,mine,China,2019,70000000,t,dry equivalent weight
bauxite,mine,China,2020,92700000,t,dry equivalent weight
bauxite,mine,China,2021,90000000,t,dry equivalent weight
bauxite,mine,China,2022,90000000,t,dry equivalent weight
bauxite,mine,Greece,1994,1600000,t,dry equivalent weight
bauxite,mine,Greece,2003,2420000,t,dry equivalent weight
bauxite,mine,Greece,2004,2440000,t,dry equivalent weight
bauxite,mine,Greece,2005,2450000,t,dry equivalent weight
bauxite,mine,Greece,2006,2450000,t,dry equivalent weight
bauxite,mine,Greece,2007,2220000,t,dry equivalent weight
bauxite,mine,Greece,2008,2220000,t,dry equivalent weight
bauxite,mine,Greece,2009,2100000,t,dry equivalent weight
bauxite,mine,Greece,2010,2100000,t,dry equivalent weight
bauxite,mine,Greece,2011,2100000,t,dry equivalent weight
bauxite,mine,Greece,2012,2100000,t,dry equivalent weight
bauxite,mine,Greece,2013,2100000,t,dry equivalent weight
bauxite,mine,Greece,2014,1900000,t,dry equivalent weight
bauxite,mine,Greece,2015,1820000,t,dry equivalent weight
bauxite,mine,Greece,2016,1800000,t,dry equivalent weight
bauxite,mine,Guinea,1994,14400000,t,dry equivalent weight
bauxite,mine,Guinea,1995,14400000,t,dry equivalent weight
bauxite,mine,Guinea,1996,14000000,t,dry equivalent weight
bauxite,mine,Guinea,1997,16500000,t,dry equivalent weight
bauxite,mine,Guinea,1998,15000000,t,dry equivalent weight
bauxite,mine,Guinea,1999,15000000,t,dry equivalent weight
bauxite,mine,Guinea,2000,15000000,t,dry equivalent weight
bauxite,mine,Guinea,2001,15700000,t,dry equivalent weight
bauxite,mine,Guinea,2002,15700000,t,dry equivalent weight
bauxite,mine,Guinea,2003,15500000,t,dry equivalent weight
bauxite,mine,Guinea,2004,16000000,t,dry equivalent weight
bauxite,mine,Guinea,2005,15000000,t,dry equivalent weight
bauxite,mine,Guinea,2006,14500000,t,dry equivalent weight
bauxite,mine,Guinea,2007,18000000,t,dry equivalent weight
bauxite,mine,Guinea,2008,18500000,t,dry equivalent weight
bauxite,mine,Guinea,2009,15600000,t,dry equivalent weight
bauxite,mine,Guinea,2010,17400000,t,dry equivalent weight
bauxite,mine,Guinea,2011,17600000,t,dry equivalent weight
bauxite,mine,Guinea,2012,17800000,t,dry equivalent weight
bauxite,mine,Guinea,2013,18800000,t,dry equivalent weight
bauxite,mine,Guinea,2014,17300000,t,dry equivalent weight
bauxite,mine,Guinea,2015,18100000,t,dry equivalent weight
bauxite,mine,Guinea,2016,31500000,t,dry equivalent weight
bauxite,mine,Guinea,2017,46200000,t,dry equivalent weight
bauxite,mine,Guinea,2018,57000000,t,dry equivalent weight
bauxite,mine,Guinea,2019,67000000,t,dry equivalent weight
bauxite,mine,Guinea,2020,86000000,t,dry equivalent weight
bauxite,mine,Guinea,2021,86000000,t,dry equivalent weight
bauxite,mine,Guinea,2022,86000000,t,dry equivalent weight
bauxite,mine,Guyana,1994,2100000,t,dry equivalent weight
bauxite,mine,Guyana,1995,2100000,t,dry equivalent weight
bauxite,mine,Guyana,1996,2000000,t,dry equivalent weight
bauxite,mine,Guyana,1997,2500000,t,dry equivalent weight
bauxite,mine,Guyana,1998,2600000,t,dry equivalent weight
bauxite,mine,Guyana,1999,3300000,t,dry equivalent weight
bauxite,mine,Guyana,2000,2400000,t,dry equivalent weight
bauxite,mine,Guyana,2001,1990000,t,dry equivalent weight
bauxite,mine,Guyana,2002,2000000,t,dry equivalent weight
bauxite,mine,Guyana,2003,1500000,t,dry equivalent weight
bauxite,mine,Guyana,2004,1500000,t,dry equivalent weight
bauxite,mine,Guyana,2005,1500000,t,dry equivalent weight
bauxite,mine,Guyana,2006,1400000,t,dry equivalent weight
bauxite,mine,Guyana,2007,1600000,t,dry equivalent weight
bauxite,mine,Guyana,2008,2100000,t,dry equivalent weight
bauxite,mine,Guyana,2009,1760000,t,dry equivalent weight
bauxite,mine,Guyana,2010,1760000,t,dry equivalent weight
bauxite,mine,Guyana,2011,1820000,t,dry equivalent weight
bauxite,mine,Guyana,2012,2210000,t,dry equivalent weight
bauxite,mine,Guyana,2013,1710000,t,dry equivalent weight
bauxite,mine,Guyana,2014,1600000,t,dry equivalent weight
bauxite,mine,Guyana,2015,1700000,t,dry equivalent weight
bauxite,mine,Guyana,2016,1700000,t,dry equivalent weight
bauxite,mine,Hungary,1994,900000,t,dry equivalent weight
bauxite,mine,India,1994,5400000,t,dry equivalent weight
bauxite,mine,India,1995,4800000,t,dry equivalent weight
bauxite,mine,India,1996,5100000,t,dry equivalent weight
bauxite,mine,India,1997,5800000,t,dry equivalent weight
bauxite,mine,India,1998,5700000,t,dry equivalent weight
bauxite,mine,India,1999,6200000,t,dry equivalent weight
bauxite,mine,India,2000,7370000,t,dry equivalent weight
bauxite,mine,India,2001,8390000,t,dry equivalent weight
bauxite,mine,India,2002,9270000,t,dry equivalent weight
bauxite,mine,India,2003,10000000,t,dry equivalent weight
bauxite,mine,India,2004,11300000,t,dry equivalent weight
bauxite,mine,India,2005,12000000,t,dry equivalent weight
bauxite,mine,India,2006,12700000,t,dry equivalent weight
bauxite,mine,India,2007,19200000,t,dry equivalent weight
bauxite,mine,India,2008,21200000,t,dry equivalent weight
bauxite,mine,India,2009,16000000,t,dry equivalent weight
bauxite,mine,India,2010,18000000,t,dry equivalent weight
bauxite,mine,India,2011,19000000,t,dry equivalent weight
bauxite,mine,India,2012,19000000,t,dry equivalent weight
bauxite,mine,India,2013,15400000,t,dry equivalent weight
bauxite,mine,India,2014,16500000,t,dry equivalent weight
bauxite,mine,India,2015,23800000,t,dry equivalent weight
bauxite,mine,India,2016,23900000,t,dry equivalent weight
bauxite,mine,India,2017,22900000,t,dry equivalent weight
bauxite,mine,India,2018,23000000,t,dry equivalent weight
bauxite,mine,India,2019,23000000,t,dry equivalent weight
bauxite,mine,India,2020,20200000,t,dry equivalent weight
bauxite,mine,India,2021,17400000,t,dry equivalent weight
bauxite,mine,India,2022,17000000,t,dry equivalent weight
bauxite,mine,Indonesia,2011,37100000,t,dry equivalent weight
bauxite,mine,Indonesia,2012,29000000,t,dry equivalent weight
bauxite,mine,Indonesia,2013,55700000,t,dry equivalent weight
bauxite,mine,Indonesia,2014,2550000,t,dry equivalent weight
bauxite,mine,Indonesia,2015,202000,t,dry equivalent weight
bauxite,mine,Indonesia,2016,1400000,t,dry equivalent weight
bauxite,mine,Indonesia,2017,2900000,t,dry equivalent weight
bauxite,mine,Indonesia,2018,11000000,t,dry equivalent weight
bauxite,mine,Indonesia,2019,17000000,t,dry equivalent weight
bauxite,mine,Indonesia,2020,20800000,t,dry equivalent weight
bauxite,mine,Indonesia,2021,21000000,t,dry equivalent weight
bauxite,mine,Indonesia,2022,21000000,t,dry equivalent weight
bauxite,mine,Jamaica,1994,11700000,t,dry equivalent weight
bauxite,mine,Jamaica,1995,10857000,t,dry equivalent weight
bauxite,mine,Jamaica,1996,11829000,t,dry equivalent weight
bauxite,mine,Jamaica,1997,11900000,t,dry equivalent weight
bauxite,mine,Jamaica,1998,12600000,t,dry equivalent weight
bauxite,mine,Jamaica,1999,11700000,t,dry equivalent weight
bauxite,mine,Jamaica,2000,11100000,t,dry equivalent weight
bauxite,mine,Jamaica,2001,12400000,t,dry equivalent weight
bauxite,mine,Jamaica,2002,13100000,t,dry equivalent weight
bauxite,mine,Jamaica,2003,13400000,t,dry equivalent weight
bauxite,mine,Jamaica,2004,13300000,t,dry equivalent weight
bauxite,mine,Jamaica,2005,14100000,t,dry equivalent weight
bauxite,mine,Jamaica,2006,14900000,t,dry equivalent weight
bauxite,mine,Jamaica,2007,14600000,t,dry equivalent weight
bauxite,mine,Jamaica,2008,14000000,t,dry equivalent weight
bauxite,mine,Jamaica,2009,7820000,t,dry equivalent weight
bauxite,mine,Jamaica,2010,8540000,t,dry equivalent weight
bauxite,mine,Jamaica,2011,10200000,t,dry equivalent weight
bauxite,mine,Jamaica,2012,9340000,t,dry equivalent weight
bauxite,mine,Jamaica,2013,9440000,t,dry equivalent weight
bauxite,mine,Jamaica,2014,9680000,t,dry equivalent weight
bauxite,mine,Jamaica,2015,9630000,t,dry equivalent weight
bauxite,mine,Jamaica,2016,8540000,t,dry equivalent weight
bauxite,mine,Jamaica,2017,8250000,t,dry equivalent weight
bauxite,mine,Jamaica,2018,10100000,t,dry equivalent weight
bauxite,mine,Jamaica,2019,9020000,t,dry equivalent weight
bauxite,mine,Jamaica,2020,7550000,t,dry equivalent weight
bauxite,mine,Jamaica,2021,5950000,t,dry equivalent weight
bauxite,mine,Jamaica,2022,3900000,t,dry equivalent weight
bauxite,mine,Kazakhstan,2004,4700000,t,dry equivalent weight
bauxite,mine,Kazakhstan,2005,4800000,t,dry equivalent weight
bauxite,mine,Kazakhstan,2006,4800000,t,dry equivalent weight
bauxite,mine,Kazakhstan,2007,4800000,t,dry equivalent weight
bauxite,mine,Kazakhstan,2008,4900000,t,dry equivalent weight
bauxite,mine,Kazakhstan,2009,5130000,t,dry equivalent weight
bauxite,mine,Kazakhstan,2010,5310000,t,dry equivalent weight
bauxite,mine,Kazakhstan,2011,5500000,t,dry equivalent weight
bauxite,mine,Kazakhstan,2012,5170000,t,dry equivalent weight
bauxite,mine,Kazakhstan,2013,5400000,t,dry equivalent weight
bauxite,mine,Kazakhstan,2014,5200000,t,dry equivalent weight
bauxite,mine,Kazakhstan,2015,4680000,t,dry equivalent weight
bauxite,mine,Kazakhstan,2016,5000000,t,dry equivalent weight
bauxite,mine,Kazakhstan,2019,5800000,t,dry equivalent weight
bauxite,mine,Kazakhstan,2020,5000000,t,dry equivalent weight
bauxite,mine,Kazakhstan,2021,4370000,t,dry equivalent weight
bauxite,mine,Kazakhstan,2022,4400000,t,dry equivalent weight
bauxite,mine,Malaysia,2014,3260000,t,dry equivalent weight
bauxite,mine,Malaysia,2015,35000000,t,dry equivalent weight
bauxite,mine,Malaysia,2016,1000000,t,dry equivalent weight
bauxite,mine,Malaysia,2017,2000000,t,dry equivalent weight
bauxite,mine,Malaysia,2018,500000,t,dry equivalent weight
bauxite,mine,Malaysia,2019,900000,t,dry equivalent weight
bauxite,mine,Other countries,1994,12700000,t,dry equivalent weight
bauxite,mine,Other countries,1995,9009000,t,dry equivalent weight
bauxite,mine,Other countries,1996,8928000,t,dry equivalent weight
bauxite,mine,Other countries,1997,9290000,t,dry equivalent weight
bauxite,mine,Other countries,1998,8950000,t,dry equivalent weight
bauxite,mine,Other countries,1999,9200000,t,dry equivalent weight
bauxite,mine,Other countries,2000,10800000,t,dry equivalent weight
bauxite,mine,Other countries,2001,9810000,t,dry equivalent weight
bauxite,mine,Other countries,2002,11200000,t,dry equivalent weight
bauxite,mine,Other countries,2003,8500000,t,dry equivalent weight
bauxite,mine,Other countries,2004,4070000,t,dry equivalent weight
bauxite,mine,Other countries,2005,4620000,t,dry equivalent weight
bauxite,mine,Other countries,2006,5460000,t,dry equivalent weight
bauxite,mine,Other countries,2007,7150000,t,dry equivalent weight
bauxite,mine,Other countries,2008,6550000,t,dry equivalent weight
bauxite,mine,Other countries,2009,4740000,t,dry equivalent weight
bauxite,mine,Other countries,2010,2630000,t,dry equivalent weight
bauxite,mine,Other countries,2011,2850000,t,dry equivalent weight
bauxite,mine,Other countries,2012,5020000,t,dry equivalent weight
bauxite,mine,Other countries,2013,4570000,t,dry equivalent weight
bauxite,mine,Other countries,2014,7200000,t,dry equivalent weight
bauxite,mine,Other countries,2015,7580000,t,dry equivalent weight
bauxite,mine,Other countries,2016,7820000,t,dry equivalent weight
bauxite,mine,Other countries,2017,22500000,t,dry equivalent weight
bauxite,mine,Other countries,2018,17000000,t,dry equivalent weight
bauxite,mine,Other countries,2019,12000000,t,dry equivalent weight
bauxite,mine,Other countries,2020,10500000,t,dry equivalent weight
bauxite,mine,Other countries,2021,9330000,t,dry equivalent weight
bauxite,mine,Other countries,2022,8900000,t,dry equivalent weight
bauxite,mine,Russia,1995,3100000,t,dry equivalent weight
bauxite,mine,Russia,1996,3300000,t,dry equivalent weight
bauxite,mine,Russia,1997,3350000,t,dry equivalent weight
bauxite,mine,Russia,1998,3450000,t,dry equivalent weight
bauxite,mine,Russia,1999,3750000,t,dry equivalent weight
bauxite,mine,Russia,2000,4200000,t,dry equivalent weight
bauxite,mine,Russia,2001,4000000,t,dry equivalent weight
bauxite,mine,Russia,2002,3800000,t,dry equivalent weight
bauxite,mine,Russia,2003,4000000,t,dry equivalent weight
bauxite,mine,Russia,2004,6000000,t,dry equivalent weight
bauxite,mine,Russia,2005,6400000,t,dry equivalent weight
bauxite,mine,Russia,2006,6600000,t,dry equivalent weight
bauxite,mine,Russia,2007,6400000,t,dry equivalent weight
bauxite,mine,Russia,2008,6300000,t,dry equivalent weight
bauxite,mine,Russia,2009,5780000,t,dry equivalent weight
bauxite,mine,Russia,2010,5480000,t,dry equivalent weight
bauxite,mine,Russia,2011,5890000,t,dry equivalent weight
bauxite,mine,Russia,2012,5720000,t,dry equivalent weight
bauxite,mine,Russia,2013,5320000,t,dry equivalent weight
bauxite,mine,Russia,2014,5590000,t,dry equivalent weight
bauxite,mine,Russia,2015,5900000,t,dry equivalent weight
bauxite,mine,Russia,2016,5430000,t,dry equivalent weight
bauxite,mine,Russia,2017,5520000,t,dry equivalent weight
bauxite,mine,Russia,2018,5650000,t,dry equivalent weight
bauxite,mine,Russia,2019,5570000,t,dry equivalent weight
bauxite,mine,Russia,2020,5570000,t,dry equivalent weight
bauxite,mine,Russia,2021,5680000,t,dry equivalent weight
bauxite,mine,Russia,2022,5000000,t,dry equivalent weight
bauxite,mine,Saudi Arabia,2015,1600000,t,dry equivalent weight
bauxite,mine,Saudi Arabia,2016,3840000,t,dry equivalent weight
bauxite,mine,Saudi Arabia,2018,3890000,t,dry equivalent weight
bauxite,mine,Saudi Arabia,2019,4050000,t,dry equivalent weight
bauxite,mine,Saudi Arabia,2020,4310000,t,dry equivalent weight
bauxite,mine,Saudi Arabia,2021,4780000,t,dry equivalent weight
bauxite,mine,Saudi Arabia,2022,4800000,t,dry equivalent weight
bauxite,mine,Sierra Leone,2010,1090000,t,dry equivalent weight
bauxite,mine,Sierra Leone,2011,1460000,t,dry equivalent weight
bauxite,mine,Suriname,1994,3440000,t,dry equivalent weight
bauxite,mine,Suriname,1995,3300000,t,dry equivalent weight
bauxite,mine,Suriname,1996,4000000,t,dry equivalent weight
bauxite,mine,Suriname,1997,4000000,t,dry equivalent weight
bauxite,mine,Suriname,1998,4000000,t,dry equivalent weight
bauxite,mine,Suriname,1999,4000000,t,dry equivalent weight
bauxite,mine,Suriname,2000,3610000,t,dry equivalent weight
bauxite,mine,Suriname,2001,4510000,t,dry equivalent weight
bauxite,mine,Suriname,2002,4500000,t,dry equivalent weight
bauxite,mine,Suriname,2003,4220000,t,dry equivalent weight
bauxite,mine,Suriname,2004,4050000,t,dry equivalent weight
bauxite,mine,Suriname,2005,4580000,t,dry equivalent weight
bauxite,mine,Suriname,2006,4920000,t,dry equivalent weight
bauxite,mine,Suriname,2007,4900000,t,dry equivalent weight
bauxite,mine,Suriname,2008,5200000,t,dry equivalent weight
bauxite,mine,Suriname,2009,4000000,t,dry equivalent weight
bauxite,mine,Suriname,2010,4000000,t,dry equivalent weight
bauxite,mine,Suriname,2011,4000000,t,dry equivalent weight
bauxite,mine,Suriname,2012,3400000,t,dry equivalent weight
bauxite,mine,Suriname,2013,2700000,t,dry equivalent weight
bauxite,mine,Suriname,2014,3000000,t,dry equivalent weight
bauxite,mine,Suriname,2015,1600000,t,dry equivalent weight
bauxite,mine,Venezuela,1994,4790000,t,dry equivalent weight
bauxite,mine,Venezuela,1995,5184000,t,dry equivalent weight
bauxite,mine,Venezuela,1996,5600000,t,dry equivalent weight
bauxite,mine,Venezuela,1997,5080000,t,dry equivalent weight
bauxite,mine,Venezuela,1998,5100000,t,dry equivalent weight
bauxite,mine,Venezuela,1999,4190000,t,dry equivalent weight
bauxite,mine,Venezuela,2000,4200000,t,dry equivalent weight
bauxite,mine,Venezuela,2001,4400000,t,dry equivalent weight
bauxite,mine,Venezuela,2002,5000000,t,dry equivalent weight
bauxite,mine,Venezuela,2003,5200000,t,dry equivalent weight
bauxite,mine,Venezuela,2004,5500000,t,dry equivalent weight
bauxite,mine,Venezuela,2005,5900000,t,dry equivalent weight
bauxite,mine,Venezuela,2006,5500000,t,dry equivalent weight
bauxite,mine,Venezuela,2007,5900000,t,dry equivalent weight
bauxite,mine,Venezuela,2008,5500000,t,dry equivalent weight
bauxite,mine,Venezuela,2009,2500000,t,dry equivalent weight
bauxite,mine,Venezuela,2010,2500000,t,dry equivalent weight
bauxite,mine,Venezuela,2011,4500000,t,dry equivalent weight
bauxite,mine,Venezuela,2012,2000000,t,dry equivalent weight
bauxite,mine,Venezuela,2013,2160000,t,dry equivalent weight
bauxite,mine,Venezuela,2014,1500000,t,dry equivalent weight
bauxite,mine,Vietnam,2007,30000,t,dry equivalent weight
bauxite,mine,Vietnam,2008,30000,t,dry equivalent weight
bauxite,mine,Vietnam,2009,30000,t,dry equivalent weight
bauxite,mine,Vietnam,2010,80000,t,dry equivalent weight
bauxite,mine,Vietnam,2011,600000,t,dry equivalent weight
bauxite,mine,Vietnam,2012,100000,t,dry equivalent weight
bauxite,mine,Vietnam,2013,250000,t,dry equivalent weight
bauxite,mine,Vietnam,2014,1090000,t,dry equivalent weight
bauxite,mine,Vietnam,2015,1150000,t,dry equivalent weight
bauxite,mine,Vietnam,2016,1200000,t,dry equivalent weight
bauxite,mine,Vietnam,2017,2400000,t,dry equivalent weight
bauxite,mine,Vietnam,2018,4100000,t,dry equivalent weight
bauxite,mine,Vietnam,2019,4000000,t,dry equivalent weight
bauxite,mine,Vietnam,2020,3500000,t,dry equivalent weight
bauxite,mine,Vietnam,2021,3830000,t,dry equivalent weight
bauxite,mine,Vietnam,2022,3800000,t,dry equivalent weight
bauxite,mine,World,1994,107000000,t,dry equivalent weight
bauxite,mine,World,1995,109000000,t,dry equivalent weight
bauxite,mine,World,1996,114000000,t,dry equivalent weight
bauxite,mine,World,1997,123000000,t,dry equivalent weight
bauxite,mine,World,1998,122000000,t,dry equivalent weight
bauxite,mine,World,1999,127000000,t,dry equivalent weight
bauxite,mine,World,2000,135000000,t,dry equivalent weight
bauxite,mine,World,2001,138000000,t,dry equivalent weight
bauxite,mine,World,2002,144000000,t,dry equivalent weight
bauxite,mine,World,2003,146000000,t,dry equivalent weight
bauxite,mine,World,2004,159000000,t,dry equivalent weight
bauxite,mine,World,2005,169000000,t,dry equivalent weight
bauxite,mine,World,2006,178000000,t,dry equivalent weight
bauxite,mine,World,2007,202000000,t,dry equivalent weight
bauxite,mine,World,2008,205000000,t,dry equivalent weight
bauxite,mine,World,2009,199000000,t,dry equivalent weight
bauxite,mine,World,2010,209000000,t,dry equivalent weight
bauxite,mine,World,2011,259000000,t,dry equivalent weight
bauxite,mine,World,2012,258000000,t,dry equivalent weight
bauxite,mine,World,2013,283000000,t,dry equivalent weight
bauxite,mine,World,2014,245000000,t,dry equivalent weight
bauxite,mine,World,2015,293000000,t,dry equivalent weight
bauxite,mine,World,2016,275000000,t,dry equivalent weight
bauxite,mine,World,2017,309000000,t,dry equivalent weight
bauxite,mine,World,2018,327000000,t,dry equivalent weight
bauxite,mine,World,2019,358000000,t,dry equivalent weight
bauxite,mine,World,2020,391000000,t,dry equivalent weight
bauxite,mine,World,2021,384000000,t,dry equivalent weight
bauxite,mine,World,2022,380000000,t,dry equivalent weight
alumina,refinery,Australia,2014,20500000,t,calcined equivalent weight
alumina,refinery,Australia,2015,20100000,t,calcined equivalent weight
alumina,refinery,Australia,2016,20900000,t,calcined equivalent weight
alumina,refinery,Australia,2017,20500000,t,calcined equivalent weight
alumina,refinery,Australia,2018,20400000,t,calcined equivalent weight
alumina,refinery,Australia,2019,20200000,t,calcined equivalent weight
alumina,refinery,Australia,2020,20800000,t,calcined equivalent weight
alumina,refinery,Australia,2021,20400000,t,calcined equivalent weight
alumina,refinery,Australia,2022,20000000,t,calcined equivalent weight
alumina,refinery,Brazil,2014,10600000,t,calcined equivalent weight
alumina,refinery,Brazil,2015,10500000,t,calcined equivalent weight
alumina,refinery,Brazil,2016,10900000,t,calcined equivalent weight
alumina,refinery,Brazil,2017,10900000,t,calcined equivalent weight
alumina,refinery,Brazil,2018,8100000,t,calcined equivalent weight
alumina,refinery,Brazil,2019,8700000,t,calcined equivalent weight
alumina,refinery,Brazil,2020,10300000,t,calcined equivalent weight
alumina,refinery,Brazil,2021,12000000,t,calcined equivalent weight
alumina,refinery,Brazil,2022,11000000,t,calcined equivalent weight
alumina,refinery,Canada,2015,1570000,t,calcined equivalent weight
alumina,refinery,Canada,2016,1570000,t,calcined equivalent weight
alumina,refinery,Canada,2017,1570000,t,calcined equivalent weight
alumina,refinery,Canada,2018,1570000,t,calcined equivalent weight
alumina,refinery,Canada,2019,1520000,t,calcined equivalent weight
alumina,refinery,Canada,2020,1520000,t,calcined equivalent weight
alumina,refinery,Canada,2021,1360000,t,calcined equivalent weight
alumina,refinery,Canada,2022,1300000,t,calcined equivalent weight
alumina,refinery,China,2014,47800000,t,calcined equivalent weight
alumina,refinery,China,2015,59000000,t,calcined equivalent weight
alumina,refinery,China,2016,60900000,t,calcined equivalent weight
alumina,refinery,China,2017,69000000,t,calcined equivalent weight
alumina,refinery,China,2018,72500000,t,calcined equivalent weight
alumina,refinery,China,2019,72500000,t,calcined equivalent weight
alumina,refinery,China,2020,73100000,t,calcined equivalent weight
alumina,refinery,China,2021,75200000,t,calcined equivalent weight
alumina,refinery,China,2022,76000000,t,calcined equivalent weight
alumina,refinery,Germany,2016,1900000,t,calcined equivalent weight
alumina,refinery,Germany,2020,1900000,t,calcined equivalent weight
alumina,refinery,Germany,2021,900000,t,calcined equivalent weight
alumina,refinery,Germany,2022,750000,t,calcined equivalent weight
alumina,refinery,Greece,2014,800000,t,calcined equivalent weight
alumina,refinery,Greece,2015,807000,t,calcined equivalent weight
alumina,refinery,Greece,2016,821000,t,calcined equivalent weight
alumina,refinery,Guinea,2018,180000,t,calcined equivalent weight
alumina,refinery,Guinea,2019,368000,t,calcined equivalent weight
alumina,refinery,Guinea,2020,439000,t,calcined equivalent weight
alumina,refinery,Guinea,2021,414000,t,calcined equivalent weight
alumina,refinery,Guinea,2022,440000,t,calcined equivalent weight
alumina,refinery,India,2014,5060000,t,calcined equivalent weight
alumina,refinery,India,2015,5510000,t,calcined equivalent weight
alumina,refinery,India,2016,6030000,t,calcined equivalent weight
alumina,refinery,India,2017,6060000,t,calcined equivalent weight
alumina,refinery,India,2018,6430000,t,calcined equivalent weight
alumina,refinery,India,2019,6690000,t,calcined equivalent weight
alumina,refinery,India,2020,6560000,t,calcined equivalent weight
alumina,refinery,India,2021,7000000,t,calcined equivalent weight
alumina,refinery,India,2022,7400000,t,calcined equivalent weight
alumina,refinery,Indonesia,2014,240000,t,calcined equivalent weight
alumina,refinery,Indonesia,2015,70000,t,calcined equivalent weight
alumina,refinery,Indonesia,2016,600000,t,calcined equivalent weight
alumina,refinery,Indonesia,2017,1300000,t,calcined equivalent weight
alumina,refinery,Indonesia,2018,1000000,t,calcined equivalent weight
alumina,refinery,Indonesia,2019,1000000,t,calcined equivalent weight
alumina,refinery,Indonesia,2020,1200000,t,calcined equivalent weight
alumina,refinery,Indonesia,2021,1000000,t,calcined equivalent weight
alumina,refinery,Indonesia,2022,1100000,t,calcined equivalent weight
alumina,refinery,Ireland,2015,1980000,t,calcined equivalent weight
alumina,refinery,Ireland,2016,1970000,t,calcined equivalent weight
alumina,refinery,Ireland,2020,1880000,t,calcined equivalent weight
alumina,refinery,Ireland,2021,1880000,t,calcined equivalent weight
alumina,refinery,Ireland,2022,1800000,t,calcined equivalent weight
alumina,refinery,Jamaica,2014,1850000,t,calcined equivalent weight
alumina,refinery,Jamaica,2015,1870000,t,calcined equivalent weight
alumina,refinery,Jamaica,2016,1870000,t,calcined equivalent weight
alumina,refinery,Jamaica,2017,1780000,t,calcined equivalent weight
alumina,refinery,Jamaica,2018,2480000,t,calcined equivalent weight
alumina,refinery,Jamaica,2019,2170000,t,calcined equivalent weight
alumina,refinery,Jamaica,2020,1620000,t,calcined equivalent weight
alumina,refinery,Jamaica,2021,1160000,t,calcined equivalent weight
alumina,refinery,Jamaica,2022,480000,t,calcined equivalent weight
alumina,refinery,Kazakhstan,2014,1600000,t,calcined equivalent weight
alumina,refinery,Kazakhstan,2015,1450000,t,calcined equivalent weight
alumina,refinery,Kazakhstan,2016,1500000,t,calcined equivalent weight
alumina,refinery,Kazakhstan,2019,1500000,t,calcined equivalent weight
alumina,refinery,Kazakhstan,2020,1400000,t,calcined equivalent weight
alumina,refinery,Kazakhstan,2021,1400000,t,calcined equivalent weight
alumina,refinery,Kazakhstan,2022,1400000,t,calcined equivalent weight
alumina,refinery,Other countries,2014,10600000,t,calcined equivalent weight
alumina,refinery,Other countries,2015,5290000,t,calcined equivalent weight
alumina,refinery,Other countries,2016,2160000,t,calcined equivalent weight
alumina,refinery,Other countries,2017,12700000,t,calcined equivalent weight
alumina,refinery,Other countries,2018,11400000,t,calcined equivalent weight
alumina,refinery,Other countries,2019,10900000,t,calcined equivalent weight
alumina,refinery,Other countries,2020,2700000,t,calcined equivalent weight
alumina,refinery,Other countries,2021,2620000,t,calcined equivalent weight
alumina,refinery,Other countries,2022,2200000,t,calcined equivalent weight
alumina,refinery,Russia,2014,2570000,t,calcined equivalent weight
alumina,refinery,Russia,2015,2590000,t,calcined equivalent weight
alumina,refinery,Russia,2016,2680000,t,calcined equivalent weight
alumina,refinery,Russia,2017,2820000,t,calcined equivalent weight
alumina,refinery,Russia,2018,2760000,t,calcined equivalent weight
alumina,refinery,Russia,2019,2760000,t,calcined equivalent weight
alumina,refinery,Russia,2020,2870000,t,calcined equivalent weight
alumina,refinery,Russia,2021,3050000,t,calcined equivalent weight
alumina,refinery,Russia,2022,3100000,t,calcined equivalent weight
alumina,refinery,Saudi Arabia,2015,846000,t,calcined equivalent weight
alumina,refinery,Saudi Arabia,2016,1430000,t,calcined equivalent weight
alumina,refinery,Saudi Arabia,2018,1770000,t,calcined equivalent weight
alumina,refinery,Saudi Arabia,2019,1840000,t,calcined equivalent weight
alumina,refinery,Saudi Arabia,2020,1810000,t,calcined equivalent weight
alumina,refinery,Saudi Arabia,2021,1920000,t,calcined equivalent weight
alumina,refinery,Saudi Arabia,2022,2000000,t,calcined equivalent weight
alumina,refinery,Spain,2015,1630000,t,calcined equivalent weight
alumina,refinery,Spain,2016,1580000,t,calcined equivalent weight
alumina,refinery,Spain,2020,1550000,t,calcined equivalent weight
alumina,refinery,Spain,2021,1540000,t,calcined equivalent weight
alumina,refinery,Spain,2022,1700000,t,calcined equivalent weight
alumina,refinery,Suriname,2014,1300000,t,calcined equivalent weight
alumina,refinery,Suriname,2015,748000,t,calcined equivalent weight
alumina,refinery,Ukraine,2016,1510000,t,calcined equivalent weight
alumina,refinery,Ukraine,2020,1730000,t,calcined equivalent weight
alumina,refinery,Ukraine,2021,1770000,t,calcined equivalent weight
alumina,refinery,Ukraine,2022,740000,t,calcined equivalent weight
alumina,refinery,United Arab Emirates,2020,1920000,t,calcined equivalent weight
alumina,refinery,United Arab Emirates,2021,2300000,t,calcined equivalent weight
alumina,refinery,United Arab Emirates,2022,2300000,t,calcined equivalent weight
alumina,refinery,United States,2014,4390000,t,calcined equivalent weight
alumina,refinery,United States,2015,4540000,t,calcined equivalent weight
alumina,refinery,United States,2016,2360000,t,calcined equivalent weight
alumina,refinery,United States,2017,1430000,t,calcined equivalent weight
alumina,refinery,United States,2018,1570000,t,calcined equivalent weight
alumina,refinery,United States,2019,1410000,t,calcined equivalent weight
alumina,refinery,United States,2020,1340000,t,calcined equivalent weight
alumina,refinery,United States,2021,1180000,t,calcined equivalent weight
alumina,refinery,United States,2022,1200000,t,calcined equivalent weight
alumina,refinery,Venezuela,2014,650000,t,calcined equivalent weight
alumina,refinery,Vietnam,2014,485000,t,calcined equivalent weight
alumina,refinery,Vietnam,2015,484000,t,calcined equivalent weight
alumina,refinery,Vietnam,2016,600000,t,calcined equivalent weight
alumina,refinery,Vietnam,2017,900000,t,calcined equivalent weight
alumina,refinery,Vietnam,2018,1310000,t,calcined equivalent weight
alumina,refinery,Vietnam,2019,1370000,t,calcined equivalent weight
alumina,refinery,Vietnam,2020,1400000,t,calcined equivalent weight
alumina,refinery,Vietnam,2021,1456000,t,calcined equivalent weight
alumina,refinery,Vietnam,2022,1500000,t,calcined equivalent weight
alumina,refinery,World,2014,108000000,t,calcined equivalent weight
alumina,refinery,World,2015,119000000,t,calcined equivalent weight
alumina,refinery,World,2016,121000000,t,calcined equivalent weight
alumina,refinery,World,2017,129000000,t,calcined equivalent weight
alumina,refinery,World,2018,131000000,t,calcined equivalent weight
alumina,refinery,World,2019,133000000,t,calcined equivalent weight
alumina,refinery,World,2020,136000000,t,calcined equivalent weight
alumina,refinery,World,2021,139000000,t,calcined equivalent weight
alumina,refinery,World,2022,140000000,t,calcined equivalent weight
bentonite,mine,Brazil,2002,175000,t,
bentonite,mine,Brazil,2003,175000,t,
bentonite,mine,Brazil,2004,200000,t,
bentonite,mine,Brazil,2005,227000,t,
bentonite,mine,Brazil,2006,221000,t,
bentonite,mine,Brazil,2007,240000,t,
bentonite,mine,Brazil,2008,32000,t,
bentonite,mine,Brazil,2009,239000,t,
bentonite,mine,Brazil,2010,265000,t,
bentonite,mine,Brazil,2011,532000,t,
bentonite,mine,Brazil,2012,567000,t,
bentonite,mine,Brazil,2013,513000,t,
bentonite,mine,Brazil,2014,440000,t,
bentonite,mine,Brazil,2015,405000,t,
bentonite,mine,Brazil,2016,405000,t,
bentonite,mine,Brazil,2017,405000,t,
bentonite,mine,Brazil,2018,520000,t,
bentonite,mine,Brazil,2019,610000,t,
bentonite,mine,Brazil,2020,217000,t,
bentonite,mine,Brazil,2021,220000,t,
bentonite,mine,Brazil,2022,220000,t,
bentonite,mine,China,2014,3500000,t,
bentonite,mine,China,2015,3650000,t,
bentonite,mine,China,2016,5600000,t,
bentonite,mine,China,2017,5600000,t,
bentonite,mine,China,2018,5600000,t,
bentonite,mine,China,2019,2000000,t,
bentonite,mine,China,2020,2500000,t,
bentonite,mine,China,2021,2100000,t,
bentonite,mine,China,2022,2100000,t,
bentonite,mine,Commonwealth of Independent States,2002,750000,t,
bentonite,mine,Commonwealth of Independent States,2003,750000,t,
bentonite,mine,Commonwealth of Independent States,2004,750000,t,
bentonite,mine,Commonwealth of Independent States,2005,750000,t,
bentonite,mine,Commonwealth of Independent States,2006,750000,t,
bentonite,mine,Commonwealth of Independent States,2007,750000,t,
bentonite,mine,Czech Republic,2001,250000,t,
bentonite,mine,Czech Republic,2002,174000,t,
bentonite,mine,Czech Republic,2003,175000,t,
bentonite,mine,Czech Republic,2004,175000,t,
bentonite,mine,Czech Republic,2005,200000,t,
bentonite,mine,Czech Republic,2006,220000,t,
bentonite,mine,Czech Republic,2007,220000,t,
bentonite,mine,Czech Republic,2008,174000,t,
bentonite,mine,Czech Republic,2009,116000,t,
bentonite,mine,Czech Republic,2010,183000,t,
bentonite,mine,Czech Republic,2011,160000,t,
bentonite,mine,Czech Republic,2012,221000,t,
bentonite,mine,Czech Republic,2013,226000,t,
bentonite,mine,Czech Republic,2014,230000,t,
bentonite,mine,Czech Republic,2015,369000,t,
bentonite,mine,Czechia,2016,369000,t,
bentonite,mine,Czechia,2017,369000,t,
bentonite,mine,Czechia,2018,277000,t,
bentonite,mine,Czechia,2019,357000,t,
bentonite,mine,Czechia,2020,226000,t,
bentonite,mine,Czechia,2021,230000,t,
bentonite,mine,Czechia,2022,230000,t,
bentonite,mine,Denmark,2021,1000000,t,
bentonite,mine,Denmark,2022,1000000,t,
bentonite,mine,Former Soviet Union,2001,750000,t,
bentonite,mine,Germany,2001,500000,t,
bentonite,mine,Germany,2002,500000,t,
bentonite,mine,Germany,2003,500000,t,
bentonite,mine,Germany,2004,405000,t,
bentonite,mine,Germany,2005,410000,t,
bentonite,mine,Germany,2006,350000,t,
bentonite,mine,Germany,2007,365000,t,
bentonite,mine,Germany,2008,414000,t,
bentonite,mine,Germany,2009,350000,t,
bentonite,mine,Germany,2010,350000,t,
bentonite,mine,Germany,2011,350000,t,
bentonite,mine,Germany,2012,375000,t,
bentonite,mine,Germany,2013,375000,t,
bentonite,mine,Germany,2014,360000,t,
bentonite,mine,Germany,2015,395000,t,
bentonite,mine,Germany,2016,395000,t,
bentonite,mine,Germany,2017,395000,t,
bentonite,mine,Germany,2018,395000,t,
bentonite,mine,Germany,2019,395000,t,
bentonite,mine,Germany,2020,360000,t,
bentonite,mine,Greece,2001,1150000,t,
bentonite,mine,Greece,2002,1150000,t,
bentonite,mine,Greece,2003,950000,t,
bentonite,mine,Greece,2004,950000,t,
bentonite,mine,Greece,2005,950000,t,
bentonite,mine,Greece,2006,950000,t,
bentonite,mine,Greece,2007,950000,t,
bentonite,mine,Greece,2008,950000,t,
bentonite,mine,Greece,2009,845000,t,
bentonite,mine,Greece,2010,850000,t,
bentonite,mine,Greece,2011,850000,t,
bentonite,mine,Greece,2012,800000,t,
bentonite,mine,Greece,2013,1000000,t,
bentonite,mine,Greece,2014,1010000,t,
bentonite,mine,Greece,2015,1010000,t,
bentonite,mine,Greece,2016,808000,t,
bentonite,mine,Greece,2017,1100000,t,
bentonite,mine,Greece,2018,1360000,t,
bentonite,mine,Greece,2019,1300000,t,
bentonite,mine,Greece,2020,1300000,t,
bentonite,mine,Greece,2021,1300000,t,
bentonite,mine,Greece,2022,1300000,t,
bentonite,mine,India,2014,1080000,t,
bentonite,mine,India,2015,1100000,t,
bentonite,mine,India,2016,802000,t,
bentonite,mine,India,2017,800000,t,
bentonite,mine,India,2018,800000,t,
bentonite,mine,India,2019,1700000,t,
bentonite,mine,India,2020,3500000,t,
bentonite,mine,India,2021,3000000,t,
bentonite,mine,India,2022,3000000,t,
bentonite,mine,Iran,2014,430000,t,
bentonite,mine,Iran,2015,420000,t,
bentonite,mine,Iran,2016,436000,t,
bentonite,mine,Iran,2017,436000,t,
bentonite,mine,Iran,2018,360000,t,
bentonite,mine,Iran,2019,360000,t,
bentonite,mine,Iran,2020,425000,t,
bentonite,mine,Iran,2021,700000,t,
bentonite,mine,Iran,2022,700000,t,
bentonite,mine,Italy,2002,500000,t,
bentonite,mine,Italy,2003,500000,t,
bentonite,mine,Italy,2004,500000,t,
bentonite,mine,Italy,2005,500000,t,
bentonite,mine,Italy,2006,470000,t,
bentonite,mine,Italy,2007,600000,t,
bentonite,mine,Italy,2008,599000,t,
bentonite,mine,Italy,2009,146000,t,
bentonite,mine,Italy,2010,111000,t,
bentonite,mine,Italy,2011,110000,t,
bentonite,mine,Italy,2012,110000,t,
bentonite,mine,Italy,2013,110000,t,
bentonite,mine,Mexico,2002,400000,t,
bentonite,mine,Mexico,2003,425000,t,
bentonite,mine,Mexico,2004,470000,t,
bentonite,mine,Mexico,2005,426000,t,
bentonite,mine,Mexico,2006,450000,t,
bentonite,mine,Mexico,2007,435000,t,
bentonite,mine,Mexico,2008,375000,t,
bentonite,mine,Mexico,2009,511000,t,
bentonite,mine,Mexico,2010,591000,t,
bentonite,mine,Mexico,2011,54000,t,
bentonite,mine,Mexico,2012,54000,t,
bentonite,mine,Mexico,2013,618000,t,
bentonite,mine,Mexico,2014,600000,t,
bentonite,mine,Mexico,2015,470000,t,
bentonite,mine,Mexico,2016,470000,t,
bentonite,mine,Mexico,2017,470000,t,
bentonite,mine,Mexico,2018,470000,t,
bentonite,mine,Mexico,2019,250000,t,
bentonite,mine,Mexico,2020,25000,t,
bentonite,mine,Mexico,2021,79000,t,
bentonite,mine,Mexico,2022,79000,t,
bentonite,mine,Other countries,2001,3560000,t,
bentonite,mine,Other countries,2002,1820000,t,
bentonite,mine,Other countries,2003,2220000,t,
bentonite,mine,Other countries,2004,1990000,t,
bentonite,mine,Other countries,2005,2450000,t,
bentonite,mine,Other countries,2006,2290000,t,
bentonite,mine,Other countries,2007,2490000,t,
bentonite,mine,Other countries,2008,2900000,t,
bentonite,mine,Other countries,2009,2350000,t,
bentonite,mine,Other countries,2010,2100000,t,
bentonite,mine,Other countries,2011,2100000,t,
bentonite,mine,Other countries,2012,2100000,t,
bentonite,mine,Other countries,2013,3360000,t,
bentonite,mine,Other countries,2014,2660000,t,
bentonite,mine,Other countries,2015,2710000,t,
bentonite,mine,Other countries,2016,2700000,t,
bentonite,mine,Other countries,2017,3300000,t,
bentonite,mine,Other countries,2018,2230000,t,
bentonite,mine,Other countries,2019,3150000,t,
bentonite,mine,Other countries,2020,3480000,t,
bentonite,mine,Other countries,2021,3300000,t,
bentonite,mine,Other countries,2022,3300000,t,
bentonite,mine,Spain,2004,150000,t,
bentonite,mine,Spain,2005,150000,t,
bentonite,mine,Spain,2006,110000,t,
bentonite,mine,Spain,2007,105000,t,
bentonite,mine,Spain,2008,150000,t,
bentonite,mine,Spain,2009,155000,t,
bentonite,mine,Spain,2010,155000,t,
bentonite,mine,Spain,2011,155000,t,
bentonite,mine,Spain,2012,115000,t,
bentonite,mine,Spain,2013,115000,t,
bentonite,mine,Spain,2014,115000,t,
bentonite,mine,Spain,2015,113000,t,
bentonite,mine,Spain,2016,113000,t,
bentonite,mine,Spain,2017,113000,t,
bentonite,mine,Spain,2018,175000,t,
bentonite,mine,Spain,2019,160000,t,
bentonite,mine,Spain,2020,221000,t,
bentonite,mine,Spain,2021,210000,t,
bentonite,mine,Spain,2022,210000,t,
bentonite,mine,Turkey,2002,559000,t,
bentonite,mine,Turkey,2003,600000,t,
bentonite,mine,Turkey,2004,850000,t,
bentonite,mine,Turkey,2005,925000,t,
bentonite,mine,Turkey,2006,950000,t,
bentonite,mine,Turkey,2007,930000,t,
bentonite,mine,Turkey,2008,900000,t,
bentonite,mine,Turkey,2009,1000000,t,
bentonite,mine,Turkey,2010,1200000,t,
bentonite,mine,Turkey,2011,1000000,t,
bentonite,mine,Turkey,2012,400000,t,
bentonite,mine,Turkey,2013,1100000,t,
bentonite,mine,Turkey,2014,650000,t,
bentonite,mine,Turkey,2015,1090000,t,
bentonite,mine,Turkey,2016,3135000,t,
bentonite,mine,Turkey,2017,3140000,t,
bentonite,mine,Turkey,2018,1500000,t,
bentonite,mine,Turkey,2019,1300000,t,
bentonite,mine,Turkey,2020,1500000,t,
bentonite,mine,Turkey,2021,2020000,t,
bentonite,mine,Turkey,2022,2000000,t,
bentonite,mine,Ukraine,2008,300000,t,
bentonite,mine,Ukraine,2009,300000,t,
bentonite,mine,Ukraine,2010,200000,t,
bentonite,mine,Ukraine,2011,185000,t,
bentonite,mine,Ukraine,2012,210000,t,
bentonite,mine,Ukraine,2013,210000,t,
bentonite,mine,Ukraine,2014,220000,t,
bentonite,mine,Ukraine,2015,210000,t,
bentonite,mine,Ukraine,2016,210000,t,
bentonite,mine,Ukraine,2017,210000,t,
bentonite,mine,Ukraine,2018,110000,t,
bentonite,mine,Ukraine,2019,180000,t,
bentonite,mine,Ukraine,2020,180000,t,
bentonite,mine,Ukraine,2021,180000,t,
bentonite,mine,Ukraine,2022,180000,t,
bentonite,mine,United States,2001,4290000,t,
bentonite,mine,United States,2002,3970000,t,
bentonite,mine,United States,2003,3940000,t,
bentonite,mine,United States,2004,4060000,t,
bentonite,mine,United States,2005,4710000,t,
bentonite,mine,United States,2006,4940000,t,
bentonite,mine,United States,2007,4820000,t,
bentonite,mine,United States,2008,4900000,t,
bentonite,mine,United States,2009,3650000,t,
bentonite,mine,United States,2010,4630000,t,
bentonite,mine,United States,2011,4810000,t,
bentonite,mine,United States,2012,4980000,t,
bentonite,mine,United States,2013,4350000,t,
bentonite,mine,United States,2014,4800000,t,
bentonite,mine,United States,2015,4040000,t,
bentonite,mine,United States,2016,3600000,t,
bentonite,mine,United States,2017,4300000,t,
bentonite,mine,United States,2018,4670000,t,
bentonite,mine,United States,2019,4490000,t,
bentonite,mine,United States,2020,4240000,t,
bentonite,mine,United States,2021,4590000,t,
bentonite,mine,United States,2022,4500000,t,
bentonite,mine,Uzbekistan,2012,15000,t,
bentonite,mine,Uzbekistan,2013,25000,t,
bentonite,mine,Uzbekistan,2020,25000,t,
bentonite,mine,Uzbekistan,2021,50000,t,
bentonite,mine,Uzbekistan,2022,50000,t,
bentonite,mine,World,2001,10500000,t,
bentonite,mine,World,2002,10000000,t,
bentonite,mine,World,2003,10200000,t,
bentonite,mine,World,2004,10500000,t,
bentonite,mine,World,2005,11700000,t,
bentonite,mine,World,2006,11700000,t,
bentonite,mine,World,2007,11900000,t,
bentonite,mine,World,2008,11700000,t,
bentonite,mine,World,2009,9660000,t,
bentonite,mine,World,2010,10600000,t,
bentonite,mine,World,2011,10300000,t,
bentonite,mine,World,2012,9950000,t,
bentonite,mine,World,2013,12000000,t,
bentonite,mine,World,2014,16100000,t,
bentonite,mine,World,2015,16000000,t,
bentonite,mine,World,2016,19000000,t,
bentonite,mine,World,2017,20600000,t,
bentonite,mine,World,2018,18500000,t,
bentonite,mine,World,2019,16300000,t,
bentonite,mine,World,2020,18200000,t,
bentonite,mine,World,2021,19000000,t,
bentonite,mine,World,2022,19000000,t,
beryllium,mine,Brazil,1994,34,t,
beryllium,mine,Brazil,1995,34,t,
beryllium,mine,Brazil,1996,34,t,
beryllium,mine,Brazil,2016,5,t,
beryllium,mine,Brazil,2017,3,t,
beryllium,mine,Brazil,2018,3,t,
beryllium,mine,Brazil,2019,3,t,
beryllium,mine,Brazil,2020,3,t,
beryllium,mine,Brazil,2021,3,t,
beryllium,mine,Brazil,2022,3,t,
beryllium,mine,China,1994,55,t,
beryllium,mine,China,1995,55,t,
beryllium,mine,China,1996,55,t,
beryllium,mine,China,1997,55,t,
beryllium,mine,China,1999,55,t,
beryllium,mine,China,2000,55,t,
beryllium,mine,China,2001,15,t,
beryllium,mine,China,2002,15,t,
beryllium,mine,China,2003,15,t,
beryllium,mine,China,2004,20,t,
beryllium,mine,China,2005,20,t,
beryllium,mine,China,2006,20,t,
beryllium,mine,China,2007,20,t,
beryllium,mine,China,2008,20,t,
beryllium,mine,China,2009,20,t,
beryllium,mine,China,2010,22,t,
beryllium,mine,China,2011,22,t,
beryllium,mine,China,2012,20,t,
beryllium,mine,China,2013,20,t,
beryllium,mine,China,2014,20,t,
beryllium,mine,China,2015,20,t,
beryllium,mine,China,2016,50,t,
beryllium,mine,China,2017,50,t,
beryllium,mine,China,2018,48,t,
beryllium,mine,China,2019,70,t,
beryllium,mine,China,2020,70,t,
beryllium,mine,China,2021,71,t,
beryllium,mine,China,2022,70,t,
beryllium,mine,Kazakhstan,1994,4,t,
beryllium,mine,Kazakhstan,1995,4,t,
beryllium,mine,Kazakhstan,1996,4,t,
beryllium,mine,Kazakhstan,1997,4,t,
beryllium,mine,Kazakhstan,1999,4,t,
beryllium,mine,Kazakhstan,2000,4,t,
beryllium,mine,Kazakhstan,2001,4,t,
beryllium,mine,Kazakhstan,2002,4,t,
beryllium,mine,Kazakhstan,2003,4,t,
beryllium,mine,Madagascar,2015,5,t,
beryllium,mine,Madagascar,2016,6,t,
beryllium,mine,Madagascar,2017,6,t,
beryllium,mine,Madagascar,2018,6,t,
beryllium,mine,Madagascar,2019,1,t,
beryllium,mine,Madagascar,2020,1,t,
beryllium,mine,Madagascar,2021,1,t,
beryllium,mine,Madagascar,2022,1,t,
beryllium,mine,Mozambique,2003,3,t,
beryllium,mine,Mozambique,2004,3,t,
beryllium,mine,Mozambique,2005,6,t,
beryllium,mine,Mozambique,2006,6,t,
beryllium,mine,Mozambique,2007,6,t,
beryllium,mine,Mozambique,2008,1,t,
beryllium,mine,Mozambique,2009,2,t,
beryllium,mine,Mozambique,2010,2,t,
beryllium,mine,Mozambique,2011,2,t,
beryllium,mine,Mozambique,2012,2,t,
beryllium,mine,Mozambique,2013,6,t,
beryllium,mine,Mozambique,2014,2,t,
beryllium,mine,Mozambique,2018,16,t,
beryllium,mine,Mozambique,2019,15,t,
beryllium,mine,Mozambique,2020,3,t,
beryllium,mine,Mozambique,2021,13,t,
beryllium,mine,Mozambique,2022,13,t,
beryllium,mine,Nigeria,2016,6,t,
beryllium,mine,Nigeria,2017,4,t,
beryllium,mine,Nigeria,2018,4,t,
beryllium,mine,Nigeria,2019,1,t,
beryllium,mine,Nigeria,2020,1,t,
beryllium,mine,Nigeria,2021,1,t,
beryllium,mine,Nigeria,2022,1,t,
beryllium,mine,Other countries,1994,1,t,
beryllium,mine,Other countries,1997,1,t,
beryllium,mine,Other countries,1999,2,t,
beryllium,mine,Other countries,2000,2,t,
beryllium,mine,Other countries,2001,2,t,
beryllium,mine,Other countries,2002,1,t,
beryllium,mine,Other countries,2003,1,t,
beryllium,mine,Other countries,2004,1,t,
beryllium,mine,Other countries,2005,1,t,
beryllium,mine,Other countries,2010,1,t,
beryllium,mine,Other countries,2011,1,t,
beryllium,mine,Other countries,2012,1,t,
beryllium,mine,Other countries,2013,1,t,
beryllium,mine,Other countries,2014,1,t,
beryllium,mine,Other countries,2015,1,t,
beryllium,mine,Russia,1994,32,t,
beryllium,mine,Russia,1995,32,t,
beryllium,mine,Russia,1996,32,t,
beryllium,mine,Russia,1997,40,t,
beryllium,mine,Russia,1999,40,t,
beryllium,mine,Russia,2000,40,t,
beryllium,mine,Russia,2001,40,t,
beryllium,mine,Russia,2002,40,t,
beryllium,mine,Russia,2003,40,t,
beryllium,mine,Rwanda,2016,1,t,
beryllium,mine,Rwanda,2017,1,t,
beryllium,mine,Rwanda,2018,1,t,
beryllium,mine,Rwanda,2019,1,t,
beryllium,mine,Rwanda,2020,1,t,
beryllium,mine,Rwanda,2021,1,t,
beryllium,mine,Rwanda,2022,1,t,
beryllium,mine,Uganda,2020,7,t,
beryllium,mine,Uganda,2021,7,t,
beryllium,mine,Uganda,2022,7,t,
beryllium,mine,United States,1994,173,t,
beryllium,mine,United States,1995,202,t,
beryllium,mine,United States,1996,211,t,
beryllium,mine,United States,1997,231,t,
beryllium,mine,United States,1999,200,t,
beryllium,mine,United States,2000,180,t,
beryllium,mine,United States,2001,100,t,
beryllium,mine,United States,2002,80,t,
beryllium,mine,United States,2003,85,t,
beryllium,mine,United States,2004,90,t,
beryllium,mine,United States,2005,110,t,
beryllium,mine,United States,2006,155,t,
beryllium,mine,United States,2007,152,t,
beryllium,mine,United States,2008,176,t,
beryllium,mine,United States,2009,120,t,
beryllium,mine,United States,2010,180,t,
beryllium,mine,United States,2011,235,t,
beryllium,mine,United States,2012,225,t,
beryllium,mine,United States,2013,235,t,
beryllium,mine,United States,2014,270,t,
beryllium,mine,United States,2015,205,t,
beryllium,mine,United States,2016,155,t,
beryllium,mine,United States,2017,150,t,
beryllium,mine,United States,2018,165,t,
beryllium,mine,United States,2019,160,t,
beryllium,mine,United States,2020,165,t,
beryllium,mine,United States,2021,175,t,
beryllium,mine,United States,2022,180,t,
beryllium,mine,World,1994,300,t,
beryllium,mine,World,1995,327,t,
beryllium,mine,World,1996,336,t,
beryllium,mine,World,1997,331,t,
beryllium,mine,World,1999,301,t,
beryllium,mine,World,2000,280,t,
beryllium,mine,World,2001,160,t,
beryllium,mine,World,2002,140,t,
beryllium,mine,World,2003,148,t,
beryllium,mine,World,2004,114,t,
beryllium,mine,World,2005,138,t,
beryllium,mine,World,2006,180,t,
beryllium,mine,World,2007,180,t,
beryllium,mine,World,2008,200,t,
beryllium,mine,World,2009,144,t,
beryllium,mine,World,2010,205,t,
beryllium,mine,World,2011,260,t,
beryllium,mine,World,2012,250,t,
beryllium,mine,World,2013,260,t,
beryllium,mine,World,2014,290,t,
beryllium,mine,World,2015,230,t,
beryllium,mine,World,2016,220,t,
beryllium,mine,World,2017,210,t,
beryllium,mine,World,2018,240,t,
beryllium,mine,World,2019,250,t,
beryllium,mine,World,2020,250,t,
beryllium,mine,World,2021,272,t,
beryllium,mine,World,2022,280,t,
beryllium,mine,Zimbabwe,1994,1,t,
bismuth,mine,Bolivia,1996,125,t,
bismuth,mine,Bolivia,1997,350,t,
bismuth,mine,Bolivia,1998,650,t,
bismuth,mine,Bolivia,1999,255,t,
bismuth,mine,Bolivia,2000,740,t,
bismuth,mine,Bolivia,2001,5,t,
bismuth,mine,Bolivia,2002,70,t,
bismuth,mine,Bolivia,2003,100,t,
bismuth,mine,Bolivia,2004,60,t,
bismuth,mine,Bolivia,2005,60,t,
bismuth,mine,Bolivia,2006,70,t,
bismuth,mine,Bolivia,2007,150,t,
bismuth,mine,Bolivia,2008,150,t,
bismuth,mine,Bolivia,2009,50,t,
bismuth,mine,Bolivia,2010,90,t,
bismuth,mine,Bolivia,2011,100,t,
bismuth,mine,Bolivia,2012,50,t,
bismuth,mine,Bolivia,2013,10,t,
bismuth,mine,Bolivia,2014,10,t,
bismuth,mine,Bolivia,2015,10,t,
bismuth,mine,Canada,1994,131,t,
bismuth,mine,Canada,1995,126,t,
bismuth,mine,Canada,1996,185,t,
bismuth,mine,Canada,1997,183,t,
bismuth,mine,Canada,1998,180,t,
bismuth,mine,Canada,1999,311,t,
bismuth,mine,Canada,2000,202,t,
bismuth,mine,Canada,2001,200,t,
bismuth,mine,Canada,2002,189,t,
bismuth,mine,Canada,2003,200,t,
bismuth,mine,Canada,2004,145,t,
bismuth,mine,Canada,2005,190,t,
bismuth,mine,Canada,2006,190,t,
bismuth,mine,Canada,2007,190,t,
bismuth,mine,Canada,2008,71,t,
bismuth,mine,Canada,2009,90,t,
bismuth,mine,Canada,2010,90,t,
bismuth,mine,Canada,2011,92,t,
bismuth,mine,Canada,2012,121,t,
bismuth,mine,Canada,2013,35,t,
bismuth,mine,Canada,2014,3,t,
bismuth,mine,Canada,2015,3,t,
bismuth,mine,China,1994,700,t,
bismuth,mine,China,1995,700,t,
bismuth,mine,China,1996,700,t,
bismuth,mine,China,1997,600,t,
bismuth,mine,China,1998,600,t,
bismuth,mine,China,1999,400,t,
bismuth,mine,China,2000,2500,t,
bismuth,mine,China,2001,1500,t,
bismuth,mine,China,2002,1300,t,
bismuth,mine,China,2003,1200,t,
bismuth,mine,China,2004,2500,t,
bismuth,mine,China,2005,3000,t,
bismuth,mine,China,2006,3000,t,
bismuth,mine,China,2007,3500,t,
bismuth,mine,China,2008,5000,t,
bismuth,mine,China,2009,6000,t,
bismuth,mine,China,2010,6500,t,
bismuth,mine,China,2011,7000,t,
bismuth,mine,China,2012,7000,t,
bismuth,mine,China,2013,7500,t,
bismuth,mine,China,2014,7600,t,
bismuth,mine,China,2015,7500,t,
bismuth,mine,Japan,1994,150,t,
bismuth,mine,Japan,1995,177,t,
bismuth,mine,Japan,1996,169,t,
bismuth,mine,Japan,1997,168,t,
bismuth,mine,Japan,1998,150,t,
bismuth,mine,Japan,1999,135,t,
bismuth,mine,Japan,2000,155,t,
bismuth,mine,Japan,2001,28,t,
bismuth,mine,Kazakhstan,1994,25,t,
bismuth,mine,Kazakhstan,1995,25,t,
bismuth,mine,Kazakhstan,1996,155,t,
bismuth,mine,Kazakhstan,1997,115,t,
bismuth,mine,Kazakhstan,1998,115,t,
bismuth,mine,Kazakhstan,1999,130,t,
bismuth,mine,Kazakhstan,2000,130,t,
bismuth,mine,Kazakhstan,2001,130,t,
bismuth,mine,Kazakhstan,2002,150,t,
bismuth,mine,Kazakhstan,2003,150,t,
bismuth,mine,Kazakhstan,2004,150,t,
bismuth,mine,Kazakhstan,2005,140,t,
bismuth,mine,Kazakhstan,2006,140,t,
bismuth,mine,Kazakhstan,2007,140,t,
bismuth,mine,Kazakhstan,2008,150,t,
bismuth,mine,Kazakhstan,2009,150,t,
bismuth,mine,Kazakhstan,2010,150,t,
bismuth,mine,Mexico,1994,900,t,
bismuth,mine,Mexico,1995,900,t,
bismuth,mine,Mexico,1996,1000,t,
bismuth,mine,Mexico,1997,1640,t,
bismuth,mine,Mexico,1998,1200,t,
bismuth,mine,Mexico,1999,1250,t,
bismuth,mine,Mexico,2000,1000,t,
bismuth,mine,Mexico,2001,1000,t,
bismuth,mine,Mexico,2002,1200,t,
bismuth,mine,Mexico,2003,1000,t,
bismuth,mine,Mexico,2004,1100,t,
bismuth,mine,Mexico,2005,970,t,
bismuth,mine,Mexico,2006,1180,t,
bismuth,mine,Mexico,2007,1200,t,
bismuth,mine,Mexico,2008,1170,t,
bismuth,mine,Mexico,2009,900,t,
bismuth,mine,Mexico,2010,850,t,
bismuth,mine,Mexico,2011,980,t,
bismuth,mine,Mexico,2012,940,t,
bismuth,mine,Mexico,2013,824,t,
bismuth,mine,Mexico,2014,948,t,
bismuth,mine,Mexico,2015,700,t,
bismuth,mine,Other countries,1994,110,t,
bismuth,mine,Other countries,1995,110,t,
bismuth,mine,Other countries,1996,105,t,
bismuth,mine,Other countries,1997,150,t,
bismuth,mine,Other countries,1998,150,t,
bismuth,mine,Other countries,1999,139,t,
bismuth,mine,Other countries,2000,150,t,
bismuth,mine,Other countries,2001,137,t,
bismuth,mine,Other countries,2002,160,t,
bismuth,mine,Other countries,2003,160,t,
bismuth,mine,Other countries,2004,160,t,
bismuth,mine,Other countries,2005,160,t,
bismuth,mine,Other countries,2006,170,t,
bismuth,mine,Other countries,2007,170,t,
bismuth,mine,Other countries,2008,200,t,
bismuth,mine,Other countries,2009,10,t,
bismuth,mine,Other countries,2010,120,t,
bismuth,mine,Other countries,2011,130,t,
bismuth,mine,Other countries,2012,77,t,
bismuth,mine,Peru,1994,1000,t,
bismuth,mine,Peru,1995,1000,t,
bismuth,mine,Peru,1996,1000,t,
bismuth,mine,Peru,1997,1000,t,
bismuth,mine,Peru,1998,832,t,
bismuth,mine,Peru,1999,1000,t,
bismuth,mine,Peru,2000,1000,t,
bismuth,mine,Peru,2001,1000,t,
bismuth,mine,Peru,2002,1000,t,
bismuth,mine,Peru,2003,1000,t,
bismuth,mine,Peru,2004,1000,t,
bismuth,mine,Peru,2005,1000,t,
bismuth,mine,Peru,2006,950,t,
bismuth,mine,Peru,2007,950,t,
bismuth,mine,Peru,2008,960,t,
bismuth,mine,Peru,2009,1000,t,
bismuth,mine,Peru,2010,1100,t,
bismuth,mine,Russia,2013,40,t,
bismuth,mine,Russia,2014,40,t,
bismuth,mine,Russia,2015,40,t,
bismuth,mine,Vietnam,2014,4950,t,
bismuth,mine,Vietnam,2015,2000,t,
bismuth,mine,World,1994,3020,t,
bismuth,mine,World,1995,3040,t,
bismuth,mine,World,1996,3440,t,
bismuth,mine,World,1997,4210,t,
bismuth,mine,World,1998,3880,t,
bismuth,mine,World,1999,3620,t,
bismuth,mine,World,2000,5880,t,
bismuth,mine,World,2001,4000,t,
bismuth,mine,World,2002,4070,t,
bismuth,mine,World,2003,3800,t,
bismuth,mine,World,2004,5100,t,
bismuth,mine,World,2005,5500,t,
bismuth,mine,World,2006,5700,t,
bismuth,mine,World,2007,6300,t,
bismuth,mine,World,2008,7700,t,
bismuth,mine,World,2009,8200,t,
bismuth,mine,World,2010,8900,t,
bismuth,mine,World,2011,8300,t,
bismuth,mine,World,2012,8200,t,
bismuth,mine,World,2013,8400,t,
bismuth,mine,World,2014,13600,t,
bismuth,mine,World,2015,10300,t,
bismuth,refinery,Bolivia,2019,15,t,
bismuth,refinery,Bolivia,2020,30,t,
bismuth,refinery,Bolivia,2021,60,t,
bismuth,refinery,Bolivia,2022,60,t,
bismuth,refinery,Bulgaria,2017,50,t,
bismuth,refinery,Bulgaria,2018,50,t,
bismuth,refinery,Bulgaria,2019,50,t,
bismuth,refinery,Bulgaria,2020,50,t,
bismuth,refinery,Bulgaria,2021,50,t,
bismuth,refinery,Bulgaria,2022,50,t,
bismuth,refinery,Canada,2016,25,t,
bismuth,refinery,Canada,2017,25,t,
bismuth,refinery,Canada,2018,25,t,
bismuth,refinery,Canada,2019,25,t,
bismuth,refinery,Canada,2020,35,t,
bismuth,refinery,Canada,2021,50,t,
bismuth,refinery,Canada,2022,50,t,
bismuth,refinery,China,2016,14000,t,
bismuth,refinery,China,2017,13500,t,
bismuth,refinery,China,2018,14000,t,
bismuth,refinery,China,2019,16000,t,
bismuth,refinery,China,2020,16000,t,
bismuth,refinery,China,2021,16000,t,
bismuth,refinery,China,2022,16000,t,
bismuth,refinery,Japan,2016,428,t,
bismuth,refinery,Japan,2017,525,t,
bismuth,refinery,Japan,2018,571,t,
bismuth,refinery,Japan,2019,540,t,
bismuth,refinery,Japan,2020,570,t,
bismuth,refinery,Japan,2021,500,t,
bismuth,refinery,Japan,2022,480,t,
bismuth,refinery,Kazakhstan,2016,140,t,
bismuth,refinery,Kazakhstan,2017,270,t,
bismuth,refinery,Kazakhstan,2018,290,t,
bismuth,refinery,Kazakhstan,2019,270,t,
bismuth,refinery,Kazakhstan,2020,230,t,
bismuth,refinery,Kazakhstan,2021,230,t,
bismuth,refinery,Kazakhstan,2022,220,t,
bismuth,refinery,Korea South,2018,900,t,
bismuth,refinery,Korea South,2019,930,t,
bismuth,refinery,Korea South,2020,970,t,
bismuth,refinery,Korea South,2021,1000,t,
bismuth,refinery,Korea South,2022,950,t,
bismuth,refinery,Laos,2016,2000,t,
bismuth,refinery,Laos,2017,2000,t,
bismuth,refinery,Laos,2018,3010,t,
bismuth,refinery,Laos,2019,3000,t,
bismuth,refinery,Laos,2020,1000,t,
bismuth,refinery,Laos,2021,2070,t,
bismuth,refinery,Laos,2022,2000,t,
bismuth,refinery,Mexico,2016,539,t,
bismuth,refinery,Mexico,2017,513,t,
bismuth,refinery,Mexico,2018,333,t,
bismuth,refinery,Mexico,2019,300,t,
bismuth,refinery,Mexico,2020,10,t,
bismuth,refinery,Mexico,2021,10,t,
bismuth,refinery,Mexico,2022,10,t,
bismuth,refinery,Russia,2016,4,t,
bismuth,refinery,World,2016,17100,t,
bismuth,refinery,World,2017,16900,t,
bismuth,refinery,World,2018,19200,t,
bismuth,refinery,World,2019,21100,t,
bismuth,refinery,World,2020,19000,t,
bismuth,refinery,World,2021,20000,t,
bismuth,refinery,World,2022,20000,t,
cadmium,refinery,Australia,1994,910,t,
cadmium,refinery,Australia,1995,842,t,
cadmium,refinery,Australia,1996,682,t,
cadmium,refinery,Australia,1997,632,t,
cadmium,refinery,Australia,1998,600,t,
cadmium,refinery,Australia,1999,600,t,
cadmium,refinery,Australia,2000,552,t,
cadmium,refinery,Australia,2001,378,t,
cadmium,refinery,Australia,2002,350,t,
cadmium,refinery,Australia,2003,350,t,
cadmium,refinery,Australia,2004,350,t,
cadmium,refinery,Australia,2005,374,t,
cadmium,refinery,Australia,2006,400,t,
cadmium,refinery,Australia,2007,350,t,
cadmium,refinery,Australia,2008,330,t,
cadmium,refinery,Australia,2009,370,t,
cadmium,refinery,Australia,2010,350,t,
cadmium,refinery,Australia,2011,390,t,
cadmium,refinery,Australia,2012,380,t,
cadmium,refinery,Australia,2013,380,t,
cadmium,refinery,Australia,2014,350,t,
cadmium,refinery,Australia,2015,380,t,
cadmium,refinery,Australia,2020,348,t,
cadmium,refinery,Australia,2021,402,t,
cadmium,refinery,Australia,2022,400,t,
cadmium,refinery,Belgium,1994,1560,t,
cadmium,refinery,Belgium,1995,1710,t,
cadmium,refinery,Belgium,1996,1580,t,
cadmium,refinery,Belgium,1997,1600,t,
cadmium,refinery,Belgium,1998,1320,t,
cadmium,refinery,Belgium,1999,1400,t,
cadmium,refinery,Belgium,2000,1400,t,
cadmium,refinery,Belgium,2001,1240,t,
cadmium,refinery,Belgium,2002,117,t,
cadmium,refinery,Belgium,2003,120,t,
cadmium,refinery,Belgium,2004,120,t,
cadmium,refinery,Bulgaria,2012,420,t,
cadmium,refinery,Bulgaria,2013,400,t,
cadmium,refinery,Bulgaria,2014,350,t,
cadmium,refinery,Bulgaria,2015,360,t,
cadmium,refinery,Bulgaria,2021,310,t,
cadmium,refinery,Bulgaria,2022,310,t,
cadmium,refinery,Canada,1994,2130,t,
cadmium,refinery,Canada,1995,2360,t,
cadmium,refinery,Canada,1996,2540,t,
cadmium,refinery,Canada,1997,2380,t,
cadmium,refinery,Canada,1998,2310,t,
cadmium,refinery,Canada,1999,1390,t,
cadmium,refinery,Canada,2000,1390,t,
cadmium,refinery,Canada,2001,1180,t,
cadmium,refinery,Canada,2002,896,t,
cadmium,refinery,Canada,2003,1400,t,
cadmium,refinery,Canada,2004,1888,t,
cadmium,refinery,Canada,2005,1703,t,
cadmium,refinery,Canada,2006,1710,t,
cadmium,refinery,Canada,2007,2100,t,
cadmium,refinery,Canada,2008,1300,t,
cadmium,refinery,Canada,2009,1300,t,
cadmium,refinery,Canada,2010,1300,t,
cadmium,refinery,Canada,2011,1770,t,
cadmium,refinery,Canada,2012,1100,t,
cadmium,refinery,Canada,2013,1400,t,
cadmium,refinery,Canada,2014,1310,t,
cadmium,refinery,Canada,2015,1160,t,
cadmium,refinery,Canada,2016,2310,t,
cadmium,refinery,Canada,2017,1800,t,
cadmium,refinery,Canada,2018,1680,t,
cadmium,refinery,Canada,2019,1803,t,
cadmium,refinery,Canada,2020,1800,t,
cadmium,refinery,Canada,2021,1800,t,
cadmium,refinery,Canada,2022,1800,t,
cadmium,refinery,China,1997,1600,t,
cadmium,refinery,China,1998,2000,t,
cadmium,refinery,China,1999,2200,t,
cadmium,refinery,China,2000,2200,t,
cadmium,refinery,China,2001,2400,t,
cadmium,refinery,China,2002,2500,t,
cadmium,refinery,China,2003,2500,t,
cadmium,refinery,China,2004,2800,t,
cadmium,refinery,China,2005,3000,t,
cadmium,refinery,China,2006,3000,t,
cadmium,refinery,China,2007,4000,t,
cadmium,refinery,China,2008,4300,t,
cadmium,refinery,China,2009,4300,t,
cadmium,refinery,China,2010,7200,t,
cadmium,refinery,China,2011,7000,t,
cadmium,refinery,China,2012,7300,t,
cadmium,refinery,China,2013,7000,t,
cadmium,refinery,China,2014,7000,t,
cadmium,refinery,China,2015,7600,t,
cadmium,refinery,China,2016,8200,t,
cadmium,refinery,China,2017,8200,t,
cadmium,refinery,China,2018,8200,t,
cadmium,refinery,China,2019,8200,t,
cadmium,refinery,China,2020,10000,t,
cadmium,refinery,China,2021,10000,t,
cadmium,refinery,China,2022,10000,t,
cadmium,refinery,Germany,1994,1120,t,
cadmium,refinery,Germany,1995,1150,t,
cadmium,refinery,Germany,1996,1150,t,
cadmium,refinery,Germany,1997,1140,t,
cadmium,refinery,Germany,1998,1150,t,
cadmium,refinery,Germany,1999,1100,t,
cadmium,refinery,Germany,2000,1000,t,
cadmium,refinery,Germany,2001,1100,t,
cadmium,refinery,Germany,2002,422,t,
cadmium,refinery,Germany,2003,450,t,
cadmium,refinery,Germany,2004,640,t,
cadmium,refinery,Germany,2005,640,t,
cadmium,refinery,Germany,2006,640,t,
cadmium,refinery,Germany,2007,640,t,
cadmium,refinery,Germany,2008,400,t,
cadmium,refinery,Germany,2009,400,t,
cadmium,refinery,Germany,2010,400,t,
cadmium,refinery,Germany,2011,300,t,
cadmium,refinery,Germany,2020,450,t,
cadmium,refinery,Germany,2021,417,t,
cadmium,refinery,Germany,2022,420,t,
cadmium,refinery,India,2002,450,t,
cadmium,refinery,India,2003,480,t,
cadmium,refinery,India,2004,489,t,
cadmium,refinery,India,2005,417,t,
cadmium,refinery,India,2006,450,t,
cadmium,refinery,India,2007,580,t,
cadmium,refinery,India,2008,599,t,
cadmium,refinery,India,2009,610,t,
cadmium,refinery,India,2010,620,t,
cadmium,refinery,India,2011,630,t,
cadmium,refinery,India,2012,620,t,
cadmium,refinery,India,2013,450,t,
cadmium,refinery,India,2014,380,t,
cadmium,refinery,Japan,1994,2630,t,
cadmium,refinery,Japan,1995,2652,t,
cadmium,refinery,Japan,1996,2340,t,
cadmium,refinery,Japan,1997,2460,t,
cadmium,refinery,Japan,1998,2340,t,
cadmium,refinery,Japan,1999,2600,t,
cadmium,refinery,Japan,2000,2472,t,
cadmium,refinery,Japan,2001,2490,t,
cadmium,refinery,Japan,2002,2500,t,
cadmium,refinery,Japan,2003,2500,t,
cadmium,refinery,Japan,2004,2233,t,
cadmium,refinery,Japan,2005,2297,t,
cadmium,refinery,Japan,2006,2290,t,
cadmium,refinery,Japan,2007,1930,t,
cadmium,refinery,Japan,2008,2120,t,
cadmium,refinery,Japan,2009,1820,t,
cadmium,refinery,Japan,2010,2050,t,
cadmium,refinery,Japan,2011,1760,t,
cadmium,refinery,Japan,2012,1800,t,
cadmium,refinery,Japan,2013,1830,t,
cadmium,refinery,Japan,2014,1830,t,
cadmium,refinery,Japan,2015,1960,t,
cadmium,refinery,Japan,2016,1990,t,
cadmium,refinery,Japan,2017,2140,t,
cadmium,refinery,Japan,2018,1980,t,
cadmium,refinery,Japan,2019,2000,t,
cadmium,refinery,Japan,2020,1880,t,
cadmium,refinery,Japan,2021,1900,t,
cadmium,refinery,Japan,2022,1900,t,
cadmium,refinery,Kazakhstan,1997,1200,t,
cadmium,refinery,Kazakhstan,1998,900,t,
cadmium,refinery,Kazakhstan,1999,1060,t,
cadmium,refinery,Kazakhstan,2000,1060,t,
cadmium,refinery,Kazakhstan,2002,600,t,
cadmium,refinery,Kazakhstan,2003,1350,t,
cadmium,refinery,Kazakhstan,2004,1900,t,
cadmium,refinery,Kazakhstan,2005,2000,t,
cadmium,refinery,Kazakhstan,2006,2000,t,
cadmium,refinery,Kazakhstan,2007,2100,t,
cadmium,refinery,Kazakhstan,2008,2100,t,
cadmium,refinery,Kazakhstan,2009,1800,t,
cadmium,refinery,Kazakhstan,2010,1800,t,
cadmium,refinery,Kazakhstan,2011,1400,t,
cadmium,refinery,Kazakhstan,2012,1300,t,
cadmium,refinery,Kazakhstan,2013,1200,t,
cadmium,refinery,Kazakhstan,2014,1200,t,
cadmium,refinery,Kazakhstan,2015,1500,t,
cadmium,refinery,Kazakhstan,2016,1500,t,
cadmium,refinery,Kazakhstan,2017,1500,t,
cadmium,refinery,Kazakhstan,2018,1500,t,
cadmium,refinery,Kazakhstan,2019,1500,t,
cadmium,refinery,Kazakhstan,2020,1500,t,
cadmium,refinery,Kazakhstan,2021,1200,t,
cadmium,refinery,Kazakhstan,2022,1200,t,
cadmium,refinery,Korea South,2001,1880,t,
cadmium,refinery,Korea South,2002,1900,t,
cadmium,refinery,Korea South,2003,1850,t,
cadmium,refinery,Korea South,2004,2100,t,
cadmium,refinery,Korea South,2005,2900,t,
cadmium,refinery,Korea South,2006,3250,t,
cadmium,refinery,Korea South,2007,3400,t,
cadmium,refinery,Korea South,2008,2900,t,
cadmium,refinery,Korea South,2009,3000,t,
cadmium,refinery,Korea South,2010,2500,t,
cadmium,refinery,Korea South,2011,4000,t,
cadmium,refinery,Korea South,2012,3000,t,
cadmium,refinery,Korea South,2013,4000,t,
cadmium,refinery,Korea South,2014,4010,t,
cadmium,refinery,Korea South,2015,4200,t,
cadmium,refinery,Korea South,2016,3600,t,
cadmium,refinery,Korea South,2017,5600,t,
cadmium,refinery,Korea South,2018,5000,t,
cadmium,refinery,Korea South,2019,4400,t,
cadmium,refinery,Korea South,2020,3000,t,
cadmium,refinery,Korea South,2021,4000,t,
cadmium,refinery,Korea South,2022,4000,t,
cadmium,refinery,Mexico,1994,646,t,
cadmium,refinery,Mexico,1995,689,t,
cadmium,refinery,Mexico,1996,675,t,
cadmium,refinery,Mexico,1997,800,t,
cadmium,refinery,Mexico,1998,1100,t,
cadmium,refinery,Mexico,1999,1300,t,
cadmium,refinery,Mexico,2000,1350,t,
cadmium,refinery,Mexico,2001,1420,t,
cadmium,refinery,Mexico,2002,1200,t,
cadmium,refinery,Mexico,2003,1400,t,
cadmium,refinery,Mexico,2004,1600,t,
cadmium,refinery,Mexico,2005,1600,t,
cadmium,refinery,Mexico,2006,1400,t,
cadmium,refinery,Mexico,2007,1620,t,
cadmium,refinery,Mexico,2008,1610,t,
cadmium,refinery,Mexico,2009,1210,t,
cadmium,refinery,Mexico,2010,1480,t,
cadmium,refinery,Mexico,2011,1480,t,
cadmium,refinery,Mexico,2012,1624,t,
cadmium,refinery,Mexico,2013,1490,t,
cadmium,refinery,Mexico,2014,1410,t,
cadmium,refinery,Mexico,2015,1300,t,
cadmium,refinery,Mexico,2016,1190,t,
cadmium,refinery,Mexico,2017,1160,t,
cadmium,refinery,Mexico,2018,1360,t,
cadmium,refinery,Mexico,2019,1395,t,
cadmium,refinery,Mexico,2020,978,t,
cadmium,refinery,Mexico,2021,859,t,
cadmium,refinery,Mexico,2022,1200,t,
cadmium,refinery,Netherlands,2005,575,t,
cadmium,refinery,Netherlands,2006,570,t,
cadmium,refinery,Netherlands,2007,500,t,
cadmium,refinery,Netherlands,2008,530,t,
cadmium,refinery,Netherlands,2009,490,t,
cadmium,refinery,Netherlands,2010,580,t,
cadmium,refinery,Netherlands,2011,570,t,
cadmium,refinery,Netherlands,2012,560,t,
cadmium,refinery,Netherlands,2013,560,t,
cadmium,refinery,Netherlands,2014,640,t,
cadmium,refinery,Netherlands,2015,640,t,
cadmium,refinery,Netherlands,2016,630,t,
cadmium,refinery,Netherlands,2017,600,t,
cadmium,refinery,Netherlands,2018,1100,t,
cadmium,refinery,Netherlands,2019,1100,t,
cadmium,refinery,Netherlands,2020,880,t,
cadmium,refinery,Netherlands,2021,854,t,
cadmium,refinery,Netherlands,2022,500,t,
cadmium,refinery,Norway,2020,400,t,
cadmium,refinery,Norway,2021,350,t,
cadmium,refinery,Norway,2022,350,t,
cadmium,refinery,Other countries,1994,8110,t,
cadmium,refinery,Other countries,1995,7830,t,
cadmium,refinery,Other countries,1996,8400,t,
cadmium,refinery,Other countries,1997,5300,t,
cadmium,refinery,Other countries,1998,5200,t,
cadmium,refinery,Other countries,1999,5360,t,
cadmium,refinery,Other countries,2000,5460,t,
cadmium,refinery,Other countries,2001,4480,t,
cadmium,refinery,Other countries,2002,3220,t,
cadmium,refinery,Other countries,2003,2880,t,
cadmium,refinery,Other countries,2004,2650,t,
cadmium,refinery,Other countries,2005,1400,t,
cadmium,refinery,Other countries,2006,1370,t,
cadmium,refinery,Other countries,2007,1205,t,
cadmium,refinery,Other countries,2008,1040,t,
cadmium,refinery,Other countries,2009,1190,t,
cadmium,refinery,Other countries,2010,1250,t,
cadmium,refinery,Other countries,2011,1190,t,
cadmium,refinery,Other countries,2012,880,t,
cadmium,refinery,Other countries,2013,1020,t,
cadmium,refinery,Other countries,2014,1350,t,
cadmium,refinery,Other countries,2015,1410,t,
cadmium,refinery,Other countries,2016,2400,t,
cadmium,refinery,Other countries,2017,2370,t,
cadmium,refinery,Other countries,2018,2310,t,
cadmium,refinery,Other countries,2019,2320,t,
cadmium,refinery,Other countries,2020,520,t,
cadmium,refinery,Peru,2004,532,t,
cadmium,refinery,Peru,2005,481,t,
cadmium,refinery,Peru,2006,420,t,
cadmium,refinery,Peru,2007,420,t,
cadmium,refinery,Peru,2008,371,t,
cadmium,refinery,Peru,2009,375,t,
cadmium,refinery,Peru,2010,400,t,
cadmium,refinery,Peru,2011,572,t,
cadmium,refinery,Peru,2012,684,t,
cadmium,refinery,Peru,2013,695,t,
cadmium,refinery,Peru,2014,769,t,
cadmium,refinery,Peru,2015,760,t,
cadmium,refinery,Peru,2016,820,t,
cadmium,refinery,Peru,2017,797,t,
cadmium,refinery,Peru,2018,765,t,
cadmium,refinery,Peru,2019,772,t,
cadmium,refinery,Peru,2020,700,t,
cadmium,refinery,Peru,2021,600,t,
cadmium,refinery,Peru,2022,300,t,
cadmium,refinery,Poland,2008,420,t,
cadmium,refinery,Poland,2009,600,t,
cadmium,refinery,Poland,2010,530,t,
cadmium,refinery,Poland,2011,450,t,
cadmium,refinery,Poland,2012,530,t,
cadmium,refinery,Poland,2013,400,t,
cadmium,refinery,Poland,2014,628,t,
cadmium,refinery,Poland,2015,630,t,
cadmium,refinery,Poland,2021,500,t,
cadmium,refinery,Poland,2022,500,t,
cadmium,refinery,Russia,1997,790,t,
cadmium,refinery,Russia,1998,800,t,
cadmium,refinery,Russia,1999,900,t,
cadmium,refinery,Russia,2000,925,t,
cadmium,refinery,Russia,2001,950,t,
cadmium,refinery,Russia,2002,950,t,
cadmium,refinery,Russia,2003,950,t,
cadmium,refinery,Russia,2004,950,t,
cadmium,refinery,Russia,2005,1000,t,
cadmium,refinery,Russia,2006,1100,t,
cadmium,refinery,Russia,2007,810,t,
cadmium,refinery,Russia,2008,800,t,
cadmium,refinery,Russia,2009,700,t,
cadmium,refinery,Russia,2011,700,t,
cadmium,refinery,Russia,2012,700,t,
cadmium,refinery,Russia,2013,1200,t,
cadmium,refinery,Russia,2014,1200,t,
cadmium,refinery,Russia,2015,1300,t,
cadmium,refinery,Russia,2016,1300,t,
cadmium,refinery,Russia,2017,1200,t,
cadmium,refinery,Russia,2018,1200,t,
cadmium,refinery,Russia,2019,900,t,
cadmium,refinery,Russia,2020,1000,t,
cadmium,refinery,Russia,2021,1000,t,
cadmium,refinery,Russia,2022,1000,t,
cadmium,refinery,United States,1994,1010,t,
cadmium,refinery,United States,1995,1270,t,
cadmium,refinery,United States,1996,1530,t,
cadmium,refinery,United States,1997,2060,t,
cadmium,refinery,United States,1998,1880,t,
cadmium,refinery,United States,1999,1190,t,
cadmium,refinery,United States,2000,1890,t,
cadmium,refinery,United States,2001,680,t,
cadmium,refinery,United States,2002,700,t,
cadmium,refinery,United States,2003,670,t,
cadmium,refinery,United States,2004,550,t,
cadmium,refinery,United States,2005,1070,t,
cadmium,refinery,United States,2006,700,t,
cadmium,refinery,United States,2007,735,t,
cadmium,refinery,United States,2008,777,t,
cadmium,refinery,United States,2009,633,t,
cadmium,refinery,United States,2010,637,t,
cadmium,refinery,United States,2021,241,t,
cadmium,refinery,United States,2022,250,t,
cadmium,refinery,Uzbekistan,2020,400,t,
cadmium,refinery,Uzbekistan,2021,300,t,
cadmium,refinery,Uzbekistan,2022,300,t,
cadmium,refinery,World,1994,18100,t,
cadmium,refinery,World,1995,18500,t,
cadmium,refinery,World,1996,18900,t,
cadmium,refinery,World,1997,20000,t,
cadmium,refinery,World,1998,19600,t,
cadmium,refinery,World,1999,19100,t,
cadmium,refinery,World,2000,19700,t,
cadmium,refinery,World,2001,18200,t,
cadmium,refinery,World,2002,15800,t,
cadmium,refinery,World,2003,16900,t,
cadmium,refinery,World,2004,18800,t,
cadmium,refinery,World,2005,19400,t,
cadmium,refinery,World,2006,19300,t,
cadmium,refinery,World,2007,20400,t,
cadmium,refinery,World,2008,19600,t,
cadmium,refinery,World,2009,18800,t,
cadmium,refinery,World,2010,21100,t,
cadmium,refinery,World,2011,22200,t,
cadmium,refinery,World,2012,20900,t,
cadmium,refinery,World,2013,22000,t,
cadmium,refinery,World,2014,22400,t,
cadmium,refinery,World,2015,23200,t,
cadmium,refinery,World,2016,23900,t,
cadmium,refinery,World,2017,25400,t,
cadmium,refinery,World,2018,25100,t,
cadmium,refinery,World,2019,24400,t,
cadmium,refinery,World,2020,24000,t,
cadmium,refinery,World,2021,24700,t,
cadmium,refinery,World,2022,24000,t,
chromium,mine,Albania,1994,223000,t,gross weight
chromium,mine,Albania,1995,250000,t,gross weight
chromium,mine,Albania,1996,235000,t,gross weight
chromium,mine,Albania,1998,100000,t,gross weight
chromium,mine,Albania,1999,86000,t,gross weight
chromium,mine,Brazil,1994,360000,t,gross weight
chromium,mine,Brazil,1995,360000,t,gross weight
chromium,mine,Brazil,1996,450000,t,gross weight
chromium,mine,Brazil,1997,330000,t,gross weight
chromium,mine,Brazil,1998,330000,t,gross weight
chromium,mine,Brazil,1999,360000,t,gross weight
chromium,mine,Finland,1994,573000,t,gross weight
chromium,mine,Finland,1995,610000,t,gross weight
chromium,mine,Finland,1996,582000,t,gross weight
chromium,mine,Finland,1997,611000,t,gross weight
chromium,mine,Finland,1998,611000,t,gross weight
chromium,mine,Finland,1999,611000,t,gross weight
chromium,mine,Finland,2018,2210000,t,gross weight
chromium,mine,Finland,2019,2415000,t,gross weight
chromium,mine,Finland,2020,2290000,t,gross weight
chromium,mine,Finland,2021,2270000,t,gross weight
chromium,mine,Finland,2022,2200000,t,gross weight
chromium,mine,India,1994,909000,t,gross weight
chromium,mine,India,1995,1230000,t,gross weight
chromium,mine,India,1996,1363000,t,gross weight
chromium,mine,India,1997,1360000,t,gross weight
chromium,mine,India,1998,1363000,t,gross weight
chromium,mine,India,1999,1310000,t,gross weight
chromium,mine,India,2000,1500000,t,gross weight
chromium,mine,India,2001,1680000,t,gross weight
chromium,mine,India,2002,1900000,t,gross weight
chromium,mine,India,2003,2210000,t,gross weight
chromium,mine,India,2004,2950000,t,gross weight
chromium,mine,India,2005,3260000,t,gross weight
chromium,mine,India,2006,3600000,t,gross weight
chromium,mine,India,2007,3320000,t,gross weight
chromium,mine,India,2008,3900000,t,gross weight
chromium,mine,India,2009,3760000,t,gross weight
chromium,mine,India,2010,3800000,t,gross weight
chromium,mine,India,2011,3850000,t,gross weight
chromium,mine,India,2012,3900000,t,gross weight
chromium,mine,India,2013,2950000,t,gross weight
chromium,mine,India,2014,3540000,t,gross weight
chromium,mine,India,2015,3200000,t,gross weight
chromium,mine,India,2016,3200000,t,gross weight
chromium,mine,India,2017,3500000,t,gross weight
chromium,mine,India,2018,4300000,t,gross weight
chromium,mine,India,2019,4139000,t,gross weight
chromium,mine,India,2020,2500000,t,gross weight
chromium,mine,India,2021,4250000,t,gross weight
chromium,mine,India,2022,4200000,t,gross weight
chromium,mine,Iran,1994,129000,t,gross weight
chromium,mine,Iran,1995,129000,t,gross weight
chromium,mine,Iran,1996,129000,t,gross weight
chromium,mine,Iran,1997,200000,t,gross weight
chromium,mine,Iran,1998,200000,t,gross weight
chromium,mine,Iran,1999,212000,t,gross weight
chromium,mine,Kazakhstan,1994,2020000,t,gross weight
chromium,mine,Kazakhstan,1995,2400000,t,gross weight
chromium,mine,Kazakhstan,1996,1190000,t,gross weight
chromium,mine,Kazakhstan,1997,1000000,t,gross weight
chromium,mine,Kazakhstan,1998,1600000,t,gross weight
chromium,mine,Kazakhstan,1999,1600000,t,gross weight
chromium,mine,Kazakhstan,2000,2610000,t,gross weight
chromium,mine,Kazakhstan,2001,2050000,t,gross weight
chromium,mine,Kazakhstan,2002,2370000,t,gross weight
chromium,mine,Kazakhstan,2003,2930000,t,gross weight
chromium,mine,Kazakhstan,2004,3270000,t,gross weight
chromium,mine,Kazakhstan,2005,3580000,t,gross weight
chromium,mine,Kazakhstan,2006,3600000,t,gross weight
chromium,mine,Kazakhstan,2007,3690000,t,gross weight
chromium,mine,Kazakhstan,2008,3630000,t,gross weight
chromium,mine,Kazakhstan,2009,3330000,t,gross weight
chromium,mine,Kazakhstan,2010,3830000,t,gross weight
chromium,mine,Kazakhstan,2011,3800000,t,gross weight
chromium,mine,Kazakhstan,2012,4000000,t,gross weight
chromium,mine,Kazakhstan,2013,3700000,t,gross weight
chromium,mine,Kazakhstan,2014,3700000,t,gross weight
chromium,mine,Kazakhstan,2015,5490000,t,gross weight
chromium,mine,Kazakhstan,2016,5380000,t,gross weight
chromium,mine,Kazakhstan,2017,4580000,t,gross weight
chromium,mine,Kazakhstan,2018,6690000,t,gross weight
chromium,mine,Kazakhstan,2019,6700000,t,gross weight
chromium,mine,Kazakhstan,2020,7000000,t,gross weight
chromium,mine,Kazakhstan,2021,6500000,t,gross weight
chromium,mine,Kazakhstan,2022,6500000,t,gross weight
chromium,mine,Other countries,1994,319000,t,gross weight
chromium,mine,Other countries,1995,368000,t,gross weight
chromium,mine,Other countries,1996,428000,t,gross weight
chromium,mine,Other countries,1997,639000,t,gross weight
chromium,mine,Other countries,1998,600000,t,gross weight
chromium,mine,Other countries,1999,701000,t,gross weight
chromium,mine,Other countries,2000,2640000,t,gross weight
chromium,mine,Other countries,2001,2900000,t,gross weight
chromium,mine,Other countries,2002,2790000,t,gross weight
chromium,mine,Other countries,2003,2950000,t,gross weight
chromium,mine,Other countries,2004,3620000,t,gross weight
chromium,mine,Other countries,2005,4970000,t,gross weight
chromium,mine,Other countries,2006,4970000,t,gross weight
chromium,mine,Other countries,2007,4850000,t,gross weight
chromium,mine,Other countries,2008,6540000,t,gross weight
chromium,mine,Other countries,2009,5340000,t,gross weight
chromium,mine,Other countries,2010,5170000,t,gross weight
chromium,mine,Other countries,2011,5450000,t,gross weight
chromium,mine,Other countries,2012,6700000,t,gross weight
chromium,mine,Other countries,2013,5150000,t,gross weight
chromium,mine,Other countries,2014,4590000,t,gross weight
chromium,mine,Other countries,2015,4220000,t,gross weight
chromium,mine,Other countries,2016,4160000,t,gross weight
chromium,mine,Other countries,2017,4580000,t,gross weight
chromium,mine,Other countries,2018,4250000,t,gross weight
chromium,mine,Other countries,2019,5110000,t,gross weight
chromium,mine,Other countries,2020,3980000,t,gross weight
chromium,mine,Other countries,2021,3620000,t,gross weight
chromium,mine,Other countries,2022,3500000,t,gross weight
chromium,mine,Russia,1994,143000,t,gross weight
chromium,mine,Russia,1995,151000,t,gross weight
chromium,mine,Russia,1996,97000,t,gross weight
chromium,mine,Russia,1997,150000,t,gross weight
chromium,mine,Russia,1998,130000,t,gross weight
chromium,mine,Russia,1999,130000,t,gross weight
chromium,mine,South Africa,1994,3590000,t,gross weight
chromium,mine,South Africa,1995,5100000,t,gross weight
chromium,mine,South Africa,1996,5018000,t,gross weight
chromium,mine,South Africa,1997,5780000,t,gross weight
chromium,mine,South Africa,1998,5500000,t,gross weight
chromium,mine,South Africa,1999,6480000,t,gross weight
chromium,mine,South Africa,2000,6620000,t,gross weight
chromium,mine,South Africa,2001,5500000,t,gross weight
chromium,mine,South Africa,2002,6440000,t,gross weight
chromium,mine,South Africa,2003,7410000,t,gross weight
chromium,mine,South Africa,2004,7630000,t,gross weight
chromium,mine,South Africa,2005,7500000,t,gross weight
chromium,mine,South Africa,2006,7418000,t,gross weight
chromium,mine,South Africa,2007,9650000,t,gross weight
chromium,mine,South Africa,2008,9680000,t,gross weight
chromium,mine,South Africa,2009,6870000,t,gross weight
chromium,mine,South Africa,2010,10900000,t,gross weight
chromium,mine,South Africa,2011,10200000,t,gross weight
chromium,mine,South Africa,2012,11000000,t,gross weight
chromium,mine,South Africa,2013,13700000,t,gross weight
chromium,mine,South Africa,2014,12000000,t,gross weight
chromium,mine,South Africa,2015,14000000,t,gross weight
chromium,mine,South Africa,2016,14700000,t,gross weight
chromium,mine,South Africa,2017,16500000,t,gross weight
chromium,mine,South Africa,2018,17600000,t,gross weight
chromium,mine,South Africa,2019,16395000,t,gross weight
chromium,mine,South Africa,2020,13200000,t,gross weight
chromium,mine,South Africa,2021,18600000,t,gross weight
chromium,mine,South Africa,2022,18000000,t,gross weight
chromium,mine,Turkey,1994,790000,t,gross weight
chromium,mine,Turkey,1995,800000,t,gross weight
chromium,mine,Turkey,1996,2000000,t,gross weight
chromium,mine,Turkey,1997,1750000,t,gross weight
chromium,mine,Turkey,1998,1600000,t,gross weight
chromium,mine,Turkey,1999,1400000,t,gross weight
chromium,mine,Turkey,2000,1000000,t,gross weight
chromium,mine,Turkey,2013,3300000,t,gross weight
chromium,mine,Turkey,2014,2600000,t,gross weight
chromium,mine,Turkey,2015,3500000,t,gross weight
chromium,mine,Turkey,2016,2800000,t,gross weight
chromium,mine,Turkey,2017,6500000,t,gross weight
chromium,mine,Turkey,2018,8000000,t,gross weight
chromium,mine,Turkey,2019,10000000,t,gross weight
chromium,mine,Turkey,2020,8000000,t,gross weight
chromium,mine,Turkey,2021,6960000,t,gross weight
chromium,mine,Turkey,2022,6900000,t,gross weight
chromium,mine,World,1994,9570000,t,gross weight
chromium,mine,World,1995,12000000,t,gross weight
chromium,mine,World,1996,12190000,t,gross weight
chromium,mine,World,1997,12500000,t,gross weight
chromium,mine,World,1998,12700000,t,gross weight
chromium,mine,World,1999,13500000,t,gross weight
chromium,mine,World,2000,14400000,t,gross weight
chromium,mine,World,2001,12100000,t,gross weight
chromium,mine,World,2002,13500000,t,gross weight
chromium,mine,World,2003,15500000,t,gross weight
chromium,mine,World,2004,17500000,t,gross weight
chromium,mine,World,2005,19300000,t,gross weight
chromium,mine,World,2006,19600000,t,gross weight
chromium,mine,World,2007,21500000,t,gross weight
chromium,mine,World,2008,23800000,t,gross weight
chromium,mine,World,2009,19300000,t,gross weight
chromium,mine,World,2010,23700000,t,gross weight
chromium,mine,World,2011,23300000,t,gross weight
chromium,mine,World,2012,25600000,t,gross weight
chromium,mine,World,2013,28800000,t,gross weight
chromium,mine,World,2014,26400000,t,gross weight
chromium,mine,World,2015,30400000,t,gross weight
chromium,mine,World,2016,30200000,t,gross weight
chromium,mine,World,2017,35700000,t,gross weight
chromium,mine,World,2018,43100000,t,gross weight
chromium,mine,World,2019,44800000,t,gross weight
chromium,mine,World,2020,37000000,t,gross weight
chromium,mine,World,2021,42200000,t,gross weight
chromium,mine,World,2022,41000000,t,gross weight
chromium,mine,Zimbabwe,1994,517000,t,gross weight
chromium,mine,Zimbabwe,1995,631000,t,gross weight
chromium,mine,Zimbabwe,1996,428000,t,gross weight
chromium,mine,Zimbabwe,1997,680000,t,gross weight
chromium,mine,Zimbabwe,1998,660000,t,gross weight
chromium,mine,Zimbabwe,1999,660000,t,gross weight
cobalt,mine,Albania,1994,10,t,
cobalt,mine,Australia,1994,2100,t,
cobalt,mine,Australia,1995,2500,t,
cobalt,mine,Australia,1996,2300,t,
cobalt,mine,Australia,1997,3000,t,
cobalt,mine,Australia,1998,3300,t,
cobalt,mine,Australia,1999,4100,t,
cobalt,mine,Australia,2000,5600,t,
cobalt,mine,Australia,2001,6200,t,
cobalt,mine,Australia,2002,6700,t,
cobalt,mine,Australia,2003,6900,t,
cobalt,mine,Australia,2004,6700,t,
cobalt,mine,Australia,2005,6000,t,
cobalt,mine,Australia,2006,7400,t,
cobalt,mine,Australia,2007,5900,t,
cobalt,mine,Australia,2008,6100,t,
cobalt,mine,Australia,2009,4600,t,
cobalt,mine,Australia,2010,3850,t,
cobalt,mine,Australia,2011,3900,t,
cobalt,mine,Australia,2012,5880,t,
cobalt,mine,Australia,2013,6400,t,
cobalt,mine,Australia,2014,5980,t,
cobalt,mine,Australia,2015,6000,t,
cobalt,mine,Australia,2016,5500,t,
cobalt,mine,Australia,2017,5030,t,
cobalt,mine,Australia,2018,4880,t,
cobalt,mine,Australia,2019,5740,t,
cobalt,mine,Australia,2020,5630,t,
cobalt,mine,Australia,2021,5295,t,
cobalt,mine,Australia,2022,5900,t,
cobalt,mine,Brazil,2002,1200,t,
cobalt,mine,Brazil,2003,1300,t,
cobalt,mine,Brazil,2004,1400,t,
cobalt,mine,Brazil,2005,1200,t,
cobalt,mine,Brazil,2006,1200,t,
cobalt,mine,Brazil,2007,1400,t,
cobalt,mine,Brazil,2008,1200,t,
cobalt,mine,Brazil,2009,1200,t,
cobalt,mine,Brazil,2010,1600,t,
cobalt,mine,Brazil,2011,3500,t,
cobalt,mine,Brazil,2012,3900,t,
cobalt,mine,Brazil,2013,3000,t,
cobalt,mine,Brazil,2014,2600,t,
cobalt,mine,Canada,1994,4330,t,
cobalt,mine,Canada,1995,5270,t,
cobalt,mine,Canada,1996,5800,t,
cobalt,mine,Canada,1997,5700,t,
cobalt,mine,Canada,1998,6000,t,
cobalt,mine,Canada,1999,5300,t,
cobalt,mine,Canada,2000,5300,t,
cobalt,mine,Canada,2001,5300,t,
cobalt,mine,Canada,2002,5100,t,
cobalt,mine,Canada,2003,4300,t,
cobalt,mine,Canada,2004,5200,t,
cobalt,mine,Canada,2005,5500,t,
cobalt,mine,Canada,2006,7000,t,
cobalt,mine,Canada,2007,8300,t,
cobalt,mine,Canada,2008,8600,t,
cobalt,mine,Canada,2009,4100,t,
cobalt,mine,Canada,2010,4600,t,
cobalt,mine,Canada,2011,7100,t,
cobalt,mine,Canada,2012,6630,t,
cobalt,mine,Canada,2013,6920,t,
cobalt,mine,Canada,2014,6570,t,
cobalt,mine,Canada,2015,6900,t,
cobalt,mine,Canada,2016,4250,t,
cobalt,mine,Canada,2017,3870,t,
cobalt,mine,Canada,2018,3520,t,
cobalt,mine,Canada,2019,3340,t,
cobalt,mine,Canada,2020,3690,t,
cobalt,mine,Canada,2021,4361,t,
cobalt,mine,Canada,2022,3900,t,
cobalt,mine,China,2005,1300,t,
cobalt,mine,China,2006,2300,t,
cobalt,mine,China,2007,2000,t,
cobalt,mine,China,2008,6000,t,
cobalt,mine,China,2009,6000,t,
cobalt,mine,China,2010,6500,t,
cobalt,mine,China,2011,6800,t,
cobalt,mine,China,2012,7000,t,
cobalt,mine,China,2013,7200,t,
cobalt,mine,China,2014,7200,t,
cobalt,mine,China,2015,7700,t,
cobalt,mine,China,2017,3100,t,
cobalt,mine,China,2018,2000,t,
cobalt,mine,China,2019,2500,t,
cobalt,mine,China,2020,2200,t,
cobalt,mine,China,2021,2200,t,
cobalt,mine,China,2022,2200,t,
cobalt,mine,Congo (Kinshasa),1996,2000,t,
cobalt,mine,Congo (Kinshasa),1997,3500,t,
cobalt,mine,Congo (Kinshasa),1998,1500,t,
cobalt,mine,Congo (Kinshasa),1999,7000,t,
cobalt,mine,Congo (Kinshasa),2000,7000,t,
cobalt,mine,Congo (Kinshasa),2001,4700,t,
cobalt,mine,Congo (Kinshasa),2002,12500,t,
cobalt,mine,Congo (Kinshasa),2003,12000,t,
cobalt,mine,Congo (Kinshasa),2004,16000,t,
cobalt,mine,Congo (Kinshasa),2005,22000,t,
cobalt,mine,Congo (Kinshasa),2006,28000,t,
cobalt,mine,Congo (Kinshasa),2007,25300,t,
cobalt,mine,Congo (Kinshasa),2008,31000,t,
cobalt,mine,Congo (Kinshasa),2009,35500,t,
cobalt,mine,Congo (Kinshasa),2010,47400,t,
cobalt,mine,Congo (Kinshasa),2011,60000,t,
cobalt,mine,Congo (Kinshasa),2012,51000,t,
cobalt,mine,Congo (Kinshasa),2013,54000,t,
cobalt,mine,Congo (Kinshasa),2014,63000,t,
cobalt,mine,Congo (Kinshasa),2015,63000,t,
cobalt,mine,Congo (Kinshasa),2016,64000,t,
cobalt,mine,Congo (Kinshasa),2017,73000,t,
cobalt,mine,Congo (Kinshasa),2018,104000,t,
cobalt,mine,Congo (Kinshasa),2019,100000,t,
cobalt,mine,Congo (Kinshasa),2020,98000,t,
cobalt,mine,Congo (Kinshasa),2021,119000,t,
cobalt,mine,Congo (Kinshasa),2022,130000,t,
cobalt,mine,Cuba,1994,1000,t,
cobalt,mine,Cuba,1995,1560,t,
cobalt,mine,Cuba,1996,1970,t,
cobalt,mine,Cuba,1997,2080,t,
cobalt,mine,Cuba,1998,2200,t,
cobalt,mine,Cuba,1999,2200,t,
cobalt,mine,Cuba,2000,2400,t,
cobalt,mine,Cuba,2001,3400,t,
cobalt,mine,Cuba,2002,3400,t,
cobalt,mine,Cuba,2003,3000,t,
cobalt,mine,Cuba,2004,3600,t,
cobalt,mine,Cuba,2005,3600,t,
cobalt,mine,Cuba,2006,3800,t,
cobalt,mine,Cuba,2007,3800,t,
cobalt,mine,Cuba,2008,3200,t,
cobalt,mine,Cuba,2009,3500,t,
cobalt,mine,Cuba,2010,3600,t,
cobalt,mine,Cuba,2011,4000,t,
cobalt,mine,Cuba,2012,4900,t,
cobalt,mine,Cuba,2013,4200,t,
cobalt,mine,Cuba,2014,3700,t,
cobalt,mine,Cuba,2015,4300,t,
cobalt,mine,Cuba,2016,4200,t,
cobalt,mine,Cuba,2017,5000,t,
cobalt,mine,Cuba,2018,3500,t,
cobalt,mine,Cuba,2019,3800,t,
cobalt,mine,Cuba,2020,3800,t,
cobalt,mine,Cuba,2021,4000,t,
cobalt,mine,Cuba,2022,3800,t,
cobalt,mine,Indonesia,2020,1100,t,
cobalt,mine,Indonesia,2021,2700,t,
cobalt,mine,Indonesia,2022,10000,t,
cobalt,mine,Madagascar,2014,3100,t,
cobalt,mine,Madagascar,2015,3700,t,
cobalt,mine,Madagascar,2016,3800,t,
cobalt,mine,Madagascar,2017,3500,t,
cobalt,mine,Madagascar,2018,3300,t,
cobalt,mine,Madagascar,2019,3400,t,
cobalt,mine,Madagascar,2020,850,t,
cobalt,mine,Madagascar,2021,2800,t,
cobalt,mine,Madagascar,2022,3000,t,
cobalt,mine,Morocco,2002,1300,t,
cobalt,mine,Morocco,2003,1300,t,
cobalt,mine,Morocco,2004,1600,t,
cobalt,mine,Morocco,2005,1600,t,
cobalt,mine,Morocco,2006,1500,t,
cobalt,mine,Morocco,2007,1500,t,
cobalt,mine,Morocco,2008,1700,t,
cobalt,mine,Morocco,2009,1600,t,
cobalt,mine,Morocco,2010,2200,t,
cobalt,mine,Morocco,2011,2200,t,
cobalt,mine,Morocco,2012,1800,t,
cobalt,mine,Morocco,2017,2200,t,
cobalt,mine,Morocco,2018,2100,t,
cobalt,mine,Morocco,2019,2300,t,
cobalt,mine,Morocco,2020,2300,t,
cobalt,mine,Morocco,2021,2300,t,
cobalt,mine,Morocco,2022,2300,t,
cobalt,mine,New Caledonia,1994,800,t,
cobalt,mine,New Caledonia,1995,800,t,
cobalt,mine,New Caledonia,1996,800,t,
cobalt,mine,New Caledonia,1997,800,t,
cobalt,mine,New Caledonia,1998,1000,t,
cobalt,mine,New Caledonia,1999,1100,t,
cobalt,mine,New Caledonia,2000,1100,t,
cobalt,mine,New Caledonia,2001,1400,t,
cobalt,mine,New Caledonia,2002,1400,t,
cobalt,mine,New Caledonia,2003,1400,t,
cobalt,mine,New Caledonia,2004,1400,t,
cobalt,mine,New Caledonia,2005,1200,t,
cobalt,mine,New Caledonia,2006,1900,t,
cobalt,mine,New Caledonia,2007,1600,t,
cobalt,mine,New Caledonia,2008,1600,t,
cobalt,mine,New Caledonia,2009,1000,t,
cobalt,mine,New Caledonia,2010,1000,t,
cobalt,mine,New Caledonia,2011,3200,t,
cobalt,mine,New Caledonia,2012,2620,t,
cobalt,mine,New Caledonia,2013,3190,t,
cobalt,mine,New Caledonia,2014,4040,t,
cobalt,mine,New Caledonia,2015,3680,t,
cobalt,mine,New Caledonia,2016,3390,t,
cobalt,mine,New Caledonia,2018,2100,t,
cobalt,mine,Other countries,1994,1490,t,
cobalt,mine,Other countries,1995,1810,t,
cobalt,mine,Other countries,1996,2920,t,
cobalt,mine,Other countries,1997,2490,t,
cobalt,mine,Other countries,1998,2100,t,
cobalt,mine,Other countries,1999,2300,t,
cobalt,mine,Other countries,2000,3700,t,
cobalt,mine,Other countries,2001,3800,t,
cobalt,mine,Other countries,2002,1400,t,
cobalt,mine,Other countries,2003,2100,t,
cobalt,mine,Other countries,2004,1800,t,
cobalt,mine,Other countries,2005,1200,t,
cobalt,mine,Other countries,2006,1300,t,
cobalt,mine,Other countries,2007,1900,t,
cobalt,mine,Other countries,2008,3400,t,
cobalt,mine,Other countries,2009,3700,t,
cobalt,mine,Other countries,2010,6800,t,
cobalt,mine,Other countries,2011,6700,t,
cobalt,mine,Other countries,2012,8820,t,
cobalt,mine,Other countries,2013,8000,t,
cobalt,mine,Other countries,2014,7080,t,
cobalt,mine,Other countries,2015,11600,t,
cobalt,mine,Other countries,2016,7600,t,
cobalt,mine,Other countries,2017,7650,t,
cobalt,mine,Other countries,2018,5540,t,
cobalt,mine,Other countries,2019,6320,t,
cobalt,mine,Other countries,2020,7640,t,
cobalt,mine,Other countries,2021,4567,t,
cobalt,mine,Other countries,2022,5200,t,
cobalt,mine,Papua New Guinea,2016,2190,t,
cobalt,mine,Papua New Guinea,2017,3310,t,
cobalt,mine,Papua New Guinea,2018,3280,t,
cobalt,mine,Papua New Guinea,2019,2910,t,
cobalt,mine,Papua New Guinea,2020,2940,t,
cobalt,mine,Papua New Guinea,2021,2953,t,
cobalt,mine,Papua New Guinea,2022,3000,t,
cobalt,mine,Philippines,2013,3000,t,
cobalt,mine,Philippines,2014,4600,t,
cobalt,mine,Philippines,2015,4300,t,
cobalt,mine,Philippines,2016,4100,t,
cobalt,mine,Philippines,2017,4600,t,
cobalt,mine,Philippines,2018,4600,t,
cobalt,mine,Philippines,2019,5100,t,
cobalt,mine,Philippines,2020,4500,t,
cobalt,mine,Philippines,2021,3600,t,
cobalt,mine,Philippines,2022,3800,t,
cobalt,mine,Russia,1994,3300,t,
cobalt,mine,Russia,1995,3500,t,
cobalt,mine,Russia,1996,3300,t,
cobalt,mine,Russia,1997,3300,t,
cobalt,mine,Russia,1998,3200,t,
cobalt,mine,Russia,1999,3300,t,
cobalt,mine,Russia,2000,3600,t,
cobalt,mine,Russia,2001,3800,t,
cobalt,mine,Russia,2002,4600,t,
cobalt,mine,Russia,2003,4800,t,
cobalt,mine,Russia,2004,4700,t,
cobalt,mine,Russia,2005,5000,t,
cobalt,mine,Russia,2006,5100,t,
cobalt,mine,Russia,2007,6300,t,
cobalt,mine,Russia,2008,6200,t,
cobalt,mine,Russia,2009,6100,t,
cobalt,mine,Russia,2010,6200,t,
cobalt,mine,Russia,2011,6300,t,
cobalt,mine,Russia,2012,6300,t,
cobalt,mine,Russia,2013,6300,t,
cobalt,mine,Russia,2014,6300,t,
cobalt,mine,Russia,2015,6200,t,
cobalt,mine,Russia,2016,5500,t,
cobalt,mine,Russia,2017,5900,t,
cobalt,mine,Russia,2018,6100,t,
cobalt,mine,Russia,2019,6300,t,
cobalt,mine,Russia,2020,9000,t,
cobalt,mine,Russia,2021,8000,t,
cobalt,mine,Russia,2022,8900,t,
cobalt,mine,South Africa,2013,3000,t,
cobalt,mine,South Africa,2014,3000,t,
cobalt,mine,South Africa,2015,3000,t,
cobalt,mine,South Africa,2016,2300,t,
cobalt,mine,South Africa,2017,2300,t,
cobalt,mine,South Africa,2018,2300,t,
cobalt,mine,South Africa,2019,2100,t,
cobalt,mine,Turkey,2021,2400,t,
cobalt,mine,Turkey,2022,2700,t,
cobalt,mine,United States,2014,120,t,
cobalt,mine,United States,2015,760,t,
cobalt,mine,United States,2016,690,t,
cobalt,mine,United States,2017,640,t,
cobalt,mine,United States,2018,490,t,
cobalt,mine,United States,2019,500,t,
cobalt,mine,United States,2020,600,t,
cobalt,mine,United States,2021,650,t,
cobalt,mine,United States,2022,800,t,
cobalt,mine,World,1994,18500,t,
cobalt,mine,World,1995,22100,t,
cobalt,mine,World,1996,27000,t,
cobalt,mine,World,1997,27000,t,
cobalt,mine,World,1998,26300,t,
cobalt,mine,World,1999,29900,t,
cobalt,mine,World,2000,33300,t,
cobalt,mine,World,2001,36700,t,
cobalt,mine,World,2002,47600,t,
cobalt,mine,World,2003,48400,t,
cobalt,mine,World,2004,52400,t,
cobalt,mine,World,2005,57900,t,
cobalt,mine,World,2006,67500,t,
cobalt,mine,World,2007,65500,t,
cobalt,mine,World,2008,75900,t,
cobalt,mine,World,2009,72300,t,
cobalt,mine,World,2010,89500,t,
cobalt,mine,World,2011,109000,t,
cobalt,mine,World,2012,103000,t,
cobalt,mine,World,2013,110000,t,
cobalt,mine,World,2014,123000,t,
cobalt,mine,World,2015,126000,t,
cobalt,mine,World,2016,111000,t,
cobalt,mine,World,2017,120000,t,
cobalt,mine,World,2018,148000,t,
cobalt,mine,World,2019,144000,t,
cobalt,mine,World,2020,142000,t,
cobalt,mine,World,2021,165000,t,
cobalt,mine,World,2022,190000,t,
cobalt,mine,Zaire,1994,2000,t,
cobalt,mine,Zaire,1995,1650,t,
cobalt,mine,Zambia,1994,3500,t,
cobalt,mine,Zambia,1995,5000,t,
cobalt,mine,Zambia,1996,7900,t,
cobalt,mine,Zambia,1997,6100,t,
cobalt,mine,Zambia,1998,7000,t,
cobalt,mine,Zambia,1999,4700,t,
cobalt,mine,Zambia,2000,4600,t,
cobalt,mine,Zambia,2001,8000,t,
cobalt,mine,Zambia,2002,10000,t,
cobalt,mine,Zambia,2003,11300,t,
cobalt,mine,Zambia,2004,10000,t,
cobalt,mine,Zambia,2005,9300,t,
cobalt,mine,Zambia,2006,8000,t,
cobalt,mine,Zambia,2007,7600,t,
cobalt,mine,Zambia,2008,6900,t,
cobalt,mine,Zambia,2009,5000,t,
cobalt,mine,Zambia,2010,5700,t,
cobalt,mine,Zambia,2011,5400,t,
cobalt,mine,Zambia,2012,4200,t,
cobalt,mine,Zambia,2013,5200,t,
cobalt,mine,Zambia,2014,5500,t,
cobalt,mine,Zambia,2015,4600,t,
cobalt,mine,Zambia,2016,3000,t,
copper,mine,Australia,1994,416000,t,
copper,mine,Australia,1995,437000,t,
copper,mine,Australia,1996,525000,t,
copper,mine,Australia,1997,545000,t,
copper,mine,Australia,1998,604000,t,
copper,mine,Australia,1999,735000,t,
copper,mine,Australia,2000,829000,t,
copper,mine,Australia,2001,869000,t,
copper,mine,Australia,2002,883000,t,
copper,mine,Australia,2003,830000,t,
copper,mine,Australia,2004,854000,t,
copper,mine,Australia,2005,927000,t,
copper,mine,Australia,2006,859000,t,
copper,mine,Australia,2007,870000,t,
copper,mine,Australia,2008,886000,t,
copper,mine,Australia,2009,854000,t,
copper,mine,Australia,2010,870000,t,
copper,mine,Australia,2011,958000,t,
copper,mine,Australia,2012,958000,t,
copper,mine,Australia,2013,990000,t,
copper,mine,Australia,2014,970000,t,
copper,mine,Australia,2015,971000,t,
copper,mine,Australia,2016,948000,t,
copper,mine,Australia,2017,860000,t,
copper,mine,Australia,2018,920000,t,
copper,mine,Australia,2019,934000,t,
copper,mine,Australia,2020,885000,t,
copper,mine,Australia,2021,813000,t,
copper,mine,Australia,2022,830000,t,
copper,mine,Canada,1994,623000,t,
copper,mine,Canada,1995,726000,t,
copper,mine,Canada,1996,689000,t,
copper,mine,Canada,1997,657000,t,
copper,mine,Canada,1998,707000,t,
copper,mine,Canada,1999,614000,t,
copper,mine,Canada,2000,634000,t,
copper,mine,Canada,2001,633000,t,
copper,mine,Canada,2002,600000,t,
copper,mine,Canada,2003,558000,t,
copper,mine,Canada,2004,564000,t,
copper,mine,Canada,2005,567000,t,
copper,mine,Canada,2006,607000,t,
copper,mine,Canada,2007,589000,t,
copper,mine,Canada,2008,607000,t,
copper,mine,Canada,2009,491000,t,
copper,mine,Canada,2010,525000,t,
copper,mine,Canada,2011,566000,t,
copper,mine,Canada,2012,579000,t,
copper,mine,Canada,2013,632000,t,
copper,mine,Canada,2014,696000,t,
copper,mine,Canada,2015,697000,t,
copper,mine,Canada,2016,708000,t,
copper,mine,Canada,2019,573000,t,
copper,mine,Canada,2020,585000,t,
copper,mine,Canada,2021,550000,t,
copper,mine,Canada,2022,530000,t,
copper,mine,Chile,1994,2220000,t,
copper,mine,Chile,1995,2490000,t,
copper,mine,Chile,1996,3120000,t,
copper,mine,Chile,1997,3390000,t,
copper,mine,Chile,1998,3691000,t,
copper,mine,Chile,1999,4382000,t,
copper,mine,Chile,2000,4600000,t,
copper,mine,Chile,2001,4740000,t,
copper,mine,Chile,2002,4580000,t,
copper,mine,Chile,2003,4900000,t,
copper,mine,Chile,2004,5410000,t,
copper,mine,Chile,2005,5320000,t,
copper,mine,Chile,2006,5360000,t,
copper,mine,Chile,2007,5560000,t,
copper,mine,Chile,2008,5330000,t,
copper,mine,Chile,2009,5390000,t,
copper,mine,Chile,2010,5420000,t,
copper,mine,Chile,2011,5260000,t,
copper,mine,Chile,2012,5430000,t,
copper,mine,Chile,2013,5780000,t,
copper,mine,Chile,2014,5750000,t,
copper,mine,Chile,2015,5760000,t,
copper,mine,Chile,2016,5550000,t,
copper,mine,Chile,2017,5500000,t,
copper,mine,Chile,2018,5830000,t,
copper,mine,Chile,2019,5790000,t,
copper,mine,Chile,2020,5730000,t,
copper,mine,Chile,2021,5620000,t,
copper,mine,Chile,2022,5200000,t,
copper,mine,China,1994,350000,t,
copper,mine,China,1995,370000,t,
copper,mine,China,1996,439000,t,
copper,mine,China,1997,414000,t,
copper,mine,China,1998,476000,t,
copper,mine,China,1999,500000,t,
copper,mine,China,2000,590000,t,
copper,mine,China,2001,590000,t,
copper,mine,China,2002,585000,t,
copper,mine,China,2003,610000,t,
copper,mine,China,2004,620000,t,
copper,mine,China,2005,755000,t,
copper,mine,China,2006,890000,t,
copper,mine,China,2007,946000,t,
copper,mine,China,2008,950000,t,
copper,mine,China,2009,995000,t,
copper,mine,China,2010,1190000,t,
copper,mine,China,2011,1310000,t,
copper,mine,China,2012,1630000,t,
copper,mine,China,2013,1600000,t,
copper,mine,China,2014,1760000,t,
copper,mine,China,2015,1710000,t,
copper,mine,China,2016,1900000,t,
copper,mine,China,2017,1710000,t,
copper,mine,China,2018,1590000,t,
copper,mine,China,2019,1680000,t,
copper,mine,China,2020,1720000,t,
copper,mine,China,2021,1910000,t,
copper,mine,China,2022,1900000,t,
copper,mine,Congo (Kinshasa),1996,29000,t,
copper,mine,Congo (Kinshasa),2010,343000,t,
copper,mine,Congo (Kinshasa),2011,520000,t,
copper,mine,Congo (Kinshasa),2012,600000,t,
copper,mine,Congo (Kinshasa),2013,970000,t,
copper,mine,Congo (Kinshasa),2014,1030000,t,
copper,mine,Congo (Kinshasa),2015,1020000,t,
copper,mine,Congo (Kinshasa),2016,846000,t,
copper,mine,Congo (Kinshasa),2017,1090000,t,
copper,mine,Congo (Kinshasa),2018,1230000,t,
copper,mine,Congo (Kinshasa),2019,1290000,t,
copper,mine,Congo (Kinshasa),2020,1600000,t,
copper,mine,Congo (Kinshasa),2021,1740000,t,
copper,mine,Congo (Kinshasa),2022,2200000,t,
copper,mine,Indonesia,1994,322000,t,
copper,mine,Indonesia,1995,444000,t,
copper,mine,Indonesia,1996,507000,t,
copper,mine,Indonesia,1997,529000,t,
copper,mine,Indonesia,1998,781000,t,
copper,mine,Indonesia,1999,740000,t,
copper,mine,Indonesia,2000,1012000,t,
copper,mine,Indonesia,2001,1050000,t,
copper,mine,Indonesia,2002,1160000,t,
copper,mine,Indonesia,2003,979000,t,
copper,mine,Indonesia,2004,840000,t,
copper,mine,Indonesia,2005,1070000,t,
copper,mine,Indonesia,2006,816000,t,
copper,mine,Indonesia,2007,797000,t,
copper,mine,Indonesia,2008,651000,t,
copper,mine,Indonesia,2009,996000,t,
copper,mine,Indonesia,2010,872000,t,
copper,mine,Indonesia,2011,543000,t,
copper,mine,Indonesia,2012,360000,t,
copper,mine,Indonesia,2013,504000,t,
copper,mine,Indonesia,2016,727000,t,
copper,mine,Indonesia,2017,622000,t,
copper,mine,Indonesia,2018,651000,t,
copper,mine,Indonesia,2020,505000,t,
copper,mine,Indonesia,2021,731000,t,
copper,mine,Indonesia,2022,920000,t,
copper,mine,Kazakhstan,1994,202000,t,
copper,mine,Kazakhstan,1995,260000,t,
copper,mine,Kazakhstan,1996,250000,t,
copper,mine,Kazakhstan,1997,316000,t,
copper,mine,Kazakhstan,1998,337000,t,
copper,mine,Kazakhstan,1999,374000,t,
copper,mine,Kazakhstan,2000,430000,t,
copper,mine,Kazakhstan,2001,470000,t,
copper,mine,Kazakhstan,2002,490000,t,
copper,mine,Kazakhstan,2003,485000,t,
copper,mine,Kazakhstan,2004,461000,t,
copper,mine,Kazakhstan,2005,402000,t,
copper,mine,Kazakhstan,2006,457000,t,
copper,mine,Kazakhstan,2007,407000,t,
copper,mine,Kazakhstan,2008,420000,t,
copper,mine,Kazakhstan,2009,390000,t,
copper,mine,Kazakhstan,2010,380000,t,
copper,mine,Kazakhstan,2011,417000,t,
copper,mine,Kazakhstan,2012,424000,t,
copper,mine,Kazakhstan,2013,446000,t,
copper,mine,Kazakhstan,2018,603000,t,
copper,mine,Kazakhstan,2019,562000,t,
copper,mine,Kazakhstan,2020,552000,t,
copper,mine,Kazakhstan,2021,510000,t,
copper,mine,Kazakhstan,2022,580000,t,
copper,mine,Mexico,1995,332000,t,
copper,mine,Mexico,1996,341000,t,
copper,mine,Mexico,1997,391000,t,
copper,mine,Mexico,1998,385000,t,
copper,mine,Mexico,1999,362000,t,
copper,mine,Mexico,2000,365000,t,
copper,mine,Mexico,2001,367000,t,
copper,mine,Mexico,2002,330000,t,
copper,mine,Mexico,2003,361000,t,
copper,mine,Mexico,2004,406000,t,
copper,mine,Mexico,2005,429000,t,
copper,mine,Mexico,2006,338000,t,
copper,mine,Mexico,2007,347000,t,
copper,mine,Mexico,2008,247000,t,
copper,mine,Mexico,2009,238000,t,
copper,mine,Mexico,2010,260000,t,
copper,mine,Mexico,2011,443000,t,
copper,mine,Mexico,2012,440000,t,
copper,mine,Mexico,2013,480000,t,
copper,mine,Mexico,2014,515000,t,
copper,mine,Mexico,2015,594000,t,
copper,mine,Mexico,2016,752000,t,
copper,mine,Mexico,2017,742000,t,
copper,mine,Mexico,2018,751000,t,
copper,mine,Mexico,2019,715000,t,
copper,mine,Mexico,2020,733000,t,
copper,mine,Mexico,2021,734000,t,
copper,mine,Mexico,2022,740000,t,
copper,mine,Other countries,1994,1660000,t,
copper,mine,Other countries,1995,1430000,t,
copper,mine,Other countries,1996,1330000,t,
copper,mine,Other countries,1997,1450000,t,
copper,mine,Other countries,1998,1590000,t,
copper,mine,Other countries,1999,1500000,t,
copper,mine,Other countries,2000,1480000,t,
copper,mine,Other countries,2001,1510000,t,
copper,mine,Other countries,2002,1500000,t,
copper,mine,Other countries,2003,1400000,t,
copper,mine,Other countries,2004,1610000,t,
copper,mine,Other countries,2005,1720000,t,
copper,mine,Other countries,2006,1835000,t,
copper,mine,Other countries,2007,1840000,t,
copper,mine,Other countries,2008,2030000,t,
copper,mine,Other countries,2009,2190000,t,
copper,mine,Other countries,2010,1900000,t,
copper,mine,Other countries,2011,1970000,t,
copper,mine,Other countries,2012,2000000,t,
copper,mine,Other countries,2013,2200000,t,
copper,mine,Other countries,2014,3600000,t,
copper,mine,Other countries,2015,3800000,t,
copper,mine,Other countries,2016,4160000,t,
copper,mine,Other countries,2017,4250000,t,
copper,mine,Other countries,2018,3540000,t,
copper,mine,Other countries,2019,3100000,t,
copper,mine,Other countries,2020,2840000,t,
copper,mine,Other countries,2021,2850000,t,
copper,mine,Other countries,2022,3400000,t,
copper,mine,Peru,1994,399000,t,
copper,mine,Peru,1995,381000,t,
copper,mine,Peru,1996,572000,t,
copper,mine,Peru,1997,491000,t,
copper,mine,Peru,1998,522000,t,
copper,mine,Peru,1999,536000,t,
copper,mine,Peru,2000,554000,t,
copper,mine,Peru,2001,722000,t,
copper,mine,Peru,2002,843000,t,
copper,mine,Peru,2003,831000,t,
copper,mine,Peru,2004,1040000,t,
copper,mine,Peru,2005,1010000,t,
copper,mine,Peru,2006,1049000,t,
copper,mine,Peru,2007,1190000,t,
copper,mine,Peru,2008,1270000,t,
copper,mine,Peru,2009,1275000,t,
copper,mine,Peru,2010,1250000,t,
copper,mine,Peru,2011,1240000,t,
copper,mine,Peru,2012,1300000,t,
copper,mine,Peru,2013,1380000,t,
copper,mine,Peru,2014,1380000,t,
copper,mine,Peru,2015,1700000,t,
copper,mine,Peru,2016,2350000,t,
copper,mine,Peru,2017,2450000,t,
copper,mine,Peru,2018,2440000,t,
copper,mine,Peru,2019,2460000,t,
copper,mine,Peru,2020,2150000,t,
copper,mine,Peru,2021,2300000,t,
copper,mine,Peru,2022,2200000,t,
copper,mine,Philippines,1994,110000,t,
copper,mine,Poland,1994,328000,t,
copper,mine,Poland,1995,384000,t,
copper,mine,Poland,1996,422000,t,
copper,mine,Poland,1997,414000,t,
copper,mine,Poland,1998,415000,t,
copper,mine,Poland,1999,460000,t,
copper,mine,Poland,2000,456000,t,
copper,mine,Poland,2001,474000,t,
copper,mine,Poland,2002,503000,t,
copper,mine,Poland,2003,495000,t,
copper,mine,Poland,2004,531000,t,
copper,mine,Poland,2005,523000,t,
copper,mine,Poland,2006,512000,t,
copper,mine,Poland,2007,452000,t,
copper,mine,Poland,2008,430000,t,
copper,mine,Poland,2009,439000,t,
copper,mine,Poland,2010,425000,t,
copper,mine,Poland,2011,427000,t,
copper,mine,Poland,2012,427000,t,
copper,mine,Poland,2013,429000,t,
copper,mine,Poland,2019,399000,t,
copper,mine,Poland,2020,393000,t,
copper,mine,Poland,2021,391000,t,
copper,mine,Poland,2022,390000,t,
copper,mine,Russia,1994,573000,t,
copper,mine,Russia,1995,591000,t,
copper,mine,Russia,1996,520000,t,
copper,mine,Russia,1997,505000,t,
copper,mine,Russia,1998,515000,t,
copper,mine,Russia,1999,530000,t,
copper,mine,Russia,2000,570000,t,
copper,mine,Russia,2001,620000,t,
copper,mine,Russia,2002,695000,t,
copper,mine,Russia,2003,675000,t,
copper,mine,Russia,2004,675000,t,
copper,mine,Russia,2005,700000,t,
copper,mine,Russia,2006,725000,t,
copper,mine,Russia,2007,740000,t,
copper,mine,Russia,2008,750000,t,
copper,mine,Russia,2009,725000,t,
copper,mine,Russia,2010,703000,t,
copper,mine,Russia,2011,713000,t,
copper,mine,Russia,2012,883000,t,
copper,mine,Russia,2013,833000,t,
copper,mine,Russia,2014,742000,t,
copper,mine,Russia,2015,732000,t,
copper,mine,Russia,2017,705000,t,
copper,mine,Russia,2018,751000,t,
copper,mine,Russia,2019,801000,t,
copper,mine,Russia,2020,810000,t,
copper,mine,Russia,2021,940000,t,
copper,mine,Russia,2022,1000000,t,
copper,mine,United States,1994,1810000,t,
copper,mine,United States,1995,1850000,t,
copper,mine,United States,1996,1920000,t,
copper,mine,United States,1997,1940000,t,
copper,mine,United States,1998,1860000,t,
copper,mine,United States,1999,1600000,t,
copper,mine,United States,2000,1440000,t,
copper,mine,United States,2001,1340000,t,
copper,mine,United States,2002,1140000,t,
copper,mine,United States,2003,1120000,t,
copper,mine,United States,2004,1160000,t,
copper,mine,United States,2005,1140000,t,
copper,mine,United States,2006,1200000,t,
copper,mine,United States,2007,1170000,t,
copper,mine,United States,2008,1310000,t,
copper,mine,United States,2009,1180000,t,
copper,mine,United States,2010,1110000,t,
copper,mine,United States,2011,1110000,t,
copper,mine,United States,2012,1170000,t,
copper,mine,United States,2013,1250000,t,
copper,mine,United States,2014,1360000,t,
copper,mine,United States,2015,1380000,t,
copper,mine,United States,2016,1430000,t,
copper,mine,United States,2017,1260000,t,
copper,mine,United States,2018,1220000,t,
copper,mine,United States,2019,1260000,t,
copper,mine,United States,2020,1200000,t,
copper,mine,United States,2021,1230000,t,
copper,mine,United States,2022,1300000,t,
copper,mine,World,1994,9430000,t,
copper,mine,World,1995,10000000,t,
copper,mine,World,1996,11000000,t,
copper,mine,World,1997,11400000,t,
copper,mine,World,1998,12200000,t,
copper,mine,World,1999,12600000,t,
copper,mine,World,2000,13200000,t,
copper,mine,World,2001,13700000,t,
copper,mine,World,2002,13600000,t,
copper,mine,World,2003,13600000,t,
copper,mine,World,2004,14600000,t,
copper,mine,World,2005,15000000,t,
copper,mine,World,2006,15100000,t,
copper,mine,World,2007,15400000,t,
copper,mine,World,2008,15400000,t,
copper,mine,World,2009,15900000,t,
copper,mine,World,2010,15900000,t,
copper,mine,World,2011,16100000,t,
copper,mine,World,2012,16900000,t,
copper,mine,World,2013,18300000,t,
copper,mine,World,2014,18500000,t,
copper,mine,World,2015,19100000,t,
copper,mine,World,2016,20100000,t,
copper,mine,World,2017,20000000,t,
copper,mine,World,2018,20400000,t,
copper,mine,World,2019,20400000,t,
copper,mine,World,2020,20600000,t,
copper,mine,World,2021,21200000,t,
copper,mine,World,2022,22000000,t,
copper,mine,Zaire,1994,40000,t,
copper,mine,Zaire,1995,29000,t,
copper,mine,Zambia,1994,385000,t,
copper,mine,Zambia,1995,329000,t,
copper,mine,Zambia,1996,334000,t,
copper,mine,Zambia,1997,353000,t,
copper,mine,Zambia,1998,320000,t,
copper,mine,Zambia,1999,260000,t,
copper,mine,Zambia,2000,240000,t,
copper,mine,Zambia,2001,300000,t,
copper,mine,Zambia,2002,330000,t,
copper,mine,Zambia,2003,330000,t,
copper,mine,Zambia,2004,427000,t,
copper,mine,Zambia,2005,436000,t,
copper,mine,Zambia,2006,476000,t,
copper,mine,Zambia,2007,520000,t,
copper,mine,Zambia,2008,546000,t,
copper,mine,Zambia,2009,697000,t,
copper,mine,Zambia,2010,690000,t,
copper,mine,Zambia,2011,668000,t,
copper,mine,Zambia,2012,690000,t,
copper,mine,Zambia,2013,760000,t,
copper,mine,Zambia,2014,708000,t,
copper,mine,Zambia,2015,712000,t,
copper,mine,Zambia,2016,763000,t,
copper,mine,Zambia,2017,794000,t,
copper,mine,Zambia,2018,854000,t,
copper,mine,Zambia,2019,797000,t,
copper,mine,Zambia,2020,853000,t,
copper,mine,Zambia,2021,842000,t,
copper,mine,Zambia,2022,770000,t,
copper,refinery,Australia,2019,426000,t,
copper,refinery,Australia,2020,427000,t,
copper,refinery,Australia,2021,385000,t,
copper,refinery,Australia,2022,380000,t,
copper,refinery,Canada,2019,281000,t,
copper,refinery,Canada,2020,290000,t,
copper,refinery,Canada,2021,287000,t,
copper,refinery,Canada,2022,310000,t,
copper,refinery,Chile,2019,2270000,t,
copper,refinery,Chile,2020,2330000,t,
copper,refinery,Chile,2021,2270000,t,
copper,refinery,Chile,2022,2100000,t,
copper,refinery,China,2019,9780000,t,
copper,refinery,China,2020,10000000,t,
copper,refinery,China,2021,10500000,t,
copper,refinery,China,2022,11000000,t,
copper,refinery,Congo (Kinshasa),2019,1080000,t,
copper,refinery,Congo (Kinshasa),2020,1350000,t,
copper,refinery,Congo (Kinshasa),2021,1450000,t,
copper,refinery,Congo (Kinshasa),2022,1700000,t,
copper,refinery,Germany,2019,632000,t,
copper,refinery,Germany,2020,643000,t,
copper,refinery,Germany,2021,615000,t,
copper,refinery,Germany,2022,620000,t,
copper,refinery,Indonesia,2020,269000,t,
copper,refinery,Indonesia,2021,290000,t,
copper,refinery,Indonesia,2022,300000,t,
copper,refinery,Japan,2019,1500000,t,
copper,refinery,Japan,2020,1580000,t,
copper,refinery,Japan,2021,1510000,t,
copper,refinery,Japan,2022,1600000,t,
copper,refinery,Kazakhstan,2019,512000,t,
copper,refinery,Kazakhstan,2020,515000,t,
copper,refinery,Kazakhstan,2021,500000,t,
copper,refinery,Kazakhstan,2022,510000,t,
copper,refinery,Korea South,2019,665000,t,
copper,refinery,Korea South,2020,671000,t,
copper,refinery,Korea South,2021,647000,t,
copper,refinery,Korea South,2022,660000,t,
copper,refinery,Mexico,2019,477000,t,
copper,refinery,Mexico,2020,492000,t,
copper,refinery,Mexico,2021,473000,t,
copper,refinery,Mexico,2022,470000,t,
copper,refinery,Other countries,2019,3640000,t,
copper,refinery,Other countries,2020,3450000,t,
copper,refinery,Other countries,2021,3170000,t,
copper,refinery,Other countries,2022,3000000,t,
copper,refinery,Peru,2019,308000,t,
copper,refinery,Peru,2020,324000,t,
copper,refinery,Peru,2021,336000,t,
copper,refinery,Peru,2022,290000,t,
copper,refinery,Poland,2019,566000,t,
copper,refinery,Poland,2020,560000,t,
copper,refinery,Poland,2021,578000,t,
copper,refinery,Poland,2022,590000,t,
copper,refinery,Russia,2019,1050000,t,
copper,refinery,Russia,2020,1040000,t,
copper,refinery,Russia,2021,981000,t,
copper,refinery,Russia,2022,1100000,t,
copper,refinery,United States,2019,1030000,t,
copper,refinery,United States,2020,918000,t,
copper,refinery,United States,2021,971000,t,
copper,refinery,United States,2022,1000000,t,
copper,refinery,World,2019,24500000,t,
copper,refinery,World,2020,25300000,t,
copper,refinery,World,2021,25300000,t,
copper,refinery,World,2022,26000000,t,
copper,refinery,Zambia,2019,262000,t,
copper,refinery,Zambia,2020,378000,t,
copper,refinery,Zambia,2021,354000,t,
copper,refinery,Zambia,2022,350000,t,
diatomite,mine,Argentina,2003,25000,t,
diatomite,mine,Argentina,2009,40000,t,
diatomite,mine,Argentina,2010,50000,t,
diatomite,mine,Argentina,2011,62000,t,
diatomite,mine,Argentina,2012,55000,t,
diatomite,mine,Argentina,2013,55000,t,
diatomite,mine,Argentina,2014,100000,t,
diatomite,mine,Argentina,2015,200000,t,
diatomite,mine,Argentina,2016,200000,t,
diatomite,mine,Argentina,2017,57000,t,
diatomite,mine,Argentina,2018,70000,t,
diatomite,mine,Argentina,2019,70000,t,
diatomite,mine,Argentina,2020,94000,t,
diatomite,mine,Argentina,2021,100000,t,
diatomite,mine,Argentina,2022,100000,t,
diatomite,mine,Chile,2005,30000,t,
diatomite,mine,Chile,2006,30000,t,
diatomite,mine,Chile,2007,29000,t,
diatomite,mine,Chile,2008,25000,t,
diatomite,mine,China,1997,150000,t,
diatomite,mine,China,1998,350000,t,
diatomite,mine,China,1999,340000,t,
diatomite,mine,China,2000,350000,t,
diatomite,mine,China,2001,350000,t,
diatomite,mine,China,2002,370000,t,
diatomite,mine,China,2003,380000,t,
diatomite,mine,China,2004,390000,t,
diatomite,mine,China,2005,410000,t,
diatomite,mine,China,2006,410000,t,
diatomite,mine,China,2007,420000,t,
diatomite,mine,China,2008,440000,t,
diatomite,mine,China,2009,440000,t,
diatomite,mine,China,2010,400000,t,
diatomite,mine,China,2011,440000,t,
diatomite,mine,China,2012,420000,t,
diatomite,mine,China,2013,420000,t,
diatomite,mine,China,2014,420000,t,
diatomite,mine,China,2015,420000,t,
diatomite,mine,China,2016,420000,t,
diatomite,mine,China,2017,420000,t,
diatomite,mine,China,2018,420000,t,
diatomite,mine,China,2019,150000,t,
diatomite,mine,China,2020,140000,t,
diatomite,mine,China,2021,140000,t,
diatomite,mine,China,2022,140000,t,
diatomite,mine,Commonwealth of Independent States,2002,80000,t,
diatomite,mine,Commonwealth of Independent States,2003,80000,t,
diatomite,mine,Commonwealth of Independent States,2004,80000,t,
diatomite,mine,Commonwealth of Independent States,2005,80000,t,
diatomite,mine,Commonwealth of Independent States,2006,80000,t,
diatomite,mine,Commonwealth of Independent States,2007,80000,t,
diatomite,mine,Commonwealth of Independent States,2008,80000,t,
diatomite,mine,Commonwealth of Independent States,2009,80000,t,
diatomite,mine,Commonwealth of Independent States,2010,80000,t,
diatomite,mine,Costa Rica,2007,25000,t,
diatomite,mine,Costa Rica,2008,26000,t,
diatomite,mine,Czech Republic,2002,35000,t,
diatomite,mine,Czech Republic,2003,30000,t,
diatomite,mine,Czech Republic,2004,30000,t,
diatomite,mine,Czech Republic,2005,35000,t,
diatomite,mine,Czech Republic,2006,35000,t,
diatomite,mine,Czech Republic,2007,55000,t,
diatomite,mine,Czech Republic,2008,20000,t,
diatomite,mine,Czech Republic,2014,49000,t,
diatomite,mine,Czechia,2016,450000,t,
diatomite,mine,Denmark,1994,96000,t,
diatomite,mine,Denmark,1995,96000,t,
diatomite,mine,Denmark,1996,96000,t,
diatomite,mine,Denmark,1997,96000,t,
diatomite,mine,Denmark,1998,375000,t,
diatomite,mine,Denmark,1999,185000,t,
diatomite,mine,Denmark,2000,185000,t,
diatomite,mine,Denmark,2001,28000,t,
diatomite,mine,Denmark,2002,28000,t,
diatomite,mine,Denmark,2003,232000,t,
diatomite,mine,Denmark,2004,233000,t,
diatomite,mine,Denmark,2005,234000,t,
diatomite,mine,Denmark,2006,234000,t,
diatomite,mine,Denmark,2007,230000,t,
diatomite,mine,Denmark,2008,230000,t,
diatomite,mine,Denmark,2009,225000,t,
diatomite,mine,Denmark,2010,225000,t,
diatomite,mine,Denmark,2011,225000,t,
diatomite,mine,Denmark,2012,338000,t,
diatomite,mine,Denmark,2013,335000,t,
diatomite,mine,Denmark,2014,95000,t,
diatomite,mine,Denmark,2015,440000,t,
diatomite,mine,Denmark,2016,440000,t,
diatomite,mine,Denmark,2017,440000,t,
diatomite,mine,Denmark,2018,440000,t,
diatomite,mine,Denmark,2019,370000,t,
diatomite,mine,Denmark,2020,400000,t,
diatomite,mine,Denmark,2021,420000,t,
diatomite,mine,Denmark,2022,400000,t,
diatomite,mine,Former Soviet Union,1994,120000,t,
diatomite,mine,Former Soviet Union,1995,110000,t,
diatomite,mine,Former Soviet Union,1996,100000,t,
diatomite,mine,Former Soviet Union,1997,90000,t,
diatomite,mine,Former Soviet Union,1998,80000,t,
diatomite,mine,Former Soviet Union,1999,80000,t,
diatomite,mine,Former Soviet Union,2000,80000,t,
diatomite,mine,Former Soviet Union,2001,80000,t,
diatomite,mine,France,1994,250000,t,
diatomite,mine,France,1995,100000,t,
diatomite,mine,France,1996,85000,t,
diatomite,mine,France,1997,85000,t,
diatomite,mine,France,1998,80000,t,
diatomite,mine,France,1999,80000,t,
diatomite,mine,France,2000,75000,t,
diatomite,mine,France,2001,75000,t,
diatomite,mine,France,2002,75000,t,
diatomite,mine,France,2003,75000,t,
diatomite,mine,France,2004,75000,t,
diatomite,mine,France,2005,75000,t,
diatomite,mine,France,2006,75000,t,
diatomite,mine,France,2007,75000,t,
diatomite,mine,France,2008,75000,t,
diatomite,mine,France,2009,75000,t,
diatomite,mine,France,2010,75000,t,
diatomite,mine,France,2011,75000,t,
diatomite,mine,France,2012,75000,t,
diatomite,mine,France,2013,75000,t,
diatomite,mine,France,2014,75000,t,
diatomite,mine,France,2015,75000,t,
diatomite,mine,France,2016,75000,t,
diatomite,mine,France,2017,75000,t,
diatomite,mine,France,2018,75000,t,
diatomite,mine,France,2019,75000,t,
diatomite,mine,France,2020,75000,t,
diatomite,mine,France,2021,75000,t,
diatomite,mine,France,2022,80000,t,
diatomite,mine,Germany,1994,52000,t,
diatomite,mine,Germany,1995,50000,t,
diatomite,mine,Germany,1996,50000,t,
diatomite,mine,Germany,1997,50000,t,
diatomite,mine,Germany,2005,55000,t,
diatomite,mine,Germany,2006,55000,t,
diatomite,mine,Germany,2007,54000,t,
diatomite,mine,Germany,2008,54000,t,
diatomite,mine,Germany,2017,52000,t,
diatomite,mine,Germany,2018,52000,t,
diatomite,mine,Germany,2019,52000,t,
diatomite,mine,Germany,2020,52000,t,
diatomite,mine,Germany,2021,50000,t,
diatomite,mine,Germany,2022,50000,t,
diatomite,mine,Iceland,2007,28000,t,
diatomite,mine,Iceland,2008,28000,t,
diatomite,mine,Iceland,2009,26000,t,
diatomite,mine,Italy,2007,25000,t,
diatomite,mine,Italy,2008,25000,t,
diatomite,mine,Italy,2009,25000,t,
diatomite,mine,Japan,1997,194000,t,
diatomite,mine,Japan,1998,190000,t,
diatomite,mine,Japan,1999,190000,t,
diatomite,mine,Japan,2000,190000,t,
diatomite,mine,Japan,2001,180000,t,
diatomite,mine,Japan,2002,180000,t,
diatomite,mine,Japan,2003,180000,t,
diatomite,mine,Japan,2004,130000,t,
diatomite,mine,Japan,2005,130000,t,
diatomite,mine,Japan,2006,130000,t,
diatomite,mine,Japan,2007,120000,t,
diatomite,mine,Japan,2008,115000,t,
diatomite,mine,Japan,2009,110000,t,
diatomite,mine,Japan,2010,110000,t,
diatomite,mine,Japan,2011,100000,t,
diatomite,mine,Japan,2012,100000,t,
diatomite,mine,Japan,2013,90000,t,
diatomite,mine,Japan,2014,90000,t,
diatomite,mine,Japan,2015,100000,t,
diatomite,mine,Japan,2016,100000,t,
diatomite,mine,Japan,2017,100000,t,
diatomite,mine,Japan,2018,40000,t,
diatomite,mine,Japan,2019,40000,t,
diatomite,mine,Japan,2020,40000,t,
diatomite,mine,Japan,2021,40000,t,
diatomite,mine,Japan,2022,40000,t,
diatomite,mine,Korea South,1994,70000,t,
diatomite,mine,Korea South,1995,80000,t,
diatomite,mine,Korea South,1996,80000,t,
diatomite,mine,Korea South,1997,70000,t,
diatomite,mine,Korea South,1998,50000,t,
diatomite,mine,Korea South,1999,35000,t,
diatomite,mine,Korea South,2000,32000,t,
diatomite,mine,Korea South,2001,32000,t,
diatomite,mine,Korea South,2002,30000,t,
diatomite,mine,Korea South,2003,21000,t,
diatomite,mine,Korea South,2015,70000,t,
diatomite,mine,Korea South,2016,70000,t,
diatomite,mine,Korea South,2018,134000,t,
diatomite,mine,Korea South,2019,26000,t,
diatomite,mine,Korea South,2020,26000,t,
diatomite,mine,Korea South,2021,65000,t,
diatomite,mine,Korea South,2022,65000,t,
diatomite,mine,Mexico,1994,46000,t,
diatomite,mine,Mexico,1995,47000,t,
diatomite,mine,Mexico,1996,56000,t,
diatomite,mine,Mexico,1997,50000,t,
diatomite,mine,Mexico,1998,60000,t,
diatomite,mine,Mexico,1999,70000,t,
diatomite,mine,Mexico,2000,70000,t,
diatomite,mine,Mexico,2001,70000,t,
diatomite,mine,Mexico,2002,70000,t,
diatomite,mine,Mexico,2003,60000,t,
diatomite,mine,Mexico,2004,70000,t,
diatomite,mine,Mexico,2005,60000,t,
diatomite,mine,Mexico,2006,60000,t,
diatomite,mine,Mexico,2007,63000,t,
diatomite,mine,Mexico,2008,83000,t,
diatomite,mine,Mexico,2009,116000,t,
diatomite,mine,Mexico,2010,80000,t,
diatomite,mine,Mexico,2011,90000,t,
diatomite,mine,Mexico,2012,85000,t,
diatomite,mine,Mexico,2013,86000,t,
diatomite,mine,Mexico,2014,88000,t,
diatomite,mine,Mexico,2015,80000,t,
diatomite,mine,Mexico,2016,90000,t,
diatomite,mine,Mexico,2017,97000,t,
diatomite,mine,Mexico,2018,96000,t,
diatomite,mine,Mexico,2019,96000,t,
diatomite,mine,Mexico,2020,96000,t,
diatomite,mine,Mexico,2021,96000,t,
diatomite,mine,Mexico,2022,100000,t,
diatomite,mine,New Zealand,2018,40000,t,
diatomite,mine,New Zealand,2019,40000,t,
diatomite,mine,New Zealand,2020,40000,t,
diatomite,mine,New Zealand,2021,40000,t,
diatomite,mine,New Zealand,2022,40000,t,
diatomite,mine,Other countries,1994,157000,t,
diatomite,mine,Other countries,1995,164000,t,
diatomite,mine,Other countries,1996,205000,t,
diatomite,mine,Other countries,1997,200000,t,
diatomite,mine,Other countries,1998,200000,t,
diatomite,mine,Other countries,1999,200000,t,
diatomite,mine,Other countries,2000,200000,t,
diatomite,mine,Other countries,2001,200000,t,
diatomite,mine,Other countries,2002,170000,t,
diatomite,mine,Other countries,2003,175000,t,
diatomite,mine,Other countries,2004,202000,t,
diatomite,mine,Other countries,2005,156000,t,
diatomite,mine,Other countries,2006,156000,t,
diatomite,mine,Other countries,2007,136000,t,
diatomite,mine,Other countries,2008,132000,t,
diatomite,mine,Other countries,2009,50000,t,
diatomite,mine,Other countries,2010,125000,t,
diatomite,mine,Other countries,2011,160000,t,
diatomite,mine,Other countries,2012,181000,t,
diatomite,mine,Other countries,2013,131000,t,
diatomite,mine,Other countries,2014,122000,t,
diatomite,mine,Other countries,2015,121000,t,
diatomite,mine,Other countries,2016,120000,t,
diatomite,mine,Other countries,2017,224000,t,
diatomite,mine,Other countries,2018,143000,t,
diatomite,mine,Other countries,2019,120000,t,
diatomite,mine,Other countries,2020,120000,t,
diatomite,mine,Other countries,2021,140000,t,
diatomite,mine,Other countries,2022,140000,t,
diatomite,mine,Peru,2002,35000,t,
diatomite,mine,Peru,2003,35000,t,
diatomite,mine,Peru,2004,35000,t,
diatomite,mine,Peru,2005,35000,t,
diatomite,mine,Peru,2006,35000,t,
diatomite,mine,Peru,2007,35000,t,
diatomite,mine,Peru,2008,35000,t,
diatomite,mine,Peru,2012,81000,t,
diatomite,mine,Peru,2013,81000,t,
diatomite,mine,Peru,2014,125000,t,
diatomite,mine,Peru,2015,150000,t,
diatomite,mine,Peru,2016,120000,t,
diatomite,mine,Peru,2017,110000,t,
diatomite,mine,Peru,2018,110000,t,
diatomite,mine,Peru,2019,110000,t,
diatomite,mine,Peru,2020,91000,t,
diatomite,mine,Peru,2021,85000,t,
diatomite,mine,Peru,2022,85000,t,
diatomite,mine,Romania,2004,30000,t,
diatomite,mine,Romania,2005,30000,t,
diatomite,mine,Romania,2006,30000,t,
diatomite,mine,Russia,2013,70000,t,
diatomite,mine,Russia,2014,70000,t,
diatomite,mine,Russia,2015,70000,t,
diatomite,mine,Russia,2016,70000,t,
diatomite,mine,Russia,2018,47000,t,
diatomite,mine,Russia,2019,51000,t,
diatomite,mine,Russia,2020,51000,t,
diatomite,mine,Russia,2021,51000,t,
diatomite,mine,Russia,2022,50000,t,
diatomite,mine,Spain,1994,36000,t,
diatomite,mine,Spain,1995,36000,t,
diatomite,mine,Spain,1996,40000,t,
diatomite,mine,Spain,1997,40000,t,
diatomite,mine,Spain,1998,40000,t,
diatomite,mine,Spain,1999,36000,t,
diatomite,mine,Spain,2000,36000,t,
diatomite,mine,Spain,2001,36000,t,
diatomite,mine,Spain,2002,36000,t,
diatomite,mine,Spain,2003,35000,t,
diatomite,mine,Spain,2004,35000,t,
diatomite,mine,Spain,2005,35000,t,
diatomite,mine,Spain,2006,35000,t,
diatomite,mine,Spain,2007,34000,t,
diatomite,mine,Spain,2008,34000,t,
diatomite,mine,Spain,2009,50000,t,
diatomite,mine,Spain,2010,50000,t,
diatomite,mine,Spain,2011,50000,t,
diatomite,mine,Spain,2012,50000,t,
diatomite,mine,Spain,2013,50000,t,
diatomite,mine,Spain,2014,36000,t,
diatomite,mine,Spain,2015,50000,t,
diatomite,mine,Spain,2016,50000,t,
diatomite,mine,Spain,2017,50000,t,
diatomite,mine,Spain,2018,50000,t,
diatomite,mine,Spain,2019,50000,t,
diatomite,mine,Spain,2020,50000,t,
diatomite,mine,Spain,2021,50000,t,
diatomite,mine,Spain,2022,50000,t,
diatomite,mine,Turkey,2009,30000,t,
diatomite,mine,Turkey,2010,30000,t,
diatomite,mine,Turkey,2011,45000,t,
diatomite,mine,Turkey,2013,100000,t,
diatomite,mine,Turkey,2014,85000,t,
diatomite,mine,Turkey,2015,60000,t,
diatomite,mine,Turkey,2016,60000,t,
diatomite,mine,Turkey,2017,62000,t,
diatomite,mine,Turkey,2018,170000,t,
diatomite,mine,Turkey,2019,170000,t,
diatomite,mine,Turkey,2020,220000,t,
diatomite,mine,Turkey,2021,100000,t,
diatomite,mine,Turkey,2022,100000,t,
diatomite,mine,United States,1994,613000,t,
diatomite,mine,United States,1995,687000,t,
diatomite,mine,United States,1996,698000,t,
diatomite,mine,United States,1997,773000,t,
diatomite,mine,United States,1998,725000,t,
diatomite,mine,United States,1999,747000,t,
diatomite,mine,United States,2000,677000,t,
diatomite,mine,United States,2001,644000,t,
diatomite,mine,United States,2002,624000,t,
diatomite,mine,United States,2003,620000,t,
diatomite,mine,United States,2004,620000,t,
diatomite,mine,United States,2005,653000,t,
diatomite,mine,United States,2006,653000,t,
diatomite,mine,United States,2007,687000,t,
diatomite,mine,United States,2008,764000,t,
diatomite,mine,United States,2009,575000,t,
diatomite,mine,United States,2010,595000,t,
diatomite,mine,United States,2011,813000,t,
diatomite,mine,United States,2012,735000,t,
diatomite,mine,United States,2013,782000,t,
diatomite,mine,United States,2014,901000,t,
diatomite,mine,United States,2015,832000,t,
diatomite,mine,United States,2016,686000,t,
diatomite,mine,United States,2017,768000,t,
diatomite,mine,United States,2018,957000,t,
diatomite,mine,United States,2019,768000,t,
diatomite,mine,United States,2020,822000,t,
diatomite,mine,United States,2021,998000,t,
diatomite,mine,United States,2022,1100000,t,
diatomite,mine,World,1994,1440000,t,
diatomite,mine,World,1995,1370000,t,
diatomite,mine,World,1996,1410000,t,
diatomite,mine,World,1997,1800000,t,
diatomite,mine,World,1998,2150000,t,
diatomite,mine,World,1999,1960000,t,
diatomite,mine,World,2000,1890000,t,
diatomite,mine,World,2001,1700000,t,
diatomite,mine,World,2002,1730000,t,
diatomite,mine,World,2003,1950000,t,
diatomite,mine,World,2004,1930000,t,
diatomite,mine,World,2005,2020000,t,
diatomite,mine,World,2006,2160000,t,
diatomite,mine,World,2007,2100000,t,
diatomite,mine,World,2008,2200000,t,
diatomite,mine,World,2009,1840000,t,
diatomite,mine,World,2010,1820000,t,
diatomite,mine,World,2011,2100000,t,
diatomite,mine,World,2012,2120000,t,
diatomite,mine,World,2013,2270000,t,
diatomite,mine,World,2014,2260000,t,
diatomite,mine,World,2015,2670000,t,
diatomite,mine,World,2016,2950000,t,
diatomite,mine,World,2017,2460000,t,
diatomite,mine,World,2018,2840000,t,
diatomite,mine,World,2019,2190000,t,
diatomite,mine,World,2020,2320000,t,
diatomite,mine,World,2021,2450000,t,
diatomite,mine,World,2022,2500000,t,
feldspar,mine,Argentina,1999,80000,t,
feldspar,mine,Argentina,2000,61000,t,
feldspar,mine,Argentina,2001,60000,t,
feldspar,mine,Argentina,2002,60000,t,
feldspar,mine,Argentina,2003,60000,t,
feldspar,mine,Argentina,2006,150000,t,
feldspar,mine,Argentina,2007,170000,t,
feldspar,mine,Argentina,2008,292000,t,
feldspar,mine,Argentina,2009,214000,t,
feldspar,mine,Argentina,2010,215000,t,
feldspar,mine,Argentina,2011,215000,t,
feldspar,mine,Argentina,2012,215000,t,
feldspar,mine,Argentina,2013,230000,t,
feldspar,mine,Argentina,2014,220000,t,
feldspar,mine,Australia,2001,50000,t,
feldspar,mine,Australia,2002,50000,t,
feldspar,mine,Australia,2003,50000,t,
feldspar,mine,Brazil,1994,145000,t,
feldspar,mine,Brazil,1995,145000,t,
feldspar,mine,Brazil,1996,205000,t,
feldspar,mine,Brazil,1997,225000,t,
feldspar,mine,Brazil,1998,200000,t,
feldspar,mine,Brazil,1999,230000,t,
feldspar,mine,Brazil,2000,240000,t,
feldspar,mine,Brazil,2001,60000,t,
feldspar,mine,Brazil,2002,100000,t,
feldspar,mine,Brazil,2003,75000,t,
feldspar,mine,Brazil,2006,123000,t,
feldspar,mine,Brazil,2007,125000,t,
feldspar,mine,Brazil,2008,170000,t,
feldspar,mine,Brazil,2009,150000,t,
feldspar,mine,Brazil,2010,115000,t,
feldspar,mine,Brazil,2011,115000,t,
feldspar,mine,Brazil,2012,330000,t,
feldspar,mine,Brazil,2013,335000,t,
feldspar,mine,Brazil,2014,300000,t,
feldspar,mine,Brazil,2015,330000,t,
feldspar,mine,Brazil,2016,400000,t,
feldspar,mine,Brazil,2017,400000,t,
feldspar,mine,Brazil,2018,400000,t,
feldspar,mine,Brazil,2019,300000,t,
feldspar,mine,Brazil,2020,300000,t,
feldspar,mine,Brazil,2021,491000,t,
feldspar,mine,Brazil,2022,630000,t,
feldspar,mine,Bulgaria,2010,80000,t,
feldspar,mine,Bulgaria,2011,80000,t,
feldspar,mine,Bulgaria,2012,80000,t,
feldspar,mine,China,2006,1900000,t,
feldspar,mine,China,2007,2000000,t,
feldspar,mine,China,2008,2000000,t,
feldspar,mine,China,2009,2000000,t,
feldspar,mine,China,2010,2100000,t,
feldspar,mine,China,2011,2100000,t,
feldspar,mine,China,2012,2100000,t,
feldspar,mine,China,2013,2100000,t,
feldspar,mine,China,2014,2500000,t,
feldspar,mine,China,2015,2500000,t,
feldspar,mine,China,2016,3500000,t,
feldspar,mine,China,2017,4000000,t,
feldspar,mine,China,2018,2000000,t,
feldspar,mine,China,2019,2000000,t,
feldspar,mine,China,2020,2500000,t,
feldspar,mine,China,2021,2500000,t,
feldspar,mine,China,2022,2400000,t,
feldspar,mine,Colombia,1998,55000,t,
feldspar,mine,Colombia,1999,55000,t,
feldspar,mine,Colombia,2000,55000,t,
feldspar,mine,Colombia,2001,55000,t,
feldspar,mine,Colombia,2002,55000,t,
feldspar,mine,Colombia,2003,100000,t,
feldspar,mine,Colombia,2004,100000,t,
feldspar,mine,Colombia,2005,100000,t,
feldspar,mine,Colombia,2006,100000,t,
feldspar,mine,Colombia,2007,100000,t,
feldspar,mine,Colombia,2010,85000,t,
feldspar,mine,Colombia,2011,85000,t,
feldspar,mine,Czech Republic,2001,300000,t,
feldspar,mine,Czech Republic,2002,300000,t,
feldspar,mine,Czech Republic,2003,350000,t,
feldspar,mine,Czech Republic,2004,400000,t,
feldspar,mine,Czech Republic,2005,400000,t,
feldspar,mine,Czech Republic,2006,475000,t,
feldspar,mine,Czech Republic,2007,490000,t,
feldspar,mine,Czech Republic,2008,510000,t,
feldspar,mine,Czech Republic,2009,431000,t,
feldspar,mine,Czech Republic,2010,388000,t,
feldspar,mine,Czech Republic,2011,407000,t,
feldspar,mine,Czech Republic,2012,445000,t,
feldspar,mine,Czech Republic,2013,450000,t,
feldspar,mine,Czech Republic,2014,420000,t,
feldspar,mine,Czech Republic,2015,430000,t,
feldspar,mine,Czechia,2016,420000,t,
feldspar,mine,Czechia,2017,460000,t,
feldspar,mine,Czechia,2018,449000,t,
feldspar,mine,Czechia,2019,441000,t,
feldspar,mine,Czechia,2020,419000,t,
feldspar,mine,Czechia,2021,450000,t,
feldspar,mine,Czechia,2022,460000,t,
feldspar,mine,Egypt,2001,300000,t,
feldspar,mine,Egypt,2002,350000,t,
feldspar,mine,Egypt,2003,350000,t,
feldspar,mine,Egypt,2004,350000,t,
feldspar,mine,Egypt,2005,350000,t,
feldspar,mine,Egypt,2006,350000,t,
feldspar,mine,Egypt,2007,350000,t,
feldspar,mine,Egypt,2008,360000,t,
feldspar,mine,Egypt,2009,354000,t,
feldspar,mine,Egypt,2010,355000,t,
feldspar,mine,Egypt,2011,406000,t,
feldspar,mine,Egypt,2012,400000,t,
feldspar,mine,Egypt,2013,400000,t,
feldspar,mine,Egypt,2014,200000,t,
feldspar,mine,Egypt,2015,300000,t,
feldspar,mine,Egypt,2016,400000,t,
feldspar,mine,Egypt,2017,400000,t,
feldspar,mine,Egypt,2018,400000,t,
feldspar,mine,Egypt,2019,400000,t,
feldspar,mine,France,1994,300000,t,
feldspar,mine,France,1995,300000,t,
feldspar,mine,France,1996,600000,t,
feldspar,mine,France,1997,550000,t,
feldspar,mine,France,1998,500000,t,
feldspar,mine,France,1999,600000,t,
feldspar,mine,France,2000,600000,t,
feldspar,mine,France,2001,650000,t,
feldspar,mine,France,2002,650000,t,
feldspar,mine,France,2003,650000,t,
feldspar,mine,France,2004,650000,t,
feldspar,mine,France,2005,650000,t,
feldspar,mine,France,2006,650000,t,
feldspar,mine,France,2007,650000,t,
feldspar,mine,France,2008,650000,t,
feldspar,mine,France,2009,650000,t,
feldspar,mine,France,2010,650000,t,
feldspar,mine,France,2011,650000,t,
feldspar,mine,France,2012,650000,t,
feldspar,mine,France,2013,650000,t,
feldspar,mine,Germany,1994,350000,t,
feldspar,mine,Germany,1995,350000,t,
feldspar,mine,Germany,1996,375000,t,
feldspar,mine,Germany,1997,360000,t,
feldspar,mine,Germany,1998,450000,t,
feldspar,mine,Germany,1999,460000,t,
feldspar,mine,Germany,2000,460000,t,
feldspar,mine,Germany,2001,450000,t,
feldspar,mine,Germany,2002,450000,t,
feldspar,mine,Germany,2003,450000,t,
feldspar,mine,Germany,2004,450000,t,
feldspar,mine,Germany,2005,500000,t,
feldspar,mine,Germany,2006,167000,t,
feldspar,mine,Germany,2007,171000,t,
feldspar,mine,Germany,2008,170000,t,
feldspar,mine,Germany,2009,140000,t,
feldspar,mine,Germany,2010,150000,t,
feldspar,mine,Germany,2011,218000,t,
feldspar,mine,Germany,2012,205000,t,
feldspar,mine,Germany,2013,205000,t,
feldspar,mine,Germany,2014,200000,t,
feldspar,mine,Germany,2019,260000,t,
feldspar,mine,Greece,1999,65000,t,
feldspar,mine,Greece,2000,60000,t,
feldspar,mine,Greece,2001,95000,t,
feldspar,mine,Greece,2002,95000,t,
feldspar,mine,Greece,2003,95000,t,
feldspar,mine,India,1994,67000,t,
feldspar,mine,India,1995,65000,t,
feldspar,mine,India,1996,90000,t,
feldspar,mine,India,1997,90000,t,
feldspar,mine,India,1998,88000,t,
feldspar,mine,India,1999,105000,t,
feldspar,mine,India,2000,110000,t,
feldspar,mine,India,2001,110000,t,
feldspar,mine,India,2002,110000,t,
feldspar,mine,India,2003,150000,t,
feldspar,mine,India,2004,150000,t,
feldspar,mine,India,2005,150000,t,
feldspar,mine,India,2006,160000,t,
feldspar,mine,India,2007,160000,t,
feldspar,mine,India,2008,400000,t,
feldspar,mine,India,2009,410000,t,
feldspar,mine,India,2010,400000,t,
feldspar,mine,India,2011,420000,t,
feldspar,mine,India,2012,500000,t,
feldspar,mine,India,2013,1200000,t,
feldspar,mine,India,2014,1410000,t,
feldspar,mine,India,2015,1500000,t,
feldspar,mine,India,2016,1500000,t,
feldspar,mine,India,2017,1500000,t,
feldspar,mine,India,2018,4000000,t,
feldspar,mine,India,2019,4000000,t,
feldspar,mine,India,2020,6000000,t,
feldspar,mine,India,2021,6600000,t,
feldspar,mine,India,2022,6600000,t,
feldspar,mine,Iran,2001,250000,t,
feldspar,mine,Iran,2002,250000,t,
feldspar,mine,Iran,2003,190000,t,
feldspar,mine,Iran,2004,200000,t,
feldspar,mine,Iran,2005,250000,t,
feldspar,mine,Iran,2006,250000,t,
feldspar,mine,Iran,2007,260000,t,
feldspar,mine,Iran,2008,300000,t,
feldspar,mine,Iran,2009,500000,t,
feldspar,mine,Iran,2010,500000,t,
feldspar,mine,Iran,2011,500000,t,
feldspar,mine,Iran,2012,500000,t,
feldspar,mine,Iran,2013,580000,t,
feldspar,mine,Iran,2014,550000,t,
feldspar,mine,Iran,2015,1200000,t,
feldspar,mine,Iran,2016,1000000,t,
feldspar,mine,Iran,2017,1000000,t,
feldspar,mine,Iran,2018,750000,t,
feldspar,mine,Iran,2019,750000,t,
feldspar,mine,Iran,2020,2400000,t,
feldspar,mine,Iran,2021,2000000,t,
feldspar,mine,Iran,2022,2000000,t,
feldspar,mine,Italy,1994,1600000,t,
feldspar,mine,Italy,1995,1600000,t,
feldspar,mine,Italy,1996,1800000,t,
feldspar,mine,Italy,1997,2300000,t,
feldspar,mine,Italy,1998,2300000,t,
feldspar,mine,Italy,1999,2600000,t,
feldspar,mine,Italy,2000,2600000,t,
feldspar,mine,Italy,2001,2600000,t,
feldspar,mine,Italy,2002,2500000,t,
feldspar,mine,Italy,2003,2500000,t,
feldspar,mine,Italy,2004,2500000,t,
feldspar,mine,Italy,2005,2500000,t,
feldspar,mine,Italy,2006,3000000,t,
feldspar,mine,Italy,2007,4200000,t,
feldspar,mine,Italy,2008,4700000,t,
feldspar,mine,Italy,2009,4700000,t,
feldspar,mine,Italy,2010,4700000,t,
feldspar,mine,Italy,2011,4700000,t,
feldspar,mine,Italy,2012,4700000,t,
feldspar,mine,Italy,2013,4700000,t,
feldspar,mine,Italy,2014,4700000,t,
feldspar,mine,Italy,2015,4700000,t,
feldspar,mine,Italy,2016,4000000,t,
feldspar,mine,Italy,2017,3500000,t,
feldspar,mine,Italy,2018,4000000,t,
feldspar,mine,Italy,2019,4000000,t,
feldspar,mine,Italy,2020,2200000,t,
feldspar,mine,Italy,2021,2200000,t,
feldspar,mine,Italy,2022,2200000,t,
feldspar,mine,Japan,1994,53000,t,
feldspar,mine,Japan,1995,57000,t,
feldspar,mine,Japan,1996,59000,t,
feldspar,mine,Japan,1997,55000,t,
feldspar,mine,Japan,1998,52000,t,
feldspar,mine,Japan,1999,52000,t,
feldspar,mine,Japan,2000,52000,t,
feldspar,mine,Japan,2001,50000,t,
feldspar,mine,Japan,2002,50000,t,
feldspar,mine,Japan,2003,50000,t,
feldspar,mine,Japan,2005,1000000,t,
feldspar,mine,Japan,2006,1000000,t,
feldspar,mine,Japan,2007,750000,t,
feldspar,mine,Japan,2008,700000,t,
feldspar,mine,Japan,2009,700000,t,
feldspar,mine,Japan,2010,650000,t,
feldspar,mine,Japan,2011,650000,t,
feldspar,mine,Japan,2012,600000,t,
feldspar,mine,Japan,2013,105000,t,
feldspar,mine,Korea South,1994,500000,t,
feldspar,mine,Korea South,1995,320000,t,
feldspar,mine,Korea South,1996,320000,t,
feldspar,mine,Korea South,1997,320000,t,
feldspar,mine,Korea South,1998,320000,t,
feldspar,mine,Korea South,1999,250000,t,
feldspar,mine,Korea South,2000,330000,t,
feldspar,mine,Korea South,2001,300000,t,
feldspar,mine,Korea South,2002,390000,t,
feldspar,mine,Korea South,2003,400000,t,
feldspar,mine,Korea South,2004,480000,t,
feldspar,mine,Korea South,2005,540000,t,
feldspar,mine,Korea South,2006,500000,t,
feldspar,mine,Korea South,2007,399000,t,
feldspar,mine,Korea South,2008,400000,t,
feldspar,mine,Korea South,2009,623000,t,
feldspar,mine,Korea South,2010,600000,t,
feldspar,mine,Korea South,2011,500000,t,
feldspar,mine,Korea South,2012,400000,t,
feldspar,mine,Korea South,2013,350000,t,
feldspar,mine,Korea South,2014,340000,t,
feldspar,mine,Korea South,2015,601000,t,
feldspar,mine,Korea South,2016,600000,t,
feldspar,mine,Korea South,2017,600000,t,
feldspar,mine,Korea South,2018,617000,t,
feldspar,mine,Korea South,2019,620000,t,
feldspar,mine,Korea South,2020,415000,t,
feldspar,mine,Korea South,2021,987000,t,
feldspar,mine,Korea South,2022,1000000,t,
feldspar,mine,Malaysia,2007,150000,t,
feldspar,mine,Malaysia,2008,300000,t,
feldspar,mine,Malaysia,2009,357000,t,
feldspar,mine,Malaysia,2010,360000,t,
feldspar,mine,Malaysia,2011,400000,t,
feldspar,mine,Malaysia,2012,400000,t,
feldspar,mine,Malaysia,2013,450000,t,
feldspar,mine,Malaysia,2014,320000,t,
feldspar,mine,Malaysia,2015,343000,t,
feldspar,mine,Malaysia,2016,330000,t,
feldspar,mine,Malaysia,2017,350000,t,
feldspar,mine,Malaysia,2018,420000,t,
feldspar,mine,Malaysia,2019,202000,t,
feldspar,mine,Mexico,1994,130000,t,
feldspar,mine,Mexico,1995,140000,t,
feldspar,mine,Mexico,1996,130000,t,
feldspar,mine,Mexico,1997,143000,t,
feldspar,mine,Mexico,1998,160000,t,
feldspar,mine,Mexico,1999,210000,t,
feldspar,mine,Mexico,2000,334000,t,
feldspar,mine,Mexico,2001,350000,t,
feldspar,mine,Mexico,2002,325000,t,
feldspar,mine,Mexico,2003,330000,t,
feldspar,mine,Mexico,2004,350000,t,
feldspar,mine,Mexico,2005,350000,t,
feldspar,mine,Mexico,2006,450000,t,
feldspar,mine,Mexico,2007,460000,t,
feldspar,mine,Mexico,2008,433000,t,
feldspar,mine,Mexico,2009,383000,t,
feldspar,mine,Mexico,2010,399000,t,
feldspar,mine,Mexico,2011,382000,t,
feldspar,mine,Mexico,2012,380000,t,
feldspar,mine,Mexico,2013,380000,t,
feldspar,mine,Mexico,2019,210000,t,
feldspar,mine,Mexico,2020,300000,t,
feldspar,mine,Mexico,2021,356000,t,
feldspar,mine,Mexico,2022,320000,t,
feldspar,mine,Norway,1994,100000,t,
feldspar,mine,Norway,1995,100000,t,
feldspar,mine,Norway,1996,65000,t,
feldspar,mine,Norway,1997,75000,t,
feldspar,mine,Norway,1998,75000,t,
feldspar,mine,Norway,1999,75000,t,
feldspar,mine,Norway,2000,75000,t,
feldspar,mine,Norway,2001,73000,t,
feldspar,mine,Norway,2002,75000,t,
feldspar,mine,Norway,2003,74000,t,
feldspar,mine,Other countries,1994,585000,t,
feldspar,mine,Other countries,1995,643000,t,
feldspar,mine,Other countries,1996,466000,t,
feldspar,mine,Other countries,1997,697000,t,
feldspar,mine,Other countries,1998,655000,t,
feldspar,mine,Other countries,1999,948000,t,
feldspar,mine,Other countries,2000,995000,t,
feldspar,mine,Other countries,2001,438000,t,
feldspar,mine,Other countries,2002,493000,t,
feldspar,mine,Other countries,2003,529000,t,
feldspar,mine,Other countries,2004,955000,t,
feldspar,mine,Other countries,2005,1110000,t,
feldspar,mine,Other countries,2006,851000,t,
feldspar,mine,Other countries,2007,850000,t,
feldspar,mine,Other countries,2008,927000,t,
feldspar,mine,Other countries,2009,760000,t,
feldspar,mine,Other countries,2010,450000,t,
feldspar,mine,Other countries,2011,580000,t,
feldspar,mine,Other countries,2012,620000,t,
feldspar,mine,Other countries,2013,580000,t,
feldspar,mine,Other countries,2014,1640000,t,
feldspar,mine,Other countries,2015,2090000,t,
feldspar,mine,Other countries,2016,2500000,t,
feldspar,mine,Other countries,2017,2400000,t,
feldspar,mine,Other countries,2018,2380000,t,
feldspar,mine,Other countries,2019,1320000,t,
feldspar,mine,Other countries,2020,1920000,t,
feldspar,mine,Other countries,2021,2610000,t,
feldspar,mine,Other countries,2022,2600000,t,
feldspar,mine,Pakistan,2021,440000,t,
feldspar,mine,Pakistan,2022,360000,t,
feldspar,mine,Poland,2002,200000,t,
feldspar,mine,Poland,2003,240000,t,
feldspar,mine,Poland,2004,300000,t,
feldspar,mine,Poland,2005,300000,t,
feldspar,mine,Poland,2006,300000,t,
feldspar,mine,Poland,2007,350000,t,
feldspar,mine,Poland,2008,440000,t,
feldspar,mine,Poland,2009,550000,t,
feldspar,mine,Poland,2010,450000,t,
feldspar,mine,Poland,2011,450000,t,
feldspar,mine,Poland,2012,510000,t,
feldspar,mine,Poland,2013,380000,t,
feldspar,mine,Poland,2014,400000,t,
feldspar,mine,Poland,2015,400000,t,
feldspar,mine,Poland,2016,600000,t,
feldspar,mine,Poland,2017,500000,t,
feldspar,mine,Poland,2020,405000,t,
feldspar,mine,Portugal,1998,100000,t,
feldspar,mine,Portugal,1999,120000,t,
feldspar,mine,Portugal,2000,120000,t,
feldspar,mine,Portugal,2001,120000,t,
feldspar,mine,Portugal,2002,120000,t,
feldspar,mine,Portugal,2003,120000,t,
feldspar,mine,Portugal,2004,120000,t,
feldspar,mine,Portugal,2005,120000,t,
feldspar,mine,Portugal,2006,134000,t,
feldspar,mine,Portugal,2007,130000,t,
feldspar,mine,Portugal,2008,372000,t,
feldspar,mine,Portugal,2009,320000,t,
feldspar,mine,Portugal,2010,315000,t,
feldspar,mine,Portugal,2011,113000,t,
feldspar,mine,Portugal,2012,113000,t,
feldspar,mine,Portugal,2013,113000,t,
feldspar,mine,Russia,1994,55000,t,
feldspar,mine,Russia,1995,55000,t,
feldspar,mine,Russia,1996,75000,t,
feldspar,mine,Russia,1997,45000,t,
feldspar,mine,Russia,1998,40000,t,
feldspar,mine,Russia,2013,240000,t,
feldspar,mine,Russia,2015,400000,t,
feldspar,mine,Russia,2019,290000,t,
feldspar,mine,Russia,2020,300000,t,
feldspar,mine,Saudi Arabia,2009,500000,t,
feldspar,mine,Saudi Arabia,2010,500000,t,
feldspar,mine,Saudi Arabia,2011,50000,t,
feldspar,mine,Saudi Arabia,2012,50000,t,
feldspar,mine,Saudi Arabia,2013,168000,t,
feldspar,mine,Saudi Arabia,2019,210000,t,
feldspar,mine,Saudi Arabia,2021,549000,t,
feldspar,mine,Saudi Arabia,2022,820000,t,
feldspar,mine,South Africa,2001,67000,t,
feldspar,mine,South Africa,2002,57000,t,
feldspar,mine,South Africa,2003,57000,t,
feldspar,mine,South Africa,2009,100000,t,
feldspar,mine,South Africa,2010,95000,t,
feldspar,mine,South Africa,2011,95000,t,
feldspar,mine,South Africa,2012,94000,t,
feldspar,mine,South Africa,2013,191000,t,
feldspar,mine,Spain,1994,200000,t,
feldspar,mine,Spain,1995,225000,t,
feldspar,mine,Spain,1996,225000,t,
feldspar,mine,Spain,1997,350000,t,
feldspar,mine,Spain,1998,425000,t,
feldspar,mine,Spain,1999,425000,t,
feldspar,mine,Spain,2000,425000,t,
feldspar,mine,Spain,2001,450000,t,
feldspar,mine,Spain,2002,450000,t,
feldspar,mine,Spain,2003,450000,t,
feldspar,mine,Spain,2004,450000,t,
feldspar,mine,Spain,2005,450000,t,
feldspar,mine,Spain,2006,580000,t,
feldspar,mine,Spain,2007,600000,t,
feldspar,mine,Spain,2008,675000,t,
feldspar,mine,Spain,2009,550000,t,
feldspar,mine,Spain,2010,550000,t,
feldspar,mine,Spain,2011,590000,t,
feldspar,mine,Spain,2012,510000,t,
feldspar,mine,Spain,2013,530000,t,
feldspar,mine,Spain,2014,600000,t,
feldspar,mine,Spain,2015,600000,t,
feldspar,mine,Spain,2016,600000,t,
feldspar,mine,Spain,2017,600000,t,
feldspar,mine,Spain,2018,600000,t,
feldspar,mine,Spain,2019,800000,t,
feldspar,mine,Spain,2020,650000,t,
feldspar,mine,Spain,2021,800000,t,
feldspar,mine,Spain,2022,800000,t,
feldspar,mine,Thailand,1994,600000,t,
feldspar,mine,Thailand,1995,590000,t,
feldspar,mine,Thailand,1996,650000,t,
feldspar,mine,Thailand,1997,660000,t,
feldspar,mine,Thailand,1998,600000,t,
feldspar,mine,Thailand,1999,500000,t,
feldspar,mine,Thailand,2000,543000,t,
feldspar,mine,Thailand,2001,550000,t,
feldspar,mine,Thailand,2002,540000,t,
feldspar,mine,Thailand,2003,780000,t,
feldspar,mine,Thailand,2004,825000,t,
feldspar,mine,Thailand,2005,1000000,t,
feldspar,mine,Thailand,2006,1000000,t,
feldspar,mine,Thailand,2007,1000000,t,
feldspar,mine,Thailand,2008,678000,t,
feldspar,mine,Thailand,2009,600000,t,
feldspar,mine,Thailand,2010,600000,t,
feldspar,mine,Thailand,2011,600000,t,
feldspar,mine,Thailand,2012,1100000,t,
feldspar,mine,Thailand,2013,1100000,t,
feldspar,mine,Thailand,2014,1100000,t,
feldspar,mine,Thailand,2015,1300000,t,
feldspar,mine,Thailand,2016,1300000,t,
feldspar,mine,Thailand,2017,1390000,t,
feldspar,mine,Thailand,2018,1500000,t,
feldspar,mine,Thailand,2019,1200000,t,
feldspar,mine,Thailand,2020,1200000,t,
feldspar,mine,Thailand,2021,1200000,t,
feldspar,mine,Thailand,2022,1300000,t,
feldspar,mine,Turkey,1994,500000,t,
feldspar,mine,Turkey,1995,400000,t,
feldspar,mine,Turkey,1996,500000,t,
feldspar,mine,Turkey,1997,1000000,t,
feldspar,mine,Turkey,1998,1000000,t,
feldspar,mine,Turkey,1999,1100000,t,
feldspar,mine,Turkey,2000,1200000,t,
feldspar,mine,Turkey,2001,1200000,t,
feldspar,mine,Turkey,2002,1200000,t,
feldspar,mine,Turkey,2003,1800000,t,
feldspar,mine,Turkey,2004,1900000,t,
feldspar,mine,Turkey,2005,2200000,t,
feldspar,mine,Turkey,2006,2300000,t,
feldspar,mine,Turkey,2007,3800000,t,
feldspar,mine,Turkey,2008,6500000,t,
feldspar,mine,Turkey,2009,4210000,t,
feldspar,mine,Turkey,2010,5000000,t,
feldspar,mine,Turkey,2011,6000000,t,
feldspar,mine,Turkey,2012,7100000,t,
feldspar,mine,Turkey,2013,5000000,t,
feldspar,mine,Turkey,2014,4600000,t,
feldspar,mine,Turkey,2015,5000000,t,
feldspar,mine,Turkey,2016,5500000,t,
feldspar,mine,Turkey,2017,7150000,t,
feldspar,mine,Turkey,2018,7500000,t,
feldspar,mine,Turkey,2019,5500000,t,
feldspar,mine,Turkey,2020,5000000,t,
feldspar,mine,Turkey,2021,6100000,t,
feldspar,mine,Turkey,2022,6200000,t,
feldspar,mine,United States,1994,765000,t,
feldspar,mine,United States,1995,880000,t,
feldspar,mine,United States,1996,890000,t,
feldspar,mine,United States,1997,900000,t,
feldspar,mine,United States,1998,820000,t,
feldspar,mine,United States,1999,875000,t,
feldspar,mine,United States,2000,790000,t,
feldspar,mine,United States,2001,800000,t,
feldspar,mine,United States,2002,790000,t,
feldspar,mine,United States,2003,800000,t,
feldspar,mine,United States,2004,770000,t,
feldspar,mine,United States,2005,750000,t,
feldspar,mine,United States,2006,760000,t,
feldspar,mine,United States,2007,730000,t,
feldspar,mine,United States,2008,680000,t,
feldspar,mine,United States,2009,550000,t,
feldspar,mine,United States,2010,670000,t,
feldspar,mine,United States,2011,650000,t,
feldspar,mine,United States,2012,525000,t,
feldspar,mine,United States,2013,550000,t,
feldspar,mine,United States,2014,530000,t,
feldspar,mine,United States,2015,520000,t,
feldspar,mine,United States,2016,470000,t,
feldspar,mine,United States,2017,440000,t,
feldspar,mine,United States,2018,550000,t,
feldspar,mine,United States,2019,450000,t,
feldspar,mine,United States,2020,430000,t,
feldspar,mine,United States,2021,340000,t,
feldspar,mine,United States,2022,420000,t,
feldspar,mine,Uzbekistan,1994,70000,t,
feldspar,mine,Uzbekistan,1995,70000,t,
feldspar,mine,Uzbekistan,1996,70000,t,
feldspar,mine,Uzbekistan,1997,70000,t,
feldspar,mine,Uzbekistan,1998,70000,t,
feldspar,mine,Uzbekistan,1999,70000,t,
feldspar,mine,Uzbekistan,2000,70000,t,
feldspar,mine,Venezuela,1994,230000,t,
feldspar,mine,Venezuela,1995,170000,t,
feldspar,mine,Venezuela,1996,170000,t,
feldspar,mine,Venezuela,1997,150000,t,
feldspar,mine,Venezuela,1998,170000,t,
feldspar,mine,Venezuela,1999,160000,t,
feldspar,mine,Venezuela,2000,160000,t,
feldspar,mine,Venezuela,2001,140000,t,
feldspar,mine,Venezuela,2002,140000,t,
feldspar,mine,Venezuela,2003,150000,t,
feldspar,mine,Venezuela,2004,150000,t,
feldspar,mine,Venezuela,2005,180000,t,
feldspar,mine,Venezuela,2006,200000,t,
feldspar,mine,Venezuela,2007,200000,t,
feldspar,mine,Venezuela,2008,200000,t,
feldspar,mine,Venezuela,2009,200000,t,
feldspar,mine,Venezuela,2010,200000,t,
feldspar,mine,Venezuela,2011,200000,t,
feldspar,mine,Venezuela,2012,200000,t,
feldspar,mine,Venezuela,2013,170000,t,
feldspar,mine,Venezuela,2015,500000,t,
feldspar,mine,Venezuela,2016,500000,t,
feldspar,mine,World,1994,6250000,t,
feldspar,mine,World,1995,6110000,t,
feldspar,mine,World,1996,6750000,t,
feldspar,mine,World,1997,8050000,t,
feldspar,mine,World,1998,8080000,t,
feldspar,mine,World,1999,8980000,t,
feldspar,mine,World,2000,9280000,t,
feldspar,mine,World,2001,9500000,t,
feldspar,mine,World,2002,9800000,t,
feldspar,mine,World,2003,10800000,t,
feldspar,mine,World,2004,11100000,t,
feldspar,mine,World,2005,12900000,t,
feldspar,mine,World,2006,15400000,t,
feldspar,mine,World,2007,18100000,t,
feldspar,mine,World,2008,21900000,t,
feldspar,mine,World,2009,20000000,t,
feldspar,mine,World,2010,20600000,t,
feldspar,mine,World,2011,21200000,t,
feldspar,mine,World,2012,22700000,t,
feldspar,mine,World,2013,21200000,t,
feldspar,mine,World,2014,20000000,t,
feldspar,mine,World,2015,22700000,t,
feldspar,mine,World,2016,23600000,t,
feldspar,mine,World,2017,24700000,t,
feldspar,mine,World,2018,25600000,t,
feldspar,mine,World,2019,23000000,t,
feldspar,mine,World,2020,24400000,t,
feldspar,mine,World,2021,27600000,t,
feldspar,mine,World,2022,28000000,t,
fluorspar,mine,Argentina,2016,39000,t,
fluorspar,mine,Argentina,2017,14000,t,
fluorspar,mine,Argentina,2018,14000,t,
fluorspar,mine,Brazil,1994,90000,t,
fluorspar,mine,Brazil,1995,80000,t,
fluorspar,mine,Brazil,1996,52000,t,
fluorspar,mine,Brazil,1997,60000,t,
fluorspar,mine,Brazil,1998,78000,t,
fluorspar,mine,Brazil,2009,64000,t,
fluorspar,mine,Brazil,2010,64000,t,
fluorspar,mine,Brazil,2011,26000,t,
fluorspar,mine,Brazil,2012,25000,t,
fluorspar,mine,Brazil,2016,24000,t,
fluorspar,mine,Brazil,2017,24000,t,
fluorspar,mine,Brazil,2018,26000,t,
fluorspar,mine,Bulgaria,2013,60000,t,
fluorspar,mine,Burma,2018,70000,t,
fluorspar,mine,Burma,2019,53000,t,
fluorspar,mine,Canada,2018,20000,t,
fluorspar,mine,Canada,2019,80000,t,
fluorspar,mine,Canada,2020,100000,t,
fluorspar,mine,Canada,2021,140000,t,
fluorspar,mine,Canada,2022,18000,t,
fluorspar,mine,China,1994,2100000,t,
fluorspar,mine,China,1995,1900000,t,
fluorspar,mine,China,1996,2150000,t,
fluorspar,mine,China,1997,2400000,t,
fluorspar,mine,China,1998,2550000,t,
fluorspar,mine,China,1999,2400000,t,
fluorspar,mine,China,2000,2450000,t,
fluorspar,mine,China,2001,2450000,t,
fluorspar,mine,China,2002,2450000,t,
fluorspar,mine,China,2003,2650000,t,
fluorspar,mine,China,2004,2700000,t,
fluorspar,mine,China,2005,2700000,t,
fluorspar,mine,China,2006,2750000,t,
fluorspar,mine,China,2007,3200000,t,
fluorspar,mine,China,2008,3250000,t,
fluorspar,mine,China,2009,2900000,t,
fluorspar,mine,China,2010,3300000,t,
fluorspar,mine,China,2011,4700000,t,
fluorspar,mine,China,2012,4400000,t,
fluorspar,mine,China,2013,4400000,t,
fluorspar,mine,China,2014,3800000,t,
fluorspar,mine,China,2015,4400000,t,
fluorspar,mine,China,2016,3800000,t,
fluorspar,mine,China,2017,3500000,t,
fluorspar,mine,China,2018,4000000,t,
fluorspar,mine,China,2019,4300000,t,
fluorspar,mine,China,2020,5400000,t,
fluorspar,mine,China,2021,5700000,t,
fluorspar,mine,China,2022,5700000,t,
fluorspar,mine,France,1994,125000,t,
fluorspar,mine,France,1995,125000,t,
fluorspar,mine,France,1996,105000,t,
fluorspar,mine,France,1997,110000,t,
fluorspar,mine,France,1998,110000,t,
fluorspar,mine,France,1999,107000,t,
fluorspar,mine,France,2000,100000,t,
fluorspar,mine,France,2001,110000,t,
fluorspar,mine,France,2002,105000,t,
fluorspar,mine,France,2003,105000,t,
fluorspar,mine,France,2004,90000,t,
fluorspar,mine,France,2005,90000,t,
fluorspar,mine,France,2006,40000,t,
fluorspar,mine,Germany,2013,55000,t,
fluorspar,mine,Germany,2014,60000,t,
fluorspar,mine,Germany,2015,40000,t,
fluorspar,mine,Germany,2016,50000,t,
fluorspar,mine,Germany,2017,55000,t,
fluorspar,mine,Germany,2018,45000,t,
fluorspar,mine,Germany,2019,50000,t,
fluorspar,mine,Germany,2020,80000,t,
fluorspar,mine,Germany,2021,65000,t,
fluorspar,mine,Germany,2022,65000,t,
fluorspar,mine,Iran,2013,70000,t,
fluorspar,mine,Iran,2014,90000,t,
fluorspar,mine,Iran,2015,80000,t,
fluorspar,mine,Iran,2016,40000,t,
fluorspar,mine,Iran,2017,70000,t,
fluorspar,mine,Iran,2018,70000,t,
fluorspar,mine,Iran,2019,55000,t,
fluorspar,mine,Iran,2020,56000,t,
fluorspar,mine,Iran,2021,50000,t,
fluorspar,mine,Iran,2022,50000,t,
fluorspar,mine,Italy,1999,110000,t,
fluorspar,mine,Italy,2000,65000,t,
fluorspar,mine,Italy,2001,45000,t,
fluorspar,mine,Kazakhstan,2009,67000,t,
fluorspar,mine,Kazakhstan,2010,67000,t,
fluorspar,mine,Kazakhstan,2011,67000,t,
fluorspar,mine,Kazakhstan,2012,65000,t,
fluorspar,mine,Kazakhstan,2013,65000,t,
fluorspar,mine,Kazakhstan,2014,110000,t,
fluorspar,mine,Kazakhstan,2015,110000,t,
fluorspar,mine,Kazakhstan,2016,110000,t,
fluorspar,mine,Kazakhstan,2019,88000,t,
fluorspar,mine,Kazakhstan,2020,77000,t,
fluorspar,mine,Kazakhstan,2021,67000,t,
fluorspar,mine,Kazakhstan,2022,67000,t,
fluorspar,mine,Kenya,1994,64000,t,
fluorspar,mine,Kenya,1995,91000,t,
fluorspar,mine,Kenya,1996,80000,t,
fluorspar,mine,Kenya,1997,90000,t,
fluorspar,mine,Kenya,1998,70000,t,
fluorspar,mine,Kenya,1999,98000,t,
fluorspar,mine,Kenya,2000,90000,t,
fluorspar,mine,Kenya,2001,108000,t,
fluorspar,mine,Kenya,2002,98000,t,
fluorspar,mine,Kenya,2003,100000,t,
fluorspar,mine,Kenya,2004,108000,t,
fluorspar,mine,Kenya,2005,97000,t,
fluorspar,mine,Kenya,2006,83000,t,
fluorspar,mine,Kenya,2007,82000,t,
fluorspar,mine,Kenya,2008,98000,t,
fluorspar,mine,Kenya,2009,16000,t,
fluorspar,mine,Kenya,2010,44000,t,
fluorspar,mine,Kenya,2011,117000,t,
fluorspar,mine,Kenya,2012,110000,t,
fluorspar,mine,Kenya,2013,49000,t,
fluorspar,mine,Kenya,2014,70000,t,
fluorspar,mine,Kenya,2015,63000,t,
fluorspar,mine,Kenya,2016,43000,t,
fluorspar,mine,Mexico,1994,327000,t,
fluorspar,mine,Mexico,1995,523000,t,
fluorspar,mine,Mexico,1996,540000,t,
fluorspar,mine,Mexico,1997,553000,t,
fluorspar,mine,Mexico,1998,598000,t,
fluorspar,mine,Mexico,1999,564000,t,
fluorspar,mine,Mexico,2000,635000,t,
fluorspar,mine,Mexico,2001,635000,t,
fluorspar,mine,Mexico,2002,650000,t,
fluorspar,mine,Mexico,2003,730000,t,
fluorspar,mine,Mexico,2004,808000,t,
fluorspar,mine,Mexico,2005,873000,t,
fluorspar,mine,Mexico,2006,938000,t,
fluorspar,mine,Mexico,2007,933000,t,
fluorspar,mine,Mexico,2008,1060000,t,
fluorspar,mine,Mexico,2009,1040000,t,
fluorspar,mine,Mexico,2010,1070000,t,
fluorspar,mine,Mexico,2011,1207000,t,
fluorspar,mine,Mexico,2012,1200000,t,
fluorspar,mine,Mexico,2013,1230000,t,
fluorspar,mine,Mexico,2014,1110000,t,
fluorspar,mine,Mexico,2015,1030000,t,
fluorspar,mine,Mexico,2016,988000,t,
fluorspar,mine,Mexico,2017,1020000,t,
fluorspar,mine,Mexico,2018,1080000,t,
fluorspar,mine,Mexico,2019,1230000,t,
fluorspar,mine,Mexico,2020,915000,t,
fluorspar,mine,Mexico,2021,1000000,t,
fluorspar,mine,Mexico,2022,970000,t,
fluorspar,mine,Mongolia,1999,154000,t,
fluorspar,mine,Mongolia,2000,199000,t,
fluorspar,mine,Mongolia,2001,200000,t,
fluorspar,mine,Mongolia,2002,200000,t,
fluorspar,mine,Mongolia,2003,190000,t,
fluorspar,mine,Mongolia,2004,295000,t,
fluorspar,mine,Mongolia,2005,368000,t,
fluorspar,mine,Mongolia,2006,388000,t,
fluorspar,mine,Mongolia,2007,380000,t,
fluorspar,mine,Mongolia,2008,380000,t,
fluorspar,mine,Mongolia,2009,460000,t,
fluorspar,mine,Mongolia,2010,420000,t,
fluorspar,mine,Mongolia,2011,416000,t,
fluorspar,mine,Mongolia,2012,471000,t,
fluorspar,mine,Mongolia,2013,226000,t,
fluorspar,mine,Mongolia,2014,375000,t,
fluorspar,mine,Mongolia,2015,231000,t,
fluorspar,mine,Mongolia,2016,202000,t,
fluorspar,mine,Mongolia,2017,220000,t,
fluorspar,mine,Mongolia,2018,605000,t,
fluorspar,mine,Mongolia,2019,718000,t,
fluorspar,mine,Mongolia,2020,685000,t,
fluorspar,mine,Mongolia,2021,650000,t,
fluorspar,mine,Mongolia,2022,350000,t,
fluorspar,mine,Morocco,1994,85000,t,
fluorspar,mine,Morocco,1995,105000,t,
fluorspar,mine,Morocco,1996,100000,t,
fluorspar,mine,Morocco,1997,104000,t,
fluorspar,mine,Morocco,1998,110000,t,
fluorspar,mine,Morocco,1999,110000,t,
fluorspar,mine,Morocco,2000,100000,t,
fluorspar,mine,Morocco,2001,75000,t,
fluorspar,mine,Morocco,2002,96000,t,
fluorspar,mine,Morocco,2003,75000,t,
fluorspar,mine,Morocco,2004,81000,t,
fluorspar,mine,Morocco,2005,95000,t,
fluorspar,mine,Morocco,2006,95000,t,
fluorspar,mine,Morocco,2007,90000,t,
fluorspar,mine,Morocco,2008,61000,t,
fluorspar,mine,Morocco,2009,75000,t,
fluorspar,mine,Morocco,2010,75000,t,
fluorspar,mine,Morocco,2011,79000,t,
fluorspar,mine,Morocco,2012,78000,t,
fluorspar,mine,Morocco,2013,76000,t,
fluorspar,mine,Morocco,2014,75000,t,
fluorspar,mine,Morocco,2015,79000,t,
fluorspar,mine,Morocco,2016,70000,t,
fluorspar,mine,Morocco,2017,78000,t,
fluorspar,mine,Morocco,2018,65000,t,
fluorspar,mine,Morocco,2019,88000,t,
fluorspar,mine,Morocco,2020,82000,t,
fluorspar,mine,Morocco,2021,77000,t,
fluorspar,mine,Morocco,2022,77000,t,
fluorspar,mine,Namibia,2000,66000,t,
fluorspar,mine,Namibia,2001,83000,t,
fluorspar,mine,Namibia,2002,81000,t,
fluorspar,mine,Namibia,2003,79000,t,
fluorspar,mine,Namibia,2004,105000,t,
fluorspar,mine,Namibia,2005,116000,t,
fluorspar,mine,Namibia,2006,130000,t,
fluorspar,mine,Namibia,2007,118000,t,
fluorspar,mine,Namibia,2008,109000,t,
fluorspar,mine,Namibia,2009,74000,t,
fluorspar,mine,Namibia,2010,95000,t,
fluorspar,mine,Namibia,2011,80000,t,
fluorspar,mine,Namibia,2012,80000,t,
fluorspar,mine,Namibia,2013,50000,t,
fluorspar,mine,Namibia,2014,65000,t,
fluorspar,mine,Other countries,1994,682000,t,
fluorspar,mine,Other countries,1995,708000,t,
fluorspar,mine,Other countries,1996,723000,t,
fluorspar,mine,Other countries,1997,899000,t,
fluorspar,mine,Other countries,1998,743000,t,
fluorspar,mine,Other countries,1999,617000,t,
fluorspar,mine,Other countries,2000,310000,t,
fluorspar,mine,Other countries,2001,220000,t,
fluorspar,mine,Other countries,2002,310000,t,
fluorspar,mine,Other countries,2003,290000,t,
fluorspar,mine,Other countries,2004,290000,t,
fluorspar,mine,Other countries,2005,306000,t,
fluorspar,mine,Other countries,2006,294000,t,
fluorspar,mine,Other countries,2007,270000,t,
fluorspar,mine,Other countries,2008,350000,t,
fluorspar,mine,Other countries,2009,180000,t,
fluorspar,mine,Other countries,2010,290000,t,
fluorspar,mine,Other countries,2011,200000,t,
fluorspar,mine,Other countries,2012,200000,t,
fluorspar,mine,Other countries,2013,73000,t,
fluorspar,mine,Other countries,2014,177000,t,
fluorspar,mine,Other countries,2015,109000,t,
fluorspar,mine,Other countries,2016,33000,t,
fluorspar,mine,Other countries,2017,26000,t,
fluorspar,mine,Other countries,2018,40000,t,
fluorspar,mine,Other countries,2019,107000,t,
fluorspar,mine,Other countries,2020,110000,t,
fluorspar,mine,Other countries,2021,93000,t,
fluorspar,mine,Other countries,2022,98000,t,
fluorspar,mine,Pakistan,2019,100000,t,
fluorspar,mine,Pakistan,2020,55000,t,
fluorspar,mine,Pakistan,2021,65000,t,
fluorspar,mine,Pakistan,2022,65000,t,
fluorspar,mine,Russia,2000,160000,t,
fluorspar,mine,Russia,2001,190000,t,
fluorspar,mine,Russia,2002,200000,t,
fluorspar,mine,Russia,2003,170000,t,
fluorspar,mine,Russia,2004,170000,t,
fluorspar,mine,Russia,2005,210000,t,
fluorspar,mine,Russia,2006,210000,t,
fluorspar,mine,Russia,2007,180000,t,
fluorspar,mine,Russia,2008,269000,t,
fluorspar,mine,Russia,2009,240000,t,
fluorspar,mine,Russia,2010,250000,t,
fluorspar,mine,Russia,2011,260000,t,
fluorspar,mine,Russia,2012,100000,t,
fluorspar,mine,Russia,2013,80000,t,
fluorspar,mine,South Africa,1994,174000,t,
fluorspar,mine,South Africa,1995,196000,t,
fluorspar,mine,South Africa,1996,217000,t,
fluorspar,mine,South Africa,1997,217000,t,
fluorspar,mine,South Africa,1998,226000,t,
fluorspar,mine,South Africa,1999,217000,t,
fluorspar,mine,South Africa,2000,212000,t,
fluorspar,mine,South Africa,2001,286000,t,
fluorspar,mine,South Africa,2002,227000,t,
fluorspar,mine,South Africa,2003,235000,t,
fluorspar,mine,South Africa,2004,275000,t,
fluorspar,mine,South Africa,2005,265000,t,
fluorspar,mine,South Africa,2006,270000,t,
fluorspar,mine,South Africa,2007,285000,t,
fluorspar,mine,South Africa,2008,316000,t,
fluorspar,mine,South Africa,2009,204000,t,
fluorspar,mine,South Africa,2010,200000,t,
fluorspar,mine,South Africa,2011,240000,t,
fluorspar,mine,South Africa,2012,225000,t,
fluorspar,mine,South Africa,2013,175000,t,
fluorspar,mine,South Africa,2014,285000,t,
fluorspar,mine,South Africa,2015,135000,t,
fluorspar,mine,South Africa,2016,165000,t,
fluorspar,mine,South Africa,2017,257000,t,
fluorspar,mine,South Africa,2018,242000,t,
fluorspar,mine,South Africa,2019,210000,t,
fluorspar,mine,South Africa,2020,330000,t,
fluorspar,mine,South Africa,2021,403000,t,
fluorspar,mine,South Africa,2022,420000,t,
fluorspar,mine,Spain,1994,95000,t,
fluorspar,mine,Spain,1995,97000,t,
fluorspar,mine,Spain,1996,105000,t,
fluorspar,mine,Spain,1997,120000,t,
fluorspar,mine,Spain,1998,120000,t,
fluorspar,mine,Spain,1999,133000,t,
fluorspar,mine,Spain,2000,133000,t,
fluorspar,mine,Spain,2001,130000,t,
fluorspar,mine,Spain,2002,130000,t,
fluorspar,mine,Spain,2003,130000,t,
fluorspar,mine,Spain,2004,140000,t,
fluorspar,mine,Spain,2005,140000,t,
fluorspar,mine,Spain,2006,132000,t,
fluorspar,mine,Spain,2007,150000,t,
fluorspar,mine,Spain,2008,149000,t,
fluorspar,mine,Spain,2009,140000,t,
fluorspar,mine,Spain,2010,135000,t,
fluorspar,mine,Spain,2011,124000,t,
fluorspar,mine,Spain,2012,117000,t,
fluorspar,mine,Spain,2013,117000,t,
fluorspar,mine,Spain,2014,98000,t,
fluorspar,mine,Spain,2015,98000,t,
fluorspar,mine,Spain,2016,130000,t,
fluorspar,mine,Spain,2017,142000,t,
fluorspar,mine,Spain,2018,145000,t,
fluorspar,mine,Spain,2019,139000,t,
fluorspar,mine,Spain,2020,131000,t,
fluorspar,mine,Spain,2021,155000,t,
fluorspar,mine,Spain,2022,160000,t,
fluorspar,mine,Thailand,2015,50000,t,
fluorspar,mine,Thailand,2016,42000,t,
fluorspar,mine,Thailand,2017,31000,t,
fluorspar,mine,Thailand,2018,48000,t,
fluorspar,mine,United Kingdom,1994,59000,t,
fluorspar,mine,United Kingdom,1995,64000,t,
fluorspar,mine,United Kingdom,1996,60000,t,
fluorspar,mine,United Kingdom,1997,67000,t,
fluorspar,mine,United Kingdom,1998,65000,t,
fluorspar,mine,United Kingdom,2013,45000,t,
fluorspar,mine,United Kingdom,2014,77000,t,
fluorspar,mine,United Kingdom,2015,81000,t,
fluorspar,mine,United Kingdom,2016,17000,t,
fluorspar,mine,United Kingdom,2017,12000,t,
fluorspar,mine,United Kingdom,2018,11000,t,
fluorspar,mine,United States,1994,49000,t,
fluorspar,mine,United States,1995,51000,t,
fluorspar,mine,United States,1996,8000,t,
fluorspar,mine,Vietnam,2015,168000,t,
fluorspar,mine,Vietnam,2016,175000,t,
fluorspar,mine,Vietnam,2017,236000,t,
fluorspar,mine,Vietnam,2018,239000,t,
fluorspar,mine,Vietnam,2019,238000,t,
fluorspar,mine,Vietnam,2020,220000,t,
fluorspar,mine,Vietnam,2021,215000,t,
fluorspar,mine,Vietnam,2022,220000,t,
fluorspar,mine,World,1994,3850000,t,
fluorspar,mine,World,1995,3940000,t,
fluorspar,mine,World,1996,4140000,t,
fluorspar,mine,World,1997,4620000,t,
fluorspar,mine,World,1998,4670000,t,
fluorspar,mine,World,1999,4510000,t,
fluorspar,mine,World,2000,4520000,t,
fluorspar,mine,World,2001,4530000,t,
fluorspar,mine,World,2002,4550000,t,
fluorspar,mine,World,2003,4750000,t,
fluorspar,mine,World,2004,5060000,t,
fluorspar,mine,World,2005,5260000,t,
fluorspar,mine,World,2006,5330000,t,
fluorspar,mine,World,2007,5690000,t,
fluorspar,mine,World,2008,6040000,t,
fluorspar,mine,World,2009,5460000,t,
fluorspar,mine,World,2010,6010000,t,
fluorspar,mine,World,2011,7520000,t,
fluorspar,mine,World,2012,7070000,t,
fluorspar,mine,World,2013,6770000,t,
fluorspar,mine,World,2014,6390000,t,
fluorspar,mine,World,2015,6670000,t,
fluorspar,mine,World,2016,5930000,t,
fluorspar,mine,World,2017,5680000,t,
fluorspar,mine,World,2018,6720000,t,
fluorspar,mine,World,2019,7460000,t,
fluorspar,mine,World,2020,8240000,t,
fluorspar,mine,World,2021,8680000,t,
fluorspar,mine,World,2022,8300000,t,
gallium,production,China,2018,397,t,
gallium,production,China,2019,338,t,
gallium,production,China,2020,317,t,
gallium,production,China,2021,423,t,
gallium,production,China,2022,540,t,
gallium,production,Japan,2018,3,t,
gallium,production,Japan,2019,3,t,
gallium,production,Japan,2020,3,t,
gallium,production,Japan,2021,3,t,
gallium,production,Japan,2022,3,t,
gallium,production,Korea South,2018,3,t,
gallium,production,Korea South,2019,2,t,
gallium,production,Korea South,2020,2,t,
gallium,production,Korea South,2021,2,t,
gallium,production,Korea South,2022,2,t,
gallium,production,Russia,2018,6,t,
gallium,production,Russia,2019,8,t,
gallium,production,Russia,2020,5,t,
gallium,production,Russia,2021,5,t,
gallium,production,Russia,2022,5,t,
gallium,production,Ukraine,2018,4,t,
gallium,production,Ukraine,2021,1,t,
gallium,production,Ukraine,2022,1,t,
gallium,production,World,2018,413,t,
gallium,production,World,2019,351,t,
gallium,production,World,2020,327,t,
gallium,production,World,2021,434,t,
gallium,production,World,2022,550,t,
germanium,refinery,China,2008,100,t,
germanium,refinery,China,2009,80,t,
germanium,refinery,China,2010,80,t,
germanium,refinery,China,2011,80,t,
germanium,refinery,China,2012,105,t,
germanium,refinery,China,2013,110,t,
germanium,refinery,China,2014,120,t,
germanium,refinery,China,2015,115,t,
germanium,refinery,China,2016,80,t,
germanium,refinery,China,2017,60,t,
germanium,refinery,China,2018,94,t,
germanium,refinery,China,2019,85,t,
germanium,refinery,China,2020,95,t,
germanium,refinery,Other countries,1997,43,t,
germanium,refinery,Other countries,1998,34,t,
germanium,refinery,Other countries,1999,38,t,
germanium,refinery,Other countries,2000,48,t,
germanium,refinery,Other countries,2001,48,t,
germanium,refinery,Other countries,2002,35,t,
germanium,refinery,Other countries,2003,32,t,
germanium,refinery,Other countries,2004,82,t,
germanium,refinery,Other countries,2005,85,t,
germanium,refinery,Other countries,2006,85,t,
germanium,refinery,Other countries,2007,95,t,
germanium,refinery,Other countries,2008,30,t,
germanium,refinery,Other countries,2009,30,t,
germanium,refinery,Other countries,2010,30,t,
germanium,refinery,Other countries,2011,30,t,
germanium,refinery,Other countries,2012,40,t,
germanium,refinery,Other countries,2013,40,t,
germanium,refinery,Other countries,2014,40,t,
germanium,refinery,Other countries,2015,40,t,
germanium,refinery,Other countries,2016,40,t,
germanium,refinery,Other countries,2017,40,t,
germanium,refinery,Other countries,2018,30,t,
germanium,refinery,Other countries,2019,40,t,
germanium,refinery,Other countries,2020,40,t,
germanium,refinery,Russia,2008,5,t,
germanium,refinery,Russia,2009,5,t,
germanium,refinery,Russia,2010,5,t,
germanium,refinery,Russia,2011,5,t,
germanium,refinery,Russia,2012,5,t,
germanium,refinery,Russia,2013,5,t,
germanium,refinery,Russia,2014,5,t,
germanium,refinery,Russia,2015,5,t,
germanium,refinery,Russia,2016,6,t,
germanium,refinery,Russia,2017,6,t,
germanium,refinery,Russia,2018,6,t,
germanium,refinery,Russia,2019,5,t,
germanium,refinery,Russia,2020,5,t,
germanium,refinery,United States,1997,20,t,
germanium,refinery,United States,1998,22,t,
germanium,refinery,United States,1999,20,t,
germanium,refinery,United States,2000,23,t,
germanium,refinery,United States,2001,20,t,
germanium,refinery,United States,2002,15,t,
germanium,refinery,United States,2003,12,t,
germanium,refinery,United States,2004,4,t,
germanium,refinery,United States,2005,4,t,
germanium,refinery,United States,2006,4,t,
germanium,refinery,United States,2007,4,t,
germanium,refinery,United States,2008,4,t,
germanium,refinery,United States,2009,4,t,
germanium,refinery,United States,2010,3,t,
germanium,refinery,United States,2011,3,t,
germanium,refinery,World,1997,63,t,
germanium,refinery,World,1998,56,t,
germanium,refinery,World,1999,58,t,
germanium,refinery,World,2000,71,t,
germanium,refinery,World,2001,68,t,
germanium,refinery,World,2002,50,t,
germanium,refinery,World,2003,44,t,
germanium,refinery,World,2004,87,t,
germanium,refinery,World,2005,90,t,
germanium,refinery,World,2006,90,t,
germanium,refinery,World,2007,100,t,
germanium,refinery,World,2008,140,t,
germanium,refinery,World,2009,120,t,
germanium,refinery,World,2010,118,t,
germanium,refinery,World,2011,118,t,
germanium,refinery,World,2012,150,t,
germanium,refinery,World,2013,155,t,
germanium,refinery,World,2014,165,t,
germanium,refinery,World,2015,160,t,
germanium,refinery,World,2016,126,t,
germanium,refinery,World,2017,106,t,
germanium,refinery,World,2018,130,t,
germanium,refinery,World,2019,131,t,
germanium,refinery,World,2020,140,t,
gold,mine,Argentina,2018,72,t,
gold,mine,Argentina,2019,60,t,
gold,mine,Argentina,2020,59,t,
gold,mine,Australia,1994,256,t,
gold,mine,Australia,1995,254,t,
gold,mine,Australia,1996,289,t,
gold,mine,Australia,1997,311,t,
gold,mine,Australia,1998,312,t,
gold,mine,Australia,1999,303,t,
gold,mine,Australia,2000,296,t,
gold,mine,Australia,2001,285,t,
gold,mine,Australia,2002,273,t,
gold,mine,Australia,2003,282,t,
gold,mine,Australia,2004,259,t,
gold,mine,Australia,2005,262,t,
gold,mine,Australia,2006,244,t,
gold,mine,Australia,2007,246,t,
gold,mine,Australia,2008,215,t,
gold,mine,Australia,2009,222,t,
gold,mine,Australia,2010,261,t,
gold,mine,Australia,2011,258,t,
gold,mine,Australia,2012,250,t,
gold,mine,Australia,2013,265,t,
gold,mine,Australia,2014,274,t,
gold,mine,Australia,2015,278,t,
gold,mine,Australia,2016,290,t,
gold,mine,Australia,2017,301,t,
gold,mine,Australia,2018,315,t,
gold,mine,Australia,2019,325,t,
gold,mine,Australia,2020,328,t,
gold,mine,Australia,2021,315,t,
gold,mine,Australia,2022,320,t,
gold,mine,Brazil,1994,76,t,
gold,mine,Brazil,1995,72,t,
gold,mine,Brazil,1996,63,t,
gold,mine,Brazil,1997,59,t,
gold,mine,Brazil,1998,55,t,
gold,mine,Brazil,2007,40,t,
gold,mine,Brazil,2008,50,t,
gold,mine,Brazil,2009,60,t,
gold,mine,Brazil,2010,58,t,
gold,mine,Brazil,2011,62,t,
gold,mine,Brazil,2012,65,t,
gold,mine,Brazil,2013,71,t,
gold,mine,Brazil,2014,80,t,
gold,mine,Brazil,2015,81,t,
gold,mine,Brazil,2016,85,t,
gold,mine,Brazil,2017,80,t,
gold,mine,Brazil,2018,85,t,
gold,mine,Brazil,2019,90,t,
gold,mine,Brazil,2020,78,t,
gold,mine,Brazil,2021,61,t,
gold,mine,Brazil,2022,60,t,
gold,mine,Burkina Faso,2020,58,t,
gold,mine,Burkina Faso,2021,67,t,
gold,mine,Burkina Faso,2022,70,t,
gold,mine,Canada,1994,146,t,
gold,mine,Canada,1995,150,t,
gold,mine,Canada,1996,164,t,
gold,mine,Canada,1997,169,t,
gold,mine,Canada,1998,166,t,
gold,mine,Canada,1999,158,t,
gold,mine,Canada,2000,154,t,
gold,mine,Canada,2001,160,t,
gold,mine,Canada,2002,149,t,
gold,mine,Canada,2003,141,t,
gold,mine,Canada,2004,129,t,
gold,mine,Canada,2005,119,t,
gold,mine,Canada,2006,104,t,
gold,mine,Canada,2007,101,t,
gold,mine,Canada,2008,95,t,
gold,mine,Canada,2009,97,t,
gold,mine,Canada,2010,91,t,
gold,mine,Canada,2011,97,t,
gold,mine,Canada,2012,104,t,
gold,mine,Canada,2013,124,t,
gold,mine,Canada,2014,152,t,
gold,mine,Canada,2015,153,t,
gold,mine,Canada,2016,165,t,
gold,mine,Canada,2017,164,t,
gold,mine,Canada,2018,183,t,
gold,mine,Canada,2019,175,t,
gold,mine,Canada,2020,170,t,
gold,mine,Canada,2021,223,t,
gold,mine,Canada,2022,220,t,
gold,mine,Chile,2007,42,t,
gold,mine,Chile,2008,39,t,
gold,mine,Chile,2009,41,t,
gold,mine,Chile,2010,38,t,
gold,mine,Chile,2011,45,t,
gold,mine,Chile,2012,50,t,
gold,mine,Chile,2013,51,t,
gold,mine,China,1994,160,t,
gold,mine,China,1995,140,t,
gold,mine,China,1996,145,t,
gold,mine,China,1997,175,t,
gold,mine,China,1998,178,t,
gold,mine,China,1999,170,t,
gold,mine,China,2000,180,t,
gold,mine,China,2001,185,t,
gold,mine,China,2002,190,t,
gold,mine,China,2003,202,t,
gold,mine,China,2004,215,t,
gold,mine,China,2005,225,t,
gold,mine,China,2006,245,t,
gold,mine,China,2007,275,t,
gold,mine,China,2008,285,t,
gold,mine,China,2009,320,t,
gold,mine,China,2010,345,t,
gold,mine,China,2011,362,t,
gold,mine,China,2012,403,t,
gold,mine,China,2013,430,t,
gold,mine,China,2014,450,t,
gold,mine,China,2015,450,t,
gold,mine,China,2016,453,t,
gold,mine,China,2017,426,t,
gold,mine,China,2018,401,t,
gold,mine,China,2019,380,t,
gold,mine,China,2020,365,t,
gold,mine,China,2021,329,t,
gold,mine,China,2022,330,t,
gold,mine,Colombia,2020,48,t,
gold,mine,Colombia,2021,55,t,
gold,mine,Colombia,2022,60,t,
gold,mine,Ghana,2007,84,t,
gold,mine,Ghana,2008,75,t,
gold,mine,Ghana,2009,86,t,
gold,mine,Ghana,2010,82,t,
gold,mine,Ghana,2011,80,t,
gold,mine,Ghana,2012,87,t,
gold,mine,Ghana,2013,90,t,
gold,mine,Ghana,2014,91,t,
gold,mine,Ghana,2015,88,t,
gold,mine,Ghana,2016,79,t,
gold,mine,Ghana,2017,128,t,
gold,mine,Ghana,2018,127,t,
gold,mine,Ghana,2019,142,t,
gold,mine,Ghana,2020,125,t,
gold,mine,Ghana,2021,88,t,
gold,mine,Ghana,2022,90,t,
gold,mine,Indonesia,1999,130,t,
gold,mine,Indonesia,2000,125,t,
gold,mine,Indonesia,2001,130,t,
gold,mine,Indonesia,2002,135,t,
gold,mine,Indonesia,2003,140,t,
gold,mine,Indonesia,2004,93,t,
gold,mine,Indonesia,2005,140,t,
gold,mine,Indonesia,2006,164,t,
gold,mine,Indonesia,2007,118,t,
gold,mine,Indonesia,2008,60,t,
gold,mine,Indonesia,2009,130,t,
gold,mine,Indonesia,2010,120,t,
gold,mine,Indonesia,2011,96,t,
gold,mine,Indonesia,2012,59,t,
gold,mine,Indonesia,2013,61,t,
gold,mine,Indonesia,2014,69,t,
gold,mine,Indonesia,2015,97,t,
gold,mine,Indonesia,2016,80,t,
gold,mine,Indonesia,2017,75,t,
gold,mine,Indonesia,2018,135,t,
gold,mine,Indonesia,2019,139,t,
gold,mine,Indonesia,2020,86,t,
gold,mine,Indonesia,2021,66,t,
gold,mine,Indonesia,2022,70,t,
gold,mine,Kazakhstan,2016,69,t,
gold,mine,Kazakhstan,2017,85,t,
gold,mine,Kazakhstan,2018,100,t,
gold,mine,Kazakhstan,2019,107,t,
gold,mine,Kazakhstan,2020,63,t,
gold,mine,Kazakhstan,2021,116,t,
gold,mine,Kazakhstan,2022,120,t,
gold,mine,Mali,2019,61,t,
gold,mine,Mali,2021,51,t,
gold,mine,Mali,2022,50,t,
gold,mine,Mexico,2007,39,t,
gold,mine,Mexico,2008,50,t,
gold,mine,Mexico,2009,51,t,
gold,mine,Mexico,2010,73,t,
gold,mine,Mexico,2011,84,t,
gold,mine,Mexico,2012,97,t,
gold,mine,Mexico,2013,98,t,
gold,mine,Mexico,2014,118,t,
gold,mine,Mexico,2015,135,t,
gold,mine,Mexico,2016,111,t,
gold,mine,Mexico,2017,126,t,
gold,mine,Mexico,2018,117,t,
gold,mine,Mexico,2019,111,t,
gold,mine,Mexico,2020,102,t,
gold,mine,Mexico,2021,120,t,
gold,mine,Mexico,2022,120,t,
gold,mine,Other countries,1994,500,t,
gold,mine,Other countries,1995,583,t,
gold,mine,Other countries,1996,580,t,
gold,mine,Other countries,1997,660,t,
gold,mine,Other countries,1998,735,t,
gold,mine,Other countries,1999,735,t,
gold,mine,Other countries,2000,735,t,
gold,mine,Other countries,2001,783,t,
gold,mine,Other countries,2002,798,t,
gold,mine,Other countries,2003,830,t,
gold,mine,Other countries,2004,794,t,
gold,mine,Other countries,2005,793,t,
gold,mine,Other countries,2006,818,t,
gold,mine,Other countries,2007,471,t,
gold,mine,Other countries,2008,446,t,
gold,mine,Other countries,2009,490,t,
gold,mine,Other countries,2010,559,t,
gold,mine,Other countries,2011,640,t,
gold,mine,Other countries,2012,655,t,
gold,mine,Other countries,2013,684,t,
gold,mine,Other countries,2014,858,t,
gold,mine,Other countries,2015,897,t,
gold,mine,Other countries,2016,840,t,
gold,mine,Other countries,2017,883,t,
gold,mine,Other countries,2018,797,t,
gold,mine,Other countries,2019,716,t,
gold,mine,Other countries,2020,572,t,
gold,mine,Other countries,2021,626,t,
gold,mine,Other countries,2022,620,t,
gold,mine,Papua New Guinea,2007,65,t,
gold,mine,Papua New Guinea,2008,62,t,
gold,mine,Papua New Guinea,2009,66,t,
gold,mine,Papua New Guinea,2010,68,t,
gold,mine,Papua New Guinea,2011,66,t,
gold,mine,Papua New Guinea,2012,53,t,
gold,mine,Papua New Guinea,2013,57,t,
gold,mine,Papua New Guinea,2014,53,t,
gold,mine,Papua New Guinea,2015,60,t,
gold,mine,Papua New Guinea,2016,62,t,
gold,mine,Papua New Guinea,2017,64,t,
gold,mine,Papua New Guinea,2018,67,t,
gold,mine,Papua New Guinea,2019,74,t,
gold,mine,Papua New Guinea,2020,54,t,
gold,mine,Papua New Guinea,2021,54,t,
gold,mine,Papua New Guinea,2022,50,t,
gold,mine,Peru,1999,128,t,
gold,mine,Peru,2000,133,t,
gold,mine,Peru,2001,138,t,
gold,mine,Peru,2002,138,t,
gold,mine,Peru,2003,172,t,
gold,mine,Peru,2004,173,t,
gold,mine,Peru,2005,208,t,
gold,mine,Peru,2006,203,t,
gold,mine,Peru,2007,170,t,
gold,mine,Peru,2008,180,t,
gold,mine,Peru,2009,182,t,
gold,mine,Peru,2010,164,t,
gold,mine,Peru,2011,164,t,
gold,mine,Peru,2012,161,t,
gold,mine,Peru,2013,151,t,
gold,mine,Peru,2014,140,t,
gold,mine,Peru,2015,145,t,
gold,mine,Peru,2016,153,t,
gold,mine,Peru,2017,151,t,
gold,mine,Peru,2018,143,t,
gold,mine,Peru,2019,128,t,
gold,mine,Peru,2020,87,t,
gold,mine,Peru,2021,97,t,
gold,mine,Peru,2022,100,t,
gold,mine,Russia,1994,147,t,
gold,mine,Russia,1995,132,t,
gold,mine,Russia,1996,120,t,
gold,mine,Russia,1997,115,t,
gold,mine,Russia,1998,104,t,
gold,mine,Russia,1999,104,t,
gold,mine,Russia,2000,126,t,
gold,mine,Russia,2001,152,t,
gold,mine,Russia,2002,170,t,
gold,mine,Russia,2003,170,t,
gold,mine,Russia,2004,169,t,
gold,mine,Russia,2005,169,t,
gold,mine,Russia,2006,159,t,
gold,mine,Russia,2007,157,t,
gold,mine,Russia,2008,176,t,
gold,mine,Russia,2009,191,t,
gold,mine,Russia,2010,192,t,
gold,mine,Russia,2011,200,t,
gold,mine,Russia,2012,218,t,
gold,mine,Russia,2013,230,t,
gold,mine,Russia,2014,247,t,
gold,mine,Russia,2015,252,t,
gold,mine,Russia,2016,253,t,
gold,mine,Russia,2017,270,t,
gold,mine,Russia,2018,311,t,
gold,mine,Russia,2019,305,t,
gold,mine,Russia,2020,305,t,
gold,mine,Russia,2021,320,t,
gold,mine,Russia,2022,320,t,
gold,mine,South Africa,1994,580,t,
gold,mine,South Africa,1995,524,t,
gold,mine,South Africa,1996,498,t,
gold,mine,South Africa,1997,492,t,
gold,mine,South Africa,1998,464,t,
gold,mine,South Africa,1999,449,t,
gold,mine,South Africa,2000,431,t,
gold,mine,South Africa,2001,402,t,
gold,mine,South Africa,2002,399,t,
gold,mine,South Africa,2003,373,t,
gold,mine,South Africa,2004,341,t,
gold,mine,South Africa,2005,295,t,
gold,mine,South Africa,2006,272,t,
gold,mine,South Africa,2007,252,t,
gold,mine,South Africa,2008,213,t,
gold,mine,South Africa,2009,198,t,
gold,mine,South Africa,2010,189,t,
gold,mine,South Africa,2011,181,t,
gold,mine,South Africa,2012,160,t,
gold,mine,South Africa,2013,160,t,
gold,mine,South Africa,2014,152,t,
gold,mine,South Africa,2015,145,t,
gold,mine,South Africa,2016,145,t,
gold,mine,South Africa,2017,137,t,
gold,mine,South Africa,2018,117,t,
gold,mine,South Africa,2019,105,t,
gold,mine,South Africa,2020,96,t,
gold,mine,South Africa,2021,107,t,
gold,mine,South Africa,2022,110,t,
gold,mine,Sudan,2019,90,t,
gold,mine,Sudan,2020,90,t,
gold,mine,Sudan,2021,50,t,
gold,mine,Sudan,2022,50,t,
gold,mine,Tanzania,2020,47,t,
gold,mine,Tanzania,2021,60,t,
gold,mine,Tanzania,2022,60,t,
gold,mine,United States,1994,326,t,
gold,mine,United States,1995,320,t,
gold,mine,United States,1996,318,t,
gold,mine,United States,1997,360,t,
gold,mine,United States,1998,366,t,
gold,mine,United States,1999,341,t,
gold,mine,United States,2000,353,t,
gold,mine,United States,2001,335,t,
gold,mine,United States,2002,298,t,
gold,mine,United States,2003,277,t,
gold,mine,United States,2004,258,t,
gold,mine,United States,2005,256,t,
gold,mine,United States,2006,252,t,
gold,mine,United States,2007,238,t,
gold,mine,United States,2008,233,t,
gold,mine,United States,2009,223,t,
gold,mine,United States,2010,231,t,
gold,mine,United States,2011,234,t,
gold,mine,United States,2012,235,t,
gold,mine,United States,2013,230,t,
gold,mine,United States,2014,210,t,
gold,mine,United States,2015,214,t,
gold,mine,United States,2016,222,t,
gold,mine,United States,2017,237,t,
gold,mine,United States,2018,226,t,
gold,mine,United States,2019,200,t,
gold,mine,United States,2020,193,t,
gold,mine,United States,2021,187,t,
gold,mine,United States,2022,170,t,
gold,mine,Uzbekistan,1994,75,t,
gold,mine,Uzbekistan,1995,75,t,
gold,mine,Uzbekistan,1996,72,t,
gold,mine,Uzbekistan,1997,75,t,
gold,mine,Uzbekistan,1998,80,t,
gold,mine,Uzbekistan,2007,85,t,
gold,mine,Uzbekistan,2008,85,t,
gold,mine,Uzbekistan,2009,90,t,
gold,mine,Uzbekistan,2010,90,t,
gold,mine,Uzbekistan,2011,91,t,
gold,mine,Uzbekistan,2012,93,t,
gold,mine,Uzbekistan,2013,98,t,
gold,mine,Uzbekistan,2014,100,t,
gold,mine,Uzbekistan,2015,102,t,
gold,mine,Uzbekistan,2016,102,t,
gold,mine,Uzbekistan,2017,104,t,
gold,mine,Uzbekistan,2018,104,t,
gold,mine,Uzbekistan,2019,93,t,
gold,mine,Uzbekistan,2020,101,t,
gold,mine,Uzbekistan,2021,100,t,
gold,mine,Uzbekistan,2022,100,t,
gold,mine,World,1994,2300,t,
gold,mine,World,1995,2250,t,
gold,mine,World,1996,2250,t,
gold,mine,World,1997,2410,t,
gold,mine,World,1998,2460,t,
gold,mine,World,1999,2540,t,
gold,mine,World,2000,2550,t,
gold,mine,World,2001,2570,t,
gold,mine,World,2002,2550,t,
gold,mine,World,2003,2590,t,
gold,mine,World,2004,2430,t,
gold,mine,World,2005,2470,t,
gold,mine,World,2006,2460,t,
gold,mine,World,2007,2380,t,
gold,mine,World,2008,2260,t,
gold,mine,World,2009,2450,t,
gold,mine,World,2010,2560,t,
gold,mine,World,2011,2660,t,
gold,mine,World,2012,2690,t,
gold,mine,World,2013,2800,t,
gold,mine,World,2014,2990,t,
gold,mine,World,2015,3100,t,
gold,mine,World,2016,3110,t,
gold,mine,World,2017,3230,t,
gold,mine,World,2018,3300,t,
gold,mine,World,2019,3300,t,
gold,mine,World,2020,3030,t,
gold,mine,World,2021,3090,t,
gold,mine,World,2022,3100,t,
graphite,mine,Austria,2018,1000,t,
graphite,mine,Austria,2019,1000,t,
graphite,mine,Austria,2020,500,t,
graphite,mine,Austria,2021,500,t,
graphite,mine,Austria,2022,500,t,
graphite,mine,Brazil,1994,29000,t,
graphite,mine,Brazil,1995,36000,t,
graphite,mine,Brazil,1996,36000,t,
graphite,mine,Brazil,1997,36000,t,
graphite,mine,Brazil,1998,40000,t,
graphite,mine,Brazil,1999,60000,t,
graphite,mine,Brazil,2000,12000,t,
graphite,mine,Brazil,2001,72000,t,
graphite,mine,Brazil,2002,70000,t,
graphite,mine,Brazil,2003,61000,t,
graphite,mine,Brazil,2004,62000,t,
graphite,mine,Brazil,2005,77000,t,
graphite,mine,Brazil,2006,76000,t,
graphite,mine,Brazil,2007,76000,t,
graphite,mine,Brazil,2008,77000,t,
graphite,mine,Brazil,2009,76000,t,
graphite,mine,Brazil,2010,76000,t,
graphite,mine,Brazil,2011,73000,t,
graphite,mine,Brazil,2012,110000,t,
graphite,mine,Brazil,2013,95000,t,
graphite,mine,Brazil,2014,80000,t,
graphite,mine,Brazil,2015,80000,t,
graphite,mine,Brazil,2016,95000,t,
graphite,mine,Brazil,2017,90000,t,
graphite,mine,Brazil,2018,95000,t,
graphite,mine,Brazil,2019,96000,t,
graphite,mine,Brazil,2020,63600,t,
graphite,mine,Brazil,2021,82000,t,
graphite,mine,Brazil,2022,87000,t,
graphite,mine,Canada,1994,16000,t,
graphite,mine,Canada,1995,22000,t,
graphite,mine,Canada,1996,22000,t,
graphite,mine,Canada,2000,25000,t,
graphite,mine,Canada,2001,25000,t,
graphite,mine,Canada,2002,25000,t,
graphite,mine,Canada,2003,25000,t,
graphite,mine,Canada,2004,25000,t,
graphite,mine,Canada,2005,30000,t,
graphite,mine,Canada,2006,28000,t,
graphite,mine,Canada,2007,28000,t,
graphite,mine,Canada,2008,27000,t,
graphite,mine,Canada,2009,25000,t,
graphite,mine,Canada,2010,25000,t,
graphite,mine,Canada,2011,25000,t,
graphite,mine,Canada,2012,25000,t,
graphite,mine,Canada,2013,20000,t,
graphite,mine,Canada,2014,30000,t,
graphite,mine,Canada,2015,30000,t,
graphite,mine,Canada,2016,30000,t,
graphite,mine,Canada,2017,40000,t,
graphite,mine,Canada,2018,40000,t,
graphite,mine,Canada,2019,11000,t,
graphite,mine,Canada,2020,8000,t,
graphite,mine,Canada,2021,12000,t,
graphite,mine,Canada,2022,15000,t,
graphite,mine,China,1994,320000,t,
graphite,mine,China,1995,350000,t,
graphite,mine,China,1996,210000,t,
graphite,mine,China,1997,190000,t,
graphite,mine,China,1998,200000,t,
graphite,mine,China,1999,280000,t,
graphite,mine,China,2000,220000,t,
graphite,mine,China,2001,450000,t,
graphite,mine,China,2002,450000,t,
graphite,mine,China,2003,450000,t,
graphite,mine,China,2004,700000,t,
graphite,mine,China,2005,720000,t,
graphite,mine,China,2006,720000,t,
graphite,mine,China,2007,800000,t,
graphite,mine,China,2008,810000,t,
graphite,mine,China,2009,800000,t,
graphite,mine,China,2010,600000,t,
graphite,mine,China,2011,800000,t,
graphite,mine,China,2012,800000,t,
graphite,mine,China,2013,750000,t,
graphite,mine,China,2014,780000,t,
graphite,mine,China,2015,780000,t,
graphite,mine,China,2016,780000,t,
graphite,mine,China,2017,625000,t,
graphite,mine,China,2018,693000,t,
graphite,mine,China,2019,700000,t,
graphite,mine,China,2020,762000,t,
graphite,mine,China,2021,820000,t,
graphite,mine,China,2022,850000,t,
graphite,mine,Czech Republic,2002,25000,t,
graphite,mine,Czech Republic,2003,15000,t,
graphite,mine,Czech Republic,2004,10000,t,
graphite,mine,Czech Republic,2005,10000,t,
graphite,mine,Czech Republic,2006,3000,t,
graphite,mine,Czech Republic,2007,3000,t,
graphite,mine,Czech Republic,2008,3000,t,
graphite,mine,Germany,2005,3000,t,
graphite,mine,Germany,2006,3000,t,
graphite,mine,Germany,2018,800,t,
graphite,mine,Germany,2019,800,t,
graphite,mine,Germany,2020,300,t,
graphite,mine,Germany,2021,250,t,
graphite,mine,Germany,2022,250,t,
graphite,mine,India,1994,75000,t,
graphite,mine,India,1995,90000,t,
graphite,mine,India,1996,120000,t,
graphite,mine,India,1997,120000,t,
graphite,mine,India,1998,120000,t,
graphite,mine,India,1999,145000,t,
graphite,mine,India,2000,140000,t,
graphite,mine,India,2001,140000,t,
graphite,mine,India,2002,130000,t,
graphite,mine,India,2003,110000,t,
graphite,mine,India,2004,120000,t,
graphite,mine,India,2005,130000,t,
graphite,mine,India,2006,120000,t,
graphite,mine,India,2007,130000,t,
graphite,mine,India,2008,140000,t,
graphite,mine,India,2009,130000,t,
graphite,mine,India,2010,140000,t,
graphite,mine,India,2011,150000,t,
graphite,mine,India,2012,160000,t,
graphite,mine,India,2013,170000,t,
graphite,mine,India,2014,170000,t,
graphite,mine,India,2015,170000,t,
graphite,mine,India,2016,149000,t,
graphite,mine,India,2017,35000,t,
graphite,mine,India,2018,35000,t,
graphite,mine,India,2019,35000,t,
graphite,mine,India,2020,6000,t,
graphite,mine,India,2021,7000,t,
graphite,mine,India,2022,8300,t,
graphite,mine,Korea North,2002,25000,t,
graphite,mine,Korea North,2003,25000,t,
graphite,mine,Korea North,2004,30000,t,
graphite,mine,Korea North,2005,32000,t,
graphite,mine,Korea North,2006,32000,t,
graphite,mine,Korea North,2007,30000,t,
graphite,mine,Korea North,2008,30000,t,
graphite,mine,Korea North,2009,30000,t,
graphite,mine,Korea North,2010,30000,t,
graphite,mine,Korea North,2011,30000,t,
graphite,mine,Korea North,2012,30000,t,
graphite,mine,Korea North,2013,30000,t,
graphite,mine,Korea North,2014,30000,t,
graphite,mine,Korea North,2015,30000,t,
graphite,mine,Korea North,2016,6000,t,
graphite,mine,Korea North,2017,5500,t,
graphite,mine,Korea North,2018,6000,t,
graphite,mine,Korea North,2019,6000,t,
graphite,mine,Korea North,2020,8100,t,
graphite,mine,Korea North,2021,8100,t,
graphite,mine,Korea North,2022,8100,t,
graphite,mine,Korea South,1994,78000,t,
graphite,mine,Korea South,1995,4000,t,
graphite,mine,Korea South,2021,10500,t,
graphite,mine,Korea South,2022,17000,t,
graphite,mine,Madagascar,1994,8000,t,
graphite,mine,Madagascar,1995,10000,t,
graphite,mine,Madagascar,1996,16000,t,
graphite,mine,Madagascar,1997,16000,t,
graphite,mine,Madagascar,1998,15000,t,
graphite,mine,Madagascar,1999,12000,t,
graphite,mine,Madagascar,2000,13000,t,
graphite,mine,Madagascar,2001,2000,t,
graphite,mine,Madagascar,2002,1000,t,
graphite,mine,Madagascar,2003,2000,t,
graphite,mine,Madagascar,2004,2000,t,
graphite,mine,Madagascar,2005,15000,t,
graphite,mine,Madagascar,2006,15000,t,
graphite,mine,Madagascar,2007,15000,t,
graphite,mine,Madagascar,2008,5000,t,
graphite,mine,Madagascar,2009,5000,t,
graphite,mine,Madagascar,2010,5000,t,
graphite,mine,Madagascar,2011,4000,t,
graphite,mine,Madagascar,2012,4000,t,
graphite,mine,Madagascar,2013,4000,t,
graphite,mine,Madagascar,2014,5000,t,
graphite,mine,Madagascar,2015,5000,t,
graphite,mine,Madagascar,2016,8000,t,
graphite,mine,Madagascar,2017,9000,t,
graphite,mine,Madagascar,2018,46900,t,
graphite,mine,Madagascar,2019,48000,t,
graphite,mine,Madagascar,2020,20900,t,
graphite,mine,Madagascar,2021,70000,t,
graphite,mine,Madagascar,2022,110000,t,
graphite,mine,Mexico,1994,44000,t,
graphite,mine,Mexico,1995,45000,t,
graphite,mine,Mexico,1996,36000,t,
graphite,mine,Mexico,1997,42000,t,
graphite,mine,Mexico,1998,40000,t,
graphite,mine,Mexico,1999,44000,t,
graphite,mine,Mexico,2000,30000,t,
graphite,mine,Mexico,2001,21000,t,
graphite,mine,Mexico,2002,25000,t,
graphite,mine,Mexico,2003,15000,t,
graphite,mine,Mexico,2004,8000,t,
graphite,mine,Mexico,2005,11000,t,
graphite,mine,Mexico,2006,13000,t,
graphite,mine,Mexico,2007,13000,t,
graphite,mine,Mexico,2008,10000,t,
graphite,mine,Mexico,2009,5000,t,
graphite,mine,Mexico,2010,7000,t,
graphite,mine,Mexico,2011,7000,t,
graphite,mine,Mexico,2012,8000,t,
graphite,mine,Mexico,2013,7000,t,
graphite,mine,Mexico,2014,22000,t,
graphite,mine,Mexico,2015,22000,t,
graphite,mine,Mexico,2016,4000,t,
graphite,mine,Mexico,2017,9000,t,
graphite,mine,Mexico,2018,9000,t,
graphite,mine,Mexico,2019,9000,t,
graphite,mine,Mexico,2020,3300,t,
graphite,mine,Mexico,2021,2100,t,
graphite,mine,Mexico,2022,1900,t,
graphite,mine,Mozambique,2017,300,t,
graphite,mine,Mozambique,2018,104000,t,
graphite,mine,Mozambique,2019,107000,t,
graphite,mine,Mozambique,2020,28000,t,
graphite,mine,Mozambique,2021,72000,t,
graphite,mine,Mozambique,2022,170000,t,
graphite,mine,Namibia,2017,2220,t,
graphite,mine,Namibia,2018,3460,t,
graphite,mine,Norway,2003,2000,t,
graphite,mine,Norway,2004,2000,t,
graphite,mine,Norway,2005,2000,t,
graphite,mine,Norway,2006,2000,t,
graphite,mine,Norway,2007,2000,t,
graphite,mine,Norway,2008,2000,t,
graphite,mine,Norway,2009,2000,t,
graphite,mine,Norway,2010,2000,t,
graphite,mine,Norway,2011,2000,t,
graphite,mine,Norway,2012,2000,t,
graphite,mine,Norway,2013,2000,t,
graphite,mine,Norway,2014,8000,t,
graphite,mine,Norway,2015,8000,t,
graphite,mine,Norway,2016,8000,t,
graphite,mine,Norway,2017,15500,t,
graphite,mine,Norway,2018,16000,t,
graphite,mine,Norway,2019,16000,t,
graphite,mine,Norway,2020,12000,t,
graphite,mine,Norway,2021,6290,t,
graphite,mine,Norway,2022,10000,t,
graphite,mine,Other countries,1994,149000,t,
graphite,mine,Other countries,1995,163000,t,
graphite,mine,Other countries,1996,204000,t,
graphite,mine,Other countries,1997,171000,t,
graphite,mine,Other countries,1998,190000,t,
graphite,mine,Other countries,1999,143000,t,
graphite,mine,Other countries,2000,131000,t,
graphite,mine,Other countries,2001,116000,t,
graphite,mine,Other countries,2002,62000,t,
graphite,mine,Other countries,2003,2000,t,
graphite,mine,Other countries,2004,1000,t,
graphite,mine,Other countries,2005,2000,t,
graphite,mine,Other countries,2006,6000,t,
graphite,mine,Other countries,2007,4000,t,
graphite,mine,Other countries,2008,5000,t,
graphite,mine,Other countries,2009,3000,t,
graphite,mine,Other countries,2010,6000,t,
graphite,mine,Other countries,2011,7000,t,
graphite,mine,Other countries,2012,2000,t,
graphite,mine,Other countries,2013,1000,t,
graphite,mine,Other countries,2014,1000,t,
graphite,mine,Other countries,2016,2000,t,
graphite,mine,Other countries,2017,1900,t,
graphite,mine,Other countries,2018,200,t,
graphite,mine,Pakistan,2016,14000,t,
graphite,mine,Pakistan,2017,14000,t,
graphite,mine,Pakistan,2018,14000,t,
graphite,mine,Pakistan,2019,14000,t,
graphite,mine,Romania,2010,20000,t,
graphite,mine,Romania,2011,20000,t,
graphite,mine,Russia,2011,14000,t,
graphite,mine,Russia,2012,14000,t,
graphite,mine,Russia,2013,14000,t,
graphite,mine,Russia,2014,15000,t,
graphite,mine,Russia,2015,15000,t,
graphite,mine,Russia,2016,19000,t,
graphite,mine,Russia,2017,17000,t,
graphite,mine,Russia,2018,25200,t,
graphite,mine,Russia,2019,25100,t,
graphite,mine,Russia,2020,25000,t,
graphite,mine,Russia,2021,15000,t,
graphite,mine,Russia,2022,15000,t,
graphite,mine,Sri Lanka,2003,4000,t,
graphite,mine,Sri Lanka,2004,3000,t,
graphite,mine,Sri Lanka,2005,3000,t,
graphite,mine,Sri Lanka,2006,3000,t,
graphite,mine,Sri Lanka,2007,3000,t,
graphite,mine,Sri Lanka,2008,3000,t,
graphite,mine,Sri Lanka,2009,11000,t,
graphite,mine,Sri Lanka,2010,8000,t,
graphite,mine,Sri Lanka,2011,4000,t,
graphite,mine,Sri Lanka,2012,4000,t,
graphite,mine,Sri Lanka,2013,4000,t,
graphite,mine,Sri Lanka,2014,4000,t,
graphite,mine,Sri Lanka,2015,4000,t,
graphite,mine,Sri Lanka,2016,4000,t,
graphite,mine,Sri Lanka,2017,3500,t,
graphite,mine,Sri Lanka,2018,4000,t,
graphite,mine,Sri Lanka,2019,4000,t,
graphite,mine,Sri Lanka,2020,4000,t,
graphite,mine,Sri Lanka,2021,3000,t,
graphite,mine,Sri Lanka,2022,3000,t,
graphite,mine,Tanzania,2018,150,t,
graphite,mine,Tanzania,2019,150,t,
graphite,mine,Tanzania,2022,8000,t,
graphite,mine,Turkey,2003,15000,t,
graphite,mine,Turkey,2004,1000,t,
graphite,mine,Turkey,2005,6000,t,
graphite,mine,Turkey,2006,1000,t,
graphite,mine,Turkey,2007,2000,t,
graphite,mine,Turkey,2011,10000,t,
graphite,mine,Turkey,2012,5000,t,
graphite,mine,Turkey,2013,5000,t,
graphite,mine,Turkey,2014,29000,t,
graphite,mine,Turkey,2015,32000,t,
graphite,mine,Turkey,2016,4000,t,
graphite,mine,Turkey,2017,2300,t,
graphite,mine,Turkey,2018,2000,t,
graphite,mine,Turkey,2019,2000,t,
graphite,mine,Turkey,2020,2500,t,
graphite,mine,Turkey,2021,2700,t,
graphite,mine,Turkey,2022,2900,t,
graphite,mine,Ukraine,2003,8000,t,
graphite,mine,Ukraine,2004,8000,t,
graphite,mine,Ukraine,2005,8000,t,
graphite,mine,Ukraine,2006,8000,t,
graphite,mine,Ukraine,2007,8000,t,
graphite,mine,Ukraine,2008,8000,t,
graphite,mine,Ukraine,2009,6000,t,
graphite,mine,Ukraine,2010,6000,t,
graphite,mine,Ukraine,2011,6000,t,
graphite,mine,Ukraine,2012,6000,t,
graphite,mine,Ukraine,2013,6000,t,
graphite,mine,Ukraine,2014,5000,t,
graphite,mine,Ukraine,2015,5000,t,
graphite,mine,Ukraine,2016,15000,t,
graphite,mine,Ukraine,2017,20000,t,
graphite,mine,Ukraine,2018,20000,t,
graphite,mine,Ukraine,2019,20000,t,
graphite,mine,Ukraine,2020,16000,t,
graphite,mine,Ukraine,2021,10000,t,
graphite,mine,Ukraine,2022,3000,t,
graphite,mine,Uzbekistan,2019,100,t,
graphite,mine,Uzbekistan,2020,100,t,
graphite,mine,Uzbekistan,2021,110,t,
graphite,mine,Vietnam,2016,5000,t,
graphite,mine,Vietnam,2017,5000,t,
graphite,mine,Vietnam,2018,5000,t,
graphite,mine,Vietnam,2019,5000,t,
graphite,mine,Vietnam,2020,5000,t,
graphite,mine,Vietnam,2021,5000,t,
graphite,mine,Vietnam,2022,5000,t,
graphite,mine,World,1994,719000,t,
graphite,mine,World,1995,720000,t,
graphite,mine,World,1996,644000,t,
graphite,mine,World,1997,575000,t,
graphite,mine,World,1998,605000,t,
graphite,mine,World,1999,685000,t,
graphite,mine,World,2000,571000,t,
graphite,mine,World,2001,826000,t,
graphite,mine,World,2002,810000,t,
graphite,mine,World,2003,742000,t,
graphite,mine,World,2004,982000,t,
graphite,mine,World,2005,1060000,t,
graphite,mine,World,2006,1030000,t,
graphite,mine,World,2007,1110000,t,
graphite,mine,World,2008,1120000,t,
graphite,mine,World,2009,1100000,t,
graphite,mine,World,2010,925000,t,
graphite,mine,World,2011,1150000,t,
graphite,mine,World,2012,1170000,t,
graphite,mine,World,2013,1110000,t,
graphite,mine,World,2014,1190000,t,
graphite,mine,World,2015,1190000,t,
graphite,mine,World,2016,1150000,t,
graphite,mine,World,2017,897000,t,
graphite,mine,World,2018,1120000,t,
graphite,mine,World,2019,1100000,t,
graphite,mine,World,2020,966000,t,
graphite,mine,World,2021,1130000,t,
graphite,mine,World,2022,1300000,t,
graphite,mine,Zimbabwe,2003,8000,t,
graphite,mine,Zimbabwe,2004,10000,t,
graphite,mine,Zimbabwe,2005,6000,t,
graphite,mine,Zimbabwe,2012,6000,t,
graphite,mine,Zimbabwe,2013,4000,t,
graphite,mine,Zimbabwe,2014,7000,t,
graphite,mine,Zimbabwe,2015,7000,t,
graphite,mine,Zimbabwe,2016,6000,t,
graphite,mine,Zimbabwe,2017,1580,t,
graphite,mine,Zimbabwe,2018,2000,t,
gypsum,mine,Algeria,2005,1460000,t,
gypsum,mine,Algeria,2006,1500000,t,
gypsum,mine,Algeria,2007,1200000,t,
gypsum,mine,Algeria,2008,1670000,t,
gypsum,mine,Algeria,2009,1700000,t,
gypsum,mine,Algeria,2010,1700000,t,
gypsum,mine,Algeria,2011,1650000,t,
gypsum,mine,Algeria,2012,1700000,t,
gypsum,mine,Algeria,2013,1700000,t,
gypsum,mine,Algeria,2014,2130000,t,
gypsum,mine,Algeria,2015,2130000,t,
gypsum,mine,Algeria,2016,2130000,t,
gypsum,mine,Algeria,2017,2200000,t,
gypsum,mine,Algeria,2018,2500000,t,
gypsum,mine,Algeria,2019,2500000,t,
gypsum,mine,Algeria,2020,2500000,t,
gypsum,mine,Algeria,2021,2500000,t,
gypsum,mine,Algeria,2022,2500000,t,
gypsum,mine,Argentina,2008,1200000,t,
gypsum,mine,Argentina,2009,1300000,t,
gypsum,mine,Argentina,2010,1360000,t,
gypsum,mine,Argentina,2011,1340000,t,
gypsum,mine,Argentina,2012,1400000,t,
gypsum,mine,Argentina,2013,1440000,t,
gypsum,mine,Argentina,2014,1440000,t,
gypsum,mine,Argentina,2015,1500000,t,
gypsum,mine,Argentina,2016,1500000,t,
gypsum,mine,Argentina,2017,1500000,t,
gypsum,mine,Australia,1994,2000000,t,
gypsum,mine,Australia,1995,2000000,t,
gypsum,mine,Australia,1996,2000000,t,
gypsum,mine,Australia,1997,2100000,t,
gypsum,mine,Australia,1998,2100000,t,
gypsum,mine,Australia,1999,2100000,t,
gypsum,mine,Australia,2000,3800000,t,
gypsum,mine,Australia,2001,3800000,t,
gypsum,mine,Australia,2002,4000000,t,
gypsum,mine,Australia,2003,4000000,t,
gypsum,mine,Australia,2004,4000000,t,
gypsum,mine,Australia,2005,4000000,t,
gypsum,mine,Australia,2006,4000000,t,
gypsum,mine,Australia,2007,4200000,t,
gypsum,mine,Australia,2008,4000000,t,
gypsum,mine,Australia,2009,3500000,t,
gypsum,mine,Australia,2010,3500000,t,
gypsum,mine,Australia,2011,3500000,t,
gypsum,mine,Australia,2012,2500000,t,
gypsum,mine,Australia,2013,3500000,t,
gypsum,mine,Australia,2014,3500000,t,
gypsum,mine,Australia,2015,2580000,t,
gypsum,mine,Australia,2016,2580000,t,
gypsum,mine,Australia,2017,14700000,t,
gypsum,mine,Austria,2002,1000000,t,
gypsum,mine,Austria,2003,1000000,t,
gypsum,mine,Austria,2004,1000000,t,
gypsum,mine,Austria,2005,1000000,t,
gypsum,mine,Austria,2006,1000000,t,
gypsum,mine,Austria,2007,1000000,t,
gypsum,mine,Austria,2008,1000000,t,
gypsum,mine,Brazil,2002,1510000,t,
gypsum,mine,Brazil,2003,1650000,t,
gypsum,mine,Brazil,2004,1500000,t,
gypsum,mine,Brazil,2005,1480000,t,
gypsum,mine,Brazil,2006,1600000,t,
gypsum,mine,Brazil,2007,1800000,t,
gypsum,mine,Brazil,2008,2100000,t,
gypsum,mine,Brazil,2009,1920000,t,
gypsum,mine,Brazil,2010,2350000,t,
gypsum,mine,Brazil,2011,2750000,t,
gypsum,mine,Brazil,2012,3230000,t,
gypsum,mine,Brazil,2013,3750000,t,
gypsum,mine,Brazil,2014,3750000,t,
gypsum,mine,Brazil,2015,3300000,t,
gypsum,mine,Brazil,2016,3400000,t,
gypsum,mine,Brazil,2017,3400000,t,
gypsum,mine,Brazil,2018,3200000,t,
gypsum,mine,Brazil,2019,3000000,t,
gypsum,mine,Brazil,2020,2000000,t,
gypsum,mine,Brazil,2021,2000000,t,
gypsum,mine,Brazil,2022,2000000,t,
gypsum,mine,Canada,1994,8500000,t,
gypsum,mine,Canada,1995,7960000,t,
gypsum,mine,Canada,1996,8330000,t,
gypsum,mine,Canada,1997,8500000,t,
gypsum,mine,Canada,1998,8100000,t,
gypsum,mine,Canada,1999,9470000,t,
gypsum,mine,Canada,2000,8550000,t,
gypsum,mine,Canada,2001,8560000,t,
gypsum,mine,Canada,2002,8850000,t,
gypsum,mine,Canada,2003,9000000,t,
gypsum,mine,Canada,2004,9340000,t,
gypsum,mine,Canada,2005,9400000,t,
gypsum,mine,Canada,2006,9500000,t,
gypsum,mine,Canada,2007,7700000,t,
gypsum,mine,Canada,2008,5740000,t,
gypsum,mine,Canada,2009,3540000,t,
gypsum,mine,Canada,2010,2717000,t,
gypsum,mine,Canada,2011,2560000,t,
gypsum,mine,Canada,2012,2550000,t,
gypsum,mine,Canada,2013,2650000,t,
gypsum,mine,Canada,2014,2650000,t,
gypsum,mine,Canada,2015,1630000,t,
gypsum,mine,Canada,2016,1630000,t,
gypsum,mine,Canada,2017,1700000,t,
gypsum,mine,Canada,2018,3000000,t,
gypsum,mine,Canada,2019,3000000,t,
gypsum,mine,Canada,2020,2400000,t,
gypsum,mine,Canada,2021,2400000,t,
gypsum,mine,Canada,2022,2400000,t,
gypsum,mine,China,1994,10500000,t,
gypsum,mine,China,1995,11000000,t,
gypsum,mine,China,1996,8000000,t,
gypsum,mine,China,1997,7800000,t,
gypsum,mine,China,1998,9000000,t,
gypsum,mine,China,1999,9000000,t,
gypsum,mine,China,2000,6800000,t,
gypsum,mine,China,2001,6800000,t,
gypsum,mine,China,2002,6850000,t,
gypsum,mine,China,2003,6900000,t,
gypsum,mine,China,2004,7000000,t,
gypsum,mine,China,2005,7300000,t,
gypsum,mine,China,2006,7500000,t,
gypsum,mine,China,2007,8227272,t,modified by the author – see README
gypsum,mine,China,2008,8954545,t,modified by the author – see README
gypsum,mine,China,2009,9681818,t,modified by the author – see README
gypsum,mine,China,2010,10409090,t,modified by the author – see README
gypsum,mine,China,2011,11136363,t,modified by the author – see README
gypsum,mine,China,2012,11863636,t,modified by the author – see README
gypsum,mine,China,2013,12590909,t,modified by the author – see README
gypsum,mine,China,2014,13318181,t,modified by the author – see README
gypsum,mine,China,2015,14045454,t,modified by the author – see README
gypsum,mine,China,2016,14772727,t,modified by the author – see README
gypsum,mine,China,2017,15500000,t,
gypsum,mine,China,2018,15500000,t,
gypsum,mine,China,2019,15500000,t,
gypsum,mine,China,2020,12600000,t,
gypsum,mine,China,2021,12600000,t,
gypsum,mine,China,2022,13000000,t,
gypsum,mine,Egypt,1994,1200000,t,
gypsum,mine,Egypt,1995,1200000,t,
gypsum,mine,Egypt,1996,1200000,t,
gypsum,mine,Egypt,1997,2000000,t,
gypsum,mine,Egypt,1998,2000000,t,
gypsum,mine,Egypt,1999,1500000,t,
gypsum,mine,Egypt,2000,2000000,t,
gypsum,mine,Egypt,2001,2000000,t,
gypsum,mine,Egypt,2002,2000000,t,
gypsum,mine,Egypt,2003,2000000,t,
gypsum,mine,Egypt,2004,2000000,t,
gypsum,mine,Egypt,2005,2000000,t,
gypsum,mine,Egypt,2006,2000000,t,
gypsum,mine,Egypt,2007,2000000,t,
gypsum,mine,Egypt,2008,2000000,t,
gypsum,mine,Egypt,2009,2500000,t,
gypsum,mine,Egypt,2010,2400000,t,
gypsum,mine,Egypt,2016,2200000,t,
gypsum,mine,Egypt,2017,2200000,t,
gypsum,mine,France,1994,5000000,t,
gypsum,mine,France,1995,5000000,t,
gypsum,mine,France,1996,5000000,t,
gypsum,mine,France,1997,5000000,t,
gypsum,mine,France,1998,4500000,t,
gypsum,mine,France,1999,4500000,t,
gypsum,mine,France,2000,4500000,t,
gypsum,mine,France,2001,4500000,t,
gypsum,mine,France,2002,3500000,t,
gypsum,mine,France,2003,3500000,t,
gypsum,mine,France,2004,3500000,t,
gypsum,mine,France,2005,3500000,t,
gypsum,mine,France,2006,4800000,t,
gypsum,mine,France,2007,4800000,t,
gypsum,mine,France,2008,4800000,t,
gypsum,mine,France,2009,2300000,t,
gypsum,mine,France,2010,2300000,t,
gypsum,mine,France,2011,2300000,t,
gypsum,mine,France,2012,2300000,t,
gypsum,mine,France,2013,2300000,t,
gypsum,mine,France,2014,2300000,t,
gypsum,mine,France,2015,3280000,t,
gypsum,mine,France,2016,3280000,t,
gypsum,mine,France,2017,4200000,t,
gypsum,mine,France,2018,3000000,t,
gypsum,mine,France,2019,3000000,t,
gypsum,mine,France,2020,1890000,t,
gypsum,mine,France,2021,1950000,t,
gypsum,mine,France,2022,2000000,t,
gypsum,mine,Germany,2004,1750000,t,
gypsum,mine,Germany,2005,1580000,t,
gypsum,mine,Germany,2006,1650000,t,
gypsum,mine,Germany,2007,1800000,t,
gypsum,mine,Germany,2008,1900000,t,
gypsum,mine,Germany,2009,1898000,t,
gypsum,mine,Germany,2010,1822000,t,
gypsum,mine,Germany,2011,2020000,t,
gypsum,mine,Germany,2012,1950000,t,
gypsum,mine,Germany,2013,1950000,t,
gypsum,mine,Germany,2014,1950000,t,
gypsum,mine,Germany,2015,1800000,t,
gypsum,mine,Germany,2016,1800000,t,
gypsum,mine,Germany,2017,3100000,t,
gypsum,mine,Germany,2018,3200000,t,
gypsum,mine,Germany,2019,3300000,t,
gypsum,mine,Germany,2020,4500000,t,
gypsum,mine,Germany,2021,5200000,t,
gypsum,mine,Germany,2022,5200000,t,
gypsum,mine,India,1994,1900000,t,
gypsum,mine,India,1995,1600000,t,
gypsum,mine,India,1996,1700000,t,
gypsum,mine,India,1997,2500000,t,
gypsum,mine,India,1998,2400000,t,
gypsum,mine,India,1999,2200000,t,
gypsum,mine,India,2000,2210000,t,
gypsum,mine,India,2001,2250000,t,
gypsum,mine,India,2002,2300000,t,
gypsum,mine,India,2003,2300000,t,
gypsum,mine,India,2004,2350000,t,
gypsum,mine,India,2005,2400000,t,
gypsum,mine,India,2006,2450000,t,
gypsum,mine,India,2007,2500000,t,
gypsum,mine,India,2008,2550000,t,
gypsum,mine,India,2009,2600000,t,
gypsum,mine,India,2010,2650000,t,
gypsum,mine,India,2011,2700000,t,
gypsum,mine,India,2012,2750000,t,
gypsum,mine,India,2013,3540000,t,
gypsum,mine,India,2014,3540000,t,
gypsum,mine,India,2015,3500000,t,
gypsum,mine,India,2016,3500000,t,
gypsum,mine,India,2017,2700000,t,
gypsum,mine,India,2018,2700000,t,
gypsum,mine,India,2019,2700000,t,
gypsum,mine,India,2020,1500000,t,
gypsum,mine,India,2021,4300000,t,
gypsum,mine,India,2022,4300000,t,
gypsum,mine,Iran,1994,8430000,t,
gypsum,mine,Iran,1995,8230000,t,
gypsum,mine,Iran,1996,8300000,t,
gypsum,mine,Iran,1997,8500000,t,
gypsum,mine,Iran,1998,9000000,t,
gypsum,mine,Iran,1999,9750000,t,
gypsum,mine,Iran,2000,11000000,t,
gypsum,mine,Iran,2001,11000000,t,
gypsum,mine,Iran,2002,11500000,t,
gypsum,mine,Iran,2003,11500000,t,
gypsum,mine,Iran,2004,13000000,t,
gypsum,mine,Iran,2005,13000000,t,
gypsum,mine,Iran,2006,13000000,t,
gypsum,mine,Iran,2007,12000000,t,
gypsum,mine,Iran,2008,12000000,t,
gypsum,mine,Iran,2009,13000000,t,
gypsum,mine,Iran,2010,13000000,t,
gypsum,mine,Iran,2011,13000000,t,
gypsum,mine,Iran,2012,13000000,t,
gypsum,mine,Iran,2013,15000000,t,
gypsum,mine,Iran,2014,15000000,t,
gypsum,mine,Iran,2015,16000000,t,
gypsum,mine,Iran,2016,16000000,t,
gypsum,mine,Iran,2017,16000000,t,
gypsum,mine,Iran,2018,16000000,t,
gypsum,mine,Iran,2019,16000000,t,
gypsum,mine,Iran,2020,16000000,t,
gypsum,mine,Iran,2021,16000000,t,
gypsum,mine,Iran,2022,16000000,t,
gypsum,mine,Italy,1994,1200000,t,
gypsum,mine,Italy,1995,1200000,t,
gypsum,mine,Italy,1996,1200000,t,
gypsum,mine,Italy,1997,2000000,t,
gypsum,mine,Italy,1998,2000000,t,
gypsum,mine,Italy,1999,1300000,t,
gypsum,mine,Italy,2000,1300000,t,
gypsum,mine,Italy,2001,1300000,t,
gypsum,mine,Italy,2002,1300000,t,
gypsum,mine,Italy,2003,1200000,t,
gypsum,mine,Italy,2004,1200000,t,
gypsum,mine,Italy,2005,1210000,t,
gypsum,mine,Italy,2006,1200000,t,
gypsum,mine,Italy,2007,5500000,t,
gypsum,mine,Italy,2008,5400000,t,
gypsum,mine,Italy,2009,4130000,t,
gypsum,mine,Italy,2010,4130000,t,
gypsum,mine,Italy,2011,4130000,t,
gypsum,mine,Italy,2012,4130000,t,
gypsum,mine,Italy,2013,4100000,t,
gypsum,mine,Italy,2014,4100000,t,
gypsum,mine,Italy,2015,8550000,t,
gypsum,mine,Italy,2016,8550000,t,
gypsum,mine,Japan,1994,5300000,t,
gypsum,mine,Japan,1995,3900000,t,
gypsum,mine,Japan,1996,5350000,t,
gypsum,mine,Japan,1997,5500000,t,
gypsum,mine,Japan,1998,5300000,t,
gypsum,mine,Japan,1999,5500000,t,
gypsum,mine,Japan,2000,5600000,t,
gypsum,mine,Japan,2001,5900000,t,
gypsum,mine,Japan,2002,5900000,t,
gypsum,mine,Japan,2003,5700000,t,
gypsum,mine,Japan,2004,5800000,t,
gypsum,mine,Japan,2005,5890000,t,
gypsum,mine,Japan,2006,5950000,t,
gypsum,mine,Japan,2007,5900000,t,
gypsum,mine,Japan,2008,5800000,t,
gypsum,mine,Japan,2009,5750000,t,
gypsum,mine,Japan,2010,5700000,t,
gypsum,mine,Japan,2011,5600000,t,
gypsum,mine,Japan,2012,5500000,t,
gypsum,mine,Japan,2013,5500000,t,
gypsum,mine,Japan,2014,4670000,t,
gypsum,mine,Japan,2015,4670000,t,
gypsum,mine,Japan,2016,4670000,t,
gypsum,mine,Japan,2017,4700000,t,
gypsum,mine,Japan,2018,4700000,t,
gypsum,mine,Japan,2019,4300000,t,
gypsum,mine,Japan,2020,4300000,t,
gypsum,mine,Japan,2021,4300000,t,
gypsum,mine,Japan,2022,4300000,t,
gypsum,mine,Mexico,1994,5530000,t,
gypsum,mine,Mexico,1995,4920000,t,
gypsum,mine,Mexico,1996,5260000,t,
gypsum,mine,Mexico,1997,5900000,t,
gypsum,mine,Mexico,1998,7045000,t,
gypsum,mine,Mexico,1999,7000000,t,
gypsum,mine,Mexico,2000,7000000,t,
gypsum,mine,Mexico,2001,7500000,t,
gypsum,mine,Mexico,2002,6500000,t,
gypsum,mine,Mexico,2003,6800000,t,
gypsum,mine,Mexico,2004,7000000,t,
gypsum,mine,Mexico,2005,7200000,t,
gypsum,mine,Mexico,2006,7000000,t,
gypsum,mine,Mexico,2007,6100000,t,
gypsum,mine,Mexico,2008,5140000,t,
gypsum,mine,Mexico,2009,5760000,t,
gypsum,mine,Mexico,2010,3560000,t,
gypsum,mine,Mexico,2011,3840000,t,
gypsum,mine,Mexico,2012,4690000,t,
gypsum,mine,Mexico,2013,5090000,t,
gypsum,mine,Mexico,2014,5090000,t,
gypsum,mine,Mexico,2015,5380000,t,
gypsum,mine,Mexico,2016,5380000,t,
gypsum,mine,Mexico,2017,5400000,t,
gypsum,mine,Mexico,2018,5400000,t,
gypsum,mine,Mexico,2019,5400000,t,
gypsum,mine,Mexico,2020,5400000,t,
gypsum,mine,Mexico,2021,5400000,t,
gypsum,mine,Mexico,2022,5400000,t,
gypsum,mine,Oman,2012,1900000,t,
gypsum,mine,Oman,2013,2790000,t,
gypsum,mine,Oman,2014,2790000,t,
gypsum,mine,Oman,2015,6050000,t,
gypsum,mine,Oman,2016,6050000,t,
gypsum,mine,Oman,2017,5500000,t,
gypsum,mine,Oman,2018,7000000,t,
gypsum,mine,Oman,2019,9100000,t,
gypsum,mine,Oman,2020,10200000,t,
gypsum,mine,Oman,2021,12300000,t,
gypsum,mine,Oman,2022,12000000,t,
gypsum,mine,Other countries,1994,15500000,t,
gypsum,mine,Other countries,1995,15000000,t,
gypsum,mine,Other countries,1996,15900000,t,
gypsum,mine,Other countries,1997,16600000,t,
gypsum,mine,Other countries,1998,17200000,t,
gypsum,mine,Other countries,1999,16980000,t,
gypsum,mine,Other countries,2000,17200000,t,
gypsum,mine,Other countries,2001,17200000,t,
gypsum,mine,Other countries,2002,12500000,t,
gypsum,mine,Other countries,2003,12500000,t,
gypsum,mine,Other countries,2004,8250000,t,
gypsum,mine,Other countries,2005,10900000,t,
gypsum,mine,Other countries,2006,11800000,t,
gypsum,mine,Other countries,2007,15300000,t,
gypsum,mine,Other countries,2008,12700000,t,
gypsum,mine,Other countries,2009,11400000,t,
gypsum,mine,Other countries,2010,12500000,t,
gypsum,mine,Other countries,2011,14500000,t,
gypsum,mine,Other countries,2012,13500000,t,
gypsum,mine,Other countries,2013,14500000,t,
gypsum,mine,Other countries,2014,14300000,t,
gypsum,mine,Other countries,2015,15800000,t,
gypsum,mine,Other countries,2016,15000000,t,
gypsum,mine,Other countries,2017,16100000,t,
gypsum,mine,Other countries,2018,20000000,t,
gypsum,mine,Other countries,2019,22000000,t,
gypsum,mine,Other countries,2020,21700000,t,
gypsum,mine,Other countries,2021,21000000,t,
gypsum,mine,Other countries,2022,22000000,t,
gypsum,mine,Pakistan,2014,1320000,t,
gypsum,mine,Pakistan,2015,1660000,t,
gypsum,mine,Pakistan,2016,1660000,t,
gypsum,mine,Pakistan,2017,2000000,t,
gypsum,mine,Pakistan,2018,2200000,t,
gypsum,mine,Pakistan,2019,1670000,t,
gypsum,mine,Pakistan,2020,2210000,t,
gypsum,mine,Pakistan,2021,1820000,t,
gypsum,mine,Pakistan,2022,1800000,t,
gypsum,mine,Poland,1994,830000,t,
gypsum,mine,Poland,1995,950000,t,
gypsum,mine,Poland,1996,1100000,t,
gypsum,mine,Poland,1997,1000000,t,
gypsum,mine,Poland,1998,1000000,t,
gypsum,mine,Poland,1999,1000000,t,
gypsum,mine,Poland,2000,1700000,t,
gypsum,mine,Poland,2001,2000000,t,
gypsum,mine,Poland,2002,1100000,t,
gypsum,mine,Poland,2003,1100000,t,
gypsum,mine,Poland,2004,1300000,t,
gypsum,mine,Poland,2005,1300000,t,
gypsum,mine,Poland,2006,1250000,t,
gypsum,mine,Poland,2007,1600000,t,
gypsum,mine,Poland,2008,1580000,t,
gypsum,mine,Poland,2009,1500000,t,
gypsum,mine,Poland,2010,1300000,t,
gypsum,mine,Poland,2011,1200000,t,
gypsum,mine,Poland,2012,1200000,t,
gypsum,mine,Poland,2013,1270000,t,
gypsum,mine,Russia,2003,1000000,t,
gypsum,mine,Russia,2004,700000,t,
gypsum,mine,Russia,2005,2200000,t,
gypsum,mine,Russia,2006,2200000,t,
gypsum,mine,Russia,2007,2300000,t,
gypsum,mine,Russia,2008,2300000,t,
gypsum,mine,Russia,2009,2900000,t,
gypsum,mine,Russia,2010,2900000,t,
gypsum,mine,Russia,2011,3000000,t,
gypsum,mine,Russia,2012,3150000,t,
gypsum,mine,Russia,2013,5100000,t,
gypsum,mine,Russia,2014,5100000,t,
gypsum,mine,Russia,2015,4400000,t,
gypsum,mine,Russia,2016,4400000,t,
gypsum,mine,Russia,2017,4000000,t,
gypsum,mine,Russia,2018,3800000,t,
gypsum,mine,Russia,2019,5500000,t,
gypsum,mine,Russia,2020,4200000,t,
gypsum,mine,Russia,2021,4100000,t,
gypsum,mine,Russia,2022,4100000,t,
gypsum,mine,Saudi Arabia,2008,2300000,t,
gypsum,mine,Saudi Arabia,2009,2100000,t,
gypsum,mine,Saudi Arabia,2010,2100000,t,
gypsum,mine,Saudi Arabia,2011,2100000,t,
gypsum,mine,Saudi Arabia,2012,2500000,t,
gypsum,mine,Saudi Arabia,2013,2400000,t,
gypsum,mine,Saudi Arabia,2014,2400000,t,
gypsum,mine,Saudi Arabia,2015,1860000,t,
gypsum,mine,Saudi Arabia,2016,1860000,t,
gypsum,mine,Saudi Arabia,2017,3150000,t,
gypsum,mine,Saudi Arabia,2018,3310000,t,
gypsum,mine,Saudi Arabia,2019,3300000,t,
gypsum,mine,Saudi Arabia,2020,3300000,t,
gypsum,mine,Saudi Arabia,2021,3990000,t,
gypsum,mine,Saudi Arabia,2022,4000000,t,
gypsum,mine,Spain,1994,7250000,t,
gypsum,mine,Spain,1995,7500000,t,
gypsum,mine,Spain,1996,8000000,t,
gypsum,mine,Spain,1997,7400000,t,
gypsum,mine,Spain,1998,7400000,t,
gypsum,mine,Spain,1999,7500000,t,
gypsum,mine,Spain,2000,7500000,t,
gypsum,mine,Spain,2001,7500000,t,
gypsum,mine,Spain,2002,7500000,t,
gypsum,mine,Spain,2003,7500000,t,
gypsum,mine,Spain,2004,11500000,t,
gypsum,mine,Spain,2005,11500000,t,
gypsum,mine,Spain,2006,13200000,t,
gypsum,mine,Spain,2007,11500000,t,
gypsum,mine,Spain,2008,11500000,t,
gypsum,mine,Spain,2009,11500000,t,
gypsum,mine,Spain,2010,11500000,t,
gypsum,mine,Spain,2011,11500000,t,
gypsum,mine,Spain,2012,7100000,t,
gypsum,mine,Spain,2013,6400000,t,
gypsum,mine,Spain,2014,6400000,t,
gypsum,mine,Spain,2015,7000000,t,
gypsum,mine,Spain,2016,7000000,t,
gypsum,mine,Spain,2017,7000000,t,
gypsum,mine,Spain,2018,7000000,t,
gypsum,mine,Spain,2019,7000000,t,
gypsum,mine,Spain,2020,11000000,t,
gypsum,mine,Spain,2021,11000000,t,
gypsum,mine,Spain,2022,11000000,t,
gypsum,mine,Thailand,1994,8140000,t,
gypsum,mine,Thailand,1995,8530000,t,
gypsum,mine,Thailand,1996,8900000,t,
gypsum,mine,Thailand,1997,8600000,t,
gypsum,mine,Thailand,1998,9000000,t,
gypsum,mine,Thailand,1999,5000000,t,
gypsum,mine,Thailand,2000,5830000,t,
gypsum,mine,Thailand,2001,5900000,t,
gypsum,mine,Thailand,2002,6330000,t,
gypsum,mine,Thailand,2003,6500000,t,
gypsum,mine,Thailand,2004,8000000,t,
gypsum,mine,Thailand,2005,6920000,t,
gypsum,mine,Thailand,2006,8355000,t,
gypsum,mine,Thailand,2007,8600000,t,
gypsum,mine,Thailand,2008,8000000,t,
gypsum,mine,Thailand,2009,8500000,t,
gypsum,mine,Thailand,2010,8500000,t,
gypsum,mine,Thailand,2011,9900000,t,
gypsum,mine,Thailand,2012,9000000,t,
gypsum,mine,Thailand,2013,6300000,t,
gypsum,mine,Thailand,2014,6300000,t,
gypsum,mine,Thailand,2015,11200000,t,
gypsum,mine,Thailand,2016,11300000,t,
gypsum,mine,Thailand,2017,9250000,t,
gypsum,mine,Thailand,2018,9300000,t,
gypsum,mine,Thailand,2019,9790000,t,
gypsum,mine,Thailand,2020,9800000,t,
gypsum,mine,Thailand,2021,9300000,t,
gypsum,mine,Thailand,2022,9300000,t,
gypsum,mine,Turkey,2008,3000000,t,
gypsum,mine,Turkey,2009,3100000,t,
gypsum,mine,Turkey,2010,3200000,t,
gypsum,mine,Turkey,2011,3200000,t,
gypsum,mine,Turkey,2012,2100000,t,
gypsum,mine,Turkey,2013,8300000,t,
gypsum,mine,Turkey,2014,13800000,t,
gypsum,mine,Turkey,2015,12600000,t,
gypsum,mine,Turkey,2016,9000000,t,
gypsum,mine,Turkey,2017,9000000,t,
gypsum,mine,Turkey,2018,10000000,t,
gypsum,mine,Turkey,2019,10000000,t,
gypsum,mine,Turkey,2020,7500000,t,
gypsum,mine,Turkey,2021,9300000,t,
gypsum,mine,Turkey,2022,9300000,t,
gypsum,mine,United Kingdom,1994,2500000,t,
gypsum,mine,United Kingdom,1995,2500000,t,
gypsum,mine,United Kingdom,1996,2000000,t,
gypsum,mine,United Kingdom,1997,2000000,t,
gypsum,mine,United Kingdom,1998,2000000,t,
gypsum,mine,United Kingdom,1999,1800000,t,
gypsum,mine,United Kingdom,2000,1500000,t,
gypsum,mine,United Kingdom,2001,1500000,t,
gypsum,mine,United Kingdom,2002,1500000,t,
gypsum,mine,United Kingdom,2003,1500000,t,
gypsum,mine,United Kingdom,2004,1500000,t,
gypsum,mine,United Kingdom,2005,1500000,t,
gypsum,mine,United Kingdom,2006,2900000,t,
gypsum,mine,United Kingdom,2007,1700000,t,
gypsum,mine,United Kingdom,2008,1700000,t,
gypsum,mine,United Kingdom,2009,1700000,t,
gypsum,mine,United Kingdom,2010,1700000,t,
gypsum,mine,United Kingdom,2011,1700000,t,
gypsum,mine,United Kingdom,2012,1700000,t,
gypsum,mine,United Kingdom,2013,1700000,t,
gypsum,mine,United Kingdom,2014,1700000,t,
gypsum,mine,United Kingdom,2015,1200000,t,
gypsum,mine,United Kingdom,2016,1200000,t,
gypsum,mine,United States,1994,17200000,t,
gypsum,mine,United States,1995,16600000,t,
gypsum,mine,United States,1996,17500000,t,
gypsum,mine,United States,1997,18600000,t,
gypsum,mine,United States,1998,19000000,t,
gypsum,mine,United States,1999,22400000,t,
gypsum,mine,United States,2000,19500000,t,
gypsum,mine,United States,2001,16300000,t,
gypsum,mine,United States,2002,15700000,t,
gypsum,mine,United States,2003,16700000,t,
gypsum,mine,United States,2004,17200000,t,
gypsum,mine,United States,2005,21100000,t,
gypsum,mine,United States,2006,21100000,t,
gypsum,mine,United States,2007,17900000,t,
gypsum,mine,United States,2008,14400000,t,
gypsum,mine,United States,2009,9400000,t,
gypsum,mine,United States,2010,8840000,t,
gypsum,mine,United States,2011,8900000,t,
gypsum,mine,United States,2012,15800000,t,
gypsum,mine,United States,2013,16300000,t,
gypsum,mine,United States,2014,11000000,t,
gypsum,mine,United States,2015,15200000,t,
gypsum,mine,United States,2016,17000000,t,
gypsum,mine,United States,2017,20700000,t,
gypsum,mine,United States,2018,21100000,t,
gypsum,mine,United States,2019,21200000,t,
gypsum,mine,United States,2020,21200000,t,
gypsum,mine,United States,2021,21300000,t,
gypsum,mine,United States,2022,21000000,t,
gypsum,mine,Uruguay,2002,1130000,t,
gypsum,mine,Uruguay,2003,1130000,t,
gypsum,mine,Uruguay,2004,1130000,t,
gypsum,mine,Uruguay,2005,1130000,t,
gypsum,mine,Uruguay,2006,1130000,t,
gypsum,mine,Uruguay,2007,1200000,t,
gypsum,mine,Uzbekistan,2021,2200000,t,
gypsum,mine,Uzbekistan,2022,2200000,t,
gypsum,mine,World,1994,101000000,t,
gypsum,mine,World,1995,98100000,t,
gypsum,mine,World,1996,99700000,t,
gypsum,mine,World,1997,104000000,t,
gypsum,mine,World,1998,107000000,t,
gypsum,mine,World,1999,107000000,t,
gypsum,mine,World,2000,106000000,t,
gypsum,mine,World,2001,104000000,t,
gypsum,mine,World,2002,101000000,t,
gypsum,mine,World,2003,104000000,t,
gypsum,mine,World,2004,109000000,t,
gypsum,mine,World,2005,118000000,t,
gypsum,mine,World,2006,125000000,t,
gypsum,mine,World,2007,125227272,t,modified by the author – see README
gypsum,mine,World,2008,121954545,t,modified by the author – see README
gypsum,mine,World,2009,112681818,t,modified by the author – see README
gypsum,mine,World,2010,110409090,t,modified by the author – see README
gypsum,mine,World,2011,112136363,t,modified by the author – see README
gypsum,mine,World,2012,115863636,t,modified by the author – see README
gypsum,mine,World,2013,128590909,t,modified by the author – see README
gypsum,mine,World,2014,128318181,t,modified by the author – see README
gypsum,mine,World,2015,145045454,t,modified by the author – see README
gypsum,mine,World,2016,145772727,t,modified by the author – see README
gypsum,mine,World,2017,154000000,t,
gypsum,mine,World,2018,143000000,t,
gypsum,mine,World,2019,148000000,t,
gypsum,mine,World,2020,144000000,t,
gypsum,mine,World,2021,153000000,t,
gypsum,mine,World,2022,150000000,t,
helium,mine,Algeria,1994,0,t,
helium,mine,Algeria,1995,3800000,t,
helium,mine,Algeria,1996,3800000,t,
helium,mine,Algeria,1997,16000000,t,
helium,mine,Algeria,1998,16000000,t,
helium,mine,Algeria,1999,16000000,t,
helium,mine,Algeria,2000,14000000,t,
helium,mine,Algeria,2001,14000000,t,
helium,mine,Algeria,2002,17000000,t,
helium,mine,Algeria,2003,14000000,t,
helium,mine,Algeria,2004,16000000,t,
helium,mine,Algeria,2005,17000000,t,
helium,mine,Algeria,2006,15000000,t,
helium,mine,Algeria,2007,16000000,t,
helium,mine,Algeria,2008,22300000,t,
helium,mine,Algeria,2009,20000000,t,
helium,mine,Algeria,2010,18000000,t,
helium,mine,Algeria,2011,20000000,t,
helium,mine,Algeria,2012,15000000,t,
helium,mine,Algeria,2013,17000000,t,
helium,mine,Algeria,2014,16000000,t,
helium,mine,Algeria,2015,10000000,t,
helium,mine,Algeria,2016,10000000,t,
helium,mine,Algeria,2017,14000000,t,
helium,mine,Algeria,2018,14000000,t,
helium,mine,Algeria,2019,14000000,t,
helium,mine,Algeria,2020,14000000,t,
helium,mine,Algeria,2021,14000000,t,
helium,mine,Algeria,2022,9000000,t,
helium,mine,Australia,2012,4000000,t,
helium,mine,Australia,2013,6000000,t,
helium,mine,Australia,2014,5000000,t,
helium,mine,Australia,2015,4000000,t,
helium,mine,Australia,2016,4000000,t,
helium,mine,Australia,2017,4000000,t,
helium,mine,Australia,2018,4000000,t,
helium,mine,Australia,2019,4000000,t,
helium,mine,Australia,2020,4000000,t,
helium,mine,Australia,2021,4000000,t,
helium,mine,Australia,2022,4000000,t,
helium,mine,Canada,1994,0,t,
helium,mine,Canada,1995,0,t,
helium,mine,Canada,1996,0,t,
helium,mine,Canada,1997,0,t,
helium,mine,Canada,1998,0,t,
helium,mine,Canada,1999,0,t,
helium,mine,Canada,2000,0,t,
helium,mine,Canada,2001,0,t,
helium,mine,Canada,2002,0,t,
helium,mine,Canada,2003,0,t,
helium,mine,Canada,2004,0,t,
helium,mine,Canada,2005,0,t,
helium,mine,Canada,2006,0,t,
helium,mine,Canada,2007,0,t,
helium,mine,Canada,2008,0,t,
helium,mine,Canada,2009,0,t,
helium,mine,Canada,2010,0,t,
helium,mine,Canada,2011,0,t,
helium,mine,Canada,2012,0,t,
helium,mine,Canada,2013,0,t,
helium,mine,Canada,2014,0,t,
helium,mine,Canada,2015,0,t,
helium,mine,Canada,2016,0,t,
helium,mine,Canada,2017,0,t,
helium,mine,Canada,2018,0,t,
helium,mine,Canada,2019,0,t,
helium,mine,Canada,2020,0,t,
helium,mine,Canada,2021,1000000,t,
helium,mine,Canada,2022,2000000,t,
helium,mine,China,1994,0,t,
helium,mine,China,1995,0,t,
helium,mine,China,1996,0,t,
helium,mine,China,1997,0,t,
helium,mine,China,1998,0,t,
helium,mine,China,1999,0,t,
helium,mine,China,2000,0,t,
helium,mine,China,2001,0,t,
helium,mine,China,2002,0,t,
helium,mine,China,2003,0,t,
helium,mine,China,2004,0,t,
helium,mine,China,2005,0,t,
helium,mine,China,2006,0,t,
helium,mine,China,2007,0,t,
helium,mine,China,2008,0,t,
helium,mine,China,2009,0,t,
helium,mine,China,2010,0,t,
helium,mine,China,2011,0,t,
helium,mine,China,2012,0,t,
helium,mine,China,2013,0,t,
helium,mine,China,2014,0,t,
helium,mine,China,2015,0,t,
helium,mine,China,2016,0,t,
helium,mine,China,2017,0,t,
helium,mine,China,2018,0,t,
helium,mine,China,2019,0,t,
helium,mine,China,2020,1000000,t,
helium,mine,China,2021,1000000,t,
helium,mine,China,2022,1000000,t,
helium,mine,Former Soviet Union,1994,4200000,t,
helium,mine,Former Soviet Union,1995,4200000,t,
helium,mine,Former Soviet Union,1996,4200000,t,
helium,mine,Former Soviet Union,1997,4200000,t,
helium,mine,Former Soviet Union,1998,4000000,t,
helium,mine,Former Soviet Union,1999,4000000,t,
helium,mine,Former Soviet Union,2000,4000000,t,
helium,mine,Netherlands,1994,0,t,
helium,mine,Netherlands,1995,0,t,
helium,mine,Netherlands,1996,0,t,
helium,mine,Other countries,1994,0,t,
helium,mine,Other countries,1995,0,t,
helium,mine,Other countries,1996,0,t,
helium,mine,Other countries,1997,0,t,
helium,mine,Other countries,1998,0,t,
helium,mine,Other countries,1999,0,t,
helium,mine,Other countries,2000,0,t,
helium,mine,Other countries,2001,0,t,
helium,mine,Other countries,2002,0,t,
helium,mine,Other countries,2003,0,t,
helium,mine,Other countries,2004,0,t,
helium,mine,Other countries,2005,0,t,
helium,mine,Other countries,2006,0,t,
helium,mine,Other countries,2007,0,t,
helium,mine,Other countries,2008,0,t,
helium,mine,Other countries,2009,0,t,
helium,mine,Other countries,2010,0,t,
helium,mine,Other countries,2011,0,t,
helium,mine,Other countries,2012,0,t,
helium,mine,Other countries,2013,0,t,
helium,mine,Other countries,2014,0,t,
helium,mine,Other countries,2015,0,t,
helium,mine,Poland,1994,1400000,t,
helium,mine,Poland,1995,1400000,t,
helium,mine,Poland,1996,1400000,t,
helium,mine,Poland,1997,1400000,t,
helium,mine,Poland,1998,1400000,t,
helium,mine,Poland,1999,1000000,t,
helium,mine,Poland,2000,1000000,t,
helium,mine,Poland,2001,1000000,t,
helium,mine,Poland,2002,1000000,t,
helium,mine,Poland,2003,2000000,t,
helium,mine,Poland,2004,3000000,t,
helium,mine,Poland,2005,3000000,t,
helium,mine,Poland,2006,3000000,t,
helium,mine,Poland,2007,2500000,t,
helium,mine,Poland,2008,2600000,t,
helium,mine,Poland,2009,3300000,t,
helium,mine,Poland,2010,3000000,t,
helium,mine,Poland,2011,3000000,t,
helium,mine,Poland,2012,3000000,t,
helium,mine,Poland,2013,3000000,t,
helium,mine,Poland,2014,3000000,t,
helium,mine,Poland,2015,2000000,t,
helium,mine,Poland,2016,2000000,t,
helium,mine,Poland,2017,2000000,t,
helium,mine,Poland,2018,2000000,t,
helium,mine,Poland,2019,1000000,t,
helium,mine,Poland,2020,1000000,t,
helium,mine,Poland,2021,1000000,t,
helium,mine,Poland,2022,1000000,t,
helium,mine,Qatar,2003,0,t,
helium,mine,Qatar,2004,0,t,
helium,mine,Qatar,2005,200000,t,
helium,mine,Qatar,2006,4400000,t,
helium,mine,Qatar,2007,7100000,t,
helium,mine,Qatar,2008,12700000,t,
helium,mine,Qatar,2009,0,t,
helium,mine,Qatar,2010,13000000,t,
helium,mine,Qatar,2011,13000000,t,
helium,mine,Qatar,2012,13000000,t,
helium,mine,Qatar,2013,25000000,t,
helium,mine,Qatar,2014,35000000,t,
helium,mine,Qatar,2015,49000000,t,
helium,mine,Qatar,2016,50000000,t,
helium,mine,Qatar,2017,45000000,t,
helium,mine,Qatar,2018,45000000,t,
helium,mine,Qatar,2019,45000000,t,
helium,mine,Qatar,2020,51000000,t,
helium,mine,Qatar,2021,61000000,t,
helium,mine,Qatar,2022,60000000,t,
helium,mine,Russia,2001,4000000,t,
helium,mine,Russia,2002,4000000,t,
helium,mine,Russia,2003,6000000,t,
helium,mine,Russia,2004,5000000,t,
helium,mine,Russia,2005,7000000,t,
helium,mine,Russia,2006,6300000,t,
helium,mine,Russia,2007,7100000,t,
helium,mine,Russia,2008,6900000,t,
helium,mine,Russia,2009,5300000,t,
helium,mine,Russia,2010,6000000,t,
helium,mine,Russia,2011,6000000,t,
helium,mine,Russia,2012,6000000,t,
helium,mine,Russia,2013,6000000,t,
helium,mine,Russia,2014,4000000,t,
helium,mine,Russia,2015,3000000,t,
helium,mine,Russia,2016,3000000,t,
helium,mine,Russia,2017,3000000,t,
helium,mine,Russia,2018,3000000,t,
helium,mine,Russia,2019,5000000,t,
helium,mine,Russia,2020,5000000,t,
helium,mine,Russia,2021,5000000,t,
helium,mine,Russia,2022,5000000,t,
helium,mine,South Africa,2021,1000000,t,
helium,mine,South Africa,2022,1000000,t,
helium,mine,United States,1994,100400000,t,
helium,mine,United States,1995,101000000,t,
helium,mine,United States,1996,103000000,t,
helium,mine,United States,1997,116000000,t,
helium,mine,United States,1998,112000000,t,
helium,mine,United States,1999,114000000,t,
helium,mine,United States,2000,98000000,t,
helium,mine,United States,2001,87000000,t,
helium,mine,United States,2002,87000000,t,
helium,mine,United States,2003,122000000,t,
helium,mine,United States,2004,130000000,t,
helium,mine,United States,2005,133000000,t,
helium,mine,United States,2006,137000000,t,
helium,mine,United States,2007,138000000,t,
helium,mine,United States,2008,130000000,t,
helium,mine,United States,2009,118000000,t,
helium,mine,United States,2010,128000000,t,
helium,mine,United States,2011,130000000,t,
helium,mine,United States,2012,133000000,t,
helium,mine,United States,2013,118000000,t,
helium,mine,United States,2014,101000000,t,
helium,mine,United States,2015,88000000,t,
helium,mine,United States,2016,89000000,t,
helium,mine,United States,2017,91000000,t,
helium,mine,United States,2018,90000000,t,
helium,mine,United States,2019,89000000,t,
helium,mine,United States,2020,83000000,t,
helium,mine,United States,2021,76000000,t,
helium,mine,United States,2022,75000000,t,
helium,mine,World,1994,106000000,t,
helium,mine,World,1995,111000000,t,
helium,mine,World,1996,111000000,t,
helium,mine,World,1997,138000000,t,
helium,mine,World,1998,134000000,t,
helium,mine,World,1999,135000000,t,
helium,mine,World,2000,117000000,t,
helium,mine,World,2001,106000000,t,
helium,mine,World,2002,109000000,t,
helium,mine,World,2003,144000000,t,
helium,mine,World,2004,154000000,t,
helium,mine,World,2005,160000000,t,
helium,mine,World,2006,166000000,t,
helium,mine,World,2007,171000000,t,
helium,mine,World,2008,175000000,t,
helium,mine,World,2009,147000000,t,
helium,mine,World,2010,168000000,t,
helium,mine,World,2011,172000000,t,
helium,mine,World,2012,174000000,t,
helium,mine,World,2013,175000000,t,
helium,mine,World,2014,164000000,t,
helium,mine,World,2015,156000000,t,
helium,mine,World,2016,160000000,t,
helium,mine,World,2017,160000000,t,
helium,mine,World,2018,158000000,t,
helium,mine,World,2019,160000000,t,
helium,mine,World,2020,160000000,t,
helium,mine,World,2021,164000000,t,
helium,mine,World,2022,160000000,t,
helium,production,Algeria,1994,0,t,
helium,production,Algeria,1995,3800000,t,
helium,production,Algeria,1996,3800000,t,
helium,production,Algeria,1997,16000000,t,
helium,production,Algeria,1998,16000000,t,
helium,production,Algeria,1999,16000000,t,
helium,production,Algeria,2000,14000000,t,
helium,production,Algeria,2001,14000000,t,
helium,production,Algeria,2002,17000000,t,
helium,production,Algeria,2003,14000000,t,
helium,production,Algeria,2004,16000000,t,
helium,production,Algeria,2005,17000000,t,
helium,production,Algeria,2006,15000000,t,
helium,production,Algeria,2007,16000000,t,
helium,production,Algeria,2008,22300000,t,
helium,production,Algeria,2009,20000000,t,
helium,production,Algeria,2010,18000000,t,
helium,production,Algeria,2011,20000000,t,
helium,production,Algeria,2012,15000000,t,
helium,production,Algeria,2013,17000000,t,
helium,production,Algeria,2014,16000000,t,
helium,production,Algeria,2015,10000000,t,
helium,production,Algeria,2016,10000000,t,
helium,production,Algeria,2017,14000000,t,
helium,production,Algeria,2018,14000000,t,
helium,production,Algeria,2019,0,t,
helium,production,Algeria,2020,0,t,
helium,production,Algeria,2021,0,t,
helium,production,Algeria,2022,0,t,
helium,production,Australia,2012,4000000,t,
helium,production,Australia,2013,6000000,t,
helium,production,Australia,2014,5000000,t,
helium,production,Australia,2015,4000000,t,
helium,production,Australia,2016,4000000,t,
helium,production,Australia,2017,4000000,t,
helium,production,Australia,2018,4000000,t,
helium,production,Australia,2019,0,t,
helium,production,Australia,2020,0,t,
helium,production,Australia,2021,0,t,
helium,production,Australia,2022,0,t,
helium,production,Canada,1994,0,t,
helium,production,Canada,1995,0,t,
helium,production,Canada,1996,0,t,
helium,production,Canada,1997,0,t,
helium,production,Canada,1998,0,t,
helium,production,Canada,1999,0,t,
helium,production,Canada,2000,0,t,
helium,production,Canada,2001,0,t,
helium,production,Canada,2002,0,t,
helium,production,Canada,2003,0,t,
helium,production,Canada,2004,0,t,
helium,production,Canada,2005,0,t,
helium,production,Canada,2006,0,t,
helium,production,Canada,2007,0,t,
helium,production,Canada,2008,0,t,
helium,production,Canada,2009,0,t,
helium,production,Canada,2010,0,t,
helium,production,Canada,2011,0,t,
helium,production,Canada,2012,0,t,
helium,production,Canada,2013,0,t,
helium,production,Canada,2014,0,t,
helium,production,Canada,2015,0,t,
helium,production,Canada,2016,0,t,
helium,production,Canada,2017,0,t,
helium,production,Canada,2018,0,t,
helium,production,Canada,2019,0,t,
helium,production,Canada,2020,0,t,
helium,production,Canada,2021,0,t,
helium,production,Canada,2022,0,t,
helium,production,China,1994,0,t,
helium,production,China,1995,0,t,
helium,production,China,1996,0,t,
helium,production,China,1997,0,t,
helium,production,China,1998,0,t,
helium,production,China,1999,0,t,
helium,production,China,2000,0,t,
helium,production,China,2001,0,t,
helium,production,China,2002,0,t,
helium,production,China,2003,0,t,
helium,production,China,2004,0,t,
helium,production,China,2005,0,t,
helium,production,China,2006,0,t,
helium,production,China,2007,0,t,
helium,production,China,2008,0,t,
helium,production,China,2009,0,t,
helium,production,China,2010,0,t,
helium,production,China,2011,0,t,
helium,production,China,2012,0,t,
helium,production,China,2013,0,t,
helium,production,China,2014,0,t,
helium,production,China,2015,0,t,
helium,production,China,2016,0,t,
helium,production,China,2017,0,t,
helium,production,China,2018,0,t,
helium,production,China,2019,0,t,
helium,production,China,2020,0,t,
helium,production,China,2021,0,t,
helium,production,China,2022,0,t,
helium,production,Former Soviet Union,1994,4200000,t,
helium,production,Former Soviet Union,1995,4200000,t,
helium,production,Former Soviet Union,1996,4200000,t,
helium,production,Former Soviet Union,1997,4200000,t,
helium,production,Former Soviet Union,1998,4000000,t,
helium,production,Former Soviet Union,1999,4000000,t,
helium,production,Former Soviet Union,2000,4000000,t,
helium,production,Netherlands,1994,0,t,
helium,production,Netherlands,1995,0,t,
helium,production,Netherlands,1996,0,t,
helium,production,Other countries,1994,0,t,
helium,production,Other countries,1995,0,t,
helium,production,Other countries,1996,0,t,
helium,production,Other countries,1997,0,t,
helium,production,Other countries,1998,0,t,
helium,production,Other countries,1999,0,t,
helium,production,Other countries,2000,0,t,
helium,production,Other countries,2001,0,t,
helium,production,Other countries,2002,0,t,
helium,production,Other countries,2003,0,t,
helium,production,Other countries,2004,0,t,
helium,production,Other countries,2005,0,t,
helium,production,Other countries,2006,0,t,
helium,production,Other countries,2007,0,t,
helium,production,Other countries,2008,0,t,
helium,production,Other countries,2009,0,t,
helium,production,Other countries,2010,0,t,
helium,production,Other countries,2011,0,t,
helium,production,Other countries,2012,0,t,
helium,production,Other countries,2013,0,t,
helium,production,Other countries,2014,0,t,
helium,production,Other countries,2015,0,t,
helium,production,Poland,1994,1400000,t,
helium,production,Poland,1995,1400000,t,
helium,production,Poland,1996,1400000,t,
helium,production,Poland,1997,1400000,t,
helium,production,Poland,1998,1400000,t,
helium,production,Poland,1999,1000000,t,
helium,production,Poland,2000,1000000,t,
helium,production,Poland,2001,1000000,t,
helium,production,Poland,2002,1000000,t,
helium,production,Poland,2003,2000000,t,
helium,production,Poland,2004,3000000,t,
helium,production,Poland,2005,3000000,t,
helium,production,Poland,2006,3000000,t,
helium,production,Poland,2007,2500000,t,
helium,production,Poland,2008,2600000,t,
helium,production,Poland,2009,3300000,t,
helium,production,Poland,2010,3000000,t,
helium,production,Poland,2011,3000000,t,
helium,production,Poland,2012,3000000,t,
helium,production,Poland,2013,3000000,t,
helium,production,Poland,2014,3000000,t,
helium,production,Poland,2015,2000000,t,
helium,production,Poland,2016,2000000,t,
helium,production,Poland,2017,2000000,t,
helium,production,Poland,2018,2000000,t,
helium,production,Poland,2019,0,t,
helium,production,Poland,2020,0,t,
helium,production,Poland,2021,0,t,
helium,production,Poland,2022,0,t,
helium,production,Qatar,2003,0,t,
helium,production,Qatar,2004,0,t,
helium,production,Qatar,2005,200000,t,
helium,production,Qatar,2006,4400000,t,
helium,production,Qatar,2007,7100000,t,
helium,production,Qatar,2008,12700000,t,
helium,production,Qatar,2009,0,t,
helium,production,Qatar,2010,13000000,t,
helium,production,Qatar,2011,13000000,t,
helium,production,Qatar,2012,13000000,t,
helium,production,Qatar,2013,25000000,t,
helium,production,Qatar,2014,35000000,t,
helium,production,Qatar,2015,49000000,t,
helium,production,Qatar,2016,50000000,t,
helium,production,Qatar,2017,45000000,t,
helium,production,Qatar,2018,45000000,t,
helium,production,Qatar,2019,0,t,
helium,production,Qatar,2020,0,t,
helium,production,Qatar,2021,0,t,
helium,production,Qatar,2022,0,t,
helium,production,Russia,2001,4000000,t,
helium,production,Russia,2002,4000000,t,
helium,production,Russia,2003,6000000,t,
helium,production,Russia,2004,5000000,t,
helium,production,Russia,2005,7000000,t,
helium,production,Russia,2006,6300000,t,
helium,production,Russia,2007,7100000,t,
helium,production,Russia,2008,6900000,t,
helium,production,Russia,2009,5300000,t,
helium,production,Russia,2010,6000000,t,
helium,production,Russia,2011,6000000,t,
helium,production,Russia,2012,6000000,t,
helium,production,Russia,2013,6000000,t,
helium,production,Russia,2014,4000000,t,
helium,production,Russia,2015,3000000,t,
helium,production,Russia,2016,3000000,t,
helium,production,Russia,2017,3000000,t,
helium,production,Russia,2018,3000000,t,
helium,production,Russia,2019,0,t,
helium,production,Russia,2020,0,t,
helium,production,Russia,2021,0,t,
helium,production,Russia,2022,0,t,
helium,production,South Africa,2021,0,t,
helium,production,South Africa,2022,0,t,
helium,production,United States,1994,100400000,t,
helium,production,United States,1995,101000000,t,
helium,production,United States,1996,103000000,t,
helium,production,United States,1997,116000000,t,
helium,production,United States,1998,112000000,t,
helium,production,United States,1999,114000000,t,
helium,production,United States,2000,98000000,t,
helium,production,United States,2001,87000000,t,
helium,production,United States,2002,87000000,t,
helium,production,United States,2003,122000000,t,
helium,production,United States,2004,130000000,t,
helium,production,United States,2005,133000000,t,
helium,production,United States,2006,137000000,t,
helium,production,United States,2007,138000000,t,
helium,production,United States,2008,130000000,t,
helium,production,United States,2009,118000000,t,
helium,production,United States,2010,128000000,t,
helium,production,United States,2011,130000000,t,
helium,production,United States,2012,133000000,t,
helium,production,United States,2013,118000000,t,
helium,production,United States,2014,101000000,t,
helium,production,United States,2015,88000000,t,
helium,production,United States,2016,89000000,t,
helium,production,United States,2017,91000000,t,
helium,production,United States,2018,90000000,t,
helium,production,United States,2019,0,t,
helium,production,United States,2020,0,t,
helium,production,United States,2021,0,t,
helium,production,United States,2022,0,t,
helium,production,World,1994,106000000,t,
helium,production,World,1995,111000000,t,
helium,production,World,1996,111000000,t,
helium,production,World,1997,138000000,t,
helium,production,World,1998,134000000,t,
helium,production,World,1999,135000000,t,
helium,production,World,2000,117000000,t,
helium,production,World,2001,106000000,t,
helium,production,World,2002,109000000,t,
helium,production,World,2003,144000000,t,
helium,production,World,2004,154000000,t,
helium,production,World,2005,160000000,t,
helium,production,World,2006,166000000,t,
helium,production,World,2007,171000000,t,
helium,production,World,2008,175000000,t,
helium,production,World,2009,147000000,t,
helium,production,World,2010,168000000,t,
helium,production,World,2011,172000000,t,
helium,production,World,2012,174000000,t,
helium,production,World,2013,175000000,t,
helium,production,World,2014,164000000,t,
helium,production,World,2015,156000000,t,
helium,production,World,2016,160000000,t,
helium,production,World,2017,160000000,t,
helium,production,World,2018,158000000,t,
helium,production,World,2019,0,t,
helium,production,World,2020,0,t,
helium,production,World,2021,0,t,
helium,production,World,2022,0,t,
indium,refinery,Belgium,1997,15,t,
indium,refinery,Belgium,1998,15,t,
indium,refinery,Belgium,1999,35,t,
indium,refinery,Belgium,2000,40,t,
indium,refinery,Belgium,2001,40,t,
indium,refinery,Belgium,2002,40,t,
indium,refinery,Belgium,2003,40,t,
indium,refinery,Belgium,2004,30,t,
indium,refinery,Belgium,2005,30,t,
indium,refinery,Belgium,2006,30,t,
indium,refinery,Belgium,2007,30,t,
indium,refinery,Belgium,2008,30,t,
indium,refinery,Belgium,2009,30,t,
indium,refinery,Belgium,2010,30,t,
indium,refinery,Belgium,2011,30,t,
indium,refinery,Belgium,2012,30,t,
indium,refinery,Belgium,2013,30,t,
indium,refinery,Belgium,2014,25,t,
indium,refinery,Belgium,2015,20,t,
indium,refinery,Belgium,2016,20,t,
indium,refinery,Belgium,2017,20,t,
indium,refinery,Belgium,2018,22,t,
indium,refinery,Belgium,2019,20,t,
indium,refinery,Belgium,2020,20,t,
indium,refinery,Belgium,2021,20,t,
indium,refinery,Belgium,2022,20,t,
indium,refinery,Brazil,2008,5,t,
indium,refinery,Brazil,2009,5,t,
indium,refinery,Brazil,2010,5,t,
indium,refinery,Brazil,2011,5,t,
indium,refinery,Canada,1997,50,t,
indium,refinery,Canada,1998,40,t,
indium,refinery,Canada,1999,35,t,
indium,refinery,Canada,2000,45,t,
indium,refinery,Canada,2001,45,t,
indium,refinery,Canada,2002,45,t,
indium,refinery,Canada,2003,50,t,
indium,refinery,Canada,2004,50,t,
indium,refinery,Canada,2005,50,t,
indium,refinery,Canada,2006,50,t,
indium,refinery,Canada,2007,50,t,
indium,refinery,Canada,2008,45,t,
indium,refinery,Canada,2009,40,t,
indium,refinery,Canada,2010,67,t,
indium,refinery,Canada,2011,75,t,
indium,refinery,Canada,2012,62,t,
indium,refinery,Canada,2013,65,t,
indium,refinery,Canada,2014,65,t,
indium,refinery,Canada,2015,70,t,
indium,refinery,Canada,2016,71,t,
indium,refinery,Canada,2017,67,t,
indium,refinery,Canada,2018,58,t,
indium,refinery,Canada,2019,61,t,
indium,refinery,Canada,2020,66,t,
indium,refinery,Canada,2021,60,t,
indium,refinery,Canada,2022,55,t,
indium,refinery,China,1997,45,t,
indium,refinery,China,1998,50,t,
indium,refinery,China,1999,40,t,
indium,refinery,China,2000,95,t,
indium,refinery,China,2001,100,t,
indium,refinery,China,2002,85,t,
indium,refinery,China,2003,100,t,
indium,refinery,China,2004,200,t,
indium,refinery,China,2005,300,t,
indium,refinery,China,2006,350,t,
indium,refinery,China,2007,320,t,
indium,refinery,China,2008,310,t,
indium,refinery,China,2009,280,t,
indium,refinery,China,2010,340,t,
indium,refinery,China,2011,380,t,
indium,refinery,China,2012,405,t,
indium,refinery,China,2013,415,t,
indium,refinery,China,2014,460,t,
indium,refinery,China,2015,350,t,
indium,refinery,China,2016,300,t,
indium,refinery,China,2017,287,t,
indium,refinery,China,2018,300,t,
indium,refinery,China,2019,535,t,
indium,refinery,China,2020,540,t,
indium,refinery,China,2021,540,t,
indium,refinery,China,2022,530,t,
indium,refinery,France,1997,45,t,
indium,refinery,France,1998,50,t,
indium,refinery,France,1999,43,t,
indium,refinery,France,2000,65,t,
indium,refinery,France,2001,65,t,
indium,refinery,France,2002,65,t,
indium,refinery,France,2003,65,t,
indium,refinery,France,2004,10,t,
indium,refinery,France,2005,10,t,
indium,refinery,France,2006,10,t,
indium,refinery,France,2007,10,t,
indium,refinery,France,2013,33,t,
indium,refinery,France,2014,43,t,
indium,refinery,France,2015,41,t,
indium,refinery,France,2017,30,t,
indium,refinery,France,2018,40,t,
indium,refinery,France,2019,40,t,
indium,refinery,France,2020,38,t,
indium,refinery,France,2021,38,t,
indium,refinery,France,2022,20,t,
indium,refinery,Germany,2003,10,t,
indium,refinery,Germany,2004,10,t,
indium,refinery,Germany,2005,10,t,
indium,refinery,Germany,2013,10,t,
indium,refinery,Germany,2014,10,t,
indium,refinery,Italy,1997,12,t,
indium,refinery,Italy,1998,12,t,
indium,refinery,Japan,1997,40,t,
indium,refinery,Japan,1998,30,t,
indium,refinery,Japan,1999,25,t,
indium,refinery,Japan,2000,50,t,
indium,refinery,Japan,2001,55,t,
indium,refinery,Japan,2002,60,t,
indium,refinery,Japan,2003,70,t,
indium,refinery,Japan,2004,70,t,
indium,refinery,Japan,2005,70,t,
indium,refinery,Japan,2006,55,t,
indium,refinery,Japan,2007,60,t,
indium,refinery,Japan,2008,65,t,
indium,refinery,Japan,2009,67,t,
indium,refinery,Japan,2010,70,t,
indium,refinery,Japan,2011,70,t,
indium,refinery,Japan,2012,71,t,
indium,refinery,Japan,2013,72,t,
indium,refinery,Japan,2014,72,t,
indium,refinery,Japan,2015,70,t,
indium,refinery,Japan,2016,70,t,
indium,refinery,Japan,2017,70,t,
indium,refinery,Japan,2018,70,t,
indium,refinery,Japan,2019,70,t,
indium,refinery,Japan,2020,66,t,
indium,refinery,Japan,2021,66,t,
indium,refinery,Japan,2022,66,t,
indium,refinery,Korea South,2006,50,t,
indium,refinery,Korea South,2007,50,t,
indium,refinery,Korea South,2008,75,t,
indium,refinery,Korea South,2009,70,t,
indium,refinery,Korea South,2010,70,t,
indium,refinery,Korea South,2011,70,t,
indium,refinery,Korea South,2012,165,t,
indium,refinery,Korea South,2013,150,t,
indium,refinery,Korea South,2014,150,t,
indium,refinery,Korea South,2015,195,t,
indium,refinery,Korea South,2016,210,t,
indium,refinery,Korea South,2017,225,t,
indium,refinery,Korea South,2018,235,t,
indium,refinery,Korea South,2019,225,t,
indium,refinery,Korea South,2020,210,t,
indium,refinery,Korea South,2021,190,t,
indium,refinery,Korea South,2022,200,t,
indium,refinery,Other countries,1997,4,t,
indium,refinery,Other countries,1998,4,t,
indium,refinery,Other countries,1999,20,t,
indium,refinery,Other countries,2000,20,t,
indium,refinery,Other countries,2001,20,t,
indium,refinery,Other countries,2002,20,t,
indium,refinery,Other countries,2003,15,t,
indium,refinery,Other countries,2004,15,t,
indium,refinery,Other countries,2005,10,t,
indium,refinery,Other countries,2006,15,t,
indium,refinery,Other countries,2007,25,t,
indium,refinery,Other countries,2008,25,t,
indium,refinery,Other countries,2009,25,t,
indium,refinery,Other countries,2010,27,t,
indium,refinery,Other countries,2011,27,t,
indium,refinery,Other countries,2012,25,t,
indium,refinery,Peru,1997,4,t,
indium,refinery,Peru,1998,4,t,
indium,refinery,Peru,1999,4,t,
indium,refinery,Peru,2000,5,t,
indium,refinery,Peru,2001,5,t,
indium,refinery,Peru,2002,5,t,
indium,refinery,Peru,2003,5,t,
indium,refinery,Peru,2004,5,t,
indium,refinery,Peru,2005,6,t,
indium,refinery,Peru,2006,6,t,
indium,refinery,Peru,2007,6,t,
indium,refinery,Peru,2008,6,t,
indium,refinery,Peru,2009,25,t,
indium,refinery,Peru,2012,11,t,
indium,refinery,Peru,2013,11,t,
indium,refinery,Peru,2014,14,t,
indium,refinery,Peru,2015,9,t,
indium,refinery,Peru,2016,10,t,
indium,refinery,Peru,2017,10,t,
indium,refinery,Peru,2018,11,t,
indium,refinery,Peru,2019,12,t,
indium,refinery,Peru,2020,12,t,
indium,refinery,Peru,2021,12,t,
indium,refinery,Russia,1997,20,t,
indium,refinery,Russia,1998,25,t,
indium,refinery,Russia,1999,15,t,
indium,refinery,Russia,2000,15,t,
indium,refinery,Russia,2001,15,t,
indium,refinery,Russia,2002,15,t,
indium,refinery,Russia,2003,15,t,
indium,refinery,Russia,2004,15,t,
indium,refinery,Russia,2005,15,t,
indium,refinery,Russia,2006,16,t,
indium,refinery,Russia,2007,12,t,
indium,refinery,Russia,2008,12,t,
indium,refinery,Russia,2009,4,t,
indium,refinery,Russia,2011,5,t,
indium,refinery,Russia,2012,13,t,
indium,refinery,Russia,2013,13,t,
indium,refinery,Russia,2014,5,t,
indium,refinery,Russia,2015,4,t,
indium,refinery,Russia,2016,5,t,
indium,refinery,Russia,2017,5,t,
indium,refinery,Russia,2018,5,t,
indium,refinery,Russia,2019,5,t,
indium,refinery,Russia,2020,5,t,
indium,refinery,Russia,2021,5,t,
indium,refinery,Russia,2022,5,t,
indium,refinery,Uzbekistan,2021,1,t,
indium,refinery,Uzbekistan,2022,1,t,
indium,refinery,World,1997,230,t,
indium,refinery,World,1998,230,t,
indium,refinery,World,1999,215,t,
indium,refinery,World,2000,335,t,
indium,refinery,World,2001,345,t,
indium,refinery,World,2002,335,t,
indium,refinery,World,2003,370,t,
indium,refinery,World,2004,405,t,
indium,refinery,World,2005,500,t,
indium,refinery,World,2006,580,t,
indium,refinery,World,2007,563,t,
indium,refinery,World,2008,570,t,
indium,refinery,World,2009,546,t,
indium,refinery,World,2010,609,t,
indium,refinery,World,2011,662,t,
indium,refinery,World,2012,782,t,
indium,refinery,World,2013,799,t,
indium,refinery,World,2014,844,t,
indium,refinery,World,2015,759,t,
indium,refinery,World,2016,680,t,
indium,refinery,World,2017,714,t,
indium,refinery,World,2018,741,t,
indium,refinery,World,2019,968,t,
indium,refinery,World,2020,960,t,
indium,refinery,World,2021,932,t,
indium,refinery,World,2022,900,t,
iron,mine,Australia,2015,486000000,t,
iron,mine,Australia,2016,531000000,t,
iron,mine,Australia,2017,547000000,t,
iron,mine,Australia,2018,557000000,t,
iron,mine,Australia,2019,569000000,t,
iron,mine,Australia,2020,565000000,t,
iron,mine,Australia,2021,565000000,t,
iron,mine,Australia,2022,540000000,t,
iron,mine,Brazil,2015,257000000,t,
iron,mine,Brazil,2016,275000000,t,
iron,mine,Brazil,2017,269000000,t,
iron,mine,Brazil,2018,250000000,t,
iron,mine,Brazil,2019,258000000,t,
iron,mine,Brazil,2020,247000000,t,
iron,mine,Brazil,2021,273000000,t,
iron,mine,Brazil,2022,260000000,t,
iron,mine,Canada,2015,28000000,t,
iron,mine,Canada,2016,29000000,t,
iron,mine,Canada,2017,29400000,t,
iron,mine,Canada,2018,31500000,t,
iron,mine,Canada,2019,35200000,t,
iron,mine,Canada,2020,36100000,t,
iron,mine,Canada,2021,34500000,t,
iron,mine,Canada,2022,35000000,t,
iron,mine,Chile,2018,8940000,t,
iron,mine,Chile,2019,8430000,t,
iron,mine,Chile,2020,9890000,t,
iron,mine,Chile,2021,11200000,t,
iron,mine,Chile,2022,10000000,t,
iron,mine,China,2015,232000000,t,
iron,mine,China,2016,216000000,t,
iron,mine,China,2017,223000000,t,
iron,mine,China,2018,209000000,t,
iron,mine,China,2019,219000000,t,
iron,mine,China,2020,225000000,t,
iron,mine,China,2021,246000000,t,
iron,mine,China,2022,240000000,t,
iron,mine,India,2015,96000000,t,
iron,mine,India,2016,114000000,t,
iron,mine,India,2017,125000000,t,
iron,mine,India,2018,126000000,t,
iron,mine,India,2019,148000000,t,
iron,mine,India,2020,127000000,t,
iron,mine,India,2021,169000000,t,
iron,mine,India,2022,180000000,t,
iron,mine,Iran,2015,13000000,t,
iron,mine,Iran,2016,23000000,t,
iron,mine,Iran,2017,26300000,t,
iron,mine,Iran,2018,23900000,t,
iron,mine,Iran,2019,21700000,t,
iron,mine,Iran,2020,32500000,t,
iron,mine,Iran,2021,47900000,t,
iron,mine,Iran,2022,49000000,t,
iron,mine,Kazakhstan,2015,12000000,t,
iron,mine,Kazakhstan,2016,10000000,t,
iron,mine,Kazakhstan,2017,10900000,t,
iron,mine,Kazakhstan,2018,11700000,t,
iron,mine,Kazakhstan,2019,6150000,t,
iron,mine,Kazakhstan,2020,12700000,t,
iron,mine,Kazakhstan,2021,13100000,t,
iron,mine,Kazakhstan,2022,14000000,t,
iron,mine,Mauritania,2021,8000000,t,
iron,mine,Mauritania,2022,8100000,t,
iron,mine,Mexico,2018,14000000,t,
iron,mine,Mexico,2020,9380000,t,
iron,mine,Mexico,2021,6810000,t,
iron,mine,Mexico,2022,6900000,t,
iron,mine,Other countries,2015,82000000,t,
iron,mine,Other countries,2016,72000000,t,
iron,mine,Other countries,2017,72200000,t,
iron,mine,Other countries,2018,35800000,t,
iron,mine,Other countries,2019,39000000,t,
iron,mine,Other countries,2020,40000000,t,
iron,mine,Other countries,2021,4900000,t,
iron,mine,Other countries,2022,5000000,t,
iron,mine,Peru,2018,9530000,t,
iron,mine,Peru,2019,10100000,t,
iron,mine,Peru,2020,8890000,t,
iron,mine,Peru,2021,12100000,t,
iron,mine,Peru,2022,11000000,t,
iron,mine,Russia,2015,61000000,t,
iron,mine,Russia,2016,60000000,t,
iron,mine,Russia,2017,61200000,t,
iron,mine,Russia,2018,56700000,t,
iron,mine,Russia,2019,64300000,t,
iron,mine,Russia,2020,69500000,t,
iron,mine,Russia,2021,66700000,t,
iron,mine,Russia,2022,63000000,t,
iron,mine,South Africa,2015,46000000,t,
iron,mine,South Africa,2016,42000000,t,
iron,mine,South Africa,2017,52600000,t,
iron,mine,South Africa,2018,47200000,t,
iron,mine,South Africa,2019,41200000,t,
iron,mine,South Africa,2020,35400000,t,
iron,mine,South Africa,2021,46500000,t,
iron,mine,South Africa,2022,48000000,t,
iron,mine,Sweden,2015,15000000,t,
iron,mine,Sweden,2016,16000000,t,
iron,mine,Sweden,2017,16900000,t,
iron,mine,Sweden,2018,22200000,t,
iron,mine,Sweden,2019,22100000,t,
iron,mine,Sweden,2020,25400000,t,
iron,mine,Sweden,2021,28600000,t,
iron,mine,Sweden,2022,28000000,t,
iron,mine,Turkey,2019,9110000,t,
iron,mine,Turkey,2020,8570000,t,
iron,mine,Turkey,2021,9710000,t,
iron,mine,Turkey,2022,10000000,t,
iron,mine,Ukraine,2015,40000000,t,
iron,mine,Ukraine,2016,39000000,t,
iron,mine,Ukraine,2017,37800000,t,
iron,mine,Ukraine,2018,37700000,t,
iron,mine,Ukraine,2019,39500000,t,
iron,mine,Ukraine,2020,49300000,t,
iron,mine,Ukraine,2021,52400000,t,
iron,mine,Ukraine,2022,47000000,t,
iron,mine,United States,2015,29000000,t,
iron,mine,United States,2016,26000000,t,
iron,mine,United States,2017,30300000,t,
iron,mine,United States,2018,31300000,t,
iron,mine,United States,2019,29800000,t,
iron,mine,United States,2020,24100000,t,
iron,mine,United States,2021,30100000,t,
iron,mine,United States,2022,29000000,t,
iron,mine,World,2015,1400000000,t,
iron,mine,World,2016,1450000000,t,
iron,mine,World,2017,1500000000,t,
iron,mine,World,2018,1470000000,t,
iron,mine,World,2019,1520000000,t,
iron,mine,World,2020,1520000000,t,
iron,mine,World,2021,1630000000,t,
iron,mine,World,2022,1600000000,t,
kaolin,mine,Brazil,2001,1800000,t,
kaolin,mine,Brazil,2002,1710000,t,
kaolin,mine,Brazil,2003,1700000,t,
kaolin,mine,Brazil,2004,2100000,t,
kaolin,mine,Brazil,2005,2200000,t,
kaolin,mine,Brazil,2006,2410000,t,
kaolin,mine,Brazil,2007,2500000,t,
kaolin,mine,Brazil,2008,2500000,t,
kaolin,mine,Brazil,2009,2680000,t,
kaolin,mine,Brazil,2010,2000000,t,
kaolin,mine,Brazil,2011,2200000,t,
kaolin,mine,Brazil,2012,1950000,t,
kaolin,mine,Brazil,2013,2200000,t,
kaolin,mine,Brazil,2014,1710000,t,
kaolin,mine,Brazil,2015,1800000,t,
kaolin,mine,Brazil,2016,2100000,t,
kaolin,mine,Brazil,2017,2100000,t,
kaolin,mine,Brazil,2018,1800000,t,
kaolin,mine,Brazil,2019,1700000,t,
kaolin,mine,Brazil,2020,1240000,t,
kaolin,mine,Brazil,2021,1200000,t,
kaolin,mine,Brazil,2022,1200000,t,
kaolin,mine,China,2014,3300000,t,
kaolin,mine,China,2015,3200000,t,
kaolin,mine,China,2016,3200000,t,
kaolin,mine,China,2017,3200000,t,
kaolin,mine,China,2018,3200000,t,
kaolin,mine,China,2019,5000000,t,
kaolin,mine,China,2020,6500000,t,
kaolin,mine,China,2021,8400000,t,
kaolin,mine,China,2022,8400000,t,
kaolin,mine,Commonwealth of Independent States,2002,5800000,t,
kaolin,mine,Commonwealth of Independent States,2003,5620000,t,
kaolin,mine,Commonwealth of Independent States,2004,6240000,t,
kaolin,mine,Commonwealth of Independent States,2005,6240000,t,
kaolin,mine,Commonwealth of Independent States,2006,6020000,t,
kaolin,mine,Commonwealth of Independent States,2007,6170000,t,
kaolin,mine,Czech Republic,2001,5500000,t,
kaolin,mine,Czech Republic,2002,3650000,t,
kaolin,mine,Czech Republic,2003,4000000,t,
kaolin,mine,Czech Republic,2004,4000000,t,
kaolin,mine,Czech Republic,2005,4000000,t,
kaolin,mine,Czech Republic,2006,3770000,t,
kaolin,mine,Czech Republic,2007,3800000,t,
kaolin,mine,Czech Republic,2008,3830000,t,
kaolin,mine,Czech Republic,2009,2890000,t,
kaolin,mine,Czech Republic,2010,3490000,t,
kaolin,mine,Czech Republic,2011,3610000,t,
kaolin,mine,Czech Republic,2012,3320000,t,
kaolin,mine,Czech Republic,2013,3110000,t,
kaolin,mine,Czech Republic,2014,3100000,t,
kaolin,mine,Czech Republic,2015,3450000,t,
kaolin,mine,Czechia,2016,3450000,t,
kaolin,mine,Czechia,2017,3500000,t,
kaolin,mine,Czechia,2018,3620000,t,
kaolin,mine,Czechia,2019,3450000,t,
kaolin,mine,Czechia,2020,3070000,t,
kaolin,mine,Czechia,2021,3100000,t,
kaolin,mine,Czechia,2022,3100000,t,
kaolin,mine,Former Soviet Union,2001,5800000,t,
kaolin,mine,Germany,2001,3770000,t,
kaolin,mine,Germany,2002,3770000,t,
kaolin,mine,Germany,2003,1800000,t,
kaolin,mine,Germany,2004,3750000,t,
kaolin,mine,Germany,2005,3750000,t,
kaolin,mine,Germany,2006,3770000,t,
kaolin,mine,Germany,2007,3800000,t,
kaolin,mine,Germany,2008,3610000,t,
kaolin,mine,Germany,2009,3200000,t,
kaolin,mine,Germany,2010,4500000,t,
kaolin,mine,Germany,2011,4900000,t,
kaolin,mine,Germany,2012,4900000,t,
kaolin,mine,Germany,2013,4900000,t,
kaolin,mine,Germany,2014,4300000,t,
kaolin,mine,Germany,2015,4300000,t,
kaolin,mine,Germany,2016,4300000,t,
kaolin,mine,Germany,2017,4300000,t,
kaolin,mine,Germany,2018,4300000,t,
kaolin,mine,Germany,2019,5200000,t,
kaolin,mine,Germany,2020,870000,t,
kaolin,mine,Greece,2001,60000,t,
kaolin,mine,Greece,2002,60000,t,
kaolin,mine,Greece,2003,60000,t,
kaolin,mine,Greece,2004,60000,t,
kaolin,mine,Greece,2005,60000,t,
kaolin,mine,Greece,2006,60000,t,
kaolin,mine,Greece,2007,60000,t,
kaolin,mine,Greece,2008,60000,t,
kaolin,mine,India,2014,4480000,t,
kaolin,mine,India,2015,4770000,t,
kaolin,mine,India,2016,4110000,t,
kaolin,mine,India,2017,4110000,t,
kaolin,mine,India,2018,4000000,t,
kaolin,mine,India,2019,4000000,t,
kaolin,mine,India,2020,7600000,t,
kaolin,mine,India,2021,8400000,t,
kaolin,mine,India,2022,8400000,t,
kaolin,mine,Iran,2014,1500000,t,
kaolin,mine,Iran,2015,820000,t,
kaolin,mine,Iran,2016,791000,t,
kaolin,mine,Iran,2017,790000,t,
kaolin,mine,Iran,2018,790000,t,
kaolin,mine,Iran,2019,790000,t,
kaolin,mine,Iran,2020,1800000,t,
kaolin,mine,Iran,2021,1900000,t,
kaolin,mine,Iran,2022,1900000,t,
kaolin,mine,Italy,2002,100000,t,
kaolin,mine,Italy,2003,10000,t,
kaolin,mine,Italy,2004,10000,t,
kaolin,mine,Italy,2005,10000,t,
kaolin,mine,Italy,2006,470000,t,
kaolin,mine,Italy,2007,584000,t,
kaolin,mine,Italy,2008,580000,t,
kaolin,mine,Italy,2009,1070000,t,
kaolin,mine,Italy,2010,641000,t,
kaolin,mine,Italy,2011,640000,t,
kaolin,mine,Italy,2012,640000,t,
kaolin,mine,Italy,2013,640000,t,
kaolin,mine,Korea South,2001,2380000,t,
kaolin,mine,Korea South,2002,2380000,t,
kaolin,mine,Korea South,2003,2500000,t,
kaolin,mine,Korea South,2004,2780000,t,
kaolin,mine,Korea South,2005,2770000,t,
kaolin,mine,Korea South,2006,2400000,t,
kaolin,mine,Korea South,2007,2630000,t,
kaolin,mine,Korea South,2008,955000,t,
kaolin,mine,Mexico,2002,680000,t,
kaolin,mine,Mexico,2003,800000,t,
kaolin,mine,Mexico,2004,800000,t,
kaolin,mine,Mexico,2005,877000,t,
kaolin,mine,Mexico,2006,875000,t,
kaolin,mine,Mexico,2007,962000,t,
kaolin,mine,Mexico,2008,85000,t,
kaolin,mine,Mexico,2009,78000,t,
kaolin,mine,Mexico,2010,120000,t,
kaolin,mine,Mexico,2011,120000,t,
kaolin,mine,Mexico,2012,163000,t,
kaolin,mine,Mexico,2013,163000,t,
kaolin,mine,Mexico,2014,165000,t,
kaolin,mine,Mexico,2015,320000,t,
kaolin,mine,Mexico,2016,320000,t,
kaolin,mine,Mexico,2017,330000,t,
kaolin,mine,Mexico,2018,330000,t,
kaolin,mine,Mexico,2019,140000,t,
kaolin,mine,Mexico,2020,120000,t,
kaolin,mine,Mexico,2021,240000,t,
kaolin,mine,Mexico,2022,240000,t,
kaolin,mine,Other countries,2001,14300000,t,
kaolin,mine,Other countries,2002,14300000,t,
kaolin,mine,Other countries,2003,14000000,t,
kaolin,mine,Other countries,2004,13800000,t,
kaolin,mine,Other countries,2005,13700000,t,
kaolin,mine,Other countries,2006,6730000,t,
kaolin,mine,Other countries,2007,8550000,t,
kaolin,mine,Other countries,2008,7230000,t,
kaolin,mine,Other countries,2009,8140000,t,
kaolin,mine,Other countries,2010,8170000,t,
kaolin,mine,Other countries,2011,8410000,t,
kaolin,mine,Other countries,2012,8540000,t,
kaolin,mine,Other countries,2013,9730000,t,
kaolin,mine,Other countries,2014,4980000,t,
kaolin,mine,Other countries,2015,6980000,t,
kaolin,mine,Other countries,2016,7000000,t,
kaolin,mine,Other countries,2017,6400000,t,
kaolin,mine,Other countries,2018,13400000,t,
kaolin,mine,Other countries,2019,10700000,t,
kaolin,mine,Other countries,2020,11400000,t,
kaolin,mine,Other countries,2021,12500000,t,
kaolin,mine,Other countries,2022,13000000,t,
kaolin,mine,Spain,2004,350000,t,
kaolin,mine,Spain,2005,350000,t,
kaolin,mine,Spain,2006,450000,t,
kaolin,mine,Spain,2007,450000,t,
kaolin,mine,Spain,2008,450000,t,
kaolin,mine,Spain,2009,465000,t,
kaolin,mine,Spain,2010,485000,t,
kaolin,mine,Spain,2011,49000,t,
kaolin,mine,Spain,2012,303000,t,
kaolin,mine,Spain,2013,303000,t,
kaolin,mine,Spain,2014,330000,t,
kaolin,mine,Spain,2015,247000,t,
kaolin,mine,Spain,2016,330000,t,
kaolin,mine,Spain,2017,247000,t,
kaolin,mine,Spain,2018,450000,t,
kaolin,mine,Spain,2019,450000,t,
kaolin,mine,Spain,2020,450000,t,
kaolin,mine,Spain,2021,270000,t,
kaolin,mine,Spain,2022,270000,t,
kaolin,mine,Turkey,2002,372000,t,
kaolin,mine,Turkey,2003,400000,t,
kaolin,mine,Turkey,2004,400000,t,
kaolin,mine,Turkey,2005,580000,t,
kaolin,mine,Turkey,2006,580000,t,
kaolin,mine,Turkey,2007,580000,t,
kaolin,mine,Turkey,2008,620000,t,
kaolin,mine,Turkey,2009,800000,t,
kaolin,mine,Turkey,2010,800000,t,
kaolin,mine,Turkey,2011,700000,t,
kaolin,mine,Turkey,2012,1200000,t,
kaolin,mine,Turkey,2013,3800000,t,
kaolin,mine,Turkey,2014,1200000,t,
kaolin,mine,Turkey,2015,2030000,t,
kaolin,mine,Turkey,2016,1890000,t,
kaolin,mine,Turkey,2017,1900000,t,
kaolin,mine,Turkey,2018,1400000,t,
kaolin,mine,Turkey,2019,1500000,t,
kaolin,mine,Turkey,2020,1200000,t,
kaolin,mine,Turkey,2021,1750000,t,
kaolin,mine,Turkey,2022,1700000,t,
kaolin,mine,Ukraine,2008,2400000,t,
kaolin,mine,Ukraine,2009,1120000,t,
kaolin,mine,Ukraine,2010,1120000,t,
kaolin,mine,Ukraine,2011,1100000,t,
kaolin,mine,Ukraine,2012,1300000,t,
kaolin,mine,Ukraine,2013,1100000,t,
kaolin,mine,Ukraine,2014,1000000,t,
kaolin,mine,Ukraine,2015,1430000,t,
kaolin,mine,Ukraine,2016,1820000,t,
kaolin,mine,Ukraine,2017,1820000,t,
kaolin,mine,Ukraine,2018,2400000,t,
kaolin,mine,Ukraine,2019,1840000,t,
kaolin,mine,Ukraine,2020,1680000,t,
kaolin,mine,Ukraine,2021,2330000,t,
kaolin,mine,Ukraine,2022,600000,t,
kaolin,mine,United Kingdom,2001,2400000,t,
kaolin,mine,United Kingdom,2002,2400000,t,
kaolin,mine,United Kingdom,2003,2400000,t,
kaolin,mine,United Kingdom,2004,2400000,t,
kaolin,mine,United Kingdom,2005,2400000,t,
kaolin,mine,United Kingdom,2006,2500000,t,
kaolin,mine,United Kingdom,2007,1800000,t,
kaolin,mine,United Kingdom,2008,1800000,t,
kaolin,mine,United Kingdom,2009,1800000,t,
kaolin,mine,United Kingdom,2010,900000,t,
kaolin,mine,United Kingdom,2011,900000,t,
kaolin,mine,United Kingdom,2012,900000,t,
kaolin,mine,United Kingdom,2013,900000,t,
kaolin,mine,United Kingdom,2014,1100000,t,
kaolin,mine,United Kingdom,2015,1090000,t,
kaolin,mine,United Kingdom,2016,1010000,t,
kaolin,mine,United Kingdom,2017,1010000,t,
kaolin,mine,United Kingdom,2018,1000000,t,
kaolin,mine,United States,2001,8110000,t,
kaolin,mine,United States,2002,8010000,t,
kaolin,mine,United States,2003,7680000,t,
kaolin,mine,United States,2004,7760000,t,
kaolin,mine,United States,2005,7800000,t,
kaolin,mine,United States,2006,7470000,t,
kaolin,mine,United States,2007,7110000,t,
kaolin,mine,United States,2008,6280000,t,
kaolin,mine,United States,2009,5290000,t,
kaolin,mine,United States,2010,5370000,t,
kaolin,mine,United States,2011,5770000,t,
kaolin,mine,United States,2012,5980000,t,
kaolin,mine,United States,2013,5950000,t,
kaolin,mine,United States,2014,6310000,t,
kaolin,mine,United States,2015,5990000,t,
kaolin,mine,United States,2016,5170000,t,
kaolin,mine,United States,2017,7300000,t,
kaolin,mine,United States,2018,5530000,t,
kaolin,mine,United States,2019,5060000,t,
kaolin,mine,United States,2020,4570000,t,
kaolin,mine,United States,2021,4300000,t,
kaolin,mine,United States,2022,4600000,t,
kaolin,mine,Uzbekistan,2008,5500000,t,
kaolin,mine,Uzbekistan,2009,5500000,t,
kaolin,mine,Uzbekistan,2010,5500000,t,
kaolin,mine,Uzbekistan,2011,5500000,t,
kaolin,mine,Uzbekistan,2012,7000000,t,
kaolin,mine,Uzbekistan,2013,7500000,t,
kaolin,mine,Uzbekistan,2019,4500000,t,
kaolin,mine,Uzbekistan,2020,5900000,t,
kaolin,mine,Uzbekistan,2021,5000000,t,
kaolin,mine,Uzbekistan,2022,5000000,t,
kaolin,mine,World,2001,44100000,t,
kaolin,mine,World,2002,43200000,t,
kaolin,mine,World,2003,41000000,t,
kaolin,mine,World,2004,44500000,t,
kaolin,mine,World,2005,44700000,t,
kaolin,mine,World,2006,37500000,t,
kaolin,mine,World,2007,39000000,t,
kaolin,mine,World,2008,35900000,t,
kaolin,mine,World,2009,33000000,t,
kaolin,mine,World,2010,33100000,t,
kaolin,mine,World,2011,33900000,t,
kaolin,mine,World,2012,36200000,t,
kaolin,mine,World,2013,40300000,t,
kaolin,mine,World,2014,33500000,t,
kaolin,mine,World,2015,36400000,t,
kaolin,mine,World,2016,35500000,t,
kaolin,mine,World,2017,37000000,t,
kaolin,mine,World,2018,42200000,t,
kaolin,mine,World,2019,44300000,t,
kaolin,mine,World,2020,46400000,t,
kaolin,mine,World,2021,49300000,t,
kaolin,mine,World,2022,48000000,t,
lead,mine,Australia,1994,537000,t,
lead,mine,Australia,1995,455000,t,
lead,mine,Australia,1996,522000,t,
lead,mine,Australia,1997,531000,t,
lead,mine,Australia,1998,618000,t,
lead,mine,Australia,1999,681000,t,
lead,mine,Australia,2000,699000,t,
lead,mine,Australia,2001,714000,t,
lead,mine,Australia,2002,683000,t,
lead,mine,Australia,2003,694000,t,
lead,mine,Australia,2004,678000,t,
lead,mine,Australia,2005,776000,t,
lead,mine,Australia,2006,686000,t,
lead,mine,Australia,2007,641000,t,
lead,mine,Australia,2008,645000,t,
lead,mine,Australia,2009,566000,t,
lead,mine,Australia,2010,625000,t,
lead,mine,Australia,2011,621000,t,
lead,mine,Australia,2012,648000,t,
lead,mine,Australia,2013,711000,t,
lead,mine,Australia,2014,728000,t,
lead,mine,Australia,2015,652000,t,
lead,mine,Australia,2016,453000,t,
lead,mine,Australia,2017,459000,t,
lead,mine,Australia,2018,432000,t,
lead,mine,Australia,2019,509000,t,
lead,mine,Australia,2020,494000,t,
lead,mine,Australia,2021,485000,t,
lead,mine,Australia,2022,440000,t,
lead,mine,Bolivia,2008,82000,t,
lead,mine,Bolivia,2009,86000,t,
lead,mine,Bolivia,2010,73000,t,
lead,mine,Bolivia,2011,100000,t,
lead,mine,Bolivia,2012,88000,t,
lead,mine,Bolivia,2013,82000,t,
lead,mine,Bolivia,2014,94000,t,
lead,mine,Bolivia,2015,82000,t,
lead,mine,Bolivia,2016,75000,t,
lead,mine,Bolivia,2017,110000,t,
lead,mine,Bolivia,2018,112000,t,
lead,mine,Bolivia,2019,88000,t,
lead,mine,Bolivia,2020,65000,t,
lead,mine,Bolivia,2021,93000,t,
lead,mine,Bolivia,2022,90000,t,
lead,mine,Canada,1994,172000,t,
lead,mine,Canada,1995,210000,t,
lead,mine,Canada,1996,241000,t,
lead,mine,Canada,1997,186000,t,
lead,mine,Canada,1998,189000,t,
lead,mine,Canada,1999,161000,t,
lead,mine,Canada,2000,143000,t,
lead,mine,Canada,2001,149000,t,
lead,mine,Canada,2002,99000,t,
lead,mine,Canada,2003,150000,t,
lead,mine,Canada,2004,77000,t,
lead,mine,Canada,2005,73000,t,
lead,mine,Canada,2006,82000,t,
lead,mine,Canada,2007,82000,t,
lead,mine,Canada,2008,99000,t,
lead,mine,Canada,2009,69000,t,
lead,mine,Canada,2010,65000,t,
lead,mine,Canada,2011,59000,t,
lead,mine,Canada,2012,59000,t,
lead,mine,Canada,2013,20000,t,
lead,mine,China,1994,340000,t,
lead,mine,China,1995,430000,t,
lead,mine,China,1996,500000,t,
lead,mine,China,1997,650000,t,
lead,mine,China,1998,556000,t,
lead,mine,China,1999,501000,t,
lead,mine,China,2000,570000,t,
lead,mine,China,2001,600000,t,
lead,mine,China,2002,600000,t,
lead,mine,China,2003,660000,t,
lead,mine,China,2004,950000,t,
lead,mine,China,2005,1000000,t,
lead,mine,China,2006,1200000,t,
lead,mine,China,2007,1500000,t,
lead,mine,China,2008,1500000,t,
lead,mine,China,2009,1600000,t,
lead,mine,China,2010,1850000,t,
lead,mine,China,2011,2350000,t,
lead,mine,China,2012,2800000,t,
lead,mine,China,2013,2900000,t,
lead,mine,China,2014,2400000,t,
lead,mine,China,2015,2340000,t,
lead,mine,China,2016,2340000,t,
lead,mine,China,2017,2150000,t,
lead,mine,China,2018,2100000,t,
lead,mine,China,2019,2000000,t,
lead,mine,China,2020,1900000,t,
lead,mine,China,2021,1960000,t,
lead,mine,China,2022,2000000,t,
lead,mine,India,2004,40000,t,
lead,mine,India,2005,58000,t,
lead,mine,India,2006,67000,t,
lead,mine,India,2007,78000,t,
lead,mine,India,2008,87000,t,
lead,mine,India,2009,92000,t,
lead,mine,India,2010,95000,t,
lead,mine,India,2011,115000,t,
lead,mine,India,2012,118000,t,
lead,mine,India,2013,106000,t,
lead,mine,India,2014,106000,t,
lead,mine,India,2015,136000,t,
lead,mine,India,2016,147000,t,
lead,mine,India,2017,170000,t,
lead,mine,India,2018,192000,t,
lead,mine,India,2019,200000,t,
lead,mine,India,2020,204000,t,
lead,mine,India,2021,215000,t,
lead,mine,India,2022,240000,t,
lead,mine,Iran,2015,41000,t,
lead,mine,Iran,2021,50000,t,
lead,mine,Iran,2022,50000,t,
lead,mine,Ireland,2004,65000,t,
lead,mine,Ireland,2005,64000,t,
lead,mine,Ireland,2006,62000,t,
lead,mine,Ireland,2007,54000,t,
lead,mine,Ireland,2008,54000,t,
lead,mine,Ireland,2009,50000,t,
lead,mine,Ireland,2010,45000,t,
lead,mine,Ireland,2011,45000,t,
lead,mine,Ireland,2012,51000,t,
lead,mine,Ireland,2013,51000,t,
lead,mine,Ireland,2014,41000,t,
lead,mine,Ireland,2015,33000,t,
lead,mine,Kazakhstan,1996,40000,t,
lead,mine,Kazakhstan,1997,35000,t,
lead,mine,Kazakhstan,1998,30000,t,
lead,mine,Kazakhstan,1999,34000,t,
lead,mine,Kazakhstan,2000,40000,t,
lead,mine,Kazakhstan,2001,38000,t,
lead,mine,Kazakhstan,2002,40000,t,
lead,mine,Kazakhstan,2003,40000,t,
lead,mine,Kazakhstan,2004,40000,t,
lead,mine,Kazakhstan,2005,44000,t,
lead,mine,Kazakhstan,2006,48000,t,
lead,mine,Kazakhstan,2007,40000,t,
lead,mine,Kazakhstan,2014,38000,t,
lead,mine,Kazakhstan,2015,41000,t,
lead,mine,Kazakhstan,2017,112000,t,
lead,mine,Kazakhstan,2018,86000,t,
lead,mine,Kazakhstan,2019,56000,t,
lead,mine,Kazakhstan,2020,30000,t,
lead,mine,Korea North,2014,45000,t,
lead,mine,Korea North,2015,35000,t,
lead,mine,Macedonia,2015,33000,t,
lead,mine,Mexico,1994,170000,t,
lead,mine,Mexico,1995,164000,t,
lead,mine,Mexico,1996,174000,t,
lead,mine,Mexico,1997,175000,t,
lead,mine,Mexico,1998,175000,t,
lead,mine,Mexico,1999,120000,t,
lead,mine,Mexico,2000,156000,t,
lead,mine,Mexico,2001,135000,t,
lead,mine,Mexico,2002,140000,t,
lead,mine,Mexico,2003,140000,t,
lead,mine,Mexico,2004,139000,t,
lead,mine,Mexico,2005,130000,t,
lead,mine,Mexico,2006,120000,t,
lead,mine,Mexico,2007,120000,t,
lead,mine,Mexico,2008,101000,t,
lead,mine,Mexico,2009,144000,t,
lead,mine,Mexico,2010,158000,t,
lead,mine,Mexico,2011,220000,t,
lead,mine,Mexico,2012,210000,t,
lead,mine,Mexico,2013,210000,t,
lead,mine,Mexico,2014,250000,t,
lead,mine,Mexico,2015,254000,t,
lead,mine,Mexico,2016,232000,t,
lead,mine,Mexico,2017,243000,t,
lead,mine,Mexico,2018,240000,t,
lead,mine,Mexico,2019,259000,t,
lead,mine,Mexico,2020,260000,t,
lead,mine,Mexico,2021,272000,t,
lead,mine,Mexico,2022,270000,t,
lead,mine,Morocco,1994,73000,t,
lead,mine,Morocco,1995,73000,t,
lead,mine,Morocco,1996,72000,t,
lead,mine,Morocco,1997,77000,t,
lead,mine,Morocco,1998,76000,t,
lead,mine,Morocco,1999,87000,t,
lead,mine,Morocco,2000,80000,t,
lead,mine,Morocco,2001,83000,t,
lead,mine,Morocco,2002,75000,t,
lead,mine,Morocco,2003,38000,t,
lead,mine,Morocco,2004,65000,t,
lead,mine,Morocco,2005,31000,t,
lead,mine,Morocco,2006,45000,t,
lead,mine,Morocco,2007,45000,t,
lead,mine,Other countries,1994,710000,t,
lead,mine,Other countries,1995,560000,t,
lead,mine,Other countries,1996,497000,t,
lead,mine,Other countries,1997,455000,t,
lead,mine,Other countries,1998,479000,t,
lead,mine,Other countries,1999,447000,t,
lead,mine,Other countries,2000,490000,t,
lead,mine,Other countries,2001,480000,t,
lead,mine,Other countries,2002,445000,t,
lead,mine,Other countries,2003,370000,t,
lead,mine,Other countries,2004,275000,t,
lead,mine,Other countries,2005,198000,t,
lead,mine,Other countries,2006,240000,t,
lead,mine,Other countries,2007,248000,t,
lead,mine,Other countries,2008,289000,t,
lead,mine,Other countries,2009,306000,t,
lead,mine,Other countries,2010,320000,t,
lead,mine,Other countries,2011,340000,t,
lead,mine,Other countries,2012,330000,t,
lead,mine,Other countries,2013,324000,t,
lead,mine,Other countries,2014,214000,t,
lead,mine,Other countries,2015,170000,t,
lead,mine,Other countries,2016,400000,t,
lead,mine,Other countries,2017,379000,t,
lead,mine,Other countries,2018,468000,t,
lead,mine,Other countries,2019,591000,t,
lead,mine,Other countries,2020,490000,t,
lead,mine,Other countries,2021,510000,t,
lead,mine,Other countries,2022,510000,t,
lead,mine,Peru,1994,220000,t,
lead,mine,Peru,1995,233000,t,
lead,mine,Peru,1996,249000,t,
lead,mine,Peru,1997,258000,t,
lead,mine,Peru,1998,260000,t,
lead,mine,Peru,1999,273000,t,
lead,mine,Peru,2000,271000,t,
lead,mine,Peru,2001,271000,t,
lead,mine,Peru,2002,290000,t,
lead,mine,Peru,2003,308000,t,
lead,mine,Peru,2004,306000,t,
lead,mine,Peru,2005,319000,t,
lead,mine,Peru,2006,313000,t,
lead,mine,Peru,2007,329000,t,
lead,mine,Peru,2008,345000,t,
lead,mine,Peru,2009,302000,t,
lead,mine,Peru,2010,262000,t,
lead,mine,Peru,2011,230000,t,
lead,mine,Peru,2012,249000,t,
lead,mine,Peru,2013,266000,t,
lead,mine,Peru,2014,278000,t,
lead,mine,Peru,2015,316000,t,
lead,mine,Peru,2016,314000,t,
lead,mine,Peru,2017,307000,t,
lead,mine,Peru,2018,289000,t,
lead,mine,Peru,2019,308000,t,
lead,mine,Peru,2020,242000,t,
lead,mine,Peru,2021,264000,t,
lead,mine,Peru,2022,250000,t,
lead,mine,Poland,2005,48000,t,
lead,mine,Poland,2006,51000,t,
lead,mine,Poland,2007,85000,t,
lead,mine,Poland,2008,62000,t,
lead,mine,Poland,2009,60000,t,
lead,mine,Poland,2010,70000,t,
lead,mine,Poland,2011,60000,t,
lead,mine,Poland,2012,58000,t,
lead,mine,Poland,2013,90000,t,
lead,mine,Poland,2014,38000,t,
lead,mine,Poland,2015,37000,t,
lead,mine,Russia,2008,60000,t,
lead,mine,Russia,2009,70000,t,
lead,mine,Russia,2010,97000,t,
lead,mine,Russia,2011,105000,t,
lead,mine,Russia,2012,95000,t,
lead,mine,Russia,2013,195000,t,
lead,mine,Russia,2014,90000,t,
lead,mine,Russia,2015,225000,t,
lead,mine,Russia,2016,250000,t,
lead,mine,Russia,2017,200000,t,
lead,mine,Russia,2018,220000,t,
lead,mine,Russia,2019,230000,t,
lead,mine,Russia,2020,210000,t,
lead,mine,Russia,2021,200000,t,
lead,mine,Russia,2022,200000,t,
lead,mine,South Africa,1994,96000,t,
lead,mine,South Africa,1995,88000,t,
lead,mine,South Africa,1996,89000,t,
lead,mine,South Africa,1997,84000,t,
lead,mine,South Africa,1998,84000,t,
lead,mine,South Africa,1999,80000,t,
lead,mine,South Africa,2000,75000,t,
lead,mine,South Africa,2001,51000,t,
lead,mine,South Africa,2002,49000,t,
lead,mine,South Africa,2003,40000,t,
lead,mine,South Africa,2004,37000,t,
lead,mine,South Africa,2005,42000,t,
lead,mine,South Africa,2006,48000,t,
lead,mine,South Africa,2007,42000,t,
lead,mine,South Africa,2008,46000,t,
lead,mine,South Africa,2009,49000,t,
lead,mine,South Africa,2010,50000,t,
lead,mine,South Africa,2011,55000,t,
lead,mine,South Africa,2012,55000,t,
lead,mine,South Africa,2013,53000,t,
lead,mine,South Africa,2014,29000,t,
lead,mine,South Africa,2015,41000,t,
lead,mine,Sweden,1994,113000,t,
lead,mine,Sweden,1995,100000,t,
lead,mine,Sweden,1996,100000,t,
lead,mine,Sweden,1997,100000,t,
lead,mine,Sweden,1998,140000,t,
lead,mine,Sweden,1999,115000,t,
lead,mine,Sweden,2000,108000,t,
lead,mine,Sweden,2001,95000,t,
lead,mine,Sweden,2002,38000,t,
lead,mine,Sweden,2003,50000,t,
lead,mine,Sweden,2004,34000,t,
lead,mine,Sweden,2005,61000,t,
lead,mine,Sweden,2006,77000,t,
lead,mine,Sweden,2007,62000,t,
lead,mine,Sweden,2008,60000,t,
lead,mine,Sweden,2009,60000,t,
lead,mine,Sweden,2010,60000,t,
lead,mine,Sweden,2011,62000,t,
lead,mine,Sweden,2012,62000,t,
lead,mine,Sweden,2013,62000,t,
lead,mine,Sweden,2014,71000,t,
lead,mine,Sweden,2015,76000,t,
lead,mine,Sweden,2016,79000,t,
lead,mine,Sweden,2017,74000,t,
lead,mine,Sweden,2018,65000,t,
lead,mine,Sweden,2019,69000,t,
lead,mine,Sweden,2020,70000,t,
lead,mine,Sweden,2021,65000,t,
lead,mine,Sweden,2022,65000,t,
lead,mine,Tajikistan,2019,65000,t,
lead,mine,Tajikistan,2020,46000,t,
lead,mine,Tajikistan,2021,56000,t,
lead,mine,Tajikistan,2022,55000,t,
lead,mine,Turkey,2013,78000,t,
lead,mine,Turkey,2014,65000,t,
lead,mine,Turkey,2015,74000,t,
lead,mine,Turkey,2016,76000,t,
lead,mine,Turkey,2017,68000,t,
lead,mine,Turkey,2018,76000,t,
lead,mine,Turkey,2019,71000,t,
lead,mine,Turkey,2020,63000,t,
lead,mine,Turkey,2021,75000,t,
lead,mine,Turkey,2022,75000,t,
lead,mine,United States,1994,370000,t,
lead,mine,United States,1995,394000,t,
lead,mine,United States,1996,436000,t,
lead,mine,United States,1997,459000,t,
lead,mine,United States,1998,493000,t,
lead,mine,United States,1999,520000,t,
lead,mine,United States,2000,468000,t,
lead,mine,United States,2001,466000,t,
lead,mine,United States,2002,451000,t,
lead,mine,United States,2003,460000,t,
lead,mine,United States,2004,445000,t,
lead,mine,United States,2005,426000,t,
lead,mine,United States,2006,429000,t,
lead,mine,United States,2007,444000,t,
lead,mine,United States,2008,410000,t,
lead,mine,United States,2009,406000,t,
lead,mine,United States,2010,369000,t,
lead,mine,United States,2011,342000,t,
lead,mine,United States,2012,345000,t,
lead,mine,United States,2013,340000,t,
lead,mine,United States,2014,379000,t,
lead,mine,United States,2015,367000,t,
lead,mine,United States,2016,346000,t,
lead,mine,United States,2017,310000,t,
lead,mine,United States,2018,280000,t,
lead,mine,United States,2019,274000,t,
lead,mine,United States,2020,306000,t,
lead,mine,United States,2021,294000,t,
lead,mine,United States,2022,280000,t,
lead,mine,World,1994,2800000,t,
lead,mine,World,1995,2710000,t,
lead,mine,World,1996,2920000,t,
lead,mine,World,1997,3010000,t,
lead,mine,World,1998,3100000,t,
lead,mine,World,1999,3020000,t,
lead,mine,World,2000,3100000,t,
lead,mine,World,2001,3100000,t,
lead,mine,World,2002,2910000,t,
lead,mine,World,2003,2950000,t,
lead,mine,World,2004,3150000,t,
lead,mine,World,2005,3270000,t,
lead,mine,World,2006,3470000,t,
lead,mine,World,2007,3770000,t,
lead,mine,World,2008,3840000,t,
lead,mine,World,2009,3860000,t,
lead,mine,World,2010,4140000,t,
lead,mine,World,2011,4700000,t,
lead,mine,World,2012,5170000,t,
lead,mine,World,2013,5490000,t,
lead,mine,World,2014,4870000,t,
lead,mine,World,2015,4950000,t,
lead,mine,World,2016,4710000,t,
lead,mine,World,2017,4580000,t,
lead,mine,World,2018,4560000,t,
lead,mine,World,2019,4720000,t,
lead,mine,World,2020,4380000,t,
lead,mine,World,2021,4550000,t,
lead,mine,World,2022,4500000,t,
lithium,mine,Argentina,1994,8,t,
lithium,mine,Argentina,1995,8,t,
lithium,mine,Argentina,1996,8,t,
lithium,mine,Argentina,1997,8,t,
lithium,mine,Argentina,1998,1130,t,
lithium,mine,Argentina,1999,200,t,
lithium,mine,Argentina,2000,200,t,
lithium,mine,Argentina,2001,200,t,
lithium,mine,Argentina,2002,946,t,
lithium,mine,Argentina,2003,960,t,
lithium,mine,Argentina,2004,1970,t,
lithium,mine,Argentina,2005,1980,t,
lithium,mine,Argentina,2006,2900,t,
lithium,mine,Argentina,2007,3000,t,
lithium,mine,Argentina,2008,3170,t,
lithium,mine,Argentina,2009,2220,t,
lithium,mine,Argentina,2010,2950,t,
lithium,mine,Argentina,2011,2950,t,
lithium,mine,Argentina,2012,2700,t,
lithium,mine,Argentina,2013,2500,t,
lithium,mine,Argentina,2014,3200,t,
lithium,mine,Argentina,2015,3600,t,
lithium,mine,Argentina,2016,5800,t,
lithium,mine,Argentina,2017,5700,t,
lithium,mine,Argentina,2018,6400,t,
lithium,mine,Argentina,2019,6300,t,
lithium,mine,Argentina,2020,5900,t,
lithium,mine,Argentina,2021,5970,t,
lithium,mine,Argentina,2022,6200,t,
lithium,mine,Australia,1994,1700,t,
lithium,mine,Australia,1995,1700,t,
lithium,mine,Australia,1996,3700,t,
lithium,mine,Australia,1997,2800,t,
lithium,mine,Australia,1998,2100,t,
lithium,mine,Australia,1999,2200,t,
lithium,mine,Australia,2000,2400,t,
lithium,mine,Australia,2001,2000,t,
lithium,mine,Australia,2002,3140,t,
lithium,mine,Australia,2003,3450,t,
lithium,mine,Australia,2004,3930,t,
lithium,mine,Australia,2005,3770,t,
lithium,mine,Australia,2006,5500,t,
lithium,mine,Australia,2007,6910,t,
lithium,mine,Australia,2008,6280,t,
lithium,mine,Australia,2009,6280,t,
lithium,mine,Australia,2010,9260,t,
lithium,mine,Australia,2011,12500,t,
lithium,mine,Australia,2012,12800,t,
lithium,mine,Australia,2013,12700,t,
lithium,mine,Australia,2014,13300,t,
lithium,mine,Australia,2015,14100,t,
lithium,mine,Australia,2016,14000,t,
lithium,mine,Australia,2017,40000,t,
lithium,mine,Australia,2018,58800,t,
lithium,mine,Australia,2019,45000,t,
lithium,mine,Australia,2020,39700,t,
lithium,mine,Australia,2021,55300,t,
lithium,mine,Australia,2022,61000,t,
lithium,mine,Brazil,1994,32,t,
lithium,mine,Brazil,1995,32,t,
lithium,mine,Brazil,1996,32,t,
lithium,mine,Brazil,1997,32,t,
lithium,mine,Brazil,1998,32,t,
lithium,mine,Brazil,1999,32,t,
lithium,mine,Brazil,2000,30,t,
lithium,mine,Brazil,2001,220,t,
lithium,mine,Brazil,2002,224,t,
lithium,mine,Brazil,2003,240,t,
lithium,mine,Brazil,2004,242,t,
lithium,mine,Brazil,2005,242,t,
lithium,mine,Brazil,2006,242,t,
lithium,mine,Brazil,2007,180,t,
lithium,mine,Brazil,2008,160,t,
lithium,mine,Brazil,2009,160,t,
lithium,mine,Brazil,2010,160,t,
lithium,mine,Brazil,2011,320,t,
lithium,mine,Brazil,2012,150,t,
lithium,mine,Brazil,2013,400,t,
lithium,mine,Brazil,2014,160,t,
lithium,mine,Brazil,2015,200,t,
lithium,mine,Brazil,2016,200,t,
lithium,mine,Brazil,2017,200,t,
lithium,mine,Brazil,2018,300,t,
lithium,mine,Brazil,2019,2400,t,
lithium,mine,Brazil,2020,1420,t,
lithium,mine,Brazil,2021,1700,t,
lithium,mine,Brazil,2022,2200,t,
lithium,mine,Canada,1994,630,t,
lithium,mine,Canada,1995,660,t,
lithium,mine,Canada,1996,690,t,
lithium,mine,Canada,1997,1600,t,
lithium,mine,Canada,1998,700,t,
lithium,mine,Canada,1999,710,t,
lithium,mine,Canada,2000,710,t,
lithium,mine,Canada,2001,700,t,
lithium,mine,Canada,2002,707,t,
lithium,mine,Canada,2003,710,t,
lithium,mine,Canada,2004,707,t,
lithium,mine,Canada,2005,707,t,
lithium,mine,Canada,2006,707,t,
lithium,mine,Canada,2007,707,t,
lithium,mine,Canada,2008,690,t,
lithium,mine,Canada,2009,310,t,
lithium,mine,Canada,2018,2400,t,
lithium,mine,Canada,2019,200,t,
lithium,mine,Canada,2022,500,t,
lithium,mine,Chile,1994,2000,t,
lithium,mine,Chile,1995,2000,t,
lithium,mine,Chile,1996,2700,t,
lithium,mine,Chile,1997,4100,t,
lithium,mine,Chile,1998,4700,t,
lithium,mine,Chile,1999,5300,t,
lithium,mine,Chile,2000,5300,t,
lithium,mine,Chile,2001,6800,t,
lithium,mine,Chile,2002,5920,t,
lithium,mine,Chile,2003,6580,t,
lithium,mine,Chile,2004,7990,t,
lithium,mine,Chile,2005,8270,t,
lithium,mine,Chile,2006,8200,t,
lithium,mine,Chile,2007,11100,t,
lithium,mine,Chile,2008,10600,t,
lithium,mine,Chile,2009,5620,t,
lithium,mine,Chile,2010,10510,t,
lithium,mine,Chile,2011,12900,t,
lithium,mine,Chile,2012,13200,t,
lithium,mine,Chile,2013,11200,t,
lithium,mine,Chile,2014,11500,t,
lithium,mine,Chile,2015,10500,t,
lithium,mine,Chile,2016,14300,t,
lithium,mine,Chile,2017,14200,t,
lithium,mine,Chile,2018,17000,t,
lithium,mine,Chile,2019,19300,t,
lithium,mine,Chile,2020,21500,t,
lithium,mine,Chile,2021,28300,t,
lithium,mine,Chile,2022,39000,t,
lithium,mine,China,1994,320,t,
lithium,mine,China,1995,320,t,
lithium,mine,China,1996,2800,t,
lithium,mine,China,1997,2900,t,
lithium,mine,China,1998,3000,t,
lithium,mine,China,1999,2300,t,
lithium,mine,China,2000,2400,t,
lithium,mine,China,2001,2400,t,
lithium,mine,China,2002,2400,t,
lithium,mine,China,2003,2500,t,
lithium,mine,China,2004,2630,t,
lithium,mine,China,2005,2820,t,
lithium,mine,China,2006,2820,t,
lithium,mine,China,2007,3010,t,
lithium,mine,China,2008,3290,t,
lithium,mine,China,2009,3760,t,
lithium,mine,China,2010,3950,t,
lithium,mine,China,2011,4140,t,
lithium,mine,China,2012,4500,t,
lithium,mine,China,2013,4700,t,
lithium,mine,China,2014,2300,t,
lithium,mine,China,2015,2000,t,
lithium,mine,China,2016,2300,t,
lithium,mine,China,2017,6800,t,
lithium,mine,China,2018,7100,t,
lithium,mine,China,2019,10800,t,
lithium,mine,China,2020,13300,t,
lithium,mine,China,2021,14000,t,
lithium,mine,China,2022,19000,t,
lithium,mine,Namibia,1994,40,t,
lithium,mine,Namibia,1995,52,t,
lithium,mine,Namibia,1996,48,t,
lithium,mine,Namibia,1997,40,t,
lithium,mine,Namibia,1998,28,t,
lithium,mine,Namibia,2018,500,t,
lithium,mine,Portugal,1994,180,t,
lithium,mine,Portugal,1995,160,t,
lithium,mine,Portugal,1996,160,t,
lithium,mine,Portugal,1997,180,t,
lithium,mine,Portugal,1998,160,t,
lithium,mine,Portugal,1999,140,t,
lithium,mine,Portugal,2000,140,t,
lithium,mine,Portugal,2001,200,t,
lithium,mine,Portugal,2002,190,t,
lithium,mine,Portugal,2003,190,t,
lithium,mine,Portugal,2004,320,t,
lithium,mine,Portugal,2005,320,t,
lithium,mine,Portugal,2006,320,t,
lithium,mine,Portugal,2007,570,t,
lithium,mine,Portugal,2008,700,t,
lithium,mine,Portugal,2010,800,t,
lithium,mine,Portugal,2011,820,t,
lithium,mine,Portugal,2012,560,t,
lithium,mine,Portugal,2013,570,t,
lithium,mine,Portugal,2014,300,t,
lithium,mine,Portugal,2015,200,t,
lithium,mine,Portugal,2016,400,t,
lithium,mine,Portugal,2017,800,t,
lithium,mine,Portugal,2018,800,t,
lithium,mine,Portugal,2019,900,t,
lithium,mine,Portugal,2020,348,t,
lithium,mine,Portugal,2021,900,t,
lithium,mine,Portugal,2022,600,t,
lithium,mine,Russia,1994,800,t,
lithium,mine,Russia,1995,800,t,
lithium,mine,Russia,1996,800,t,
lithium,mine,Russia,1997,2000,t,
lithium,mine,Russia,1998,2000,t,
lithium,mine,Russia,1999,2000,t,
lithium,mine,Russia,2000,2000,t,
lithium,mine,Russia,2001,2000,t,
lithium,mine,Russia,2004,2200,t,
lithium,mine,Russia,2005,2200,t,
lithium,mine,Russia,2006,2200,t,
lithium,mine,United States,2013,870,t,
lithium,mine,World,1994,6100,t,
lithium,mine,World,1995,6300,t,
lithium,mine,World,1996,11000,t,
lithium,mine,World,1997,14000,t,
lithium,mine,World,1998,15000,t,
lithium,mine,World,1999,14000,t,
lithium,mine,World,2000,14000,t,
lithium,mine,World,2001,15100,t,
lithium,mine,World,2002,14200,t,
lithium,mine,World,2003,15100,t,
lithium,mine,World,2004,20200,t,
lithium,mine,World,2005,20600,t,
lithium,mine,World,2006,23500,t,
lithium,mine,World,2007,25800,t,
lithium,mine,World,2008,25400,t,
lithium,mine,World,2009,18800,t,
lithium,mine,World,2010,28100,t,
lithium,mine,World,2011,34100,t,
lithium,mine,World,2012,35000,t,
lithium,mine,World,2013,34000,t,
lithium,mine,World,2014,31700,t,
lithium,mine,World,2015,31500,t,
lithium,mine,World,2016,38000,t,
lithium,mine,World,2017,69000,t,
lithium,mine,World,2018,95000,t,
lithium,mine,World,2019,86000,t,
lithium,mine,World,2020,82500,t,
lithium,mine,World,2021,107000,t,
lithium,mine,World,2022,130000,t,
lithium,mine,Zimbabwe,1994,380,t,
lithium,mine,Zimbabwe,1995,520,t,
lithium,mine,Zimbabwe,1996,500,t,
lithium,mine,Zimbabwe,1997,700,t,
lithium,mine,Zimbabwe,1998,1000,t,
lithium,mine,Zimbabwe,1999,700,t,
lithium,mine,Zimbabwe,2000,740,t,
lithium,mine,Zimbabwe,2001,700,t,
lithium,mine,Zimbabwe,2002,640,t,
lithium,mine,Zimbabwe,2003,480,t,
lithium,mine,Zimbabwe,2004,240,t,
lithium,mine,Zimbabwe,2005,260,t,
lithium,mine,Zimbabwe,2006,600,t,
lithium,mine,Zimbabwe,2007,300,t,
lithium,mine,Zimbabwe,2008,500,t,
lithium,mine,Zimbabwe,2009,400,t,
lithium,mine,Zimbabwe,2010,470,t,
lithium,mine,Zimbabwe,2011,470,t,
lithium,mine,Zimbabwe,2012,1060,t,
lithium,mine,Zimbabwe,2013,1000,t,
lithium,mine,Zimbabwe,2014,900,t,
lithium,mine,Zimbabwe,2015,900,t,
lithium,mine,Zimbabwe,2016,1000,t,
lithium,mine,Zimbabwe,2017,800,t,
lithium,mine,Zimbabwe,2018,1600,t,
lithium,mine,Zimbabwe,2019,1200,t,
lithium,mine,Zimbabwe,2020,417,t,
lithium,mine,Zimbabwe,2021,710,t,
lithium,mine,Zimbabwe,2022,800,t,
magnesium-compounds,mine,Australia,1994,270814,t,
magnesium-compounds,mine,Australia,1995,277670,t,
magnesium-compounds,mine,Australia,1996,287955,t,
magnesium-compounds,mine,Australia,1997,243390,t,
magnesium-compounds,mine,Australia,1998,353087,t,
magnesium-compounds,mine,Australia,1999,191970,t,
magnesium-compounds,mine,Australia,2000,346231,t,
magnesium-compounds,mine,Australia,2001,534773,t,
magnesium-compounds,mine,Australia,2002,479925,t,
magnesium-compounds,mine,Australia,2003,466212,t,
magnesium-compounds,mine,Australia,2004,322235,t,
magnesium-compounds,mine,Australia,2005,332519,t,
magnesium-compounds,mine,Australia,2006,469641,t,
magnesium-compounds,mine,Australia,2007,445644,t,
magnesium-compounds,mine,Australia,2008,445644,t,
magnesium-compounds,mine,Australia,2009,198826,t,
magnesium-compounds,mine,Australia,2010,294811,t,
magnesium-compounds,mine,Australia,2011,294811,t,
magnesium-compounds,mine,Australia,2012,294811,t,
magnesium-compounds,mine,Australia,2013,445644,t,
magnesium-compounds,mine,Australia,2014,497065,t,
magnesium-compounds,mine,Australia,2015,420000,t,
magnesium-compounds,mine,Australia,2016,425000,t,
magnesium-compounds,mine,Australia,2017,470000,t,
magnesium-compounds,mine,Australia,2018,265000,t,
magnesium-compounds,mine,Australia,2019,320000,t,
magnesium-compounds,mine,Australia,2020,700000,t,
magnesium-compounds,mine,Australia,2021,2700000,t,
magnesium-compounds,mine,Australia,2022,2600000,t,
magnesium-compounds,mine,Austria,1994,593050,t,
magnesium-compounds,mine,Austria,1995,692463,t,
magnesium-compounds,mine,Austria,1996,692463,t,
magnesium-compounds,mine,Austria,1997,641042,t,
magnesium-compounds,mine,Austria,1998,641042,t,
magnesium-compounds,mine,Austria,1999,641042,t,
magnesium-compounds,mine,Austria,2000,740455,t,
magnesium-compounds,mine,Austria,2001,692463,t,
magnesium-compounds,mine,Austria,2002,692463,t,
magnesium-compounds,mine,Austria,2003,692463,t,
magnesium-compounds,mine,Austria,2004,692463,t,
magnesium-compounds,mine,Austria,2005,692463,t,
magnesium-compounds,mine,Austria,2006,692463,t,
magnesium-compounds,mine,Austria,2007,692463,t,
magnesium-compounds,mine,Austria,2008,788448,t,
magnesium-compounds,mine,Austria,2009,791876,t,
magnesium-compounds,mine,Austria,2010,692463,t,
magnesium-compounds,mine,Austria,2011,750740,t,
magnesium-compounds,mine,Austria,2012,857009,t,
magnesium-compounds,mine,Austria,2013,754168,t,
magnesium-compounds,mine,Austria,2014,737027,t,
magnesium-compounds,mine,Austria,2015,760000,t,
magnesium-compounds,mine,Austria,2016,710000,t,
magnesium-compounds,mine,Austria,2017,600000,t,
magnesium-compounds,mine,Austria,2018,750000,t,
magnesium-compounds,mine,Austria,2019,780000,t,
magnesium-compounds,mine,Austria,2020,790000,t,
magnesium-compounds,mine,Austria,2021,800000,t,
magnesium-compounds,mine,Austria,2022,800000,t,
magnesium-compounds,mine,Brazil,1994,246818,t,
magnesium-compounds,mine,Brazil,1995,277670,t,
magnesium-compounds,mine,Brazil,1996,315379,t,
magnesium-compounds,mine,Brazil,1997,298239,t,
magnesium-compounds,mine,Brazil,1998,294811,t,
magnesium-compounds,mine,Brazil,1999,305095,t,
magnesium-compounds,mine,Brazil,2000,305095,t,
magnesium-compounds,mine,Brazil,2001,277670,t,
magnesium-compounds,mine,Brazil,2002,267386,t,
magnesium-compounds,mine,Brazil,2003,267386,t,
magnesium-compounds,mine,Brazil,2004,267386,t,
magnesium-compounds,mine,Brazil,2005,366799,t,
magnesium-compounds,mine,Brazil,2006,380512,t,
magnesium-compounds,mine,Brazil,2007,318807,t,
magnesium-compounds,mine,Brazil,2008,394224,t,
magnesium-compounds,mine,Brazil,2009,394224,t,
magnesium-compounds,mine,Brazil,2010,394224,t,
magnesium-compounds,mine,Brazil,2011,479925,t,
magnesium-compounds,mine,Brazil,2012,479925,t,
magnesium-compounds,mine,Brazil,2013,479925,t,
magnesium-compounds,mine,Brazil,2014,599906,t,
magnesium-compounds,mine,Brazil,2015,550000,t,
magnesium-compounds,mine,Brazil,2016,1100000,t,
magnesium-compounds,mine,Brazil,2017,1800000,t,
magnesium-compounds,mine,Brazil,2018,1700000,t,
magnesium-compounds,mine,Brazil,2019,1500000,t,
magnesium-compounds,mine,Brazil,2020,1800000,t,
magnesium-compounds,mine,Brazil,2021,1600000,t,
magnesium-compounds,mine,Brazil,2022,1500000,t,
magnesium-compounds,mine,Canada,2021,190000,t,
magnesium-compounds,mine,Canada,2022,180000,t,
magnesium-compounds,mine,China,1994,1480911,t,
magnesium-compounds,mine,China,1995,1186100,t,
magnesium-compounds,mine,China,1996,987274,t,
magnesium-compounds,mine,China,1997,1974549,t,
magnesium-compounds,mine,China,1998,2365345,t,
magnesium-compounds,mine,China,1999,2420193,t,
magnesium-compounds,mine,China,2000,2471614,t,
magnesium-compounds,mine,China,2001,2567599,t,
magnesium-compounds,mine,China,2002,3667999,t,
magnesium-compounds,mine,China,2003,3667999,t,
magnesium-compounds,mine,China,2004,4593568,t,
magnesium-compounds,mine,China,2005,4627849,t,
magnesium-compounds,mine,China,2006,4696410,t,
magnesium-compounds,mine,China,2007,6718951,t,
magnesium-compounds,mine,China,2008,9872745,t,
magnesium-compounds,mine,China,2009,10866875,t,
magnesium-compounds,mine,China,2010,13849267,t,
magnesium-compounds,mine,China,2011,14329192,t,
magnesium-compounds,mine,China,2012,15768968,t,
magnesium-compounds,mine,China,2013,16797379,t,
magnesium-compounds,mine,China,2014,20259695,t,
magnesium-compounds,mine,China,2015,19000000,t,modified by the author – see README
magnesium-compounds,mine,China,2016,18600000,t,modified by the author – see README
magnesium-compounds,mine,China,2017,19000000,t,modified by the author – see README
magnesium-compounds,mine,China,2018,18500000,t,modified by the author – see README
magnesium-compounds,mine,China,2019,19000000,t,modified by the author – see README
magnesium-compounds,mine,China,2020,19000000,t,modified by the author – see README
magnesium-compounds,mine,China,2021,18000000,t,modified by the author – see README
magnesium-compounds,mine,China,2022,17000000,t,modified by the author – see README
magnesium-compounds,mine,Greece,1994,198826,t,
magnesium-compounds,mine,Greece,1995,198826,t,
magnesium-compounds,mine,Greece,1996,493637,t,
magnesium-compounds,mine,Greece,1997,641042,t,
magnesium-compounds,mine,Greece,1998,641042,t,
magnesium-compounds,mine,Greece,1999,641042,t,
magnesium-compounds,mine,Greece,2000,641042,t,
magnesium-compounds,mine,Greece,2001,493637,t,
magnesium-compounds,mine,Greece,2002,493637,t,
magnesium-compounds,mine,Greece,2003,493637,t,
magnesium-compounds,mine,Greece,2004,493637,t,
magnesium-compounds,mine,Greece,2005,493637,t,
magnesium-compounds,mine,Greece,2006,493637,t,
magnesium-compounds,mine,Greece,2007,493637,t,
magnesium-compounds,mine,Greece,2008,346231,t,
magnesium-compounds,mine,Greece,2009,322235,t,
magnesium-compounds,mine,Greece,2010,294811,t,
magnesium-compounds,mine,Greece,2011,294811,t,
magnesium-compounds,mine,Greece,2012,294811,t,
magnesium-compounds,mine,Greece,2013,342803,t,
magnesium-compounds,mine,Greece,2014,359943,t,
magnesium-compounds,mine,Greece,2015,400000,t,
magnesium-compounds,mine,Greece,2016,400000,t,
magnesium-compounds,mine,Greece,2017,400000,t,
magnesium-compounds,mine,Greece,2018,450000,t,
magnesium-compounds,mine,Greece,2019,530000,t,
magnesium-compounds,mine,Greece,2020,500000,t,
magnesium-compounds,mine,Greece,2021,540000,t,
magnesium-compounds,mine,Greece,2022,510000,t,
magnesium-compounds,mine,India,1994,493637,t,
magnesium-compounds,mine,India,1995,394224,t,
magnesium-compounds,mine,India,1996,332519,t,
magnesium-compounds,mine,India,1997,370227,t,
magnesium-compounds,mine,India,1998,366799,t,
magnesium-compounds,mine,India,1999,356515,t,
magnesium-compounds,mine,India,2000,359943,t,
magnesium-compounds,mine,India,2001,366799,t,
magnesium-compounds,mine,India,2002,377084,t,
magnesium-compounds,mine,India,2003,377084,t,
magnesium-compounds,mine,India,2004,366799,t,
magnesium-compounds,mine,India,2005,356515,t,
magnesium-compounds,mine,India,2006,366799,t,
magnesium-compounds,mine,India,2007,353087,t,
magnesium-compounds,mine,India,2008,346231,t,
magnesium-compounds,mine,India,2009,335947,t,
magnesium-compounds,mine,India,2010,325663,t,
magnesium-compounds,mine,India,2011,346231,t,
magnesium-compounds,mine,India,2012,342803,t,
magnesium-compounds,mine,India,2013,205682,t,
magnesium-compounds,mine,India,2014,222822,t,
magnesium-compounds,mine,India,2015,230000,t,
magnesium-compounds,mine,India,2016,317000,t,
magnesium-compounds,mine,India,2017,188000,t,
magnesium-compounds,mine,India,2018,175000,t,
magnesium-compounds,mine,India,2019,150000,t,
magnesium-compounds,mine,India,2021,99000,t,
magnesium-compounds,mine,India,2022,100000,t,
magnesium-compounds,mine,Iran,2021,200000,t,
magnesium-compounds,mine,Iran,2022,190000,t,
magnesium-compounds,mine,Korea North,1994,1580324,t,
magnesium-compounds,mine,Korea North,1995,1580324,t,
magnesium-compounds,mine,Korea North,1996,1580324,t,
magnesium-compounds,mine,Korea North,1997,1580324,t,
magnesium-compounds,mine,Korea North,1998,1576896,t,
magnesium-compounds,mine,Korea North,1999,987274,t,
magnesium-compounds,mine,Korea North,2000,987274,t,
magnesium-compounds,mine,Korea North,2001,987274,t,
magnesium-compounds,mine,Korea North,2002,987274,t,
magnesium-compounds,mine,Korea North,2003,987274,t,
magnesium-compounds,mine,Korea North,2004,987274,t,
magnesium-compounds,mine,Korea North,2005,1186100,t,
magnesium-compounds,mine,Korea North,2006,1182672,t,
magnesium-compounds,mine,Korea North,2007,1186100,t,
magnesium-compounds,mine,Korea North,2008,1186100,t,
magnesium-compounds,mine,Korea North,2009,1186100,t,
magnesium-compounds,mine,Korea North,2010,147405,t,
magnesium-compounds,mine,Korea North,2011,147405,t,
magnesium-compounds,mine,Korea North,2012,154261,t,
magnesium-compounds,mine,Korea North,2013,239962,t,
magnesium-compounds,mine,Korea North,2014,239962,t,
magnesium-compounds,mine,Korea North,2015,250000,t,
magnesium-compounds,mine,Korea North,2016,700000,t,
magnesium-compounds,mine,Korea North,2017,380000,t,
magnesium-compounds,mine,Korea North,2018,70000,t,
magnesium-compounds,mine,Montenegro,1994,68560,t,
magnesium-compounds,mine,Montenegro,1995,75416,t,
magnesium-compounds,mine,Montenegro,1996,75416,t,
magnesium-compounds,mine,Montenegro,1997,92556,t,
magnesium-compounds,mine,Montenegro,1998,99413,t,
magnesium-compounds,mine,Other countries,1994,325663,t,
magnesium-compounds,mine,Other countries,1995,325663,t,
magnesium-compounds,mine,Other countries,1996,346231,t,
magnesium-compounds,mine,Other countries,1997,339375,t,
magnesium-compounds,mine,Other countries,1998,342803,t,
magnesium-compounds,mine,Other countries,1999,349659,t,
magnesium-compounds,mine,Other countries,2000,449072,t,
magnesium-compounds,mine,Other countries,2001,452500,t,
magnesium-compounds,mine,Other countries,2002,431932,t,
magnesium-compounds,mine,Other countries,2003,558769,t,
magnesium-compounds,mine,Other countries,2004,479925,t,
magnesium-compounds,mine,Other countries,2005,411364,t,
magnesium-compounds,mine,Other countries,2006,401080,t,
magnesium-compounds,mine,Other countries,2007,497065,t,
magnesium-compounds,mine,Other countries,2008,565626,t,
magnesium-compounds,mine,Other countries,2009,572482,t,
magnesium-compounds,mine,Other countries,2010,483353,t,
magnesium-compounds,mine,Other countries,2011,462784,t,
magnesium-compounds,mine,Other countries,2012,342803,t,
magnesium-compounds,mine,Other countries,2013,445644,t,
magnesium-compounds,mine,Other countries,2014,651326,t,
magnesium-compounds,mine,Other countries,2015,670000,t,
magnesium-compounds,mine,Other countries,2016,770000,t,
magnesium-compounds,mine,Other countries,2017,700000,t,
magnesium-compounds,mine,Other countries,2018,865000,t,
magnesium-compounds,mine,Other countries,2019,700000,t,
magnesium-compounds,mine,Other countries,2020,920000,t,
magnesium-compounds,mine,Other countries,2021,400000,t,
magnesium-compounds,mine,Other countries,2022,400000,t,
magnesium-compounds,mine,Russia,1994,593050,t,
magnesium-compounds,mine,Russia,1995,692463,t,
magnesium-compounds,mine,Russia,1996,593050,t,
magnesium-compounds,mine,Russia,1997,593050,t,
magnesium-compounds,mine,Russia,1998,839868,t,
magnesium-compounds,mine,Russia,1999,887861,t,
magnesium-compounds,mine,Russia,2000,987274,t,
magnesium-compounds,mine,Russia,2001,987274,t,
magnesium-compounds,mine,Russia,2002,987274,t,
magnesium-compounds,mine,Russia,2003,1186100,t,
magnesium-compounds,mine,Russia,2004,1186100,t,
magnesium-compounds,mine,Russia,2005,1086687,t,
magnesium-compounds,mine,Russia,2006,1186100,t,
magnesium-compounds,mine,Russia,2007,1186100,t,
magnesium-compounds,mine,Russia,2008,1186100,t,
magnesium-compounds,mine,Russia,2009,987274,t,
magnesium-compounds,mine,Russia,2010,1186100,t,
magnesium-compounds,mine,Russia,2011,1186100,t,
magnesium-compounds,mine,Russia,2012,1199812,t,
magnesium-compounds,mine,Russia,2013,1268373,t,
magnesium-compounds,mine,Russia,2014,1285513,t,
magnesium-compounds,mine,Russia,2015,1300000,t,
magnesium-compounds,mine,Russia,2016,1300000,t,
magnesium-compounds,mine,Russia,2017,1500000,t,
magnesium-compounds,mine,Russia,2018,1500000,t,
magnesium-compounds,mine,Russia,2019,1500000,t,
magnesium-compounds,mine,Russia,2020,1000000,t,
magnesium-compounds,mine,Russia,2021,1000000,t,
magnesium-compounds,mine,Russia,2022,950000,t,
magnesium-compounds,mine,Slovakia,1994,1186100,t,
magnesium-compounds,mine,Slovakia,1995,1186100,t,
magnesium-compounds,mine,Slovakia,1996,987274,t,
magnesium-compounds,mine,Slovakia,1997,987274,t,
magnesium-compounds,mine,Slovakia,1998,987274,t,
magnesium-compounds,mine,Slovakia,1999,839868,t,
magnesium-compounds,mine,Slovakia,2000,839868,t,
magnesium-compounds,mine,Slovakia,2001,987274,t,
magnesium-compounds,mine,Slovakia,2002,493637,t,
magnesium-compounds,mine,Slovakia,2003,939282,t,
magnesium-compounds,mine,Slovakia,2004,983846,t,
magnesium-compounds,mine,Slovakia,2005,987274,t,
magnesium-compounds,mine,Slovakia,2006,394224,t,
magnesium-compounds,mine,Slovakia,2007,593050,t,
magnesium-compounds,mine,Slovakia,2008,939282,t,
magnesium-compounds,mine,Slovakia,2009,791876,t,
magnesium-compounds,mine,Slovakia,2010,641042,t,
magnesium-compounds,mine,Slovakia,2011,589622,t,
magnesium-compounds,mine,Slovakia,2012,582766,t,
magnesium-compounds,mine,Slovakia,2013,685607,t,
magnesium-compounds,mine,Slovakia,2014,685607,t,
magnesium-compounds,mine,Slovakia,2015,650000,t,
magnesium-compounds,mine,Slovakia,2016,560000,t,
magnesium-compounds,mine,Slovakia,2017,450000,t,
magnesium-compounds,mine,Slovakia,2018,475000,t,
magnesium-compounds,mine,Slovakia,2019,475000,t,
magnesium-compounds,mine,Slovakia,2020,480000,t,
magnesium-compounds,mine,Slovakia,2021,500000,t,
magnesium-compounds,mine,Slovakia,2022,480000,t,
magnesium-compounds,mine,Spain,1994,394224,t,
magnesium-compounds,mine,Spain,1995,394224,t,
magnesium-compounds,mine,Spain,1996,394224,t,
magnesium-compounds,mine,Spain,1997,445644,t,
magnesium-compounds,mine,Spain,1998,493637,t,
magnesium-compounds,mine,Spain,1999,493637,t,
magnesium-compounds,mine,Spain,2000,493637,t,
magnesium-compounds,mine,Spain,2001,534773,t,
magnesium-compounds,mine,Spain,2002,517633,t,
magnesium-compounds,mine,Spain,2003,246818,t,
magnesium-compounds,mine,Spain,2004,517633,t,
magnesium-compounds,mine,Spain,2005,517633,t,
magnesium-compounds,mine,Spain,2006,493637,t,
magnesium-compounds,mine,Spain,2007,493637,t,
magnesium-compounds,mine,Spain,2008,455928,t,
magnesium-compounds,mine,Spain,2009,455928,t,
magnesium-compounds,mine,Spain,2010,455928,t,
magnesium-compounds,mine,Spain,2011,455928,t,
magnesium-compounds,mine,Spain,2012,411364,t,
magnesium-compounds,mine,Spain,2013,959850,t,
magnesium-compounds,mine,Spain,2014,634186,t,
magnesium-compounds,mine,Spain,2015,640000,t,
magnesium-compounds,mine,Spain,2016,300000,t,
magnesium-compounds,mine,Spain,2017,300000,t,
magnesium-compounds,mine,Spain,2018,550000,t,
magnesium-compounds,mine,Spain,2019,570000,t,
magnesium-compounds,mine,Spain,2020,650000,t,
magnesium-compounds,mine,Spain,2021,650000,t,
magnesium-compounds,mine,Spain,2022,620000,t,
magnesium-compounds,mine,Turkey,1994,987274,t,
magnesium-compounds,mine,Turkey,1995,1779150,t,
magnesium-compounds,mine,Turkey,1996,1974549,t,
magnesium-compounds,mine,Turkey,1997,2173375,t,
magnesium-compounds,mine,Turkey,1998,1580324,t,
magnesium-compounds,mine,Turkey,1999,2471614,t,
magnesium-compounds,mine,Turkey,2000,1974549,t,
magnesium-compounds,mine,Turkey,2001,1974549,t,
magnesium-compounds,mine,Turkey,2002,1974549,t,
magnesium-compounds,mine,Turkey,2003,1974549,t,
magnesium-compounds,mine,Turkey,2004,3770840,t,
magnesium-compounds,mine,Turkey,2005,3359475,t,
magnesium-compounds,mine,Turkey,2006,3160649,t,
magnesium-compounds,mine,Turkey,2007,2073962,t,
magnesium-compounds,mine,Turkey,2008,2073962,t,
magnesium-compounds,mine,Turkey,2009,1974549,t,
magnesium-compounds,mine,Turkey,2010,987274,t,
magnesium-compounds,mine,Turkey,2011,987274,t,
magnesium-compounds,mine,Turkey,2012,1028410,t,
magnesium-compounds,mine,Turkey,2013,1028410,t,
magnesium-compounds,mine,Turkey,2014,2673868,t,
magnesium-compounds,mine,Turkey,2015,2800000,t,
magnesium-compounds,mine,Turkey,2016,2700000,t,
magnesium-compounds,mine,Turkey,2017,3300000,t,
magnesium-compounds,mine,Turkey,2018,1800000,t,
magnesium-compounds,mine,Turkey,2019,1500000,t,
magnesium-compounds,mine,Turkey,2020,1470000,t,
magnesium-compounds,mine,Turkey,2021,1900000,t,
magnesium-compounds,mine,Turkey,2022,1800000,t,
magnesium-compounds,mine,World,1994,8432969,t,
magnesium-compounds,mine,World,1995,9050016,t,
magnesium-compounds,mine,World,1996,9050016,t,
magnesium-compounds,mine,World,1997,10386950,t,
magnesium-compounds,mine,World,1998,10592632,t,
magnesium-compounds,mine,World,1999,10592632,t,
magnesium-compounds,mine,World,2000,10592632,t,
magnesium-compounds,mine,World,2001,10866875,t,
magnesium-compounds,mine,World,2002,11381081,t,
magnesium-compounds,mine,World,2003,11861006,t,
magnesium-compounds,mine,World,2004,14637716,t,
magnesium-compounds,mine,World,2005,14432033,t,
magnesium-compounds,mine,World,2006,13917828,t,
magnesium-compounds,mine,World,2007,15049080,t,
magnesium-compounds,mine,World,2008,18614238,t,
magnesium-compounds,mine,World,2009,18888481,t,
magnesium-compounds,mine,World,2010,19745490,t,
magnesium-compounds,mine,World,2011,20328256,t,
magnesium-compounds,mine,World,2012,21768032,t,
magnesium-compounds,mine,World,2013,23687732,t,
magnesium-compounds,mine,World,2014,28864067,t,
magnesium-compounds,mine,World,2015,27700000,t,modified by the author – see README
magnesium-compounds,mine,World,2016,27900000,t,modified by the author – see README
magnesium-compounds,mine,World,2017,29100000,t,modified by the author – see README
magnesium-compounds,mine,World,2018,27100000,t,modified by the author – see README
magnesium-compounds,mine,World,2019,27100000,t,modified by the author – see README
magnesium-compounds,mine,World,2020,27000000,t,modified by the author – see README
magnesium-compounds,mine,World,2021,29000000,t,modified by the author – see README
magnesium-compounds,mine,World,2022,27000000,t,modified by the author – see README
magnesium,primary production,Brazil,1994,10000,t,
magnesium,primary production,Brazil,1995,10000,t,
magnesium,primary production,Brazil,1996,9000,t,
magnesium,primary production,Brazil,1997,9000,t,
magnesium,primary production,Brazil,1998,9000,t,
magnesium,primary production,Brazil,1999,9000,t,
magnesium,primary production,Brazil,2000,9000,t,
magnesium,primary production,Brazil,2001,6000,t,
magnesium,primary production,Brazil,2002,6000,t,
magnesium,primary production,Brazil,2003,6000,t,
magnesium,primary production,Brazil,2004,6000,t,
magnesium,primary production,Brazil,2005,6000,t,
magnesium,primary production,Brazil,2006,6000,t,
magnesium,primary production,Brazil,2007,18000,t,
magnesium,primary production,Brazil,2008,15000,t,
magnesium,primary production,Brazil,2009,16000,t,
magnesium,primary production,Brazil,2010,16000,t,
magnesium,primary production,Brazil,2011,16000,t,
magnesium,primary production,Brazil,2012,16000,t,
magnesium,primary production,Brazil,2013,16000,t,
magnesium,primary production,Brazil,2014,16000,t,
magnesium,primary production,Brazil,2015,15000,t,
magnesium,primary production,Brazil,2016,16000,t,
magnesium,primary production,Brazil,2017,15000,t,
magnesium,primary production,Brazil,2018,15000,t,
magnesium,primary production,Brazil,2019,22000,t,
magnesium,primary production,Brazil,2020,18000,t,
magnesium,primary production,Brazil,2021,20000,t,
magnesium,primary production,Brazil,2022,20000,t,
magnesium,primary production,Canada,1994,29000,t,
magnesium,primary production,Canada,1995,48000,t,
magnesium,primary production,Canada,1996,54000,t,
magnesium,primary production,Canada,1997,58000,t,
magnesium,primary production,Canada,1998,77000,t,
magnesium,primary production,Canada,1999,71000,t,
magnesium,primary production,Canada,2000,80000,t,
magnesium,primary production,Canada,2001,83000,t,
magnesium,primary production,Canada,2002,80000,t,
magnesium,primary production,Canada,2003,60000,t,
magnesium,primary production,Canada,2004,54000,t,
magnesium,primary production,Canada,2005,54000,t,
magnesium,primary production,Canada,2006,50000,t,
magnesium,primary production,Canada,2007,16000,t,
magnesium,primary production,China,1994,11000,t,
magnesium,primary production,China,1995,40000,t,
magnesium,primary production,China,1996,50000,t,
magnesium,primary production,China,1997,92000,t,
magnesium,primary production,China,1998,67000,t,
magnesium,primary production,China,1999,83000,t,
magnesium,primary production,China,2000,140000,t,
magnesium,primary production,China,2001,200000,t,
magnesium,primary production,China,2002,230000,t,
magnesium,primary production,China,2003,340000,t,
magnesium,primary production,China,2004,426000,t,
magnesium,primary production,China,2005,470000,t,
magnesium,primary production,China,2006,534000,t,
magnesium,primary production,China,2007,627000,t,
magnesium,primary production,China,2008,559000,t,
magnesium,primary production,China,2009,501000,t,
magnesium,primary production,China,2010,654000,t,
magnesium,primary production,China,2011,661000,t,
magnesium,primary production,China,2012,698000,t,
magnesium,primary production,China,2013,770000,t,
magnesium,primary production,China,2014,874000,t,
magnesium,primary production,China,2015,852000,t,
magnesium,primary production,China,2016,871000,t,
magnesium,primary production,China,2017,930000,t,
magnesium,primary production,China,2018,860000,t,
magnesium,primary production,China,2019,970000,t,
magnesium,primary production,China,2020,886000,t,
magnesium,primary production,China,2021,930000,t,
magnesium,primary production,China,2022,900000,t,
magnesium,primary production,France,1994,9000,t,
magnesium,primary production,France,1995,12000,t,
magnesium,primary production,France,1996,14000,t,
magnesium,primary production,France,1997,12000,t,
magnesium,primary production,France,1998,14000,t,
magnesium,primary production,France,1999,14000,t,
magnesium,primary production,France,2000,14000,t,
magnesium,primary production,France,2001,4000,t,
magnesium,primary production,Iran,2016,2000,t,
magnesium,primary production,Iran,2017,3000,t,
magnesium,primary production,Iran,2018,1000,t,
magnesium,primary production,Israel,1997,8000,t,
magnesium,primary production,Israel,1998,15000,t,
magnesium,primary production,Israel,1999,25000,t,
magnesium,primary production,Israel,2000,34000,t,
magnesium,primary production,Israel,2001,32000,t,
magnesium,primary production,Israel,2002,34000,t,
magnesium,primary production,Israel,2003,34000,t,
magnesium,primary production,Israel,2004,28000,t,
magnesium,primary production,Israel,2005,28000,t,
magnesium,primary production,Israel,2006,25000,t,
magnesium,primary production,Israel,2007,25000,t,
magnesium,primary production,Israel,2008,35000,t,
magnesium,primary production,Israel,2009,29000,t,
magnesium,primary production,Israel,2010,25000,t,
magnesium,primary production,Israel,2011,30000,t,
magnesium,primary production,Israel,2012,27000,t,
magnesium,primary production,Israel,2013,28000,t,
magnesium,primary production,Israel,2014,26000,t,
magnesium,primary production,Israel,2015,19000,t,
magnesium,primary production,Israel,2016,23000,t,
magnesium,primary production,Israel,2017,23000,t,
magnesium,primary production,Israel,2018,21000,t,
magnesium,primary production,Israel,2019,21000,t,
magnesium,primary production,Israel,2020,19000,t,
magnesium,primary production,Israel,2021,18000,t,
magnesium,primary production,Israel,2022,20000,t,
magnesium,primary production,Japan,1994,3000,t,
magnesium,primary production,Kazakhstan,1997,9000,t,
magnesium,primary production,Kazakhstan,1998,9000,t,
magnesium,primary production,Kazakhstan,1999,10000,t,
magnesium,primary production,Kazakhstan,2000,10000,t,
magnesium,primary production,Kazakhstan,2001,16000,t,
magnesium,primary production,Kazakhstan,2002,18000,t,
magnesium,primary production,Kazakhstan,2003,14000,t,
magnesium,primary production,Kazakhstan,2004,18000,t,
magnesium,primary production,Kazakhstan,2005,20000,t,
magnesium,primary production,Kazakhstan,2006,21000,t,
magnesium,primary production,Kazakhstan,2007,21000,t,
magnesium,primary production,Kazakhstan,2008,21000,t,
magnesium,primary production,Kazakhstan,2009,21000,t,
magnesium,primary production,Kazakhstan,2010,21000,t,
magnesium,primary production,Kazakhstan,2011,21000,t,
magnesium,primary production,Kazakhstan,2012,21000,t,
magnesium,primary production,Kazakhstan,2013,23000,t,
magnesium,primary production,Kazakhstan,2014,20000,t,
magnesium,primary production,Kazakhstan,2015,8000,t,
magnesium,primary production,Kazakhstan,2016,10000,t,
magnesium,primary production,Kazakhstan,2017,9000,t,
magnesium,primary production,Kazakhstan,2018,17000,t,
magnesium,primary production,Kazakhstan,2019,25000,t,
magnesium,primary production,Kazakhstan,2020,16000,t,
magnesium,primary production,Kazakhstan,2021,16000,t,
magnesium,primary production,Kazakhstan,2022,15000,t,
magnesium,primary production,Korea South,2012,3000,t,
magnesium,primary production,Korea South,2013,8000,t,
magnesium,primary production,Korea South,2014,10000,t,
magnesium,primary production,Korea South,2015,10000,t,
magnesium,primary production,Korea South,2016,10000,t,
magnesium,primary production,Korea South,2017,10000,t,
magnesium,primary production,Malaysia,2011,2000,t,
magnesium,primary production,Malaysia,2012,5000,t,
magnesium,primary production,Malaysia,2013,1000,t,
magnesium,primary production,Montenegro,1994,2000,t,
magnesium,primary production,Montenegro,1995,2000,t,
magnesium,primary production,Montenegro,1996,3000,t,
magnesium,primary production,Montenegro,1997,3000,t,
magnesium,primary production,Montenegro,1998,1000,t,
magnesium,primary production,Montenegro,1999,1000,t,
magnesium,primary production,Montenegro,2002,1000,t,
magnesium,primary production,Montenegro,2003,2000,t,
magnesium,primary production,Montenegro,2004,2000,t,
magnesium,primary production,Montenegro,2005,2000,t,
magnesium,primary production,Norway,1994,28000,t,
magnesium,primary production,Norway,1995,35000,t,
magnesium,primary production,Norway,1996,30000,t,
magnesium,primary production,Norway,1997,28000,t,
magnesium,primary production,Norway,1998,28000,t,
magnesium,primary production,Norway,1999,28000,t,
magnesium,primary production,Norway,2000,35000,t,
magnesium,primary production,Norway,2001,36000,t,
magnesium,primary production,Norway,2002,10000,t,
magnesium,primary production,Russia,1994,25000,t,
magnesium,primary production,Russia,1995,38000,t,
magnesium,primary production,Russia,1996,35000,t,
magnesium,primary production,Russia,1997,40000,t,
magnesium,primary production,Russia,1998,42000,t,
magnesium,primary production,Russia,1999,35000,t,
magnesium,primary production,Russia,2000,45000,t,
magnesium,primary production,Russia,2001,48000,t,
magnesium,primary production,Russia,2002,50000,t,
magnesium,primary production,Russia,2003,52000,t,
magnesium,primary production,Russia,2004,50000,t,
magnesium,primary production,Russia,2005,45000,t,
magnesium,primary production,Russia,2006,50000,t,
magnesium,primary production,Russia,2007,37000,t,
magnesium,primary production,Russia,2008,37000,t,
magnesium,primary production,Russia,2009,37000,t,
magnesium,primary production,Russia,2010,37000,t,
magnesium,primary production,Russia,2011,37000,t,
magnesium,primary production,Russia,2012,29000,t,
magnesium,primary production,Russia,2013,32000,t,
magnesium,primary production,Russia,2014,18000,t,
magnesium,primary production,Russia,2015,60000,t,
magnesium,primary production,Russia,2016,58000,t,
magnesium,primary production,Russia,2017,40000,t,
magnesium,primary production,Russia,2018,70000,t,
magnesium,primary production,Russia,2019,67000,t,
magnesium,primary production,Russia,2020,48000,t,
magnesium,primary production,Russia,2021,58000,t,
magnesium,primary production,Russia,2022,50000,t,
magnesium,primary production,Serbia,2006,2000,t,
magnesium,primary production,Serbia,2007,2000,t,
magnesium,primary production,Serbia,2008,2000,t,
magnesium,primary production,Serbia,2009,2000,t,
magnesium,primary production,Serbia,2010,2000,t,
magnesium,primary production,Serbia,2011,2000,t,
magnesium,primary production,Serbia,2012,2000,t,
magnesium,primary production,Serbia,2014,2000,t,
magnesium,primary production,Turkey,2016,5000,t,
magnesium,primary production,Turkey,2017,14000,t,
magnesium,primary production,Turkey,2018,4000,t,
magnesium,primary production,Turkey,2019,7000,t,
magnesium,primary production,Turkey,2020,12000,t,
magnesium,primary production,Turkey,2021,13000,t,
magnesium,primary production,Turkey,2022,13000,t,
magnesium,primary production,Ukraine,1994,7000,t,
magnesium,primary production,Ukraine,1995,13000,t,
magnesium,primary production,Ukraine,1996,13000,t,
magnesium,primary production,Ukraine,1997,10000,t,
magnesium,primary production,Ukraine,1998,1000,t,
magnesium,primary production,Ukraine,1999,1000,t,
magnesium,primary production,Ukraine,2005,2000,t,
magnesium,primary production,Ukraine,2006,2000,t,
magnesium,primary production,Ukraine,2007,3000,t,
magnesium,primary production,Ukraine,2008,3000,t,
magnesium,primary production,Ukraine,2009,2000,t,
magnesium,primary production,Ukraine,2010,2000,t,
magnesium,primary production,Ukraine,2011,2000,t,
magnesium,primary production,Ukraine,2012,2000,t,
magnesium,primary production,Ukraine,2014,7000,t,
magnesium,primary production,Ukraine,2015,8000,t,
magnesium,primary production,Ukraine,2016,5000,t,
magnesium,primary production,Ukraine,2017,8000,t,
magnesium,primary production,Ukraine,2018,8000,t,
magnesium,primary production,Ukraine,2019,8000,t,
magnesium,primary production,Ukraine,2020,6000,t,
magnesium,primary production,Ukraine,2021,10000,t,
magnesium,primary production,Ukraine,2022,2000,t,
magnesium,primary production,United States,1994,128000,t,
magnesium,primary production,United States,1995,142000,t,
magnesium,primary production,United States,1996,133000,t,
magnesium,primary production,United States,1997,125000,t,
magnesium,primary production,United States,1998,106000,t,
magnesium,primary production,World,1994,267000,t,
magnesium,primary production,World,1995,339000,t,
magnesium,primary production,World,1996,341000,t,
magnesium,primary production,World,1997,392000,t,
magnesium,primary production,World,1998,369000,t,
magnesium,primary production,World,1999,277000,t,
magnesium,primary production,World,2000,368000,t,
magnesium,primary production,World,2001,426000,t,
magnesium,primary production,World,2002,429000,t,
magnesium,primary production,World,2003,508000,t,
magnesium,primary production,World,2004,584000,t,
magnesium,primary production,World,2005,626000,t,
magnesium,primary production,World,2006,690000,t,
magnesium,primary production,World,2007,749000,t,
magnesium,primary production,World,2008,671000,t,
magnesium,primary production,World,2009,608000,t,
magnesium,primary production,World,2010,757000,t,
magnesium,primary production,World,2011,771000,t,
magnesium,primary production,World,2012,802000,t,
magnesium,primary production,World,2013,878000,t,
magnesium,primary production,World,2014,970000,t,
magnesium,primary production,World,2015,972000,t,
magnesium,primary production,World,2016,1000000,t,
magnesium,primary production,World,2017,1050000,t,
magnesium,primary production,World,2018,996000,t,
magnesium,primary production,World,2019,1120000,t,
magnesium,primary production,World,2020,1000000,t,
magnesium,primary production,World,2021,1070000,t,
magnesium,primary production,World,2022,1000000,t,
manganese,mine,Australia,1994,980000,t,
manganese,mine,Australia,1995,1070000,t,
manganese,mine,Australia,1996,1020000,t,
manganese,mine,Australia,1997,1024000,t,
manganese,mine,Australia,1998,729000,t,
manganese,mine,Australia,1999,926000,t,
manganese,mine,Australia,2000,787000,t,
manganese,mine,Australia,2001,948000,t,
manganese,mine,Australia,2002,983000,t,
manganese,mine,Australia,2003,1200000,t,
manganese,mine,Australia,2004,1300000,t,
manganese,mine,Australia,2005,1450000,t,
manganese,mine,Australia,2006,2190000,t,
manganese,mine,Australia,2007,2540000,t,
manganese,mine,Australia,2008,2320000,t,
manganese,mine,Australia,2009,2140000,t,
manganese,mine,Australia,2010,3100000,t,
manganese,mine,Australia,2011,3200000,t,
manganese,mine,Australia,2012,3080000,t,
manganese,mine,Australia,2013,2980000,t,
manganese,mine,Australia,2014,3050000,t,
manganese,mine,Australia,2015,2450000,t,
manganese,mine,Australia,2016,2240000,t,
manganese,mine,Australia,2017,2820000,t,
manganese,mine,Australia,2018,3480000,t,
manganese,mine,Australia,2019,3180000,t,
manganese,mine,Australia,2020,3330000,t,
manganese,mine,Australia,2021,3260000,t,
manganese,mine,Australia,2022,3300000,t,
manganese,mine,Brazil,1994,897000,t,
manganese,mine,Brazil,1995,905000,t,
manganese,mine,Brazil,1996,858000,t,
manganese,mine,Brazil,1997,780000,t,
manganese,mine,Brazil,1998,819000,t,
manganese,mine,Brazil,1999,641000,t,
manganese,mine,Brazil,2000,920000,t,
manganese,mine,Brazil,2001,1430000,t,
manganese,mine,Brazil,2002,1300000,t,
manganese,mine,Brazil,2003,990000,t,
manganese,mine,Brazil,2004,1300000,t,
manganese,mine,Brazil,2005,1590000,t,
manganese,mine,Brazil,2006,1370000,t,
manganese,mine,Brazil,2007,933000,t,
manganese,mine,Brazil,2008,1380000,t,
manganese,mine,Brazil,2009,730000,t,
manganese,mine,Brazil,2010,780000,t,
manganese,mine,Brazil,2011,1210000,t,
manganese,mine,Brazil,2012,1330000,t,
manganese,mine,Brazil,2013,1120000,t,
manganese,mine,Brazil,2014,1040000,t,
manganese,mine,Brazil,2015,1090000,t,
manganese,mine,Brazil,2016,1080000,t,
manganese,mine,Brazil,2017,1160000,t,
manganese,mine,Brazil,2018,1310000,t,
manganese,mine,Brazil,2019,1740000,t,
manganese,mine,Brazil,2020,494000,t,
manganese,mine,Brazil,2021,542000,t,
manganese,mine,Brazil,2022,400000,t,
manganese,mine,Burma,2011,234000,t,
manganese,mine,Burma,2012,115000,t,
manganese,mine,Burma,2013,157000,t,
manganese,mine,Burma,2014,98000,t,
manganese,mine,Burma,2018,207000,t,
manganese,mine,Burma,2019,430000,t,
manganese,mine,Burma,2020,254000,t,
manganese,mine,Burma,2021,206000,t,
manganese,mine,Burma,2022,200000,t,
manganese,mine,China,1994,1180000,t,
manganese,mine,China,1995,1000000,t,
manganese,mine,China,1996,1200000,t,
manganese,mine,China,1997,1400000,t,
manganese,mine,China,1998,1200000,t,
manganese,mine,China,1999,1100000,t,
manganese,mine,China,2000,800000,t,
manganese,mine,China,2001,500000,t,
manganese,mine,China,2002,900000,t,
manganese,mine,China,2003,800000,t,
manganese,mine,China,2004,900000,t,
manganese,mine,China,2005,1100000,t,
manganese,mine,China,2006,1600000,t,
manganese,mine,China,2007,2000000,t,
manganese,mine,China,2008,2200000,t,
manganese,mine,China,2009,2400000,t,
manganese,mine,China,2010,2600000,t,
manganese,mine,China,2011,2800000,t,
manganese,mine,China,2012,2900000,t,
manganese,mine,China,2013,3000000,t,
manganese,mine,China,2014,3000000,t,
manganese,mine,China,2015,3000000,t,
manganese,mine,China,2016,2330000,t,
manganese,mine,China,2017,1700000,t,
manganese,mine,China,2018,1200000,t,
manganese,mine,China,2019,1330000,t,
manganese,mine,China,2020,1340000,t,
manganese,mine,China,2021,991000,t,
manganese,mine,China,2022,990000,t,
manganese,mine,Cote d’Ivoire,2018,395000,t,
manganese,mine,Cote d’Ivoire,2019,482000,t,
manganese,mine,Cote d’Ivoire,2020,525000,t,
manganese,mine,Cote d’Ivoire,2021,362000,t,
manganese,mine,Cote d’Ivoire,2022,360000,t,
manganese,mine,Gabon,1994,663000,t,
manganese,mine,Gabon,1995,895000,t,
manganese,mine,Gabon,1996,923000,t,
manganese,mine,Gabon,1997,878000,t,
manganese,mine,Gabon,1998,966000,t,
manganese,mine,Gabon,1999,966000,t,
manganese,mine,Gabon,2000,800000,t,
manganese,mine,Gabon,2001,830000,t,
manganese,mine,Gabon,2002,810000,t,
manganese,mine,Gabon,2003,870000,t,
manganese,mine,Gabon,2004,1100000,t,
manganese,mine,Gabon,2005,1290000,t,
manganese,mine,Gabon,2006,1350000,t,
manganese,mine,Gabon,2007,1490000,t,
manganese,mine,Gabon,2008,1600000,t,
manganese,mine,Gabon,2009,881000,t,
manganese,mine,Gabon,2010,1420000,t,
manganese,mine,Gabon,2011,1860000,t,
manganese,mine,Gabon,2012,1650000,t,
manganese,mine,Gabon,2013,1970000,t,
manganese,mine,Gabon,2014,1860000,t,
manganese,mine,Gabon,2015,2020000,t,
manganese,mine,Gabon,2016,1620000,t,
manganese,mine,Gabon,2017,2190000,t,
manganese,mine,Gabon,2018,2330000,t,
manganese,mine,Gabon,2019,2510000,t,
manganese,mine,Gabon,2020,3310000,t,
manganese,mine,Gabon,2021,4340000,t,
manganese,mine,Gabon,2022,4600000,t,
manganese,mine,Georgia,1994,240000,t,
manganese,mine,Georgia,1995,150000,t,
manganese,mine,Georgia,1996,29000,t,
manganese,mine,Georgia,2018,200000,t,
manganese,mine,Georgia,2019,116000,t,
manganese,mine,Georgia,2020,186000,t,
manganese,mine,Georgia,2021,224000,t,
manganese,mine,Georgia,2022,220000,t,
manganese,mine,Ghana,2013,533000,t,
manganese,mine,Ghana,2014,418000,t,
manganese,mine,Ghana,2015,416000,t,
manganese,mine,Ghana,2016,553000,t,
manganese,mine,Ghana,2017,810000,t,
manganese,mine,Ghana,2018,1360000,t,
manganese,mine,Ghana,2019,1550000,t,
manganese,mine,Ghana,2020,637000,t,
manganese,mine,Ghana,2021,940000,t,
manganese,mine,Ghana,2022,940000,t,
manganese,mine,India,1994,607000,t,
manganese,mine,India,1995,627000,t,
manganese,mine,India,1996,659000,t,
manganese,mine,India,1997,680000,t,
manganese,mine,India,1998,610000,t,
manganese,mine,India,1999,570000,t,
manganese,mine,India,2000,590000,t,
manganese,mine,India,2001,600000,t,
manganese,mine,India,2002,630000,t,
manganese,mine,India,2003,620000,t,
manganese,mine,India,2004,630000,t,
manganese,mine,India,2005,640000,t,
manganese,mine,India,2006,811000,t,
manganese,mine,India,2007,900000,t,
manganese,mine,India,2008,960000,t,
manganese,mine,India,2009,980000,t,
manganese,mine,India,2010,1000000,t,
manganese,mine,India,2011,895000,t,
manganese,mine,India,2012,800000,t,
manganese,mine,India,2013,920000,t,
manganese,mine,India,2014,945000,t,
manganese,mine,India,2015,900000,t,
manganese,mine,India,2016,745000,t,
manganese,mine,India,2017,734000,t,
manganese,mine,India,2018,961000,t,
manganese,mine,India,2019,801000,t,
manganese,mine,India,2020,632000,t,
manganese,mine,India,2021,453000,t,
manganese,mine,India,2022,480000,t,
manganese,mine,Kazakhstan,2011,390000,t,
manganese,mine,Kazakhstan,2012,380000,t,
manganese,mine,Kazakhstan,2013,390000,t,
manganese,mine,Kazakhstan,2014,385000,t,
manganese,mine,Kazakhstan,2015,222000,t,
manganese,mine,Kazakhstan,2016,212000,t,
manganese,mine,Kazakhstan,2017,168000,t,
manganese,mine,Kazakhstan,2018,140000,t,
manganese,mine,Kazakhstan,2019,140000,t,
manganese,mine,Kazakhstan,2020,158000,t,
manganese,mine,Kazakhstan,2021,90000,t,
manganese,mine,Kazakhstan,2022,110000,t,
manganese,mine,Malaysia,2011,225000,t,
manganese,mine,Malaysia,2012,429000,t,
manganese,mine,Malaysia,2013,430000,t,
manganese,mine,Malaysia,2014,378000,t,
manganese,mine,Malaysia,2015,201000,t,
manganese,mine,Malaysia,2016,266000,t,
manganese,mine,Malaysia,2017,478000,t,
manganese,mine,Malaysia,2018,390000,t,
manganese,mine,Malaysia,2019,390000,t,
manganese,mine,Malaysia,2020,347000,t,
manganese,mine,Malaysia,2021,356000,t,
manganese,mine,Malaysia,2022,360000,t,
manganese,mine,Mexico,1994,112000,t,
manganese,mine,Mexico,1995,174000,t,
manganese,mine,Mexico,1996,173000,t,
manganese,mine,Mexico,1997,193000,t,
manganese,mine,Mexico,1998,187000,t,
manganese,mine,Mexico,1999,169000,t,
manganese,mine,Mexico,2000,156000,t,
manganese,mine,Mexico,2001,100000,t,
manganese,mine,Mexico,2002,88000,t,
manganese,mine,Mexico,2003,110000,t,
manganese,mine,Mexico,2004,136000,t,
manganese,mine,Mexico,2005,180000,t,
manganese,mine,Mexico,2006,133000,t,
manganese,mine,Mexico,2007,125000,t,
manganese,mine,Mexico,2008,170000,t,
manganese,mine,Mexico,2009,169000,t,
manganese,mine,Mexico,2010,175000,t,
manganese,mine,Mexico,2011,171000,t,
manganese,mine,Mexico,2012,188000,t,
manganese,mine,Mexico,2013,212000,t,
manganese,mine,Mexico,2014,236000,t,
manganese,mine,Mexico,2015,220000,t,
manganese,mine,Mexico,2016,206000,t,
manganese,mine,Mexico,2017,212000,t,
manganese,mine,Mexico,2018,210000,t,
manganese,mine,Mexico,2019,202000,t,
manganese,mine,Mexico,2020,198000,t,
manganese,mine,Mexico,2021,226000,t,
manganese,mine,Mexico,2022,230000,t,
manganese,mine,Other countries,1994,243000,t,
manganese,mine,Other countries,1995,309000,t,
manganese,mine,Other countries,1996,466000,t,
manganese,mine,Other countries,1997,377000,t,
manganese,mine,Other countries,1998,472000,t,
manganese,mine,Other countries,1999,607000,t,
manganese,mine,Other countries,2000,710000,t,
manganese,mine,Other countries,2001,750000,t,
manganese,mine,Other countries,2002,955000,t,
manganese,mine,Other countries,2003,1100000,t,
manganese,mine,Other countries,2004,1270000,t,
manganese,mine,Other countries,2005,1390000,t,
manganese,mine,Other countries,2006,1360000,t,
manganese,mine,Other countries,2007,1420000,t,
manganese,mine,Other countries,2008,1310000,t,
manganese,mine,Other countries,2009,1240000,t,
manganese,mine,Other countries,2010,1340000,t,
manganese,mine,Other countries,2011,1740000,t,
manganese,mine,Other countries,2012,920000,t,
manganese,mine,Other countries,2013,597000,t,
manganese,mine,Other countries,2014,740000,t,
manganese,mine,Other countries,2015,678000,t,
manganese,mine,Other countries,2016,681000,t,
manganese,mine,Other countries,2017,898000,t,
manganese,mine,Other countries,2018,397000,t,
manganese,mine,Other countries,2019,270000,t,
manganese,mine,Other countries,2020,260000,t,
manganese,mine,Other countries,2021,150000,t,
manganese,mine,Other countries,2022,150000,t,
manganese,mine,South Africa,1994,1210000,t,
manganese,mine,South Africa,1995,1350000,t,
manganese,mine,South Africa,1996,1380000,t,
manganese,mine,South Africa,1997,1320000,t,
manganese,mine,South Africa,1998,1300000,t,
manganese,mine,South Africa,1999,1340000,t,
manganese,mine,South Africa,2000,1580000,t,
manganese,mine,South Africa,2001,1479000,t,
manganese,mine,South Africa,2002,1504000,t,
manganese,mine,South Africa,2003,1600000,t,
manganese,mine,South Africa,2004,1905000,t,
manganese,mine,South Africa,2005,2100000,t,
manganese,mine,South Africa,2006,2300000,t,
manganese,mine,South Africa,2007,2600000,t,
manganese,mine,South Africa,2008,2900000,t,
manganese,mine,South Africa,2009,1900000,t,
manganese,mine,South Africa,2010,2900000,t,
manganese,mine,South Africa,2011,3400000,t,
manganese,mine,South Africa,2012,3600000,t,
manganese,mine,South Africa,2013,4300000,t,
manganese,mine,South Africa,2014,5200000,t,
manganese,mine,South Africa,2015,5900000,t,
manganese,mine,South Africa,2016,5300000,t,
manganese,mine,South Africa,2017,5400000,t,
manganese,mine,South Africa,2018,5800000,t,
manganese,mine,South Africa,2019,5800000,t,
manganese,mine,South Africa,2020,6500000,t,
manganese,mine,South Africa,2021,7200000,t,
manganese,mine,South Africa,2022,7200000,t,
manganese,mine,Ukraine,1994,1052000,t,
manganese,mine,Ukraine,1995,1100000,t,
manganese,mine,Ukraine,1996,1020000,t,
manganese,mine,Ukraine,1997,1030000,t,
manganese,mine,Ukraine,1998,755000,t,
manganese,mine,Ukraine,1999,675000,t,
manganese,mine,Ukraine,2000,930000,t,
manganese,mine,Ukraine,2001,930000,t,
manganese,mine,Ukraine,2002,940000,t,
manganese,mine,Ukraine,2003,880000,t,
manganese,mine,Ukraine,2004,810000,t,
manganese,mine,Ukraine,2005,770000,t,
manganese,mine,Ukraine,2006,820000,t,
manganese,mine,Ukraine,2007,580000,t,
manganese,mine,Ukraine,2008,490000,t,
manganese,mine,Ukraine,2009,375000,t,
manganese,mine,Ukraine,2010,540000,t,
manganese,mine,Ukraine,2011,330000,t,
manganese,mine,Ukraine,2012,416000,t,
manganese,mine,Ukraine,2013,300000,t,
manganese,mine,Ukraine,2014,422000,t,
manganese,mine,Ukraine,2015,410000,t,
manganese,mine,Ukraine,2016,425000,t,
manganese,mine,Ukraine,2017,735000,t,
manganese,mine,Ukraine,2018,517000,t,
manganese,mine,Ukraine,2019,500000,t,
manganese,mine,Ukraine,2020,578000,t,
manganese,mine,Ukraine,2021,600000,t,
manganese,mine,Ukraine,2022,400000,t,
manganese,mine,Vietnam,2019,158000,t,
manganese,mine,Vietnam,2020,121000,t,
manganese,mine,Vietnam,2021,146000,t,
manganese,mine,Vietnam,2022,150000,t,
manganese,mine,World,1994,7190000,t,
manganese,mine,World,1995,7580000,t,
manganese,mine,World,1996,7730000,t,
manganese,mine,World,1997,7680000,t,
manganese,mine,World,1998,7040000,t,
manganese,mine,World,1999,6990000,t,
manganese,mine,World,2000,7280000,t,
manganese,mine,World,2001,7600000,t,
manganese,mine,World,2002,8100000,t,
manganese,mine,World,2003,8200000,t,
manganese,mine,World,2004,9350000,t,
manganese,mine,World,2005,10500000,t,
manganese,mine,World,2006,11900000,t,
manganese,mine,World,2007,12600000,t,
manganese,mine,World,2008,13300000,t,
manganese,mine,World,2009,10800000,t,
manganese,mine,World,2010,13900000,t,
manganese,mine,World,2011,16000000,t,
manganese,mine,World,2012,15800000,t,
manganese,mine,World,2013,16900000,t,
manganese,mine,World,2014,17800000,t,
manganese,mine,World,2015,17500000,t,
manganese,mine,World,2016,15700000,t,
manganese,mine,World,2017,17300000,t,
manganese,mine,World,2018,18900000,t,
manganese,mine,World,2019,19600000,t,
manganese,mine,World,2020,18900000,t,
manganese,mine,World,2021,20100000,t,
manganese,mine,World,2022,20000000,t,
mercury,mine,Algeria,1994,475,t,
mercury,mine,Algeria,1995,292,t,
mercury,mine,Algeria,1996,300,t,
mercury,mine,Algeria,1997,370,t,
mercury,mine,Algeria,1998,370,t,
mercury,mine,Algeria,1999,200,t,
mercury,mine,Algeria,2000,240,t,
mercury,mine,Algeria,2001,240,t,
mercury,mine,Algeria,2002,800,t,
mercury,mine,Algeria,2003,300,t,
mercury,mine,Algeria,2004,110,t,
mercury,mine,Argentina,2017,25,t,
mercury,mine,Argentina,2018,25,t,
mercury,mine,Argentina,2019,50,t,
mercury,mine,Chile,2010,176,t,
mercury,mine,Chile,2011,100,t,
mercury,mine,Chile,2012,52,t,
mercury,mine,Chile,2013,50,t,
mercury,mine,China,1994,500,t,
mercury,mine,China,1995,550,t,
mercury,mine,China,2003,610,t,
mercury,mine,China,2004,610,t,
mercury,mine,China,2005,1100,t,
mercury,mine,China,2006,1100,t,
mercury,mine,China,2007,800,t,
mercury,mine,China,2008,800,t,
mercury,mine,China,2009,1400,t,
mercury,mine,China,2010,1600,t,
mercury,mine,China,2011,1500,t,
mercury,mine,China,2012,1350,t,
mercury,mine,China,2013,1600,t,
mercury,mine,China,2014,1600,t,
mercury,mine,China,2015,2800,t,
mercury,mine,China,2016,2000,t,
mercury,mine,China,2017,3380,t,
mercury,mine,China,2018,3600,t,
mercury,mine,China,2019,3600,t,
mercury,mine,China,2020,2200,t,
mercury,mine,China,2021,2000,t,
mercury,mine,China,2022,2000,t,
mercury,mine,Kyrgyzstan,1994,200,t,
mercury,mine,Kyrgyzstan,1995,170,t,
mercury,mine,Kyrgyzstan,1996,580,t,
mercury,mine,Kyrgyzstan,1997,611,t,
mercury,mine,Kyrgyzstan,1998,620,t,
mercury,mine,Kyrgyzstan,1999,620,t,
mercury,mine,Kyrgyzstan,2000,260,t,
mercury,mine,Kyrgyzstan,2001,300,t,
mercury,mine,Kyrgyzstan,2002,250,t,
mercury,mine,Kyrgyzstan,2003,300,t,
mercury,mine,Kyrgyzstan,2004,300,t,
mercury,mine,Kyrgyzstan,2005,200,t,
mercury,mine,Kyrgyzstan,2006,250,t,
mercury,mine,Kyrgyzstan,2007,250,t,
mercury,mine,Kyrgyzstan,2008,250,t,
mercury,mine,Kyrgyzstan,2009,250,t,
mercury,mine,Kyrgyzstan,2010,250,t,
mercury,mine,Kyrgyzstan,2011,250,t,
mercury,mine,Kyrgyzstan,2012,250,t,
mercury,mine,Kyrgyzstan,2013,100,t,
mercury,mine,Kyrgyzstan,2014,75,t,
mercury,mine,Kyrgyzstan,2015,40,t,
mercury,mine,Kyrgyzstan,2016,50,t,
mercury,mine,Kyrgyzstan,2017,20,t,
mercury,mine,Kyrgyzstan,2018,20,t,
mercury,mine,Kyrgyzstan,2019,15,t,
mercury,mine,Kyrgyzstan,2020,15,t,
mercury,mine,Kyrgyzstan,2021,20,t,
mercury,mine,Kyrgyzstan,2022,6,t,
mercury,mine,Mexico,1994,10,t,
mercury,mine,Mexico,1995,15,t,
mercury,mine,Mexico,2010,21,t,
mercury,mine,Mexico,2011,21,t,
mercury,mine,Mexico,2012,21,t,
mercury,mine,Mexico,2014,500,t,
mercury,mine,Mexico,2015,300,t,
mercury,mine,Mexico,2016,300,t,
mercury,mine,Mexico,2017,197,t,
mercury,mine,Mexico,2018,234,t,
mercury,mine,Mexico,2019,63,t,
mercury,mine,Mexico,2020,40,t,
mercury,mine,Mexico,2021,39,t,
mercury,mine,Mexico,2022,40,t,
mercury,mine,Morocco,2021,2,t,
mercury,mine,Morocco,2022,2,t,
mercury,mine,Norway,2017,20,t,
mercury,mine,Norway,2018,20,t,
mercury,mine,Norway,2019,20,t,
mercury,mine,Norway,2020,20,t,
mercury,mine,Norway,2021,20,t,
mercury,mine,Norway,2022,20,t,
mercury,mine,Other countries,1994,223,t,
mercury,mine,Other countries,1995,256,t,
mercury,mine,Other countries,1996,510,t,
mercury,mine,Other countries,1997,745,t,
mercury,mine,Other countries,1998,830,t,
mercury,mine,Other countries,1999,380,t,
mercury,mine,Other countries,2000,350,t,
mercury,mine,Other countries,2001,360,t,
mercury,mine,Other countries,2002,405,t,
mercury,mine,Other countries,2003,170,t,
mercury,mine,Other countries,2004,170,t,
mercury,mine,Other countries,2005,125,t,
mercury,mine,Other countries,2006,125,t,
mercury,mine,Other countries,2007,120,t,
mercury,mine,Other countries,2008,130,t,
mercury,mine,Other countries,2009,130,t,
mercury,mine,Other countries,2010,100,t,
mercury,mine,Other countries,2011,103,t,
mercury,mine,Other countries,2012,20,t,
mercury,mine,Other countries,2014,73,t,
mercury,mine,Other countries,2015,60,t,
mercury,mine,Other countries,2016,60,t,
mercury,mine,Other countries,2017,12,t,
mercury,mine,Other countries,2018,20,t,
mercury,mine,Other countries,2019,12,t,
mercury,mine,Other countries,2020,11,t,
mercury,mine,Peru,2008,136,t,
mercury,mine,Peru,2009,140,t,
mercury,mine,Peru,2010,102,t,
mercury,mine,Peru,2011,35,t,
mercury,mine,Peru,2012,40,t,
mercury,mine,Peru,2013,45,t,
mercury,mine,Peru,2014,40,t,
mercury,mine,Peru,2015,35,t,
mercury,mine,Peru,2016,40,t,
mercury,mine,Peru,2017,40,t,
mercury,mine,Peru,2018,40,t,
mercury,mine,Peru,2019,40,t,
mercury,mine,Peru,2020,30,t,
mercury,mine,Peru,2021,30,t,
mercury,mine,Peru,2022,30,t,
mercury,mine,Russia,2012,50,t,
mercury,mine,Russia,2013,50,t,
mercury,mine,Russia,2014,50,t,
mercury,mine,Spain,1994,300,t,
mercury,mine,Spain,1995,1497,t,
mercury,mine,Spain,1996,1500,t,
mercury,mine,Spain,1997,1000,t,
mercury,mine,Spain,1998,500,t,
mercury,mine,Spain,1999,600,t,
mercury,mine,Spain,2000,500,t,
mercury,mine,Spain,2001,500,t,
mercury,mine,Spain,2002,300,t,
mercury,mine,Spain,2003,150,t,
mercury,mine,Spain,2004,150,t,
mercury,mine,Tajikistan,2012,30,t,
mercury,mine,Tajikistan,2013,32,t,
mercury,mine,Tajikistan,2014,30,t,
mercury,mine,Tajikistan,2015,30,t,
mercury,mine,Tajikistan,2016,30,t,
mercury,mine,Tajikistan,2017,100,t,
mercury,mine,Tajikistan,2018,100,t,
mercury,mine,Tajikistan,2019,100,t,
mercury,mine,Tajikistan,2020,178,t,
mercury,mine,Tajikistan,2021,120,t,
mercury,mine,Tajikistan,2022,120,t,
mercury,mine,Ukraine,1994,50,t,
mercury,mine,Ukraine,1995,40,t,
mercury,mine,World,1994,1760,t,
mercury,mine,World,1995,2820,t,
mercury,mine,World,1996,2890,t,
mercury,mine,World,1997,2730,t,
mercury,mine,World,1998,2320,t,
mercury,mine,World,1999,1800,t,
mercury,mine,World,2000,1350,t,
mercury,mine,World,2001,1400,t,
mercury,mine,World,2002,1760,t,
mercury,mine,World,2003,1530,t,
mercury,mine,World,2004,1340,t,
mercury,mine,World,2005,1450,t,
mercury,mine,World,2006,1480,t,
mercury,mine,World,2007,1170,t,
mercury,mine,World,2008,1320,t,
mercury,mine,World,2009,1920,t,
mercury,mine,World,2010,2250,t,
mercury,mine,World,2011,2010,t,
mercury,mine,World,2012,1810,t,
mercury,mine,World,2013,1880,t,
mercury,mine,World,2014,2350,t,
mercury,mine,World,2015,3270,t,
mercury,mine,World,2016,2500,t,
mercury,mine,World,2017,3790,t,
mercury,mine,World,2018,4060,t,
mercury,mine,World,2019,3900,t,
mercury,mine,World,2020,2490,t,
mercury,mine,World,2021,2200,t,
mercury,mine,World,2022,2200,t,
molybdenum,mine,Argentina,2016,800,t,
molybdenum,mine,Argentina,2017,450,t,
molybdenum,mine,Argentina,2018,600,t,
molybdenum,mine,Armenia,1994,500,t,
molybdenum,mine,Armenia,1995,800,t,
molybdenum,mine,Armenia,1996,900,t,
molybdenum,mine,Armenia,1997,1800,t,
molybdenum,mine,Armenia,1998,2500,t,
molybdenum,mine,Armenia,1999,2500,t,
molybdenum,mine,Armenia,2000,2700,t,
molybdenum,mine,Armenia,2001,3300,t,
molybdenum,mine,Armenia,2002,3500,t,
molybdenum,mine,Armenia,2003,3500,t,
molybdenum,mine,Armenia,2004,3000,t,
molybdenum,mine,Armenia,2005,2750,t,
molybdenum,mine,Armenia,2006,3000,t,
molybdenum,mine,Armenia,2007,4080,t,
molybdenum,mine,Armenia,2008,4250,t,
molybdenum,mine,Armenia,2009,4150,t,
molybdenum,mine,Armenia,2010,4150,t,
molybdenum,mine,Armenia,2011,4500,t,
molybdenum,mine,Armenia,2012,4900,t,
molybdenum,mine,Armenia,2013,6700,t,
molybdenum,mine,Armenia,2014,7100,t,
molybdenum,mine,Armenia,2015,7200,t,
molybdenum,mine,Armenia,2016,6300,t,
molybdenum,mine,Armenia,2017,5800,t,
molybdenum,mine,Armenia,2018,5000,t,
molybdenum,mine,Armenia,2019,5000,t,
molybdenum,mine,Armenia,2020,8700,t,
molybdenum,mine,Armenia,2021,7760,t,
molybdenum,mine,Armenia,2022,7800,t,
molybdenum,mine,Bulgaria,1994,100,t,
molybdenum,mine,Canada,1994,10000,t,
molybdenum,mine,Canada,1995,9536,t,
molybdenum,mine,Canada,1996,8850,t,
molybdenum,mine,Canada,1997,7540,t,
molybdenum,mine,Canada,1998,7991,t,
molybdenum,mine,Canada,1999,5930,t,
molybdenum,mine,Canada,2000,6830,t,
molybdenum,mine,Canada,2001,7000,t,
molybdenum,mine,Canada,2002,7500,t,
molybdenum,mine,Canada,2003,7500,t,
molybdenum,mine,Canada,2004,5700,t,
molybdenum,mine,Canada,2005,7910,t,
molybdenum,mine,Canada,2006,7270,t,
molybdenum,mine,Canada,2007,12000,t,
molybdenum,mine,Canada,2008,7720,t,
molybdenum,mine,Canada,2009,8840,t,
molybdenum,mine,Canada,2010,8260,t,
molybdenum,mine,Canada,2011,8400,t,
molybdenum,mine,Canada,2012,9010,t,
molybdenum,mine,Canada,2013,7620,t,
molybdenum,mine,Canada,2014,9700,t,
molybdenum,mine,Canada,2015,2300,t,
molybdenum,mine,Canada,2016,2710,t,
molybdenum,mine,Canada,2017,5290,t,
molybdenum,mine,Canada,2018,4680,t,
molybdenum,mine,Canada,2019,3900,t,
molybdenum,mine,Canada,2020,2530,t,
molybdenum,mine,Canada,2021,1390,t,
molybdenum,mine,Canada,2022,970,t,
molybdenum,mine,Chile,1994,16000,t,
molybdenum,mine,Chile,1995,17889,t,
molybdenum,mine,Chile,1996,18000,t,
molybdenum,mine,Chile,1997,17900,t,
molybdenum,mine,Chile,1998,25298,t,
molybdenum,mine,Chile,1999,27300,t,
molybdenum,mine,Chile,2000,29100,t,
molybdenum,mine,Chile,2001,33000,t,
molybdenum,mine,Chile,2002,29500,t,
molybdenum,mine,Chile,2003,30000,t,
molybdenum,mine,Chile,2004,41483,t,
molybdenum,mine,Chile,2005,47748,t,
molybdenum,mine,Chile,2006,43278,t,
molybdenum,mine,Chile,2007,44912,t,
molybdenum,mine,Chile,2008,33700,t,
molybdenum,mine,Chile,2009,34900,t,
molybdenum,mine,Chile,2010,37200,t,
molybdenum,mine,Chile,2011,40900,t,
molybdenum,mine,Chile,2012,35100,t,
molybdenum,mine,Chile,2013,38700,t,
molybdenum,mine,Chile,2014,48800,t,
molybdenum,mine,Chile,2015,52600,t,
molybdenum,mine,Chile,2016,55600,t,
molybdenum,mine,Chile,2017,62500,t,
molybdenum,mine,Chile,2018,60200,t,
molybdenum,mine,Chile,2019,56000,t,
molybdenum,mine,Chile,2020,59400,t,
molybdenum,mine,Chile,2021,49400,t,
molybdenum,mine,Chile,2022,44000,t,
molybdenum,mine,China,1994,18000,t,
molybdenum,mine,China,1995,17500,t,
molybdenum,mine,China,1996,25000,t,
molybdenum,mine,China,1997,32000,t,
molybdenum,mine,China,1998,30000,t,
molybdenum,mine,China,1999,27900,t,
molybdenum,mine,China,2000,28900,t,
molybdenum,mine,China,2001,28200,t,
molybdenum,mine,China,2002,29300,t,
molybdenum,mine,China,2003,30600,t,
molybdenum,mine,China,2004,29000,t,
molybdenum,mine,China,2005,40000,t,
molybdenum,mine,China,2006,43900,t,
molybdenum,mine,China,2007,59800,t,
molybdenum,mine,China,2008,81000,t,
molybdenum,mine,China,2009,93500,t,
molybdenum,mine,China,2010,93600,t,
molybdenum,mine,China,2011,106000,t,
molybdenum,mine,China,2012,104000,t,
molybdenum,mine,China,2013,101000,t,
molybdenum,mine,China,2014,103000,t,
molybdenum,mine,China,2015,83000,t,
molybdenum,mine,China,2016,130000,t,
molybdenum,mine,China,2017,130000,t,
molybdenum,mine,China,2018,133000,t,
molybdenum,mine,China,2019,130000,t,
molybdenum,mine,China,2020,120000,t,
molybdenum,mine,China,2021,95300,t,
molybdenum,mine,China,2022,100000,t,
molybdenum,mine,Iran,1994,1000,t,
molybdenum,mine,Iran,1995,1200,t,
molybdenum,mine,Iran,1996,1200,t,
molybdenum,mine,Iran,1997,600,t,
molybdenum,mine,Iran,1998,600,t,
molybdenum,mine,Iran,1999,600,t,
molybdenum,mine,Iran,2000,1600,t,
molybdenum,mine,Iran,2001,1600,t,
molybdenum,mine,Iran,2002,1700,t,
molybdenum,mine,Iran,2003,1400,t,
molybdenum,mine,Iran,2004,1500,t,
molybdenum,mine,Iran,2005,2000,t,
molybdenum,mine,Iran,2006,2000,t,
molybdenum,mine,Iran,2007,2600,t,
molybdenum,mine,Iran,2008,3800,t,
molybdenum,mine,Iran,2009,3700,t,
molybdenum,mine,Iran,2010,3700,t,
molybdenum,mine,Iran,2011,3700,t,
molybdenum,mine,Iran,2012,6300,t,
molybdenum,mine,Iran,2013,4000,t,
molybdenum,mine,Iran,2014,4000,t,
molybdenum,mine,Iran,2015,3500,t,
molybdenum,mine,Iran,2016,3500,t,
molybdenum,mine,Iran,2017,3500,t,
molybdenum,mine,Iran,2018,3500,t,
molybdenum,mine,Iran,2019,3500,t,
molybdenum,mine,Iran,2020,1400,t,
molybdenum,mine,Iran,2021,3100,t,
molybdenum,mine,Iran,2022,3500,t,
molybdenum,mine,Kazakhstan,1994,500,t,
molybdenum,mine,Kazakhstan,1995,700,t,
molybdenum,mine,Kazakhstan,1996,800,t,
molybdenum,mine,Kazakhstan,1997,400,t,
molybdenum,mine,Kazakhstan,1998,100,t,
molybdenum,mine,Kazakhstan,1999,110,t,
molybdenum,mine,Kazakhstan,2000,600,t,
molybdenum,mine,Kazakhstan,2001,230,t,
molybdenum,mine,Kazakhstan,2002,230,t,
molybdenum,mine,Kazakhstan,2003,230,t,
molybdenum,mine,Kazakhstan,2004,230,t,
molybdenum,mine,Kazakhstan,2005,230,t,
molybdenum,mine,Kazakhstan,2006,250,t,
molybdenum,mine,Kazakhstan,2007,400,t,
molybdenum,mine,Kazakhstan,2008,400,t,
molybdenum,mine,Kazakhstan,2009,380,t,
molybdenum,mine,Kazakhstan,2010,360,t,
molybdenum,mine,Korea South,2020,411,t,
molybdenum,mine,Korea South,2021,408,t,
molybdenum,mine,Korea South,2022,400,t,
molybdenum,mine,Kyrgyzstan,2000,250,t,
molybdenum,mine,Kyrgyzstan,2001,250,t,
molybdenum,mine,Kyrgyzstan,2002,250,t,
molybdenum,mine,Kyrgyzstan,2003,250,t,
molybdenum,mine,Kyrgyzstan,2004,250,t,
molybdenum,mine,Kyrgyzstan,2005,250,t,
molybdenum,mine,Kyrgyzstan,2006,250,t,
molybdenum,mine,Kyrgyzstan,2007,250,t,
molybdenum,mine,Kyrgyzstan,2008,250,t,
molybdenum,mine,Kyrgyzstan,2009,250,t,
molybdenum,mine,Kyrgyzstan,2010,250,t,
molybdenum,mine,Kyrgyzstan,2011,250,t,
molybdenum,mine,Mexico,1994,2600,t,
molybdenum,mine,Mexico,1995,3810,t,
molybdenum,mine,Mexico,1996,3900,t,
molybdenum,mine,Mexico,1997,4300,t,
molybdenum,mine,Mexico,1998,5949,t,
molybdenum,mine,Mexico,1999,6000,t,
molybdenum,mine,Mexico,2000,6890,t,
molybdenum,mine,Mexico,2001,7000,t,
molybdenum,mine,Mexico,2002,3400,t,
molybdenum,mine,Mexico,2003,3500,t,
molybdenum,mine,Mexico,2004,3700,t,
molybdenum,mine,Mexico,2005,4246,t,
molybdenum,mine,Mexico,2006,2500,t,
molybdenum,mine,Mexico,2007,2500,t,
molybdenum,mine,Mexico,2008,7810,t,
molybdenum,mine,Mexico,2009,7800,t,
molybdenum,mine,Mexico,2010,10900,t,
molybdenum,mine,Mexico,2011,10900,t,
molybdenum,mine,Mexico,2012,11000,t,
molybdenum,mine,Mexico,2013,12100,t,
molybdenum,mine,Mexico,2014,14400,t,
molybdenum,mine,Mexico,2015,11300,t,
molybdenum,mine,Mexico,2016,11900,t,
molybdenum,mine,Mexico,2017,14000,t,
molybdenum,mine,Mexico,2018,15100,t,
molybdenum,mine,Mexico,2019,16600,t,
molybdenum,mine,Mexico,2020,16600,t,
molybdenum,mine,Mexico,2021,16300,t,
molybdenum,mine,Mexico,2022,16000,t,
molybdenum,mine,Mongolia,1994,1500,t,
molybdenum,mine,Mongolia,1995,1830,t,
molybdenum,mine,Mongolia,1996,2200,t,
molybdenum,mine,Mongolia,1997,1992,t,
molybdenum,mine,Mongolia,1998,2000,t,
molybdenum,mine,Mongolia,1999,1750,t,
molybdenum,mine,Mongolia,2000,1340,t,
molybdenum,mine,Mongolia,2001,1500,t,
molybdenum,mine,Mongolia,2002,1590,t,
molybdenum,mine,Mongolia,2003,1600,t,
molybdenum,mine,Mongolia,2004,1700,t,
molybdenum,mine,Mongolia,2005,1188,t,
molybdenum,mine,Mongolia,2006,1200,t,
molybdenum,mine,Mongolia,2007,1300,t,
molybdenum,mine,Mongolia,2008,2000,t,
molybdenum,mine,Mongolia,2009,3000,t,
molybdenum,mine,Mongolia,2010,2500,t,
molybdenum,mine,Mongolia,2011,1960,t,
molybdenum,mine,Mongolia,2012,1900,t,
molybdenum,mine,Mongolia,2013,1900,t,
molybdenum,mine,Mongolia,2014,2000,t,
molybdenum,mine,Mongolia,2015,2000,t,
molybdenum,mine,Mongolia,2016,2440,t,
molybdenum,mine,Mongolia,2017,1800,t,
molybdenum,mine,Mongolia,2018,1800,t,
molybdenum,mine,Mongolia,2019,1800,t,
molybdenum,mine,Mongolia,2020,2890,t,
molybdenum,mine,Mongolia,2021,2970,t,
molybdenum,mine,Mongolia,2022,2300,t,
molybdenum,mine,Peru,1994,3000,t,
molybdenum,mine,Peru,1995,3630,t,
molybdenum,mine,Peru,1996,3710,t,
molybdenum,mine,Peru,1997,3835,t,
molybdenum,mine,Peru,1998,4344,t,
molybdenum,mine,Peru,1999,4400,t,
molybdenum,mine,Peru,2000,7190,t,
molybdenum,mine,Peru,2001,7500,t,
molybdenum,mine,Peru,2002,9500,t,
molybdenum,mine,Peru,2003,9600,t,
molybdenum,mine,Peru,2004,9600,t,
molybdenum,mine,Peru,2005,17325,t,
molybdenum,mine,Peru,2006,17209,t,
molybdenum,mine,Peru,2007,16737,t,
molybdenum,mine,Peru,2008,16700,t,
molybdenum,mine,Peru,2009,12300,t,
molybdenum,mine,Peru,2010,17000,t,
molybdenum,mine,Peru,2011,19100,t,
molybdenum,mine,Peru,2012,16800,t,
molybdenum,mine,Peru,2013,18100,t,
molybdenum,mine,Peru,2014,17000,t,
molybdenum,mine,Peru,2015,20200,t,
molybdenum,mine,Peru,2016,25800,t,
molybdenum,mine,Peru,2017,28100,t,
molybdenum,mine,Peru,2018,28000,t,
molybdenum,mine,Peru,2019,30400,t,
molybdenum,mine,Peru,2020,32200,t,
molybdenum,mine,Peru,2021,34100,t,
molybdenum,mine,Peru,2022,32000,t,
molybdenum,mine,Russia,1994,4500,t,
molybdenum,mine,Russia,1995,7300,t,
molybdenum,mine,Russia,1996,8500,t,
molybdenum,mine,Russia,1997,8500,t,
molybdenum,mine,Russia,1998,2000,t,
molybdenum,mine,Russia,1999,2400,t,
molybdenum,mine,Russia,2000,2400,t,
molybdenum,mine,Russia,2001,2600,t,
molybdenum,mine,Russia,2002,2900,t,
molybdenum,mine,Russia,2003,2900,t,
molybdenum,mine,Russia,2004,2900,t,
molybdenum,mine,Russia,2005,3000,t,
molybdenum,mine,Russia,2006,3100,t,
molybdenum,mine,Russia,2007,3300,t,
molybdenum,mine,Russia,2008,3600,t,
molybdenum,mine,Russia,2009,3800,t,
molybdenum,mine,Russia,2010,3800,t,
molybdenum,mine,Russia,2011,3900,t,
molybdenum,mine,Russia,2012,3900,t,
molybdenum,mine,Russia,2013,4800,t,
molybdenum,mine,Russia,2014,4800,t,
molybdenum,mine,Russia,2015,4500,t,
molybdenum,mine,Russia,2016,3000,t,
molybdenum,mine,Russia,2017,3100,t,
molybdenum,mine,Russia,2018,2800,t,
molybdenum,mine,Russia,2019,2800,t,
molybdenum,mine,Russia,2020,2700,t,
molybdenum,mine,Russia,2021,1700,t,
molybdenum,mine,Russia,2022,1700,t,
molybdenum,mine,Turkey,2012,5000,t,
molybdenum,mine,Turkey,2013,1500,t,
molybdenum,mine,Turkey,2014,1300,t,
molybdenum,mine,Turkey,2015,900,t,
molybdenum,mine,Turkey,2016,900,t,
molybdenum,mine,Turkey,2017,900,t,
molybdenum,mine,Turkey,2018,900,t,
molybdenum,mine,Turkey,2019,400,t,
molybdenum,mine,United States,1994,47000,t,
molybdenum,mine,United States,1995,60900,t,
molybdenum,mine,United States,1996,54900,t,
molybdenum,mine,United States,1997,60900,t,
molybdenum,mine,United States,1998,53300,t,
molybdenum,mine,United States,1999,43000,t,
molybdenum,mine,United States,2000,41100,t,
molybdenum,mine,United States,2001,37600,t,
molybdenum,mine,United States,2002,32600,t,
molybdenum,mine,United States,2003,33600,t,
molybdenum,mine,United States,2004,41500,t,
molybdenum,mine,United States,2005,58000,t,
molybdenum,mine,United States,2006,59800,t,
molybdenum,mine,United States,2007,57000,t,
molybdenum,mine,United States,2008,55900,t,
molybdenum,mine,United States,2009,47800,t,
molybdenum,mine,United States,2010,59400,t,
molybdenum,mine,United States,2011,63700,t,
molybdenum,mine,United States,2012,60400,t,
molybdenum,mine,United States,2013,60700,t,
molybdenum,mine,United States,2014,68200,t,
molybdenum,mine,United States,2015,47400,t,
molybdenum,mine,United States,2016,35800,t,
molybdenum,mine,United States,2017,40700,t,
molybdenum,mine,United States,2018,41400,t,
molybdenum,mine,United States,2019,43600,t,
molybdenum,mine,United States,2020,51100,t,
molybdenum,mine,United States,2021,41100,t,
molybdenum,mine,United States,2022,42000,t,
molybdenum,mine,Uzbekistan,1994,700,t,
molybdenum,mine,Uzbekistan,1995,500,t,
molybdenum,mine,Uzbekistan,1996,500,t,
molybdenum,mine,Uzbekistan,1997,500,t,
molybdenum,mine,Uzbekistan,1998,500,t,
molybdenum,mine,Uzbekistan,1999,500,t,
molybdenum,mine,Uzbekistan,2000,350,t,
molybdenum,mine,Uzbekistan,2001,500,t,
molybdenum,mine,Uzbekistan,2002,500,t,
molybdenum,mine,Uzbekistan,2003,500,t,
molybdenum,mine,Uzbekistan,2004,500,t,
molybdenum,mine,Uzbekistan,2005,500,t,
molybdenum,mine,Uzbekistan,2006,600,t,
molybdenum,mine,Uzbekistan,2007,600,t,
molybdenum,mine,Uzbekistan,2008,500,t,
molybdenum,mine,Uzbekistan,2010,550,t,
molybdenum,mine,Uzbekistan,2011,550,t,
molybdenum,mine,Uzbekistan,2012,550,t,
molybdenum,mine,Uzbekistan,2013,530,t,
molybdenum,mine,Uzbekistan,2014,530,t,
molybdenum,mine,Uzbekistan,2015,450,t,
molybdenum,mine,Uzbekistan,2016,450,t,
molybdenum,mine,Uzbekistan,2017,450,t,
molybdenum,mine,Uzbekistan,2018,200,t,
molybdenum,mine,Uzbekistan,2019,200,t,
molybdenum,mine,Uzbekistan,2020,200,t,
molybdenum,mine,Uzbekistan,2021,1600,t,
molybdenum,mine,Uzbekistan,2022,1600,t,
molybdenum,mine,World,1994,104000,t,
molybdenum,mine,World,1995,126000,t,
molybdenum,mine,World,1996,128000,t,
molybdenum,mine,World,1997,140000,t,
molybdenum,mine,World,1998,135000,t,
molybdenum,mine,World,1999,122000,t,
molybdenum,mine,World,2000,129000,t,
molybdenum,mine,World,2001,130000,t,
molybdenum,mine,World,2002,123000,t,
molybdenum,mine,World,2003,125000,t,
molybdenum,mine,World,2004,141000,t,
molybdenum,mine,World,2005,185000,t,
molybdenum,mine,World,2006,184000,t,
molybdenum,mine,World,2007,205000,t,
molybdenum,mine,World,2008,218000,t,
molybdenum,mine,World,2009,221000,t,
molybdenum,mine,World,2010,242000,t,
molybdenum,mine,World,2011,264000,t,
molybdenum,mine,World,2012,259000,t,
molybdenum,mine,World,2013,258000,t,
molybdenum,mine,World,2014,281000,t,
molybdenum,mine,World,2015,235000,t,
molybdenum,mine,World,2016,279000,t,
molybdenum,mine,World,2017,297000,t,
molybdenum,mine,World,2018,297000,t,
molybdenum,mine,World,2019,294000,t,
molybdenum,mine,World,2020,298000,t,
molybdenum,mine,World,2021,255000,t,
molybdenum,mine,World,2022,250000,t,
nickel,mine,Australia,1994,79000,t,
nickel,mine,Australia,1995,101000,t,
nickel,mine,Australia,1996,113134,t,
nickel,mine,Australia,1997,124000,t,
nickel,mine,Australia,1998,143513,t,
nickel,mine,Australia,1999,126000,t,
nickel,mine,Australia,2000,168300,t,
nickel,mine,Australia,2001,197000,t,
nickel,mine,Australia,2002,211000,t,
nickel,mine,Australia,2003,210000,t,
nickel,mine,Australia,2004,178000,t,
nickel,mine,Australia,2005,189000,t,
nickel,mine,Australia,2006,185000,t,
nickel,mine,Australia,2007,161000,t,
nickel,mine,Australia,2008,200000,t,
nickel,mine,Australia,2009,165000,t,
nickel,mine,Australia,2010,170000,t,
nickel,mine,Australia,2011,215000,t,
nickel,mine,Australia,2012,246000,t,
nickel,mine,Australia,2013,234000,t,
nickel,mine,Australia,2014,245000,t,
nickel,mine,Australia,2015,222000,t,
nickel,mine,Australia,2016,204000,t,
nickel,mine,Australia,2017,179000,t,
nickel,mine,Australia,2018,170000,t,
nickel,mine,Australia,2019,159000,t,
nickel,mine,Australia,2020,169000,t,
nickel,mine,Australia,2021,151000,t,
nickel,mine,Australia,2022,160000,t,
nickel,mine,Botswana,1994,20600,t,
nickel,mine,Botswana,1995,18700,t,
nickel,mine,Botswana,1996,24200,t,
nickel,mine,Botswana,1997,20157,t,
nickel,mine,Botswana,1998,21000,t,
nickel,mine,Botswana,1999,25800,t,
nickel,mine,Botswana,2000,34465,t,
nickel,mine,Botswana,2001,26200,t,
nickel,mine,Botswana,2002,20005,t,
nickel,mine,Botswana,2003,32740,t,
nickel,mine,Botswana,2004,33000,t,
nickel,mine,Botswana,2005,28000,t,
nickel,mine,Botswana,2006,38000,t,
nickel,mine,Botswana,2007,38000,t,
nickel,mine,Botswana,2008,38000,t,
nickel,mine,Botswana,2009,28600,t,
nickel,mine,Botswana,2010,28000,t,
nickel,mine,Botswana,2011,26000,t,
nickel,mine,Brazil,1994,32000,t,
nickel,mine,Brazil,1995,32700,t,
nickel,mine,Brazil,1996,25600,t,
nickel,mine,Brazil,1997,25300,t,
nickel,mine,Brazil,1998,36764,t,
nickel,mine,Brazil,1999,43784,t,
nickel,mine,Brazil,2000,45317,t,
nickel,mine,Brazil,2001,45400,t,
nickel,mine,Brazil,2002,45029,t,
nickel,mine,Brazil,2003,45000,t,
nickel,mine,Brazil,2004,45200,t,
nickel,mine,Brazil,2005,52000,t,
nickel,mine,Brazil,2006,82500,t,
nickel,mine,Brazil,2007,75300,t,
nickel,mine,Brazil,2008,58500,t,
nickel,mine,Brazil,2009,54100,t,
nickel,mine,Brazil,2010,59100,t,
nickel,mine,Brazil,2011,109000,t,
nickel,mine,Brazil,2012,139000,t,
nickel,mine,Brazil,2013,138000,t,
nickel,mine,Brazil,2014,102000,t,
nickel,mine,Brazil,2015,160000,t,
nickel,mine,Brazil,2016,160000,t,
nickel,mine,Brazil,2017,78600,t,
nickel,mine,Brazil,2018,74400,t,
nickel,mine,Brazil,2019,60600,t,
nickel,mine,Brazil,2020,77100,t,
nickel,mine,Brazil,2021,76000,t,
nickel,mine,Brazil,2022,83000,t,
nickel,mine,Canada,1994,150000,t,
nickel,mine,Canada,1995,181000,t,
nickel,mine,Canada,1996,183059,t,
nickel,mine,Canada,1997,190529,t,
nickel,mine,Canada,1998,208201,t,
nickel,mine,Canada,1999,188218,t,
nickel,mine,Canada,2000,190728,t,
nickel,mine,Canada,2001,193361,t,
nickel,mine,Canada,2002,178338,t,
nickel,mine,Canada,2003,162756,t,
nickel,mine,Canada,2004,187000,t,
nickel,mine,Canada,2005,198000,t,
nickel,mine,Canada,2006,233000,t,
nickel,mine,Canada,2007,255000,t,
nickel,mine,Canada,2008,260000,t,
nickel,mine,Canada,2009,137000,t,
nickel,mine,Canada,2010,158000,t,
nickel,mine,Canada,2011,220000,t,
nickel,mine,Canada,2012,205000,t,
nickel,mine,Canada,2013,223000,t,
nickel,mine,Canada,2014,235000,t,
nickel,mine,Canada,2015,235000,t,
nickel,mine,Canada,2016,236000,t,
nickel,mine,Canada,2017,214000,t,
nickel,mine,Canada,2018,176000,t,
nickel,mine,Canada,2019,181000,t,
nickel,mine,Canada,2020,167000,t,
nickel,mine,Canada,2021,134000,t,
nickel,mine,Canada,2022,130000,t,
nickel,mine,China,1994,36900,t,
nickel,mine,China,1995,37000,t,
nickel,mine,China,1996,43000,t,
nickel,mine,China,1997,44000,t,
nickel,mine,China,1998,48700,t,
nickel,mine,China,1999,50100,t,
nickel,mine,China,2000,51100,t,
nickel,mine,China,2001,51500,t,
nickel,mine,China,2002,54500,t,
nickel,mine,China,2003,60000,t,
nickel,mine,China,2004,64000,t,
nickel,mine,China,2005,77000,t,
nickel,mine,China,2006,82100,t,
nickel,mine,China,2007,85000,t,
nickel,mine,China,2008,68400,t,
nickel,mine,China,2009,79400,t,
nickel,mine,China,2010,79000,t,
nickel,mine,China,2011,89800,t,
nickel,mine,China,2012,93300,t,
nickel,mine,China,2013,95000,t,
nickel,mine,China,2014,100000,t,
nickel,mine,China,2015,92900,t,
nickel,mine,China,2016,98000,t,
nickel,mine,China,2017,103000,t,
nickel,mine,China,2018,110000,t,
nickel,mine,China,2019,120000,t,
nickel,mine,China,2020,120000,t,
nickel,mine,China,2021,109000,t,
nickel,mine,China,2022,110000,t,
nickel,mine,Colombia,1994,26100,t,
nickel,mine,Colombia,1995,24200,t,
nickel,mine,Colombia,1996,27700,t,
nickel,mine,Colombia,1997,31230,t,
nickel,mine,Colombia,1998,29422,t,
nickel,mine,Colombia,1999,39300,t,
nickel,mine,Colombia,2000,58927,t,
nickel,mine,Colombia,2001,52962,t,
nickel,mine,Colombia,2002,58196,t,
nickel,mine,Colombia,2003,70844,t,
nickel,mine,Colombia,2004,75000,t,
nickel,mine,Colombia,2005,89000,t,
nickel,mine,Colombia,2006,94100,t,
nickel,mine,Colombia,2007,101000,t,
nickel,mine,Colombia,2008,76400,t,
nickel,mine,Colombia,2009,72000,t,
nickel,mine,Colombia,2010,72000,t,
nickel,mine,Colombia,2011,76000,t,
nickel,mine,Colombia,2012,84000,t,
nickel,mine,Colombia,2013,75000,t,
nickel,mine,Colombia,2014,81000,t,
nickel,mine,Colombia,2015,40400,t,
nickel,mine,Colombia,2016,41600,t,
nickel,mine,Colombia,2017,45500,t,
nickel,mine,Cuba,1994,26900,t,
nickel,mine,Cuba,1995,42700,t,
nickel,mine,Cuba,1996,51613,t,
nickel,mine,Cuba,1997,59000,t,
nickel,mine,Cuba,1998,65300,t,
nickel,mine,Cuba,1999,64407,t,
nickel,mine,Cuba,2000,68305,t,
nickel,mine,Cuba,2001,70662,t,
nickel,mine,Cuba,2002,73000,t,
nickel,mine,Cuba,2003,74018,t,
nickel,mine,Cuba,2004,72400,t,
nickel,mine,Cuba,2005,72000,t,
nickel,mine,Cuba,2006,75000,t,
nickel,mine,Cuba,2007,75000,t,
nickel,mine,Cuba,2008,67300,t,
nickel,mine,Cuba,2009,67300,t,
nickel,mine,Cuba,2010,70000,t,
nickel,mine,Cuba,2011,71000,t,
nickel,mine,Cuba,2012,68200,t,
nickel,mine,Cuba,2013,66000,t,
nickel,mine,Cuba,2014,50400,t,
nickel,mine,Cuba,2015,56400,t,
nickel,mine,Cuba,2016,51600,t,
nickel,mine,Cuba,2017,52800,t,
nickel,mine,Cuba,2018,51000,t,
nickel,mine,Cuba,2019,49200,t,
nickel,mine,Dominican Republic,1994,30500,t,
nickel,mine,Dominican Republic,1995,49000,t,
nickel,mine,Dominican Republic,1996,45000,t,
nickel,mine,Dominican Republic,1997,52000,t,
nickel,mine,Dominican Republic,1998,41600,t,
nickel,mine,Dominican Republic,1999,39500,t,
nickel,mine,Dominican Republic,2000,39943,t,
nickel,mine,Dominican Republic,2001,31000,t,
nickel,mine,Dominican Republic,2002,38859,t,
nickel,mine,Dominican Republic,2003,45400,t,
nickel,mine,Dominican Republic,2004,47000,t,
nickel,mine,Dominican Republic,2005,46000,t,
nickel,mine,Dominican Republic,2006,46500,t,
nickel,mine,Dominican Republic,2007,47100,t,
nickel,mine,Dominican Republic,2008,31300,t,
nickel,mine,Dominican Republic,2011,21700,t,
nickel,mine,Dominican Republic,2012,15200,t,
nickel,mine,Dominican Republic,2013,15800,t,
nickel,mine,Dominican Republic,2019,56900,t,
nickel,mine,Finland,1994,7190,t,
nickel,mine,Finland,1995,4380,t,
nickel,mine,Finland,2017,34600,t,
nickel,mine,Greece,1994,18800,t,
nickel,mine,Greece,1995,19900,t,
nickel,mine,Greece,1996,20000,t,
nickel,mine,Greece,1997,18419,t,
nickel,mine,Greece,1998,16985,t,
nickel,mine,Greece,1999,16050,t,
nickel,mine,Greece,2000,19535,t,
nickel,mine,Greece,2001,20830,t,
nickel,mine,Greece,2002,22670,t,
nickel,mine,Greece,2003,21410,t,
nickel,mine,Greece,2004,21700,t,
nickel,mine,Greece,2005,23200,t,
nickel,mine,Greece,2006,21700,t,
nickel,mine,Greece,2007,21200,t,
nickel,mine,Greece,2008,18600,t,
nickel,mine,Guatemala,2014,38400,t,
nickel,mine,Guatemala,2015,52400,t,
nickel,mine,Guatemala,2016,54000,t,
nickel,mine,Guatemala,2017,53700,t,
nickel,mine,Indonesia,1994,81200,t,
nickel,mine,Indonesia,1995,88200,t,
nickel,mine,Indonesia,1996,90000,t,
nickel,mine,Indonesia,1997,72200,t,
nickel,mine,Indonesia,1998,74063,t,
nickel,mine,Indonesia,1999,89100,t,
nickel,mine,Indonesia,2000,98200,t,
nickel,mine,Indonesia,2001,102000,t,
nickel,mine,Indonesia,2002,122000,t,
nickel,mine,Indonesia,2003,143000,t,
nickel,mine,Indonesia,2004,133000,t,
nickel,mine,Indonesia,2005,160000,t,
nickel,mine,Indonesia,2006,140000,t,
nickel,mine,Indonesia,2007,229000,t,
nickel,mine,Indonesia,2008,193000,t,
nickel,mine,Indonesia,2009,203000,t,
nickel,mine,Indonesia,2010,232000,t,
nickel,mine,Indonesia,2011,290000,t,
nickel,mine,Indonesia,2012,228000,t,
nickel,mine,Indonesia,2013,440000,t,
nickel,mine,Indonesia,2014,177000,t,
nickel,mine,Indonesia,2015,130000,t,
nickel,mine,Indonesia,2016,199000,t,
nickel,mine,Indonesia,2017,345000,t,
nickel,mine,Indonesia,2018,606000,t,
nickel,mine,Indonesia,2019,853000,t,
nickel,mine,Indonesia,2020,771000,t,
nickel,mine,Indonesia,2021,1040000,t,
nickel,mine,Indonesia,2022,1600000,t,
nickel,mine,Madagascar,2010,15000,t,
nickel,mine,Madagascar,2011,5900,t,
nickel,mine,Madagascar,2012,8250,t,
nickel,mine,Madagascar,2013,29200,t,
nickel,mine,Madagascar,2014,40300,t,
nickel,mine,Madagascar,2015,45500,t,
nickel,mine,Madagascar,2016,49000,t,
nickel,mine,Madagascar,2017,41700,t,
nickel,mine,New Caledonia,1994,96000,t,
nickel,mine,New Caledonia,1995,121000,t,
nickel,mine,New Caledonia,1996,142200,t,
nickel,mine,New Caledonia,1997,137068,t,
nickel,mine,New Caledonia,1998,129200,t,
nickel,mine,New Caledonia,1999,110062,t,
nickel,mine,New Caledonia,2000,127493,t,
nickel,mine,New Caledonia,2001,117554,t,
nickel,mine,New Caledonia,2002,99650,t,
nickel,mine,New Caledonia,2003,111895,t,
nickel,mine,New Caledonia,2004,118000,t,
nickel,mine,New Caledonia,2005,112000,t,
nickel,mine,New Caledonia,2006,103000,t,
nickel,mine,New Caledonia,2007,125000,t,
nickel,mine,New Caledonia,2008,103000,t,
nickel,mine,New Caledonia,2009,92800,t,
nickel,mine,New Caledonia,2010,130000,t,
nickel,mine,New Caledonia,2011,131000,t,
nickel,mine,New Caledonia,2012,132000,t,
nickel,mine,New Caledonia,2013,164000,t,
nickel,mine,New Caledonia,2014,178000,t,
nickel,mine,New Caledonia,2015,186000,t,
nickel,mine,New Caledonia,2016,207000,t,
nickel,mine,New Caledonia,2017,215000,t,
nickel,mine,New Caledonia,2018,216000,t,
nickel,mine,New Caledonia,2019,208000,t,
nickel,mine,New Caledonia,2020,200000,t,
nickel,mine,New Caledonia,2021,186000,t,
nickel,mine,New Caledonia,2022,190000,t,
nickel,mine,Other countries,1994,3800,t,
nickel,mine,Other countries,1995,6510,t,
nickel,mine,Other countries,1996,19906,t,
nickel,mine,Other countries,1997,21300,t,
nickel,mine,Other countries,1998,16000,t,
nickel,mine,Other countries,1999,12400,t,
nickel,mine,Other countries,2000,8200,t,
nickel,mine,Other countries,2001,9240,t,
nickel,mine,Other countries,2002,14000,t,
nickel,mine,Other countries,2003,14000,t,
nickel,mine,Other countries,2004,11000,t,
nickel,mine,Other countries,2005,25000,t,
nickel,mine,Other countries,2006,34300,t,
nickel,mine,Other countries,2007,27700,t,
nickel,mine,Other countries,2008,46000,t,
nickel,mine,Other countries,2009,51700,t,
nickel,mine,Other countries,2010,99000,t,
nickel,mine,Other countries,2011,103000,t,
nickel,mine,Other countries,2012,273000,t,
nickel,mine,Other countries,2013,377000,t,
nickel,mine,Other countries,2014,377000,t,
nickel,mine,Other countries,2015,157000,t,
nickel,mine,Other countries,2016,150000,t,
nickel,mine,Other countries,2017,146000,t,
nickel,mine,Other countries,2018,366000,t,
nickel,mine,Other countries,2019,310000,t,
nickel,mine,Other countries,2020,373000,t,
nickel,mine,Other countries,2021,429000,t,
nickel,mine,Other countries,2022,440000,t,
nickel,mine,Philippines,1994,9850,t,
nickel,mine,Philippines,1995,15100,t,
nickel,mine,Philippines,1996,14700,t,
nickel,mine,Philippines,1997,18132,t,
nickel,mine,Philippines,1998,12840,t,
nickel,mine,Philippines,1999,8450,t,
nickel,mine,Philippines,2000,23500,t,
nickel,mine,Philippines,2001,27359,t,
nickel,mine,Philippines,2002,26532,t,
nickel,mine,Philippines,2003,21150,t,
nickel,mine,Philippines,2004,17000,t,
nickel,mine,Philippines,2005,26600,t,
nickel,mine,Philippines,2006,58900,t,
nickel,mine,Philippines,2007,79500,t,
nickel,mine,Philippines,2008,83900,t,
nickel,mine,Philippines,2009,137000,t,
nickel,mine,Philippines,2010,173000,t,
nickel,mine,Philippines,2011,270000,t,
nickel,mine,Philippines,2012,424000,t,
nickel,mine,Philippines,2013,446000,t,
nickel,mine,Philippines,2014,523000,t,
nickel,mine,Philippines,2015,554000,t,
nickel,mine,Philippines,2016,347000,t,
nickel,mine,Philippines,2017,366000,t,
nickel,mine,Philippines,2018,345000,t,
nickel,mine,Philippines,2019,323000,t,
nickel,mine,Philippines,2020,334000,t,
nickel,mine,Philippines,2021,387000,t,
nickel,mine,Philippines,2022,330000,t,
nickel,mine,Russia,1994,240000,t,
nickel,mine,Russia,1995,251000,t,
nickel,mine,Russia,1996,230000,t,
nickel,mine,Russia,1997,260000,t,
nickel,mine,Russia,1998,250000,t,
nickel,mine,Russia,1999,260000,t,
nickel,mine,Russia,2000,270000,t,
nickel,mine,Russia,2001,325000,t,
nickel,mine,Russia,2002,310000,t,
nickel,mine,Russia,2003,315000,t,
nickel,mine,Russia,2004,315000,t,
nickel,mine,Russia,2005,315000,t,
nickel,mine,Russia,2006,320000,t,
nickel,mine,Russia,2007,280000,t,
nickel,mine,Russia,2008,277000,t,
nickel,mine,Russia,2009,262000,t,
nickel,mine,Russia,2010,269000,t,
nickel,mine,Russia,2011,267000,t,
nickel,mine,Russia,2012,255000,t,
nickel,mine,Russia,2013,275000,t,
nickel,mine,Russia,2014,239000,t,
nickel,mine,Russia,2015,269000,t,
nickel,mine,Russia,2016,222000,t,
nickel,mine,Russia,2017,214000,t,
nickel,mine,Russia,2018,272000,t,
nickel,mine,Russia,2019,279000,t,
nickel,mine,Russia,2020,283000,t,
nickel,mine,Russia,2021,205000,t,
nickel,mine,Russia,2022,220000,t,
nickel,mine,South Africa,1994,30100,t,
nickel,mine,South Africa,1995,29800,t,
nickel,mine,South Africa,1996,33613,t,
nickel,mine,South Africa,1997,34830,t,
nickel,mine,South Africa,1998,36411,t,
nickel,mine,South Africa,1999,35802,t,
nickel,mine,South Africa,2000,36616,t,
nickel,mine,South Africa,2001,36443,t,
nickel,mine,South Africa,2002,38546,t,
nickel,mine,South Africa,2003,40842,t,
nickel,mine,South Africa,2004,39900,t,
nickel,mine,South Africa,2005,42500,t,
nickel,mine,South Africa,2006,41600,t,
nickel,mine,South Africa,2007,37900,t,
nickel,mine,South Africa,2008,31700,t,
nickel,mine,South Africa,2009,34600,t,
nickel,mine,South Africa,2010,40000,t,
nickel,mine,South Africa,2011,44000,t,
nickel,mine,South Africa,2012,45900,t,
nickel,mine,South Africa,2013,51200,t,
nickel,mine,South Africa,2014,55000,t,
nickel,mine,South Africa,2015,56700,t,
nickel,mine,South Africa,2016,49000,t,
nickel,mine,South Africa,2017,48400,t,
nickel,mine,Spain,2008,8140,t,
nickel,mine,Ukraine,1994,4000,t,
nickel,mine,United States,1995,1560,t,
nickel,mine,United States,1996,1330,t,
nickel,mine,United States,2014,4300,t,
nickel,mine,United States,2015,27200,t,
nickel,mine,United States,2016,24100,t,
nickel,mine,United States,2017,22100,t,
nickel,mine,United States,2018,17600,t,
nickel,mine,United States,2019,13500,t,
nickel,mine,United States,2020,16700,t,
nickel,mine,United States,2021,18400,t,
nickel,mine,United States,2022,18000,t,
nickel,mine,Venezuela,2000,2472,t,
nickel,mine,Venezuela,2001,13600,t,
nickel,mine,Venezuela,2002,18200,t,
nickel,mine,Venezuela,2003,20700,t,
nickel,mine,Venezuela,2004,20500,t,
nickel,mine,Venezuela,2005,20000,t,
nickel,mine,Venezuela,2006,20000,t,
nickel,mine,Venezuela,2007,20000,t,
nickel,mine,Venezuela,2008,13000,t,
nickel,mine,Venezuela,2009,13200,t,
nickel,mine,World,1994,906000,t,
nickel,mine,World,1995,1040000,t,
nickel,mine,World,1996,1080000,t,
nickel,mine,World,1997,1120000,t,
nickel,mine,World,1998,1140000,t,
nickel,mine,World,1999,1120000,t,
nickel,mine,World,2000,1250000,t,
nickel,mine,World,2001,1330000,t,
nickel,mine,World,2002,1340000,t,
nickel,mine,World,2003,1400000,t,
nickel,mine,World,2004,1400000,t,
nickel,mine,World,2005,1490000,t,
nickel,mine,World,2006,1580000,t,
nickel,mine,World,2007,1660000,t,
nickel,mine,World,2008,1570000,t,
nickel,mine,World,2009,1400000,t,
nickel,mine,World,2010,1590000,t,
nickel,mine,World,2011,1940000,t,
nickel,mine,World,2012,2220000,t,
nickel,mine,World,2013,2630000,t,
nickel,mine,World,2014,2450000,t,
nickel,mine,World,2015,2280000,t,
nickel,mine,World,2016,2090000,t,
nickel,mine,World,2017,2160000,t,
nickel,mine,World,2018,2400000,t,
nickel,mine,World,2019,2610000,t,
nickel,mine,World,2020,2510000,t,
nickel,mine,World,2021,2730000,t,
nickel,mine,World,2022,3300000,t,
nickel,mine,Zimbabwe,1994,13500,t,
nickel,mine,Zimbabwe,1995,11700,t,
nickel,mine,Zimbabwe,1996,11600,t,
nickel,mine,Zimbabwe,1997,11000,t,
nickel,mine,Zimbabwe,1998,12749,t,
nickel,mine,Zimbabwe,1999,11164,t,
nickel,mine,Zimbabwe,2000,8160,t,
nickel,mine,Zimbabwe,2001,8145,t,
nickel,mine,Zimbabwe,2002,8092,t,
nickel,mine,Zimbabwe,2003,9517,t,
nickel,mine,Zimbabwe,2004,9520,t,
nickel,mine,Zimbabwe,2005,9500,t,
nickel,mine,Zimbabwe,2006,8820,t,
nickel,mine,Zimbabwe,2007,7120,t,
niobium,mine,Australia,1994,81,t,
niobium,mine,Australia,1995,109,t,
niobium,mine,Australia,1996,112,t,
niobium,mine,Australia,1997,125,t,
niobium,mine,Australia,1998,140,t,
niobium,mine,Australia,1999,140,t,
niobium,mine,Australia,2000,160,t,
niobium,mine,Australia,2001,230,t,
niobium,mine,Australia,2002,290,t,
niobium,mine,Australia,2003,230,t,
niobium,mine,Australia,2004,200,t,
niobium,mine,Australia,2005,200,t,
niobium,mine,Australia,2006,200,t,
niobium,mine,Brazil,1994,12700,t,
niobium,mine,Brazil,1995,15300,t,
niobium,mine,Brazil,1996,13500,t,
niobium,mine,Brazil,1997,18100,t,
niobium,mine,Brazil,1998,16000,t,
niobium,mine,Brazil,1999,21100,t,
niobium,mine,Brazil,2000,30000,t,
niobium,mine,Brazil,2001,22000,t,
niobium,mine,Brazil,2002,26000,t,
niobium,mine,Brazil,2003,29000,t,
niobium,mine,Brazil,2004,29900,t,
niobium,mine,Brazil,2005,35000,t,
niobium,mine,Brazil,2006,40000,t,
niobium,mine,Brazil,2007,57300,t,
niobium,mine,Brazil,2008,58000,t,
niobium,mine,Brazil,2009,58000,t,
niobium,mine,Brazil,2010,58000,t,
niobium,mine,Brazil,2011,58000,t,
niobium,mine,Brazil,2012,45000,t,
niobium,mine,Brazil,2013,53100,t,
niobium,mine,Brazil,2014,50000,t,
niobium,mine,Brazil,2015,58000,t,
niobium,mine,Brazil,2016,57000,t,
niobium,mine,Brazil,2017,60700,t,
niobium,mine,Brazil,2018,59000,t,
niobium,mine,Brazil,2019,88900,t,
niobium,mine,Brazil,2020,59800,t,
niobium,mine,Brazil,2021,78700,t,
niobium,mine,Brazil,2022,71000,t,
niobium,mine,Canada,1994,2320,t,
niobium,mine,Canada,1995,2360,t,
niobium,mine,Canada,1996,2330,t,
niobium,mine,Canada,1997,2300,t,
niobium,mine,Canada,1998,2300,t,
niobium,mine,Canada,1999,2370,t,
niobium,mine,Canada,2000,2290,t,
niobium,mine,Canada,2001,3200,t,
niobium,mine,Canada,2002,3410,t,
niobium,mine,Canada,2003,3280,t,
niobium,mine,Canada,2004,3450,t,
niobium,mine,Canada,2005,3310,t,
niobium,mine,Canada,2006,4167,t,
niobium,mine,Canada,2007,3020,t,
niobium,mine,Canada,2008,4380,t,
niobium,mine,Canada,2009,4330,t,
niobium,mine,Canada,2010,4420,t,
niobium,mine,Canada,2011,4630,t,
niobium,mine,Canada,2012,4710,t,
niobium,mine,Canada,2013,5260,t,
niobium,mine,Canada,2014,5480,t,
niobium,mine,Canada,2015,5750,t,
niobium,mine,Canada,2016,6100,t,
niobium,mine,Canada,2017,6980,t,
niobium,mine,Canada,2018,7700,t,
niobium,mine,Canada,2019,6800,t,
niobium,mine,Canada,2020,6500,t,
niobium,mine,Canada,2021,7500,t,
niobium,mine,Canada,2022,6500,t,
niobium,mine,Congo (Kinshasa),2001,50,t,
niobium,mine,Congo (Kinshasa),2002,50,t,
niobium,mine,Congo (Kinshasa),2003,13,t,
niobium,mine,Congo (Kinshasa),2004,52,t,
niobium,mine,Congo (Kinshasa),2005,25,t,
niobium,mine,Congo (Kinshasa),2021,580,t,
niobium,mine,Congo (Kinshasa),2022,600,t,
niobium,mine,Ethiopia,2000,7,t,
niobium,mine,Ethiopia,2001,8,t,
niobium,mine,Ethiopia,2002,6,t,
niobium,mine,Ethiopia,2003,6,t,
niobium,mine,Ethiopia,2004,6,t,
niobium,mine,Ethiopia,2005,7,t,
niobium,mine,Ethiopia,2006,11,t,
niobium,mine,Mozambique,2002,5,t,
niobium,mine,Mozambique,2003,34,t,
niobium,mine,Mozambique,2004,130,t,
niobium,mine,Mozambique,2005,34,t,
niobium,mine,Mozambique,2006,29,t,
niobium,mine,Namibia,2003,1,t,
niobium,mine,Namibia,2004,1,t,
niobium,mine,Nigeria,1994,17,t,
niobium,mine,Nigeria,1995,13,t,
niobium,mine,Nigeria,1996,10,t,
niobium,mine,Nigeria,1997,13,t,
niobium,mine,Nigeria,1998,23,t,
niobium,mine,Nigeria,1999,30,t,
niobium,mine,Nigeria,2000,35,t,
niobium,mine,Nigeria,2001,30,t,
niobium,mine,Nigeria,2002,30,t,
niobium,mine,Nigeria,2003,190,t,
niobium,mine,Nigeria,2004,170,t,
niobium,mine,Nigeria,2005,40,t,
niobium,mine,Nigeria,2006,35,t,
niobium,mine,Other countries,2006,18,t,
niobium,mine,Other countries,2007,119,t,
niobium,mine,Other countries,2008,483,t,
niobium,mine,Other countries,2009,530,t,
niobium,mine,Other countries,2010,520,t,
niobium,mine,Other countries,2011,732,t,
niobium,mine,Other countries,2012,375,t,
niobium,mine,Other countries,2013,1000,t,
niobium,mine,Other countries,2014,420,t,
niobium,mine,Other countries,2015,570,t,
niobium,mine,Other countries,2016,800,t,
niobium,mine,Other countries,2017,1410,t,
niobium,mine,Other countries,2018,1460,t,
niobium,mine,Other countries,2019,1250,t,
niobium,mine,Other countries,2020,1350,t,
niobium,mine,Other countries,2021,170,t,
niobium,mine,Other countries,2022,190,t,
niobium,mine,Russia,2021,450,t,
niobium,mine,Russia,2022,450,t,
niobium,mine,Rwanda,1994,3,t,
niobium,mine,Rwanda,2000,28,t,
niobium,mine,Rwanda,2001,120,t,
niobium,mine,Rwanda,2002,76,t,
niobium,mine,Rwanda,2003,22,t,
niobium,mine,Rwanda,2004,63,t,
niobium,mine,Rwanda,2005,63,t,
niobium,mine,Rwanda,2006,80,t,
niobium,mine,Rwanda,2021,158,t,
niobium,mine,Rwanda,2022,210,t,
niobium,mine,Uganda,2002,3,t,
niobium,mine,Uganda,2003,3,t,
niobium,mine,Uganda,2004,8,t,
niobium,mine,World,1994,15200,t,
niobium,mine,World,1995,17800,t,
niobium,mine,World,1996,16000,t,
niobium,mine,World,1997,20600,t,
niobium,mine,World,1998,18500,t,
niobium,mine,World,1999,23600,t,
niobium,mine,World,2000,32600,t,
niobium,mine,World,2001,25600,t,
niobium,mine,World,2002,29900,t,
niobium,mine,World,2003,32800,t,
niobium,mine,World,2004,34000,t,
niobium,mine,World,2005,38700,t,
niobium,mine,World,2006,44500,t,
niobium,mine,World,2007,60400,t,
niobium,mine,World,2008,62900,t,
niobium,mine,World,2009,62900,t,
niobium,mine,World,2010,62900,t,
niobium,mine,World,2011,63400,t,
niobium,mine,World,2012,50100,t,
niobium,mine,World,2013,59400,t,
niobium,mine,World,2014,55900,t,
niobium,mine,World,2015,64300,t,
niobium,mine,World,2016,63900,t,
niobium,mine,World,2017,69100,t,
niobium,mine,World,2018,68200,t,
niobium,mine,World,2019,97000,t,
niobium,mine,World,2020,67700,t,
niobium,mine,World,2021,87600,t,
niobium,mine,World,2022,79000,t,
niobium,mine,Zaire,1994,1,t,
niobium,mine,Zaire,1995,1,t,
niobium,mine,Zimbabwe,1994,1,t,
niobium,mine,Zimbabwe,1995,1,t,
niobium,mine,Zimbabwe,1996,1,t,
palladium,mine,Canada,1994,7,t,
palladium,mine,Canada,1995,7,t,
palladium,mine,Canada,1996,5,t,
palladium,mine,Canada,1997,4,t,
palladium,mine,Canada,1998,4,t,
palladium,mine,Canada,1999,8,t,
palladium,mine,Canada,2000,8,t,
palladium,mine,Canada,2001,8,t,
palladium,mine,Canada,2002,11,t,
palladium,mine,Canada,2003,11,t,
palladium,mine,Canada,2004,12,t,
palladium,mine,Canada,2005,13,t,
palladium,mine,Canada,2006,14,t,
palladium,mine,Canada,2007,10,t,
palladium,mine,Canada,2008,15,t,
palladium,mine,Canada,2009,6,t,
palladium,mine,Canada,2010,6,t,
palladium,mine,Canada,2011,14,t,
palladium,mine,Canada,2012,12,t,
palladium,mine,Canada,2013,16,t,
palladium,mine,Canada,2014,20,t,
palladium,mine,Canada,2015,21,t,
palladium,mine,Canada,2016,21,t,
palladium,mine,Canada,2017,17,t,
palladium,mine,Canada,2018,20,t,
palladium,mine,Canada,2019,20,t,
palladium,mine,Canada,2020,20,t,
palladium,mine,Canada,2021,15,t,
palladium,mine,Canada,2022,15,t,
palladium,mine,Other countries,1994,1,t,
palladium,mine,Other countries,1995,2,t,
palladium,mine,Other countries,1996,2,t,
palladium,mine,Other countries,1997,2,t,
palladium,mine,Other countries,1998,2,t,
palladium,mine,Other countries,1999,7,t,
palladium,mine,Other countries,2000,5,t,
palladium,mine,Other countries,2001,7,t,
palladium,mine,Other countries,2002,6,t,
palladium,mine,Other countries,2003,9,t,
palladium,mine,Other countries,2004,9,t,
palladium,mine,Other countries,2005,9,t,
palladium,mine,Other countries,2006,8,t,
palladium,mine,Other countries,2007,8,t,
palladium,mine,Other countries,2008,9,t,
palladium,mine,Other countries,2009,9,t,
palladium,mine,Other countries,2010,9,t,
palladium,mine,Other countries,2011,12,t,
palladium,mine,Other countries,2012,11,t,
palladium,mine,Other countries,2013,8,t,
palladium,mine,Other countries,2014,9,t,
palladium,mine,Other countries,2015,8,t,
palladium,mine,Other countries,2016,8,t,
palladium,mine,Other countries,2017,10,t,
palladium,mine,Other countries,2018,2,t,
palladium,mine,Other countries,2019,2,t,
palladium,mine,Other countries,2020,2,t,
palladium,mine,Other countries,2021,2,t,
palladium,mine,Other countries,2022,2,t,
palladium,mine,Russia,1994,40,t,
palladium,mine,Russia,1995,48,t,
palladium,mine,Russia,1996,48,t,
palladium,mine,Russia,1997,47,t,
palladium,mine,Russia,1998,47,t,
palladium,mine,Russia,1999,85,t,
palladium,mine,Russia,2000,94,t,
palladium,mine,Russia,2001,90,t,
palladium,mine,Russia,2002,84,t,
palladium,mine,Russia,2003,74,t,
palladium,mine,Russia,2004,74,t,
palladium,mine,Russia,2005,97,t,
palladium,mine,Russia,2006,98,t,
palladium,mine,Russia,2007,96,t,
palladium,mine,Russia,2008,87,t,
palladium,mine,Russia,2009,83,t,
palladium,mine,Russia,2010,84,t,
palladium,mine,Russia,2011,86,t,
palladium,mine,Russia,2012,82,t,
palladium,mine,Russia,2013,80,t,
palladium,mine,Russia,2014,83,t,
palladium,mine,Russia,2015,81,t,
palladium,mine,Russia,2016,79,t,
palladium,mine,Russia,2017,85,t,
palladium,mine,Russia,2018,90,t,
palladium,mine,Russia,2019,98,t,
palladium,mine,Russia,2020,93,t,
palladium,mine,Russia,2021,86,t,
palladium,mine,Russia,2022,88,t,
palladium,mine,South Africa,1994,44,t,
palladium,mine,South Africa,1995,49,t,
palladium,mine,South Africa,1996,48,t,
palladium,mine,South Africa,1997,55,t,
palladium,mine,South Africa,1998,57,t,
palladium,mine,South Africa,1999,63,t,
palladium,mine,South Africa,2000,55,t,
palladium,mine,South Africa,2001,61,t,
palladium,mine,South Africa,2002,64,t,
palladium,mine,South Africa,2003,72,t,
palladium,mine,South Africa,2004,78,t,
palladium,mine,South Africa,2005,84,t,
palladium,mine,South Africa,2006,85,t,
palladium,mine,South Africa,2007,86,t,
palladium,mine,South Africa,2008,75,t,
palladium,mine,South Africa,2009,75,t,
palladium,mine,South Africa,2010,82,t,
palladium,mine,South Africa,2011,82,t,
palladium,mine,South Africa,2012,74,t,
palladium,mine,South Africa,2013,75,t,
palladium,mine,South Africa,2014,58,t,
palladium,mine,South Africa,2015,83,t,
palladium,mine,South Africa,2016,76,t,
palladium,mine,South Africa,2017,86,t,
palladium,mine,South Africa,2018,80,t,
palladium,mine,South Africa,2019,80,t,
palladium,mine,South Africa,2020,73,t,
palladium,mine,South Africa,2021,84,t,
palladium,mine,South Africa,2022,80,t,
palladium,mine,United States,1994,6,t,
palladium,mine,United States,1995,5,t,
palladium,mine,United States,1996,6,t,
palladium,mine,United States,1997,8,t,
palladium,mine,United States,1998,10,t,
palladium,mine,United States,1999,9,t,
palladium,mine,United States,2000,10,t,
palladium,mine,United States,2001,12,t,
palladium,mine,United States,2002,14,t,
palladium,mine,United States,2003,14,t,
palladium,mine,United States,2004,13,t,
palladium,mine,United States,2005,13,t,
palladium,mine,United States,2006,14,t,
palladium,mine,United States,2007,12,t,
palladium,mine,United States,2008,11,t,
palladium,mine,United States,2009,12,t,
palladium,mine,United States,2010,11,t,
palladium,mine,United States,2011,12,t,
palladium,mine,United States,2012,12,t,
palladium,mine,United States,2013,12,t,
palladium,mine,United States,2014,12,t,
palladium,mine,United States,2015,12,t,
palladium,mine,United States,2016,13,t,
palladium,mine,United States,2017,13,t,
palladium,mine,United States,2018,14,t,
palladium,mine,United States,2019,14,t,
palladium,mine,United States,2020,14,t,
palladium,mine,United States,2021,13,t,
palladium,mine,United States,2022,11,t,
palladium,mine,World,1994,99,t,
palladium,mine,World,1995,112,t,
palladium,mine,World,1996,111,t,
palladium,mine,World,1997,119,t,
palladium,mine,World,1998,123,t,
palladium,mine,World,1999,174,t,
palladium,mine,World,2000,174,t,
palladium,mine,World,2001,179,t,
palladium,mine,World,2002,181,t,
palladium,mine,World,2003,182,t,
palladium,mine,World,2004,188,t,
palladium,mine,World,2005,219,t,
palladium,mine,World,2006,224,t,
palladium,mine,World,2007,219,t,
palladium,mine,World,2008,204,t,
palladium,mine,World,2009,192,t,
palladium,mine,World,2010,202,t,
palladium,mine,World,2011,215,t,
palladium,mine,World,2012,201,t,
palladium,mine,World,2013,203,t,
palladium,mine,World,2014,193,t,
palladium,mine,World,2015,216,t,
palladium,mine,World,2016,210,t,
palladium,mine,World,2017,225,t,
palladium,mine,World,2018,220,t,
palladium,mine,World,2019,227,t,
palladium,mine,World,2020,217,t,
palladium,mine,World,2021,214,t,
palladium,mine,World,2022,210,t,
palladium,mine,Zimbabwe,2006,4,t,
palladium,mine,Zimbabwe,2007,4,t,
palladium,mine,Zimbabwe,2008,4,t,
palladium,mine,Zimbabwe,2009,5,t,
palladium,mine,Zimbabwe,2010,7,t,
palladium,mine,Zimbabwe,2011,8,t,
palladium,mine,Zimbabwe,2012,9,t,
palladium,mine,Zimbabwe,2013,9,t,
palladium,mine,Zimbabwe,2014,10,t,
palladium,mine,Zimbabwe,2015,10,t,
palladium,mine,Zimbabwe,2016,12,t,
palladium,mine,Zimbabwe,2017,12,t,
palladium,mine,Zimbabwe,2018,12,t,
palladium,mine,Zimbabwe,2019,11,t,
palladium,mine,Zimbabwe,2020,12,t,
palladium,mine,Zimbabwe,2021,12,t,
palladium,mine,Zimbabwe,2022,12,t,
perlite,mine,Argentina,2018,20000,t,
perlite,mine,Argentina,2019,19000,t,
perlite,mine,Argentina,2020,18000,t,
perlite,mine,Argentina,2021,18000,t,
perlite,mine,Argentina,2022,20000,t,
perlite,mine,Armenia,2017,45000,t,
perlite,mine,Armenia,2018,45000,t,
perlite,mine,Armenia,2020,50000,t,
perlite,mine,Armenia,2021,80000,t,
perlite,mine,Armenia,2022,180000,t,
perlite,mine,China,2015,1800000,t,
perlite,mine,China,2016,1800000,t,
perlite,mine,China,2017,1930000,t,
perlite,mine,China,2018,1900000,t,
perlite,mine,China,2019,1300000,t,
perlite,mine,China,2020,1500000,t,
perlite,mine,China,2021,1500000,t,
perlite,mine,China,2022,1500000,t,
perlite,mine,Greece,1994,200000,t,
perlite,mine,Greece,1995,200000,t,
perlite,mine,Greece,1996,350000,t,
perlite,mine,Greece,1997,425000,t,
perlite,mine,Greece,1998,425000,t,
perlite,mine,Greece,1999,500000,t,
perlite,mine,Greece,2000,500000,t,
perlite,mine,Greece,2001,360000,t,
perlite,mine,Greece,2002,360000,t,
perlite,mine,Greece,2003,360000,t,
perlite,mine,Greece,2004,525000,t,
perlite,mine,Greece,2005,525000,t,
perlite,mine,Greece,2006,525000,t,
perlite,mine,Greece,2007,525000,t,
perlite,mine,Greece,2008,525000,t,
perlite,mine,Greece,2009,525000,t,
perlite,mine,Greece,2010,500000,t,
perlite,mine,Greece,2011,500000,t,
perlite,mine,Greece,2012,800000,t,
perlite,mine,Greece,2013,760000,t,
perlite,mine,Greece,2014,680000,t,
perlite,mine,Greece,2015,1000000,t,
perlite,mine,Greece,2016,1490000,t,
perlite,mine,Greece,2017,930000,t,
perlite,mine,Greece,2018,750000,t,
perlite,mine,Greece,2019,719000,t,
perlite,mine,Greece,2020,710000,t,
perlite,mine,Greece,2021,700000,t,
perlite,mine,Greece,2022,710000,t,
perlite,mine,Hungary,2002,150000,t,
perlite,mine,Hungary,2003,145000,t,
perlite,mine,Hungary,2004,145000,t,
perlite,mine,Hungary,2005,145000,t,
perlite,mine,Hungary,2006,140000,t,
perlite,mine,Hungary,2007,71000,t,
perlite,mine,Hungary,2008,70000,t,
perlite,mine,Hungary,2009,65000,t,
perlite,mine,Hungary,2010,65000,t,
perlite,mine,Hungary,2011,65000,t,
perlite,mine,Hungary,2012,70000,t,
perlite,mine,Hungary,2013,72000,t,
perlite,mine,Hungary,2014,65000,t,
perlite,mine,Hungary,2015,40000,t,
perlite,mine,Hungary,2016,30000,t,
perlite,mine,Hungary,2017,35000,t,
perlite,mine,Hungary,2018,39000,t,
perlite,mine,Hungary,2019,71000,t,
perlite,mine,Hungary,2020,80000,t,
perlite,mine,Hungary,2021,77000,t,
perlite,mine,Hungary,2022,80000,t,
perlite,mine,Iran,2012,500000,t,
perlite,mine,Iran,2015,60000,t,
perlite,mine,Iran,2016,60000,t,
perlite,mine,Iran,2017,20000,t,
perlite,mine,Iran,2018,20000,t,
perlite,mine,Iran,2019,72000,t,
perlite,mine,Iran,2020,72000,t,
perlite,mine,Iran,2021,32000,t,
perlite,mine,Iran,2022,30000,t,
perlite,mine,Italy,2010,60000,t,
perlite,mine,Italy,2011,60000,t,
perlite,mine,Italy,2012,60000,t,
perlite,mine,Italy,2013,60000,t,
perlite,mine,Italy,2014,60000,t,
perlite,mine,Japan,1994,200000,t,
perlite,mine,Japan,1995,200000,t,
perlite,mine,Japan,1996,200000,t,
perlite,mine,Japan,1997,200000,t,
perlite,mine,Japan,2000,250000,t,
perlite,mine,Japan,2001,250000,t,
perlite,mine,Japan,2002,250000,t,
perlite,mine,Japan,2003,250000,t,
perlite,mine,Japan,2004,240000,t,
perlite,mine,Japan,2005,240000,t,
perlite,mine,Japan,2006,240000,t,
perlite,mine,Japan,2007,240000,t,
perlite,mine,Japan,2008,230000,t,
perlite,mine,Japan,2009,220000,t,
perlite,mine,Japan,2010,210000,t,
perlite,mine,Japan,2011,300000,t,
perlite,mine,Japan,2012,200000,t,
perlite,mine,Japan,2013,190000,t,
perlite,mine,Japan,2014,200000,t,
perlite,mine,Mexico,2005,195000,t,
perlite,mine,Mexico,2006,100000,t,
perlite,mine,Mexico,2007,41000,t,
perlite,mine,Mexico,2008,54000,t,
perlite,mine,Mexico,2009,54000,t,
perlite,mine,Mexico,2010,50000,t,
perlite,mine,Mexico,2011,30000,t,
perlite,mine,Mexico,2015,26000,t,
perlite,mine,Mexico,2016,28000,t,
perlite,mine,Mexico,2017,20000,t,
perlite,mine,Mexico,2018,20000,t,
perlite,mine,Mexico,2019,20000,t,
perlite,mine,Mexico,2020,20000,t,
perlite,mine,Mexico,2021,24000,t,
perlite,mine,Mexico,2022,20000,t,
perlite,mine,New Zealand,2017,25000,t,
perlite,mine,New Zealand,2018,20000,t,
perlite,mine,New Zealand,2019,17000,t,
perlite,mine,New Zealand,2020,18000,t,
perlite,mine,New Zealand,2021,18000,t,
perlite,mine,New Zealand,2022,20000,t,
perlite,mine,Other countries,1994,286000,t,
perlite,mine,Other countries,1995,215000,t,
perlite,mine,Other countries,1996,286000,t,
perlite,mine,Other countries,1997,334000,t,
perlite,mine,Other countries,1998,380000,t,
perlite,mine,Other countries,1999,310000,t,
perlite,mine,Other countries,2000,210000,t,
perlite,mine,Other countries,2001,210000,t,
perlite,mine,Other countries,2002,150000,t,
perlite,mine,Other countries,2003,240000,t,
perlite,mine,Other countries,2004,392000,t,
perlite,mine,Other countries,2005,200000,t,
perlite,mine,Other countries,2006,205000,t,
perlite,mine,Other countries,2007,204000,t,
perlite,mine,Other countries,2008,205000,t,
perlite,mine,Other countries,2009,209000,t,
perlite,mine,Other countries,2010,140000,t,
perlite,mine,Other countries,2011,150000,t,
perlite,mine,Other countries,2012,150000,t,
perlite,mine,Other countries,2013,67000,t,
perlite,mine,Other countries,2014,70000,t,
perlite,mine,Other countries,2015,70000,t,
perlite,mine,Other countries,2016,115000,t,
perlite,mine,Other countries,2017,78000,t,
perlite,mine,Other countries,2018,50000,t,
perlite,mine,Other countries,2019,29000,t,
perlite,mine,Other countries,2020,30000,t,
perlite,mine,Other countries,2021,70000,t,
perlite,mine,Other countries,2022,40000,t,
perlite,mine,Slovakia,2019,40000,t,
perlite,mine,Slovakia,2020,32000,t,
perlite,mine,Slovakia,2021,37000,t,
perlite,mine,Slovakia,2022,40000,t,
perlite,mine,Turkey,1994,250000,t,
perlite,mine,Turkey,1995,165000,t,
perlite,mine,Turkey,1996,160000,t,
perlite,mine,Turkey,1997,175000,t,
perlite,mine,Turkey,1998,150000,t,
perlite,mine,Turkey,1999,130000,t,
perlite,mine,Turkey,2000,130000,t,
perlite,mine,Turkey,2001,150000,t,
perlite,mine,Turkey,2002,150000,t,
perlite,mine,Turkey,2003,150000,t,
perlite,mine,Turkey,2004,140000,t,
perlite,mine,Turkey,2005,140000,t,
perlite,mine,Turkey,2006,145000,t,
perlite,mine,Turkey,2007,270000,t,
perlite,mine,Turkey,2008,270000,t,
perlite,mine,Turkey,2009,230000,t,
perlite,mine,Turkey,2010,230000,t,
perlite,mine,Turkey,2011,250000,t,
perlite,mine,Turkey,2012,800000,t,
perlite,mine,Turkey,2013,400000,t,
perlite,mine,Turkey,2014,1000000,t,
perlite,mine,Turkey,2015,925000,t,
perlite,mine,Turkey,2016,950000,t,
perlite,mine,Turkey,2017,1000000,t,
perlite,mine,Turkey,2018,650000,t,
perlite,mine,Turkey,2019,650000,t,
perlite,mine,Turkey,2020,1200000,t,
perlite,mine,Turkey,2021,1100000,t,
perlite,mine,Turkey,2022,1100000,t,
perlite,mine,United States,1994,644000,t,
perlite,mine,United States,1995,700000,t,
perlite,mine,United States,1996,684000,t,
perlite,mine,United States,1997,706000,t,
perlite,mine,United States,1998,685000,t,
perlite,mine,United States,1999,711000,t,
perlite,mine,United States,2000,672000,t,
perlite,mine,United States,2001,588000,t,
perlite,mine,United States,2002,521000,t,
perlite,mine,United States,2003,493000,t,
perlite,mine,United States,2004,508000,t,
perlite,mine,United States,2005,508000,t,
perlite,mine,United States,2006,454000,t,
perlite,mine,United States,2007,409000,t,
perlite,mine,United States,2008,434000,t,
perlite,mine,United States,2009,348000,t,
perlite,mine,United States,2010,414000,t,
perlite,mine,United States,2011,420000,t,
perlite,mine,United States,2012,396000,t,
perlite,mine,United States,2013,419000,t,
perlite,mine,United States,2014,451000,t,
perlite,mine,United States,2015,459000,t,
perlite,mine,United States,2016,513000,t,
perlite,mine,United States,2017,570000,t,
perlite,mine,United States,2018,510000,t,
perlite,mine,United States,2019,526000,t,
perlite,mine,United States,2020,493000,t,
perlite,mine,United States,2021,496000,t,
perlite,mine,United States,2022,520000,t,
perlite,mine,World,1994,1580000,t,
perlite,mine,World,1995,1480000,t,
perlite,mine,World,1996,1680000,t,
perlite,mine,World,1997,1840000,t,
perlite,mine,World,1998,1840000,t,
perlite,mine,World,1999,1850000,t,
perlite,mine,World,2000,2010000,t,
perlite,mine,World,2001,1710000,t,
perlite,mine,World,2002,1600000,t,
perlite,mine,World,2003,1600000,t,
perlite,mine,World,2004,1950000,t,
perlite,mine,World,2005,1950000,t,
perlite,mine,World,2006,1810000,t,
perlite,mine,World,2007,1760000,t,
perlite,mine,World,2008,1790000,t,
perlite,mine,World,2009,1650000,t,
perlite,mine,World,2010,1670000,t,
perlite,mine,World,2011,1770000,t,
perlite,mine,World,2012,2980000,t,
perlite,mine,World,2013,1970000,t,
perlite,mine,World,2014,2530000,t,
perlite,mine,World,2015,4380000,t,
perlite,mine,World,2016,5000000,t,
perlite,mine,World,2017,4650000,t,
perlite,mine,World,2018,4020000,t,
perlite,mine,World,2019,3460000,t,
perlite,mine,World,2020,4220000,t,
perlite,mine,World,2021,4150000,t,
perlite,mine,World,2022,4300000,t,
phosphate-rock,mine,Algeria,2009,1800000,t,
phosphate-rock,mine,Algeria,2010,1800000,t,
phosphate-rock,mine,Algeria,2011,1500000,t,
phosphate-rock,mine,Algeria,2012,1250000,t,
phosphate-rock,mine,Algeria,2013,1500000,t,
phosphate-rock,mine,Algeria,2014,1500000,t,
phosphate-rock,mine,Algeria,2015,1400000,t,
phosphate-rock,mine,Algeria,2016,1270000,t,
phosphate-rock,mine,Algeria,2017,1300000,t,
phosphate-rock,mine,Algeria,2018,1200000,t,
phosphate-rock,mine,Algeria,2019,1300000,t,
phosphate-rock,mine,Algeria,2020,1200000,t,
phosphate-rock,mine,Algeria,2021,1400000,t,
phosphate-rock,mine,Algeria,2022,1800000,t,
phosphate-rock,mine,Australia,2001,1890000,t,
phosphate-rock,mine,Australia,2002,2025000,t,
phosphate-rock,mine,Australia,2003,2290000,t,
phosphate-rock,mine,Australia,2004,2010000,t,
phosphate-rock,mine,Australia,2005,2050000,t,
phosphate-rock,mine,Australia,2006,2300000,t,
phosphate-rock,mine,Australia,2007,2200000,t,
phosphate-rock,mine,Australia,2008,2800000,t,
phosphate-rock,mine,Australia,2009,2800000,t,
phosphate-rock,mine,Australia,2010,2600000,t,
phosphate-rock,mine,Australia,2011,2650000,t,
phosphate-rock,mine,Australia,2012,2600000,t,
phosphate-rock,mine,Australia,2013,2600000,t,
phosphate-rock,mine,Australia,2014,2600000,t,
phosphate-rock,mine,Australia,2015,2500000,t,
phosphate-rock,mine,Australia,2016,3000000,t,
phosphate-rock,mine,Australia,2017,3000000,t,
phosphate-rock,mine,Australia,2018,2800000,t,
phosphate-rock,mine,Australia,2019,2700000,t,
phosphate-rock,mine,Australia,2020,2000000,t,
phosphate-rock,mine,Australia,2021,2500000,t,
phosphate-rock,mine,Australia,2022,2500000,t,
phosphate-rock,mine,Brazil,1994,3940000,t,
phosphate-rock,mine,Brazil,1995,3530000,t,
phosphate-rock,mine,Brazil,1996,3600000,t,
phosphate-rock,mine,Brazil,1997,3850000,t,
phosphate-rock,mine,Brazil,1998,4270000,t,
phosphate-rock,mine,Brazil,1999,4100000,t,
phosphate-rock,mine,Brazil,2000,4900000,t,
phosphate-rock,mine,Brazil,2001,4700000,t,
phosphate-rock,mine,Brazil,2002,4850000,t,
phosphate-rock,mine,Brazil,2003,5600000,t,
phosphate-rock,mine,Brazil,2004,5400000,t,
phosphate-rock,mine,Brazil,2005,6100000,t,
phosphate-rock,mine,Brazil,2006,5800000,t,
phosphate-rock,mine,Brazil,2007,6000000,t,
phosphate-rock,mine,Brazil,2008,6200000,t,
phosphate-rock,mine,Brazil,2009,6350000,t,
phosphate-rock,mine,Brazil,2010,5700000,t,
phosphate-rock,mine,Brazil,2011,6200000,t,
phosphate-rock,mine,Brazil,2012,6750000,t,
phosphate-rock,mine,Brazil,2013,6000000,t,
phosphate-rock,mine,Brazil,2014,6040000,t,
phosphate-rock,mine,Brazil,2015,6100000,t,
phosphate-rock,mine,Brazil,2016,5200000,t,
phosphate-rock,mine,Brazil,2017,5200000,t,
phosphate-rock,mine,Brazil,2018,5740000,t,
phosphate-rock,mine,Brazil,2019,4700000,t,
phosphate-rock,mine,Brazil,2020,6000000,t,
phosphate-rock,mine,Brazil,2021,6000000,t,
phosphate-rock,mine,Brazil,2022,5500000,t,
phosphate-rock,mine,Canada,2001,800000,t,
phosphate-rock,mine,Canada,2002,1000000,t,
phosphate-rock,mine,Canada,2003,1000000,t,
phosphate-rock,mine,Canada,2004,1000000,t,
phosphate-rock,mine,Canada,2005,1000000,t,
phosphate-rock,mine,Canada,2006,550000,t,
phosphate-rock,mine,Canada,2007,700000,t,
phosphate-rock,mine,Canada,2008,950000,t,
phosphate-rock,mine,Canada,2009,700000,t,
phosphate-rock,mine,Canada,2010,700000,t,
phosphate-rock,mine,Canada,2011,900000,t,
phosphate-rock,mine,Canada,2012,900000,t,
phosphate-rock,mine,Canada,2013,400000,t,
phosphate-rock,mine,China,1994,26000000,t,
phosphate-rock,mine,China,1995,21000000,t,
phosphate-rock,mine,China,1996,21000000,t,
phosphate-rock,mine,China,1997,20000000,t,
phosphate-rock,mine,China,1998,25000000,t,
phosphate-rock,mine,China,1999,25100000,t,
phosphate-rock,mine,China,2000,19400000,t,
phosphate-rock,mine,China,2001,21000000,t,
phosphate-rock,mine,China,2002,23000000,t,
phosphate-rock,mine,China,2003,24500000,t,
phosphate-rock,mine,China,2004,25500000,t,
phosphate-rock,mine,China,2005,30400000,t,
phosphate-rock,mine,China,2006,30700000,t,
phosphate-rock,mine,China,2007,45400000,t,
phosphate-rock,mine,China,2008,50700000,t,
phosphate-rock,mine,China,2009,60200000,t,
phosphate-rock,mine,China,2010,68000000,t,
phosphate-rock,mine,China,2011,81000000,t,
phosphate-rock,mine,China,2012,95300000,t,
phosphate-rock,mine,China,2013,108000000,t,
phosphate-rock,mine,China,2014,100000000,t,
phosphate-rock,mine,China,2015,120000000,t,
phosphate-rock,mine,China,2016,135000000,t,
phosphate-rock,mine,China,2017,144000000,t,
phosphate-rock,mine,China,2018,120000000,t,
phosphate-rock,mine,China,2019,95000000,t,
phosphate-rock,mine,China,2020,88000000,t,
phosphate-rock,mine,China,2021,90000000,t,
phosphate-rock,mine,China,2022,85000000,t,
phosphate-rock,mine,Egypt,2002,1500000,t,
phosphate-rock,mine,Egypt,2003,2140000,t,
phosphate-rock,mine,Egypt,2004,2220000,t,
phosphate-rock,mine,Egypt,2005,2730000,t,
phosphate-rock,mine,Egypt,2006,2200000,t,
phosphate-rock,mine,Egypt,2007,2200000,t,
phosphate-rock,mine,Egypt,2008,3000000,t,
phosphate-rock,mine,Egypt,2009,5000000,t,
phosphate-rock,mine,Egypt,2010,6000000,t,
phosphate-rock,mine,Egypt,2011,3500000,t,
phosphate-rock,mine,Egypt,2012,6240000,t,
phosphate-rock,mine,Egypt,2013,6500000,t,
phosphate-rock,mine,Egypt,2014,5500000,t,
phosphate-rock,mine,Egypt,2015,5500000,t,
phosphate-rock,mine,Egypt,2016,5000000,t,
phosphate-rock,mine,Egypt,2017,4400000,t,
phosphate-rock,mine,Egypt,2018,5000000,t,
phosphate-rock,mine,Egypt,2019,5000000,t,
phosphate-rock,mine,Egypt,2020,4800000,t,
phosphate-rock,mine,Egypt,2021,5000000,t,
phosphate-rock,mine,Egypt,2022,5000000,t,
phosphate-rock,mine,Finland,2016,940000,t,
phosphate-rock,mine,Finland,2017,980000,t,
phosphate-rock,mine,Finland,2018,989000,t,
phosphate-rock,mine,Finland,2019,995000,t,
phosphate-rock,mine,Finland,2020,995000,t,
phosphate-rock,mine,Finland,2021,990000,t,
phosphate-rock,mine,Finland,2022,1000000,t,
phosphate-rock,mine,India,2002,1250000,t,
phosphate-rock,mine,India,2003,1180000,t,
phosphate-rock,mine,India,2004,1180000,t,
phosphate-rock,mine,India,2010,1240000,t,
phosphate-rock,mine,India,2011,1250000,t,
phosphate-rock,mine,India,2012,1260000,t,
phosphate-rock,mine,India,2013,1270000,t,
phosphate-rock,mine,India,2014,1110000,t,
phosphate-rock,mine,India,2015,1500000,t,
phosphate-rock,mine,India,2016,2000000,t,
phosphate-rock,mine,India,2017,1590000,t,
phosphate-rock,mine,India,2018,1600000,t,
phosphate-rock,mine,India,2019,1480000,t,
phosphate-rock,mine,India,2020,1400000,t,
phosphate-rock,mine,India,2021,1400000,t,
phosphate-rock,mine,India,2022,1400000,t,
phosphate-rock,mine,Iraq,2011,30000,t,
phosphate-rock,mine,Iraq,2012,200000,t,
phosphate-rock,mine,Iraq,2013,250000,t,
phosphate-rock,mine,Iraq,2014,200000,t,
phosphate-rock,mine,Israel,1994,4000000,t,
phosphate-rock,mine,Israel,1995,4063000,t,
phosphate-rock,mine,Israel,1996,3800000,t,
phosphate-rock,mine,Israel,1997,4050000,t,
phosphate-rock,mine,Israel,1998,4100000,t,
phosphate-rock,mine,Israel,1999,4100000,t,
phosphate-rock,mine,Israel,2000,4110000,t,
phosphate-rock,mine,Israel,2001,3510000,t,
phosphate-rock,mine,Israel,2002,3500000,t,
phosphate-rock,mine,Israel,2003,3210000,t,
phosphate-rock,mine,Israel,2004,2950000,t,
phosphate-rock,mine,Israel,2005,2900000,t,
phosphate-rock,mine,Israel,2006,2950000,t,
phosphate-rock,mine,Israel,2007,3100000,t,
phosphate-rock,mine,Israel,2008,3090000,t,
phosphate-rock,mine,Israel,2009,2700000,t,
phosphate-rock,mine,Israel,2010,3140000,t,
phosphate-rock,mine,Israel,2011,3100000,t,
phosphate-rock,mine,Israel,2012,3510000,t,
phosphate-rock,mine,Israel,2013,3500000,t,
phosphate-rock,mine,Israel,2014,3360000,t,
phosphate-rock,mine,Israel,2015,3540000,t,
phosphate-rock,mine,Israel,2016,3950000,t,
phosphate-rock,mine,Israel,2017,3850000,t,
phosphate-rock,mine,Israel,2018,3550000,t,
phosphate-rock,mine,Israel,2019,2810000,t,
phosphate-rock,mine,Israel,2020,3090000,t,
phosphate-rock,mine,Israel,2021,2430000,t,
phosphate-rock,mine,Israel,2022,3000000,t,
phosphate-rock,mine,Jordan,1994,4220000,t,
phosphate-rock,mine,Jordan,1995,4984000,t,
phosphate-rock,mine,Jordan,1996,5350000,t,
phosphate-rock,mine,Jordan,1997,5900000,t,
phosphate-rock,mine,Jordan,1998,5900000,t,
phosphate-rock,mine,Jordan,1999,6000000,t,
phosphate-rock,mine,Jordan,2000,5510000,t,
phosphate-rock,mine,Jordan,2001,5840000,t,
phosphate-rock,mine,Jordan,2002,7180000,t,
phosphate-rock,mine,Jordan,2003,6760000,t,
phosphate-rock,mine,Jordan,2004,6220000,t,
phosphate-rock,mine,Jordan,2005,6230000,t,
phosphate-rock,mine,Jordan,2006,5870000,t,
phosphate-rock,mine,Jordan,2007,5540000,t,
phosphate-rock,mine,Jordan,2008,6270000,t,
phosphate-rock,mine,Jordan,2009,5280000,t,
phosphate-rock,mine,Jordan,2010,6000000,t,
phosphate-rock,mine,Jordan,2011,6500000,t,
phosphate-rock,mine,Jordan,2012,6380000,t,
phosphate-rock,mine,Jordan,2013,5400000,t,
phosphate-rock,mine,Jordan,2014,7140000,t,
phosphate-rock,mine,Jordan,2015,8340000,t,
phosphate-rock,mine,Jordan,2016,7990000,t,
phosphate-rock,mine,Jordan,2017,8690000,t,
phosphate-rock,mine,Jordan,2018,8020000,t,
phosphate-rock,mine,Jordan,2019,9220000,t,
phosphate-rock,mine,Jordan,2020,8940000,t,
phosphate-rock,mine,Jordan,2021,10000000,t,
phosphate-rock,mine,Jordan,2022,10000000,t,
phosphate-rock,mine,Kazakhstan,1994,2080000,t,
phosphate-rock,mine,Kazakhstan,1995,2200000,t,
phosphate-rock,mine,Kazakhstan,1996,500000,t,
phosphate-rock,mine,Kazakhstan,1997,1700000,t,
phosphate-rock,mine,Kazakhstan,2012,1600000,t,
phosphate-rock,mine,Kazakhstan,2013,1600000,t,
phosphate-rock,mine,Kazakhstan,2014,1600000,t,
phosphate-rock,mine,Kazakhstan,2015,1840000,t,
phosphate-rock,mine,Kazakhstan,2016,1500000,t,
phosphate-rock,mine,Kazakhstan,2017,1500000,t,
phosphate-rock,mine,Kazakhstan,2018,1300000,t,
phosphate-rock,mine,Kazakhstan,2019,1500000,t,
phosphate-rock,mine,Kazakhstan,2020,1300000,t,
phosphate-rock,mine,Kazakhstan,2021,1500000,t,
phosphate-rock,mine,Kazakhstan,2022,1500000,t,
phosphate-rock,mine,Mexico,2010,1510000,t,
phosphate-rock,mine,Mexico,2011,1510000,t,
phosphate-rock,mine,Mexico,2012,1700000,t,
phosphate-rock,mine,Mexico,2013,1760000,t,
phosphate-rock,mine,Mexico,2014,1700000,t,
phosphate-rock,mine,Mexico,2015,1680000,t,
phosphate-rock,mine,Mexico,2016,1700000,t,
phosphate-rock,mine,Mexico,2017,1930000,t,
phosphate-rock,mine,Mexico,2018,1540000,t,
phosphate-rock,mine,Mexico,2019,558000,t,
phosphate-rock,mine,Mexico,2020,577000,t,
phosphate-rock,mine,Mexico,2021,488000,t,
phosphate-rock,mine,Mexico,2022,450000,t,
phosphate-rock,mine,Morocco,1994,19800000,t,
phosphate-rock,mine,Morocco,1995,20200000,t,
phosphate-rock,mine,Morocco,1996,20800000,t,
phosphate-rock,mine,Morocco,1997,23400000,t,
phosphate-rock,mine,Morocco,1998,24000000,t,
phosphate-rock,mine,Morocco,1999,24000000,t,
phosphate-rock,mine,Morocco,2000,21600000,t,
phosphate-rock,mine,Morocco,2001,21800000,t,
phosphate-rock,mine,Morocco,2002,23000000,t,
phosphate-rock,mine,Morocco,2003,23000000,t,
phosphate-rock,mine,Morocco,2004,26700000,t,
phosphate-rock,mine,Morocco,2005,25200000,t,
phosphate-rock,mine,Morocco,2006,27000000,t,
phosphate-rock,mine,Morocco,2007,27000000,t,
phosphate-rock,mine,Morocco,2008,25000000,t,
phosphate-rock,mine,Morocco,2009,23000000,t,
phosphate-rock,mine,Morocco,2010,25800000,t,
phosphate-rock,mine,Morocco,2011,28000000,t,
phosphate-rock,mine,Morocco,2012,28000000,t,
phosphate-rock,mine,Morocco,2013,26400000,t,
phosphate-rock,mine,Morocco,2014,30000000,t,
phosphate-rock,mine,Morocco,2015,29000000,t,
phosphate-rock,mine,Morocco,2016,26900000,t,
phosphate-rock,mine,Morocco,2017,30000000,t,
phosphate-rock,mine,Morocco,2018,34800000,t,
phosphate-rock,mine,Morocco,2019,35500000,t,
phosphate-rock,mine,Morocco,2020,37400000,t,
phosphate-rock,mine,Morocco,2021,38100000,t,
phosphate-rock,mine,Morocco,2022,40000000,t,
phosphate-rock,mine,Other countries,1994,6960000,t,
phosphate-rock,mine,Other countries,1995,9092000,t,
phosphate-rock,mine,Other countries,1996,10100000,t,
phosphate-rock,mine,Other countries,1997,11500000,t,
phosphate-rock,mine,Other countries,1998,11000000,t,
phosphate-rock,mine,Other countries,1999,9500000,t,
phosphate-rock,mine,Other countries,2000,11300000,t,
phosphate-rock,mine,Other countries,2001,8710000,t,
phosphate-rock,mine,Other countries,2002,4830000,t,
phosphate-rock,mine,Other countries,2003,5000000,t,
phosphate-rock,mine,Other countries,2004,4820000,t,
phosphate-rock,mine,Other countries,2005,6500000,t,
phosphate-rock,mine,Other countries,2006,7740000,t,
phosphate-rock,mine,Other countries,2007,8110000,t,
phosphate-rock,mine,Other countries,2008,7440000,t,
phosphate-rock,mine,Other countries,2009,8620000,t,
phosphate-rock,mine,Other countries,2010,6400000,t,
phosphate-rock,mine,Other countries,2011,6790000,t,
phosphate-rock,mine,Other countries,2012,5500000,t,
phosphate-rock,mine,Other countries,2013,2580000,t,
phosphate-rock,mine,Other countries,2014,2370000,t,
phosphate-rock,mine,Other countries,2015,2470000,t,
phosphate-rock,mine,Other countries,2016,1950000,t,
phosphate-rock,mine,Other countries,2017,1100000,t,
phosphate-rock,mine,Other countries,2018,970000,t,
phosphate-rock,mine,Other countries,2019,1140000,t,
phosphate-rock,mine,Other countries,2020,870000,t,
phosphate-rock,mine,Other countries,2021,1950000,t,
phosphate-rock,mine,Other countries,2022,1600000,t,
phosphate-rock,mine,Peru,2010,791000,t,
phosphate-rock,mine,Peru,2011,2540000,t,
phosphate-rock,mine,Peru,2012,3210000,t,
phosphate-rock,mine,Peru,2013,2580000,t,
phosphate-rock,mine,Peru,2014,3800000,t,
phosphate-rock,mine,Peru,2015,3880000,t,
phosphate-rock,mine,Peru,2016,3850000,t,
phosphate-rock,mine,Peru,2017,3040000,t,
phosphate-rock,mine,Peru,2018,3900000,t,
phosphate-rock,mine,Peru,2019,4000000,t,
phosphate-rock,mine,Peru,2020,3300000,t,
phosphate-rock,mine,Peru,2021,4200000,t,
phosphate-rock,mine,Peru,2022,4200000,t,
phosphate-rock,mine,Russia,1994,7920000,t,
phosphate-rock,mine,Russia,1995,8800000,t,
phosphate-rock,mine,Russia,1996,8500000,t,
phosphate-rock,mine,Russia,1997,7500000,t,
phosphate-rock,mine,Russia,1998,9800000,t,
phosphate-rock,mine,Russia,1999,11100000,t,
phosphate-rock,mine,Russia,2000,11100000,t,
phosphate-rock,mine,Russia,2001,10500000,t,
phosphate-rock,mine,Russia,2002,10700000,t,
phosphate-rock,mine,Russia,2003,11000000,t,
phosphate-rock,mine,Russia,2004,11000000,t,
phosphate-rock,mine,Russia,2005,11000000,t,
phosphate-rock,mine,Russia,2006,11000000,t,
phosphate-rock,mine,Russia,2007,11000000,t,
phosphate-rock,mine,Russia,2008,10400000,t,
phosphate-rock,mine,Russia,2009,10000000,t,
phosphate-rock,mine,Russia,2010,11000000,t,
phosphate-rock,mine,Russia,2011,11200000,t,
phosphate-rock,mine,Russia,2012,11200000,t,
phosphate-rock,mine,Russia,2013,10000000,t,
phosphate-rock,mine,Russia,2014,11000000,t,
phosphate-rock,mine,Russia,2015,11600000,t,
phosphate-rock,mine,Russia,2016,12400000,t,
phosphate-rock,mine,Russia,2017,13300000,t,
phosphate-rock,mine,Russia,2018,14000000,t,
phosphate-rock,mine,Russia,2019,13100000,t,
phosphate-rock,mine,Russia,2020,14000000,t,
phosphate-rock,mine,Russia,2021,14000000,t,
phosphate-rock,mine,Russia,2022,13000000,t,
phosphate-rock,mine,Saudi Arabia,2011,1000000,t,
phosphate-rock,mine,Saudi Arabia,2012,3000000,t,
phosphate-rock,mine,Saudi Arabia,2013,3000000,t,
phosphate-rock,mine,Saudi Arabia,2014,3000000,t,
phosphate-rock,mine,Saudi Arabia,2015,4000000,t,
phosphate-rock,mine,Saudi Arabia,2016,4200000,t,
phosphate-rock,mine,Saudi Arabia,2017,5000000,t,
phosphate-rock,mine,Saudi Arabia,2018,6090000,t,
phosphate-rock,mine,Saudi Arabia,2019,6500000,t,
phosphate-rock,mine,Saudi Arabia,2020,8000000,t,
phosphate-rock,mine,Saudi Arabia,2021,9200000,t,
phosphate-rock,mine,Saudi Arabia,2022,9000000,t,
phosphate-rock,mine,Senegal,1994,1600000,t,
phosphate-rock,mine,Senegal,1995,1600000,t,
phosphate-rock,mine,Senegal,1996,1600000,t,
phosphate-rock,mine,Senegal,1997,1540000,t,
phosphate-rock,mine,Senegal,1998,1300000,t,
phosphate-rock,mine,Senegal,1999,1800000,t,
phosphate-rock,mine,Senegal,2000,1800000,t,
phosphate-rock,mine,Senegal,2001,1700000,t,
phosphate-rock,mine,Senegal,2002,1500000,t,
phosphate-rock,mine,Senegal,2003,1470000,t,
phosphate-rock,mine,Senegal,2004,1600000,t,
phosphate-rock,mine,Senegal,2005,1520000,t,
phosphate-rock,mine,Senegal,2006,600000,t,
phosphate-rock,mine,Senegal,2007,600000,t,
phosphate-rock,mine,Senegal,2008,700000,t,
phosphate-rock,mine,Senegal,2009,650000,t,
phosphate-rock,mine,Senegal,2010,950000,t,
phosphate-rock,mine,Senegal,2011,980000,t,
phosphate-rock,mine,Senegal,2012,1380000,t,
phosphate-rock,mine,Senegal,2013,800000,t,
phosphate-rock,mine,Senegal,2014,900000,t,
phosphate-rock,mine,Senegal,2015,1240000,t,
phosphate-rock,mine,Senegal,2016,2200000,t,
phosphate-rock,mine,Senegal,2017,1390000,t,
phosphate-rock,mine,Senegal,2018,1650000,t,
phosphate-rock,mine,Senegal,2019,3420000,t,
phosphate-rock,mine,Senegal,2020,1600000,t,
phosphate-rock,mine,Senegal,2021,2100000,t,
phosphate-rock,mine,Senegal,2022,2600000,t,
phosphate-rock,mine,South Africa,1994,2550000,t,
phosphate-rock,mine,South Africa,1995,2790000,t,
phosphate-rock,mine,South Africa,1996,2700000,t,
phosphate-rock,mine,South Africa,1997,3000000,t,
phosphate-rock,mine,South Africa,1998,2800000,t,
phosphate-rock,mine,South Africa,1999,2900000,t,
phosphate-rock,mine,South Africa,2000,2800000,t,
phosphate-rock,mine,South Africa,2001,2550000,t,
phosphate-rock,mine,South Africa,2002,2910000,t,
phosphate-rock,mine,South Africa,2003,2640000,t,
phosphate-rock,mine,South Africa,2004,2740000,t,
phosphate-rock,mine,South Africa,2005,2580000,t,
phosphate-rock,mine,South Africa,2006,2600000,t,
phosphate-rock,mine,South Africa,2007,2560000,t,
phosphate-rock,mine,South Africa,2008,2290000,t,
phosphate-rock,mine,South Africa,2009,2240000,t,
phosphate-rock,mine,South Africa,2010,2500000,t,
phosphate-rock,mine,South Africa,2011,2500000,t,
phosphate-rock,mine,South Africa,2012,2240000,t,
phosphate-rock,mine,South Africa,2013,2300000,t,
phosphate-rock,mine,South Africa,2014,2160000,t,
phosphate-rock,mine,South Africa,2015,1980000,t,
phosphate-rock,mine,South Africa,2016,1700000,t,
phosphate-rock,mine,South Africa,2017,2080000,t,
phosphate-rock,mine,South Africa,2018,2100000,t,
phosphate-rock,mine,South Africa,2019,2100000,t,
phosphate-rock,mine,South Africa,2020,1800000,t,
phosphate-rock,mine,South Africa,2021,2130000,t,
phosphate-rock,mine,South Africa,2022,1600000,t,
phosphate-rock,mine,Syria,1998,2500000,t,
phosphate-rock,mine,Syria,1999,2100000,t,
phosphate-rock,mine,Syria,2000,2170000,t,
phosphate-rock,mine,Syria,2001,2040000,t,
phosphate-rock,mine,Syria,2002,2400000,t,
phosphate-rock,mine,Syria,2003,2430000,t,
phosphate-rock,mine,Syria,2004,2880000,t,
phosphate-rock,mine,Syria,2005,3500000,t,
phosphate-rock,mine,Syria,2006,3850000,t,
phosphate-rock,mine,Syria,2007,3700000,t,
phosphate-rock,mine,Syria,2008,3220000,t,
phosphate-rock,mine,Syria,2009,2470000,t,
phosphate-rock,mine,Syria,2010,3000000,t,
phosphate-rock,mine,Syria,2011,3100000,t,
phosphate-rock,mine,Syria,2012,1000000,t,
phosphate-rock,mine,Syria,2013,500000,t,
phosphate-rock,mine,Syria,2014,1230000,t,
phosphate-rock,mine,Syria,2015,750000,t,
phosphate-rock,mine,Syria,2017,100000,t,
phosphate-rock,mine,Syria,2018,100000,t,
phosphate-rock,mine,Syria,2019,2000000,t,
phosphate-rock,mine,Togo,1994,2150000,t,
phosphate-rock,mine,Togo,1995,2000000,t,
phosphate-rock,mine,Togo,1996,2600000,t,
phosphate-rock,mine,Togo,1997,2630000,t,
phosphate-rock,mine,Togo,1998,2200000,t,
phosphate-rock,mine,Togo,1999,1700000,t,
phosphate-rock,mine,Togo,2000,1370000,t,
phosphate-rock,mine,Togo,2001,1060000,t,
phosphate-rock,mine,Togo,2002,1280000,t,
phosphate-rock,mine,Togo,2003,1480000,t,
phosphate-rock,mine,Togo,2004,1120000,t,
phosphate-rock,mine,Togo,2005,1220000,t,
phosphate-rock,mine,Togo,2006,1000000,t,
phosphate-rock,mine,Togo,2007,800000,t,
phosphate-rock,mine,Togo,2008,800000,t,
phosphate-rock,mine,Togo,2009,850000,t,
phosphate-rock,mine,Togo,2010,850000,t,
phosphate-rock,mine,Togo,2011,730000,t,
phosphate-rock,mine,Togo,2012,870000,t,
phosphate-rock,mine,Togo,2013,1110000,t,
phosphate-rock,mine,Togo,2014,1200000,t,
phosphate-rock,mine,Togo,2015,1100000,t,
phosphate-rock,mine,Togo,2016,850000,t,
phosphate-rock,mine,Togo,2017,825000,t,
phosphate-rock,mine,Togo,2018,800000,t,
phosphate-rock,mine,Togo,2019,800000,t,
phosphate-rock,mine,Togo,2020,942000,t,
phosphate-rock,mine,Togo,2021,1000000,t,
phosphate-rock,mine,Togo,2022,1500000,t,
phosphate-rock,mine,Tunisia,1994,5700000,t,
phosphate-rock,mine,Tunisia,1995,7410000,t,
phosphate-rock,mine,Tunisia,1996,7100000,t,
phosphate-rock,mine,Tunisia,1997,7070000,t,
phosphate-rock,mine,Tunisia,1998,7950000,t,
phosphate-rock,mine,Tunisia,1999,8000000,t,
phosphate-rock,mine,Tunisia,2000,8340000,t,
phosphate-rock,mine,Tunisia,2001,8000000,t,
phosphate-rock,mine,Tunisia,2002,7750000,t,
phosphate-rock,mine,Tunisia,2003,7890000,t,
phosphate-rock,mine,Tunisia,2004,8050000,t,
phosphate-rock,mine,Tunisia,2005,8000000,t,
phosphate-rock,mine,Tunisia,2006,8000000,t,
phosphate-rock,mine,Tunisia,2007,7800000,t,
phosphate-rock,mine,Tunisia,2008,8000000,t,
phosphate-rock,mine,Tunisia,2009,7400000,t,
phosphate-rock,mine,Tunisia,2010,7600000,t,
phosphate-rock,mine,Tunisia,2011,5000000,t,
phosphate-rock,mine,Tunisia,2012,2600000,t,
phosphate-rock,mine,Tunisia,2013,3500000,t,
phosphate-rock,mine,Tunisia,2014,3780000,t,
phosphate-rock,mine,Tunisia,2015,2800000,t,
phosphate-rock,mine,Tunisia,2016,3660000,t,
phosphate-rock,mine,Tunisia,2017,4420000,t,
phosphate-rock,mine,Tunisia,2018,3340000,t,
phosphate-rock,mine,Tunisia,2019,4110000,t,
phosphate-rock,mine,Tunisia,2020,3190000,t,
phosphate-rock,mine,Tunisia,2021,3730000,t,
phosphate-rock,mine,Tunisia,2022,4000000,t,
phosphate-rock,mine,Turkey,2020,600000,t,
phosphate-rock,mine,Turkey,2021,600000,t,
phosphate-rock,mine,Turkey,2022,800000,t,
phosphate-rock,mine,United States,1994,41100000,t,
phosphate-rock,mine,United States,1995,43500000,t,
phosphate-rock,mine,United States,1996,45400000,t,
phosphate-rock,mine,United States,1997,45900000,t,
phosphate-rock,mine,United States,1998,44200000,t,
phosphate-rock,mine,United States,1999,40600000,t,
phosphate-rock,mine,United States,2000,38600000,t,
phosphate-rock,mine,United States,2001,31900000,t,
phosphate-rock,mine,United States,2002,36100000,t,
phosphate-rock,mine,United States,2003,35000000,t,
phosphate-rock,mine,United States,2004,35800000,t,
phosphate-rock,mine,United States,2005,36300000,t,
phosphate-rock,mine,United States,2006,30100000,t,
phosphate-rock,mine,United States,2007,29700000,t,
phosphate-rock,mine,United States,2008,30200000,t,
phosphate-rock,mine,United States,2009,26400000,t,
phosphate-rock,mine,United States,2010,25800000,t,
phosphate-rock,mine,United States,2011,28100000,t,
phosphate-rock,mine,United States,2012,30100000,t,
phosphate-rock,mine,United States,2013,31200000,t,
phosphate-rock,mine,United States,2014,25300000,t,
phosphate-rock,mine,United States,2015,27400000,t,
phosphate-rock,mine,United States,2016,27100000,t,
phosphate-rock,mine,United States,2017,27900000,t,
phosphate-rock,mine,United States,2018,25800000,t,
phosphate-rock,mine,United States,2019,23300000,t,
phosphate-rock,mine,United States,2020,23500000,t,
phosphate-rock,mine,United States,2021,21600000,t,
phosphate-rock,mine,United States,2022,21000000,t,
phosphate-rock,mine,Uzbekistan,2017,900000,t,
phosphate-rock,mine,Uzbekistan,2018,900000,t,
phosphate-rock,mine,Uzbekistan,2019,900000,t,
phosphate-rock,mine,Uzbekistan,2020,900000,t,
phosphate-rock,mine,Uzbekistan,2021,900000,t,
phosphate-rock,mine,Uzbekistan,2022,900000,t,
phosphate-rock,mine,Vietnam,2013,2370000,t,
phosphate-rock,mine,Vietnam,2014,2700000,t,
phosphate-rock,mine,Vietnam,2015,2500000,t,
phosphate-rock,mine,Vietnam,2016,2800000,t,
phosphate-rock,mine,Vietnam,2017,3000000,t,
phosphate-rock,mine,Vietnam,2018,3300000,t,
phosphate-rock,mine,Vietnam,2019,4650000,t,
phosphate-rock,mine,Vietnam,2020,4500000,t,
phosphate-rock,mine,Vietnam,2021,4500000,t,
phosphate-rock,mine,Vietnam,2022,4500000,t,
phosphate-rock,mine,World,1994,128000000,t,
phosphate-rock,mine,World,1995,131000000,t,
phosphate-rock,mine,World,1996,133000000,t,
phosphate-rock,mine,World,1997,138000000,t,
phosphate-rock,mine,World,1998,145000000,t,
phosphate-rock,mine,World,1999,141000000,t,
phosphate-rock,mine,World,2000,133000000,t,
phosphate-rock,mine,World,2001,126000000,t,
phosphate-rock,mine,World,2002,135000000,t,
phosphate-rock,mine,World,2003,137000000,t,
phosphate-rock,mine,World,2004,141000000,t,
phosphate-rock,mine,World,2005,147000000,t,
phosphate-rock,mine,World,2006,142000000,t,
phosphate-rock,mine,World,2007,156000000,t,
phosphate-rock,mine,World,2008,161000000,t,
phosphate-rock,mine,World,2009,166000000,t,
phosphate-rock,mine,World,2010,181000000,t,
phosphate-rock,mine,World,2011,198000000,t,
phosphate-rock,mine,World,2012,217000000,t,
phosphate-rock,mine,World,2013,225000000,t,
phosphate-rock,mine,World,2014,218000000,t,
phosphate-rock,mine,World,2015,241000000,t,
phosphate-rock,mine,World,2016,255000000,t,
phosphate-rock,mine,World,2017,269000000,t,
phosphate-rock,mine,World,2018,249000000,t,
phosphate-rock,mine,World,2019,227000000,t,
phosphate-rock,mine,World,2020,219000000,t,
phosphate-rock,mine,World,2021,226000000,t,
phosphate-rock,mine,World,2022,220000000,t,
platinum,mine,Canada,1994,6,t,
platinum,mine,Canada,1995,6,t,
platinum,mine,Canada,1996,8,t,
platinum,mine,Canada,1997,7,t,
platinum,mine,Canada,1998,7,t,
platinum,mine,Canada,1999,5,t,
platinum,mine,Canada,2000,5,t,
platinum,mine,Canada,2001,5,t,
platinum,mine,Canada,2002,7,t,
platinum,mine,Canada,2003,7,t,
platinum,mine,Canada,2004,7,t,
platinum,mine,Canada,2005,6,t,
platinum,mine,Canada,2006,9,t,
platinum,mine,Canada,2007,6,t,
platinum,mine,Canada,2008,7,t,
platinum,mine,Canada,2009,4,t,
platinum,mine,Canada,2010,3,t,
platinum,mine,Canada,2011,7,t,
platinum,mine,Canada,2012,7,t,
platinum,mine,Canada,2013,7,t,
platinum,mine,Canada,2014,8,t,
platinum,mine,Canada,2015,7,t,
platinum,mine,Canada,2016,12,t,
platinum,mine,Canada,2017,9,t,
platinum,mine,Canada,2018,7,t,
platinum,mine,Canada,2019,7,t,
platinum,mine,Canada,2020,7,t,
platinum,mine,Canada,2021,6,t,
platinum,mine,Canada,2022,6,t,
platinum,mine,Colombia,2005,1,t,
platinum,mine,Colombia,2006,1,t,
platinum,mine,Colombia,2007,1,t,
platinum,mine,Colombia,2008,1,t,
platinum,mine,Colombia,2009,1,t,
platinum,mine,Colombia,2010,0,t,
platinum,mine,Colombia,2011,1,t,
platinum,mine,Other countries,1994,2,t,
platinum,mine,Other countries,1995,1,t,
platinum,mine,Other countries,1996,0,t,
platinum,mine,Other countries,1997,1,t,
platinum,mine,Other countries,1998,1,t,
platinum,mine,Other countries,1999,2,t,
platinum,mine,Other countries,2000,1,t,
platinum,mine,Other countries,2001,2,t,
platinum,mine,Other countries,2002,3,t,
platinum,mine,Other countries,2003,6,t,
platinum,mine,Other countries,2004,7,t,
platinum,mine,Other countries,2005,7,t,
platinum,mine,Other countries,2006,2,t,
platinum,mine,Other countries,2007,3,t,
platinum,mine,Other countries,2008,2,t,
platinum,mine,Other countries,2009,2,t,
platinum,mine,Other countries,2010,2,t,
platinum,mine,Other countries,2011,2,t,
platinum,mine,Other countries,2012,3,t,
platinum,mine,Other countries,2013,3,t,
platinum,mine,Other countries,2014,5,t,
platinum,mine,Other countries,2015,4,t,
platinum,mine,Other countries,2016,3,t,
platinum,mine,Other countries,2017,6,t,
platinum,mine,Other countries,2018,4,t,
platinum,mine,Other countries,2019,3,t,
platinum,mine,Other countries,2020,4,t,
platinum,mine,Other countries,2021,4,t,
platinum,mine,Other countries,2022,4,t,
platinum,mine,Russia,1994,15,t,
platinum,mine,Russia,1995,18,t,
platinum,mine,Russia,1996,18,t,
platinum,mine,Russia,1997,17,t,
platinum,mine,Russia,1998,17,t,
platinum,mine,Russia,1999,27,t,
platinum,mine,Russia,2000,30,t,
platinum,mine,Russia,2001,29,t,
platinum,mine,Russia,2002,35,t,
platinum,mine,Russia,2003,36,t,
platinum,mine,Russia,2004,36,t,
platinum,mine,Russia,2005,30,t,
platinum,mine,Russia,2006,29,t,
platinum,mine,Russia,2007,27,t,
platinum,mine,Russia,2008,23,t,
platinum,mine,Russia,2009,21,t,
platinum,mine,Russia,2010,25,t,
platinum,mine,Russia,2011,25,t,
platinum,mine,Russia,2012,24,t,
platinum,mine,Russia,2013,25,t,
platinum,mine,Russia,2014,23,t,
platinum,mine,Russia,2015,22,t,
platinum,mine,Russia,2016,23,t,
platinum,mine,Russia,2017,21,t,
platinum,mine,Russia,2018,22,t,
platinum,mine,Russia,2019,24,t,
platinum,mine,Russia,2020,23,t,
platinum,mine,Russia,2021,21,t,
platinum,mine,Russia,2022,20,t,
platinum,mine,South Africa,1994,102,t,
platinum,mine,South Africa,1995,118,t,
platinum,mine,South Africa,1996,117,t,
platinum,mine,South Africa,1997,125,t,
platinum,mine,South Africa,1998,117,t,
platinum,mine,South Africa,1999,131,t,
platinum,mine,South Africa,2000,114,t,
platinum,mine,South Africa,2001,120,t,
platinum,mine,South Africa,2002,134,t,
platinum,mine,South Africa,2003,151,t,
platinum,mine,South Africa,2004,160,t,
platinum,mine,South Africa,2005,169,t,
platinum,mine,South Africa,2006,170,t,
platinum,mine,South Africa,2007,166,t,
platinum,mine,South Africa,2008,146,t,
platinum,mine,South Africa,2009,141,t,
platinum,mine,South Africa,2010,148,t,
platinum,mine,South Africa,2011,145,t,
platinum,mine,South Africa,2012,133,t,
platinum,mine,South Africa,2013,131,t,
platinum,mine,South Africa,2014,94,t,
platinum,mine,South Africa,2015,139,t,
platinum,mine,South Africa,2016,133,t,
platinum,mine,South Africa,2017,143,t,
platinum,mine,South Africa,2018,137,t,
platinum,mine,South Africa,2019,133,t,
platinum,mine,South Africa,2020,112,t,
platinum,mine,South Africa,2021,142,t,
platinum,mine,South Africa,2022,140,t,
platinum,mine,United States,1994,1,t,
platinum,mine,United States,1995,1,t,
platinum,mine,United States,1996,1,t,
platinum,mine,United States,1997,2,t,
platinum,mine,United States,1998,3,t,
platinum,mine,United States,1999,2,t,
platinum,mine,United States,2000,3,t,
platinum,mine,United States,2001,3,t,
platinum,mine,United States,2002,4,t,
platinum,mine,United States,2003,4,t,
platinum,mine,United States,2004,4,t,
platinum,mine,United States,2005,3,t,
platinum,mine,United States,2006,4,t,
platinum,mine,United States,2007,3,t,
platinum,mine,United States,2008,3,t,
platinum,mine,United States,2009,3,t,
platinum,mine,United States,2010,3,t,
platinum,mine,United States,2011,3,t,
platinum,mine,United States,2012,3,t,
platinum,mine,United States,2013,3,t,
platinum,mine,United States,2014,3,t,
platinum,mine,United States,2015,3,t,
platinum,mine,United States,2016,3,t,
platinum,mine,United States,2017,3,t,
platinum,mine,United States,2018,4,t,
platinum,mine,United States,2019,4,t,
platinum,mine,United States,2020,4,t,
platinum,mine,United States,2021,4,t,
platinum,mine,United States,2022,3,t,
platinum,mine,World,1994,128,t,
platinum,mine,World,1995,145,t,
platinum,mine,World,1996,146,t,
platinum,mine,World,1997,154,t,
platinum,mine,World,1998,146,t,
platinum,mine,World,1999,169,t,
platinum,mine,World,2000,155,t,
platinum,mine,World,2001,160,t,
platinum,mine,World,2002,184,t,
platinum,mine,World,2003,205,t,
platinum,mine,World,2004,214,t,
platinum,mine,World,2005,217,t,
platinum,mine,World,2006,221,t,
platinum,mine,World,2007,213,t,
platinum,mine,World,2008,189,t,
platinum,mine,World,2009,181,t,
platinum,mine,World,2010,192,t,
platinum,mine,World,2011,195,t,
platinum,mine,World,2012,183,t,
platinum,mine,World,2013,183,t,
platinum,mine,World,2014,147,t,
platinum,mine,World,2015,189,t,
platinum,mine,World,2016,191,t,
platinum,mine,World,2017,199,t,
platinum,mine,World,2018,190,t,
platinum,mine,World,2019,186,t,
platinum,mine,World,2020,166,t,
platinum,mine,World,2021,192,t,
platinum,mine,World,2022,190,t,
platinum,mine,Zimbabwe,2006,5,t,
platinum,mine,Zimbabwe,2007,5,t,
platinum,mine,Zimbabwe,2008,5,t,
platinum,mine,Zimbabwe,2009,7,t,
platinum,mine,Zimbabwe,2010,8,t,
platinum,mine,Zimbabwe,2011,10,t,
platinum,mine,Zimbabwe,2012,11,t,
platinum,mine,Zimbabwe,2013,12,t,
platinum,mine,Zimbabwe,2014,12,t,
platinum,mine,Zimbabwe,2015,12,t,
platinum,mine,Zimbabwe,2016,14,t,
platinum,mine,Zimbabwe,2017,14,t,
platinum,mine,Zimbabwe,2018,15,t,
platinum,mine,Zimbabwe,2019,13,t,
platinum,mine,Zimbabwe,2020,15,t,
platinum,mine,Zimbabwe,2021,14,t,
platinum,mine,Zimbabwe,2022,15,t,
potash,mine,Azerbaijan,1994,50000,t,tons of K2O equivalent
potash,mine,Azerbaijan,1995,50000,t,tons of K2O equivalent
potash,mine,Azerbaijan,1996,50000,t,tons of K2O equivalent
potash,mine,Azerbaijan,1997,5000,t,tons of K2O equivalent
potash,mine,Azerbaijan,1998,5000,t,tons of K2O equivalent
potash,mine,Azerbaijan,1999,5000,t,tons of K2O equivalent
potash,mine,Azerbaijan,2000,5000,t,tons of K2O equivalent
potash,mine,Azerbaijan,2001,5000,t,tons of K2O equivalent
potash,mine,Belarus,1994,2510000,t,tons of K2O equivalent
potash,mine,Belarus,1995,2790000,t,tons of K2O equivalent
potash,mine,Belarus,1996,2600000,t,tons of K2O equivalent
potash,mine,Belarus,1997,3250000,t,tons of K2O equivalent
potash,mine,Belarus,1998,3400000,t,tons of K2O equivalent
potash,mine,Belarus,1999,3600000,t,tons of K2O equivalent
potash,mine,Belarus,2000,3400000,t,tons of K2O equivalent
potash,mine,Belarus,2001,3700000,t,tons of K2O equivalent
potash,mine,Belarus,2002,3800000,t,tons of K2O equivalent
potash,mine,Belarus,2003,4200000,t,tons of K2O equivalent
potash,mine,Belarus,2004,4300000,t,tons of K2O equivalent
potash,mine,Belarus,2005,4800000,t,tons of K2O equivalent
potash,mine,Belarus,2006,4605000,t,tons of K2O equivalent
potash,mine,Belarus,2007,4970000,t,tons of K2O equivalent
potash,mine,Belarus,2008,4970000,t,tons of K2O equivalent
potash,mine,Belarus,2009,2490000,t,tons of K2O equivalent
potash,mine,Belarus,2010,5250000,t,tons of K2O equivalent
potash,mine,Belarus,2011,5500000,t,tons of K2O equivalent
potash,mine,Belarus,2012,4760000,t,tons of K2O equivalent
potash,mine,Belarus,2013,4240000,t,tons of K2O equivalent
potash,mine,Belarus,2014,6290000,t,tons of K2O equivalent
potash,mine,Belarus,2015,6470000,t,tons of K2O equivalent
potash,mine,Belarus,2016,6180000,t,tons of K2O equivalent
potash,mine,Belarus,2017,7100000,t,tons of K2O equivalent
potash,mine,Belarus,2018,7200000,t,tons of K2O equivalent
potash,mine,Belarus,2019,7350000,t,tons of K2O equivalent
potash,mine,Belarus,2020,7400000,t,tons of K2O equivalent
potash,mine,Belarus,2021,7630000,t,tons of K2O equivalent
potash,mine,Belarus,2022,3000000,t,tons of K2O equivalent
potash,mine,Brazil,1994,240000,t,tons of K2O equivalent
potash,mine,Brazil,1995,223000,t,tons of K2O equivalent
potash,mine,Brazil,1996,270000,t,tons of K2O equivalent
potash,mine,Brazil,1997,243000,t,tons of K2O equivalent
potash,mine,Brazil,1998,243000,t,tons of K2O equivalent
potash,mine,Brazil,1999,350000,t,tons of K2O equivalent
potash,mine,Brazil,2000,350000,t,tons of K2O equivalent
potash,mine,Brazil,2001,352000,t,tons of K2O equivalent
potash,mine,Brazil,2002,352000,t,tons of K2O equivalent
potash,mine,Brazil,2003,340000,t,tons of K2O equivalent
potash,mine,Brazil,2004,340000,t,tons of K2O equivalent
potash,mine,Brazil,2005,405000,t,tons of K2O equivalent
potash,mine,Brazil,2006,405000,t,tons of K2O equivalent
potash,mine,Brazil,2007,405000,t,tons of K2O equivalent
potash,mine,Brazil,2008,471000,t,tons of K2O equivalent
potash,mine,Brazil,2009,385000,t,tons of K2O equivalent
potash,mine,Brazil,2010,453000,t,tons of K2O equivalent
potash,mine,Brazil,2011,454000,t,tons of K2O equivalent
potash,mine,Brazil,2012,425000,t,tons of K2O equivalent
potash,mine,Brazil,2013,430000,t,tons of K2O equivalent
potash,mine,Brazil,2014,311000,t,tons of K2O equivalent
potash,mine,Brazil,2015,293000,t,tons of K2O equivalent
potash,mine,Brazil,2016,301000,t,tons of K2O equivalent
potash,mine,Brazil,2017,290000,t,tons of K2O equivalent
potash,mine,Brazil,2018,200000,t,tons of K2O equivalent
potash,mine,Brazil,2019,247000,t,tons of K2O equivalent
potash,mine,Brazil,2020,254000,t,tons of K2O equivalent
potash,mine,Brazil,2021,270000,t,tons of K2O equivalent
potash,mine,Brazil,2022,270000,t,tons of K2O equivalent
potash,mine,Canada,1994,8040000,t,tons of K2O equivalent
potash,mine,Canada,1995,9010000,t,tons of K2O equivalent
potash,mine,Canada,1996,8165000,t,tons of K2O equivalent
potash,mine,Canada,1997,9301000,t,tons of K2O equivalent
potash,mine,Canada,1998,9000000,t,tons of K2O equivalent
potash,mine,Canada,1999,8329000,t,tons of K2O equivalent
potash,mine,Canada,2000,8600000,t,tons of K2O equivalent
potash,mine,Canada,2001,8200000,t,tons of K2O equivalent
potash,mine,Canada,2002,8200000,t,tons of K2O equivalent
potash,mine,Canada,2003,9200000,t,tons of K2O equivalent
potash,mine,Canada,2004,9150000,t,tons of K2O equivalent
potash,mine,Canada,2005,10120000,t,tons of K2O equivalent
potash,mine,Canada,2006,8360000,t,tons of K2O equivalent
potash,mine,Canada,2007,11100000,t,tons of K2O equivalent
potash,mine,Canada,2008,10500000,t,tons of K2O equivalent
potash,mine,Canada,2009,4320000,t,tons of K2O equivalent
potash,mine,Canada,2010,9788000,t,tons of K2O equivalent
potash,mine,Canada,2011,11000000,t,tons of K2O equivalent
potash,mine,Canada,2012,8980000,t,tons of K2O equivalent
potash,mine,Canada,2013,10100000,t,tons of K2O equivalent
potash,mine,Canada,2014,11000000,t,tons of K2O equivalent
potash,mine,Canada,2015,11400000,t,tons of K2O equivalent
potash,mine,Canada,2016,10800000,t,tons of K2O equivalent
potash,mine,Canada,2017,12200000,t,tons of K2O equivalent
potash,mine,Canada,2018,13800000,t,tons of K2O equivalent
potash,mine,Canada,2019,12300000,t,tons of K2O equivalent
potash,mine,Canada,2020,13800000,t,tons of K2O equivalent
potash,mine,Canada,2021,14200000,t,tons of K2O equivalent
potash,mine,Canada,2022,16000000,t,tons of K2O equivalent
potash,mine,Chile,1994,70000,t,tons of K2O equivalent
potash,mine,Chile,1995,50000,t,tons of K2O equivalent
potash,mine,Chile,1996,50000,t,tons of K2O equivalent
potash,mine,Chile,1997,240000,t,tons of K2O equivalent
potash,mine,Chile,1998,22000,t,tons of K2O equivalent
potash,mine,Chile,1999,22000,t,tons of K2O equivalent
potash,mine,Chile,2000,23000,t,tons of K2O equivalent
potash,mine,Chile,2001,390000,t,tons of K2O equivalent
potash,mine,Chile,2002,350000,t,tons of K2O equivalent
potash,mine,Chile,2003,360000,t,tons of K2O equivalent
potash,mine,Chile,2004,360000,t,tons of K2O equivalent
potash,mine,Chile,2005,370000,t,tons of K2O equivalent
potash,mine,Chile,2006,450000,t,tons of K2O equivalent
potash,mine,Chile,2007,500000,t,tons of K2O equivalent
potash,mine,Chile,2008,559000,t,tons of K2O equivalent
potash,mine,Chile,2009,692000,t,tons of K2O equivalent
potash,mine,Chile,2010,800000,t,tons of K2O equivalent
potash,mine,Chile,2011,980000,t,tons of K2O equivalent
potash,mine,Chile,2012,1050000,t,tons of K2O equivalent
potash,mine,Chile,2013,1050000,t,tons of K2O equivalent
potash,mine,Chile,2014,1200000,t,tons of K2O equivalent
potash,mine,Chile,2015,1200000,t,tons of K2O equivalent
potash,mine,Chile,2016,1200000,t,tons of K2O equivalent
potash,mine,Chile,2017,1100000,t,tons of K2O equivalent
potash,mine,Chile,2018,1200000,t,tons of K2O equivalent
potash,mine,Chile,2019,840000,t,tons of K2O equivalent
potash,mine,Chile,2020,900000,t,tons of K2O equivalent
potash,mine,Chile,2021,858000,t,tons of K2O equivalent
potash,mine,Chile,2022,850000,t,tons of K2O equivalent
potash,mine,China,1994,25000,t,tons of K2O equivalent
potash,mine,China,1995,80000,t,tons of K2O equivalent
potash,mine,China,1996,110000,t,tons of K2O equivalent
potash,mine,China,1997,115000,t,tons of K2O equivalent
potash,mine,China,1998,120000,t,tons of K2O equivalent
potash,mine,China,1999,125000,t,tons of K2O equivalent
potash,mine,China,2000,250000,t,tons of K2O equivalent
potash,mine,China,2001,385000,t,tons of K2O equivalent
potash,mine,China,2002,450000,t,tons of K2O equivalent
potash,mine,China,2003,500000,t,tons of K2O equivalent
potash,mine,China,2004,550000,t,tons of K2O equivalent
potash,mine,China,2005,600000,t,tons of K2O equivalent
potash,mine,China,2006,600000,t,tons of K2O equivalent
potash,mine,China,2007,2000000,t,tons of K2O equivalent
potash,mine,China,2008,2750000,t,tons of K2O equivalent
potash,mine,China,2009,3000000,t,tons of K2O equivalent
potash,mine,China,2010,3200000,t,tons of K2O equivalent
potash,mine,China,2011,3700000,t,tons of K2O equivalent
potash,mine,China,2012,4100000,t,tons of K2O equivalent
potash,mine,China,2013,4300000,t,tons of K2O equivalent
potash,mine,China,2014,4400000,t,tons of K2O equivalent
potash,mine,China,2015,6200000,t,tons of K2O equivalent
potash,mine,China,2016,6200000,t,tons of K2O equivalent
potash,mine,China,2017,5510000,t,tons of K2O equivalent
potash,mine,China,2018,5000000,t,tons of K2O equivalent
potash,mine,China,2019,5000000,t,tons of K2O equivalent
potash,mine,China,2020,6000000,t,tons of K2O equivalent
potash,mine,China,2021,6000000,t,tons of K2O equivalent
potash,mine,China,2022,6000000,t,tons of K2O equivalent
potash,mine,France,1994,870000,t,tons of K2O equivalent
potash,mine,France,1995,802000,t,tons of K2O equivalent
potash,mine,France,1996,800000,t,tons of K2O equivalent
potash,mine,France,1997,665000,t,tons of K2O equivalent
potash,mine,France,1998,656000,t,tons of K2O equivalent
potash,mine,France,1999,300000,t,tons of K2O equivalent
potash,mine,France,2000,321000,t,tons of K2O equivalent
potash,mine,France,2001,300000,t,tons of K2O equivalent
potash,mine,Germany,1994,3290000,t,tons of K2O equivalent
potash,mine,Germany,1995,3280000,t,tons of K2O equivalent
potash,mine,Germany,1996,3200000,t,tons of K2O equivalent
potash,mine,Germany,1997,3423000,t,tons of K2O equivalent
potash,mine,Germany,1998,3200000,t,tons of K2O equivalent
potash,mine,Germany,1999,3600000,t,tons of K2O equivalent
potash,mine,Germany,2000,3409000,t,tons of K2O equivalent
potash,mine,Germany,2001,3550000,t,tons of K2O equivalent
potash,mine,Germany,2002,3450000,t,tons of K2O equivalent
potash,mine,Germany,2003,3600000,t,tons of K2O equivalent
potash,mine,Germany,2004,3500000,t,tons of K2O equivalent
potash,mine,Germany,2005,3600000,t,tons of K2O equivalent
potash,mine,Germany,2006,3620000,t,tons of K2O equivalent
potash,mine,Germany,2007,3600000,t,tons of K2O equivalent
potash,mine,Germany,2008,3280000,t,tons of K2O equivalent
potash,mine,Germany,2009,1800000,t,tons of K2O equivalent
potash,mine,Germany,2010,3000000,t,tons of K2O equivalent
potash,mine,Germany,2011,3010000,t,tons of K2O equivalent
potash,mine,Germany,2012,3120000,t,tons of K2O equivalent
potash,mine,Germany,2013,3200000,t,tons of K2O equivalent
potash,mine,Germany,2014,3000000,t,tons of K2O equivalent
potash,mine,Germany,2015,3100000,t,tons of K2O equivalent
potash,mine,Germany,2016,2800000,t,tons of K2O equivalent
potash,mine,Germany,2017,2700000,t,tons of K2O equivalent
potash,mine,Germany,2018,3200000,t,tons of K2O equivalent
potash,mine,Germany,2019,3000000,t,tons of K2O equivalent
potash,mine,Germany,2020,2200000,t,tons of K2O equivalent
potash,mine,Germany,2021,2800000,t,tons of K2O equivalent
potash,mine,Germany,2022,2800000,t,tons of K2O equivalent
potash,mine,Israel,1994,1260000,t,tons of K2O equivalent
potash,mine,Israel,1995,1330000,t,tons of K2O equivalent
potash,mine,Israel,1996,1320000,t,tons of K2O equivalent
potash,mine,Israel,1997,1488000,t,tons of K2O equivalent
potash,mine,Israel,1998,1500000,t,tons of K2O equivalent
potash,mine,Israel,1999,1750000,t,tons of K2O equivalent
potash,mine,Israel,2000,1710000,t,tons of K2O equivalent
potash,mine,Israel,2001,1774000,t,tons of K2O equivalent
potash,mine,Israel,2002,1930000,t,tons of K2O equivalent
potash,mine,Israel,2003,1960000,t,tons of K2O equivalent
potash,mine,Israel,2004,2060000,t,tons of K2O equivalent
potash,mine,Israel,2005,2060000,t,tons of K2O equivalent
potash,mine,Israel,2006,2200000,t,tons of K2O equivalent
potash,mine,Israel,2007,2200000,t,tons of K2O equivalent
potash,mine,Israel,2008,2300000,t,tons of K2O equivalent
potash,mine,Israel,2009,2100000,t,tons of K2O equivalent
potash,mine,Israel,2010,1960000,t,tons of K2O equivalent
potash,mine,Israel,2011,1960000,t,tons of K2O equivalent
potash,mine,Israel,2012,1900000,t,tons of K2O equivalent
potash,mine,Israel,2013,2100000,t,tons of K2O equivalent
potash,mine,Israel,2014,1770000,t,tons of K2O equivalent
potash,mine,Israel,2015,1260000,t,tons of K2O equivalent
potash,mine,Israel,2016,2050000,t,tons of K2O equivalent
potash,mine,Israel,2017,2000000,t,tons of K2O equivalent
potash,mine,Israel,2018,2200000,t,tons of K2O equivalent
potash,mine,Israel,2019,2040000,t,tons of K2O equivalent
potash,mine,Israel,2020,2280000,t,tons of K2O equivalent
potash,mine,Israel,2021,2380000,t,tons of K2O equivalent
potash,mine,Israel,2022,2500000,t,tons of K2O equivalent
potash,mine,Jordan,1994,930000,t,tons of K2O equivalent
potash,mine,Jordan,1995,1070000,t,tons of K2O equivalent
potash,mine,Jordan,1996,1200000,t,tons of K2O equivalent
potash,mine,Jordan,1997,849000,t,tons of K2O equivalent
potash,mine,Jordan,1998,850000,t,tons of K2O equivalent
potash,mine,Jordan,1999,1100000,t,tons of K2O equivalent
potash,mine,Jordan,2000,1110000,t,tons of K2O equivalent
potash,mine,Jordan,2001,1178000,t,tons of K2O equivalent
potash,mine,Jordan,2002,1200000,t,tons of K2O equivalent
potash,mine,Jordan,2003,1200000,t,tons of K2O equivalent
potash,mine,Jordan,2004,1230000,t,tons of K2O equivalent
potash,mine,Jordan,2005,1230000,t,tons of K2O equivalent
potash,mine,Jordan,2006,1036000,t,tons of K2O equivalent
potash,mine,Jordan,2007,1090000,t,tons of K2O equivalent
potash,mine,Jordan,2008,1220000,t,tons of K2O equivalent
potash,mine,Jordan,2009,683000,t,tons of K2O equivalent
potash,mine,Jordan,2010,1200000,t,tons of K2O equivalent
potash,mine,Jordan,2011,1380000,t,tons of K2O equivalent
potash,mine,Jordan,2012,1090000,t,tons of K2O equivalent
potash,mine,Jordan,2013,1080000,t,tons of K2O equivalent
potash,mine,Jordan,2014,1260000,t,tons of K2O equivalent
potash,mine,Jordan,2015,1410000,t,tons of K2O equivalent
potash,mine,Jordan,2016,1200000,t,tons of K2O equivalent
potash,mine,Jordan,2017,1390000,t,tons of K2O equivalent
potash,mine,Jordan,2018,1480000,t,tons of K2O equivalent
potash,mine,Jordan,2019,1520000,t,tons of K2O equivalent
potash,mine,Jordan,2020,1590000,t,tons of K2O equivalent
potash,mine,Jordan,2021,1560000,t,tons of K2O equivalent
potash,mine,Jordan,2022,1700000,t,tons of K2O equivalent
potash,mine,Laos,2018,200000,t,tons of K2O equivalent
potash,mine,Laos,2019,400000,t,tons of K2O equivalent
potash,mine,Laos,2020,270000,t,tons of K2O equivalent
potash,mine,Laos,2021,260000,t,tons of K2O equivalent
potash,mine,Laos,2022,600000,t,tons of K2O equivalent
potash,mine,Other countries,2014,50000,t,tons of K2O equivalent
potash,mine,Other countries,2015,300000,t,tons of K2O equivalent
potash,mine,Other countries,2016,480000,t,tons of K2O equivalent
potash,mine,Other countries,2017,500000,t,tons of K2O equivalent
potash,mine,Other countries,2018,351000,t,tons of K2O equivalent
potash,mine,Other countries,2019,310000,t,tons of K2O equivalent
potash,mine,Other countries,2020,360000,t,tons of K2O equivalent
potash,mine,Other countries,2021,350000,t,tons of K2O equivalent
potash,mine,Other countries,2022,350000,t,tons of K2O equivalent
potash,mine,Russia,1994,2500000,t,tons of K2O equivalent
potash,mine,Russia,1995,2814000,t,tons of K2O equivalent
potash,mine,Russia,1996,2800000,t,tons of K2O equivalent
potash,mine,Russia,1997,3400000,t,tons of K2O equivalent
potash,mine,Russia,1998,3500000,t,tons of K2O equivalent
potash,mine,Russia,1999,4200000,t,tons of K2O equivalent
potash,mine,Russia,2000,3700000,t,tons of K2O equivalent
potash,mine,Russia,2001,4300000,t,tons of K2O equivalent
potash,mine,Russia,2002,4400000,t,tons of K2O equivalent
potash,mine,Russia,2003,4700000,t,tons of K2O equivalent
potash,mine,Russia,2004,5000000,t,tons of K2O equivalent
potash,mine,Russia,2005,5500000,t,tons of K2O equivalent
potash,mine,Russia,2006,5720000,t,tons of K2O equivalent
potash,mine,Russia,2007,6600000,t,tons of K2O equivalent
potash,mine,Russia,2008,6730000,t,tons of K2O equivalent
potash,mine,Russia,2009,3730000,t,tons of K2O equivalent
potash,mine,Russia,2010,6280000,t,tons of K2O equivalent
potash,mine,Russia,2011,6500000,t,tons of K2O equivalent
potash,mine,Russia,2012,5470000,t,tons of K2O equivalent
potash,mine,Russia,2013,6100000,t,tons of K2O equivalent
potash,mine,Russia,2014,7380000,t,tons of K2O equivalent
potash,mine,Russia,2015,6990000,t,tons of K2O equivalent
potash,mine,Russia,2016,6480000,t,tons of K2O equivalent
potash,mine,Russia,2017,7300000,t,tons of K2O equivalent
potash,mine,Russia,2018,7170000,t,tons of K2O equivalent
potash,mine,Russia,2019,7340000,t,tons of K2O equivalent
potash,mine,Russia,2020,8110000,t,tons of K2O equivalent
potash,mine,Russia,2021,9100000,t,tons of K2O equivalent
potash,mine,Russia,2022,5000000,t,tons of K2O equivalent
potash,mine,Spain,1994,680000,t,tons of K2O equivalent
potash,mine,Spain,1995,650000,t,tons of K2O equivalent
potash,mine,Spain,1996,600000,t,tons of K2O equivalent
potash,mine,Spain,1997,640000,t,tons of K2O equivalent
potash,mine,Spain,1998,635000,t,tons of K2O equivalent
potash,mine,Spain,1999,550000,t,tons of K2O equivalent
potash,mine,Spain,2000,522000,t,tons of K2O equivalent
potash,mine,Spain,2001,525000,t,tons of K2O equivalent
potash,mine,Spain,2002,407000,t,tons of K2O equivalent
potash,mine,Spain,2003,510000,t,tons of K2O equivalent
potash,mine,Spain,2004,500000,t,tons of K2O equivalent
potash,mine,Spain,2005,500000,t,tons of K2O equivalent
potash,mine,Spain,2006,437000,t,tons of K2O equivalent
potash,mine,Spain,2007,580000,t,tons of K2O equivalent
potash,mine,Spain,2008,435000,t,tons of K2O equivalent
potash,mine,Spain,2009,435000,t,tons of K2O equivalent
potash,mine,Spain,2010,415000,t,tons of K2O equivalent
potash,mine,Spain,2011,420000,t,tons of K2O equivalent
potash,mine,Spain,2012,420000,t,tons of K2O equivalent
potash,mine,Spain,2013,420000,t,tons of K2O equivalent
potash,mine,Spain,2014,715000,t,tons of K2O equivalent
potash,mine,Spain,2015,690000,t,tons of K2O equivalent
potash,mine,Spain,2016,670000,t,tons of K2O equivalent
potash,mine,Spain,2017,610000,t,tons of K2O equivalent
potash,mine,Spain,2018,700000,t,tons of K2O equivalent
potash,mine,Spain,2019,500000,t,tons of K2O equivalent
potash,mine,Spain,2020,420000,t,tons of K2O equivalent
potash,mine,Spain,2021,365000,t,tons of K2O equivalent
potash,mine,Spain,2022,450000,t,tons of K2O equivalent
potash,mine,Ukraine,1994,78000,t,tons of K2O equivalent
potash,mine,Ukraine,1995,55000,t,tons of K2O equivalent
potash,mine,Ukraine,1996,100000,t,tons of K2O equivalent
potash,mine,Ukraine,1997,100000,t,tons of K2O equivalent
potash,mine,Ukraine,1998,60000,t,tons of K2O equivalent
potash,mine,Ukraine,1999,35000,t,tons of K2O equivalent
potash,mine,Ukraine,2000,30000,t,tons of K2O equivalent
potash,mine,Ukraine,2001,25000,t,tons of K2O equivalent
potash,mine,Ukraine,2002,60000,t,tons of K2O equivalent
potash,mine,Ukraine,2003,60000,t,tons of K2O equivalent
potash,mine,Ukraine,2004,50000,t,tons of K2O equivalent
potash,mine,Ukraine,2005,65000,t,tons of K2O equivalent
potash,mine,Ukraine,2006,65000,t,tons of K2O equivalent
potash,mine,Ukraine,2007,12000,t,tons of K2O equivalent
potash,mine,Ukraine,2008,11000,t,tons of K2O equivalent
potash,mine,Ukraine,2009,12000,t,tons of K2O equivalent
potash,mine,United Kingdom,1994,580000,t,tons of K2O equivalent
potash,mine,United Kingdom,1995,582000,t,tons of K2O equivalent
potash,mine,United Kingdom,1996,580000,t,tons of K2O equivalent
potash,mine,United Kingdom,1997,565000,t,tons of K2O equivalent
potash,mine,United Kingdom,1998,575000,t,tons of K2O equivalent
potash,mine,United Kingdom,1999,500000,t,tons of K2O equivalent
potash,mine,United Kingdom,2000,600000,t,tons of K2O equivalent
potash,mine,United Kingdom,2001,500000,t,tons of K2O equivalent
potash,mine,United Kingdom,2002,540000,t,tons of K2O equivalent
potash,mine,United Kingdom,2003,620000,t,tons of K2O equivalent
potash,mine,United Kingdom,2004,600000,t,tons of K2O equivalent
potash,mine,United Kingdom,2005,600000,t,tons of K2O equivalent
potash,mine,United Kingdom,2006,480000,t,tons of K2O equivalent
potash,mine,United Kingdom,2007,427000,t,tons of K2O equivalent
potash,mine,United Kingdom,2008,427000,t,tons of K2O equivalent
potash,mine,United Kingdom,2009,427000,t,tons of K2O equivalent
potash,mine,United Kingdom,2010,427000,t,tons of K2O equivalent
potash,mine,United Kingdom,2011,427000,t,tons of K2O equivalent
potash,mine,United Kingdom,2012,470000,t,tons of K2O equivalent
potash,mine,United Kingdom,2013,470000,t,tons of K2O equivalent
potash,mine,United Kingdom,2014,610000,t,tons of K2O equivalent
potash,mine,United Kingdom,2015,610000,t,tons of K2O equivalent
potash,mine,United Kingdom,2016,450000,t,tons of K2O equivalent
potash,mine,United Kingdom,2017,250000,t,tons of K2O equivalent
potash,mine,United States,1994,1400000,t,tons of K2O equivalent
potash,mine,United States,1995,1480000,t,tons of K2O equivalent
potash,mine,United States,1996,1390000,t,tons of K2O equivalent
potash,mine,United States,1997,1400000,t,tons of K2O equivalent
potash,mine,United States,1998,1300000,t,tons of K2O equivalent
potash,mine,United States,1999,1200000,t,tons of K2O equivalent
potash,mine,United States,2000,1300000,t,tons of K2O equivalent
potash,mine,United States,2001,1200000,t,tons of K2O equivalent
potash,mine,United States,2002,1200000,t,tons of K2O equivalent
potash,mine,United States,2003,1100000,t,tons of K2O equivalent
potash,mine,United States,2004,1300000,t,tons of K2O equivalent
potash,mine,United States,2005,1200000,t,tons of K2O equivalent
potash,mine,United States,2006,1100000,t,tons of K2O equivalent
potash,mine,United States,2007,1100000,t,tons of K2O equivalent
potash,mine,United States,2008,1100000,t,tons of K2O equivalent
potash,mine,United States,2009,1700000,t,tons of K2O equivalent
potash,mine,United States,2010,1930000,t,tons of K2O equivalent
potash,mine,United States,2011,1000000,t,tons of K2O equivalent
potash,mine,United States,2012,900000,t,tons of K2O equivalent
potash,mine,United States,2013,960000,t,tons of K2O equivalent
potash,mine,United States,2014,850000,t,tons of K2O equivalent
potash,mine,United States,2015,740000,t,tons of K2O equivalent
potash,mine,United States,2016,500000,t,tons of K2O equivalent
potash,mine,United States,2017,480000,t,tons of K2O equivalent
potash,mine,United States,2018,520000,t,tons of K2O equivalent
potash,mine,United States,2019,510000,t,tons of K2O equivalent
potash,mine,United States,2020,460000,t,tons of K2O equivalent
potash,mine,United States,2021,480000,t,tons of K2O equivalent
potash,mine,United States,2022,440000,t,tons of K2O equivalent
potash,mine,World,1994,22500000,t,tons of K2O equivalent
potash,mine,World,1995,24300000,t,tons of K2O equivalent
potash,mine,World,1996,23200000,t,tons of K2O equivalent
potash,mine,World,1997,25700000,t,tons of K2O equivalent
potash,mine,World,1998,25100000,t,tons of K2O equivalent
potash,mine,World,1999,25700000,t,tons of K2O equivalent
potash,mine,World,2000,25300000,t,tons of K2O equivalent
potash,mine,World,2001,26400000,t,tons of K2O equivalent
potash,mine,World,2002,26300000,t,tons of K2O equivalent
potash,mine,World,2003,28400000,t,tons of K2O equivalent
potash,mine,World,2004,28900000,t,tons of K2O equivalent
potash,mine,World,2005,31100000,t,tons of K2O equivalent
potash,mine,World,2006,29100000,t,tons of K2O equivalent
potash,mine,World,2007,34600000,t,tons of K2O equivalent
potash,mine,World,2008,35000000,t,tons of K2O equivalent
potash,mine,World,2009,20800000,t,tons of K2O equivalent
potash,mine,World,2010,33700000,t,tons of K2O equivalent
potash,mine,World,2011,36400000,t,tons of K2O equivalent
potash,mine,World,2012,32700000,t,tons of K2O equivalent
potash,mine,World,2013,34500000,t,tons of K2O equivalent
potash,mine,World,2014,38800000,t,tons of K2O equivalent
potash,mine,World,2015,40700000,t,tons of K2O equivalent
potash,mine,World,2016,39300000,t,tons of K2O equivalent
potash,mine,World,2017,41400000,t,tons of K2O equivalent
potash,mine,World,2018,43300000,t,tons of K2O equivalent
potash,mine,World,2019,41300000,t,tons of K2O equivalent
potash,mine,World,2020,44000000,t,tons of K2O equivalent
potash,mine,World,2021,46300000,t,tons of K2O equivalent
potash,mine,World,2022,40000000,t,tons of K2O equivalent
rhenium,mine,Armenia,1994,0,t,
rhenium,mine,Armenia,1995,0,t,
rhenium,mine,Armenia,1996,0,t,
rhenium,mine,Armenia,1998,1,t,
rhenium,mine,Armenia,1999,0,t,
rhenium,mine,Armenia,2000,0,t,
rhenium,mine,Armenia,2001,0,t,
rhenium,mine,Armenia,2002,0,t,
rhenium,mine,Armenia,2003,1,t,
rhenium,mine,Armenia,2004,1,t,
rhenium,mine,Armenia,2005,1,t,
rhenium,mine,Armenia,2006,1,t,
rhenium,mine,Armenia,2007,1,t,
rhenium,mine,Armenia,2008,1,t,
rhenium,mine,Armenia,2009,0,t,
rhenium,mine,Armenia,2010,0,t,
rhenium,mine,Armenia,2011,0,t,
rhenium,mine,Armenia,2012,0,t,
rhenium,mine,Armenia,2013,0,t,
rhenium,mine,Armenia,2014,0,t,
rhenium,mine,Armenia,2015,0,t,
rhenium,mine,Armenia,2016,0,t,
rhenium,mine,Armenia,2017,0,t,
rhenium,mine,Armenia,2018,0,t,
rhenium,mine,Armenia,2019,0,t,
rhenium,mine,Armenia,2020,0,t,
rhenium,mine,Armenia,2021,0,t,
rhenium,mine,Armenia,2022,0,t,
rhenium,mine,Canada,1994,3,t,
rhenium,mine,Canada,1995,3,t,
rhenium,mine,Canada,1996,1,t,
rhenium,mine,Canada,1998,2,t,
rhenium,mine,Canada,1999,1,t,
rhenium,mine,Canada,2000,1,t,
rhenium,mine,Canada,2001,1,t,
rhenium,mine,Canada,2002,1,t,
rhenium,mine,Canada,2003,1,t,
rhenium,mine,Canada,2004,1,t,
rhenium,mine,Canada,2005,1,t,
rhenium,mine,Canada,2006,1,t,
rhenium,mine,Canada,2007,1,t,
rhenium,mine,Canada,2008,1,t,
rhenium,mine,Canada,2009,1,t,
rhenium,mine,Canada,2010,1,t,
rhenium,mine,Chile,1994,4,t,
rhenium,mine,Chile,1995,4,t,
rhenium,mine,Chile,1996,4,t,
rhenium,mine,Chile,1997,11,t,
rhenium,mine,Chile,1998,13,t,
rhenium,mine,Chile,1999,14,t,
rhenium,mine,Chile,2000,2,t,
rhenium,mine,Chile,2001,2,t,
rhenium,mine,Chile,2002,14,t,
rhenium,mine,Chile,2003,15,t,
rhenium,mine,Chile,2004,18,t,
rhenium,mine,Chile,2005,20,t,
rhenium,mine,Chile,2006,19,t,
rhenium,mine,Chile,2007,22,t,
rhenium,mine,Chile,2008,27,t,
rhenium,mine,Chile,2009,25,t,
rhenium,mine,Chile,2010,25,t,
rhenium,mine,Chile,2011,27,t,
rhenium,mine,Chile,2012,27,t,
rhenium,mine,Chile,2013,25,t,
rhenium,mine,Chile,2014,25,t,
rhenium,mine,Chile,2015,26,t,
rhenium,mine,Chile,2016,27,t,
rhenium,mine,Chile,2017,27,t,
rhenium,mine,Chile,2018,27,t,
rhenium,mine,Chile,2019,30,t,
rhenium,mine,Chile,2020,30,t,
rhenium,mine,Chile,2021,30,t,
rhenium,mine,Chile,2022,29,t,
rhenium,mine,China,2015,2,t,
rhenium,mine,China,2016,3,t,
rhenium,mine,China,2017,2,t,
rhenium,mine,China,2018,2,t,
rhenium,mine,China,2019,2,t,
rhenium,mine,China,2020,2,t,
rhenium,mine,China,2021,2,t,
rhenium,mine,China,2022,2,t,
rhenium,mine,Kazakhstan,1994,0,t,
rhenium,mine,Kazakhstan,1995,0,t,
rhenium,mine,Kazakhstan,1996,0,t,
rhenium,mine,Kazakhstan,1997,1,t,
rhenium,mine,Kazakhstan,1998,2,t,
rhenium,mine,Kazakhstan,1999,2,t,
rhenium,mine,Kazakhstan,2000,2,t,
rhenium,mine,Kazakhstan,2001,2,t,
rhenium,mine,Kazakhstan,2002,2,t,
rhenium,mine,Kazakhstan,2003,2,t,
rhenium,mine,Kazakhstan,2004,2,t,
rhenium,mine,Kazakhstan,2005,8,t,
rhenium,mine,Kazakhstan,2006,8,t,
rhenium,mine,Kazakhstan,2007,7,t,
rhenium,mine,Kazakhstan,2008,7,t,
rhenium,mine,Kazakhstan,2009,3,t,
rhenium,mine,Kazakhstan,2010,2,t,
rhenium,mine,Kazakhstan,2011,3,t,
rhenium,mine,Kazakhstan,2012,3,t,
rhenium,mine,Kazakhstan,2013,2,t,
rhenium,mine,Kazakhstan,2014,0,t,
rhenium,mine,Kazakhstan,2015,1,t,
rhenium,mine,Kazakhstan,2016,1,t,
rhenium,mine,Kazakhstan,2017,1,t,
rhenium,mine,Kazakhstan,2018,1,t,
rhenium,mine,Kazakhstan,2019,0,t,
rhenium,mine,Kazakhstan,2020,0,t,
rhenium,mine,Kazakhstan,2021,0,t,
rhenium,mine,Kazakhstan,2022,0,t,
rhenium,mine,Korea South,2011,0,t,
rhenium,mine,Korea South,2019,2,t,
rhenium,mine,Korea South,2020,2,t,
rhenium,mine,Korea South,2021,2,t,
rhenium,mine,Korea South,2022,2,t,
rhenium,mine,Mexico,1998,5,t,
rhenium,mine,Mexico,1999,5,t,
rhenium,mine,Other countries,1994,0,t,
rhenium,mine,Other countries,1995,0,t,
rhenium,mine,Other countries,1996,0,t,
rhenium,mine,Other countries,1997,5,t,
rhenium,mine,Other countries,1998,3,t,
rhenium,mine,Other countries,1999,3,t,
rhenium,mine,Other countries,2000,3,t,
rhenium,mine,Other countries,2001,0,t,
rhenium,mine,Other countries,2002,1,t,
rhenium,mine,Other countries,2003,1,t,
rhenium,mine,Other countries,2004,1,t,
rhenium,mine,Other countries,2005,1,t,
rhenium,mine,Other countries,2006,2,t,
rhenium,mine,Other countries,2007,4,t,
rhenium,mine,Other countries,2008,4,t,
rhenium,mine,Other countries,2009,1,t,
rhenium,mine,Other countries,2010,1,t,
rhenium,mine,Other countries,2011,1,t,
rhenium,mine,Other countries,2012,1,t,
rhenium,mine,Other countries,2013,1,t,
rhenium,mine,Other countries,2014,2,t,
rhenium,mine,Other countries,2015,1,t,
rhenium,mine,Other countries,2016,1,t,
rhenium,mine,Peru,1994,3,t,
rhenium,mine,Peru,1995,3,t,
rhenium,mine,Peru,1996,2,t,
rhenium,mine,Peru,1997,2,t,
rhenium,mine,Peru,1998,2,t,
rhenium,mine,Peru,1999,4,t,
rhenium,mine,Peru,2000,4,t,
rhenium,mine,Peru,2001,5,t,
rhenium,mine,Peru,2002,5,t,
rhenium,mine,Peru,2003,5,t,
rhenium,mine,Peru,2004,5,t,
rhenium,mine,Peru,2005,5,t,
rhenium,mine,Peru,2006,5,t,
rhenium,mine,Peru,2007,5,t,
rhenium,mine,Peru,2008,5,t,
rhenium,mine,Peru,2009,5,t,
rhenium,mine,Peru,2010,5,t,
rhenium,mine,Poland,2009,2,t,
rhenium,mine,Poland,2010,4,t,
rhenium,mine,Poland,2011,6,t,
rhenium,mine,Poland,2012,6,t,
rhenium,mine,Poland,2013,7,t,
rhenium,mine,Poland,2014,7,t,
rhenium,mine,Poland,2015,8,t,
rhenium,mine,Poland,2016,9,t,
rhenium,mine,Poland,2017,9,t,
rhenium,mine,Poland,2018,9,t,
rhenium,mine,Poland,2019,8,t,
rhenium,mine,Poland,2020,9,t,
rhenium,mine,Poland,2021,9,t,
rhenium,mine,Poland,2022,9,t,
rhenium,mine,Russia,1994,0,t,
rhenium,mine,Russia,1995,0,t,
rhenium,mine,Russia,1996,0,t,
rhenium,mine,Russia,1998,0,t,
rhenium,mine,Russia,1999,1,t,
rhenium,mine,Russia,2000,1,t,
rhenium,mine,Russia,2001,1,t,
rhenium,mine,Russia,2002,1,t,
rhenium,mine,Russia,2003,1,t,
rhenium,mine,Russia,2004,1,t,
rhenium,mine,Russia,2005,1,t,
rhenium,mine,Russia,2006,1,t,
rhenium,mine,Russia,2007,1,t,
rhenium,mine,Russia,2008,1,t,
rhenium,mine,Russia,2009,1,t,
rhenium,mine,Russia,2010,1,t,
rhenium,mine,Russia,2011,0,t,
rhenium,mine,Russia,2012,1,t,
rhenium,mine,United States,1994,15,t,
rhenium,mine,United States,1995,17,t,
rhenium,mine,United States,1996,14,t,
rhenium,mine,United States,1997,15,t,
rhenium,mine,United States,1998,14,t,
rhenium,mine,United States,1999,12,t,
rhenium,mine,United States,2000,12,t,
rhenium,mine,United States,2001,11,t,
rhenium,mine,United States,2002,4,t,
rhenium,mine,United States,2003,3,t,
rhenium,mine,United States,2004,5,t,
rhenium,mine,United States,2005,7,t,
rhenium,mine,United States,2006,8,t,
rhenium,mine,United States,2007,7,t,
rhenium,mine,United States,2008,7,t,
rhenium,mine,United States,2009,5,t,
rhenium,mine,United States,2010,6,t,
rhenium,mine,United States,2011,8,t,
rhenium,mine,United States,2012,7,t,
rhenium,mine,United States,2013,7,t,
rhenium,mine,United States,2014,8,t,
rhenium,mine,United States,2015,7,t,
rhenium,mine,United States,2016,8,t,
rhenium,mine,United States,2017,8,t,
rhenium,mine,United States,2018,8,t,
rhenium,mine,United States,2019,8,t,
rhenium,mine,United States,2020,8,t,
rhenium,mine,United States,2021,9,t,
rhenium,mine,United States,2022,9,t,
rhenium,mine,Uzbekistan,1994,0,t,
rhenium,mine,Uzbekistan,1995,0,t,
rhenium,mine,Uzbekistan,1996,0,t,
rhenium,mine,Uzbekistan,2011,3,t,
rhenium,mine,Uzbekistan,2012,5,t,
rhenium,mine,Uzbekistan,2013,5,t,
rhenium,mine,Uzbekistan,2014,0,t,
rhenium,mine,Uzbekistan,2015,1,t,
rhenium,mine,Uzbekistan,2016,1,t,
rhenium,mine,Uzbekistan,2017,0,t,
rhenium,mine,Uzbekistan,2018,0,t,
rhenium,mine,Uzbekistan,2019,0,t,
rhenium,mine,Uzbekistan,2020,4,t,
rhenium,mine,Uzbekistan,2021,4,t,
rhenium,mine,Uzbekistan,2022,4,t,
rhenium,mine,World,1994,26,t,
rhenium,mine,World,1995,28,t,
rhenium,mine,World,1996,22,t,
rhenium,mine,World,1997,35,t,
rhenium,mine,World,1998,45,t,
rhenium,mine,World,1999,46,t,
rhenium,mine,World,2000,28,t,
rhenium,mine,World,2001,26,t,
rhenium,mine,World,2002,31,t,
rhenium,mine,World,2003,32,t,
rhenium,mine,World,2004,36,t,
rhenium,mine,World,2005,45,t,
rhenium,mine,World,2006,47,t,
rhenium,mine,World,2007,51,t,
rhenium,mine,World,2008,56,t,
rhenium,mine,World,2009,46,t,
rhenium,mine,World,2010,47,t,
rhenium,mine,World,2011,50,t,
rhenium,mine,World,2012,52,t,
rhenium,mine,World,2013,48,t,
rhenium,mine,World,2014,44,t,
rhenium,mine,World,2015,49,t,
rhenium,mine,World,2016,51,t,
rhenium,mine,World,2017,48,t,
rhenium,mine,World,2018,48,t,
rhenium,mine,World,2019,53,t,
rhenium,mine,World,2020,59,t,
rhenium,mine,World,2021,59,t,
rhenium,mine,World,2022,58,t,
REE,mine,Australia,1994,3300,t,tons of rare-earth oxide (REO) content
REE,mine,Australia,2011,2200,t,tons of rare-earth oxide (REO) content
REE,mine,Australia,2012,3200,t,tons of rare-earth oxide (REO) content
REE,mine,Australia,2013,2000,t,tons of rare-earth oxide (REO) content
REE,mine,Australia,2014,8000,t,tons of rare-earth oxide (REO) content
REE,mine,Australia,2015,12000,t,tons of rare-earth oxide (REO) content
REE,mine,Australia,2016,15000,t,tons of rare-earth oxide (REO) content
REE,mine,Australia,2017,19000,t,tons of rare-earth oxide (REO) content
REE,mine,Australia,2018,21000,t,tons of rare-earth oxide (REO) content
REE,mine,Australia,2019,20000,t,tons of rare-earth oxide (REO) content
REE,mine,Australia,2020,21000,t,tons of rare-earth oxide (REO) content
REE,mine,Australia,2021,24000,t,tons of rare-earth oxide (REO) content
REE,mine,Australia,2022,18000,t,tons of rare-earth oxide (REO) content
REE,mine,Brazil,1994,400,t,tons of rare-earth oxide (REO) content
REE,mine,Brazil,1995,400,t,tons of rare-earth oxide (REO) content
REE,mine,Brazil,1996,200,t,tons of rare-earth oxide (REO) content
REE,mine,Brazil,1997,1400,t,tons of rare-earth oxide (REO) content
REE,mine,Brazil,1998,1400,t,tons of rare-earth oxide (REO) content
REE,mine,Brazil,1999,1400,t,tons of rare-earth oxide (REO) content
REE,mine,Brazil,2000,200,t,tons of rare-earth oxide (REO) content
REE,mine,Brazil,2001,200,t,tons of rare-earth oxide (REO) content
REE,mine,Brazil,2006,730,t,tons of rare-earth oxide (REO) content
REE,mine,Brazil,2007,650,t,tons of rare-earth oxide (REO) content
REE,mine,Brazil,2008,650,t,tons of rare-earth oxide (REO) content
REE,mine,Brazil,2009,550,t,tons of rare-earth oxide (REO) content
REE,mine,Brazil,2010,550,t,tons of rare-earth oxide (REO) content
REE,mine,Brazil,2011,250,t,tons of rare-earth oxide (REO) content
REE,mine,Brazil,2012,140,t,tons of rare-earth oxide (REO) content
REE,mine,Brazil,2013,330,t,tons of rare-earth oxide (REO) content
REE,mine,Brazil,2015,880,t,tons of rare-earth oxide (REO) content
REE,mine,Brazil,2016,2200,t,tons of rare-earth oxide (REO) content
REE,mine,Brazil,2017,1700,t,tons of rare-earth oxide (REO) content
REE,mine,Brazil,2018,1100,t,tons of rare-earth oxide (REO) content
REE,mine,Brazil,2019,710,t,tons of rare-earth oxide (REO) content
REE,mine,Brazil,2020,600,t,tons of rare-earth oxide (REO) content
REE,mine,Brazil,2021,500,t,tons of rare-earth oxide (REO) content
REE,mine,Brazil,2022,80,t,tons of rare-earth oxide (REO) content
REE,mine,Burma,2019,25000,t,tons of rare-earth oxide (REO) content
REE,mine,Burma,2020,31000,t,tons of rare-earth oxide (REO) content
REE,mine,Burma,2021,35000,t,tons of rare-earth oxide (REO) content
REE,mine,Burma,2022,12000,t,tons of rare-earth oxide (REO) content
REE,mine,Burundi,2018,630,t,tons of rare-earth oxide (REO) content
REE,mine,Burundi,2019,200,t,tons of rare-earth oxide (REO) content
REE,mine,Burundi,2020,300,t,tons of rare-earth oxide (REO) content
REE,mine,Burundi,2021,200,t,tons of rare-earth oxide (REO) content
REE,mine,China,1994,30600,t,tons of rare-earth oxide (REO) content
REE,mine,China,1995,48000,t,tons of rare-earth oxide (REO) content
REE,mine,China,1996,55000,t,tons of rare-earth oxide (REO) content
REE,mine,China,1997,53300,t,tons of rare-earth oxide (REO) content
REE,mine,China,1998,65000,t,tons of rare-earth oxide (REO) content
REE,mine,China,1999,70000,t,tons of rare-earth oxide (REO) content
REE,mine,China,2000,73000,t,tons of rare-earth oxide (REO) content
REE,mine,China,2001,73000,t,tons of rare-earth oxide (REO) content
REE,mine,China,2002,88000,t,tons of rare-earth oxide (REO) content
REE,mine,China,2003,92000,t,tons of rare-earth oxide (REO) content
REE,mine,China,2004,95000,t,tons of rare-earth oxide (REO) content
REE,mine,China,2005,119000,t,tons of rare-earth oxide (REO) content
REE,mine,China,2006,119000,t,tons of rare-earth oxide (REO) content
REE,mine,China,2007,120000,t,tons of rare-earth oxide (REO) content
REE,mine,China,2008,120000,t,tons of rare-earth oxide (REO) content
REE,mine,China,2009,129000,t,tons of rare-earth oxide (REO) content
REE,mine,China,2010,130000,t,tons of rare-earth oxide (REO) content
REE,mine,China,2011,105000,t,tons of rare-earth oxide (REO) content
REE,mine,China,2012,100000,t,tons of rare-earth oxide (REO) content
REE,mine,China,2013,95000,t,tons of rare-earth oxide (REO) content
REE,mine,China,2014,105000,t,tons of rare-earth oxide (REO) content
REE,mine,China,2015,105000,t,tons of rare-earth oxide (REO) content
REE,mine,China,2016,105000,t,tons of rare-earth oxide (REO) content
REE,mine,China,2017,105000,t,tons of rare-earth oxide (REO) content
REE,mine,China,2018,120000,t,tons of rare-earth oxide (REO) content
REE,mine,China,2019,132000,t,tons of rare-earth oxide (REO) content
REE,mine,China,2020,140000,t,tons of rare-earth oxide (REO) content
REE,mine,China,2021,168000,t,tons of rare-earth oxide (REO) content
REE,mine,China,2022,210000,t,tons of rare-earth oxide (REO) content
REE,mine,Commonwealth of Independent States,2002,2000,t,tons of rare-earth oxide (REO) content
REE,mine,Commonwealth of Independent States,2003,2000,t,tons of rare-earth oxide (REO) content
REE,mine,Commonwealth of Independent States,2004,2000,t,tons of rare-earth oxide (REO) content
REE,mine,Congo (Kinshasa),1996,5,t,tons of rare-earth oxide (REO) content
REE,mine,Former Soviet Union,1994,6000,t,tons of rare-earth oxide (REO) content
REE,mine,Former Soviet Union,1995,6000,t,tons of rare-earth oxide (REO) content
REE,mine,Former Soviet Union,1996,6000,t,tons of rare-earth oxide (REO) content
REE,mine,Former Soviet Union,1997,2000,t,tons of rare-earth oxide (REO) content
REE,mine,Former Soviet Union,1998,2000,t,tons of rare-earth oxide (REO) content
REE,mine,Former Soviet Union,1999,2000,t,tons of rare-earth oxide (REO) content
REE,mine,Former Soviet Union,2000,2000,t,tons of rare-earth oxide (REO) content
REE,mine,Former Soviet Union,2001,2000,t,tons of rare-earth oxide (REO) content
REE,mine,India,1994,2500,t,tons of rare-earth oxide (REO) content
REE,mine,India,1995,2700,t,tons of rare-earth oxide (REO) content
REE,mine,India,1996,2700,t,tons of rare-earth oxide (REO) content
REE,mine,India,1997,2700,t,tons of rare-earth oxide (REO) content
REE,mine,India,1998,2700,t,tons of rare-earth oxide (REO) content
REE,mine,India,1999,2700,t,tons of rare-earth oxide (REO) content
REE,mine,India,2000,2700,t,tons of rare-earth oxide (REO) content
REE,mine,India,2001,2700,t,tons of rare-earth oxide (REO) content
REE,mine,India,2002,2700,t,tons of rare-earth oxide (REO) content
REE,mine,India,2003,2700,t,tons of rare-earth oxide (REO) content
REE,mine,India,2004,2700,t,tons of rare-earth oxide (REO) content
REE,mine,India,2005,2700,t,tons of rare-earth oxide (REO) content
REE,mine,India,2006,2700,t,tons of rare-earth oxide (REO) content
REE,mine,India,2007,2700,t,tons of rare-earth oxide (REO) content
REE,mine,India,2008,2700,t,tons of rare-earth oxide (REO) content
REE,mine,India,2009,2700,t,tons of rare-earth oxide (REO) content
REE,mine,India,2010,2800,t,tons of rare-earth oxide (REO) content
REE,mine,India,2011,2800,t,tons of rare-earth oxide (REO) content
REE,mine,India,2012,2900,t,tons of rare-earth oxide (REO) content
REE,mine,India,2013,2900,t,tons of rare-earth oxide (REO) content
REE,mine,India,2015,1700,t,tons of rare-earth oxide (REO) content
REE,mine,India,2016,1500,t,tons of rare-earth oxide (REO) content
REE,mine,India,2017,1800,t,tons of rare-earth oxide (REO) content
REE,mine,India,2018,2900,t,tons of rare-earth oxide (REO) content
REE,mine,India,2019,2900,t,tons of rare-earth oxide (REO) content
REE,mine,India,2020,2900,t,tons of rare-earth oxide (REO) content
REE,mine,India,2021,2900,t,tons of rare-earth oxide (REO) content
REE,mine,India,2022,2900,t,tons of rare-earth oxide (REO) content
REE,mine,Madagascar,2018,2000,t,tons of rare-earth oxide (REO) content
REE,mine,Madagascar,2019,4000,t,tons of rare-earth oxide (REO) content
REE,mine,Madagascar,2020,2800,t,tons of rare-earth oxide (REO) content
REE,mine,Madagascar,2021,6800,t,tons of rare-earth oxide (REO) content
REE,mine,Madagascar,2022,960,t,tons of rare-earth oxide (REO) content
REE,mine,Malaysia,1994,234,t,tons of rare-earth oxide (REO) content
REE,mine,Malaysia,1995,448,t,tons of rare-earth oxide (REO) content
REE,mine,Malaysia,1996,340,t,tons of rare-earth oxide (REO) content
REE,mine,Malaysia,1997,220,t,tons of rare-earth oxide (REO) content
REE,mine,Malaysia,1998,350,t,tons of rare-earth oxide (REO) content
REE,mine,Malaysia,1999,350,t,tons of rare-earth oxide (REO) content
REE,mine,Malaysia,2000,450,t,tons of rare-earth oxide (REO) content
REE,mine,Malaysia,2001,450,t,tons of rare-earth oxide (REO) content
REE,mine,Malaysia,2002,450,t,tons of rare-earth oxide (REO) content
REE,mine,Malaysia,2003,250,t,tons of rare-earth oxide (REO) content
REE,mine,Malaysia,2004,250,t,tons of rare-earth oxide (REO) content
REE,mine,Malaysia,2005,750,t,tons of rare-earth oxide (REO) content
REE,mine,Malaysia,2006,200,t,tons of rare-earth oxide (REO) content
REE,mine,Malaysia,2007,380,t,tons of rare-earth oxide (REO) content
REE,mine,Malaysia,2008,380,t,tons of rare-earth oxide (REO) content
REE,mine,Malaysia,2009,350,t,tons of rare-earth oxide (REO) content
REE,mine,Malaysia,2010,30,t,tons of rare-earth oxide (REO) content
REE,mine,Malaysia,2011,280,t,tons of rare-earth oxide (REO) content
REE,mine,Malaysia,2012,100,t,tons of rare-earth oxide (REO) content
REE,mine,Malaysia,2013,180,t,tons of rare-earth oxide (REO) content
REE,mine,Malaysia,2014,240,t,tons of rare-earth oxide (REO) content
REE,mine,Malaysia,2015,500,t,tons of rare-earth oxide (REO) content
REE,mine,Malaysia,2016,300,t,tons of rare-earth oxide (REO) content
REE,mine,Malaysia,2017,180,t,tons of rare-earth oxide (REO) content
REE,mine,Myanmar,2018,19000,t,tons of rare-earth oxide (REO) content
REE,mine,Other countries,1994,5,t,tons of rare-earth oxide (REO) content
REE,mine,Other countries,1995,5,t,tons of rare-earth oxide (REO) content
REE,mine,Other countries,1996,5,t,tons of rare-earth oxide (REO) content
REE,mine,Other countries,2005,400,t,tons of rare-earth oxide (REO) content
REE,mine,Other countries,2018,60,t,tons of rare-earth oxide (REO) content
REE,mine,Other countries,2019,66,t,tons of rare-earth oxide (REO) content
REE,mine,Other countries,2020,100,t,tons of rare-earth oxide (REO) content
REE,mine,Other countries,2021,60,t,tons of rare-earth oxide (REO) content
REE,mine,Other countries,2022,80,t,tons of rare-earth oxide (REO) content
REE,mine,Russia,2012,2400,t,tons of rare-earth oxide (REO) content
REE,mine,Russia,2013,2500,t,tons of rare-earth oxide (REO) content
REE,mine,Russia,2014,2500,t,tons of rare-earth oxide (REO) content
REE,mine,Russia,2015,2800,t,tons of rare-earth oxide (REO) content
REE,mine,Russia,2016,2800,t,tons of rare-earth oxide (REO) content
REE,mine,Russia,2017,2600,t,tons of rare-earth oxide (REO) content
REE,mine,Russia,2018,2700,t,tons of rare-earth oxide (REO) content
REE,mine,Russia,2019,2700,t,tons of rare-earth oxide (REO) content
REE,mine,Russia,2020,2700,t,tons of rare-earth oxide (REO) content
REE,mine,Russia,2021,2600,t,tons of rare-earth oxide (REO) content
REE,mine,Russia,2022,2600,t,tons of rare-earth oxide (REO) content
REE,mine,South Africa,1994,400,t,tons of rare-earth oxide (REO) content
REE,mine,Sri Lanka,1994,120,t,tons of rare-earth oxide (REO) content
REE,mine,Sri Lanka,1995,120,t,tons of rare-earth oxide (REO) content
REE,mine,Sri Lanka,1996,120,t,tons of rare-earth oxide (REO) content
REE,mine,Sri Lanka,1997,120,t,tons of rare-earth oxide (REO) content
REE,mine,Sri Lanka,1998,120,t,tons of rare-earth oxide (REO) content
REE,mine,Sri Lanka,1999,120,t,tons of rare-earth oxide (REO) content
REE,mine,Sri Lanka,2000,120,t,tons of rare-earth oxide (REO) content
REE,mine,Sri Lanka,2001,120,t,tons of rare-earth oxide (REO) content
REE,mine,Sri Lanka,2002,120,t,tons of rare-earth oxide (REO) content
REE,mine,Thailand,1994,150,t,tons of rare-earth oxide (REO) content
REE,mine,Thailand,2003,2200,t,tons of rare-earth oxide (REO) content
REE,mine,Thailand,2004,2200,t,tons of rare-earth oxide (REO) content
REE,mine,Thailand,2013,800,t,tons of rare-earth oxide (REO) content
REE,mine,Thailand,2014,2100,t,tons of rare-earth oxide (REO) content
REE,mine,Thailand,2015,760,t,tons of rare-earth oxide (REO) content
REE,mine,Thailand,2016,1600,t,tons of rare-earth oxide (REO) content
REE,mine,Thailand,2017,1300,t,tons of rare-earth oxide (REO) content
REE,mine,Thailand,2018,1000,t,tons of rare-earth oxide (REO) content
REE,mine,Thailand,2019,1900,t,tons of rare-earth oxide (REO) content
REE,mine,Thailand,2020,3600,t,tons of rare-earth oxide (REO) content
REE,mine,Thailand,2021,8200,t,tons of rare-earth oxide (REO) content
REE,mine,Thailand,2022,7100,t,tons of rare-earth oxide (REO) content
REE,mine,United States,1994,20700,t,tons of rare-earth oxide (REO) content
REE,mine,United States,1995,22200,t,tons of rare-earth oxide (REO) content
REE,mine,United States,1996,20400,t,tons of rare-earth oxide (REO) content
REE,mine,United States,1997,20000,t,tons of rare-earth oxide (REO) content
REE,mine,United States,1998,5000,t,tons of rare-earth oxide (REO) content
REE,mine,United States,1999,5000,t,tons of rare-earth oxide (REO) content
REE,mine,United States,2000,5000,t,tons of rare-earth oxide (REO) content
REE,mine,United States,2001,5000,t,tons of rare-earth oxide (REO) content
REE,mine,United States,2002,5000,t,tons of rare-earth oxide (REO) content
REE,mine,United States,2012,800,t,tons of rare-earth oxide (REO) content
REE,mine,United States,2013,5500,t,tons of rare-earth oxide (REO) content
REE,mine,United States,2014,5400,t,tons of rare-earth oxide (REO) content
REE,mine,United States,2015,5900,t,tons of rare-earth oxide (REO) content
REE,mine,United States,2018,18000,t,tons of rare-earth oxide (REO) content
REE,mine,United States,2019,28000,t,tons of rare-earth oxide (REO) content
REE,mine,United States,2020,39000,t,tons of rare-earth oxide (REO) content
REE,mine,United States,2021,42000,t,tons of rare-earth oxide (REO) content
REE,mine,United States,2022,43000,t,tons of rare-earth oxide (REO) content
REE,mine,Vietnam,2012,220,t,tons of rare-earth oxide (REO) content
REE,mine,Vietnam,2013,220,t,tons of rare-earth oxide (REO) content
REE,mine,Vietnam,2015,250,t,tons of rare-earth oxide (REO) content
REE,mine,Vietnam,2016,220,t,tons of rare-earth oxide (REO) content
REE,mine,Vietnam,2017,200,t,tons of rare-earth oxide (REO) content
REE,mine,Vietnam,2018,920,t,tons of rare-earth oxide (REO) content
REE,mine,Vietnam,2019,1300,t,tons of rare-earth oxide (REO) content
REE,mine,Vietnam,2020,700,t,tons of rare-earth oxide (REO) content
REE,mine,Vietnam,2021,400,t,tons of rare-earth oxide (REO) content
REE,mine,Vietnam,2022,4300,t,tons of rare-earth oxide (REO) content
REE,mine,World,1994,64500,t,tons of rare-earth oxide (REO) content
REE,mine,World,1995,79900,t,tons of rare-earth oxide (REO) content
REE,mine,World,1996,84800,t,tons of rare-earth oxide (REO) content
REE,mine,World,1997,79700,t,tons of rare-earth oxide (REO) content
REE,mine,World,1998,76600,t,tons of rare-earth oxide (REO) content
REE,mine,World,1999,82000,t,tons of rare-earth oxide (REO) content
REE,mine,World,2000,83500,t,tons of rare-earth oxide (REO) content
REE,mine,World,2001,83500,t,tons of rare-earth oxide (REO) content
REE,mine,World,2002,98300,t,tons of rare-earth oxide (REO) content
REE,mine,World,2003,99100,t,tons of rare-earth oxide (REO) content
REE,mine,World,2004,102000,t,tons of rare-earth oxide (REO) content
REE,mine,World,2005,123000,t,tons of rare-earth oxide (REO) content
REE,mine,World,2006,123000,t,tons of rare-earth oxide (REO) content
REE,mine,World,2007,124000,t,tons of rare-earth oxide (REO) content
REE,mine,World,2008,124000,t,tons of rare-earth oxide (REO) content
REE,mine,World,2009,133000,t,tons of rare-earth oxide (REO) content
REE,mine,World,2010,133000,t,tons of rare-earth oxide (REO) content
REE,mine,World,2011,111000,t,tons of rare-earth oxide (REO) content
REE,mine,World,2012,110000,t,tons of rare-earth oxide (REO) content
REE,mine,World,2013,110000,t,tons of rare-earth oxide (REO) content
REE,mine,World,2014,123000,t,tons of rare-earth oxide (REO) content
REE,mine,World,2015,130000,t,tons of rare-earth oxide (REO) content
REE,mine,World,2016,129000,t,tons of rare-earth oxide (REO) content
REE,mine,World,2017,132000,t,tons of rare-earth oxide (REO) content
REE,mine,World,2018,190000,t,tons of rare-earth oxide (REO) content
REE,mine,World,2019,220000,t,tons of rare-earth oxide (REO) content
REE,mine,World,2020,240000,t,tons of rare-earth oxide (REO) content
REE,mine,World,2021,290000,t,tons of rare-earth oxide (REO) content
REE,mine,World,2022,300000,t,tons of rare-earth oxide (REO) content
REE,mine,Zaire,1994,28,t,tons of rare-earth oxide (REO) content
REE,mine,Zaire,1995,11,t,tons of rare-earth oxide (REO) content
salt,production,Australia,1994,7800000,t,
salt,production,Australia,1995,8480000,t,
salt,production,Australia,1996,7905000,t,
salt,production,Australia,1997,8722000,t,
salt,production,Australia,1998,8880000,t,
salt,production,Australia,1999,10000000,t,
salt,production,Australia,2000,8800000,t,
salt,production,Australia,2001,9500000,t,
salt,production,Australia,2002,9890000,t,
salt,production,Australia,2003,9800000,t,
salt,production,Australia,2004,11200000,t,
salt,production,Australia,2005,12384000,t,
salt,production,Australia,2006,12000000,t,
salt,production,Australia,2007,11400000,t,
salt,production,Australia,2008,11000000,t,
salt,production,Australia,2009,11000000,t,
salt,production,Australia,2010,11968000,t,
salt,production,Australia,2011,11700000,t,
salt,production,Australia,2012,10800000,t,
salt,production,Australia,2013,11000000,t,
salt,production,Australia,2014,11000000,t,
salt,production,Australia,2015,11000000,t,
salt,production,Australia,2016,11000000,t,
salt,production,Australia,2017,11000000,t,
salt,production,Australia,2018,12000000,t,
salt,production,Australia,2019,13000000,t,
salt,production,Australia,2020,11000000,t,
salt,production,Australia,2021,12200000,t,
salt,production,Australia,2022,13000000,t,
salt,production,Austria,2017,4600000,t,
salt,production,Austria,2018,4900000,t,
salt,production,Bahamas,2010,10000000,t,
salt,production,Bahamas,2011,10000000,t,
salt,production,Belarus,2019,3300000,t,
salt,production,Brazil,1994,5250000,t,
salt,production,Brazil,1995,6100000,t,
salt,production,Brazil,1996,5900000,t,
salt,production,Brazil,1997,5520000,t,
salt,production,Brazil,1998,5500000,t,
salt,production,Brazil,1999,6900000,t,
salt,production,Brazil,2000,6000000,t,
salt,production,Brazil,2001,6000000,t,
salt,production,Brazil,2002,5600000,t,
salt,production,Brazil,2003,6100000,t,
salt,production,Brazil,2004,6500000,t,
salt,production,Brazil,2005,6660000,t,
salt,production,Brazil,2006,7340000,t,
salt,production,Brazil,2007,6900000,t,
salt,production,Brazil,2008,6900000,t,
salt,production,Brazil,2009,6900000,t,
salt,production,Brazil,2010,7020000,t,
salt,production,Brazil,2011,7020000,t,
salt,production,Brazil,2012,7020000,t,
salt,production,Brazil,2013,7500000,t,
salt,production,Brazil,2014,7400000,t,
salt,production,Brazil,2015,7500000,t,
salt,production,Brazil,2016,7600000,t,
salt,production,Brazil,2017,7400000,t,
salt,production,Brazil,2018,7500000,t,
salt,production,Brazil,2019,7400000,t,
salt,production,Brazil,2020,7400000,t,
salt,production,Brazil,2021,7400000,t,
salt,production,Brazil,2022,7400000,t,
salt,production,Canada,1994,11500000,t,
salt,production,Canada,1995,10900000,t,
salt,production,Canada,1996,12289000,t,
salt,production,Canada,1997,13264000,t,
salt,production,Canada,1998,13300000,t,
salt,production,Canada,1999,12500000,t,
salt,production,Canada,2000,11900000,t,
salt,production,Canada,2001,12500000,t,
salt,production,Canada,2002,12300000,t,
salt,production,Canada,2003,13300000,t,
salt,production,Canada,2004,14100000,t,
salt,production,Canada,2005,14500000,t,
salt,production,Canada,2006,15000000,t,
salt,production,Canada,2007,11800000,t,
salt,production,Canada,2008,14400000,t,
salt,production,Canada,2009,14400000,t,
salt,production,Canada,2010,10537000,t,
salt,production,Canada,2011,12600000,t,
salt,production,Canada,2012,10800000,t,
salt,production,Canada,2013,12200000,t,
salt,production,Canada,2014,13000000,t,
salt,production,Canada,2015,12500000,t,
salt,production,Canada,2016,14000000,t,
salt,production,Canada,2017,12000000,t,
salt,production,Canada,2018,12000000,t,
salt,production,Canada,2019,11000000,t,
salt,production,Canada,2020,10000000,t,
salt,production,Canada,2021,11800000,t,
salt,production,Canada,2022,11000000,t,
salt,production,Chile,2004,6000000,t,
salt,production,Chile,2005,4940000,t,
salt,production,Chile,2006,6000000,t,
salt,production,Chile,2007,4400000,t,
salt,production,Chile,2008,6430000,t,
salt,production,Chile,2009,6430000,t,
salt,production,Chile,2010,8400000,t,
salt,production,Chile,2011,9970000,t,
salt,production,Chile,2012,8060000,t,
salt,production,Chile,2013,6580000,t,
salt,production,Chile,2014,8500000,t,
salt,production,Chile,2015,11800000,t,
salt,production,Chile,2016,12000000,t,
salt,production,Chile,2017,8500000,t,
salt,production,Chile,2018,8000000,t,
salt,production,Chile,2019,10000000,t,
salt,production,Chile,2020,9570000,t,
salt,production,Chile,2021,8570000,t,
salt,production,Chile,2022,9000000,t,
salt,production,China,1994,29700000,t,
salt,production,China,1995,25000000,t,
salt,production,China,1996,28900000,t,
salt,production,China,1997,29300000,t,
salt,production,China,1998,30800000,t,
salt,production,China,1999,28100000,t,
salt,production,China,2000,31300000,t,
salt,production,China,2001,31000000,t,
salt,production,China,2002,32800000,t,
salt,production,China,2003,32400000,t,
salt,production,China,2004,37100000,t,
salt,production,China,2005,44547000,t,
salt,production,China,2006,54030000,t,
salt,production,China,2007,59800000,t,
salt,production,China,2008,59500000,t,
salt,production,China,2009,59500000,t,
salt,production,China,2010,62750000,t,
salt,production,China,2011,72000000,t,
salt,production,China,2012,70000000,t,
salt,production,China,2013,70000000,t,
salt,production,China,2014,68000000,t,
salt,production,China,2015,70000000,t,
salt,production,China,2016,67000000,t,
salt,production,China,2017,67000000,t,
salt,production,China,2018,58000000,t,
salt,production,China,2019,59000000,t,
salt,production,China,2020,63000000,t,
salt,production,China,2021,64000000,t,
salt,production,China,2022,64000000,t,
salt,production,Djibouti,2019,3800000,t,
salt,production,Djibouti,2020,3100000,t,
salt,production,Egypt,2004,2400000,t,
salt,production,Egypt,2005,2400000,t,
salt,production,Egypt,2006,2400000,t,
salt,production,Egypt,2007,2400000,t,
salt,production,France,1994,5440000,t,
salt,production,France,1995,7350000,t,
salt,production,France,1996,7660000,t,
salt,production,France,1997,7160000,t,
salt,production,France,1998,7000000,t,
salt,production,France,1999,7000000,t,
salt,production,France,2000,7000000,t,
salt,production,France,2001,7000000,t,
salt,production,France,2002,7000000,t,
salt,production,France,2003,7000000,t,
salt,production,France,2004,7000000,t,
salt,production,France,2005,7000000,t,
salt,production,France,2006,7000000,t,
salt,production,France,2007,6100000,t,
salt,production,France,2008,6100000,t,
salt,production,France,2009,6100000,t,
salt,production,France,2010,6100000,t,
salt,production,France,2011,6100000,t,
salt,production,France,2012,6100000,t,
salt,production,France,2013,6100000,t,
salt,production,France,2014,6000000,t,
salt,production,France,2015,6000000,t,
salt,production,France,2016,6000000,t,
salt,production,France,2017,4500000,t,
salt,production,France,2018,5700000,t,
salt,production,France,2019,5600000,t,
salt,production,France,2020,5400000,t,
salt,production,France,2021,5400000,t,
salt,production,France,2022,5500000,t,
salt,production,Germany,1994,12700000,t,
salt,production,Germany,1995,10800000,t,
salt,production,Germany,1996,10800000,t,
salt,production,Germany,1997,15700000,t,
salt,production,Germany,1998,15700000,t,
salt,production,Germany,1999,15700000,t,
salt,production,Germany,2000,15700000,t,
salt,production,Germany,2001,15700000,t,
salt,production,Germany,2002,15700000,t,
salt,production,Germany,2003,15700000,t,
salt,production,Germany,2004,16000000,t,
salt,production,Germany,2005,18672000,t,
salt,production,Germany,2006,17480000,t,
salt,production,Germany,2007,19800000,t,
salt,production,Germany,2008,16400000,t,
salt,production,Germany,2009,16400000,t,
salt,production,Germany,2010,19100000,t,
salt,production,Germany,2011,18800000,t,
salt,production,Germany,2012,11900000,t,
salt,production,Germany,2013,11900000,t,
salt,production,Germany,2014,12200000,t,
salt,production,Germany,2015,12500000,t,
salt,production,Germany,2016,12000000,t,
salt,production,Germany,2017,13000000,t,
salt,production,Germany,2018,14000000,t,
salt,production,Germany,2019,14300000,t,
salt,production,Germany,2020,15300000,t,
salt,production,Germany,2021,15000000,t,
salt,production,Germany,2022,15000000,t,
salt,production,India,1994,9500000,t,
salt,production,India,1995,9500000,t,
salt,production,India,1996,9500000,t,
salt,production,India,1997,9500000,t,
salt,production,India,1998,9500000,t,
salt,production,India,1999,14500000,t,
salt,production,India,2000,14500000,t,
salt,production,India,2001,14500000,t,
salt,production,India,2002,14500000,t,
salt,production,India,2003,15000000,t,
salt,production,India,2004,15000000,t,
salt,production,India,2005,15503000,t,
salt,production,India,2006,15500000,t,
salt,production,India,2007,16000000,t,
salt,production,India,2008,16000000,t,
salt,production,India,2009,16000000,t,
salt,production,India,2010,17000000,t,
salt,production,India,2011,17000000,t,
salt,production,India,2012,17000000,t,
salt,production,India,2013,16000000,t,
salt,production,India,2014,16000000,t,
salt,production,India,2015,17000000,t,
salt,production,India,2016,25000000,t,
salt,production,India,2017,28000000,t,
salt,production,India,2018,29000000,t,
salt,production,India,2019,29000000,t,
salt,production,India,2020,29000000,t,
salt,production,India,2021,45000000,t,
salt,production,India,2022,45000000,t,
salt,production,Iran,2004,2000000,t,
salt,production,Iran,2005,2000000,t,
salt,production,Iran,2006,2000000,t,
salt,production,Iran,2007,2000000,t,
salt,production,Iran,2019,3000000,t,
salt,production,Iran,2020,2600000,t,
salt,production,Iran,2021,2700000,t,
salt,production,Iran,2022,2700000,t,
salt,production,Italy,1994,3100000,t,
salt,production,Italy,1995,3400000,t,
salt,production,Italy,1996,3600000,t,
salt,production,Italy,1997,3600000,t,
salt,production,Italy,1998,3600000,t,
salt,production,Italy,1999,3600000,t,
salt,production,Italy,2000,3600000,t,
salt,production,Italy,2001,3600000,t,
salt,production,Italy,2002,3600000,t,
salt,production,Italy,2003,3600000,t,
salt,production,Italy,2004,3600000,t,
salt,production,Italy,2005,3600000,t,
salt,production,Italy,2006,3000000,t,
salt,production,Italy,2007,2200000,t,
salt,production,Italy,2018,4100000,t,
salt,production,Italy,2019,4200000,t,
salt,production,Italy,2020,1540000,t,
salt,production,Italy,2021,1900000,t,
salt,production,Italy,2022,2000000,t,
salt,production,Mexico,1994,7460000,t,
salt,production,Mexico,1995,7670000,t,
salt,production,Mexico,1996,8508000,t,
salt,production,Mexico,1997,7933000,t,
salt,production,Mexico,1998,8400000,t,
salt,production,Mexico,1999,8500000,t,
salt,production,Mexico,2000,8900000,t,
salt,production,Mexico,2001,8900000,t,
salt,production,Mexico,2002,8500000,t,
salt,production,Mexico,2003,8000000,t,
salt,production,Mexico,2004,8200000,t,
salt,production,Mexico,2005,9242000,t,
salt,production,Mexico,2006,8171000,t,
salt,production,Mexico,2007,8400000,t,
salt,production,Mexico,2008,8810000,t,
salt,production,Mexico,2009,8810000,t,
salt,production,Mexico,2010,8431000,t,
salt,production,Mexico,2011,8810000,t,
salt,production,Mexico,2012,10800000,t,
salt,production,Mexico,2013,10800000,t,
salt,production,Mexico,2014,10700000,t,
salt,production,Mexico,2015,10500000,t,
salt,production,Mexico,2016,8800000,t,
salt,production,Mexico,2017,9000000,t,
salt,production,Mexico,2018,9000000,t,
salt,production,Mexico,2019,9000000,t,
salt,production,Mexico,2020,9000000,t,
salt,production,Mexico,2021,9000000,t,
salt,production,Mexico,2022,9000000,t,
salt,production,Netherlands,2004,5000000,t,
salt,production,Netherlands,2005,5000000,t,
salt,production,Netherlands,2006,5000000,t,
salt,production,Netherlands,2007,5000000,t,
salt,production,Netherlands,2008,5000000,t,
salt,production,Netherlands,2009,5000000,t,
salt,production,Netherlands,2010,5000000,t,
salt,production,Netherlands,2011,5000000,t,
salt,production,Netherlands,2017,6940000,t,
salt,production,Netherlands,2018,7000000,t,
salt,production,Netherlands,2019,5910000,t,
salt,production,Netherlands,2020,6000000,t,
salt,production,Netherlands,2021,6120000,t,
salt,production,Netherlands,2022,6200000,t,
salt,production,Other countries,1994,28700000,t,
salt,production,Other countries,1995,38200000,t,
salt,production,Other countries,1996,35500000,t,
salt,production,Other countries,1997,40433000,t,
salt,production,Other countries,1998,23600000,t,
salt,production,Other countries,1999,39800000,t,
salt,production,Other countries,2000,41900000,t,
salt,production,Other countries,2001,53200000,t,
salt,production,Other countries,2002,41500000,t,
salt,production,Other countries,2003,39800000,t,
salt,production,Other countries,2004,7100000,t,
salt,production,Other countries,2005,22700000,t,
salt,production,Other countries,2006,24000000,t,
salt,production,Other countries,2007,28600000,t,
salt,production,Other countries,2008,39900000,t,
salt,production,Other countries,2009,63200000,t,
salt,production,Other countries,2010,36200000,t,
salt,production,Other countries,2011,39300000,t,
salt,production,Other countries,2012,43500000,t,
salt,production,Other countries,2013,42200000,t,
salt,production,Other countries,2014,41000000,t,
salt,production,Other countries,2015,42000000,t,
salt,production,Other countries,2016,45000000,t,
salt,production,Other countries,2017,47200000,t,
salt,production,Other countries,2018,43000000,t,
salt,production,Other countries,2019,33000000,t,
salt,production,Other countries,2020,30000000,t,
salt,production,Other countries,2021,31000000,t,
salt,production,Other countries,2022,32000000,t,
salt,production,Pakistan,2010,11000000,t,
salt,production,Pakistan,2017,3600000,t,
salt,production,Pakistan,2018,4400000,t,
salt,production,Pakistan,2019,3700000,t,
salt,production,Pakistan,2020,3750000,t,
salt,production,Pakistan,2021,3000000,t,
salt,production,Pakistan,2022,3300000,t,
salt,production,Poland,1994,3800000,t,
salt,production,Poland,1995,4000000,t,
salt,production,Poland,1996,4163000,t,
salt,production,Poland,1997,3968000,t,
salt,production,Poland,1998,3900000,t,
salt,production,Poland,1999,4000000,t,
salt,production,Poland,2000,4200000,t,
salt,production,Poland,2001,4200000,t,
salt,production,Poland,2002,4200000,t,
salt,production,Poland,2003,1500000,t,
salt,production,Poland,2004,1500000,t,
salt,production,Poland,2005,5000000,t,
salt,production,Poland,2006,5000000,t,
salt,production,Poland,2007,4400000,t,
salt,production,Poland,2008,4390000,t,
salt,production,Poland,2009,4390000,t,
salt,production,Poland,2010,3520000,t,
salt,production,Poland,2011,3740000,t,
salt,production,Poland,2012,3810000,t,
salt,production,Poland,2013,4430000,t,
salt,production,Poland,2014,4300000,t,
salt,production,Poland,2015,4200000,t,
salt,production,Poland,2016,3500000,t,
salt,production,Poland,2017,4450000,t,
salt,production,Poland,2018,4400000,t,
salt,production,Poland,2019,4480000,t,
salt,production,Poland,2020,3780000,t,
salt,production,Poland,2021,4000000,t,
salt,production,Poland,2022,4000000,t,
salt,production,Romania,2004,2450000,t,
salt,production,Romania,2005,2445000,t,
salt,production,Romania,2006,2445000,t,
salt,production,Romania,2007,2470000,t,
salt,production,Russia,1994,3000000,t,
salt,production,Russia,1995,2000000,t,
salt,production,Russia,1996,1600000,t,
salt,production,Russia,1997,1400000,t,
salt,production,Russia,1998,2000000,t,
salt,production,Russia,1999,2000000,t,
salt,production,Russia,2000,3200000,t,
salt,production,Russia,2001,2800000,t,
salt,production,Russia,2002,2800000,t,
salt,production,Russia,2003,2800000,t,
salt,production,Russia,2004,2800000,t,
salt,production,Russia,2005,2800000,t,
salt,production,Russia,2006,2800000,t,
salt,production,Russia,2007,2200000,t,
salt,production,Russia,2017,5800000,t,
salt,production,Russia,2018,7000000,t,
salt,production,Russia,2019,6700000,t,
salt,production,Russia,2020,8100000,t,
salt,production,Russia,2021,6500000,t,
salt,production,Russia,2022,6000000,t,
salt,production,Saudi Arabia,2020,2640000,t,
salt,production,Saudi Arabia,2021,2330000,t,
salt,production,Saudi Arabia,2022,2400000,t,
salt,production,Spain,1994,3400000,t,
salt,production,Spain,1995,3400000,t,
salt,production,Spain,1996,4000000,t,
salt,production,Spain,1997,4000000,t,
salt,production,Spain,1998,3500000,t,
salt,production,Spain,1999,3200000,t,
salt,production,Spain,2000,3200000,t,
salt,production,Spain,2001,3200000,t,
salt,production,Spain,2002,3200000,t,
salt,production,Spain,2003,3200000,t,
salt,production,Spain,2004,3200000,t,
salt,production,Spain,2005,3200000,t,
salt,production,Spain,2006,3850000,t,
salt,production,Spain,2007,4600000,t,
salt,production,Spain,2008,4550000,t,
salt,production,Spain,2009,4550000,t,
salt,production,Spain,2010,4350000,t,
salt,production,Spain,2011,4350000,t,
salt,production,Spain,2012,4390000,t,
salt,production,Spain,2013,4440000,t,
salt,production,Spain,2014,4380000,t,
salt,production,Spain,2015,4300000,t,
salt,production,Spain,2016,4300000,t,
salt,production,Spain,2017,4500000,t,
salt,production,Spain,2018,4200000,t,
salt,production,Spain,2019,4200000,t,
salt,production,Spain,2020,4200000,t,
salt,production,Spain,2021,4200000,t,
salt,production,Spain,2022,4200000,t,
salt,production,Turkey,2004,2250000,t,
salt,production,Turkey,2005,2200000,t,
salt,production,Turkey,2006,2200000,t,
salt,production,Turkey,2007,2700000,t,
salt,production,Turkey,2010,4000000,t,
salt,production,Turkey,2011,4000000,t,
salt,production,Turkey,2012,5000000,t,
salt,production,Turkey,2013,5300000,t,
salt,production,Turkey,2014,5400000,t,
salt,production,Turkey,2015,6000000,t,
salt,production,Turkey,2016,11000000,t,
salt,production,Turkey,2017,5500000,t,
salt,production,Turkey,2018,6500000,t,
salt,production,Turkey,2019,6500000,t,
salt,production,Turkey,2020,6900000,t,
salt,production,Turkey,2021,6900000,t,
salt,production,Turkey,2022,6900000,t,
salt,production,Ukraine,1994,3500000,t,
salt,production,Ukraine,1995,3000000,t,
salt,production,Ukraine,1996,2800000,t,
salt,production,Ukraine,1997,2500000,t,
salt,production,Ukraine,1998,2500000,t,
salt,production,Ukraine,1999,2500000,t,
salt,production,Ukraine,2000,2390000,t,
salt,production,Ukraine,2001,2300000,t,
salt,production,Ukraine,2002,2300000,t,
salt,production,Ukraine,2003,2300000,t,
salt,production,Ukraine,2004,2300000,t,
salt,production,Ukraine,2005,2300000,t,
salt,production,Ukraine,2006,3500000,t,
salt,production,Ukraine,2007,5500000,t,
salt,production,Ukraine,2008,5500000,t,
salt,production,Ukraine,2009,5500000,t,
salt,production,Ukraine,2010,5400000,t,
salt,production,Ukraine,2011,4900000,t,
salt,production,Ukraine,2012,5900000,t,
salt,production,Ukraine,2013,6200000,t,
salt,production,Ukraine,2014,6100000,t,
salt,production,Ukraine,2015,6100000,t,
salt,production,Ukraine,2020,2000000,t,
salt,production,Ukraine,2021,1800000,t,
salt,production,Ukraine,2022,1000000,t,
salt,production,United Kingdom,1994,5700000,t,
salt,production,United Kingdom,1995,7100000,t,
salt,production,United Kingdom,1996,6700000,t,
salt,production,United Kingdom,1997,6600000,t,
salt,production,United Kingdom,1998,6600000,t,
salt,production,United Kingdom,1999,5800000,t,
salt,production,United Kingdom,2000,5800000,t,
salt,production,United Kingdom,2001,5800000,t,
salt,production,United Kingdom,2002,5800000,t,
salt,production,United Kingdom,2003,5800000,t,
salt,production,United Kingdom,2004,5800000,t,
salt,production,United Kingdom,2005,5800000,t,
salt,production,United Kingdom,2006,8000000,t,
salt,production,United Kingdom,2007,5800000,t,
salt,production,United Kingdom,2008,5800000,t,
salt,production,United Kingdom,2009,5800000,t,
salt,production,United Kingdom,2010,5800000,t,
salt,production,United Kingdom,2011,5800000,t,
salt,production,United Kingdom,2012,6700000,t,
salt,production,United Kingdom,2013,6700000,t,
salt,production,United Kingdom,2014,6700000,t,
salt,production,United Kingdom,2015,5000000,t,
salt,production,United Kingdom,2016,5000000,t,
salt,production,United Kingdom,2017,5100000,t,
salt,production,United Kingdom,2018,4100000,t,
salt,production,United Kingdom,2019,4100000,t,
salt,production,United Kingdom,2020,4700000,t,
salt,production,United Kingdom,2021,2400000,t,
salt,production,United Kingdom,2022,2800000,t,
salt,production,United States,1994,39500000,t,
salt,production,United States,1995,42100000,t,
salt,production,United States,1996,42200000,t,
salt,production,United States,1997,41400000,t,
salt,production,United States,1998,41200000,t,
salt,production,United States,1999,44900000,t,
salt,production,United States,2000,45600000,t,
salt,production,United States,2001,44800000,t,
salt,production,United States,2002,40300000,t,
salt,production,United States,2003,43700000,t,
salt,production,United States,2004,46500000,t,
salt,production,United States,2005,45100000,t,
salt,production,United States,2006,44300000,t,
salt,production,United States,2007,44500000,t,
salt,production,United States,2008,47300000,t,
salt,production,United States,2009,46000000,t,
salt,production,United States,2010,43300000,t,
salt,production,United States,2011,45000000,t,
salt,production,United States,2012,37200000,t,
salt,production,United States,2013,40300000,t,
salt,production,United States,2014,45300000,t,
salt,production,United States,2015,45000000,t,
salt,production,United States,2016,42000000,t,
salt,production,United States,2017,40000000,t,
salt,production,United States,2018,41000000,t,
salt,production,United States,2019,42000000,t,
salt,production,United States,2020,41000000,t,
salt,production,United States,2021,42000000,t,
salt,production,United States,2022,42000000,t,
salt,production,World,1994,180000000,t,
salt,production,World,1995,189000000,t,
salt,production,World,1996,192000000,t,
salt,production,World,1997,201000000,t,
salt,production,World,1998,186000000,t,
salt,production,World,1999,209000000,t,
salt,production,World,2000,214000000,t,
salt,production,World,2001,225000000,t,
salt,production,World,2002,210000000,t,
salt,production,World,2003,210000000,t,
salt,production,World,2004,208000000,t,
salt,production,World,2005,238000000,t,
salt,production,World,2006,251000000,t,
salt,production,World,2007,257000000,t,
salt,production,World,2008,258000000,t,
salt,production,World,2009,280000000,t,
salt,production,World,2010,280000000,t,
salt,production,World,2011,286000000,t,
salt,production,World,2012,259000000,t,
salt,production,World,2013,262000000,t,
salt,production,World,2014,266000000,t,
salt,production,World,2015,271000000,t,
salt,production,World,2016,270000000,t,
salt,production,World,2017,288000000,t,
salt,production,World,2018,286000000,t,
salt,production,World,2019,283000000,t,
salt,production,World,2020,280000000,t,
salt,production,World,2021,294000000,t,
salt,production,World,2022,290000000,t,
selenium,refinery,Belgium,1994,250,t,
selenium,refinery,Belgium,1995,250,t,
selenium,refinery,Belgium,1996,250,t,
selenium,refinery,Belgium,1997,250,t,
selenium,refinery,Belgium,1998,200,t,
selenium,refinery,Belgium,1999,200,t,
selenium,refinery,Belgium,2000,150,t,
selenium,refinery,Belgium,2001,200,t,
selenium,refinery,Belgium,2002,200,t,
selenium,refinery,Belgium,2003,200,t,
selenium,refinery,Belgium,2004,200,t,
selenium,refinery,Belgium,2005,200,t,
selenium,refinery,Belgium,2006,200,t,
selenium,refinery,Belgium,2007,200,t,
selenium,refinery,Belgium,2008,200,t,
selenium,refinery,Belgium,2009,200,t,
selenium,refinery,Belgium,2010,200,t,
selenium,refinery,Belgium,2011,200,t,
selenium,refinery,Belgium,2012,200,t,
selenium,refinery,Belgium,2013,200,t,
selenium,refinery,Belgium,2014,200,t,
selenium,refinery,Belgium,2015,200,t,
selenium,refinery,Belgium,2016,200,t,
selenium,refinery,Belgium,2017,200,t,
selenium,refinery,Belgium,2018,200,t,
selenium,refinery,Belgium,2019,200,t,
selenium,refinery,Belgium,2020,200,t,
selenium,refinery,Belgium,2021,200,t,
selenium,refinery,Belgium,2022,200,t,
selenium,refinery,Canada,1994,300,t,
selenium,refinery,Canada,1995,553,t,
selenium,refinery,Canada,1996,561,t,
selenium,refinery,Canada,1997,509,t,
selenium,refinery,Canada,1998,384,t,
selenium,refinery,Canada,1999,438,t,
selenium,refinery,Canada,2000,350,t,
selenium,refinery,Canada,2001,350,t,
selenium,refinery,Canada,2002,226,t,
selenium,refinery,Canada,2003,230,t,
selenium,refinery,Canada,2004,250,t,
selenium,refinery,Canada,2005,300,t,
selenium,refinery,Canada,2006,300,t,
selenium,refinery,Canada,2007,120,t,
selenium,refinery,Canada,2008,156,t,
selenium,refinery,Canada,2009,173,t,
selenium,refinery,Canada,2010,79,t,
selenium,refinery,Canada,2011,35,t,
selenium,refinery,Canada,2012,144,t,
selenium,refinery,Canada,2013,159,t,
selenium,refinery,Canada,2014,159,t,
selenium,refinery,Canada,2015,154,t,
selenium,refinery,Canada,2016,176,t,
selenium,refinery,Canada,2017,49,t,
selenium,refinery,Canada,2018,61,t,
selenium,refinery,Canada,2019,57,t,
selenium,refinery,Canada,2020,60,t,
selenium,refinery,Canada,2021,57,t,
selenium,refinery,Canada,2022,65,t,
selenium,refinery,Chile,1994,45,t,
selenium,refinery,Chile,1995,46,t,
selenium,refinery,Chile,1996,46,t,
selenium,refinery,Chile,1997,50,t,
selenium,refinery,Chile,1998,49,t,
selenium,refinery,Chile,1999,49,t,
selenium,refinery,Chile,2000,49,t,
selenium,refinery,Chile,2001,45,t,
selenium,refinery,Chile,2002,40,t,
selenium,refinery,Chile,2003,40,t,
selenium,refinery,Chile,2004,40,t,
selenium,refinery,Chile,2005,82,t,
selenium,refinery,Chile,2006,84,t,
selenium,refinery,Chile,2007,75,t,
selenium,refinery,Chile,2008,78,t,
selenium,refinery,Chile,2009,70,t,
selenium,refinery,Chile,2010,90,t,
selenium,refinery,Chile,2011,90,t,
selenium,refinery,Chile,2012,70,t,
selenium,refinery,Chile,2013,75,t,
selenium,refinery,Chile,2014,41,t,
selenium,refinery,China,2016,920,t,
selenium,refinery,China,2017,930,t,
selenium,refinery,China,2018,930,t,
selenium,refinery,China,2019,1100,t,
selenium,refinery,China,2020,1200,t,
selenium,refinery,China,2021,1260,t,
selenium,refinery,China,2022,1300,t,
selenium,refinery,Finland,1994,31,t,
selenium,refinery,Finland,1995,30,t,
selenium,refinery,Finland,1996,30,t,
selenium,refinery,Finland,1997,28,t,
selenium,refinery,Finland,1998,26,t,
selenium,refinery,Finland,1999,26,t,
selenium,refinery,Finland,2000,26,t,
selenium,refinery,Finland,2001,25,t,
selenium,refinery,Finland,2002,39,t,
selenium,refinery,Finland,2003,40,t,
selenium,refinery,Finland,2004,40,t,
selenium,refinery,Finland,2005,62,t,
selenium,refinery,Finland,2006,62,t,
selenium,refinery,Finland,2007,60,t,
selenium,refinery,Finland,2008,60,t,
selenium,refinery,Finland,2009,65,t,
selenium,refinery,Finland,2010,60,t,
selenium,refinery,Finland,2011,60,t,
selenium,refinery,Finland,2012,93,t,
selenium,refinery,Finland,2013,100,t,
selenium,refinery,Finland,2014,94,t,
selenium,refinery,Finland,2015,94,t,
selenium,refinery,Finland,2016,96,t,
selenium,refinery,Finland,2017,105,t,
selenium,refinery,Finland,2018,100,t,
selenium,refinery,Finland,2019,115,t,
selenium,refinery,Finland,2020,84,t,
selenium,refinery,Finland,2021,80,t,
selenium,refinery,Finland,2022,65,t,
selenium,refinery,Germany,1994,120,t,
selenium,refinery,Germany,1995,115,t,
selenium,refinery,Germany,1996,120,t,
selenium,refinery,Germany,1997,115,t,
selenium,refinery,Germany,1998,100,t,
selenium,refinery,Germany,1999,100,t,
selenium,refinery,Germany,2000,100,t,
selenium,refinery,Germany,2001,100,t,
selenium,refinery,Germany,2002,100,t,
selenium,refinery,Germany,2003,100,t,
selenium,refinery,Germany,2004,100,t,
selenium,refinery,Germany,2005,14,t,
selenium,refinery,Germany,2006,12,t,
selenium,refinery,Germany,2009,700,t,
selenium,refinery,Germany,2010,650,t,
selenium,refinery,Germany,2011,650,t,
selenium,refinery,Germany,2012,650,t,
selenium,refinery,Germany,2013,700,t,
selenium,refinery,Germany,2014,700,t,
selenium,refinery,Germany,2015,660,t,
selenium,refinery,Germany,2016,700,t,
selenium,refinery,Germany,2017,300,t,
selenium,refinery,Germany,2018,300,t,
selenium,refinery,Germany,2019,300,t,
selenium,refinery,Germany,2020,300,t,
selenium,refinery,Germany,2021,300,t,
selenium,refinery,Germany,2022,300,t,
selenium,refinery,India,2002,12,t,
selenium,refinery,India,2003,12,t,
selenium,refinery,India,2004,12,t,
selenium,refinery,India,2005,13,t,
selenium,refinery,India,2006,13,t,
selenium,refinery,India,2007,14,t,
selenium,refinery,India,2008,14,t,
selenium,refinery,India,2020,14,t,
selenium,refinery,India,2021,14,t,
selenium,refinery,India,2022,15,t,
selenium,refinery,Japan,1994,595,t,
selenium,refinery,Japan,1995,551,t,
selenium,refinery,Japan,1996,610,t,
selenium,refinery,Japan,1997,540,t,
selenium,refinery,Japan,1998,551,t,
selenium,refinery,Japan,1999,548,t,
selenium,refinery,Japan,2000,612,t,
selenium,refinery,Japan,2001,739,t,
selenium,refinery,Japan,2002,740,t,
selenium,refinery,Japan,2003,715,t,
selenium,refinery,Japan,2004,600,t,
selenium,refinery,Japan,2005,635,t,
selenium,refinery,Japan,2006,735,t,
selenium,refinery,Japan,2007,806,t,
selenium,refinery,Japan,2008,754,t,
selenium,refinery,Japan,2009,780,t,
selenium,refinery,Japan,2010,753,t,
selenium,refinery,Japan,2011,630,t,
selenium,refinery,Japan,2012,755,t,
selenium,refinery,Japan,2013,760,t,
selenium,refinery,Japan,2014,782,t,
selenium,refinery,Japan,2015,773,t,
selenium,refinery,Japan,2016,752,t,
selenium,refinery,Japan,2017,729,t,
selenium,refinery,Japan,2018,768,t,
selenium,refinery,Japan,2019,740,t,
selenium,refinery,Japan,2020,740,t,
selenium,refinery,Japan,2021,720,t,
selenium,refinery,Japan,2022,730,t,
selenium,refinery,Montenegro,1994,40,t,
selenium,refinery,Montenegro,1995,30,t,
selenium,refinery,Montenegro,1996,30,t,
selenium,refinery,Montenegro,1997,30,t,
selenium,refinery,Montenegro,1998,30,t,
selenium,refinery,Montenegro,1999,10,t,
selenium,refinery,Montenegro,2002,20,t,
selenium,refinery,Montenegro,2003,20,t,
selenium,refinery,Montenegro,2004,10,t,
selenium,refinery,Other countries,1994,15,t,
selenium,refinery,Other countries,1995,17,t,
selenium,refinery,Other countries,1996,13,t,
selenium,refinery,Other countries,1997,13,t,
selenium,refinery,Other countries,1998,13,t,
selenium,refinery,Other countries,1999,12,t,
selenium,refinery,Other countries,2000,10,t,
selenium,refinery,Other countries,2001,9,t,
selenium,refinery,Other countries,2002,60,t,
selenium,refinery,Other countries,2007,123,t,
selenium,refinery,Other countries,2008,9,t,
selenium,refinery,Other countries,2009,43,t,
selenium,refinery,Other countries,2010,38,t,
selenium,refinery,Other countries,2011,46,t,
selenium,refinery,Other countries,2012,50,t,
selenium,refinery,Other countries,2013,450,t,
selenium,refinery,Other countries,2014,450,t,
selenium,refinery,Other countries,2015,50,t,
selenium,refinery,Other countries,2016,47,t,
selenium,refinery,Other countries,2017,47,t,
selenium,refinery,Other countries,2018,44,t,
selenium,refinery,Other countries,2019,45,t,
selenium,refinery,Other countries,2020,14,t,
selenium,refinery,Other countries,2021,21,t,
selenium,refinery,Other countries,2022,25,t,
selenium,refinery,Peru,1994,14,t,
selenium,refinery,Peru,1995,14,t,
selenium,refinery,Peru,1996,21,t,
selenium,refinery,Peru,1997,21,t,
selenium,refinery,Peru,1998,21,t,
selenium,refinery,Peru,1999,21,t,
selenium,refinery,Peru,2000,23,t,
selenium,refinery,Peru,2001,23,t,
selenium,refinery,Peru,2002,16,t,
selenium,refinery,Peru,2003,16,t,
selenium,refinery,Peru,2004,21,t,
selenium,refinery,Peru,2005,21,t,
selenium,refinery,Peru,2006,50,t,
selenium,refinery,Peru,2007,75,t,
selenium,refinery,Peru,2008,45,t,
selenium,refinery,Peru,2009,45,t,
selenium,refinery,Peru,2010,45,t,
selenium,refinery,Peru,2011,59,t,
selenium,refinery,Peru,2012,50,t,
selenium,refinery,Peru,2013,50,t,
selenium,refinery,Peru,2014,49,t,
selenium,refinery,Peru,2015,40,t,
selenium,refinery,Peru,2016,45,t,
selenium,refinery,Peru,2017,45,t,
selenium,refinery,Peru,2018,45,t,
selenium,refinery,Peru,2019,40,t,
selenium,refinery,Peru,2020,35,t,
selenium,refinery,Peru,2021,36,t,
selenium,refinery,Peru,2022,40,t,
selenium,refinery,Philippines,1994,40,t,
selenium,refinery,Philippines,1995,40,t,
selenium,refinery,Philippines,1996,40,t,
selenium,refinery,Philippines,1997,40,t,
selenium,refinery,Philippines,1998,40,t,
selenium,refinery,Philippines,1999,40,t,
selenium,refinery,Philippines,2000,40,t,
selenium,refinery,Philippines,2001,40,t,
selenium,refinery,Philippines,2002,40,t,
selenium,refinery,Philippines,2003,40,t,
selenium,refinery,Philippines,2004,40,t,
selenium,refinery,Philippines,2005,40,t,
selenium,refinery,Philippines,2006,65,t,
selenium,refinery,Philippines,2007,65,t,
selenium,refinery,Philippines,2008,65,t,
selenium,refinery,Philippines,2009,65,t,
selenium,refinery,Philippines,2010,65,t,
selenium,refinery,Philippines,2011,65,t,
selenium,refinery,Poland,2012,80,t,
selenium,refinery,Poland,2013,90,t,
selenium,refinery,Poland,2014,90,t,
selenium,refinery,Poland,2015,90,t,
selenium,refinery,Poland,2016,87,t,
selenium,refinery,Poland,2017,88,t,
selenium,refinery,Poland,2018,76,t,
selenium,refinery,Poland,2019,64,t,
selenium,refinery,Poland,2020,74,t,
selenium,refinery,Poland,2021,74,t,
selenium,refinery,Poland,2022,75,t,
selenium,refinery,Russia,2008,110,t,
selenium,refinery,Russia,2009,140,t,
selenium,refinery,Russia,2010,140,t,
selenium,refinery,Russia,2011,145,t,
selenium,refinery,Russia,2012,145,t,
selenium,refinery,Russia,2013,150,t,
selenium,refinery,Russia,2014,145,t,
selenium,refinery,Russia,2015,135,t,
selenium,refinery,Russia,2016,145,t,
selenium,refinery,Russia,2017,150,t,
selenium,refinery,Russia,2018,150,t,
selenium,refinery,Russia,2019,150,t,
selenium,refinery,Russia,2020,340,t,
selenium,refinery,Russia,2021,300,t,
selenium,refinery,Russia,2022,350,t,
selenium,refinery,Sweden,1994,50,t,
selenium,refinery,Sweden,1995,30,t,
selenium,refinery,Sweden,1996,30,t,
selenium,refinery,Sweden,1997,20,t,
selenium,refinery,Sweden,1998,20,t,
selenium,refinery,Sweden,1999,20,t,
selenium,refinery,Sweden,2000,20,t,
selenium,refinery,Sweden,2001,20,t,
selenium,refinery,Sweden,2002,20,t,
selenium,refinery,Sweden,2003,20,t,
selenium,refinery,Sweden,2004,20,t,
selenium,refinery,Sweden,2005,20,t,
selenium,refinery,Sweden,2006,20,t,
selenium,refinery,Sweden,2007,20,t,
selenium,refinery,Sweden,2008,20,t,
selenium,refinery,Sweden,2016,100,t,
selenium,refinery,Sweden,2017,20,t,
selenium,refinery,Sweden,2018,90,t,
selenium,refinery,Sweden,2019,19,t,
selenium,refinery,Sweden,2020,10,t,
selenium,refinery,Sweden,2021,5,t,
selenium,refinery,Sweden,2022,5,t,
selenium,refinery,Turkey,2017,50,t,
selenium,refinery,Turkey,2018,50,t,
selenium,refinery,Turkey,2019,50,t,
selenium,refinery,Turkey,2020,50,t,
selenium,refinery,Turkey,2021,50,t,
selenium,refinery,Turkey,2022,50,t,
selenium,refinery,United States,1994,360,t,
selenium,refinery,United States,1995,373,t,
selenium,refinery,United States,1996,379,t,
selenium,refinery,World,1994,1880,t,
selenium,refinery,World,1995,2070,t,
selenium,refinery,World,1996,2150,t,
selenium,refinery,World,1997,1640,t,
selenium,refinery,World,1998,1450,t,
selenium,refinery,World,1999,1480,t,
selenium,refinery,World,2000,1410,t,
selenium,refinery,World,2001,1580,t,
selenium,refinery,World,2002,1510,t,
selenium,refinery,World,2003,1430,t,
selenium,refinery,World,2004,1330,t,
selenium,refinery,World,2005,1390,t,
selenium,refinery,World,2006,1540,t,
selenium,refinery,World,2007,1560,t,
selenium,refinery,World,2008,1510,t,
selenium,refinery,World,2009,2280,t,
selenium,refinery,World,2010,2120,t,
selenium,refinery,World,2011,1980,t,
selenium,refinery,World,2012,2330,t,
selenium,refinery,World,2013,2265,t,
selenium,refinery,World,2014,2340,t,
selenium,refinery,World,2015,2200,t,
selenium,refinery,World,2016,3270,t,
selenium,refinery,World,2017,2710,t,
selenium,refinery,World,2018,2810,t,
selenium,refinery,World,2019,2880,t,
selenium,refinery,World,2020,3120,t,
selenium,refinery,World,2021,3100,t,
selenium,refinery,World,2022,3200,t,
selenium,refinery,Zambia,1994,25,t,
selenium,refinery,Zambia,1995,25,t,
selenium,refinery,Zambia,1996,20,t,
selenium,refinery,Zambia,1997,20,t,
selenium,refinery,Zambia,1998,15,t,
selenium,refinery,Zambia,1999,13,t,
selenium,refinery,Zambia,2000,10,t,
selenium,refinery,Zambia,2001,9,t,
silicon,production,Australia,1995,30000,t,
silicon,production,Australia,1996,29000,t,
silicon,production,Australia,1997,29000,t,
silicon,production,Australia,1998,29000,t,
silicon,production,Australia,1999,29000,t,
silicon,production,Australia,2020,42000,t,
silicon,production,Australia,2021,50000,t,
silicon,production,Australia,2022,50000,t,
silicon,production,Bhutan,2011,61000,t,
silicon,production,Bhutan,2012,61000,t,
silicon,production,Bhutan,2013,54000,t,
silicon,production,Bhutan,2014,72000,t,
silicon,production,Bhutan,2015,78000,t,
silicon,production,Bhutan,2016,69000,t,
silicon,production,Bhutan,2017,55000,t,
silicon,production,Bhutan,2018,90000,t,
silicon,production,Bhutan,2019,90000,t,
silicon,production,Bhutan,2020,67000,t,
silicon,production,Bhutan,2021,85000,t,
silicon,production,Bhutan,2022,85000,t,
silicon,production,Brazil,1995,270000,t,
silicon,production,Brazil,1996,318000,t,
silicon,production,Brazil,1997,271000,t,
silicon,production,Brazil,1998,254000,t,
silicon,production,Brazil,1999,205000,t,
silicon,production,Brazil,2000,292000,t,
silicon,production,Brazil,2001,213000,t,
silicon,production,Brazil,2002,217000,t,
silicon,production,Brazil,2003,214000,t,
silicon,production,Brazil,2004,225000,t,
silicon,production,Brazil,2005,226000,t,
silicon,production,Brazil,2006,226000,t,
silicon,production,Brazil,2007,265000,t,
silicon,production,Brazil,2008,259000,t,
silicon,production,Brazil,2009,224000,t,
silicon,production,Brazil,2010,224000,t,
silicon,production,Brazil,2011,225000,t,
silicon,production,Brazil,2012,225000,t,
silicon,production,Brazil,2013,230000,t,
silicon,production,Brazil,2014,154000,t,
silicon,production,Brazil,2015,117000,t,
silicon,production,Brazil,2016,110000,t,
silicon,production,Brazil,2017,170000,t,
silicon,production,Brazil,2018,220000,t,
silicon,production,Brazil,2019,340000,t,
silicon,production,Brazil,2020,404000,t,
silicon,production,Brazil,2021,389000,t,
silicon,production,Brazil,2022,400000,t,
silicon,production,Canada,1995,60000,t,
silicon,production,Canada,1996,58000,t,
silicon,production,Canada,1997,58000,t,
silicon,production,Canada,1998,58000,t,
silicon,production,Canada,1999,66000,t,
silicon,production,Canada,2000,66000,t,
silicon,production,Canada,2001,66000,t,
silicon,production,Canada,2002,66000,t,
silicon,production,Canada,2003,66000,t,
silicon,production,Canada,2004,66000,t,
silicon,production,Canada,2005,66000,t,
silicon,production,Canada,2006,66000,t,
silicon,production,Canada,2007,66000,t,
silicon,production,Canada,2008,72000,t,
silicon,production,Canada,2009,53000,t,
silicon,production,Canada,2010,52000,t,
silicon,production,Canada,2011,50000,t,
silicon,production,Canada,2012,55000,t,
silicon,production,Canada,2013,60000,t,
silicon,production,Canada,2014,52000,t,
silicon,production,Canada,2015,54000,t,
silicon,production,Canada,2016,51000,t,
silicon,production,Canada,2017,54000,t,
silicon,production,Canada,2018,57000,t,
silicon,production,Canada,2019,57000,t,
silicon,production,Canada,2020,47000,t,
silicon,production,Canada,2021,49000,t,
silicon,production,Canada,2022,49000,t,
silicon,production,China,1995,715000,t,
silicon,production,China,1996,780000,t,
silicon,production,China,1997,826000,t,
silicon,production,China,1998,715000,t,
silicon,production,China,1999,910000,t,
silicon,production,China,2000,910000,t,
silicon,production,China,2001,1073000,t,
silicon,production,China,2002,1270000,t,
silicon,production,China,2003,1970000,t,
silicon,production,China,2004,2490000,t,
silicon,production,China,2005,2360000,t,
silicon,production,China,2006,2900000,t,
silicon,production,China,2007,3300000,t,
silicon,production,China,2008,4000000,t,
silicon,production,China,2009,4310000,t,
silicon,production,China,2010,4920000,t,
silicon,production,China,2011,4780000,t,
silicon,production,China,2012,5050000,t,
silicon,production,China,2013,5200000,t,
silicon,production,China,2014,5500000,t,
silicon,production,China,2015,5000000,t,
silicon,production,China,2016,5000000,t,
silicon,production,China,2017,4000000,t,
silicon,production,China,2018,4800000,t,
silicon,production,China,2019,5700000,t,
silicon,production,China,2020,5600000,t,
silicon,production,China,2021,6400000,t,
silicon,production,China,2022,6000000,t,
silicon,production,Egypt,1995,30000,t,
silicon,production,Egypt,1996,29000,t,
silicon,production,Egypt,1997,26000,t,
silicon,production,Egypt,1998,26000,t,
silicon,production,Egypt,1999,29000,t,
silicon,production,France,1995,130000,t,
silicon,production,France,1996,140000,t,
silicon,production,France,1997,157000,t,
silicon,production,France,1998,145000,t,
silicon,production,France,1999,145000,t,
silicon,production,France,2000,145000,t,
silicon,production,France,2001,139000,t,
silicon,production,France,2002,140000,t,
silicon,production,France,2003,139000,t,
silicon,production,France,2004,139000,t,
silicon,production,France,2005,139000,t,
silicon,production,France,2006,124000,t,
silicon,production,France,2007,164000,t,
silicon,production,France,2008,112000,t,
silicon,production,France,2009,66000,t,
silicon,production,France,2010,127000,t,
silicon,production,France,2011,164000,t,
silicon,production,France,2012,174000,t,
silicon,production,France,2013,130000,t,
silicon,production,France,2014,130000,t,
silicon,production,France,2015,121000,t,
silicon,production,France,2016,120000,t,
silicon,production,France,2017,126000,t,
silicon,production,France,2018,140000,t,
silicon,production,France,2019,130000,t,
silicon,production,France,2020,112000,t,
silicon,production,France,2021,127000,t,
silicon,production,France,2022,120000,t,
silicon,production,Germany,1995,15000,t,
silicon,production,Germany,1999,20000,t,
silicon,production,Germany,2021,63000,t,
silicon,production,Germany,2022,63000,t,
silicon,production,Iceland,1995,45000,t,
silicon,production,Iceland,1996,47000,t,
silicon,production,Iceland,1997,46000,t,
silicon,production,Iceland,1998,40000,t,
silicon,production,Iceland,1999,49000,t,
silicon,production,Iceland,2000,46000,t,
silicon,production,Iceland,2001,46000,t,
silicon,production,Iceland,2002,73000,t,
silicon,production,Iceland,2003,75000,t,
silicon,production,Iceland,2004,78000,t,
silicon,production,Iceland,2005,78000,t,
silicon,production,Iceland,2006,74000,t,
silicon,production,Iceland,2007,74000,t,
silicon,production,Iceland,2008,73000,t,
silicon,production,Iceland,2009,81000,t,
silicon,production,Iceland,2010,74000,t,
silicon,production,Iceland,2011,78000,t,
silicon,production,Iceland,2012,75000,t,
silicon,production,Iceland,2013,75000,t,
silicon,production,Iceland,2014,75000,t,
silicon,production,Iceland,2015,75000,t,
silicon,production,Iceland,2016,79000,t,
silicon,production,Iceland,2017,76000,t,
silicon,production,Iceland,2018,83000,t,
silicon,production,Iceland,2019,88000,t,
silicon,production,Iceland,2020,103000,t,
silicon,production,Iceland,2021,111000,t,
silicon,production,Iceland,2022,110000,t,
silicon,production,India,1995,55000,t,
silicon,production,India,1996,55000,t,
silicon,production,India,1997,58000,t,
silicon,production,India,1998,58000,t,
silicon,production,India,1999,36000,t,
silicon,production,India,2000,39000,t,
silicon,production,India,2001,33000,t,
silicon,production,India,2002,34000,t,
silicon,production,India,2003,35000,t,
silicon,production,India,2004,36000,t,
silicon,production,India,2005,36000,t,
silicon,production,India,2006,38000,t,
silicon,production,India,2007,39000,t,
silicon,production,India,2008,40000,t,
silicon,production,India,2009,59000,t,
silicon,production,India,2010,66000,t,
silicon,production,India,2011,68000,t,
silicon,production,India,2012,70000,t,
silicon,production,India,2013,86000,t,
silicon,production,India,2014,86000,t,
silicon,production,India,2015,60000,t,
silicon,production,India,2016,59000,t,
silicon,production,India,2017,59000,t,
silicon,production,India,2018,57000,t,
silicon,production,India,2019,60000,t,
silicon,production,India,2020,59000,t,
silicon,production,India,2021,59000,t,
silicon,production,India,2022,59000,t,
silicon,production,Kazakhstan,1995,230000,t,
silicon,production,Kazakhstan,1996,77000,t,
silicon,production,Kazakhstan,1997,65000,t,
silicon,production,Kazakhstan,1998,60000,t,
silicon,production,Kazakhstan,1999,78000,t,
silicon,production,Kazakhstan,2000,78000,t,
silicon,production,Kazakhstan,2001,95000,t,
silicon,production,Kazakhstan,2002,83000,t,
silicon,production,Kazakhstan,2003,83000,t,
silicon,production,Kazakhstan,2004,67000,t,
silicon,production,Kazakhstan,2005,68000,t,
silicon,production,Kazakhstan,2006,68000,t,
silicon,production,Kazakhstan,2007,68000,t,
silicon,production,Kazakhstan,2020,67000,t,
silicon,production,Kazakhstan,2021,122000,t,
silicon,production,Kazakhstan,2022,120000,t,
silicon,production,Macedonia,1997,37000,t,
silicon,production,Macedonia,1998,37000,t,
silicon,production,Macedonia,1999,33000,t,
silicon,production,Macedonia,2007,39000,t,
silicon,production,Malaysia,2015,68000,t,
silicon,production,Malaysia,2016,82000,t,
silicon,production,Malaysia,2017,113000,t,
silicon,production,Malaysia,2018,140000,t,
silicon,production,Malaysia,2019,150000,t,
silicon,production,Malaysia,2020,109000,t,
silicon,production,Malaysia,2021,85000,t,
silicon,production,Malaysia,2022,92000,t,
silicon,production,Norway,1995,375000,t,
silicon,production,Norway,1996,408000,t,
silicon,production,Norway,1997,413000,t,
silicon,production,Norway,1998,413000,t,
silicon,production,Norway,1999,404000,t,
silicon,production,Norway,2000,397000,t,
silicon,production,Norway,2001,391000,t,
silicon,production,Norway,2002,390000,t,
silicon,production,Norway,2003,326000,t,
silicon,production,Norway,2004,298000,t,
silicon,production,Norway,2005,278000,t,
silicon,production,Norway,2006,150000,t,
silicon,production,Norway,2007,221000,t,
silicon,production,Norway,2008,235000,t,
silicon,production,Norway,2009,301000,t,
silicon,production,Norway,2010,303000,t,
silicon,production,Norway,2011,297000,t,
silicon,production,Norway,2012,339000,t,
silicon,production,Norway,2013,362000,t,
silicon,production,Norway,2014,332000,t,
silicon,production,Norway,2015,375000,t,
silicon,production,Norway,2016,380000,t,
silicon,production,Norway,2017,375000,t,
silicon,production,Norway,2018,370000,t,
silicon,production,Norway,2019,375000,t,
silicon,production,Norway,2020,345000,t,
silicon,production,Norway,2021,362000,t,
silicon,production,Norway,2022,360000,t,
silicon,production,Other countries,1995,90000,t,
silicon,production,Other countries,1996,130000,t,
silicon,production,Other countries,1997,124000,t,
silicon,production,Other countries,1998,112000,t,
silicon,production,Other countries,1999,103000,t,
silicon,production,Other countries,2000,211000,t,
silicon,production,Other countries,2001,208000,t,
silicon,production,Other countries,2002,214000,t,
silicon,production,Other countries,2003,210000,t,
silicon,production,Other countries,2004,255000,t,
silicon,production,Other countries,2005,289000,t,
silicon,production,Other countries,2006,297000,t,
silicon,production,Other countries,2007,180000,t,
silicon,production,Other countries,2008,288000,t,
silicon,production,Other countries,2009,266000,t,
silicon,production,Other countries,2010,394000,t,
silicon,production,Other countries,2011,383000,t,
silicon,production,Other countries,2012,349000,t,
silicon,production,Other countries,2013,359000,t,
silicon,production,Other countries,2014,379000,t,
silicon,production,Other countries,2015,300000,t,
silicon,production,Other countries,2016,310000,t,
silicon,production,Other countries,2017,274000,t,
silicon,production,Other countries,2018,290000,t,
silicon,production,Other countries,2019,278000,t,
silicon,production,Other countries,2020,175000,t,
silicon,production,Other countries,2021,128000,t,
silicon,production,Other countries,2022,210000,t,
silicon,production,Poland,1995,35000,t,
silicon,production,Poland,1996,47000,t,
silicon,production,Poland,1997,47000,t,
silicon,production,Poland,1998,50000,t,
silicon,production,Poland,1999,47000,t,
silicon,production,Poland,2000,47000,t,
silicon,production,Poland,2001,47000,t,
silicon,production,Poland,2002,39000,t,
silicon,production,Poland,2003,35000,t,
silicon,production,Poland,2018,43000,t,
silicon,production,Poland,2020,42000,t,
silicon,production,Poland,2021,49000,t,
silicon,production,Poland,2022,49000,t,
silicon,production,Romania,1995,15000,t,
silicon,production,Russia,1995,270000,t,
silicon,production,Russia,1996,267000,t,
silicon,production,Russia,1997,362000,t,
silicon,production,Russia,1998,362000,t,
silicon,production,Russia,1999,430000,t,
silicon,production,Russia,2000,463000,t,
silicon,production,Russia,2001,499000,t,
silicon,production,Russia,2002,490000,t,
silicon,production,Russia,2003,538000,t,
silicon,production,Russia,2004,513000,t,
silicon,production,Russia,2005,526000,t,
silicon,production,Russia,2006,541000,t,
silicon,production,Russia,2007,635000,t,
silicon,production,Russia,2008,605000,t,
silicon,production,Russia,2009,537000,t,
silicon,production,Russia,2010,643000,t,
silicon,production,Russia,2011,647000,t,
silicon,production,Russia,2012,733000,t,
silicon,production,Russia,2013,733000,t,
silicon,production,Russia,2014,700000,t,
silicon,production,Russia,2015,747000,t,
silicon,production,Russia,2016,750000,t,
silicon,production,Russia,2017,670000,t,
silicon,production,Russia,2018,600000,t,
silicon,production,Russia,2019,610000,t,
silicon,production,Russia,2020,576000,t,
silicon,production,Russia,2021,644000,t,
silicon,production,Russia,2022,640000,t,
silicon,production,Slovakia,1996,20000,t,
silicon,production,Slovakia,1997,20000,t,
silicon,production,Slovakia,1998,20000,t,
silicon,production,Slovakia,2000,46000,t,
silicon,production,Slovakia,2001,33000,t,
silicon,production,Slovakia,2002,33000,t,
silicon,production,Slovakia,2003,33000,t,
silicon,production,South Africa,1995,90000,t,
silicon,production,South Africa,1996,97000,t,
silicon,production,South Africa,1997,115000,t,
silicon,production,South Africa,1998,98000,t,
silicon,production,South Africa,1999,95000,t,
silicon,production,South Africa,2000,98000,t,
silicon,production,South Africa,2001,110000,t,
silicon,production,South Africa,2002,110000,t,
silicon,production,South Africa,2003,138000,t,
silicon,production,South Africa,2004,149000,t,
silicon,production,South Africa,2005,131000,t,
silicon,production,South Africa,2006,144000,t,
silicon,production,South Africa,2007,149000,t,
silicon,production,South Africa,2008,154000,t,
silicon,production,South Africa,2009,116000,t,
silicon,production,South Africa,2010,137000,t,
silicon,production,South Africa,2011,142000,t,
silicon,production,South Africa,2012,132000,t,
silicon,production,South Africa,2013,84000,t,
silicon,production,South Africa,2014,84000,t,
silicon,production,South Africa,2015,84000,t,
silicon,production,South Africa,2016,85000,t,
silicon,production,South Africa,2017,65000,t,
silicon,production,South Africa,2019,96000,t,
silicon,production,Spain,1995,25000,t,
silicon,production,Spain,1996,24000,t,
silicon,production,Spain,1997,34000,t,
silicon,production,Spain,1998,34000,t,
silicon,production,Spain,1999,55000,t,
silicon,production,Spain,2000,55000,t,
silicon,production,Spain,2001,55000,t,
silicon,production,Spain,2002,55000,t,
silicon,production,Spain,2003,55000,t,
silicon,production,Spain,2004,55000,t,
silicon,production,Spain,2005,55000,t,
silicon,production,Spain,2006,55000,t,
silicon,production,Spain,2007,78000,t,
silicon,production,Spain,2014,81000,t,
silicon,production,Spain,2015,81000,t,
silicon,production,Spain,2016,81000,t,
silicon,production,Spain,2017,69000,t,
silicon,production,Spain,2018,69000,t,
silicon,production,Spain,2019,66000,t,
silicon,production,Spain,2020,55000,t,
silicon,production,Spain,2021,60000,t,
silicon,production,Spain,2022,57000,t,
silicon,production,Sweden,1995,15000,t,
silicon,production,Ukraine,1995,195000,t,
silicon,production,Ukraine,1996,195000,t,
silicon,production,Ukraine,1997,195000,t,
silicon,production,Ukraine,1998,195000,t,
silicon,production,Ukraine,1999,158000,t,
silicon,production,Ukraine,2000,210000,t,
silicon,production,Ukraine,2001,211000,t,
silicon,production,Ukraine,2002,210000,t,
silicon,production,Ukraine,2003,163000,t,
silicon,production,Ukraine,2004,161000,t,
silicon,production,Ukraine,2005,161000,t,
silicon,production,Ukraine,2006,84000,t,
silicon,production,Ukraine,2007,109000,t,
silicon,production,Ukraine,2008,99000,t,
silicon,production,Ukraine,2009,98000,t,
silicon,production,Ukraine,2010,127000,t,
silicon,production,Ukraine,2011,98000,t,
silicon,production,Ukraine,2012,78000,t,
silicon,production,Ukraine,2013,96000,t,
silicon,production,Ukraine,2014,92000,t,
silicon,production,Ukraine,2015,59000,t,
silicon,production,Ukraine,2016,66000,t,
silicon,production,Ukraine,2017,60000,t,
silicon,production,Ukraine,2018,49000,t,
silicon,production,Ukraine,2019,63000,t,
silicon,production,Ukraine,2020,40000,t,
silicon,production,Ukraine,2021,49000,t,
silicon,production,Ukraine,2022,19000,t,
silicon,production,United States,1995,396000,t,
silicon,production,United States,1996,412000,t,
silicon,production,United States,1997,430000,t,
silicon,production,United States,1998,429000,t,
silicon,production,United States,1999,423000,t,
silicon,production,United States,2000,367000,t,
silicon,production,United States,2001,282000,t,
silicon,production,United States,2002,261000,t,
silicon,production,United States,2003,248000,t,
silicon,production,United States,2004,275000,t,
silicon,production,United States,2005,270000,t,
silicon,production,United States,2006,146000,t,
silicon,production,United States,2007,155000,t,
silicon,production,United States,2008,164000,t,
silicon,production,United States,2009,139000,t,
silicon,production,United States,2010,176000,t,
silicon,production,United States,2011,326000,t,
silicon,production,United States,2012,383000,t,
silicon,production,United States,2013,365000,t,
silicon,production,United States,2014,373000,t,
silicon,production,United States,2015,411000,t,
silicon,production,United States,2016,384000,t,
silicon,production,United States,2017,415000,t,
silicon,production,United States,2018,430000,t,
silicon,production,United States,2019,310000,t,
silicon,production,United States,2020,277000,t,
silicon,production,United States,2021,313000,t,
silicon,production,United States,2022,310000,t,
silicon,production,Venezuela,1995,25000,t,
silicon,production,Venezuela,1996,32000,t,
silicon,production,Venezuela,1997,39000,t,
silicon,production,Venezuela,1998,39000,t,
silicon,production,Venezuela,1999,37000,t,
silicon,production,Venezuela,2000,39000,t,
silicon,production,Venezuela,2001,39000,t,
silicon,production,Venezuela,2002,38000,t,
silicon,production,Venezuela,2003,59000,t,
silicon,production,Venezuela,2004,60000,t,
silicon,production,Venezuela,2005,60000,t,
silicon,production,Venezuela,2006,60000,t,
silicon,production,Venezuela,2007,61000,t,
silicon,production,Venezuela,2008,61000,t,
silicon,production,Venezuela,2009,54000,t,
silicon,production,Venezuela,2010,50000,t,
silicon,production,Venezuela,2011,46000,t,
silicon,production,Venezuela,2012,53000,t,
silicon,production,Venezuela,2013,48000,t,
silicon,production,World,1995,3100000,t,
silicon,production,World,1996,3200000,t,
silicon,production,World,1997,3400000,t,
silicon,production,World,1998,3200000,t,
silicon,production,World,1999,3400000,t,
silicon,production,World,2000,3500000,t,
silicon,production,World,2001,3500000,t,
silicon,production,World,2002,3720000,t,
silicon,production,World,2003,4390000,t,
silicon,production,World,2004,4900000,t,
silicon,production,World,2005,4720000,t,
silicon,production,World,2006,4970000,t,
silicon,production,World,2007,5590000,t,
silicon,production,World,2008,6160000,t,
silicon,production,World,2009,6310000,t,
silicon,production,World,2010,7290000,t,
silicon,production,World,2011,7370000,t,
silicon,production,World,2012,7770000,t,
silicon,production,World,2013,7880000,t,
silicon,production,World,2014,8110000,t,
silicon,production,World,2015,7630000,t,
silicon,production,World,2016,7600000,t,
silicon,production,World,2017,6580000,t,
silicon,production,World,2018,7400000,t,
silicon,production,World,2019,8410000,t,
silicon,production,World,2020,8120000,t,
silicon,production,World,2021,9150000,t,
silicon,production,World,2022,8800000,t,
silver,mine,Argentina,2017,1020,t,
silver,mine,Argentina,2018,1020,t,
silver,mine,Argentina,2019,1080,t,
silver,mine,Argentina,2020,710,t,
silver,mine,Argentina,2021,720,t,
silver,mine,Argentina,2022,840,t,
silver,mine,Australia,1994,1060,t,
silver,mine,Australia,1995,920,t,
silver,mine,Australia,1996,1020,t,
silver,mine,Australia,1997,1106,t,
silver,mine,Australia,1998,1469,t,
silver,mine,Australia,1999,1720,t,
silver,mine,Australia,2000,1720,t,
silver,mine,Australia,2001,2100,t,
silver,mine,Australia,2002,2077,t,
silver,mine,Australia,2003,1872,t,
silver,mine,Australia,2004,2240,t,
silver,mine,Australia,2005,2050,t,
silver,mine,Australia,2006,1727,t,
silver,mine,Australia,2007,1880,t,
silver,mine,Australia,2008,1930,t,
silver,mine,Australia,2009,1630,t,
silver,mine,Australia,2010,1860,t,
silver,mine,Australia,2011,1730,t,
silver,mine,Australia,2012,1730,t,
silver,mine,Australia,2013,1840,t,
silver,mine,Australia,2014,1720,t,
silver,mine,Australia,2015,1430,t,
silver,mine,Australia,2016,1420,t,
silver,mine,Australia,2017,1200,t,
silver,mine,Australia,2018,1220,t,
silver,mine,Australia,2019,1330,t,
silver,mine,Australia,2020,1340,t,
silver,mine,Australia,2021,1360,t,
silver,mine,Australia,2022,1400,t,
silver,mine,Bolivia,2008,1110,t,
silver,mine,Bolivia,2009,1300,t,
silver,mine,Bolivia,2010,1260,t,
silver,mine,Bolivia,2011,1210,t,
silver,mine,Bolivia,2012,1210,t,
silver,mine,Bolivia,2013,1290,t,
silver,mine,Bolivia,2014,1340,t,
silver,mine,Bolivia,2015,1190,t,
silver,mine,Bolivia,2016,1350,t,
silver,mine,Bolivia,2017,1240,t,
silver,mine,Bolivia,2018,1190,t,
silver,mine,Bolivia,2019,1160,t,
silver,mine,Bolivia,2020,930,t,
silver,mine,Bolivia,2021,1290,t,
silver,mine,Bolivia,2022,1300,t,
silver,mine,Canada,1994,758,t,
silver,mine,Canada,1995,1195,t,
silver,mine,Canada,1996,1230,t,
silver,mine,Canada,1997,1222,t,
silver,mine,Canada,1998,1179,t,
silver,mine,Canada,1999,1250,t,
silver,mine,Canada,2000,1246,t,
silver,mine,Canada,2001,1270,t,
silver,mine,Canada,2002,1344,t,
silver,mine,Canada,2003,1309,t,
silver,mine,Canada,2004,1340,t,
silver,mine,Canada,2005,1120,t,
silver,mine,Canada,2006,980,t,
silver,mine,Canada,2007,800,t,
silver,mine,Canada,2008,730,t,
silver,mine,Canada,2009,600,t,
silver,mine,Canada,2010,600,t,
silver,mine,Canada,2011,572,t,
silver,mine,Canada,2012,663,t,
silver,mine,Canada,2013,627,t,
silver,mine,Canada,2014,493,t,
silver,mine,Chile,2002,1350,t,
silver,mine,Chile,2003,1250,t,
silver,mine,Chile,2004,1360,t,
silver,mine,Chile,2005,1400,t,
silver,mine,Chile,2006,1600,t,
silver,mine,Chile,2007,1900,t,
silver,mine,Chile,2008,1400,t,
silver,mine,Chile,2009,1300,t,
silver,mine,Chile,2010,1280,t,
silver,mine,Chile,2011,1290,t,
silver,mine,Chile,2012,1190,t,
silver,mine,Chile,2013,1170,t,
silver,mine,Chile,2014,1570,t,
silver,mine,Chile,2015,1370,t,
silver,mine,Chile,2016,1500,t,
silver,mine,Chile,2017,1260,t,
silver,mine,Chile,2018,1370,t,
silver,mine,Chile,2019,1350,t,
silver,mine,Chile,2020,1580,t,
silver,mine,Chile,2021,1280,t,
silver,mine,Chile,2022,1600,t,
silver,mine,China,2001,1800,t,
silver,mine,China,2002,2500,t,
silver,mine,China,2003,2500,t,
silver,mine,China,2004,2450,t,
silver,mine,China,2005,2500,t,
silver,mine,China,2006,2600,t,
silver,mine,China,2007,2560,t,
silver,mine,China,2008,2800,t,
silver,mine,China,2009,2900,t,
silver,mine,China,2010,3500,t,
silver,mine,China,2011,3700,t,
silver,mine,China,2012,3900,t,
silver,mine,China,2013,4100,t,
silver,mine,China,2014,4060,t,
silver,mine,China,2015,3100,t,
silver,mine,China,2016,2380,t,
silver,mine,China,2017,3500,t,
silver,mine,China,2018,3570,t,
silver,mine,China,2019,3440,t,
silver,mine,China,2020,3380,t,
silver,mine,China,2021,3500,t,
silver,mine,China,2022,3600,t,
silver,mine,India,2021,610,t,
silver,mine,India,2022,630,t,
silver,mine,Kazakhstan,2016,1180,t,
silver,mine,Kazakhstan,2020,435,t,
silver,mine,Mexico,1994,2330,t,
silver,mine,Mexico,1995,2400,t,
silver,mine,Mexico,1996,2500,t,
silver,mine,Mexico,1997,2679,t,
silver,mine,Mexico,1998,2680,t,
silver,mine,Mexico,1999,2340,t,
silver,mine,Mexico,2000,2338,t,
silver,mine,Mexico,2001,2760,t,
silver,mine,Mexico,2002,2748,t,
silver,mine,Mexico,2003,2569,t,
silver,mine,Mexico,2004,2700,t,
silver,mine,Mexico,2005,2890,t,
silver,mine,Mexico,2006,2700,t,
silver,mine,Mexico,2007,3000,t,
silver,mine,Mexico,2008,3240,t,
silver,mine,Mexico,2009,3550,t,
silver,mine,Mexico,2010,4410,t,
silver,mine,Mexico,2011,4150,t,
silver,mine,Mexico,2012,5360,t,
silver,mine,Mexico,2013,4860,t,
silver,mine,Mexico,2014,5000,t,
silver,mine,Mexico,2015,5370,t,
silver,mine,Mexico,2016,5360,t,
silver,mine,Mexico,2017,6110,t,
silver,mine,Mexico,2018,6120,t,
silver,mine,Mexico,2019,5920,t,
silver,mine,Mexico,2020,5540,t,
silver,mine,Mexico,2021,6110,t,
silver,mine,Mexico,2022,6300,t,
silver,mine,Other countries,1994,6570,t,
silver,mine,Other countries,1995,6540,t,
silver,mine,Other countries,1996,6910,t,
silver,mine,Other countries,1997,7170,t,
silver,mine,Other countries,1998,7070,t,
silver,mine,Other countries,1999,8230,t,
silver,mine,Other countries,2000,8230,t,
silver,mine,Other countries,2001,6680,t,
silver,mine,Other countries,2002,4600,t,
silver,mine,Other countries,2003,4100,t,
silver,mine,Other countries,2004,3960,t,
silver,mine,Other countries,2005,3500,t,
silver,mine,Other countries,2006,4600,t,
silver,mine,Other countries,2007,4630,t,
silver,mine,Other countries,2008,2680,t,
silver,mine,Other countries,2009,2820,t,
silver,mine,Other countries,2010,2950,t,
silver,mine,Other countries,2011,3600,t,
silver,mine,Other countries,2012,4230,t,
silver,mine,Other countries,2013,4440,t,
silver,mine,Other countries,2014,5040,t,
silver,mine,Other countries,2015,5000,t,
silver,mine,Other countries,2016,4100,t,
silver,mine,Other countries,2017,4770,t,
silver,mine,Other countries,2018,3730,t,
silver,mine,Other countries,2019,3920,t,
silver,mine,Other countries,2020,3230,t,
silver,mine,Other countries,2021,3200,t,
silver,mine,Other countries,2022,3500,t,
silver,mine,Peru,1994,1700,t,
silver,mine,Peru,1995,1908,t,
silver,mine,Peru,1996,1970,t,
silver,mine,Peru,1997,2077,t,
silver,mine,Peru,1998,1934,t,
silver,mine,Peru,1999,2220,t,
silver,mine,Peru,2000,2217,t,
silver,mine,Peru,2001,2350,t,
silver,mine,Peru,2002,2687,t,
silver,mine,Peru,2003,2774,t,
silver,mine,Peru,2004,3060,t,
silver,mine,Peru,2005,3190,t,
silver,mine,Peru,2006,3470,t,
silver,mine,Peru,2007,3500,t,
silver,mine,Peru,2008,3690,t,
silver,mine,Peru,2009,3850,t,
silver,mine,Peru,2010,3640,t,
silver,mine,Peru,2011,3410,t,
silver,mine,Peru,2012,3480,t,
silver,mine,Peru,2013,3670,t,
silver,mine,Peru,2014,3780,t,
silver,mine,Peru,2015,3850,t,
silver,mine,Peru,2016,4370,t,
silver,mine,Peru,2017,4300,t,
silver,mine,Peru,2018,4160,t,
silver,mine,Peru,2019,3860,t,
silver,mine,Peru,2020,2770,t,
silver,mine,Peru,2021,3310,t,
silver,mine,Peru,2022,3100,t,
silver,mine,Poland,2002,1200,t,
silver,mine,Poland,2003,1200,t,
silver,mine,Poland,2004,1250,t,
silver,mine,Poland,2005,1300,t,
silver,mine,Poland,2006,1300,t,
silver,mine,Poland,2007,1200,t,
silver,mine,Poland,2008,1190,t,
silver,mine,Poland,2009,1200,t,
silver,mine,Poland,2010,1180,t,
silver,mine,Poland,2011,1170,t,
silver,mine,Poland,2012,1150,t,
silver,mine,Poland,2013,1200,t,
silver,mine,Poland,2014,1260,t,
silver,mine,Poland,2015,1180,t,
silver,mine,Poland,2016,1270,t,
silver,mine,Poland,2017,1290,t,
silver,mine,Poland,2018,1470,t,
silver,mine,Poland,2019,1470,t,
silver,mine,Poland,2020,1250,t,
silver,mine,Poland,2021,1300,t,
silver,mine,Poland,2022,1300,t,
silver,mine,Russia,2008,1300,t,
silver,mine,Russia,2009,1400,t,
silver,mine,Russia,2010,1150,t,
silver,mine,Russia,2011,1350,t,
silver,mine,Russia,2012,1500,t,
silver,mine,Russia,2013,1720,t,
silver,mine,Russia,2014,1330,t,
silver,mine,Russia,2015,1430,t,
silver,mine,Russia,2016,1570,t,
silver,mine,Russia,2017,1120,t,
silver,mine,Russia,2018,2100,t,
silver,mine,Russia,2019,2000,t,
silver,mine,Russia,2020,1320,t,
silver,mine,Russia,2021,1320,t,
silver,mine,Russia,2022,1200,t,
silver,mine,South Africa,2004,72,t,
silver,mine,South Africa,2005,89,t,
silver,mine,South Africa,2006,87,t,
silver,mine,South Africa,2007,70,t,
silver,mine,United States,1994,1480,t,
silver,mine,United States,1995,1640,t,
silver,mine,United States,1996,1570,t,
silver,mine,United States,1997,2150,t,
silver,mine,United States,1998,2060,t,
silver,mine,United States,1999,1950,t,
silver,mine,United States,2000,1860,t,
silver,mine,United States,2001,1740,t,
silver,mine,United States,2002,1420,t,
silver,mine,United States,2003,1240,t,
silver,mine,United States,2004,1250,t,
silver,mine,United States,2005,1230,t,
silver,mine,United States,2006,1140,t,
silver,mine,United States,2007,1260,t,
silver,mine,United States,2008,1230,t,
silver,mine,United States,2009,1250,t,
silver,mine,United States,2010,1270,t,
silver,mine,United States,2011,1120,t,
silver,mine,United States,2012,1060,t,
silver,mine,United States,2013,1040,t,
silver,mine,United States,2014,1180,t,
silver,mine,United States,2015,1090,t,
silver,mine,United States,2016,1150,t,
silver,mine,United States,2017,1030,t,
silver,mine,United States,2018,934,t,
silver,mine,United States,2019,977,t,
silver,mine,United States,2020,1030,t,
silver,mine,United States,2021,1020,t,
silver,mine,United States,2022,1100,t,
silver,mine,World,1994,13900,t,
silver,mine,World,1995,14600,t,
silver,mine,World,1996,15200,t,
silver,mine,World,1997,16400,t,
silver,mine,World,1998,16400,t,
silver,mine,World,1999,17700,t,
silver,mine,World,2000,17700,t,
silver,mine,World,2001,18700,t,
silver,mine,World,2002,20000,t,
silver,mine,World,2003,18800,t,
silver,mine,World,2004,19700,t,
silver,mine,World,2005,19300,t,
silver,mine,World,2006,20200,t,
silver,mine,World,2007,20800,t,
silver,mine,World,2008,21300,t,
silver,mine,World,2009,21800,t,
silver,mine,World,2010,23100,t,
silver,mine,World,2011,23300,t,
silver,mine,World,2012,25500,t,
silver,mine,World,2013,26000,t,
silver,mine,World,2014,26800,t,
silver,mine,World,2015,25100,t,
silver,mine,World,2016,25700,t,
silver,mine,World,2017,26800,t,
silver,mine,World,2018,26900,t,
silver,mine,World,2019,26500,t,
silver,mine,World,2020,23500,t,
silver,mine,World,2021,25000,t,
silver,mine,World,2022,26000,t,
strontium,mine,Algeria,1994,5400,t,gross weight
strontium,mine,Algeria,1995,5400,t,gross weight
strontium,mine,Algeria,1996,5400,t,gross weight
strontium,mine,Algeria,1997,5400,t,gross weight
strontium,mine,Algeria,1998,5400,t,gross weight
strontium,mine,Algeria,1999,5400,t,gross weight
strontium,mine,Argentina,1996,9300,t,gross weight
strontium,mine,Argentina,1997,4000,t,gross weight
strontium,mine,Argentina,1998,2000,t,gross weight
strontium,mine,Argentina,1999,3000,t,gross weight
strontium,mine,Argentina,2000,3000,t,gross weight
strontium,mine,Argentina,2001,2200,t,gross weight
strontium,mine,Argentina,2002,1474,t,gross weight
strontium,mine,Argentina,2003,3320,t,gross weight
strontium,mine,Argentina,2004,3400,t,gross weight
strontium,mine,Argentina,2005,6700,t,gross weight
strontium,mine,Argentina,2006,7500,t,gross weight
strontium,mine,Argentina,2007,20000,t,gross weight
strontium,mine,Argentina,2008,5000,t,gross weight
strontium,mine,Argentina,2009,10000,t,gross weight
strontium,mine,Argentina,2010,7000,t,gross weight
strontium,mine,Argentina,2011,8000,t,gross weight
strontium,mine,Argentina,2012,5000,t,gross weight
strontium,mine,Argentina,2013,5000,t,gross weight
strontium,mine,Argentina,2014,10000,t,gross weight
strontium,mine,Argentina,2015,5000,t,gross weight
strontium,mine,Argentina,2016,5000,t,gross weight
strontium,mine,Argentina,2017,5000,t,gross weight
strontium,mine,Argentina,2018,700,t,gross weight
strontium,mine,Argentina,2019,700,t,gross weight
strontium,mine,Argentina,2020,700,t,gross weight
strontium,mine,Argentina,2021,700,t,gross weight
strontium,mine,Argentina,2022,700,t,gross weight
strontium,mine,China,1994,35000,t,gross weight
strontium,mine,China,1995,35000,t,gross weight
strontium,mine,China,1996,35000,t,gross weight
strontium,mine,China,1997,35000,t,gross weight
strontium,mine,China,1998,35000,t,gross weight
strontium,mine,China,1999,35000,t,gross weight
strontium,mine,China,2000,50000,t,gross weight + modified by the author – see README
strontium,mine,China,2001,50000,t,gross weight
strontium,mine,China,2002,50000,t,gross weight
strontium,mine,China,2003,100000,t,gross weight
strontium,mine,China,2004,130000,t,gross weight
strontium,mine,China,2005,140000,t,gross weight
strontium,mine,China,2006,180000,t,gross weight
strontium,mine,China,2007,190000,t,gross weight
strontium,mine,China,2008,200000,t,gross weight
strontium,mine,China,2009,210000,t,gross weight
strontium,mine,China,2010,220000,t,gross weight
strontium,mine,China,2011,190000,t,gross weight
strontium,mine,China,2012,100000,t,gross weight
strontium,mine,China,2013,120000,t,gross weight
strontium,mine,China,2014,170000,t,gross weight
strontium,mine,China,2015,180000,t,gross weight
strontium,mine,China,2016,50000,t,gross weight
strontium,mine,China,2017,50000,t,gross weight
strontium,mine,China,2018,50000,t,gross weight
strontium,mine,China,2019,50000,t,gross weight
strontium,mine,China,2020,80000,t,gross weight
strontium,mine,China,2021,80000,t,gross weight
strontium,mine,China,2022,80000,t,gross weight
strontium,mine,Iran,1994,20000,t,gross weight
strontium,mine,Iran,1995,20000,t,gross weight
strontium,mine,Iran,1996,20000,t,gross weight
strontium,mine,Iran,1997,20000,t,gross weight
strontium,mine,Iran,1998,20000,t,gross weight
strontium,mine,Iran,1999,20000,t,gross weight
strontium,mine,Iran,2000,2000,t,gross weight
strontium,mine,Iran,2001,2000,t,gross weight
strontium,mine,Iran,2002,2000,t,gross weight
strontium,mine,Iran,2003,2000,t,gross weight
strontium,mine,Iran,2004,2000,t,gross weight
strontium,mine,Iran,2005,7500,t,gross weight
strontium,mine,Iran,2006,7500,t,gross weight
strontium,mine,Iran,2009,2000,t,gross weight
strontium,mine,Iran,2010,2000,t,gross weight
strontium,mine,Iran,2011,2000,t,gross weight
strontium,mine,Iran,2017,40000,t,gross weight
strontium,mine,Iran,2018,37000,t,gross weight
strontium,mine,Iran,2019,37000,t,gross weight
strontium,mine,Iran,2020,90000,t,gross weight
strontium,mine,Iran,2021,110000,t,gross weight
strontium,mine,Iran,2022,110000,t,gross weight
strontium,mine,Mexico,1994,70000,t,gross weight
strontium,mine,Mexico,1995,71500,t,gross weight
strontium,mine,Mexico,1996,144000,t,gross weight
strontium,mine,Mexico,1997,145000,t,gross weight
strontium,mine,Mexico,1998,118000,t,gross weight
strontium,mine,Mexico,1999,120000,t,gross weight
strontium,mine,Mexico,2000,157000,t,gross weight
strontium,mine,Mexico,2001,160000,t,gross weight
strontium,mine,Mexico,2002,140000,t,gross weight
strontium,mine,Mexico,2003,127000,t,gross weight
strontium,mine,Mexico,2004,181000,t,gross weight
strontium,mine,Mexico,2005,115214,t,gross weight
strontium,mine,Mexico,2006,125000,t,gross weight
strontium,mine,Mexico,2007,96900,t,gross weight
strontium,mine,Mexico,2008,96900,t,gross weight
strontium,mine,Mexico,2009,37600,t,gross weight
strontium,mine,Mexico,2010,31400,t,gross weight
strontium,mine,Mexico,2011,31500,t,gross weight
strontium,mine,Mexico,2012,40900,t,gross weight
strontium,mine,Mexico,2013,40000,t,gross weight
strontium,mine,Mexico,2014,70000,t,gross weight
strontium,mine,Mexico,2015,79000,t,gross weight
strontium,mine,Mexico,2016,56500,t,gross weight
strontium,mine,Mexico,2017,70000,t,gross weight
strontium,mine,Mexico,2018,40000,t,gross weight
strontium,mine,Mexico,2019,40000,t,gross weight
strontium,mine,Mexico,2020,33500,t,gross weight
strontium,mine,Mexico,2021,21400,t,gross weight
strontium,mine,Mexico,2022,22000,t,gross weight
strontium,mine,Morocco,2002,4000,t,gross weight
strontium,mine,Morocco,2003,2700,t,gross weight
strontium,mine,Morocco,2004,2700,t,gross weight
strontium,mine,Morocco,2005,2700,t,gross weight
strontium,mine,Morocco,2006,2700,t,gross weight
strontium,mine,Morocco,2007,2700,t,gross weight
strontium,mine,Morocco,2008,2700,t,gross weight
strontium,mine,Morocco,2009,2600,t,gross weight
strontium,mine,Morocco,2010,2500,t,gross weight
strontium,mine,Morocco,2011,2500,t,gross weight
strontium,mine,Morocco,2012,2500,t,gross weight
strontium,mine,Morocco,2013,2500,t,gross weight
strontium,mine,Morocco,2014,2500,t,gross weight
strontium,mine,Pakistan,1994,1500,t,gross weight
strontium,mine,Pakistan,1995,1500,t,gross weight
strontium,mine,Pakistan,1996,2500,t,gross weight
strontium,mine,Pakistan,1997,2000,t,gross weight
strontium,mine,Pakistan,1998,670,t,gross weight
strontium,mine,Pakistan,1999,600,t,gross weight
strontium,mine,Pakistan,2000,600,t,gross weight
strontium,mine,Pakistan,2001,2000,t,gross weight
strontium,mine,Pakistan,2002,2000,t,gross weight
strontium,mine,Pakistan,2003,2000,t,gross weight
strontium,mine,Pakistan,2004,2000,t,gross weight
strontium,mine,Pakistan,2005,2000,t,gross weight
strontium,mine,Pakistan,2006,1900,t,gross weight
strontium,mine,Pakistan,2007,2000,t,gross weight
strontium,mine,Pakistan,2008,1700,t,gross weight
strontium,mine,Pakistan,2009,1800,t,gross weight
strontium,mine,Pakistan,2010,1600,t,gross weight
strontium,mine,Spain,1994,12000,t,gross weight
strontium,mine,Spain,1995,12000,t,gross weight
strontium,mine,Spain,1996,91000,t,gross weight
strontium,mine,Spain,1997,100000,t,gross weight
strontium,mine,Spain,1998,100000,t,gross weight
strontium,mine,Spain,1999,95000,t,gross weight
strontium,mine,Spain,2000,130000,t,gross weight
strontium,mine,Spain,2001,130000,t,gross weight
strontium,mine,Spain,2002,125000,t,gross weight
strontium,mine,Spain,2003,160000,t,gross weight
strontium,mine,Spain,2004,160000,t,gross weight
strontium,mine,Spain,2005,160000,t,gross weight
strontium,mine,Spain,2006,200000,t,gross weight
strontium,mine,Spain,2007,190000,t,gross weight
strontium,mine,Spain,2008,188000,t,gross weight
strontium,mine,Spain,2009,138000,t,gross weight
strontium,mine,Spain,2010,140000,t,gross weight
strontium,mine,Spain,2011,140000,t,gross weight
strontium,mine,Spain,2012,80000,t,gross weight
strontium,mine,Spain,2013,165000,t,gross weight
strontium,mine,Spain,2014,90000,t,gross weight
strontium,mine,Spain,2015,90000,t,gross weight
strontium,mine,Spain,2016,90000,t,gross weight
strontium,mine,Spain,2017,90000,t,gross weight
strontium,mine,Spain,2018,90000,t,gross weight
strontium,mine,Spain,2019,90000,t,gross weight
strontium,mine,Spain,2020,150000,t,gross weight
strontium,mine,Spain,2021,130000,t,gross weight
strontium,mine,Spain,2022,130000,t,gross weight
strontium,mine,Turkey,1994,40000,t,gross weight
strontium,mine,Turkey,1995,25000,t,gross weight
strontium,mine,Turkey,1996,25000,t,gross weight
strontium,mine,Turkey,1997,30000,t,gross weight
strontium,mine,Turkey,1998,30000,t,gross weight
strontium,mine,Turkey,1999,25000,t,gross weight
strontium,mine,Turkey,2000,25000,t,gross weight
strontium,mine,Turkey,2001,25000,t,gross weight
strontium,mine,Turkey,2002,70000,t,gross weight
strontium,mine,Turkey,2003,70000,t,gross weight
strontium,mine,Turkey,2004,70000,t,gross weight
strontium,mine,Turkey,2005,60000,t,gross weight
strontium,mine,Turkey,2006,60000,t,gross weight
strontium,mine,Turkey,2007,9000,t,gross weight
strontium,mine,Turkey,2008,1600,t,gross weight
strontium,mine,Turkey,2018,1000,t,gross weight
strontium,mine,United Kingdom,1994,1000,t,gross weight
strontium,mine,World,1994,180000,t,gross weight
strontium,mine,World,1995,170000,t,gross weight
strontium,mine,World,1996,330000,t,gross weight
strontium,mine,World,1997,340000,t,gross weight
strontium,mine,World,1998,311000,t,gross weight
strontium,mine,World,1999,304000,t,gross weight
strontium,mine,World,2000,370000,t,gross weight + modified by the author – see README
strontium,mine,World,2001,370000,t,gross weight
strontium,mine,World,2002,390000,t,gross weight
strontium,mine,World,2003,470000,t,gross weight
strontium,mine,World,2004,551000,t,gross weight
strontium,mine,World,2005,494000,t,gross weight
strontium,mine,World,2006,585000,t,gross weight
strontium,mine,World,2007,511000,t,gross weight
strontium,mine,World,2008,496000,t,gross weight
strontium,mine,World,2009,402000,t,gross weight
strontium,mine,World,2010,405000,t,gross weight
strontium,mine,World,2011,375000,t,gross weight
strontium,mine,World,2012,228000,t,gross weight
strontium,mine,World,2013,333000,t,gross weight
strontium,mine,World,2014,343000,t,gross weight
strontium,mine,World,2015,354000,t,gross weight
strontium,mine,World,2016,202000,t,gross weight
strontium,mine,World,2017,255000,t,gross weight
strontium,mine,World,2018,220000,t,gross weight
strontium,mine,World,2019,220000,t,gross weight
strontium,mine,World,2020,350000,t,gross weight
strontium,mine,World,2021,340000,t,gross weight
strontium,mine,World,2022,340000,t,gross weight
sulfur,production,Australia,2000,689000,t,
sulfur,production,Australia,2001,720000,t,
sulfur,production,Australia,2002,959000,t,
sulfur,production,Australia,2003,923000,t,
sulfur,production,Australia,2004,925000,t,
sulfur,production,Australia,2005,1010000,t,
sulfur,production,Australia,2006,941000,t,
sulfur,production,Australia,2007,950000,t,
sulfur,production,Australia,2008,938000,t,
sulfur,production,Australia,2009,930000,t,
sulfur,production,Australia,2010,940000,t,
sulfur,production,Australia,2011,940000,t,
sulfur,production,Australia,2012,860000,t,
sulfur,production,Australia,2013,860000,t,
sulfur,production,Australia,2014,830000,t,
sulfur,production,Australia,2015,900000,t,
sulfur,production,Australia,2016,900000,t,
sulfur,production,Australia,2017,900000,t,
sulfur,production,Australia,2018,900000,t,
sulfur,production,Australia,2019,900000,t,
sulfur,production,Australia,2020,900000,t,
sulfur,production,Australia,2021,900000,t,
sulfur,production,Australia,2022,900000,t,
sulfur,production,Belgium,2000,410000,t,
sulfur,production,Brazil,2010,480000,t,
sulfur,production,Brazil,2011,480000,t,
sulfur,production,Brazil,2012,480000,t,
sulfur,production,Brazil,2013,545000,t,
sulfur,production,Brazil,2014,540000,t,
sulfur,production,Brazil,2015,530000,t,
sulfur,production,Brazil,2016,530000,t,
sulfur,production,Brazil,2017,530000,t,
sulfur,production,Brazil,2018,500000,t,
sulfur,production,Brazil,2019,500000,t,
sulfur,production,Brazil,2020,500000,t,
sulfur,production,Canada,1994,9140000,t,
sulfur,production,Canada,1995,9010000,t,
sulfur,production,Canada,1996,9010000,t,
sulfur,production,Canada,1997,10200000,t,
sulfur,production,Canada,1998,9250000,t,
sulfur,production,Canada,1999,10100000,t,
sulfur,production,Canada,2000,9900000,t,
sulfur,production,Canada,2001,9360000,t,
sulfur,production,Canada,2002,8538000,t,
sulfur,production,Canada,2003,9030000,t,
sulfur,production,Canada,2004,8890000,t,
sulfur,production,Canada,2005,8973000,t,
sulfur,production,Canada,2006,9047000,t,
sulfur,production,Canada,2007,8967000,t,
sulfur,production,Canada,2008,9280000,t,
sulfur,production,Canada,2009,6940000,t,
sulfur,production,Canada,2010,7255000,t,
sulfur,production,Canada,2011,6520000,t,
sulfur,production,Canada,2012,5910000,t,
sulfur,production,Canada,2013,6370000,t,
sulfur,production,Canada,2014,5910000,t,
sulfur,production,Canada,2015,5780000,t,
sulfur,production,Canada,2016,5320000,t,
sulfur,production,Canada,2017,5460000,t,
sulfur,production,Canada,2018,5320000,t,
sulfur,production,Canada,2019,6940000,t,
sulfur,production,Canada,2020,4900000,t,
sulfur,production,Canada,2021,4880000,t,
sulfur,production,Canada,2022,4900000,t,
sulfur,production,Chile,1999,1040000,t,
sulfur,production,Chile,2000,1100000,t,
sulfur,production,Chile,2001,1160000,t,
sulfur,production,Chile,2002,1275000,t,
sulfur,production,Chile,2003,1300000,t,
sulfur,production,Chile,2004,1510000,t,
sulfur,production,Chile,2005,1660000,t,
sulfur,production,Chile,2006,1000000,t,
sulfur,production,Chile,2007,1573000,t,
sulfur,production,Chile,2008,1570000,t,
sulfur,production,Chile,2009,1600000,t,
sulfur,production,Chile,2010,1676000,t,
sulfur,production,Chile,2011,1720000,t,
sulfur,production,Chile,2012,1680000,t,
sulfur,production,Chile,2013,1700000,t,
sulfur,production,Chile,2014,1700000,t,
sulfur,production,Chile,2015,1700000,t,
sulfur,production,Chile,2016,1800000,t,
sulfur,production,Chile,2017,1800000,t,
sulfur,production,Chile,2018,1500000,t,
sulfur,production,Chile,2019,1500000,t,
sulfur,production,Chile,2020,1300000,t,
sulfur,production,Chile,2021,1500000,t,
sulfur,production,Chile,2022,1500000,t,
sulfur,production,China,1994,6030000,t,
sulfur,production,China,1995,6530000,t,
sulfur,production,China,1996,5470000,t,
sulfur,production,China,1997,6750000,t,
sulfur,production,China,1998,6150000,t,
sulfur,production,China,1999,5690000,t,
sulfur,production,China,2000,5220000,t,
sulfur,production,China,2001,5380000,t,
sulfur,production,China,2002,5730000,t,
sulfur,production,China,2003,6090000,t,
sulfur,production,China,2004,6630000,t,
sulfur,production,China,2005,7710000,t,
sulfur,production,China,2006,8020000,t,
sulfur,production,China,2007,8460000,t,
sulfur,production,China,2008,8610000,t,
sulfur,production,China,2009,9370000,t,
sulfur,production,China,2010,9600000,t,
sulfur,production,China,2011,9700000,t,
sulfur,production,China,2012,9900000,t,
sulfur,production,China,2013,10500000,t,
sulfur,production,China,2014,10500000,t,
sulfur,production,China,2015,8800000,t,
sulfur,production,China,2016,9150000,t,modified by the author – see README
sulfur,production,China,2017,8940000,t,modified by the author – see README
sulfur,production,China,2018,13762700,t,modified by the author – see README
sulfur,production,China,2019,14450000,t,modified by the author – see README
sulfur,production,China,2020,15340000,t,modified by the author – see README
sulfur,production,China,2021,15730000,t,modified by the author – see README
sulfur,production,China,2022,15060638,t,modified by the author – see README
sulfur,production,Finland,1999,725000,t,
sulfur,production,Finland,2000,850000,t,
sulfur,production,Finland,2001,543000,t,
sulfur,production,Finland,2002,690000,t,
sulfur,production,Finland,2003,706000,t,
sulfur,production,Finland,2004,702000,t,
sulfur,production,Finland,2005,720000,t,
sulfur,production,Finland,2006,615000,t,
sulfur,production,Finland,2007,615000,t,
sulfur,production,Finland,2008,615000,t,
sulfur,production,Finland,2009,615000,t,
sulfur,production,Finland,2010,590000,t,
sulfur,production,Finland,2011,590000,t,
sulfur,production,Finland,2012,1350000,t,
sulfur,production,Finland,2013,740000,t,
sulfur,production,Finland,2014,740000,t,
sulfur,production,Finland,2015,740000,t,
sulfur,production,Finland,2016,820000,t,
sulfur,production,Finland,2017,940000,t,
sulfur,production,Finland,2018,940000,t,
sulfur,production,Finland,2019,766000,t,
sulfur,production,Finland,2020,717000,t,
sulfur,production,Finland,2021,712000,t,
sulfur,production,Finland,2022,710000,t,
sulfur,production,France,1994,1100000,t,
sulfur,production,France,1995,1100000,t,
sulfur,production,France,1996,1200000,t,
sulfur,production,France,1997,1110000,t,
sulfur,production,France,1998,1050000,t,
sulfur,production,France,1999,1100000,t,
sulfur,production,France,2000,1110000,t,
sulfur,production,France,2001,1100000,t,
sulfur,production,France,2002,1000000,t,
sulfur,production,France,2003,1000000,t,
sulfur,production,France,2004,961000,t,
sulfur,production,France,2005,945000,t,
sulfur,production,France,2006,945000,t,
sulfur,production,France,2007,1306000,t,
sulfur,production,France,2008,1310000,t,
sulfur,production,France,2009,1310000,t,
sulfur,production,France,2010,1305000,t,
sulfur,production,France,2011,1310000,t,
sulfur,production,France,2012,650000,t,
sulfur,production,France,2013,650000,t,
sulfur,production,Germany,1997,1130000,t,
sulfur,production,Germany,1998,1180000,t,
sulfur,production,Germany,1999,1190000,t,
sulfur,production,Germany,2000,1240000,t,
sulfur,production,Germany,2001,1240000,t,
sulfur,production,Germany,2002,1240000,t,
sulfur,production,Germany,2003,2360000,t,
sulfur,production,Germany,2004,2150000,t,
sulfur,production,Germany,2005,2520000,t,
sulfur,production,Germany,2006,2290000,t,
sulfur,production,Germany,2007,2300000,t,
sulfur,production,Germany,2008,2310000,t,
sulfur,production,Germany,2009,3760000,t,
sulfur,production,Germany,2010,3905000,t,
sulfur,production,Germany,2011,3910000,t,
sulfur,production,Germany,2012,3820000,t,
sulfur,production,Germany,2013,3880000,t,
sulfur,production,Germany,2014,3800000,t,
sulfur,production,Germany,2015,3800000,t,
sulfur,production,Germany,2016,3800000,t,
sulfur,production,Germany,2017,888000,t,
sulfur,production,Germany,2018,868000,t,
sulfur,production,Germany,2019,670000,t,
sulfur,production,Germany,2020,633000,t,
sulfur,production,Germany,2021,592000,t,
sulfur,production,Germany,2022,600000,t,
sulfur,production,Greece,2020,500000,t,
sulfur,production,India,2001,941000,t,
sulfur,production,India,2002,945000,t,
sulfur,production,India,2003,1020000,t,
sulfur,production,India,2004,1070000,t,
sulfur,production,India,2005,1130000,t,
sulfur,production,India,2006,1170000,t,
sulfur,production,India,2007,1152000,t,
sulfur,production,India,2008,1170000,t,
sulfur,production,India,2009,1150000,t,
sulfur,production,India,2010,1171000,t,
sulfur,production,India,2011,1190000,t,
sulfur,production,India,2012,1190000,t,
sulfur,production,India,2013,2430000,t,
sulfur,production,India,2014,2830000,t,
sulfur,production,India,2015,2730000,t,
sulfur,production,India,2016,3130000,t,
sulfur,production,India,2017,3430000,t,
sulfur,production,India,2018,3430000,t,
sulfur,production,India,2019,3600000,t,
sulfur,production,India,2020,3460000,t,
sulfur,production,India,2021,3540000,t,
sulfur,production,India,2022,3500000,t,
sulfur,production,Iran,1997,900000,t,
sulfur,production,Iran,1998,900000,t,
sulfur,production,Iran,1999,910000,t,
sulfur,production,Iran,2000,1350000,t,
sulfur,production,Iran,2001,983000,t,
sulfur,production,Iran,2002,1000000,t,
sulfur,production,Iran,2003,1360000,t,
sulfur,production,Iran,2004,1460000,t,
sulfur,production,Iran,2005,1460000,t,
sulfur,production,Iran,2006,1465000,t,
sulfur,production,Iran,2007,1570000,t,
sulfur,production,Iran,2008,1570000,t,
sulfur,production,Iran,2009,1570000,t,
sulfur,production,Iran,2010,1780000,t,
sulfur,production,Iran,2011,1780000,t,
sulfur,production,Iran,2012,1880000,t,
sulfur,production,Iran,2013,1890000,t,
sulfur,production,Iran,2014,2100000,t,
sulfur,production,Iran,2015,2200000,t,
sulfur,production,Iran,2016,2200000,t,
sulfur,production,Iran,2017,2200000,t,
sulfur,production,Iran,2018,2200000,t,
sulfur,production,Iran,2019,2200000,t,
sulfur,production,Iran,2020,2200000,t,
sulfur,production,Iran,2021,2200000,t,
sulfur,production,Iran,2022,2200000,t,
sulfur,production,Iraq,1994,800000,t,
sulfur,production,Iraq,1995,475000,t,
sulfur,production,Iraq,1996,475000,t,
sulfur,production,Iraq,1997,450000,t,
sulfur,production,Iraq,1998,450000,t,
sulfur,production,Italy,1999,678000,t,
sulfur,production,Italy,2000,693000,t,
sulfur,production,Italy,2001,743000,t,
sulfur,production,Italy,2002,702000,t,
sulfur,production,Italy,2003,684000,t,
sulfur,production,Italy,2004,688000,t,
sulfur,production,Italy,2005,685000,t,
sulfur,production,Italy,2006,650000,t,
sulfur,production,Italy,2007,740000,t,
sulfur,production,Italy,2008,740000,t,
sulfur,production,Italy,2009,740000,t,
sulfur,production,Italy,2010,740000,t,
sulfur,production,Italy,2011,740000,t,
sulfur,production,Italy,2012,740000,t,
sulfur,production,Italy,2013,740000,t,
sulfur,production,Italy,2014,740000,t,
sulfur,production,Italy,2015,740000,t,
sulfur,production,Italy,2016,550000,t,
sulfur,production,Italy,2017,511000,t,
sulfur,production,Italy,2018,550000,t,
sulfur,production,Italy,2019,550000,t,
sulfur,production,Japan,1994,2900000,t,
sulfur,production,Japan,1995,2860000,t,
sulfur,production,Japan,1996,2802000,t,
sulfur,production,Japan,1997,2800000,t,
sulfur,production,Japan,1998,3400000,t,
sulfur,production,Japan,1999,3460000,t,
sulfur,production,Japan,2000,3500000,t,
sulfur,production,Japan,2001,3370000,t,
sulfur,production,Japan,2002,3200000,t,
sulfur,production,Japan,2003,3310000,t,
sulfur,production,Japan,2004,3150000,t,
sulfur,production,Japan,2005,3260000,t,
sulfur,production,Japan,2006,3330000,t,
sulfur,production,Japan,2007,3200000,t,
sulfur,production,Japan,2008,3270000,t,
sulfur,production,Japan,2009,3350000,t,
sulfur,production,Japan,2010,3292000,t,
sulfur,production,Japan,2011,3300000,t,
sulfur,production,Japan,2012,3250000,t,
sulfur,production,Japan,2013,3300000,t,
sulfur,production,Japan,2014,3250000,t,
sulfur,production,Japan,2015,3250000,t,
sulfur,production,Japan,2016,3420000,t,
sulfur,production,Japan,2017,3490000,t,
sulfur,production,Japan,2018,3400000,t,
sulfur,production,Japan,2019,3400000,t,
sulfur,production,Japan,2020,3040000,t,
sulfur,production,Japan,2021,3150000,t,
sulfur,production,Japan,2022,3200000,t,
sulfur,production,Kazakhstan,1997,945000,t,
sulfur,production,Kazakhstan,1998,1150000,t,
sulfur,production,Kazakhstan,1999,1320000,t,
sulfur,production,Kazakhstan,2000,1500000,t,
sulfur,production,Kazakhstan,2001,1700000,t,
sulfur,production,Kazakhstan,2002,2100000,t,
sulfur,production,Kazakhstan,2003,1930000,t,
sulfur,production,Kazakhstan,2004,1980000,t,
sulfur,production,Kazakhstan,2005,2030000,t,
sulfur,production,Kazakhstan,2006,2000000,t,
sulfur,production,Kazakhstan,2007,2600000,t,
sulfur,production,Kazakhstan,2008,2800000,t,
sulfur,production,Kazakhstan,2009,2000000,t,
sulfur,production,Kazakhstan,2010,2000000,t,
sulfur,production,Kazakhstan,2011,2700000,t,
sulfur,production,Kazakhstan,2012,2700000,t,
sulfur,production,Kazakhstan,2013,2850000,t,
sulfur,production,Kazakhstan,2014,2740000,t,
sulfur,production,Kazakhstan,2015,2820000,t,
sulfur,production,Kazakhstan,2016,3120000,t,
sulfur,production,Kazakhstan,2017,3520000,t,
sulfur,production,Kazakhstan,2018,3510000,t,
sulfur,production,Kazakhstan,2019,3500000,t,
sulfur,production,Kazakhstan,2020,4480000,t,
sulfur,production,Kazakhstan,2021,4600000,t,
sulfur,production,Kazakhstan,2022,4600000,t,
sulfur,production,Korea South,2000,490000,t,
sulfur,production,Korea South,2001,1270000,t,
sulfur,production,Korea South,2002,1280000,t,
sulfur,production,Korea South,2003,1300000,t,
sulfur,production,Korea South,2004,1680000,t,
sulfur,production,Korea South,2005,1690000,t,
sulfur,production,Korea South,2006,1690000,t,
sulfur,production,Korea South,2007,1690000,t,
sulfur,production,Korea South,2008,1850000,t,
sulfur,production,Korea South,2009,1560000,t,
sulfur,production,Korea South,2010,660000,t,
sulfur,production,Korea South,2011,1200000,t,
sulfur,production,Korea South,2012,1200000,t,
sulfur,production,Korea South,2013,1300000,t,
sulfur,production,Korea South,2014,1400000,t,
sulfur,production,Korea South,2015,1400000,t,
sulfur,production,Korea South,2016,2430000,t,
sulfur,production,Korea South,2018,3080000,t,
sulfur,production,Korea South,2019,3080000,t,
sulfur,production,Korea South,2020,3080000,t,
sulfur,production,Korea South,2021,3080000,t,
sulfur,production,Korea South,2022,3100000,t,
sulfur,production,Kuwait,1999,675000,t,
sulfur,production,Kuwait,2000,675000,t,
sulfur,production,Kuwait,2001,524000,t,
sulfur,production,Kuwait,2002,634000,t,
sulfur,production,Kuwait,2003,714000,t,
sulfur,production,Kuwait,2004,682000,t,
sulfur,production,Kuwait,2005,700000,t,
sulfur,production,Kuwait,2006,650000,t,
sulfur,production,Kuwait,2007,700000,t,
sulfur,production,Kuwait,2008,700000,t,
sulfur,production,Kuwait,2009,700000,t,
sulfur,production,Kuwait,2010,830000,t,
sulfur,production,Kuwait,2011,830000,t,
sulfur,production,Kuwait,2012,800000,t,
sulfur,production,Kuwait,2013,820000,t,
sulfur,production,Kuwait,2014,800000,t,
sulfur,production,Kuwait,2015,850000,t,
sulfur,production,Kuwait,2016,850000,t,
sulfur,production,Kuwait,2017,850000,t,
sulfur,production,Kuwait,2018,850000,t,
sulfur,production,Kuwait,2019,850000,t,
sulfur,production,Kuwait,2020,620000,t,
sulfur,production,Kuwait,2021,620000,t,
sulfur,production,Kuwait,2022,600000,t,
sulfur,production,Mexico,1994,2920000,t,
sulfur,production,Mexico,1995,2880000,t,
sulfur,production,Mexico,1996,2890000,t,
sulfur,production,Mexico,1997,924000,t,
sulfur,production,Mexico,1998,1390000,t,
sulfur,production,Mexico,1999,1310000,t,
sulfur,production,Mexico,2000,1310000,t,
sulfur,production,Mexico,2001,1450000,t,
sulfur,production,Mexico,2002,1450000,t,
sulfur,production,Mexico,2003,1610000,t,
sulfur,production,Mexico,2004,1820000,t,
sulfur,production,Mexico,2005,1717000,t,
sulfur,production,Mexico,2006,1774000,t,
sulfur,production,Mexico,2007,1770000,t,
sulfur,production,Mexico,2008,1740000,t,
sulfur,production,Mexico,2009,1700000,t,
sulfur,production,Mexico,2010,1810000,t,
sulfur,production,Mexico,2011,1660000,t,
sulfur,production,Mexico,2012,1740000,t,
sulfur,production,Mexico,2013,1810000,t,
sulfur,production,Mexico,2014,1840000,t,
sulfur,production,Mexico,2015,1410000,t,
sulfur,production,Mexico,2016,1160000,t,
sulfur,production,Mexico,2017,551000,t,
sulfur,production,Netherlands,1999,574000,t,
sulfur,production,Netherlands,2000,512000,t,
sulfur,production,Netherlands,2001,510000,t,
sulfur,production,Netherlands,2002,497000,t,
sulfur,production,Netherlands,2003,527000,t,
sulfur,production,Netherlands,2004,547000,t,
sulfur,production,Netherlands,2005,535000,t,
sulfur,production,Netherlands,2006,530000,t,
sulfur,production,Netherlands,2007,530000,t,
sulfur,production,Netherlands,2008,530000,t,
sulfur,production,Netherlands,2009,530000,t,
sulfur,production,Netherlands,2010,530000,t,
sulfur,production,Netherlands,2011,530000,t,
sulfur,production,Netherlands,2012,515000,t,
sulfur,production,Netherlands,2013,515000,t,
sulfur,production,Netherlands,2014,515000,t,
sulfur,production,Netherlands,2015,515000,t,
sulfur,production,Netherlands,2016,530000,t,
sulfur,production,Netherlands,2017,520000,t,
sulfur,production,Netherlands,2018,520000,t,
sulfur,production,Netherlands,2019,510000,t,
sulfur,production,Other countries,1994,10100000,t,
sulfur,production,Other countries,1995,10300000,t,
sulfur,production,Other countries,1996,10200000,t,
sulfur,production,Other countries,1997,7500000,t,
sulfur,production,Other countries,1998,11700000,t,
sulfur,production,Other countries,1999,6700000,t,
sulfur,production,Other countries,2000,3200000,t,
sulfur,production,Other countries,2001,5070000,t,
sulfur,production,Other countries,2002,4800000,t,
sulfur,production,Other countries,2003,5550000,t,
sulfur,production,Other countries,2004,6290000,t,
sulfur,production,Other countries,2005,4660000,t,
sulfur,production,Other countries,2006,4920000,t,
sulfur,production,Other countries,2007,5230000,t,
sulfur,production,Other countries,2008,5100000,t,
sulfur,production,Other countries,2009,4810000,t,
sulfur,production,Other countries,2010,4020000,t,
sulfur,production,Other countries,2011,4080000,t,
sulfur,production,Other countries,2012,2900000,t,
sulfur,production,Other countries,2013,3360000,t,
sulfur,production,Other countries,2014,4210000,t,
sulfur,production,Other countries,2015,4500000,t,
sulfur,production,Other countries,2016,3200000,t,
sulfur,production,Other countries,2017,3460000,t,
sulfur,production,Other countries,2018,3930000,t,
sulfur,production,Other countries,2019,4500000,t,
sulfur,production,Other countries,2020,3600000,t,
sulfur,production,Other countries,2021,5600000,t,
sulfur,production,Other countries,2022,5600000,t,
sulfur,production,Poland,1994,2380000,t,
sulfur,production,Poland,1995,2440000,t,
sulfur,production,Poland,1996,1769000,t,
sulfur,production,Poland,1997,1820000,t,
sulfur,production,Poland,1998,1570000,t,
sulfur,production,Poland,1999,1510000,t,
sulfur,production,Poland,2000,1700000,t,
sulfur,production,Poland,2001,1420000,t,
sulfur,production,Poland,2002,1220000,t,
sulfur,production,Poland,2003,1180000,t,
sulfur,production,Poland,2004,1180000,t,
sulfur,production,Poland,2005,1220000,t,
sulfur,production,Poland,2006,1240000,t,
sulfur,production,Poland,2007,1324000,t,
sulfur,production,Poland,2008,1280000,t,
sulfur,production,Poland,2009,730000,t,
sulfur,production,Poland,2010,732000,t,
sulfur,production,Poland,2011,1140000,t,
sulfur,production,Poland,2012,1160000,t,
sulfur,production,Poland,2013,1080000,t,
sulfur,production,Poland,2014,1070000,t,
sulfur,production,Poland,2015,1130000,t,
sulfur,production,Poland,2016,1200000,t,
sulfur,production,Poland,2017,1240000,t,
sulfur,production,Poland,2018,1230000,t,
sulfur,production,Poland,2019,1190000,t,
sulfur,production,Poland,2020,992000,t,
sulfur,production,Poland,2021,995000,t,
sulfur,production,Poland,2022,1000000,t,
sulfur,production,Qatar,2010,1124000,t,
sulfur,production,Qatar,2011,1200000,t,
sulfur,production,Qatar,2012,820000,t,
sulfur,production,Qatar,2013,850000,t,
sulfur,production,Qatar,2014,820000,t,
sulfur,production,Qatar,2015,850000,t,
sulfur,production,Qatar,2016,1900000,t,
sulfur,production,Qatar,2017,2100000,t,
sulfur,production,Qatar,2018,2000000,t,
sulfur,production,Qatar,2019,1800000,t,
sulfur,production,Qatar,2020,2000000,t,
sulfur,production,Qatar,2021,1700000,t,
sulfur,production,Qatar,2022,2000000,t,
sulfur,production,Russia,1994,1830000,t,
sulfur,production,Russia,1995,4000000,t,
sulfur,production,Russia,1996,4000000,t,
sulfur,production,Russia,1997,3750000,t,
sulfur,production,Russia,1998,4480000,t,
sulfur,production,Russia,1999,5270000,t,
sulfur,production,Russia,2000,5900000,t,
sulfur,production,Russia,2001,6250000,t,
sulfur,production,Russia,2002,6350000,t,
sulfur,production,Russia,2003,6600000,t,
sulfur,production,Russia,2004,6920000,t,
sulfur,production,Russia,2005,6950000,t,
sulfur,production,Russia,2006,7000000,t,
sulfur,production,Russia,2007,7050000,t,
sulfur,production,Russia,2008,7170000,t,
sulfur,production,Russia,2009,7070000,t,
sulfur,production,Russia,2010,7070000,t,
sulfur,production,Russia,2011,7280000,t,
sulfur,production,Russia,2012,7270000,t,
sulfur,production,Russia,2013,7250000,t,
sulfur,production,Russia,2014,7300000,t,
sulfur,production,Russia,2015,6720000,t,
sulfur,production,Russia,2016,6960000,t,
sulfur,production,Russia,2017,7080000,t,
sulfur,production,Russia,2018,7080000,t,
sulfur,production,Russia,2019,7560000,t,
sulfur,production,Russia,2020,7530000,t,
sulfur,production,Russia,2021,7530000,t,
sulfur,production,Russia,2022,7300000,t,
sulfur,production,Saudi Arabia,1994,1600000,t,
sulfur,production,Saudi Arabia,1995,2200000,t,
sulfur,production,Saudi Arabia,1996,2000000,t,
sulfur,production,Saudi Arabia,1997,2000000,t,
sulfur,production,Saudi Arabia,1998,2000000,t,
sulfur,production,Saudi Arabia,1999,2400000,t,
sulfur,production,Saudi Arabia,2000,2400000,t,
sulfur,production,Saudi Arabia,2001,2350000,t,
sulfur,production,Saudi Arabia,2002,2230000,t,
sulfur,production,Saudi Arabia,2003,2400000,t,
sulfur,production,Saudi Arabia,2004,2230000,t,
sulfur,production,Saudi Arabia,2005,2300000,t,
sulfur,production,Saudi Arabia,2006,2800000,t,
sulfur,production,Saudi Arabia,2007,3100000,t,
sulfur,production,Saudi Arabia,2008,3160000,t,
sulfur,production,Saudi Arabia,2009,3200000,t,
sulfur,production,Saudi Arabia,2010,3300000,t,
sulfur,production,Saudi Arabia,2011,4600000,t,
sulfur,production,Saudi Arabia,2012,4090000,t,
sulfur,production,Saudi Arabia,2013,3900000,t,
sulfur,production,Saudi Arabia,2014,3300000,t,
sulfur,production,Saudi Arabia,2015,4900000,t,
sulfur,production,Saudi Arabia,2016,4900000,t,
sulfur,production,Saudi Arabia,2017,6000000,t,
sulfur,production,Saudi Arabia,2018,6500000,t,
sulfur,production,Saudi Arabia,2019,6500000,t,
sulfur,production,Saudi Arabia,2020,6500000,t,
sulfur,production,Saudi Arabia,2021,7000000,t,
sulfur,production,Saudi Arabia,2022,7000000,t,
sulfur,production,South Africa,1997,570000,t,
sulfur,production,South Africa,1998,532000,t,
sulfur,production,South Africa,2000,448000,t,
sulfur,production,South Africa,2005,793000,t,
sulfur,production,South Africa,2006,643000,t,
sulfur,production,South Africa,2007,641000,t,
sulfur,production,South Africa,2008,569000,t,
sulfur,production,South Africa,2009,539000,t,
sulfur,production,South Africa,2010,465000,t,
sulfur,production,South Africa,2011,370000,t,
sulfur,production,South Africa,2012,310000,t,
sulfur,production,South Africa,2013,270000,t,
sulfur,production,South Africa,2020,900000,t,
sulfur,production,Spain,1994,702000,t,
sulfur,production,Spain,1995,702000,t,
sulfur,production,Spain,1996,752000,t,
sulfur,production,Spain,1997,761000,t,
sulfur,production,Spain,1998,993000,t,
sulfur,production,Spain,1999,955000,t,
sulfur,production,Spain,2000,685000,t,
sulfur,production,Spain,2001,622000,t,
sulfur,production,Spain,2002,685000,t,
sulfur,production,Spain,2003,706000,t,
sulfur,production,Spain,2004,634000,t,
sulfur,production,Spain,2005,616000,t,
sulfur,production,Spain,2006,651000,t,
sulfur,production,Spain,2007,601000,t,
sulfur,production,Spain,2008,601000,t,
sulfur,production,Spain,2009,637000,t,
sulfur,production,Spain,2010,637000,t,
sulfur,production,Spain,2011,637000,t,
sulfur,production,Spain,2012,680000,t,
sulfur,production,Spain,2013,270000,t,
sulfur,production,Turkmenistan,2016,600000,t,
sulfur,production,Turkmenistan,2017,610000,t,
sulfur,production,Turkmenistan,2020,700000,t,
sulfur,production,Turkmenistan,2021,700000,t,
sulfur,production,Turkmenistan,2022,700000,t,
sulfur,production,United Arab Emirates,1999,1090000,t,
sulfur,production,United Arab Emirates,2000,1120000,t,
sulfur,production,United Arab Emirates,2001,1490000,t,
sulfur,production,United Arab Emirates,2002,1900000,t,
sulfur,production,United Arab Emirates,2003,1900000,t,
sulfur,production,United Arab Emirates,2004,1930000,t,
sulfur,production,United Arab Emirates,2005,1950000,t,
sulfur,production,United Arab Emirates,2006,1950000,t,
sulfur,production,United Arab Emirates,2007,1950000,t,
sulfur,production,United Arab Emirates,2008,1950000,t,
sulfur,production,United Arab Emirates,2009,2000000,t,
sulfur,production,United Arab Emirates,2010,1763000,t,
sulfur,production,United Arab Emirates,2011,1800000,t,
sulfur,production,United Arab Emirates,2012,1900000,t,
sulfur,production,United Arab Emirates,2013,2000000,t,
sulfur,production,United Arab Emirates,2014,1900000,t,
sulfur,production,United Arab Emirates,2015,2400000,t,
sulfur,production,United Arab Emirates,2016,5300000,t,
sulfur,production,United Arab Emirates,2017,3300000,t,
sulfur,production,United Arab Emirates,2018,3300000,t,
sulfur,production,United Arab Emirates,2019,3300000,t,
sulfur,production,United Arab Emirates,2020,6000000,t,
sulfur,production,United Arab Emirates,2021,5200000,t,
sulfur,production,United Arab Emirates,2022,6000000,t,
sulfur,production,United States,1994,11500000,t,
sulfur,production,United States,1995,11800000,t,
sulfur,production,United States,1996,11800000,t,
sulfur,production,United States,1997,12000000,t,
sulfur,production,United States,1998,11600000,t,
sulfur,production,United States,1999,11300000,t,
sulfur,production,United States,2000,10300000,t,
sulfur,production,United States,2001,9250000,t,
sulfur,production,United States,2002,9270000,t,
sulfur,production,United States,2003,9600000,t,
sulfur,production,United States,2004,10100000,t,
sulfur,production,United States,2005,9460000,t,
sulfur,production,United States,2006,9060000,t,
sulfur,production,United States,2007,9090000,t,
sulfur,production,United States,2008,9450000,t,
sulfur,production,United States,2009,9780000,t,
sulfur,production,United States,2010,9070000,t,
sulfur,production,United States,2011,8930000,t,
sulfur,production,United States,2012,9000000,t,
sulfur,production,United States,2013,9210000,t,
sulfur,production,United States,2014,9630000,t,
sulfur,production,United States,2015,9540000,t,
sulfur,production,United States,2016,9740000,t,
sulfur,production,United States,2017,9640000,t,
sulfur,production,United States,2018,9680000,t,
sulfur,production,United States,2019,8710000,t,
sulfur,production,United States,2020,7890000,t,
sulfur,production,United States,2021,8070000,t,
sulfur,production,United States,2022,8600000,t,
sulfur,production,Uzbekistan,2000,460000,t,
sulfur,production,Uzbekistan,2005,520000,t,
sulfur,production,Uzbekistan,2006,520000,t,
sulfur,production,Uzbekistan,2007,520000,t,
sulfur,production,Uzbekistan,2008,520000,t,
sulfur,production,Uzbekistan,2009,520000,t,
sulfur,production,Uzbekistan,2010,520000,t,
sulfur,production,Uzbekistan,2011,520000,t,
sulfur,production,Uzbekistan,2012,540000,t,
sulfur,production,Uzbekistan,2013,560000,t,
sulfur,production,Uzbekistan,2014,540000,t,
sulfur,production,Uzbekistan,2015,540000,t,
sulfur,production,Venezuela,2000,450000,t,
sulfur,production,Venezuela,2005,800000,t,
sulfur,production,Venezuela,2006,800000,t,
sulfur,production,Venezuela,2007,800000,t,
sulfur,production,Venezuela,2008,800000,t,
sulfur,production,Venezuela,2009,800000,t,
sulfur,production,Venezuela,2010,800000,t,
sulfur,production,Venezuela,2011,800000,t,
sulfur,production,Venezuela,2012,800000,t,
sulfur,production,Venezuela,2013,800000,t,
sulfur,production,Venezuela,2014,800000,t,
sulfur,production,Venezuela,2015,700000,t,
sulfur,production,Venezuela,2016,700000,t,
sulfur,production,Venezuela,2017,700000,t,
sulfur,production,Venezuela,2018,700000,t,
sulfur,production,World,1994,51000000,t,
sulfur,production,World,1995,54300000,t,
sulfur,production,World,1996,52400000,t,
sulfur,production,World,1997,53600000,t,
sulfur,production,World,1998,57800000,t,
sulfur,production,World,1999,57100000,t,
sulfur,production,World,2000,57200000,t,
sulfur,production,World,2001,57300000,t,
sulfur,production,World,2002,57700000,t,
sulfur,production,World,2003,61800000,t,
sulfur,production,World,2004,64100000,t,
sulfur,production,World,2005,66000000,t,
sulfur,production,World,2006,65700000,t,
sulfur,production,World,2007,68400000,t,
sulfur,production,World,2008,69600000,t,
sulfur,production,World,2009,67900000,t,
sulfur,production,World,2010,68100000,t,
sulfur,production,World,2011,70500000,t,
sulfur,production,World,2012,68100000,t,
sulfur,production,World,2013,70400000,t,
sulfur,production,World,2014,70000000,t,
sulfur,production,World,2015,69400000,t,
sulfur,production,World,2016,74400000,t,modified by the author – see README
sulfur,production,World,2017,71740000,t,modified by the author – see README
sulfur,production,World,2018,75762700,t,modified by the author – see README
sulfur,production,World,2019,76950000,t,modified by the author – see README
sulfur,production,World,2020,77840000,t,modified by the author – see README
sulfur,production,World,2021,78330000,t,modified by the author – see README
sulfur,production,World,2022,79060638,t,modified by the author – see README
talc and pyrophyllite,mine,Afghanistan,2021,628000,t,
talc and pyrophyllite,mine,Afghanistan,2022,600000,t,
talc and pyrophyllite,mine,Brazil,1994,440000,t,
talc and pyrophyllite,mine,Brazil,1995,460000,t,
talc and pyrophyllite,mine,Brazil,1996,510000,t,
talc and pyrophyllite,mine,Brazil,1997,625000,t,
talc and pyrophyllite,mine,Brazil,1998,452000,t,
talc and pyrophyllite,mine,Brazil,1999,452000,t,
talc and pyrophyllite,mine,Brazil,2000,452000,t,
talc and pyrophyllite,mine,Brazil,2001,450000,t,
talc and pyrophyllite,mine,Brazil,2002,450000,t,
talc and pyrophyllite,mine,Brazil,2003,400000,t,
talc and pyrophyllite,mine,Brazil,2004,570000,t,
talc and pyrophyllite,mine,Brazil,2005,607000,t,
talc and pyrophyllite,mine,Brazil,2006,608000,t,
talc and pyrophyllite,mine,Brazil,2007,400000,t,
talc and pyrophyllite,mine,Brazil,2008,405000,t,
talc and pyrophyllite,mine,Brazil,2009,401000,t,
talc and pyrophyllite,mine,Brazil,2010,410000,t,
talc and pyrophyllite,mine,Brazil,2011,656000,t,
talc and pyrophyllite,mine,Brazil,2012,550000,t,
talc and pyrophyllite,mine,Brazil,2013,550000,t,
talc and pyrophyllite,mine,Brazil,2014,700000,t,
talc and pyrophyllite,mine,Brazil,2015,845000,t,
talc and pyrophyllite,mine,Brazil,2016,850000,t,
talc and pyrophyllite,mine,Brazil,2017,850000,t,
talc and pyrophyllite,mine,Brazil,2018,660000,t,
talc and pyrophyllite,mine,Brazil,2019,660000,t,
talc and pyrophyllite,mine,Brazil,2020,650000,t,
talc and pyrophyllite,mine,Brazil,2021,660000,t,
talc and pyrophyllite,mine,Brazil,2022,660000,t,
talc and pyrophyllite,mine,Canada,2018,210000,t,
talc and pyrophyllite,mine,Canada,2019,240000,t,
talc and pyrophyllite,mine,Canada,2020,230000,t,
talc and pyrophyllite,mine,Canada,2021,150000,t,
talc and pyrophyllite,mine,Canada,2022,150000,t,
talc and pyrophyllite,mine,China,1994,2400000,t,
talc and pyrophyllite,mine,China,1995,2400000,t,
talc and pyrophyllite,mine,China,1996,2400000,t,
talc and pyrophyllite,mine,China,1997,2350000,t,
talc and pyrophyllite,mine,China,1998,2300000,t,
talc and pyrophyllite,mine,China,1999,3900000,t,
talc and pyrophyllite,mine,China,2000,3500000,t,
talc and pyrophyllite,mine,China,2001,3500000,t,
talc and pyrophyllite,mine,China,2002,3600000,t,
talc and pyrophyllite,mine,China,2003,3600000,t,
talc and pyrophyllite,mine,China,2004,3000000,t,
talc and pyrophyllite,mine,China,2005,3000000,t,
talc and pyrophyllite,mine,China,2006,3000000,t,
talc and pyrophyllite,mine,China,2007,2400000,t,
talc and pyrophyllite,mine,China,2008,2200000,t,
talc and pyrophyllite,mine,China,2009,2300000,t,
talc and pyrophyllite,mine,China,2010,2000000,t,
talc and pyrophyllite,mine,China,2011,2200000,t,
talc and pyrophyllite,mine,China,2012,2200000,t,
talc and pyrophyllite,mine,China,2013,2200000,t,
talc and pyrophyllite,mine,China,2014,2200000,t,
talc and pyrophyllite,mine,China,2015,2200000,t,
talc and pyrophyllite,mine,China,2016,1800000,t,
talc and pyrophyllite,mine,China,2017,1800000,t,
talc and pyrophyllite,mine,China,2018,1800000,t,
talc and pyrophyllite,mine,China,2019,1400000,t,
talc and pyrophyllite,mine,China,2020,1300000,t,
talc and pyrophyllite,mine,China,2021,1100000,t,
talc and pyrophyllite,mine,China,2022,1100000,t,
talc and pyrophyllite,mine,Finland,2005,542000,t,
talc and pyrophyllite,mine,Finland,2006,550000,t,
talc and pyrophyllite,mine,Finland,2007,550000,t,
talc and pyrophyllite,mine,Finland,2008,550000,t,
talc and pyrophyllite,mine,Finland,2009,500000,t,
talc and pyrophyllite,mine,Finland,2010,500000,t,
talc and pyrophyllite,mine,Finland,2011,500000,t,
talc and pyrophyllite,mine,Finland,2012,440000,t,
talc and pyrophyllite,mine,Finland,2013,440000,t,
talc and pyrophyllite,mine,Finland,2014,381000,t,
talc and pyrophyllite,mine,Finland,2017,350000,t,
talc and pyrophyllite,mine,Finland,2018,380000,t,
talc and pyrophyllite,mine,Finland,2019,330000,t,
talc and pyrophyllite,mine,Finland,2020,278000,t,
talc and pyrophyllite,mine,Finland,2021,297000,t,
talc and pyrophyllite,mine,Finland,2022,300000,t,
talc and pyrophyllite,mine,France,2009,420000,t,
talc and pyrophyllite,mine,France,2010,420000,t,
talc and pyrophyllite,mine,France,2011,420000,t,
talc and pyrophyllite,mine,France,2012,420000,t,
talc and pyrophyllite,mine,France,2013,420000,t,
talc and pyrophyllite,mine,France,2014,450000,t,
talc and pyrophyllite,mine,France,2015,450000,t,
talc and pyrophyllite,mine,France,2016,450000,t,
talc and pyrophyllite,mine,France,2017,450000,t,
talc and pyrophyllite,mine,France,2018,450000,t,
talc and pyrophyllite,mine,France,2019,450000,t,
talc and pyrophyllite,mine,France,2020,450000,t,
talc and pyrophyllite,mine,France,2021,350000,t,
talc and pyrophyllite,mine,France,2022,350000,t,
talc and pyrophyllite,mine,India,1994,442000,t,
talc and pyrophyllite,mine,India,1995,456000,t,
talc and pyrophyllite,mine,India,1996,580000,t,
talc and pyrophyllite,mine,India,1997,610000,t,
talc and pyrophyllite,mine,India,1998,543000,t,
talc and pyrophyllite,mine,India,1999,535000,t,
talc and pyrophyllite,mine,India,2000,545000,t,
talc and pyrophyllite,mine,India,2001,546000,t,
talc and pyrophyllite,mine,India,2002,550000,t,
talc and pyrophyllite,mine,India,2003,555000,t,
talc and pyrophyllite,mine,India,2004,636000,t,
talc and pyrophyllite,mine,India,2005,630000,t,
talc and pyrophyllite,mine,India,2006,646000,t,
talc and pyrophyllite,mine,India,2007,642000,t,
talc and pyrophyllite,mine,India,2008,647000,t,
talc and pyrophyllite,mine,India,2009,638000,t,
talc and pyrophyllite,mine,India,2010,637000,t,
talc and pyrophyllite,mine,India,2011,650000,t,
talc and pyrophyllite,mine,India,2012,662000,t,
talc and pyrophyllite,mine,India,2013,663000,t,
talc and pyrophyllite,mine,India,2014,1160000,t,
talc and pyrophyllite,mine,India,2015,922000,t,
talc and pyrophyllite,mine,India,2016,1000000,t,
talc and pyrophyllite,mine,India,2017,900000,t,
talc and pyrophyllite,mine,India,2018,920000,t,
talc and pyrophyllite,mine,India,2019,920000,t,
talc and pyrophyllite,mine,India,2020,1670000,t,
talc and pyrophyllite,mine,India,2021,1750000,t,
talc and pyrophyllite,mine,India,2022,1750000,t,
talc and pyrophyllite,mine,Italy,2018,170000,t,
talc and pyrophyllite,mine,Italy,2019,165000,t,
talc and pyrophyllite,mine,Italy,2020,165000,t,
talc and pyrophyllite,mine,Italy,2021,165000,t,
talc and pyrophyllite,mine,Italy,2022,165000,t,
talc and pyrophyllite,mine,Japan,1994,999000,t,
talc and pyrophyllite,mine,Japan,1995,994000,t,
talc and pyrophyllite,mine,Japan,1996,965000,t,
talc and pyrophyllite,mine,Japan,1997,1010000,t,
talc and pyrophyllite,mine,Japan,1998,965000,t,
talc and pyrophyllite,mine,Japan,1999,800000,t,
talc and pyrophyllite,mine,Japan,2000,743000,t,
talc and pyrophyllite,mine,Japan,2001,668000,t,
talc and pyrophyllite,mine,Japan,2002,665000,t,
talc and pyrophyllite,mine,Japan,2003,640000,t,
talc and pyrophyllite,mine,Japan,2004,585000,t,
talc and pyrophyllite,mine,Japan,2005,431000,t,
talc and pyrophyllite,mine,Japan,2006,375000,t,
talc and pyrophyllite,mine,Japan,2007,275000,t,
talc and pyrophyllite,mine,Japan,2008,355000,t,
talc and pyrophyllite,mine,Japan,2009,365000,t,
talc and pyrophyllite,mine,Japan,2010,364000,t,
talc and pyrophyllite,mine,Japan,2011,374000,t,
talc and pyrophyllite,mine,Japan,2012,365000,t,
talc and pyrophyllite,mine,Japan,2013,376000,t,
talc and pyrophyllite,mine,Japan,2014,365000,t,
talc and pyrophyllite,mine,Japan,2015,365000,t,
talc and pyrophyllite,mine,Japan,2016,365000,t,
talc and pyrophyllite,mine,Japan,2017,365000,t,
talc and pyrophyllite,mine,Japan,2018,160000,t,
talc and pyrophyllite,mine,Japan,2019,150000,t,
talc and pyrophyllite,mine,Japan,2020,160000,t,
talc and pyrophyllite,mine,Japan,2021,160000,t,
talc and pyrophyllite,mine,Japan,2022,160000,t,
talc and pyrophyllite,mine,Korea South,1995,730000,t,
talc and pyrophyllite,mine,Korea South,1996,820000,t,
talc and pyrophyllite,mine,Korea South,1997,810000,t,
talc and pyrophyllite,mine,Korea South,1998,822000,t,
talc and pyrophyllite,mine,Korea South,1999,875000,t,
talc and pyrophyllite,mine,Korea South,2000,776000,t,
talc and pyrophyllite,mine,Korea South,2001,1100000,t,
talc and pyrophyllite,mine,Korea South,2002,1100000,t,
talc and pyrophyllite,mine,Korea South,2003,940000,t,
talc and pyrophyllite,mine,Korea South,2004,958000,t,
talc and pyrophyllite,mine,Korea South,2005,900000,t,
talc and pyrophyllite,mine,Korea South,2006,1010000,t,
talc and pyrophyllite,mine,Korea South,2007,744000,t,
talc and pyrophyllite,mine,Korea South,2008,825000,t,
talc and pyrophyllite,mine,Korea South,2009,907000,t,
talc and pyrophyllite,mine,Korea South,2010,706000,t,
talc and pyrophyllite,mine,Korea South,2011,706000,t,
talc and pyrophyllite,mine,Korea South,2012,515000,t,
talc and pyrophyllite,mine,Korea South,2013,520000,t,
talc and pyrophyllite,mine,Korea South,2014,503000,t,
talc and pyrophyllite,mine,Korea South,2015,605000,t,
talc and pyrophyllite,mine,Korea South,2016,600000,t,
talc and pyrophyllite,mine,Korea South,2017,603000,t,
talc and pyrophyllite,mine,Korea South,2019,330000,t,
talc and pyrophyllite,mine,Korea South,2020,476000,t,
talc and pyrophyllite,mine,Korea South,2021,355000,t,
talc and pyrophyllite,mine,Korea South,2022,300000,t,
talc and pyrophyllite,mine,Mexico,2015,750000,t,
talc and pyrophyllite,mine,Mexico,2016,700000,t,
talc and pyrophyllite,mine,Other countries,1994,1950000,t,
talc and pyrophyllite,mine,Other countries,1995,1050000,t,
talc and pyrophyllite,mine,Other countries,1996,1920000,t,
talc and pyrophyllite,mine,Other countries,1997,2015000,t,
talc and pyrophyllite,mine,Other countries,1998,2000000,t,
talc and pyrophyllite,mine,Other countries,1999,1980000,t,
talc and pyrophyllite,mine,Other countries,2000,2770000,t,
talc and pyrophyllite,mine,Other countries,2001,2040000,t,
talc and pyrophyllite,mine,Other countries,2002,1730000,t,
talc and pyrophyllite,mine,Other countries,2003,1920000,t,
talc and pyrophyllite,mine,Other countries,2004,1710000,t,
talc and pyrophyllite,mine,Other countries,2005,1280000,t,
talc and pyrophyllite,mine,Other countries,2006,1840000,t,
talc and pyrophyllite,mine,Other countries,2007,1840000,t,
talc and pyrophyllite,mine,Other countries,2008,1820000,t,
talc and pyrophyllite,mine,Other countries,2009,1390000,t,
talc and pyrophyllite,mine,Other countries,2010,1570000,t,
talc and pyrophyllite,mine,Other countries,2011,1570000,t,
talc and pyrophyllite,mine,Other countries,2012,1760000,t,
talc and pyrophyllite,mine,Other countries,2013,1190000,t,
talc and pyrophyllite,mine,Other countries,2014,865000,t,
talc and pyrophyllite,mine,Other countries,2015,1590000,t,
talc and pyrophyllite,mine,Other countries,2016,1680000,t,
talc and pyrophyllite,mine,Other countries,2017,1340000,t,
talc and pyrophyllite,mine,Other countries,2019,728000,t,
talc and pyrophyllite,mine,Other countries,2020,600000,t,
talc and pyrophyllite,mine,Other countries,2021,690000,t,
talc and pyrophyllite,mine,Other countries,2022,690000,t,
talc and pyrophyllite,mine,Pakistan,2019,183000,t,
talc and pyrophyllite,mine,Pakistan,2020,126000,t,
talc and pyrophyllite,mine,Pakistan,2021,140000,t,
talc and pyrophyllite,mine,Pakistan,2022,230000,t,
talc and pyrophyllite,mine,South Africa,1994,710000,t,
talc and pyrophyllite,mine,South Africa,2020,126000,t,
talc and pyrophyllite,mine,Turkey,2021,220000,t,
talc and pyrophyllite,mine,Turkey,2022,220000,t,
talc and pyrophyllite,mine,United States,1994,935000,t,
talc and pyrophyllite,mine,United States,1995,1060000,t,
talc and pyrophyllite,mine,United States,1996,994000,t,
talc and pyrophyllite,mine,United States,1997,1050000,t,
talc and pyrophyllite,mine,United States,1998,971000,t,
talc and pyrophyllite,mine,United States,1999,925000,t,
talc and pyrophyllite,mine,United States,2000,851000,t,
talc and pyrophyllite,mine,United States,2001,853000,t,
talc and pyrophyllite,mine,United States,2002,775000,t,
talc and pyrophyllite,mine,United States,2003,869000,t,
talc and pyrophyllite,mine,United States,2004,857000,t,
talc and pyrophyllite,mine,United States,2005,856000,t,
talc and pyrophyllite,mine,United States,2006,895000,t,
talc and pyrophyllite,mine,United States,2007,769000,t,
talc and pyrophyllite,mine,United States,2008,706000,t,
talc and pyrophyllite,mine,United States,2009,511000,t,
talc and pyrophyllite,mine,United States,2010,604000,t,
talc and pyrophyllite,mine,United States,2011,616000,t,
talc and pyrophyllite,mine,United States,2012,515000,t,
talc and pyrophyllite,mine,United States,2013,542000,t,
talc and pyrophyllite,mine,United States,2014,610000,t,
talc and pyrophyllite,mine,United States,2015,687000,t,
talc and pyrophyllite,mine,United States,2016,536000,t,
talc and pyrophyllite,mine,United States,2017,610000,t,
talc and pyrophyllite,mine,United States,2018,650000,t,
talc and pyrophyllite,mine,United States,2019,578000,t,
talc and pyrophyllite,mine,United States,2020,490000,t,
talc and pyrophyllite,mine,United States,2021,577000,t,
talc and pyrophyllite,mine,United States,2022,580000,t,
talc and pyrophyllite,mine,World,1994,7880000,t,
talc and pyrophyllite,mine,World,1995,7150000,t,
talc and pyrophyllite,mine,World,1996,8190000,t,
talc and pyrophyllite,mine,World,1997,8470000,t,
talc and pyrophyllite,mine,World,1998,8050000,t,
talc and pyrophyllite,mine,World,1999,9470000,t,
talc and pyrophyllite,mine,World,2000,9640000,t,
talc and pyrophyllite,mine,World,2001,8920000,t,
talc and pyrophyllite,mine,World,2002,8870000,t,
talc and pyrophyllite,mine,World,2003,8920000,t,
talc and pyrophyllite,mine,World,2004,8320000,t,
talc and pyrophyllite,mine,World,2005,8250000,t,
talc and pyrophyllite,mine,World,2006,8920000,t,
talc and pyrophyllite,mine,World,2007,7620000,t,
talc and pyrophyllite,mine,World,2008,7510000,t,
talc and pyrophyllite,mine,World,2009,7430000,t,
talc and pyrophyllite,mine,World,2010,7210000,t,
talc and pyrophyllite,mine,World,2011,7690000,t,
talc and pyrophyllite,mine,World,2012,7430000,t,
talc and pyrophyllite,mine,World,2013,6900000,t,
talc and pyrophyllite,mine,World,2014,7230000,t,
talc and pyrophyllite,mine,World,2015,8400000,t,
talc and pyrophyllite,mine,World,2016,7900000,t,
talc and pyrophyllite,mine,World,2017,7270000,t,
talc and pyrophyllite,mine,World,2018,6600000,t,
talc and pyrophyllite,mine,World,2019,6140000,t,
talc and pyrophyllite,mine,World,2020,6720000,t,
talc and pyrophyllite,mine,World,2021,7240000,t,
talc and pyrophyllite,mine,World,2022,7300000,t,
tantalum,mine,Australia,1994,238,t,
tantalum,mine,Australia,1995,274,t,
tantalum,mine,Australia,1996,276,t,
tantalum,mine,Australia,1997,302,t,
tantalum,mine,Australia,1998,330,t,
tantalum,mine,Australia,1999,350,t,
tantalum,mine,Australia,2000,485,t,
tantalum,mine,Australia,2001,660,t,
tantalum,mine,Australia,2002,940,t,
tantalum,mine,Australia,2003,765,t,
tantalum,mine,Australia,2004,730,t,
tantalum,mine,Australia,2005,730,t,
tantalum,mine,Australia,2006,850,t,
tantalum,mine,Australia,2007,435,t,
tantalum,mine,Australia,2008,557,t,
tantalum,mine,Australia,2009,81,t,
tantalum,mine,Australia,2014,50,t,
tantalum,mine,Australia,2017,83,t,
tantalum,mine,Australia,2018,23,t,
tantalum,mine,Australia,2019,67,t,
tantalum,mine,Australia,2020,34,t,
tantalum,mine,Australia,2021,44,t,
tantalum,mine,Australia,2022,57,t,
tantalum,mine,Bolivia,2020,7,t,
tantalum,mine,Bolivia,2021,1,t,
tantalum,mine,Bolivia,2022,1,t,
tantalum,mine,Brazil,1994,50,t,
tantalum,mine,Brazil,1995,50,t,
tantalum,mine,Brazil,1996,55,t,
tantalum,mine,Brazil,1997,55,t,
tantalum,mine,Brazil,1998,60,t,
tantalum,mine,Brazil,1999,90,t,
tantalum,mine,Brazil,2000,90,t,
tantalum,mine,Brazil,2001,340,t,
tantalum,mine,Brazil,2002,200,t,
tantalum,mine,Brazil,2003,200,t,
tantalum,mine,Brazil,2004,250,t,
tantalum,mine,Brazil,2005,250,t,
tantalum,mine,Brazil,2006,250,t,
tantalum,mine,Brazil,2007,180,t,
tantalum,mine,Brazil,2008,180,t,
tantalum,mine,Brazil,2009,180,t,
tantalum,mine,Brazil,2010,180,t,
tantalum,mine,Brazil,2011,180,t,
tantalum,mine,Brazil,2012,140,t,
tantalum,mine,Brazil,2013,98,t,
tantalum,mine,Brazil,2014,150,t,
tantalum,mine,Brazil,2015,115,t,
tantalum,mine,Brazil,2016,103,t,
tantalum,mine,Brazil,2017,110,t,
tantalum,mine,Brazil,2018,250,t,
tantalum,mine,Brazil,2019,430,t,
tantalum,mine,Brazil,2020,470,t,
tantalum,mine,Brazil,2021,360,t,
tantalum,mine,Brazil,2022,370,t,
tantalum,mine,Burundi,2001,7,t,
tantalum,mine,Burundi,2002,28,t,
tantalum,mine,Burundi,2003,14,t,
tantalum,mine,Burundi,2004,6,t,
tantalum,mine,Burundi,2005,6,t,
tantalum,mine,Burundi,2011,13,t,
tantalum,mine,Burundi,2012,33,t,
tantalum,mine,Burundi,2013,20,t,
tantalum,mine,Burundi,2018,23,t,
tantalum,mine,Burundi,2019,38,t,
tantalum,mine,Burundi,2020,24,t,
tantalum,mine,Burundi,2021,39,t,
tantalum,mine,Burundi,2022,39,t,
tantalum,mine,Canada,1994,28,t,
tantalum,mine,Canada,1995,26,t,
tantalum,mine,Canada,1996,48,t,
tantalum,mine,Canada,1997,54,t,
tantalum,mine,Canada,1998,61,t,
tantalum,mine,Canada,1999,52,t,
tantalum,mine,Canada,2000,57,t,
tantalum,mine,Canada,2001,77,t,
tantalum,mine,Canada,2002,58,t,
tantalum,mine,Canada,2003,55,t,
tantalum,mine,Canada,2004,69,t,
tantalum,mine,Canada,2005,70,t,
tantalum,mine,Canada,2006,68,t,
tantalum,mine,Canada,2007,45,t,
tantalum,mine,Canada,2008,40,t,
tantalum,mine,Canada,2009,25,t,
tantalum,mine,Canada,2012,50,t,
tantalum,mine,Canada,2013,5,t,
tantalum,mine,China,2013,60,t,
tantalum,mine,China,2014,60,t,
tantalum,mine,China,2015,60,t,
tantalum,mine,China,2016,94,t,
tantalum,mine,China,2017,110,t,
tantalum,mine,China,2018,90,t,
tantalum,mine,China,2019,76,t,
tantalum,mine,China,2020,74,t,
tantalum,mine,China,2021,76,t,
tantalum,mine,China,2022,78,t,
tantalum,mine,Congo (Kinshasa),2000,130,t,
tantalum,mine,Congo (Kinshasa),2001,60,t,
tantalum,mine,Congo (Kinshasa),2002,60,t,
tantalum,mine,Congo (Kinshasa),2003,15,t,
tantalum,mine,Congo (Kinshasa),2004,60,t,
tantalum,mine,Congo (Kinshasa),2005,25,t,
tantalum,mine,Congo (Kinshasa),2008,100,t,
tantalum,mine,Congo (Kinshasa),2011,95,t,
tantalum,mine,Congo (Kinshasa),2012,100,t,
tantalum,mine,Congo (Kinshasa),2013,200,t,
tantalum,mine,Congo (Kinshasa),2014,200,t,
tantalum,mine,Congo (Kinshasa),2015,350,t,
tantalum,mine,Congo (Kinshasa),2016,370,t,
tantalum,mine,Congo (Kinshasa),2017,760,t,
tantalum,mine,Congo (Kinshasa),2018,740,t,
tantalum,mine,Congo (Kinshasa),2019,580,t,
tantalum,mine,Congo (Kinshasa),2020,780,t,
tantalum,mine,Congo (Kinshasa),2021,790,t,
tantalum,mine,Congo (Kinshasa),2022,860,t,
tantalum,mine,Ethiopia,2000,38,t,
tantalum,mine,Ethiopia,2001,47,t,
tantalum,mine,Ethiopia,2002,35,t,
tantalum,mine,Ethiopia,2003,35,t,
tantalum,mine,Ethiopia,2004,35,t,
tantalum,mine,Ethiopia,2005,45,t,
tantalum,mine,Ethiopia,2006,70,t,
tantalum,mine,Ethiopia,2007,77,t,
tantalum,mine,Ethiopia,2011,76,t,
tantalum,mine,Ethiopia,2012,95,t,
tantalum,mine,Ethiopia,2013,8,t,
tantalum,mine,Ethiopia,2016,63,t,
tantalum,mine,Ethiopia,2017,65,t,
tantalum,mine,Ethiopia,2018,70,t,
tantalum,mine,Ethiopia,2019,70,t,
tantalum,mine,Ethiopia,2020,69,t,
tantalum,mine,Ethiopia,2021,32,t,
tantalum,mine,Ethiopia,2022,24,t,
tantalum,mine,Mozambique,2002,12,t,
tantalum,mine,Mozambique,2003,75,t,
tantalum,mine,Mozambique,2004,280,t,
tantalum,mine,Mozambique,2005,81,t,
tantalum,mine,Mozambique,2006,70,t,
tantalum,mine,Mozambique,2009,113,t,
tantalum,mine,Mozambique,2010,120,t,
tantalum,mine,Mozambique,2011,260,t,
tantalum,mine,Mozambique,2012,39,t,
tantalum,mine,Mozambique,2013,115,t,
tantalum,mine,Mozambique,2020,43,t,
tantalum,mine,Mozambique,2021,37,t,
tantalum,mine,Mozambique,2022,34,t,
tantalum,mine,Namibia,2003,11,t,
tantalum,mine,Namibia,2004,11,t,
tantalum,mine,Namibia,2005,3,t,
tantalum,mine,Nigeria,1994,2,t,
tantalum,mine,Nigeria,1995,2,t,
tantalum,mine,Nigeria,1996,2,t,
tantalum,mine,Nigeria,1997,2,t,
tantalum,mine,Nigeria,1998,3,t,
tantalum,mine,Nigeria,1999,3,t,
tantalum,mine,Nigeria,2000,4,t,
tantalum,mine,Nigeria,2001,3,t,
tantalum,mine,Nigeria,2002,3,t,
tantalum,mine,Nigeria,2003,23,t,
tantalum,mine,Nigeria,2004,21,t,
tantalum,mine,Nigeria,2005,5,t,
tantalum,mine,Nigeria,2011,50,t,
tantalum,mine,Nigeria,2012,63,t,
tantalum,mine,Nigeria,2013,60,t,
tantalum,mine,Nigeria,2016,192,t,
tantalum,mine,Nigeria,2017,153,t,
tantalum,mine,Nigeria,2018,200,t,
tantalum,mine,Nigeria,2019,180,t,
tantalum,mine,Nigeria,2020,260,t,
tantalum,mine,Nigeria,2021,110,t,
tantalum,mine,Nigeria,2022,110,t,
tantalum,mine,Other countries,1994,2,t,
tantalum,mine,Other countries,1995,1,t,
tantalum,mine,Other countries,2000,32,t,
tantalum,mine,Other countries,2006,32,t,
tantalum,mine,Other countries,2007,36,t,
tantalum,mine,Other countries,2008,188,t,
tantalum,mine,Other countries,2009,162,t,
tantalum,mine,Other countries,2010,271,t,
tantalum,mine,Other countries,2014,140,t,
tantalum,mine,Other countries,2015,117,t,
tantalum,mine,Other countries,2016,45,t,
tantalum,mine,Other countries,2017,83,t,
tantalum,mine,Other countries,2018,40,t,
tantalum,mine,Other countries,2019,45,t,
tantalum,mine,Russia,2018,38,t,
tantalum,mine,Russia,2019,26,t,
tantalum,mine,Russia,2020,49,t,
tantalum,mine,Russia,2021,39,t,
tantalum,mine,Russia,2022,39,t,
tantalum,mine,Rwanda,1994,2,t,
tantalum,mine,Rwanda,2001,95,t,
tantalum,mine,Rwanda,2002,53,t,
tantalum,mine,Rwanda,2003,14,t,
tantalum,mine,Rwanda,2004,40,t,
tantalum,mine,Rwanda,2005,40,t,
tantalum,mine,Rwanda,2006,62,t,
tantalum,mine,Rwanda,2007,42,t,
tantalum,mine,Rwanda,2008,100,t,
tantalum,mine,Rwanda,2009,104,t,
tantalum,mine,Rwanda,2010,110,t,
tantalum,mine,Rwanda,2011,93,t,
tantalum,mine,Rwanda,2012,150,t,
tantalum,mine,Rwanda,2013,600,t,
tantalum,mine,Rwanda,2014,600,t,
tantalum,mine,Rwanda,2015,410,t,
tantalum,mine,Rwanda,2016,350,t,
tantalum,mine,Rwanda,2017,441,t,
tantalum,mine,Rwanda,2018,421,t,
tantalum,mine,Rwanda,2019,336,t,
tantalum,mine,Rwanda,2020,254,t,
tantalum,mine,Rwanda,2021,269,t,
tantalum,mine,Rwanda,2022,350,t,
tantalum,mine,Uganda,2002,5,t,
tantalum,mine,Uganda,2003,2,t,
tantalum,mine,Uganda,2004,5,t,
tantalum,mine,Uganda,2005,0,t,
tantalum,mine,Uganda,2020,38,t,
tantalum,mine,Uganda,2021,38,t,
tantalum,mine,Uganda,2022,38,t,
tantalum,mine,World,1994,325,t,
tantalum,mine,World,1995,356,t,
tantalum,mine,World,1996,383,t,
tantalum,mine,World,1997,413,t,
tantalum,mine,World,1998,454,t,
tantalum,mine,World,1999,495,t,
tantalum,mine,World,2000,836,t,
tantalum,mine,World,2001,1300,t,
tantalum,mine,World,2002,1540,t,
tantalum,mine,World,2003,1210,t,
tantalum,mine,World,2004,1510,t,
tantalum,mine,World,2005,1260,t,
tantalum,mine,World,2006,1400,t,
tantalum,mine,World,2007,815,t,
tantalum,mine,World,2008,1170,t,
tantalum,mine,World,2009,665,t,
tantalum,mine,World,2010,681,t,
tantalum,mine,World,2011,767,t,
tantalum,mine,World,2012,670,t,
tantalum,mine,World,2013,1170,t,
tantalum,mine,World,2014,1200,t,
tantalum,mine,World,2015,1100,t,
tantalum,mine,World,2016,1220,t,
tantalum,mine,World,2017,1810,t,
tantalum,mine,World,2018,1890,t,
tantalum,mine,World,2019,1850,t,
tantalum,mine,World,2020,2100,t,
tantalum,mine,World,2021,1840,t,
tantalum,mine,World,2022,2000,t,
tantalum,mine,Zaire,1994,1,t,
tantalum,mine,Zaire,1995,1,t,
tantalum,mine,Zimbabwe,1994,2,t,
tantalum,mine,Zimbabwe,1995,2,t,
tantalum,mine,Zimbabwe,1996,2,t,
tantalum,mine,Zimbabwe,2001,9,t,
tantalum,mine,Zimbabwe,2002,144,t,
tantalum,mine,Zimbabwe,2003,1,t,
tantalum,mine,Zimbabwe,2004,4,t,
tellurium,refinery,Bulgaria,2016,4,t,
tellurium,refinery,Bulgaria,2017,5,t,
tellurium,refinery,Bulgaria,2018,5,t,
tellurium,refinery,Bulgaria,2019,4,t,
tellurium,refinery,Bulgaria,2020,3,t,
tellurium,refinery,Bulgaria,2021,4,t,
tellurium,refinery,Bulgaria,2022,4,t,
tellurium,refinery,Canada,1994,27,t,
tellurium,refinery,Canada,1995,45,t,
tellurium,refinery,Canada,1996,62,t,
tellurium,refinery,Canada,1997,40,t,
tellurium,refinery,Canada,1998,57,t,
tellurium,refinery,Canada,1999,67,t,
tellurium,refinery,Canada,2000,65,t,
tellurium,refinery,Canada,2001,80,t,
tellurium,refinery,Canada,2002,45,t,
tellurium,refinery,Canada,2003,45,t,
tellurium,refinery,Canada,2004,40,t,
tellurium,refinery,Canada,2005,75,t,
tellurium,refinery,Canada,2006,75,t,
tellurium,refinery,Canada,2007,8,t,
tellurium,refinery,Canada,2008,19,t,
tellurium,refinery,Canada,2009,16,t,
tellurium,refinery,Canada,2010,8,t,
tellurium,refinery,Canada,2011,6,t,
tellurium,refinery,Canada,2012,11,t,
tellurium,refinery,Canada,2013,12,t,
tellurium,refinery,Canada,2014,9,t,
tellurium,refinery,Canada,2015,9,t,
tellurium,refinery,Canada,2016,18,t,
tellurium,refinery,Canada,2017,49,t,
tellurium,refinery,Canada,2018,25,t,
tellurium,refinery,Canada,2019,40,t,
tellurium,refinery,Canada,2020,44,t,
tellurium,refinery,Canada,2021,44,t,
tellurium,refinery,Canada,2022,50,t,
tellurium,refinery,China,2016,280,t,
tellurium,refinery,China,2017,290,t,
tellurium,refinery,China,2018,280,t,
tellurium,refinery,China,2019,325,t,
tellurium,refinery,China,2020,330,t,
tellurium,refinery,China,2021,330,t,
tellurium,refinery,China,2022,340,t,
tellurium,refinery,Japan,1994,48,t,
tellurium,refinery,Japan,1995,45,t,
tellurium,refinery,Japan,1996,39,t,
tellurium,refinery,Japan,1997,24,t,
tellurium,refinery,Japan,1998,33,t,
tellurium,refinery,Japan,1999,35,t,
tellurium,refinery,Japan,2000,35,t,
tellurium,refinery,Japan,2001,39,t,
tellurium,refinery,Japan,2002,29,t,
tellurium,refinery,Japan,2003,28,t,
tellurium,refinery,Japan,2004,33,t,
tellurium,refinery,Japan,2005,22,t,
tellurium,refinery,Japan,2006,24,t,
tellurium,refinery,Japan,2008,40,t,
tellurium,refinery,Japan,2009,38,t,
tellurium,refinery,Japan,2010,51,t,
tellurium,refinery,Japan,2011,40,t,
tellurium,refinery,Japan,2012,45,t,
tellurium,refinery,Japan,2013,48,t,
tellurium,refinery,Japan,2014,32,t,
tellurium,refinery,Japan,2015,37,t,
tellurium,refinery,Japan,2016,33,t,
tellurium,refinery,Japan,2017,38,t,
tellurium,refinery,Japan,2018,58,t,
tellurium,refinery,Japan,2019,50,t,
tellurium,refinery,Japan,2020,70,t,
tellurium,refinery,Japan,2021,68,t,
tellurium,refinery,Japan,2022,70,t,
tellurium,refinery,Peru,1994,19,t,
tellurium,refinery,Peru,1995,19,t,
tellurium,refinery,Peru,1996,28,t,
tellurium,refinery,Peru,1997,25,t,
tellurium,refinery,Peru,1998,25,t,
tellurium,refinery,Peru,1999,22,t,
tellurium,refinery,Peru,2000,25,t,
tellurium,refinery,Peru,2001,22,t,
tellurium,refinery,Peru,2002,20,t,
tellurium,refinery,Peru,2003,20,t,
tellurium,refinery,Peru,2004,20,t,
tellurium,refinery,Peru,2005,22,t,
tellurium,refinery,Peru,2006,33,t,
tellurium,refinery,Peru,2007,33,t,
tellurium,refinery,Peru,2008,30,t,
tellurium,refinery,Peru,2009,30,t,
tellurium,refinery,Peru,2010,30,t,
tellurium,refinery,Russia,2009,34,t,
tellurium,refinery,Russia,2010,34,t,
tellurium,refinery,Russia,2011,34,t,
tellurium,refinery,Russia,2012,35,t,
tellurium,refinery,Russia,2013,35,t,
tellurium,refinery,Russia,2014,32,t,
tellurium,refinery,Russia,2015,35,t,
tellurium,refinery,Russia,2016,35,t,
tellurium,refinery,Russia,2017,44,t,
tellurium,refinery,Russia,2018,42,t,
tellurium,refinery,Russia,2019,52,t,
tellurium,refinery,Russia,2020,71,t,
tellurium,refinery,Russia,2021,70,t,
tellurium,refinery,Russia,2022,80,t,
tellurium,refinery,South Africa,2017,7,t,
tellurium,refinery,South Africa,2018,6,t,
tellurium,refinery,South Africa,2019,8,t,
tellurium,refinery,South Africa,2020,2,t,
tellurium,refinery,South Africa,2021,4,t,
tellurium,refinery,South Africa,2022,4,t,
tellurium,refinery,Sweden,2014,31,t,
tellurium,refinery,Sweden,2015,33,t,
tellurium,refinery,Sweden,2016,39,t,
tellurium,refinery,Sweden,2017,35,t,
tellurium,refinery,Sweden,2018,45,t,
tellurium,refinery,Sweden,2019,41,t,
tellurium,refinery,Sweden,2020,42,t,
tellurium,refinery,Sweden,2021,41,t,
tellurium,refinery,Sweden,2022,40,t,
tellurium,refinery,Uzbekistan,2021,48,t,
tellurium,refinery,Uzbekistan,2022,50,t,
tellurium,refinery,World,1996,129,t,
tellurium,refinery,World,1997,89,t,
tellurium,refinery,World,1998,115,t,
tellurium,refinery,World,1999,124,t,
tellurium,refinery,World,2000,125,t,
tellurium,refinery,World,2001,141,t,
tellurium,refinery,World,2002,94,t,
tellurium,refinery,World,2003,93,t,
tellurium,refinery,World,2004,93,t,
tellurium,refinery,World,2005,119,t,
tellurium,refinery,World,2006,132,t,
tellurium,refinery,World,2016,410,t,
tellurium,refinery,World,2017,470,t,
tellurium,refinery,World,2018,460,t,
tellurium,refinery,World,2019,520,t,
tellurium,refinery,World,2020,562,t,
tellurium,refinery,World,2021,610,t,
tellurium,refinery,World,2022,640,t,
tin,mine,Australia,1994,6400,t,
tin,mine,Australia,1995,8180,t,
tin,mine,Australia,1996,8830,t,
tin,mine,Australia,1997,10000,t,
tin,mine,Australia,1998,10000,t,
tin,mine,Australia,1999,10000,t,
tin,mine,Australia,2000,9000,t,
tin,mine,Australia,2001,9600,t,
tin,mine,Australia,2002,6270,t,
tin,mine,Australia,2003,6500,t,
tin,mine,Australia,2004,800,t,
tin,mine,Australia,2005,2800,t,
tin,mine,Australia,2006,2000,t,
tin,mine,Australia,2007,2100,t,
tin,mine,Australia,2008,1800,t,
tin,mine,Australia,2009,1400,t,
tin,mine,Australia,2010,7000,t,
tin,mine,Australia,2011,6500,t,
tin,mine,Australia,2012,5000,t,
tin,mine,Australia,2013,6470,t,
tin,mine,Australia,2014,7210,t,
tin,mine,Australia,2015,7000,t,
tin,mine,Australia,2016,6640,t,
tin,mine,Australia,2017,7200,t,
tin,mine,Australia,2018,6870,t,
tin,mine,Australia,2019,7740,t,
tin,mine,Australia,2020,8120,t,
tin,mine,Australia,2021,8772,t,
tin,mine,Australia,2022,9700,t,
tin,mine,Bolivia,1994,16200,t,
tin,mine,Bolivia,1995,14400,t,
tin,mine,Bolivia,1996,15200,t,
tin,mine,Bolivia,1997,15000,t,
tin,mine,Bolivia,1998,11000,t,
tin,mine,Bolivia,1999,11000,t,
tin,mine,Bolivia,2000,12000,t,
tin,mine,Bolivia,2001,12500,t,
tin,mine,Bolivia,2002,15200,t,
tin,mine,Bolivia,2003,15000,t,
tin,mine,Bolivia,2004,16800,t,
tin,mine,Bolivia,2005,18700,t,
tin,mine,Bolivia,2006,18000,t,
tin,mine,Bolivia,2007,16000,t,
tin,mine,Bolivia,2008,17000,t,
tin,mine,Bolivia,2009,19000,t,
tin,mine,Bolivia,2010,20200,t,
tin,mine,Bolivia,2011,20300,t,
tin,mine,Bolivia,2012,19700,t,
tin,mine,Bolivia,2013,19300,t,
tin,mine,Bolivia,2014,19900,t,
tin,mine,Bolivia,2015,20000,t,
tin,mine,Bolivia,2016,17000,t,
tin,mine,Bolivia,2017,18500,t,
tin,mine,Bolivia,2018,16900,t,
tin,mine,Bolivia,2019,17000,t,
tin,mine,Bolivia,2020,14700,t,
tin,mine,Bolivia,2021,19628,t,
tin,mine,Bolivia,2022,18000,t,
tin,mine,Brazil,1994,27000,t,
tin,mine,Brazil,1995,16800,t,
tin,mine,Brazil,1996,19500,t,
tin,mine,Brazil,1997,19000,t,
tin,mine,Brazil,1998,18000,t,
tin,mine,Brazil,1999,13000,t,
tin,mine,Brazil,2000,13000,t,
tin,mine,Brazil,2001,14000,t,
tin,mine,Brazil,2002,13000,t,
tin,mine,Brazil,2003,14200,t,
tin,mine,Brazil,2004,12200,t,
tin,mine,Brazil,2005,12500,t,
tin,mine,Brazil,2006,12000,t,
tin,mine,Brazil,2007,10000,t,
tin,mine,Brazil,2008,12000,t,
tin,mine,Brazil,2009,13000,t,
tin,mine,Brazil,2010,11000,t,
tin,mine,Brazil,2011,11000,t,
tin,mine,Brazil,2012,10800,t,
tin,mine,Brazil,2013,12000,t,
tin,mine,Brazil,2014,14700,t,
tin,mine,Brazil,2015,25000,t,
tin,mine,Brazil,2016,25000,t,
tin,mine,Brazil,2017,18000,t,
tin,mine,Brazil,2018,17100,t,
tin,mine,Brazil,2019,14000,t,
tin,mine,Brazil,2020,16900,t,
tin,mine,Brazil,2021,15517,t,
tin,mine,Brazil,2022,18000,t,
tin,mine,Burma,2012,11000,t,
tin,mine,Burma,2013,11000,t,
tin,mine,Burma,2014,25000,t,
tin,mine,Burma,2015,34300,t,
tin,mine,Burma,2016,54000,t,
tin,mine,Burma,2017,47000,t,
tin,mine,Burma,2018,54600,t,
tin,mine,Burma,2019,42000,t,
tin,mine,Burma,2020,29000,t,
tin,mine,Burma,2021,36900,t,
tin,mine,Burma,2022,31000,t,
tin,mine,China,1994,50000,t,
tin,mine,China,1995,52000,t,
tin,mine,China,1996,60000,t,
tin,mine,China,1997,65000,t,
tin,mine,China,1998,79000,t,
tin,mine,China,1999,62000,t,
tin,mine,China,2000,97000,t,
tin,mine,China,2001,79000,t,
tin,mine,China,2002,80000,t,
tin,mine,China,2003,50000,t,
tin,mine,China,2004,110000,t,
tin,mine,China,2005,120000,t,
tin,mine,China,2006,125000,t,
tin,mine,China,2007,135000,t,
tin,mine,China,2008,110000,t,
tin,mine,China,2009,115000,t,
tin,mine,China,2010,120000,t,
tin,mine,China,2011,120000,t,
tin,mine,China,2012,110000,t,
tin,mine,China,2013,110000,t,
tin,mine,China,2014,96000,t,
tin,mine,China,2015,110000,t,
tin,mine,China,2016,92000,t,
tin,mine,China,2017,93000,t,
tin,mine,China,2018,90000,t,
tin,mine,China,2019,84500,t,
tin,mine,China,2020,84000,t,
tin,mine,China,2021,90000,t,
tin,mine,China,2022,95000,t,
tin,mine,Congo,2019,12200,t,
tin,mine,Congo,2020,17300,t,
tin,mine,Congo (Kinshasa),2004,2000,t,
tin,mine,Congo (Kinshasa),2005,80,t,
tin,mine,Congo (Kinshasa),2006,2800,t,
tin,mine,Congo (Kinshasa),2007,3500,t,
tin,mine,Congo (Kinshasa),2008,12000,t,
tin,mine,Congo (Kinshasa),2009,9400,t,
tin,mine,Congo (Kinshasa),2010,6700,t,
tin,mine,Congo (Kinshasa),2011,2900,t,
tin,mine,Congo (Kinshasa),2012,4000,t,
tin,mine,Congo (Kinshasa),2013,3000,t,
tin,mine,Congo (Kinshasa),2014,6400,t,
tin,mine,Congo (Kinshasa),2015,6400,t,
tin,mine,Congo (Kinshasa),2016,5500,t,
tin,mine,Congo (Kinshasa),2017,9500,t,
tin,mine,Congo (Kinshasa),2018,7400,t,
tin,mine,Congo (Kinshasa),2021,16700,t,
tin,mine,Congo (Kinshasa),2022,20000,t,
tin,mine,Indonesia,1994,34000,t,
tin,mine,Indonesia,1995,38400,t,
tin,mine,Indonesia,1996,38500,t,
tin,mine,Indonesia,1997,47000,t,
tin,mine,Indonesia,1998,40000,t,
tin,mine,Indonesia,1999,48000,t,
tin,mine,Indonesia,2000,48000,t,
tin,mine,Indonesia,2001,51000,t,
tin,mine,Indonesia,2002,54000,t,
tin,mine,Indonesia,2003,70000,t,
tin,mine,Indonesia,2004,66000,t,
tin,mine,Indonesia,2005,80000,t,
tin,mine,Indonesia,2006,90000,t,
tin,mine,Indonesia,2007,102000,t,
tin,mine,Indonesia,2008,96000,t,
tin,mine,Indonesia,2009,55000,t,
tin,mine,Indonesia,2010,56000,t,
tin,mine,Indonesia,2011,42000,t,
tin,mine,Indonesia,2012,41000,t,
tin,mine,Indonesia,2013,95200,t,
tin,mine,Indonesia,2014,76000,t,
tin,mine,Indonesia,2015,52000,t,
tin,mine,Indonesia,2016,52000,t,
tin,mine,Indonesia,2017,83000,t,
tin,mine,Indonesia,2018,85000,t,
tin,mine,Indonesia,2019,77500,t,
tin,mine,Indonesia,2020,53000,t,
tin,mine,Indonesia,2021,70000,t,
tin,mine,Indonesia,2022,74000,t,
tin,mine,Laos,2012,800,t,
tin,mine,Laos,2013,800,t,
tin,mine,Laos,2014,800,t,
tin,mine,Laos,2015,900,t,
tin,mine,Laos,2016,1300,t,
tin,mine,Laos,2018,1100,t,
tin,mine,Laos,2019,1400,t,
tin,mine,Laos,2020,1400,t,
tin,mine,Laos,2021,1980,t,
tin,mine,Laos,2022,1900,t,
tin,mine,Malaysia,1994,6400,t,
tin,mine,Malaysia,1995,6400,t,
tin,mine,Malaysia,1996,5170,t,
tin,mine,Malaysia,1997,5000,t,
tin,mine,Malaysia,1998,6000,t,
tin,mine,Malaysia,1999,7000,t,
tin,mine,Malaysia,2000,6000,t,
tin,mine,Malaysia,2001,4970,t,
tin,mine,Malaysia,2002,4200,t,
tin,mine,Malaysia,2003,3400,t,
tin,mine,Malaysia,2004,3000,t,
tin,mine,Malaysia,2005,3000,t,
tin,mine,Malaysia,2006,3000,t,
tin,mine,Malaysia,2007,2500,t,
tin,mine,Malaysia,2008,2200,t,
tin,mine,Malaysia,2009,2380,t,
tin,mine,Malaysia,2010,1770,t,
tin,mine,Malaysia,2011,3350,t,
tin,mine,Malaysia,2012,3000,t,
tin,mine,Malaysia,2013,3700,t,
tin,mine,Malaysia,2014,3780,t,
tin,mine,Malaysia,2015,3800,t,
tin,mine,Malaysia,2016,4000,t,
tin,mine,Malaysia,2017,3810,t,
tin,mine,Malaysia,2018,4300,t,
tin,mine,Malaysia,2019,3610,t,
tin,mine,Malaysia,2020,2960,t,
tin,mine,Malaysia,2021,5000,t,
tin,mine,Malaysia,2022,5000,t,
tin,mine,Niger,2019,5800,t,
tin,mine,Niger,2020,5000,t,
tin,mine,Nigeria,2012,570,t,
tin,mine,Nigeria,2013,570,t,
tin,mine,Nigeria,2014,2800,t,
tin,mine,Nigeria,2015,2500,t,
tin,mine,Nigeria,2016,2290,t,
tin,mine,Nigeria,2017,5960,t,
tin,mine,Nigeria,2018,7800,t,
tin,mine,Nigeria,2021,1600,t,
tin,mine,Nigeria,2022,1700,t,
tin,mine,Other countries,1994,9000,t,
tin,mine,Other countries,1995,10000,t,
tin,mine,Other countries,1996,7000,t,
tin,mine,Other countries,1997,9000,t,
tin,mine,Other countries,1998,6000,t,
tin,mine,Other countries,1999,6000,t,
tin,mine,Other countries,2000,8000,t,
tin,mine,Other countries,2001,4680,t,
tin,mine,Other countries,2002,1000,t,
tin,mine,Other countries,2003,1000,t,
tin,mine,Other countries,2004,4000,t,
tin,mine,Other countries,2005,4000,t,
tin,mine,Other countries,2006,4000,t,
tin,mine,Other countries,2007,4000,t,
tin,mine,Other countries,2008,4000,t,
tin,mine,Other countries,2009,2000,t,
tin,mine,Other countries,2010,2000,t,
tin,mine,Other countries,2011,2000,t,
tin,mine,Other countries,2012,73,t,
tin,mine,Other countries,2013,100,t,
tin,mine,Other countries,2014,100,t,
tin,mine,Other countries,2015,100,t,
tin,mine,Other countries,2016,242,t,
tin,mine,Other countries,2017,200,t,
tin,mine,Other countries,2018,310,t,
tin,mine,Other countries,2019,549,t,
tin,mine,Other countries,2020,782,t,
tin,mine,Other countries,2021,1180,t,
tin,mine,Other countries,2022,1100,t,
tin,mine,Peru,1994,14000,t,
tin,mine,Peru,1995,22300,t,
tin,mine,Peru,1996,27000,t,
tin,mine,Peru,1997,28000,t,
tin,mine,Peru,1998,26000,t,
tin,mine,Peru,1999,30000,t,
tin,mine,Peru,2000,37000,t,
tin,mine,Peru,2001,38200,t,
tin,mine,Peru,2002,65400,t,
tin,mine,Peru,2003,38000,t,
tin,mine,Peru,2004,42000,t,
tin,mine,Peru,2005,42100,t,
tin,mine,Peru,2006,38000,t,
tin,mine,Peru,2007,39000,t,
tin,mine,Peru,2008,39000,t,
tin,mine,Peru,2009,37500,t,
tin,mine,Peru,2010,33800,t,
tin,mine,Peru,2011,28900,t,
tin,mine,Peru,2012,26100,t,
tin,mine,Peru,2013,23700,t,
tin,mine,Peru,2014,23100,t,
tin,mine,Peru,2015,19500,t,
tin,mine,Peru,2016,18800,t,
tin,mine,Peru,2017,17800,t,
tin,mine,Peru,2018,18600,t,
tin,mine,Peru,2019,19900,t,
tin,mine,Peru,2020,20600,t,
tin,mine,Peru,2021,26995,t,
tin,mine,Peru,2022,29000,t,
tin,mine,Portugal,1994,12000,t,
tin,mine,Portugal,1995,8000,t,
tin,mine,Portugal,1996,4800,t,
tin,mine,Portugal,1997,4000,t,
tin,mine,Portugal,1998,4000,t,
tin,mine,Portugal,1999,3000,t,
tin,mine,Portugal,2000,1000,t,
tin,mine,Portugal,2001,1200,t,
tin,mine,Portugal,2002,1000,t,
tin,mine,Portugal,2003,1000,t,
tin,mine,Portugal,2004,500,t,
tin,mine,Portugal,2005,200,t,
tin,mine,Portugal,2006,200,t,
tin,mine,Portugal,2007,100,t,
tin,mine,Portugal,2008,100,t,
tin,mine,Portugal,2009,30,t,
tin,mine,Portugal,2010,30,t,
tin,mine,Russia,1994,4100,t,
tin,mine,Russia,1995,9000,t,
tin,mine,Russia,1996,8000,t,
tin,mine,Russia,1997,8000,t,
tin,mine,Russia,1998,5000,t,
tin,mine,Russia,1999,5000,t,
tin,mine,Russia,2000,5000,t,
tin,mine,Russia,2001,4500,t,
tin,mine,Russia,2002,2900,t,
tin,mine,Russia,2003,2000,t,
tin,mine,Russia,2004,2500,t,
tin,mine,Russia,2005,3000,t,
tin,mine,Russia,2006,3000,t,
tin,mine,Russia,2007,2500,t,
tin,mine,Russia,2008,1500,t,
tin,mine,Russia,2009,1200,t,
tin,mine,Russia,2010,1100,t,
tin,mine,Russia,2011,160,t,
tin,mine,Russia,2012,280,t,
tin,mine,Russia,2013,420,t,
tin,mine,Russia,2014,240,t,
tin,mine,Russia,2016,1100,t,
tin,mine,Russia,2017,1300,t,
tin,mine,Russia,2018,1400,t,
tin,mine,Russia,2019,1800,t,
tin,mine,Russia,2020,2500,t,
tin,mine,Russia,2021,3000,t,
tin,mine,Russia,2022,2700,t,
tin,mine,Rwanda,2011,1400,t,
tin,mine,Rwanda,2012,2300,t,
tin,mine,Rwanda,2013,1900,t,
tin,mine,Rwanda,2014,4200,t,
tin,mine,Rwanda,2015,2000,t,
tin,mine,Rwanda,2016,2200,t,
tin,mine,Rwanda,2017,2860,t,
tin,mine,Rwanda,2018,2400,t,
tin,mine,Rwanda,2019,2300,t,
tin,mine,Rwanda,2020,1800,t,
tin,mine,Rwanda,2021,2000,t,
tin,mine,Rwanda,2022,2200,t,
tin,mine,Thailand,1994,4000,t,
tin,mine,Thailand,1995,3000,t,
tin,mine,Thailand,1996,1450,t,
tin,mine,Thailand,1997,1000,t,
tin,mine,Thailand,1998,1000,t,
tin,mine,Thailand,1999,3000,t,
tin,mine,Thailand,2000,2000,t,
tin,mine,Thailand,2001,2500,t,
tin,mine,Thailand,2002,1100,t,
tin,mine,Thailand,2003,800,t,
tin,mine,Thailand,2004,600,t,
tin,mine,Thailand,2005,600,t,
tin,mine,Thailand,2006,200,t,
tin,mine,Thailand,2007,100,t,
tin,mine,Thailand,2008,100,t,
tin,mine,Thailand,2009,120,t,
tin,mine,Thailand,2010,150,t,
tin,mine,Thailand,2011,200,t,
tin,mine,Thailand,2012,300,t,
tin,mine,Thailand,2013,200,t,
tin,mine,Thailand,2014,200,t,
tin,mine,Thailand,2015,100,t,
tin,mine,Thailand,2016,100,t,
tin,mine,Thailand,2017,100,t,
tin,mine,United States,1994,0,t,
tin,mine,Vietnam,2002,4700,t,
tin,mine,Vietnam,2003,4600,t,
tin,mine,Vietnam,2004,4000,t,
tin,mine,Vietnam,2005,3500,t,
tin,mine,Vietnam,2006,3500,t,
tin,mine,Vietnam,2007,3500,t,
tin,mine,Vietnam,2008,3500,t,
tin,mine,Vietnam,2009,3500,t,
tin,mine,Vietnam,2010,5500,t,
tin,mine,Vietnam,2011,5400,t,
tin,mine,Vietnam,2012,5400,t,
tin,mine,Vietnam,2013,5400,t,
tin,mine,Vietnam,2014,5400,t,
tin,mine,Vietnam,2015,5400,t,
tin,mine,Vietnam,2016,5500,t,
tin,mine,Vietnam,2017,4560,t,
tin,mine,Vietnam,2018,4560,t,
tin,mine,Vietnam,2019,5500,t,
tin,mine,Vietnam,2020,5400,t,
tin,mine,Vietnam,2021,5400,t,
tin,mine,Vietnam,2022,5200,t,
tin,mine,World,1994,184000,t,
tin,mine,World,1995,189000,t,
tin,mine,World,1996,196000,t,
tin,mine,World,1997,211000,t,
tin,mine,World,1998,206000,t,
tin,mine,World,1999,198000,t,
tin,mine,World,2000,238000,t,
tin,mine,World,2001,222000,t,
tin,mine,World,2002,249000,t,
tin,mine,World,2003,207000,t,
tin,mine,World,2004,264000,t,
tin,mine,World,2005,290000,t,
tin,mine,World,2006,302000,t,
tin,mine,World,2007,320000,t,
tin,mine,World,2008,299000,t,
tin,mine,World,2009,260000,t,
tin,mine,World,2010,265000,t,
tin,mine,World,2011,244000,t,
tin,mine,World,2012,240000,t,
tin,mine,World,2013,294000,t,
tin,mine,World,2014,286000,t,
tin,mine,World,2015,289000,t,
tin,mine,World,2016,288000,t,
tin,mine,World,2017,313000,t,
tin,mine,World,2018,318000,t,
tin,mine,World,2019,296000,t,
tin,mine,World,2020,264000,t,
tin,mine,World,2021,305000,t,
tin,mine,World,2022,310000,t,
tin,mine,Zaire,1994,700,t,
tin,mine,Zaire,1995,1000,t,
titanium,mine,Australia,1994,1222000,t,
titanium,mine,Australia,1995,1320000,t,
titanium,mine,Australia,1996,1321000,t,
titanium,mine,Australia,1997,1441000,t,
titanium,mine,Australia,1998,1580000,t,
titanium,mine,Australia,1999,1321000,t,
titanium,mine,Australia,2000,1455000,t,
titanium,mine,Australia,2001,1375000,t,
titanium,mine,Australia,2002,1377000,t,
titanium,mine,Australia,2003,1334000,t,
titanium,mine,Australia,2004,1264000,t,
titanium,mine,Australia,2005,1343000,t,
titanium,mine,Australia,2006,1537000,t,
titanium,mine,Australia,2007,1697000,t,
titanium,mine,Australia,2008,1629000,t,
titanium,mine,Australia,2009,1286000,t,
titanium,mine,Australia,2010,1352000,t,
titanium,mine,Australia,2011,1400000,t,
titanium,mine,Australia,2012,1350000,t,
titanium,mine,Australia,2013,1383000,t,
titanium,mine,Australia,2014,910000,t,
titanium,mine,Australia,2015,1100000,t,
titanium,mine,Australia,2016,1160000,t,
titanium,mine,Australia,2017,1020000,t,
titanium,mine,Australia,2018,861000,t,
titanium,mine,Australia,2019,1040000,t,
titanium,mine,Australia,2020,670000,t,
titanium,mine,Australia,2021,790000,t,
titanium,mine,Australia,2022,790000,t,
titanium,mine,Brazil,1994,52000,t,
titanium,mine,Brazil,1995,58000,t,
titanium,mine,Brazil,1996,60000,t,
titanium,mine,Brazil,1997,56000,t,
titanium,mine,Brazil,2003,84000,t,
titanium,mine,Brazil,2004,133000,t,
titanium,mine,Brazil,2005,133000,t,
titanium,mine,Brazil,2006,133000,t,
titanium,mine,Brazil,2007,130000,t,
titanium,mine,Brazil,2008,56000,t,
titanium,mine,Brazil,2009,46000,t,
titanium,mine,Brazil,2010,48000,t,
titanium,mine,Brazil,2011,48000,t,
titanium,mine,Brazil,2012,47000,t,
titanium,mine,Brazil,2013,100000,t,
titanium,mine,Brazil,2014,100000,t,
titanium,mine,Brazil,2015,48000,t,
titanium,mine,Brazil,2016,48000,t,
titanium,mine,Brazil,2017,50000,t,
titanium,mine,Brazil,2018,66000,t,
titanium,mine,Brazil,2019,25000,t,
titanium,mine,Brazil,2020,34000,t,
titanium,mine,Brazil,2021,33000,t,
titanium,mine,Brazil,2022,33000,t,
titanium,mine,Canada,1994,611000,t,
titanium,mine,Canada,1995,652000,t,
titanium,mine,Canada,1996,760000,t,
titanium,mine,Canada,1997,680000,t,
titanium,mine,Canada,1998,760000,t,
titanium,mine,Canada,1999,760000,t,
titanium,mine,Canada,2000,760000,t,
titanium,mine,Canada,2001,950000,t,
titanium,mine,Canada,2002,720000,t,
titanium,mine,Canada,2003,765000,t,
titanium,mine,Canada,2004,735000,t,
titanium,mine,Canada,2005,731000,t,
titanium,mine,Canada,2006,791000,t,
titanium,mine,Canada,2007,816000,t,
titanium,mine,Canada,2008,850000,t,
titanium,mine,Canada,2009,650000,t,
titanium,mine,Canada,2010,754000,t,
titanium,mine,Canada,2011,750000,t,
titanium,mine,Canada,2012,750000,t,
titanium,mine,Canada,2013,770000,t,
titanium,mine,Canada,2014,480000,t,
titanium,mine,Canada,2015,595000,t,
titanium,mine,Canada,2016,595000,t,
titanium,mine,Canada,2017,880000,t,
titanium,mine,Canada,2018,630000,t,
titanium,mine,Canada,2019,680000,t,
titanium,mine,Canada,2020,595000,t,
titanium,mine,Canada,2021,430000,t,
titanium,mine,Canada,2022,430000,t,
titanium,mine,China,1994,78000,t,
titanium,mine,China,1996,83000,t,
titanium,mine,China,1997,85000,t,
titanium,mine,China,2003,400000,t,
titanium,mine,China,2004,400000,t,
titanium,mine,China,2005,450000,t,
titanium,mine,China,2006,500000,t,
titanium,mine,China,2007,550000,t,
titanium,mine,China,2008,600000,t,
titanium,mine,China,2009,500000,t,
titanium,mine,China,2010,550000,t,
titanium,mine,China,2011,660000,t,
titanium,mine,China,2012,960000,t,
titanium,mine,China,2013,1020000,t,
titanium,mine,China,2014,960000,t,
titanium,mine,China,2015,850000,t,
titanium,mine,China,2016,840000,t,
titanium,mine,China,2017,840000,t,
titanium,mine,China,2018,2100000,t,
titanium,mine,China,2019,2300000,t,
titanium,mine,China,2020,2800000,t,
titanium,mine,China,2021,3400000,t,
titanium,mine,China,2022,3400000,t,
titanium,mine,India,1994,175000,t,
titanium,mine,India,1995,175000,t,
titanium,mine,India,1996,175000,t,
titanium,mine,India,1997,175000,t,
titanium,mine,India,1998,175000,t,
titanium,mine,India,1999,219000,t,
titanium,mine,India,2000,221000,t,
titanium,mine,India,2001,248000,t,
titanium,mine,India,2002,265000,t,
titanium,mine,India,2003,287000,t,
titanium,mine,India,2004,299000,t,
titanium,mine,India,2005,315000,t,
titanium,mine,India,2006,331000,t,
titanium,mine,India,2007,398000,t,
titanium,mine,India,2008,452000,t,
titanium,mine,India,2009,440000,t,
titanium,mine,India,2010,564000,t,
titanium,mine,India,2011,354000,t,
titanium,mine,India,2012,364000,t,
titanium,mine,India,2013,364000,t,
titanium,mine,India,2014,207000,t,
titanium,mine,India,2015,198000,t,
titanium,mine,India,2016,199000,t,
titanium,mine,India,2017,310000,t,
titanium,mine,India,2018,334000,t,
titanium,mine,India,2019,173000,t,
titanium,mine,India,2020,185000,t,
titanium,mine,India,2021,216000,t,
titanium,mine,India,2022,216000,t,
titanium,mine,Kenya,2014,122000,t,
titanium,mine,Kenya,2015,338000,t,
titanium,mine,Kenya,2016,364000,t,
titanium,mine,Kenya,2017,367000,t,
titanium,mine,Kenya,2018,362000,t,
titanium,mine,Kenya,2019,284000,t,
titanium,mine,Kenya,2020,274000,t,
titanium,mine,Kenya,2021,253000,t,
titanium,mine,Kenya,2022,253000,t,
titanium,mine,Madagascar,2009,49000,t,
titanium,mine,Madagascar,2010,177000,t,
titanium,mine,Madagascar,2011,280000,t,
titanium,mine,Madagascar,2012,380000,t,
titanium,mine,Madagascar,2013,272000,t,
titanium,mine,Madagascar,2014,309000,t,
titanium,mine,Madagascar,2015,145000,t,
titanium,mine,Madagascar,2016,92000,t,
titanium,mine,Madagascar,2017,110000,t,
titanium,mine,Madagascar,2018,228000,t,
titanium,mine,Madagascar,2019,280000,t,
titanium,mine,Madagascar,2020,262000,t,
titanium,mine,Madagascar,2021,414000,t,
titanium,mine,Madagascar,2022,414000,t,
titanium,mine,Malaysia,1994,159000,t,
titanium,mine,Malaysia,1995,84000,t,
titanium,mine,Malaysia,1996,135000,t,
titanium,mine,Malaysia,1997,92000,t,
titanium,mine,Malaysia,2010,7000,t,
titanium,mine,Malaysia,2013,14000,t,
titanium,mine,Mozambique,2007,14000,t,
titanium,mine,Mozambique,2008,203000,t,
titanium,mine,Mozambique,2009,285000,t,
titanium,mine,Mozambique,2010,411000,t,
titanium,mine,Mozambique,2011,386000,t,
titanium,mine,Mozambique,2012,357000,t,
titanium,mine,Mozambique,2013,430000,t,
titanium,mine,Mozambique,2014,510000,t,
titanium,mine,Mozambique,2015,460000,t,
titanium,mine,Mozambique,2016,547000,t,
titanium,mine,Mozambique,2017,609000,t,
titanium,mine,Mozambique,2018,593000,t,
titanium,mine,Mozambique,2019,596000,t,
titanium,mine,Mozambique,2020,971000,t,
titanium,mine,Mozambique,2021,1108000,t,
titanium,mine,Mozambique,2022,1108000,t,
titanium,mine,Norway,1994,315000,t,
titanium,mine,Norway,1995,374000,t,
titanium,mine,Norway,1996,338000,t,
titanium,mine,Norway,1997,338000,t,
titanium,mine,Norway,1998,266000,t,
titanium,mine,Norway,1999,266000,t,
titanium,mine,Norway,2000,275000,t,
titanium,mine,Norway,2001,338000,t,
titanium,mine,Norway,2002,338000,t,
titanium,mine,Norway,2003,360000,t,
titanium,mine,Norway,2004,381000,t,
titanium,mine,Norway,2005,381000,t,
titanium,mine,Norway,2006,380000,t,
titanium,mine,Norway,2007,377000,t,
titanium,mine,Norway,2008,410000,t,
titanium,mine,Norway,2009,302000,t,
titanium,mine,Norway,2010,300000,t,
titanium,mine,Norway,2011,360000,t,
titanium,mine,Norway,2012,360000,t,
titanium,mine,Norway,2013,498000,t,
titanium,mine,Norway,2014,440000,t,
titanium,mine,Norway,2015,258000,t,
titanium,mine,Norway,2016,260000,t,
titanium,mine,Norway,2017,220000,t,
titanium,mine,Norway,2018,236000,t,
titanium,mine,Norway,2019,400000,t,
titanium,mine,Norway,2020,444000,t,
titanium,mine,Norway,2021,468000,t,
titanium,mine,Norway,2022,468000,t,
titanium,mine,Other countries,1994,32000,t,
titanium,mine,Other countries,1995,5000,t,
titanium,mine,Other countries,1996,5000,t,
titanium,mine,Other countries,1997,5000,t,
titanium,mine,Other countries,1998,256000,t,
titanium,mine,Other countries,1999,291000,t,
titanium,mine,Other countries,2000,335000,t,
titanium,mine,Other countries,2001,395000,t,
titanium,mine,Other countries,2002,384000,t,
titanium,mine,Other countries,2003,91000,t,
titanium,mine,Other countries,2004,120000,t,
titanium,mine,Other countries,2005,136000,t,
titanium,mine,Other countries,2006,108000,t,
titanium,mine,Other countries,2007,115000,t,
titanium,mine,Other countries,2008,55000,t,
titanium,mine,Other countries,2009,34000,t,
titanium,mine,Other countries,2010,37000,t,
titanium,mine,Other countries,2011,58000,t,
titanium,mine,Other countries,2012,98000,t,
titanium,mine,Other countries,2013,68000,t,
titanium,mine,Other countries,2014,107000,t,
titanium,mine,Other countries,2015,91000,t,
titanium,mine,Other countries,2016,79000,t,
titanium,mine,Other countries,2017,163000,t,
titanium,mine,Other countries,2018,106000,t,
titanium,mine,Other countries,2019,95000,t,
titanium,mine,Other countries,2020,80000,t,
titanium,mine,Other countries,2021,151000,t,
titanium,mine,Other countries,2022,151000,t,
titanium,mine,Russia,2014,110000,t,
titanium,mine,Russia,2015,116000,t,
titanium,mine,Senegal,2014,60000,t,
titanium,mine,Senegal,2015,257000,t,
titanium,mine,Senegal,2016,259000,t,
titanium,mine,Senegal,2017,310000,t,
titanium,mine,Senegal,2018,306000,t,
titanium,mine,Senegal,2019,319000,t,
titanium,mine,Senegal,2020,309000,t,
titanium,mine,Senegal,2021,491000,t,
titanium,mine,Senegal,2022,491000,t,
titanium,mine,Sierra Leone,1994,131000,t,
titanium,mine,Sierra Leone,2006,13000,t,
titanium,mine,Sierra Leone,2007,79000,t,
titanium,mine,Sierra Leone,2008,75000,t,
titanium,mine,Sierra Leone,2009,61000,t,
titanium,mine,Sierra Leone,2010,65000,t,
titanium,mine,Sierra Leone,2011,64000,t,
titanium,mine,Sierra Leone,2012,89000,t,
titanium,mine,Sierra Leone,2013,81000,t,
titanium,mine,Sierra Leone,2014,100000,t,
titanium,mine,Sierra Leone,2015,113000,t,
titanium,mine,Sierra Leone,2016,130000,t,
titanium,mine,Sierra Leone,2017,160000,t,
titanium,mine,Sierra Leone,2018,114000,t,
titanium,mine,Sierra Leone,2019,129000,t,
titanium,mine,Sierra Leone,2020,114000,t,
titanium,mine,Sierra Leone,2021,123000,t,
titanium,mine,Sierra Leone,2022,123000,t,
titanium,mine,South Africa,1994,705000,t,
titanium,mine,South Africa,1995,926000,t,
titanium,mine,South Africa,1996,950000,t,
titanium,mine,South Africa,1997,950000,t,
titanium,mine,South Africa,1998,1047000,t,
titanium,mine,South Africa,1999,1057000,t,
titanium,mine,South Africa,2000,1029000,t,
titanium,mine,South Africa,2001,1070000,t,
titanium,mine,South Africa,2002,1072000,t,
titanium,mine,South Africa,2003,1223000,t,
titanium,mine,South Africa,2004,970000,t,
titanium,mine,South Africa,2005,972000,t,
titanium,mine,South Africa,2006,1167000,t,
titanium,mine,South Africa,2007,1208000,t,
titanium,mine,South Africa,2008,1171000,t,
titanium,mine,South Africa,2009,1177000,t,
titanium,mine,South Africa,2010,1097000,t,
titanium,mine,South Africa,2011,1232000,t,
titanium,mine,South Africa,2012,1220000,t,
titanium,mine,South Africa,2013,1249000,t,
titanium,mine,South Africa,2014,653000,t,
titanium,mine,South Africa,2015,1347000,t,
titanium,mine,South Africa,2016,1087000,t,
titanium,mine,South Africa,2017,645000,t,
titanium,mine,South Africa,2018,868000,t,
titanium,mine,South Africa,2019,1210000,t,
titanium,mine,South Africa,2020,1106000,t,
titanium,mine,South Africa,2021,995000,t,
titanium,mine,South Africa,2022,995000,t,
titanium,mine,Sri Lanka,1994,34000,t,
titanium,mine,Sri Lanka,1995,36000,t,
titanium,mine,Sri Lanka,1996,36000,t,
titanium,mine,Sri Lanka,1997,13000,t,
titanium,mine,Sri Lanka,2009,41000,t,
titanium,mine,Sri Lanka,2010,34000,t,
titanium,mine,Sri Lanka,2011,31000,t,
titanium,mine,Sri Lanka,2012,32000,t,
titanium,mine,Sri Lanka,2013,32000,t,
titanium,mine,Thailand,1996,3000,t,
titanium,mine,Thailand,1997,3000,t,
titanium,mine,Ukraine,1994,78000,t,
titanium,mine,Ukraine,1995,103000,t,
titanium,mine,Ukraine,1996,148000,t,
titanium,mine,Ukraine,1997,228000,t,
titanium,mine,Ukraine,1998,181000,t,
titanium,mine,Ukraine,1999,270000,t,
titanium,mine,Ukraine,2000,298000,t,
titanium,mine,Ukraine,2001,308000,t,
titanium,mine,Ukraine,2002,348000,t,
titanium,mine,Ukraine,2003,347000,t,
titanium,mine,Ukraine,2004,274000,t,
titanium,mine,Ukraine,2005,275000,t,
titanium,mine,Ukraine,2006,330000,t,
titanium,mine,Ukraine,2007,347000,t,
titanium,mine,Ukraine,2008,357000,t,
titanium,mine,Ukraine,2009,357000,t,
titanium,mine,Ukraine,2010,357000,t,
titanium,mine,Ukraine,2011,356000,t,
titanium,mine,Ukraine,2012,416000,t,
titanium,mine,Ukraine,2013,200000,t,
titanium,mine,Ukraine,2014,313000,t,
titanium,mine,Ukraine,2015,465000,t,
titanium,mine,Ukraine,2016,305000,t,
titanium,mine,Ukraine,2017,325000,t,
titanium,mine,Ukraine,2018,467000,t,
titanium,mine,Ukraine,2019,584000,t,
titanium,mine,Ukraine,2020,559000,t,
titanium,mine,Ukraine,2021,411000,t,
titanium,mine,Ukraine,2022,411000,t,
titanium,mine,United States,1999,300000,t,
titanium,mine,United States,2000,300000,t,
titanium,mine,United States,2001,300000,t,
titanium,mine,United States,2002,300000,t,
titanium,mine,United States,2003,300000,t,
titanium,mine,United States,2004,300000,t,
titanium,mine,United States,2005,300000,t,
titanium,mine,United States,2006,300000,t,
titanium,mine,United States,2007,300000,t,
titanium,mine,United States,2008,200000,t,
titanium,mine,United States,2009,200000,t,
titanium,mine,United States,2010,200000,t,
titanium,mine,United States,2011,300000,t,
titanium,mine,United States,2012,300000,t,
titanium,mine,United States,2013,200000,t,
titanium,mine,United States,2014,100000,t,
titanium,mine,United States,2015,200000,t,
titanium,mine,United States,2016,100000,t,
titanium,mine,United States,2017,100000,t,
titanium,mine,United States,2018,100000,t,
titanium,mine,United States,2019,100000,t,
titanium,mine,United States,2020,100000,t,
titanium,mine,United States,2021,100000,t,
titanium,mine,United States,2022,200000,t,
titanium,mine,Vietnam,2003,97000,t,
titanium,mine,Vietnam,2004,98000,t,
titanium,mine,Vietnam,2005,95000,t,
titanium,mine,Vietnam,2006,230000,t,
titanium,mine,Vietnam,2007,254000,t,
titanium,mine,Vietnam,2008,330000,t,
titanium,mine,Vietnam,2009,412000,t,
titanium,mine,Vietnam,2010,485000,t,
titanium,mine,Vietnam,2011,550000,t,
titanium,mine,Vietnam,2012,510000,t,
titanium,mine,Vietnam,2013,720000,t,
titanium,mine,Vietnam,2014,560000,t,
titanium,mine,Vietnam,2015,360000,t,
titanium,mine,Vietnam,2016,240000,t,
titanium,mine,Vietnam,2017,200000,t,
titanium,mine,Vietnam,2018,105000,t,
titanium,mine,Vietnam,2019,160000,t,
titanium,mine,Vietnam,2020,138000,t,
titanium,mine,Vietnam,2021,122000,t,
titanium,mine,Vietnam,2022,122000,t,
titanium,mine,World,1994,3600000,t,
titanium,mine,World,1995,3814000,t,
titanium,mine,World,1996,4015000,t,
titanium,mine,World,1997,4055000,t,
titanium,mine,World,1998,4266000,t,
titanium,mine,World,1999,4470000,t,
titanium,mine,World,2000,4690000,t,
titanium,mine,World,2001,5010000,t,
titanium,mine,World,2002,4790000,t,
titanium,mine,World,2003,5280000,t,
titanium,mine,World,2004,4940000,t,
titanium,mine,World,2005,5151000,t,
titanium,mine,World,2006,5815000,t,
titanium,mine,World,2007,6284000,t,
titanium,mine,World,2008,6390000,t,
titanium,mine,World,2009,5850000,t,
titanium,mine,World,2010,6470000,t,
titanium,mine,World,2011,6830000,t,
titanium,mine,World,2012,7230000,t,
titanium,mine,World,2013,7397000,t,
titanium,mine,World,2014,6040000,t,
titanium,mine,World,2015,6950000,t,
titanium,mine,World,2016,6300000,t,
titanium,mine,World,2017,6310000,t,
titanium,mine,World,2018,7464000,t,
titanium,mine,World,2019,8354000,t,
titanium,mine,World,2020,8605000,t,
titanium,mine,World,2021,9518000,t,
titanium,mine,World,2022,9490000,t,
tungsten,mine,Australia,2013,320,t,
tungsten,mine,Austria,1996,360,t,
tungsten,mine,Austria,1997,1400,t,
tungsten,mine,Austria,1998,1400,t,
tungsten,mine,Austria,1999,1610,t,
tungsten,mine,Austria,2000,1600,t,
tungsten,mine,Austria,2001,1600,t,
tungsten,mine,Austria,2002,1400,t,
tungsten,mine,Austria,2003,1400,t,
tungsten,mine,Austria,2004,1400,t,
tungsten,mine,Austria,2005,1350,t,
tungsten,mine,Austria,2006,1300,t,
tungsten,mine,Austria,2007,1200,t,
tungsten,mine,Austria,2008,1100,t,
tungsten,mine,Austria,2009,900,t,
tungsten,mine,Austria,2010,1000,t,
tungsten,mine,Austria,2011,1100,t,
tungsten,mine,Austria,2012,800,t,
tungsten,mine,Austria,2013,850,t,
tungsten,mine,Austria,2014,870,t,
tungsten,mine,Austria,2015,861,t,
tungsten,mine,Austria,2016,954,t,
tungsten,mine,Austria,2017,975,t,
tungsten,mine,Austria,2018,936,t,
tungsten,mine,Austria,2019,892,t,
tungsten,mine,Austria,2020,890,t,
tungsten,mine,Austria,2021,900,t,
tungsten,mine,Austria,2022,900,t,
tungsten,mine,Bolivia,1994,500,t,
tungsten,mine,Bolivia,1995,800,t,
tungsten,mine,Bolivia,1996,580,t,
tungsten,mine,Bolivia,1997,500,t,
tungsten,mine,Bolivia,1998,497,t,
tungsten,mine,Bolivia,1999,334,t,
tungsten,mine,Bolivia,2000,381,t,
tungsten,mine,Bolivia,2001,360,t,
tungsten,mine,Bolivia,2002,500,t,
tungsten,mine,Bolivia,2003,442,t,
tungsten,mine,Bolivia,2004,440,t,
tungsten,mine,Bolivia,2005,520,t,
tungsten,mine,Bolivia,2006,870,t,
tungsten,mine,Bolivia,2007,1100,t,
tungsten,mine,Bolivia,2008,1100,t,
tungsten,mine,Bolivia,2009,1000,t,
tungsten,mine,Bolivia,2010,1200,t,
tungsten,mine,Bolivia,2011,1100,t,
tungsten,mine,Bolivia,2012,1270,t,
tungsten,mine,Bolivia,2013,1250,t,
tungsten,mine,Bolivia,2014,1250,t,
tungsten,mine,Bolivia,2015,1460,t,
tungsten,mine,Bolivia,2016,1110,t,
tungsten,mine,Bolivia,2017,994,t,
tungsten,mine,Bolivia,2018,1370,t,
tungsten,mine,Bolivia,2019,1060,t,
tungsten,mine,Bolivia,2020,1350,t,
tungsten,mine,Bolivia,2021,1563,t,
tungsten,mine,Bolivia,2022,1400,t,
tungsten,mine,Brazil,1994,250,t,
tungsten,mine,Brazil,1995,100,t,
tungsten,mine,Brazil,1996,100,t,
tungsten,mine,Brazil,1997,170,t,
tungsten,mine,Brazil,1998,50,t,
tungsten,mine,Brazil,2000,14,t,
tungsten,mine,Brazil,2001,14,t,
tungsten,mine,Burma,1994,600,t,
tungsten,mine,Burma,1995,500,t,
tungsten,mine,Burma,1996,330,t,
tungsten,mine,Burma,1997,280,t,
tungsten,mine,Burma,1998,200,t,
tungsten,mine,Burma,1999,87,t,
tungsten,mine,Burma,2000,82,t,
tungsten,mine,Burma,2001,71,t,
tungsten,mine,Canada,2002,2550,t,
tungsten,mine,Canada,2003,2750,t,
tungsten,mine,Canada,2005,700,t,
tungsten,mine,Canada,2006,2560,t,
tungsten,mine,Canada,2007,2700,t,
tungsten,mine,Canada,2008,2300,t,
tungsten,mine,Canada,2009,2000,t,
tungsten,mine,Canada,2010,420,t,
tungsten,mine,Canada,2011,1970,t,
tungsten,mine,Canada,2012,2190,t,
tungsten,mine,Canada,2013,2130,t,
tungsten,mine,Canada,2014,2340,t,
tungsten,mine,Canada,2015,1680,t,
tungsten,mine,China,1994,17000,t,
tungsten,mine,China,1995,21000,t,
tungsten,mine,China,1996,24000,t,
tungsten,mine,China,1997,25000,t,
tungsten,mine,China,1998,24700,t,
tungsten,mine,China,1999,20200,t,modified by the author – see README
tungsten,mine,China,2000,23450,t,modified by the author – see README
tungsten,mine,China,2001,27473,t,modified by the author – see README
tungsten,mine,China,2002,35000,t,modified by the author – see README
tungsten,mine,China,2003,34700,t,modified by the author – see README
tungsten,mine,China,2004,44000,t,modified by the author – see README
tungsten,mine,China,2005,51200,t,modified by the author – see README
tungsten,mine,China,2006,45000,t,modified by the author – see README
tungsten,mine,China,2007,41000,t,
tungsten,mine,China,2008,43500,t,
tungsten,mine,China,2009,51000,t,
tungsten,mine,China,2010,59000,t,
tungsten,mine,China,2011,61800,t,
tungsten,mine,China,2012,64000,t,
tungsten,mine,China,2013,68000,t,
tungsten,mine,China,2014,71000,t,
tungsten,mine,China,2015,73000,t,
tungsten,mine,China,2016,72000,t,
tungsten,mine,China,2017,67000,t,
tungsten,mine,China,2018,65000,t,
tungsten,mine,China,2019,69000,t,
tungsten,mine,China,2020,66000,t,
tungsten,mine,China,2021,71000,t,
tungsten,mine,China,2022,71000,t,
tungsten,mine,Congo (Kinshasa),2013,830,t,
tungsten,mine,Kazakhstan,1994,100,t,
tungsten,mine,Kazakhstan,1995,100,t,
tungsten,mine,Kazakhstan,1996,220,t,
tungsten,mine,Kazakhstan,1997,200,t,
tungsten,mine,Korea North,1995,900,t,
tungsten,mine,Korea North,1996,900,t,
tungsten,mine,Korea North,1997,900,t,
tungsten,mine,Korea North,1998,900,t,
tungsten,mine,Korea North,1999,700,t,
tungsten,mine,Korea North,2000,700,t,
tungsten,mine,Korea North,2001,700,t,
tungsten,mine,Korea North,2002,600,t,
tungsten,mine,Korea North,2003,600,t,
tungsten,mine,Korea North,2004,600,t,
tungsten,mine,Korea North,2005,600,t,
tungsten,mine,Korea North,2006,600,t,
tungsten,mine,Korea North,2007,600,t,
tungsten,mine,Korea North,2018,1410,t,
tungsten,mine,Korea North,2019,1130,t,
tungsten,mine,Korea North,2020,410,t,
tungsten,mine,Korea South,1994,200,t,
tungsten,mine,Mongolia,2016,753,t,
tungsten,mine,Mongolia,2018,1940,t,
tungsten,mine,Mongolia,2019,1900,t,
tungsten,mine,Other countries,1994,3000,t,
tungsten,mine,Other countries,1995,1000,t,
tungsten,mine,Other countries,1996,680,t,
tungsten,mine,Other countries,1997,618,t,
tungsten,mine,Other countries,1998,355,t,
tungsten,mine,Other countries,1999,130,t,
tungsten,mine,Other countries,2000,155,t,
tungsten,mine,Other countries,2001,180,t,
tungsten,mine,Other countries,2002,430,t,
tungsten,mine,Other countries,2003,290,t,
tungsten,mine,Other countries,2004,510,t,
tungsten,mine,Other countries,2005,710,t,
tungsten,mine,Other countries,2006,1680,t,
tungsten,mine,Other countries,2007,3880,t,
tungsten,mine,Other countries,2008,4100,t,
tungsten,mine,Other countries,2009,3000,t,
tungsten,mine,Other countries,2010,3200,t,
tungsten,mine,Other countries,2011,2700,t,
tungsten,mine,Other countries,2012,3670,t,
tungsten,mine,Other countries,2013,1290,t,
tungsten,mine,Other countries,2014,2060,t,
tungsten,mine,Other countries,2015,1910,t,
tungsten,mine,Other countries,2016,880,t,
tungsten,mine,Other countries,2017,1300,t,
tungsten,mine,Other countries,2018,900,t,
tungsten,mine,Other countries,2019,1070,t,
tungsten,mine,Other countries,2020,960,t,
tungsten,mine,Other countries,2021,973,t,
tungsten,mine,Other countries,2022,1400,t,
tungsten,mine,Portugal,1994,200,t,
tungsten,mine,Portugal,1995,500,t,
tungsten,mine,Portugal,1996,1340,t,
tungsten,mine,Portugal,1997,1036,t,
tungsten,mine,Portugal,1998,831,t,
tungsten,mine,Portugal,1999,450,t,
tungsten,mine,Portugal,2000,750,t,
tungsten,mine,Portugal,2001,750,t,
tungsten,mine,Portugal,2002,700,t,
tungsten,mine,Portugal,2003,700,t,
tungsten,mine,Portugal,2004,750,t,
tungsten,mine,Portugal,2005,820,t,
tungsten,mine,Portugal,2006,780,t,
tungsten,mine,Portugal,2007,850,t,
tungsten,mine,Portugal,2008,850,t,
tungsten,mine,Portugal,2009,900,t,
tungsten,mine,Portugal,2010,1200,t,
tungsten,mine,Portugal,2011,820,t,
tungsten,mine,Portugal,2012,763,t,
tungsten,mine,Portugal,2013,692,t,
tungsten,mine,Portugal,2014,671,t,
tungsten,mine,Portugal,2015,474,t,
tungsten,mine,Portugal,2016,549,t,
tungsten,mine,Portugal,2017,724,t,
tungsten,mine,Portugal,2018,715,t,
tungsten,mine,Portugal,2019,518,t,
tungsten,mine,Portugal,2020,550,t,
tungsten,mine,Portugal,2021,502,t,
tungsten,mine,Portugal,2022,500,t,
tungsten,mine,Russia,1994,4000,t,
tungsten,mine,Russia,1995,5400,t,
tungsten,mine,Russia,1996,3000,t,
tungsten,mine,Russia,1997,3000,t,
tungsten,mine,Russia,1998,3000,t,
tungsten,mine,Russia,1999,3500,t,
tungsten,mine,Russia,2000,3500,t,
tungsten,mine,Russia,2001,3500,t,
tungsten,mine,Russia,2002,3400,t,
tungsten,mine,Russia,2003,3900,t,
tungsten,mine,Russia,2004,3000,t,
tungsten,mine,Russia,2005,4400,t,
tungsten,mine,Russia,2006,4000,t,
tungsten,mine,Russia,2007,3200,t,
tungsten,mine,Russia,2008,3000,t,
tungsten,mine,Russia,2009,2500,t,
tungsten,mine,Russia,2010,2800,t,
tungsten,mine,Russia,2011,3500,t,
tungsten,mine,Russia,2012,3000,t,
tungsten,mine,Russia,2013,3600,t,
tungsten,mine,Russia,2014,2800,t,
tungsten,mine,Russia,2015,2600,t,
tungsten,mine,Russia,2016,3100,t,
tungsten,mine,Russia,2017,2090,t,
tungsten,mine,Russia,2018,1500,t,
tungsten,mine,Russia,2019,2200,t,
tungsten,mine,Russia,2020,2400,t,
tungsten,mine,Russia,2021,2300,t,
tungsten,mine,Russia,2022,2300,t,
tungsten,mine,Rwanda,2013,730,t,
tungsten,mine,Rwanda,2014,1000,t,
tungsten,mine,Rwanda,2015,850,t,
tungsten,mine,Rwanda,2016,820,t,
tungsten,mine,Rwanda,2017,720,t,
tungsten,mine,Rwanda,2018,920,t,
tungsten,mine,Rwanda,2019,900,t,
tungsten,mine,Rwanda,2020,860,t,
tungsten,mine,Rwanda,2021,1340,t,
tungsten,mine,Rwanda,2022,1100,t,
tungsten,mine,Spain,2014,800,t,
tungsten,mine,Spain,2015,835,t,
tungsten,mine,Spain,2016,650,t,
tungsten,mine,Spain,2017,564,t,
tungsten,mine,Spain,2018,750,t,
tungsten,mine,Spain,2019,603,t,
tungsten,mine,Spain,2020,500,t,
tungsten,mine,Spain,2021,400,t,
tungsten,mine,Spain,2022,700,t,
tungsten,mine,Tajikistan,1994,100,t,
tungsten,mine,Tajikistan,1995,100,t,
tungsten,mine,Tajikistan,1996,50,t,
tungsten,mine,Tajikistan,1997,50,t,
tungsten,mine,Thailand,1994,100,t,
tungsten,mine,Thailand,1995,60,t,
tungsten,mine,Thailand,1996,50,t,
tungsten,mine,Thailand,1997,25,t,
tungsten,mine,Thailand,1998,20,t,
tungsten,mine,Thailand,1999,29,t,
tungsten,mine,Thailand,2000,30,t,
tungsten,mine,Thailand,2001,30,t,
tungsten,mine,United Kingdom,2015,150,t,
tungsten,mine,United Kingdom,2016,736,t,
tungsten,mine,United Kingdom,2017,1090,t,
tungsten,mine,United Kingdom,2018,900,t,
tungsten,mine,Uzbekistan,1995,300,t,
tungsten,mine,Uzbekistan,1996,300,t,
tungsten,mine,Uzbekistan,1997,250,t,
tungsten,mine,Uzbekistan,1998,200,t,
tungsten,mine,Uzbekistan,1999,200,t,
tungsten,mine,Uzbekistan,2000,200,t,
tungsten,mine,Vietnam,2013,1660,t,
tungsten,mine,Vietnam,2014,4000,t,
tungsten,mine,Vietnam,2015,5600,t,
tungsten,mine,Vietnam,2016,6500,t,
tungsten,mine,Vietnam,2017,6600,t,
tungsten,mine,Vietnam,2018,4800,t,
tungsten,mine,Vietnam,2019,4500,t,
tungsten,mine,Vietnam,2020,4500,t,
tungsten,mine,Vietnam,2021,4800,t,
tungsten,mine,Vietnam,2022,4800,t,
tungsten,mine,World,1994,26000,t,
tungsten,mine,World,1995,31000,t,
tungsten,mine,World,1996,32000,t,
tungsten,mine,World,1997,33400,t,
tungsten,mine,World,1998,32200,t,
tungsten,mine,World,1999,27200,t,
tungsten,mine,World,2000,30850,t,
tungsten,mine,World,2001,34673,t,
tungsten,mine,World,2002,44600,t,
tungsten,mine,World,2003,44800,t,
tungsten,mine,World,2004,50700,t,
tungsten,mine,World,2005,60300,t,
tungsten,mine,World,2006,56800,t,
tungsten,mine,World,2007,54500,t,
tungsten,mine,World,2008,55900,t,
tungsten,mine,World,2009,61300,t,
tungsten,mine,World,2010,68800,t,
tungsten,mine,World,2011,73100,t,
tungsten,mine,World,2012,75700,t,
tungsten,mine,World,2013,81400,t,
tungsten,mine,World,2014,86800,t,
tungsten,mine,World,2015,89400,t,
tungsten,mine,World,2016,88100,t,
tungsten,mine,World,2017,82100,t,
tungsten,mine,World,2018,81100,t,
tungsten,mine,World,2019,83800,t,
tungsten,mine,World,2020,78400,t,
tungsten,mine,World,2021,83800,t,
tungsten,mine,World,2022,84000,t,
vanadium,mine,Australia,2013,400,t,
vanadium,mine,Brazil,2014,1030,t,
vanadium,mine,Brazil,2015,5800,t,
vanadium,mine,Brazil,2016,8000,t,
vanadium,mine,Brazil,2017,5210,t,
vanadium,mine,Brazil,2018,5500,t,
vanadium,mine,Brazil,2019,5940,t,
vanadium,mine,Brazil,2020,6620,t,
vanadium,mine,Brazil,2021,5780,t,
vanadium,mine,Brazil,2022,6200,t,
vanadium,mine,China,1994,5000,t,
vanadium,mine,China,1995,5000,t,
vanadium,mine,China,1996,7000,t,
vanadium,mine,China,1997,8000,t,
vanadium,mine,China,1998,14700,t,
vanadium,mine,China,1999,16000,t,
vanadium,mine,China,2000,16000,t,
vanadium,mine,China,2001,30000,t,
vanadium,mine,China,2002,33000,t,
vanadium,mine,China,2003,13200,t,
vanadium,mine,China,2004,14000,t,
vanadium,mine,China,2005,17000,t,
vanadium,mine,China,2006,17500,t,
vanadium,mine,China,2007,19000,t,
vanadium,mine,China,2008,20000,t,
vanadium,mine,China,2009,21000,t,
vanadium,mine,China,2010,22000,t,
vanadium,mine,China,2011,23000,t,
vanadium,mine,China,2012,39000,t,
vanadium,mine,China,2013,41000,t,
vanadium,mine,China,2014,45000,t,
vanadium,mine,China,2015,42000,t,
vanadium,mine,China,2016,45000,t,
vanadium,mine,China,2017,40000,t,
vanadium,mine,China,2018,40000,t,
vanadium,mine,China,2019,54000,t,
vanadium,mine,China,2020,70000,t,
vanadium,mine,China,2021,70300,t,
vanadium,mine,China,2022,70000,t,
vanadium,mine,Other countries,1994,3200,t,
vanadium,mine,Other countries,1995,3200,t,
vanadium,mine,Other countries,1996,1100,t,
vanadium,mine,Other countries,1997,1100,t,
vanadium,mine,Other countries,1998,1100,t,
vanadium,mine,Other countries,1999,1000,t,
vanadium,mine,Other countries,2000,1000,t,
vanadium,mine,Other countries,2001,1000,t,
vanadium,mine,Other countries,2002,1000,t,
vanadium,mine,Other countries,2003,1000,t,
vanadium,mine,Other countries,2004,1000,t,
vanadium,mine,Other countries,2005,1100,t,
vanadium,mine,Other countries,2006,1100,t,
vanadium,mine,Other countries,2007,1000,t,
vanadium,mine,Other countries,2008,1000,t,
vanadium,mine,Other countries,2009,1000,t,
vanadium,mine,Other countries,2010,1600,t,
vanadium,mine,Other countries,2011,1600,t,
vanadium,mine,Other countries,2012,600,t,
vanadium,mine,Other countries,2013,600,t,
vanadium,mine,Other countries,2014,580,t,
vanadium,mine,Russia,1994,10000,t,
vanadium,mine,Russia,1995,10000,t,
vanadium,mine,Russia,1996,11000,t,
vanadium,mine,Russia,1997,11000,t,
vanadium,mine,Russia,1998,9000,t,
vanadium,mine,Russia,1999,9000,t,
vanadium,mine,Russia,2000,9000,t,
vanadium,mine,Russia,2001,9000,t,
vanadium,mine,Russia,2002,8000,t,
vanadium,mine,Russia,2003,8500,t,
vanadium,mine,Russia,2004,8000,t,
vanadium,mine,Russia,2005,15100,t,
vanadium,mine,Russia,2006,15100,t,
vanadium,mine,Russia,2007,14500,t,
vanadium,mine,Russia,2008,14500,t,
vanadium,mine,Russia,2009,14500,t,
vanadium,mine,Russia,2010,15000,t,
vanadium,mine,Russia,2011,15200,t,
vanadium,mine,Russia,2012,15000,t,
vanadium,mine,Russia,2013,15000,t,
vanadium,mine,Russia,2014,15100,t,
vanadium,mine,Russia,2015,16000,t,
vanadium,mine,Russia,2016,16000,t,
vanadium,mine,Russia,2017,18000,t,
vanadium,mine,Russia,2018,18000,t,
vanadium,mine,Russia,2019,18400,t,
vanadium,mine,Russia,2020,19500,t,
vanadium,mine,Russia,2021,20100,t,
vanadium,mine,Russia,2022,17000,t,
vanadium,mine,South Africa,1994,15700,t,
vanadium,mine,South Africa,1995,15500,t,
vanadium,mine,South Africa,1996,16000,t,
vanadium,mine,South Africa,1997,17000,t,
vanadium,mine,South Africa,1998,17000,t,
vanadium,mine,South Africa,1999,16000,t,
vanadium,mine,South Africa,2000,17000,t,
vanadium,mine,South Africa,2001,18000,t,
vanadium,mine,South Africa,2002,18000,t,
vanadium,mine,South Africa,2003,18000,t,
vanadium,mine,South Africa,2004,17200,t,
vanadium,mine,South Africa,2005,25000,t,
vanadium,mine,South Africa,2006,22000,t,
vanadium,mine,South Africa,2007,24000,t,
vanadium,mine,South Africa,2008,20000,t,
vanadium,mine,South Africa,2009,17000,t,
vanadium,mine,South Africa,2010,19000,t,
vanadium,mine,South Africa,2011,22000,t,
vanadium,mine,South Africa,2012,19500,t,
vanadium,mine,South Africa,2013,21000,t,
vanadium,mine,South Africa,2014,21000,t,
vanadium,mine,South Africa,2015,14000,t,
vanadium,mine,South Africa,2016,10000,t,
vanadium,mine,South Africa,2017,7960,t,
vanadium,mine,South Africa,2018,7700,t,
vanadium,mine,South Africa,2019,8030,t,
vanadium,mine,South Africa,2020,8580,t,
vanadium,mine,South Africa,2021,8800,t,
vanadium,mine,South Africa,2022,9100,t,
vanadium,mine,United States,2011,1590,t,
vanadium,mine,United States,2012,272,t,
vanadium,mine,United States,2013,591,t,
vanadium,mine,United States,2019,460,t,
vanadium,mine,United States,2020,17,t,
vanadium,mine,World,1994,33900,t,
vanadium,mine,World,1995,33700,t,
vanadium,mine,World,1996,35100,t,
vanadium,mine,World,1997,37100,t,
vanadium,mine,World,1998,41800,t,
vanadium,mine,World,1999,42800,t,
vanadium,mine,World,2000,43000,t,
vanadium,mine,World,2001,58000,t,
vanadium,mine,World,2002,60000,t,
vanadium,mine,World,2003,41000,t,
vanadium,mine,World,2004,40200,t,
vanadium,mine,World,2005,58200,t,
vanadium,mine,World,2006,55700,t,
vanadium,mine,World,2007,58500,t,
vanadium,mine,World,2008,55500,t,
vanadium,mine,World,2009,53500,t,
vanadium,mine,World,2010,57600,t,
vanadium,mine,World,2011,62400,t,
vanadium,mine,World,2012,74000,t,
vanadium,mine,World,2013,79000,t,
vanadium,mine,World,2014,82700,t,
vanadium,mine,World,2015,77800,t,
vanadium,mine,World,2016,79000,t,
vanadium,mine,World,2017,71200,t,
vanadium,mine,World,2018,71200,t,
vanadium,mine,World,2019,86800,t,
vanadium,mine,World,2020,105000,t,
vanadium,mine,World,2021,105000,t,
vanadium,mine,World,2022,100000,t,
vermiculite,mine,Australia,2007,13000,t,
vermiculite,mine,Australia,2008,13000,t,
vermiculite,mine,Australia,2009,12000,t,
vermiculite,mine,Australia,2010,13000,t,
vermiculite,mine,Australia,2011,13000,t,
vermiculite,mine,Brazil,2000,23000,t,
vermiculite,mine,Brazil,2001,23000,t,
vermiculite,mine,Brazil,2002,22000,t,
vermiculite,mine,Brazil,2003,23000,t,
vermiculite,mine,Brazil,2004,26000,t,
vermiculite,mine,Brazil,2005,30000,t,
vermiculite,mine,Brazil,2006,25000,t,
vermiculite,mine,Brazil,2007,19000,t,
vermiculite,mine,Brazil,2008,19000,t,
vermiculite,mine,Brazil,2009,20000,t,
vermiculite,mine,Brazil,2010,35000,t,
vermiculite,mine,Brazil,2011,50000,t,
vermiculite,mine,Brazil,2012,50000,t,
vermiculite,mine,Brazil,2013,55000,t,
vermiculite,mine,Brazil,2014,70000,t,
vermiculite,mine,Brazil,2015,68000,t,
vermiculite,mine,Brazil,2016,55000,t,
vermiculite,mine,Brazil,2017,55000,t,
vermiculite,mine,Brazil,2018,50000,t,
vermiculite,mine,Brazil,2019,50000,t,
vermiculite,mine,Brazil,2020,50000,t,
vermiculite,mine,Brazil,2021,60000,t,
vermiculite,mine,Brazil,2022,60000,t,
vermiculite,mine,Bulgaria,2012,19000,t,
vermiculite,mine,Bulgaria,2013,19000,t,
vermiculite,mine,Bulgaria,2014,18000,t,
vermiculite,mine,Bulgaria,2015,19000,t,
vermiculite,mine,Bulgaria,2016,10000,t,
vermiculite,mine,Bulgaria,2017,10000,t,
vermiculite,mine,Bulgaria,2018,10000,t,
vermiculite,mine,Bulgaria,2019,11000,t,
vermiculite,mine,Bulgaria,2020,10000,t,
vermiculite,mine,Bulgaria,2021,10000,t,
vermiculite,mine,Bulgaria,2022,10000,t,
vermiculite,mine,China,2000,40000,t,
vermiculite,mine,China,2001,40000,t,
vermiculite,mine,China,2002,50000,t,
vermiculite,mine,China,2003,50000,t,
vermiculite,mine,China,2004,100000,t,
vermiculite,mine,China,2005,100000,t,
vermiculite,mine,China,2006,110000,t,
vermiculite,mine,China,2007,110000,t,
vermiculite,mine,China,2008,120000,t,
vermiculite,mine,China,2009,120000,t,
vermiculite,mine,China,2010,120000,t,
vermiculite,mine,China,2011,120000,t,
vermiculite,mine,China,2012,15000,t,
vermiculite,mine,China,2013,15000,t,
vermiculite,mine,China,2022,39000,t,
vermiculite,mine,Egypt,2010,12000,t,
vermiculite,mine,Egypt,2011,5000,t,
vermiculite,mine,Egypt,2017,8000,t,
vermiculite,mine,Egypt,2018,8000,t,
vermiculite,mine,Egypt,2019,8000,t,
vermiculite,mine,India,2010,13000,t,
vermiculite,mine,India,2011,13000,t,
vermiculite,mine,India,2012,13000,t,
vermiculite,mine,India,2013,11000,t,
vermiculite,mine,India,2014,10000,t,
vermiculite,mine,India,2015,10000,t,
vermiculite,mine,India,2016,13000,t,
vermiculite,mine,India,2017,5000,t,
vermiculite,mine,India,2018,10000,t,
vermiculite,mine,India,2019,2000,t,
vermiculite,mine,India,2020,2000,t,
vermiculite,mine,India,2021,2000,t,
vermiculite,mine,India,2022,1000,t,
vermiculite,mine,Mexico,2020,500,t,
vermiculite,mine,Mexico,2021,500,t,
vermiculite,mine,Mexico,2022,500,t,
vermiculite,mine,Other countries,1994,43000,t,
vermiculite,mine,Other countries,1995,46000,t,
vermiculite,mine,Other countries,1996,50000,t,
vermiculite,mine,Other countries,1997,44000,t,
vermiculite,mine,Other countries,1998,57000,t,
vermiculite,mine,Other countries,2000,46000,t,
vermiculite,mine,Other countries,2001,48000,t,
vermiculite,mine,Other countries,2002,45000,t,
vermiculite,mine,Other countries,2003,46000,t,
vermiculite,mine,Other countries,2004,37000,t,
vermiculite,mine,Other countries,2005,39000,t,
vermiculite,mine,Other countries,2006,42000,t,
vermiculite,mine,Other countries,2007,27000,t,
vermiculite,mine,Other countries,2008,28000,t,
vermiculite,mine,Other countries,2009,24000,t,
vermiculite,mine,Other countries,2010,16000,t,
vermiculite,mine,Other countries,2011,26000,t,
vermiculite,mine,Other countries,2012,10000,t,
vermiculite,mine,Other countries,2013,10000,t,
vermiculite,mine,Other countries,2014,10000,t,
vermiculite,mine,Other countries,2015,5000,t,
vermiculite,mine,Other countries,2016,2000,t,
vermiculite,mine,Other countries,2017,2000,t,
vermiculite,mine,Other countries,2018,12000,t,
vermiculite,mine,Other countries,2019,3000,t,
vermiculite,mine,Russia,1994,40000,t,
vermiculite,mine,Russia,1995,40000,t,
vermiculite,mine,Russia,1996,30000,t,
vermiculite,mine,Russia,1997,25000,t,
vermiculite,mine,Russia,1998,25000,t,
vermiculite,mine,Russia,1999,25000,t,
vermiculite,mine,Russia,2000,25000,t,
vermiculite,mine,Russia,2001,25000,t,
vermiculite,mine,Russia,2002,25000,t,
vermiculite,mine,Russia,2003,25000,t,
vermiculite,mine,Russia,2004,25000,t,
vermiculite,mine,Russia,2005,25000,t,
vermiculite,mine,Russia,2006,25000,t,
vermiculite,mine,Russia,2007,25000,t,
vermiculite,mine,Russia,2008,25000,t,
vermiculite,mine,Russia,2009,25000,t,
vermiculite,mine,Russia,2010,25000,t,
vermiculite,mine,Russia,2011,25000,t,
vermiculite,mine,Russia,2012,25000,t,
vermiculite,mine,Russia,2013,20000,t,
vermiculite,mine,Russia,2015,21000,t,
vermiculite,mine,Russia,2016,20000,t,
vermiculite,mine,Russia,2017,13000,t,
vermiculite,mine,Russia,2018,10000,t,
vermiculite,mine,Russia,2019,25000,t,
vermiculite,mine,Russia,2020,29000,t,
vermiculite,mine,Russia,2021,30000,t,
vermiculite,mine,Russia,2022,29000,t,
vermiculite,mine,South Africa,1994,223000,t,
vermiculite,mine,South Africa,1995,222000,t,
vermiculite,mine,South Africa,1996,186000,t,
vermiculite,mine,South Africa,1997,211000,t,
vermiculite,mine,South Africa,1998,210000,t,
vermiculite,mine,South Africa,1999,209000,t,
vermiculite,mine,South Africa,2000,209000,t,
vermiculite,mine,South Africa,2001,157000,t,
vermiculite,mine,South Africa,2002,210000,t,
vermiculite,mine,South Africa,2003,183000,t,
vermiculite,mine,South Africa,2004,195000,t,
vermiculite,mine,South Africa,2005,210000,t,
vermiculite,mine,South Africa,2006,198000,t,
vermiculite,mine,South Africa,2007,199000,t,
vermiculite,mine,South Africa,2008,200000,t,
vermiculite,mine,South Africa,2009,193000,t,
vermiculite,mine,South Africa,2010,198000,t,
vermiculite,mine,South Africa,2011,170000,t,
vermiculite,mine,South Africa,2012,140000,t,
vermiculite,mine,South Africa,2013,128000,t,
vermiculite,mine,South Africa,2014,143000,t,
vermiculite,mine,South Africa,2015,158000,t,
vermiculite,mine,South Africa,2016,166000,t,
vermiculite,mine,South Africa,2017,176000,t,
vermiculite,mine,South Africa,2018,180000,t,
vermiculite,mine,South Africa,2019,158000,t,
vermiculite,mine,South Africa,2020,150000,t,
vermiculite,mine,South Africa,2021,140000,t,
vermiculite,mine,South Africa,2022,160000,t,
vermiculite,mine,Turkey,2020,1000,t,
vermiculite,mine,Turkey,2021,1000,t,
vermiculite,mine,Turkey,2022,19000,t,
vermiculite,mine,Uganda,2010,4000,t,
vermiculite,mine,Uganda,2011,20000,t,
vermiculite,mine,Uganda,2012,8000,t,
vermiculite,mine,Uganda,2016,3000,t,
vermiculite,mine,Uganda,2017,5000,t,
vermiculite,mine,Uganda,2018,20000,t,
vermiculite,mine,Uganda,2019,7000,t,
vermiculite,mine,Uganda,2020,9000,t,
vermiculite,mine,Uganda,2021,10000,t,
vermiculite,mine,Uganda,2022,14000,t,
vermiculite,mine,United States,1994,180000,t,
vermiculite,mine,United States,1995,170000,t,
vermiculite,mine,United States,1999,175000,t,
vermiculite,mine,United States,2000,150000,t,
vermiculite,mine,United States,2004,100000,t,
vermiculite,mine,United States,2005,100000,t,
vermiculite,mine,United States,2006,100000,t,
vermiculite,mine,United States,2007,100000,t,
vermiculite,mine,United States,2008,100000,t,
vermiculite,mine,United States,2009,100000,t,
vermiculite,mine,United States,2010,100000,t,
vermiculite,mine,United States,2011,100000,t,
vermiculite,mine,United States,2012,100000,t,
vermiculite,mine,United States,2013,100000,t,
vermiculite,mine,United States,2014,100000,t,
vermiculite,mine,United States,2015,100000,t,
vermiculite,mine,United States,2016,100000,t,
vermiculite,mine,United States,2017,100000,t,
vermiculite,mine,United States,2018,100000,t,
vermiculite,mine,United States,2019,100000,t,
vermiculite,mine,United States,2020,100000,t,
vermiculite,mine,United States,2021,100000,t,
vermiculite,mine,United States,2022,100000,t,
vermiculite,mine,Uzbekistan,2020,2000,t,
vermiculite,mine,Uzbekistan,2021,2000,t,
vermiculite,mine,Uzbekistan,2022,2000,t,
vermiculite,mine,World,1994,486000,t,
vermiculite,mine,World,1995,478000,t,
vermiculite,mine,World,1996,266000,t,
vermiculite,mine,World,1997,280000,t,
vermiculite,mine,World,1998,292000,t,
vermiculite,mine,World,1999,530000,t,
vermiculite,mine,World,2000,512000,t,
vermiculite,mine,World,2001,305000,t,
vermiculite,mine,World,2002,376000,t,
vermiculite,mine,World,2003,347000,t,
vermiculite,mine,World,2004,510000,t,
vermiculite,mine,World,2005,530000,t,
vermiculite,mine,World,2006,520000,t,
vermiculite,mine,World,2007,508000,t,
vermiculite,mine,World,2008,520000,t,
vermiculite,mine,World,2009,500000,t,
vermiculite,mine,World,2010,536000,t,
vermiculite,mine,World,2011,542000,t,
vermiculite,mine,World,2012,380000,t,
vermiculite,mine,World,2013,358000,t,
vermiculite,mine,World,2014,381000,t,
vermiculite,mine,World,2015,410000,t,
vermiculite,mine,World,2016,404000,t,
vermiculite,mine,World,2017,400000,t,
vermiculite,mine,World,2018,400000,t,
vermiculite,mine,World,2019,390000,t,
vermiculite,mine,World,2020,380000,t,
vermiculite,mine,World,2021,464000,t,
vermiculite,mine,World,2022,470000,t,
vermiculite,mine,Zimbabwe,2000,19000,t,
vermiculite,mine,Zimbabwe,2001,12000,t,
vermiculite,mine,Zimbabwe,2002,24000,t,
vermiculite,mine,Zimbabwe,2003,20000,t,
vermiculite,mine,Zimbabwe,2004,27000,t,
vermiculite,mine,Zimbabwe,2005,23000,t,
vermiculite,mine,Zimbabwe,2006,20000,t,
vermiculite,mine,Zimbabwe,2007,15000,t,
vermiculite,mine,Zimbabwe,2008,15000,t,
vermiculite,mine,Zimbabwe,2009,10000,t,
vermiculite,mine,Zimbabwe,2014,30000,t,
vermiculite,mine,Zimbabwe,2015,29000,t,
vermiculite,mine,Zimbabwe,2016,35000,t,
vermiculite,mine,Zimbabwe,2017,30000,t,
vermiculite,mine,Zimbabwe,2018,30000,t,
vermiculite,mine,Zimbabwe,2019,30000,t,
vermiculite,mine,Zimbabwe,2020,29000,t,
vermiculite,mine,Zimbabwe,2021,30000,t,
vermiculite,mine,Zimbabwe,2022,30000,t,
yttrium,mine,Australia,1994,60,t,tons of yttrium oxide (Y2O3) content + Includes yttrium contained in rare-earth ores
yttrium,mine,Brazil,1994,15,t,tons of yttrium oxide (Y2O3) content + Includes yttrium contained in rare-earth ores
yttrium,mine,Brazil,1995,15,t,tons of yttrium oxide (Y2O3) content + Includes yttrium contained in rare-earth ores
yttrium,mine,Brazil,1996,5,t,tons of yttrium oxide (Y2O3) content + Includes yttrium contained in rare-earth ores
yttrium,mine,Brazil,1997,15,t,tons of yttrium oxide (Y2O3) content + Includes yttrium contained in rare-earth ores
yttrium,mine,Brazil,1998,15,t,tons of yttrium oxide (Y2O3) content + Includes yttrium contained in rare-earth ores
yttrium,mine,Brazil,1999,15,t,tons of yttrium oxide (Y2O3) content + Includes yttrium contained in rare-earth ores
yttrium,mine,Brazil,2001,4,t,tons of yttrium oxide (Y2O3) content + Includes yttrium contained in rare-earth ores
yttrium,mine,Brazil,2002,4,t,tons of yttrium oxide (Y2O3) content + Includes yttrium contained in rare-earth ores
yttrium,mine,Brazil,2003,4,t,tons of yttrium oxide (Y2O3) content + Includes yttrium contained in rare-earth ores
yttrium,mine,Brazil,2005,8,t,tons of yttrium oxide (Y2O3) content + Includes yttrium contained in rare-earth ores
yttrium,mine,Brazil,2006,15,t,tons of yttrium oxide (Y2O3) content + Includes yttrium contained in rare-earth ores
yttrium,mine,Brazil,2007,15,t,tons of yttrium oxide (Y2O3) content + Includes yttrium contained in rare-earth ores
yttrium,mine,Brazil,2008,15,t,tons of yttrium oxide (Y2O3) content + Includes yttrium contained in rare-earth ores
yttrium,mine,Brazil,2009,15,t,tons of yttrium oxide (Y2O3) content + Includes yttrium contained in rare-earth ores
yttrium,mine,Brazil,2010,15,t,tons of yttrium oxide (Y2O3) content + Includes yttrium contained in rare-earth ores
yttrium,mine,Brazil,2011,15,t,tons of yttrium oxide (Y2O3) content + Includes yttrium contained in rare-earth ores
yttrium,mine,Brazil,2012,15,t,tons of yttrium oxide (Y2O3) content + Includes yttrium contained in rare-earth ores
yttrium,mine,China,1994,500,t,tons of yttrium oxide (Y2O3) content + Includes yttrium contained in rare-earth ores
yttrium,mine,China,1995,1274,t,tons of yttrium oxide (Y2O3) content + Includes yttrium contained in rare-earth ores
yttrium,mine,China,1996,1400,t,tons of yttrium oxide (Y2O3) content + Includes yttrium contained in rare-earth ores
yttrium,mine,China,1997,2200,t,tons of yttrium oxide (Y2O3) content + Includes yttrium contained in rare-earth ores
yttrium,mine,China,1998,2200,t,tons of yttrium oxide (Y2O3) content + Includes yttrium contained in rare-earth ores
yttrium,mine,China,1999,2200,t,tons of yttrium oxide (Y2O3) content + Includes yttrium contained in rare-earth ores
yttrium,mine,China,2000,2300,t,tons of yttrium oxide (Y2O3) content + Includes yttrium contained in rare-earth ores
yttrium,mine,China,2001,2300,t,tons of yttrium oxide (Y2O3) content + Includes yttrium contained in rare-earth ores
yttrium,mine,China,2002,2300,t,tons of yttrium oxide (Y2O3) content + Includes yttrium contained in rare-earth ores
yttrium,mine,China,2003,2300,t,tons of yttrium oxide (Y2O3) content + Includes yttrium contained in rare-earth ores
yttrium,mine,China,2004,2300,t,tons of yttrium oxide (Y2O3) content + Includes yttrium contained in rare-earth ores
yttrium,mine,China,2005,6000,t,tons of yttrium oxide (Y2O3) content + Includes yttrium contained in rare-earth ores
yttrium,mine,China,2006,8800,t,tons of yttrium oxide (Y2O3) content + Includes yttrium contained in rare-earth ores
yttrium,mine,China,2007,8800,t,tons of yttrium oxide (Y2O3) content + Includes yttrium contained in rare-earth ores
yttrium,mine,China,2008,8800,t,tons of yttrium oxide (Y2O3) content + Includes yttrium contained in rare-earth ores
yttrium,mine,China,2009,8800,t,tons of yttrium oxide (Y2O3) content + Includes yttrium contained in rare-earth ores
yttrium,mine,China,2010,8800,t,tons of yttrium oxide (Y2O3) content + Includes yttrium contained in rare-earth ores
yttrium,mine,China,2011,8800,t,tons of yttrium oxide (Y2O3) content + Includes yttrium contained in rare-earth ores
yttrium,mine,China,2012,7000,t,tons of yttrium oxide (Y2O3) content + Includes yttrium contained in rare-earth ores
yttrium,mine,Congo (Kinshasa),1996,1,t,tons of yttrium oxide (Y2O3) content + Includes yttrium contained in rare-earth ores
yttrium,mine,Former Soviet Union,1994,75,t,tons of yttrium oxide (Y2O3) content + Includes yttrium contained in rare-earth ores
yttrium,mine,Former Soviet Union,1995,60,t,tons of yttrium oxide (Y2O3) content + Includes yttrium contained in rare-earth ores
yttrium,mine,Former Soviet Union,1996,120,t,tons of yttrium oxide (Y2O3) content + Includes yttrium contained in rare-earth ores
yttrium,mine,Former Soviet Union,1997,120,t,tons of yttrium oxide (Y2O3) content + Includes yttrium contained in rare-earth ores
yttrium,mine,Former Soviet Union,1998,125,t,tons of yttrium oxide (Y2O3) content + Includes yttrium contained in rare-earth ores
yttrium,mine,Former Soviet Union,1999,125,t,tons of yttrium oxide (Y2O3) content + Includes yttrium contained in rare-earth ores
yttrium,mine,Former Soviet Union,2000,26,t,tons of yttrium oxide (Y2O3) content + Includes yttrium contained in rare-earth ores
yttrium,mine,India,1994,50,t,tons of yttrium oxide (Y2O3) content + Includes yttrium contained in rare-earth ores
yttrium,mine,India,1995,55,t,tons of yttrium oxide (Y2O3) content + Includes yttrium contained in rare-earth ores
yttrium,mine,India,1996,55,t,tons of yttrium oxide (Y2O3) content + Includes yttrium contained in rare-earth ores
yttrium,mine,India,1997,30,t,tons of yttrium oxide (Y2O3) content + Includes yttrium contained in rare-earth ores
yttrium,mine,India,1998,55,t,tons of yttrium oxide (Y2O3) content + Includes yttrium contained in rare-earth ores
yttrium,mine,India,1999,55,t,tons of yttrium oxide (Y2O3) content + Includes yttrium contained in rare-earth ores
yttrium,mine,India,2000,55,t,tons of yttrium oxide (Y2O3) content + Includes yttrium contained in rare-earth ores
yttrium,mine,India,2001,55,t,tons of yttrium oxide (Y2O3) content + Includes yttrium contained in rare-earth ores
yttrium,mine,India,2002,55,t,tons of yttrium oxide (Y2O3) content + Includes yttrium contained in rare-earth ores
yttrium,mine,India,2003,55,t,tons of yttrium oxide (Y2O3) content + Includes yttrium contained in rare-earth ores
yttrium,mine,India,2004,55,t,tons of yttrium oxide (Y2O3) content + Includes yttrium contained in rare-earth ores
yttrium,mine,India,2005,55,t,tons of yttrium oxide (Y2O3) content + Includes yttrium contained in rare-earth ores
yttrium,mine,India,2006,55,t,tons of yttrium oxide (Y2O3) content + Includes yttrium contained in rare-earth ores
yttrium,mine,India,2007,55,t,tons of yttrium oxide (Y2O3) content + Includes yttrium contained in rare-earth ores
yttrium,mine,India,2008,55,t,tons of yttrium oxide (Y2O3) content + Includes yttrium contained in rare-earth ores
yttrium,mine,India,2009,55,t,tons of yttrium oxide (Y2O3) content + Includes yttrium contained in rare-earth ores
yttrium,mine,India,2010,55,t,tons of yttrium oxide (Y2O3) content + Includes yttrium contained in rare-earth ores
yttrium,mine,India,2011,55,t,tons of yttrium oxide (Y2O3) content + Includes yttrium contained in rare-earth ores
yttrium,mine,India,2012,55,t,tons of yttrium oxide (Y2O3) content + Includes yttrium contained in rare-earth ores
yttrium,mine,Malaysia,1994,5,t,tons of yttrium oxide (Y2O3) content + Includes yttrium contained in rare-earth ores
yttrium,mine,Malaysia,1995,8,t,tons of yttrium oxide (Y2O3) content + Includes yttrium contained in rare-earth ores
yttrium,mine,Malaysia,1996,7,t,tons of yttrium oxide (Y2O3) content + Includes yttrium contained in rare-earth ores
yttrium,mine,Malaysia,1997,4,t,tons of yttrium oxide (Y2O3) content + Includes yttrium contained in rare-earth ores
yttrium,mine,Malaysia,1998,7,t,tons of yttrium oxide (Y2O3) content + Includes yttrium contained in rare-earth ores
yttrium,mine,Malaysia,1999,7,t,tons of yttrium oxide (Y2O3) content + Includes yttrium contained in rare-earth ores
yttrium,mine,Malaysia,2000,11,t,tons of yttrium oxide (Y2O3) content + Includes yttrium contained in rare-earth ores
yttrium,mine,Malaysia,2001,7,t,tons of yttrium oxide (Y2O3) content + Includes yttrium contained in rare-earth ores
yttrium,mine,Malaysia,2002,4,t,tons of yttrium oxide (Y2O3) content + Includes yttrium contained in rare-earth ores
yttrium,mine,Malaysia,2003,5,t,tons of yttrium oxide (Y2O3) content + Includes yttrium contained in rare-earth ores
yttrium,mine,Malaysia,2004,5,t,tons of yttrium oxide (Y2O3) content + Includes yttrium contained in rare-earth ores
yttrium,mine,Malaysia,2005,15,t,tons of yttrium oxide (Y2O3) content + Includes yttrium contained in rare-earth ores
yttrium,mine,Malaysia,2006,4,t,tons of yttrium oxide (Y2O3) content + Includes yttrium contained in rare-earth ores
yttrium,mine,Malaysia,2007,4,t,tons of yttrium oxide (Y2O3) content + Includes yttrium contained in rare-earth ores
yttrium,mine,Malaysia,2008,4,t,tons of yttrium oxide (Y2O3) content + Includes yttrium contained in rare-earth ores
yttrium,mine,Malaysia,2009,4,t,tons of yttrium oxide (Y2O3) content + Includes yttrium contained in rare-earth ores
yttrium,mine,Malaysia,2010,4,t,tons of yttrium oxide (Y2O3) content + Includes yttrium contained in rare-earth ores
yttrium,mine,Malaysia,2011,4,t,tons of yttrium oxide (Y2O3) content + Includes yttrium contained in rare-earth ores
yttrium,mine,Malaysia,2012,2,t,tons of yttrium oxide (Y2O3) content + Includes yttrium contained in rare-earth ores
yttrium,mine,Other countries,2001,26,t,tons of yttrium oxide (Y2O3) content + Includes yttrium contained in rare-earth ores
yttrium,mine,Other countries,2002,26,t,tons of yttrium oxide (Y2O3) content + Includes yttrium contained in rare-earth ores
yttrium,mine,Other countries,2003,26,t,tons of yttrium oxide (Y2O3) content + Includes yttrium contained in rare-earth ores
yttrium,mine,Other countries,2004,26,t,tons of yttrium oxide (Y2O3) content + Includes yttrium contained in rare-earth ores
yttrium,mine,South Africa,1994,14,t,tons of yttrium oxide (Y2O3) content + Includes yttrium contained in rare-earth ores
yttrium,mine,South Africa,1995,14,t,tons of yttrium oxide (Y2O3) content + Includes yttrium contained in rare-earth ores
yttrium,mine,Sri Lanka,1994,2,t,tons of yttrium oxide (Y2O3) content + Includes yttrium contained in rare-earth ores
yttrium,mine,Sri Lanka,1995,2,t,tons of yttrium oxide (Y2O3) content + Includes yttrium contained in rare-earth ores
yttrium,mine,Sri Lanka,1996,2,t,tons of yttrium oxide (Y2O3) content + Includes yttrium contained in rare-earth ores
yttrium,mine,Sri Lanka,1997,2,t,tons of yttrium oxide (Y2O3) content + Includes yttrium contained in rare-earth ores
yttrium,mine,Sri Lanka,1998,2,t,tons of yttrium oxide (Y2O3) content + Includes yttrium contained in rare-earth ores
yttrium,mine,Sri Lanka,1999,2,t,tons of yttrium oxide (Y2O3) content + Includes yttrium contained in rare-earth ores
yttrium,mine,Sri Lanka,2000,2,t,tons of yttrium oxide (Y2O3) content + Includes yttrium contained in rare-earth ores
yttrium,mine,Sri Lanka,2001,2,t,tons of yttrium oxide (Y2O3) content + Includes yttrium contained in rare-earth ores
yttrium,mine,Sri Lanka,2002,2,t,tons of yttrium oxide (Y2O3) content + Includes yttrium contained in rare-earth ores
yttrium,mine,Thailand,1994,9,t,tons of yttrium oxide (Y2O3) content + Includes yttrium contained in rare-earth ores
yttrium,mine,Thailand,1995,1,t,tons of yttrium oxide (Y2O3) content + Includes yttrium contained in rare-earth ores
yttrium,mine,Thailand,2001,36,t,tons of yttrium oxide (Y2O3) content + Includes yttrium contained in rare-earth ores
yttrium,mine,Thailand,2002,20,t,tons of yttrium oxide (Y2O3) content + Includes yttrium contained in rare-earth ores
yttrium,mine,World,1994,730,t,tons of yttrium oxide (Y2O3) content + Includes yttrium contained in rare-earth ores
yttrium,mine,World,1995,1450,t,tons of yttrium oxide (Y2O3) content + Includes yttrium contained in rare-earth ores
yttrium,mine,World,1996,1600,t,tons of yttrium oxide (Y2O3) content + Includes yttrium contained in rare-earth ores
yttrium,mine,World,1997,2370,t,tons of yttrium oxide (Y2O3) content + Includes yttrium contained in rare-earth ores
yttrium,mine,World,1998,2400,t,tons of yttrium oxide (Y2O3) content + Includes yttrium contained in rare-earth ores
yttrium,mine,World,1999,2400,t,tons of yttrium oxide (Y2O3) content + Includes yttrium contained in rare-earth ores
yttrium,mine,World,2000,2400,t,tons of yttrium oxide (Y2O3) content + Includes yttrium contained in rare-earth ores
yttrium,mine,World,2001,2400,t,tons of yttrium oxide (Y2O3) content + Includes yttrium contained in rare-earth ores
yttrium,mine,World,2002,2400,t,tons of yttrium oxide (Y2O3) content + Includes yttrium contained in rare-earth ores
yttrium,mine,World,2003,2400,t,tons of yttrium oxide (Y2O3) content + Includes yttrium contained in rare-earth ores
yttrium,mine,World,2004,2400,t,tons of yttrium oxide (Y2O3) content + Includes yttrium contained in rare-earth ores
yttrium,mine,World,2005,6080,t,tons of yttrium oxide (Y2O3) content + Includes yttrium contained in rare-earth ores
yttrium,mine,World,2006,8900,t,tons of yttrium oxide (Y2O3) content + Includes yttrium contained in rare-earth ores
yttrium,mine,World,2007,8900,t,tons of yttrium oxide (Y2O3) content + Includes yttrium contained in rare-earth ores
yttrium,mine,World,2008,8900,t,tons of yttrium oxide (Y2O3) content + Includes yttrium contained in rare-earth ores
yttrium,mine,World,2009,8900,t,tons of yttrium oxide (Y2O3) content + Includes yttrium contained in rare-earth ores
yttrium,mine,World,2010,8900,t,tons of yttrium oxide (Y2O3) content + Includes yttrium contained in rare-earth ores
yttrium,mine,World,2011,8900,t,tons of yttrium oxide (Y2O3) content + Includes yttrium contained in rare-earth ores
yttrium,mine,World,2012,7100,t,tons of yttrium oxide (Y2O3) content + Includes yttrium contained in rare-earth ores
yttrium,mine,Zaire,1994,1,t,tons of yttrium oxide (Y2O3) content + Includes yttrium contained in rare-earth ores
yttrium,mine,Zaire,1995,1,t,tons of yttrium oxide (Y2O3) content + Includes yttrium contained in rare-earth ores
zinc,mine,Australia,1994,995000,t,zinc content of concentrates and direct shipping ores
zinc,mine,Australia,1995,930000,t,zinc content of concentrates and direct shipping ores
zinc,mine,Australia,1996,1071000,t,zinc content of concentrates and direct shipping ores
zinc,mine,Australia,1997,1040000,t,zinc content of concentrates and direct shipping ores
zinc,mine,Australia,1998,1059000,t,zinc content of concentrates and direct shipping ores
zinc,mine,Australia,1999,1160000,t,zinc content of concentrates and direct shipping ores
zinc,mine,Australia,2000,1420000,t,zinc content of concentrates and direct shipping ores
zinc,mine,Australia,2001,1520000,t,zinc content of concentrates and direct shipping ores
zinc,mine,Australia,2002,1150000,t,zinc content of concentrates and direct shipping ores
zinc,mine,Australia,2003,1480000,t,zinc content of concentrates and direct shipping ores
zinc,mine,Australia,2004,1300000,t,zinc content of concentrates and direct shipping ores
zinc,mine,Australia,2005,1330000,t,zinc content of concentrates and direct shipping ores
zinc,mine,Australia,2006,1380000,t,zinc content of concentrates and direct shipping ores
zinc,mine,Australia,2007,1520000,t,zinc content of concentrates and direct shipping ores
zinc,mine,Australia,2008,1480000,t,zinc content of concentrates and direct shipping ores
zinc,mine,Australia,2009,1290000,t,zinc content of concentrates and direct shipping ores
zinc,mine,Australia,2010,1480000,t,zinc content of concentrates and direct shipping ores
zinc,mine,Australia,2011,1520000,t,zinc content of concentrates and direct shipping ores
zinc,mine,Australia,2012,1510000,t,zinc content of concentrates and direct shipping ores
zinc,mine,Australia,2013,1520000,t,zinc content of concentrates and direct shipping ores
zinc,mine,Australia,2014,1560000,t,zinc content of concentrates and direct shipping ores
zinc,mine,Australia,2015,1600000,t,zinc content of concentrates and direct shipping ores
zinc,mine,Australia,2016,965000,t,zinc content of concentrates and direct shipping ores
zinc,mine,Australia,2017,842000,t,zinc content of concentrates and direct shipping ores
zinc,mine,Australia,2018,1110000,t,zinc content of concentrates and direct shipping ores
zinc,mine,Australia,2019,1330000,t,zinc content of concentrates and direct shipping ores
zinc,mine,Australia,2020,1310000,t,zinc content of concentrates and direct shipping ores
zinc,mine,Australia,2021,1320000,t,zinc content of concentrates and direct shipping ores
zinc,mine,Australia,2022,1300000,t,zinc content of concentrates and direct shipping ores
zinc,mine,Bolivia,2009,422000,t,zinc content of concentrates and direct shipping ores
zinc,mine,Bolivia,2010,411000,t,zinc content of concentrates and direct shipping ores
zinc,mine,Bolivia,2011,427000,t,zinc content of concentrates and direct shipping ores
zinc,mine,Bolivia,2012,405000,t,zinc content of concentrates and direct shipping ores
zinc,mine,Bolivia,2013,407000,t,zinc content of concentrates and direct shipping ores
zinc,mine,Bolivia,2014,449000,t,zinc content of concentrates and direct shipping ores
zinc,mine,Bolivia,2015,440000,t,zinc content of concentrates and direct shipping ores
zinc,mine,Bolivia,2016,490000,t,zinc content of concentrates and direct shipping ores
zinc,mine,Bolivia,2017,473000,t,zinc content of concentrates and direct shipping ores
zinc,mine,Bolivia,2018,480000,t,zinc content of concentrates and direct shipping ores
zinc,mine,Bolivia,2019,520000,t,zinc content of concentrates and direct shipping ores
zinc,mine,Bolivia,2020,360000,t,zinc content of concentrates and direct shipping ores
zinc,mine,Bolivia,2021,500000,t,zinc content of concentrates and direct shipping ores
zinc,mine,Bolivia,2022,520000,t,zinc content of concentrates and direct shipping ores
zinc,mine,Canada,1994,984000,t,zinc content of concentrates and direct shipping ores
zinc,mine,Canada,1995,1110000,t,zinc content of concentrates and direct shipping ores
zinc,mine,Canada,1996,1235000,t,zinc content of concentrates and direct shipping ores
zinc,mine,Canada,1997,1060000,t,zinc content of concentrates and direct shipping ores
zinc,mine,Canada,1998,1057000,t,zinc content of concentrates and direct shipping ores
zinc,mine,Canada,1999,1010000,t,zinc content of concentrates and direct shipping ores
zinc,mine,Canada,2000,936000,t,zinc content of concentrates and direct shipping ores
zinc,mine,Canada,2001,1000000,t,zinc content of concentrates and direct shipping ores
zinc,mine,Canada,2002,894000,t,zinc content of concentrates and direct shipping ores
zinc,mine,Canada,2003,1000000,t,zinc content of concentrates and direct shipping ores
zinc,mine,Canada,2004,790000,t,zinc content of concentrates and direct shipping ores
zinc,mine,Canada,2005,755000,t,zinc content of concentrates and direct shipping ores
zinc,mine,Canada,2006,710000,t,zinc content of concentrates and direct shipping ores
zinc,mine,Canada,2007,620000,t,zinc content of concentrates and direct shipping ores
zinc,mine,Canada,2008,750000,t,zinc content of concentrates and direct shipping ores
zinc,mine,Canada,2009,699000,t,zinc content of concentrates and direct shipping ores
zinc,mine,Canada,2010,649000,t,zinc content of concentrates and direct shipping ores
zinc,mine,Canada,2011,612000,t,zinc content of concentrates and direct shipping ores
zinc,mine,Canada,2012,641000,t,zinc content of concentrates and direct shipping ores
zinc,mine,Canada,2013,426000,t,zinc content of concentrates and direct shipping ores
zinc,mine,Canada,2014,353000,t,zinc content of concentrates and direct shipping ores
zinc,mine,Canada,2015,277000,t,zinc content of concentrates and direct shipping ores
zinc,mine,Canada,2016,322000,t,zinc content of concentrates and direct shipping ores
zinc,mine,Canada,2017,344000,t,zinc content of concentrates and direct shipping ores
zinc,mine,Canada,2018,287000,t,zinc content of concentrates and direct shipping ores
zinc,mine,Canada,2019,336000,t,zinc content of concentrates and direct shipping ores
zinc,mine,Canada,2020,211000,t,zinc content of concentrates and direct shipping ores
zinc,mine,Canada,2021,310000,t,zinc content of concentrates and direct shipping ores
zinc,mine,Canada,2022,250000,t,zinc content of concentrates and direct shipping ores
zinc,mine,China,1994,780000,t,zinc content of concentrates and direct shipping ores
zinc,mine,China,1995,950000,t,zinc content of concentrates and direct shipping ores
zinc,mine,China,1996,1010000,t,zinc content of concentrates and direct shipping ores
zinc,mine,China,1997,1200000,t,zinc content of concentrates and direct shipping ores
zinc,mine,China,1998,1100000,t,zinc content of concentrates and direct shipping ores
zinc,mine,China,1999,1370000,t,zinc content of concentrates and direct shipping ores
zinc,mine,China,2000,1710000,t,zinc content of concentrates and direct shipping ores
zinc,mine,China,2001,1700000,t,zinc content of concentrates and direct shipping ores
zinc,mine,China,2002,1550000,t,zinc content of concentrates and direct shipping ores
zinc,mine,China,2003,1650000,t,zinc content of concentrates and direct shipping ores
zinc,mine,China,2004,2300000,t,zinc content of concentrates and direct shipping ores
zinc,mine,China,2005,2450000,t,zinc content of concentrates and direct shipping ores
zinc,mine,China,2006,2600000,t,zinc content of concentrates and direct shipping ores
zinc,mine,China,2007,2900000,t,zinc content of concentrates and direct shipping ores
zinc,mine,China,2008,3200000,t,zinc content of concentrates and direct shipping ores
zinc,mine,China,2009,3100000,t,zinc content of concentrates and direct shipping ores
zinc,mine,China,2010,3700000,t,zinc content of concentrates and direct shipping ores
zinc,mine,China,2011,4310000,t,zinc content of concentrates and direct shipping ores
zinc,mine,China,2012,4900000,t,zinc content of concentrates and direct shipping ores
zinc,mine,China,2013,5000000,t,zinc content of concentrates and direct shipping ores
zinc,mine,China,2014,4930000,t,zinc content of concentrates and direct shipping ores
zinc,mine,China,2015,4300000,t,zinc content of concentrates and direct shipping ores
zinc,mine,China,2016,4800000,t,zinc content of concentrates and direct shipping ores
zinc,mine,China,2017,4400000,t,zinc content of concentrates and direct shipping ores
zinc,mine,China,2018,4170000,t,zinc content of concentrates and direct shipping ores
zinc,mine,China,2019,4210000,t,zinc content of concentrates and direct shipping ores
zinc,mine,China,2020,4060000,t,zinc content of concentrates and direct shipping ores
zinc,mine,China,2021,4140000,t,zinc content of concentrates and direct shipping ores
zinc,mine,China,2022,4200000,t,zinc content of concentrates and direct shipping ores
zinc,mine,India,2008,610000,t,zinc content of concentrates and direct shipping ores
zinc,mine,India,2009,695000,t,zinc content of concentrates and direct shipping ores
zinc,mine,India,2010,700000,t,zinc content of concentrates and direct shipping ores
zinc,mine,India,2011,710000,t,zinc content of concentrates and direct shipping ores
zinc,mine,India,2012,758000,t,zinc content of concentrates and direct shipping ores
zinc,mine,India,2013,793000,t,zinc content of concentrates and direct shipping ores
zinc,mine,India,2014,706000,t,zinc content of concentrates and direct shipping ores
zinc,mine,India,2015,821000,t,zinc content of concentrates and direct shipping ores
zinc,mine,India,2016,682000,t,zinc content of concentrates and direct shipping ores
zinc,mine,India,2017,833000,t,zinc content of concentrates and direct shipping ores
zinc,mine,India,2018,750000,t,zinc content of concentrates and direct shipping ores
zinc,mine,India,2019,720000,t,zinc content of concentrates and direct shipping ores
zinc,mine,India,2020,720000,t,zinc content of concentrates and direct shipping ores
zinc,mine,India,2021,777000,t,zinc content of concentrates and direct shipping ores
zinc,mine,India,2022,830000,t,zinc content of concentrates and direct shipping ores
zinc,mine,Ireland,2008,400000,t,zinc content of concentrates and direct shipping ores
zinc,mine,Ireland,2009,386000,t,zinc content of concentrates and direct shipping ores
zinc,mine,Ireland,2010,342000,t,zinc content of concentrates and direct shipping ores
zinc,mine,Ireland,2011,340000,t,zinc content of concentrates and direct shipping ores
zinc,mine,Ireland,2012,338000,t,zinc content of concentrates and direct shipping ores
zinc,mine,Ireland,2013,327000,t,zinc content of concentrates and direct shipping ores
zinc,mine,Ireland,2014,283000,t,zinc content of concentrates and direct shipping ores
zinc,mine,Ireland,2015,236000,t,zinc content of concentrates and direct shipping ores
zinc,mine,Kazakhstan,2002,390000,t,zinc content of concentrates and direct shipping ores
zinc,mine,Kazakhstan,2003,395000,t,zinc content of concentrates and direct shipping ores
zinc,mine,Kazakhstan,2004,360000,t,zinc content of concentrates and direct shipping ores
zinc,mine,Kazakhstan,2005,400000,t,zinc content of concentrates and direct shipping ores
zinc,mine,Kazakhstan,2006,400000,t,zinc content of concentrates and direct shipping ores
zinc,mine,Kazakhstan,2007,390000,t,zinc content of concentrates and direct shipping ores
zinc,mine,Kazakhstan,2008,460000,t,zinc content of concentrates and direct shipping ores
zinc,mine,Kazakhstan,2009,480000,t,zinc content of concentrates and direct shipping ores
zinc,mine,Kazakhstan,2010,500000,t,zinc content of concentrates and direct shipping ores
zinc,mine,Kazakhstan,2011,495000,t,zinc content of concentrates and direct shipping ores
zinc,mine,Kazakhstan,2012,371000,t,zinc content of concentrates and direct shipping ores
zinc,mine,Kazakhstan,2013,362000,t,zinc content of concentrates and direct shipping ores
zinc,mine,Kazakhstan,2014,345000,t,zinc content of concentrates and direct shipping ores
zinc,mine,Kazakhstan,2015,339000,t,zinc content of concentrates and direct shipping ores
zinc,mine,Kazakhstan,2016,340000,t,zinc content of concentrates and direct shipping ores
zinc,mine,Kazakhstan,2017,330000,t,zinc content of concentrates and direct shipping ores
zinc,mine,Kazakhstan,2018,304000,t,zinc content of concentrates and direct shipping ores
zinc,mine,Kazakhstan,2019,304000,t,zinc content of concentrates and direct shipping ores
zinc,mine,Kazakhstan,2020,222000,t,zinc content of concentrates and direct shipping ores
zinc,mine,Kazakhstan,2021,194000,t,zinc content of concentrates and direct shipping ores
zinc,mine,Kazakhstan,2022,200000,t,zinc content of concentrates and direct shipping ores
zinc,mine,Mexico,1994,382000,t,zinc content of concentrates and direct shipping ores
zinc,mine,Mexico,1995,364000,t,zinc content of concentrates and direct shipping ores
zinc,mine,Mexico,1996,378000,t,zinc content of concentrates and direct shipping ores
zinc,mine,Mexico,1997,379000,t,zinc content of concentrates and direct shipping ores
zinc,mine,Mexico,1998,395000,t,zinc content of concentrates and direct shipping ores
zinc,mine,Mexico,1999,360000,t,zinc content of concentrates and direct shipping ores
zinc,mine,Mexico,2000,393000,t,zinc content of concentrates and direct shipping ores
zinc,mine,Mexico,2001,429000,t,zinc content of concentrates and direct shipping ores
zinc,mine,Mexico,2002,475000,t,zinc content of concentrates and direct shipping ores
zinc,mine,Mexico,2003,460000,t,zinc content of concentrates and direct shipping ores
zinc,mine,Mexico,2004,460000,t,zinc content of concentrates and direct shipping ores
zinc,mine,Mexico,2005,470000,t,zinc content of concentrates and direct shipping ores
zinc,mine,Mexico,2006,480000,t,zinc content of concentrates and direct shipping ores
zinc,mine,Mexico,2007,430000,t,zinc content of concentrates and direct shipping ores
zinc,mine,Mexico,2008,400000,t,zinc content of concentrates and direct shipping ores
zinc,mine,Mexico,2009,390000,t,zinc content of concentrates and direct shipping ores
zinc,mine,Mexico,2010,518000,t,zinc content of concentrates and direct shipping ores
zinc,mine,Mexico,2011,632000,t,zinc content of concentrates and direct shipping ores
zinc,mine,Mexico,2012,660000,t,zinc content of concentrates and direct shipping ores
zinc,mine,Mexico,2013,643000,t,zinc content of concentrates and direct shipping ores
zinc,mine,Mexico,2014,660000,t,zinc content of concentrates and direct shipping ores
zinc,mine,Mexico,2015,680000,t,zinc content of concentrates and direct shipping ores
zinc,mine,Mexico,2016,670000,t,zinc content of concentrates and direct shipping ores
zinc,mine,Mexico,2017,674000,t,zinc content of concentrates and direct shipping ores
zinc,mine,Mexico,2018,691000,t,zinc content of concentrates and direct shipping ores
zinc,mine,Mexico,2019,677000,t,zinc content of concentrates and direct shipping ores
zinc,mine,Mexico,2020,638000,t,zinc content of concentrates and direct shipping ores
zinc,mine,Mexico,2021,724000,t,zinc content of concentrates and direct shipping ores
zinc,mine,Mexico,2022,740000,t,zinc content of concentrates and direct shipping ores
zinc,mine,Other countries,1994,2400000,t,zinc content of concentrates and direct shipping ores
zinc,mine,Other countries,1995,2430000,t,zinc content of concentrates and direct shipping ores
zinc,mine,Other countries,1996,2357000,t,zinc content of concentrates and direct shipping ores
zinc,mine,Other countries,1997,2290000,t,zinc content of concentrates and direct shipping ores
zinc,mine,Other countries,1998,2310000,t,zinc content of concentrates and direct shipping ores
zinc,mine,Other countries,1999,2400000,t,zinc content of concentrates and direct shipping ores
zinc,mine,Other countries,2000,2530000,t,zinc content of concentrates and direct shipping ores
zinc,mine,Other countries,2001,2300000,t,zinc content of concentrates and direct shipping ores
zinc,mine,Other countries,2002,2020000,t,zinc content of concentrates and direct shipping ores
zinc,mine,Other countries,2003,2040000,t,zinc content of concentrates and direct shipping ores
zinc,mine,Other countries,2004,2400000,t,zinc content of concentrates and direct shipping ores
zinc,mine,Other countries,2005,2400000,t,zinc content of concentrates and direct shipping ores
zinc,mine,Other countries,2006,2500000,t,zinc content of concentrates and direct shipping ores
zinc,mine,Other countries,2007,2800000,t,zinc content of concentrates and direct shipping ores
zinc,mine,Other countries,2008,1920000,t,zinc content of concentrates and direct shipping ores
zinc,mine,Other countries,2009,1490000,t,zinc content of concentrates and direct shipping ores
zinc,mine,Other countries,2010,1490000,t,zinc content of concentrates and direct shipping ores
zinc,mine,Other countries,2011,1730000,t,zinc content of concentrates and direct shipping ores
zinc,mine,Other countries,2012,1930000,t,zinc content of concentrates and direct shipping ores
zinc,mine,Other countries,2013,1800000,t,zinc content of concentrates and direct shipping ores
zinc,mine,Other countries,2014,1860000,t,zinc content of concentrates and direct shipping ores
zinc,mine,Other countries,2015,1610000,t,zinc content of concentrates and direct shipping ores
zinc,mine,Other countries,2016,1890000,t,zinc content of concentrates and direct shipping ores
zinc,mine,Other countries,2017,2140000,t,zinc content of concentrates and direct shipping ores
zinc,mine,Other countries,2018,1840000,t,zinc content of concentrates and direct shipping ores
zinc,mine,Other countries,2019,1950000,t,zinc content of concentrates and direct shipping ores
zinc,mine,Other countries,2020,1950000,t,zinc content of concentrates and direct shipping ores
zinc,mine,Other countries,2021,1960000,t,zinc content of concentrates and direct shipping ores
zinc,mine,Other countries,2022,2000000,t,zinc content of concentrates and direct shipping ores
zinc,mine,Peru,1994,665000,t,zinc content of concentrates and direct shipping ores
zinc,mine,Peru,1995,689000,t,zinc content of concentrates and direct shipping ores
zinc,mine,Peru,1996,761000,t,zinc content of concentrates and direct shipping ores
zinc,mine,Peru,1997,865000,t,zinc content of concentrates and direct shipping ores
zinc,mine,Peru,1998,869000,t,zinc content of concentrates and direct shipping ores
zinc,mine,Peru,1999,900000,t,zinc content of concentrates and direct shipping ores
zinc,mine,Peru,2000,910000,t,zinc content of concentrates and direct shipping ores
zinc,mine,Peru,2001,1060000,t,zinc content of concentrates and direct shipping ores
zinc,mine,Peru,2002,1100000,t,zinc content of concentrates and direct shipping ores
zinc,mine,Peru,2003,1250000,t,zinc content of concentrates and direct shipping ores
zinc,mine,Peru,2004,1200000,t,zinc content of concentrates and direct shipping ores
zinc,mine,Peru,2005,1200000,t,zinc content of concentrates and direct shipping ores
zinc,mine,Peru,2006,1200000,t,zinc content of concentrates and direct shipping ores
zinc,mine,Peru,2007,1440000,t,zinc content of concentrates and direct shipping ores
zinc,mine,Peru,2008,1600000,t,zinc content of concentrates and direct shipping ores
zinc,mine,Peru,2009,1510000,t,zinc content of concentrates and direct shipping ores
zinc,mine,Peru,2010,1470000,t,zinc content of concentrates and direct shipping ores
zinc,mine,Peru,2011,1260000,t,zinc content of concentrates and direct shipping ores
zinc,mine,Peru,2012,1280000,t,zinc content of concentrates and direct shipping ores
zinc,mine,Peru,2013,1350000,t,zinc content of concentrates and direct shipping ores
zinc,mine,Peru,2014,1320000,t,zinc content of concentrates and direct shipping ores
zinc,mine,Peru,2015,1420000,t,zinc content of concentrates and direct shipping ores
zinc,mine,Peru,2016,1330000,t,zinc content of concentrates and direct shipping ores
zinc,mine,Peru,2017,1470000,t,zinc content of concentrates and direct shipping ores
zinc,mine,Peru,2018,1470000,t,zinc content of concentrates and direct shipping ores
zinc,mine,Peru,2019,1400000,t,zinc content of concentrates and direct shipping ores
zinc,mine,Peru,2020,1330000,t,zinc content of concentrates and direct shipping ores
zinc,mine,Peru,2021,1530000,t,zinc content of concentrates and direct shipping ores
zinc,mine,Peru,2022,1400000,t,zinc content of concentrates and direct shipping ores
zinc,mine,Russia,2018,300000,t,zinc content of concentrates and direct shipping ores
zinc,mine,Russia,2019,260000,t,zinc content of concentrates and direct shipping ores
zinc,mine,Russia,2020,280000,t,zinc content of concentrates and direct shipping ores
zinc,mine,Russia,2021,280000,t,zinc content of concentrates and direct shipping ores
zinc,mine,Russia,2022,280000,t,zinc content of concentrates and direct shipping ores
zinc,mine,Sweden,2015,247000,t,zinc content of concentrates and direct shipping ores
zinc,mine,Sweden,2016,257000,t,zinc content of concentrates and direct shipping ores
zinc,mine,Sweden,2017,251000,t,zinc content of concentrates and direct shipping ores
zinc,mine,Sweden,2018,234000,t,zinc content of concentrates and direct shipping ores
zinc,mine,Sweden,2019,245000,t,zinc content of concentrates and direct shipping ores
zinc,mine,Sweden,2020,232000,t,zinc content of concentrates and direct shipping ores
zinc,mine,Sweden,2021,234000,t,zinc content of concentrates and direct shipping ores
zinc,mine,Sweden,2022,240000,t,zinc content of concentrates and direct shipping ores
zinc,mine,United States,1994,598000,t,zinc content of concentrates and direct shipping ores
zinc,mine,United States,1995,644000,t,zinc content of concentrates and direct shipping ores
zinc,mine,United States,1996,628000,t,zinc content of concentrates and direct shipping ores
zinc,mine,United States,1997,632000,t,zinc content of concentrates and direct shipping ores
zinc,mine,United States,1998,755000,t,zinc content of concentrates and direct shipping ores
zinc,mine,United States,1999,843000,t,zinc content of concentrates and direct shipping ores
zinc,mine,United States,2000,829000,t,zinc content of concentrates and direct shipping ores
zinc,mine,United States,2001,842000,t,zinc content of concentrates and direct shipping ores
zinc,mine,United States,2002,780000,t,zinc content of concentrates and direct shipping ores
zinc,mine,United States,2003,738000,t,zinc content of concentrates and direct shipping ores
zinc,mine,United States,2004,739000,t,zinc content of concentrates and direct shipping ores
zinc,mine,United States,2005,748000,t,zinc content of concentrates and direct shipping ores
zinc,mine,United States,2006,727000,t,zinc content of concentrates and direct shipping ores
zinc,mine,United States,2007,803000,t,zinc content of concentrates and direct shipping ores
zinc,mine,United States,2008,778000,t,zinc content of concentrates and direct shipping ores
zinc,mine,United States,2009,736000,t,zinc content of concentrates and direct shipping ores
zinc,mine,United States,2010,748000,t,zinc content of concentrates and direct shipping ores
zinc,mine,United States,2011,769000,t,zinc content of concentrates and direct shipping ores
zinc,mine,United States,2012,738000,t,zinc content of concentrates and direct shipping ores
zinc,mine,United States,2013,784000,t,zinc content of concentrates and direct shipping ores
zinc,mine,United States,2014,832000,t,zinc content of concentrates and direct shipping ores
zinc,mine,United States,2015,825000,t,zinc content of concentrates and direct shipping ores
zinc,mine,United States,2016,805000,t,zinc content of concentrates and direct shipping ores
zinc,mine,United States,2017,774000,t,zinc content of concentrates and direct shipping ores
zinc,mine,United States,2018,824000,t,zinc content of concentrates and direct shipping ores
zinc,mine,United States,2019,753000,t,zinc content of concentrates and direct shipping ores
zinc,mine,United States,2020,718000,t,zinc content of concentrates and direct shipping ores
zinc,mine,United States,2021,704000,t,zinc content of concentrates and direct shipping ores
zinc,mine,United States,2022,770000,t,zinc content of concentrates and direct shipping ores
zinc,mine,World,1994,6810000,t,zinc content of concentrates and direct shipping ores
zinc,mine,World,1995,7120000,t,zinc content of concentrates and direct shipping ores
zinc,mine,World,1996,7440000,t,zinc content of concentrates and direct shipping ores
zinc,mine,World,1997,7460000,t,zinc content of concentrates and direct shipping ores
zinc,mine,World,1998,7550000,t,zinc content of concentrates and direct shipping ores
zinc,mine,World,1999,8040000,t,zinc content of concentrates and direct shipping ores
zinc,mine,World,2000,8730000,t,zinc content of concentrates and direct shipping ores
zinc,mine,World,2001,8850000,t,zinc content of concentrates and direct shipping ores
zinc,mine,World,2002,8360000,t,zinc content of concentrates and direct shipping ores
zinc,mine,World,2003,9010000,t,zinc content of concentrates and direct shipping ores
zinc,mine,World,2004,9600000,t,zinc content of concentrates and direct shipping ores
zinc,mine,World,2005,9800000,t,zinc content of concentrates and direct shipping ores
zinc,mine,World,2006,10000000,t,zinc content of concentrates and direct shipping ores
zinc,mine,World,2007,10900000,t,zinc content of concentrates and direct shipping ores
zinc,mine,World,2008,11600000,t,zinc content of concentrates and direct shipping ores
zinc,mine,World,2009,11200000,t,zinc content of concentrates and direct shipping ores
zinc,mine,World,2010,12000000,t,zinc content of concentrates and direct shipping ores
zinc,mine,World,2011,12800000,t,zinc content of concentrates and direct shipping ores
zinc,mine,World,2012,13500000,t,zinc content of concentrates and direct shipping ores
zinc,mine,World,2013,13400000,t,zinc content of concentrates and direct shipping ores
zinc,mine,World,2014,13300000,t,zinc content of concentrates and direct shipping ores
zinc,mine,World,2015,12800000,t,zinc content of concentrates and direct shipping ores
zinc,mine,World,2016,12600000,t,zinc content of concentrates and direct shipping ores
zinc,mine,World,2017,12500000,t,zinc content of concentrates and direct shipping ores
zinc,mine,World,2018,12500000,t,zinc content of concentrates and direct shipping ores
zinc,mine,World,2019,12700000,t,zinc content of concentrates and direct shipping ores
zinc,mine,World,2020,12000000,t,zinc content of concentrates and direct shipping ores
zinc,mine,World,2021,12700000,t,zinc content of concentrates and direct shipping ores
zinc,mine,World,2022,13000000,t,zinc content of concentrates and direct shipping ores
zirconium,mine,Australia,1994,502000,t,
zirconium,mine,Australia,1995,510000,t,
zirconium,mine,Australia,1996,462000,t,
zirconium,mine,Australia,1997,424000,t,
zirconium,mine,Australia,1998,404000,t,
zirconium,mine,Australia,1999,400000,t,
zirconium,mine,Australia,2000,400000,t,
zirconium,mine,Australia,2001,400000,t,
zirconium,mine,Australia,2002,408000,t,
zirconium,mine,Australia,2003,462000,t,
zirconium,mine,Australia,2004,441000,t,
zirconium,mine,Australia,2005,445000,t,
zirconium,mine,Australia,2006,491000,t,
zirconium,mine,Australia,2007,605000,t,
zirconium,mine,Australia,2008,550000,t,
zirconium,mine,Australia,2009,476000,t,
zirconium,mine,Australia,2010,518000,t,
zirconium,mine,Australia,2011,762000,t,
zirconium,mine,Australia,2012,605000,t,
zirconium,mine,Australia,2013,850000,t,
zirconium,mine,Australia,2014,551000,t,
zirconium,mine,Australia,2015,567000,t,
zirconium,mine,Australia,2016,450000,t,
zirconium,mine,Australia,2017,505000,t,
zirconium,mine,Australia,2018,560000,t,
zirconium,mine,Australia,2019,470000,t,
zirconium,mine,Australia,2020,400000,t,
zirconium,mine,Australia,2021,500000,t,
zirconium,mine,Australia,2022,500000,t,
zirconium,mine,Brazil,1994,20000,t,
zirconium,mine,Brazil,1995,15000,t,
zirconium,mine,Brazil,1996,17000,t,
zirconium,mine,Brazil,1997,17000,t,
zirconium,mine,Brazil,1998,16000,t,
zirconium,mine,Brazil,1999,19000,t,
zirconium,mine,Brazil,2000,19000,t,
zirconium,mine,Brazil,2001,30000,t,
zirconium,mine,Brazil,2002,21000,t,
zirconium,mine,Brazil,2003,21000,t,
zirconium,mine,Brazil,2004,26000,t,
zirconium,mine,Brazil,2005,35000,t,
zirconium,mine,Brazil,2006,26000,t,
zirconium,mine,Brazil,2007,31000,t,
zirconium,mine,Brazil,2008,27000,t,
zirconium,mine,Brazil,2009,18000,t,
zirconium,mine,Brazil,2010,18000,t,
zirconium,mine,China,1994,15000,t,
zirconium,mine,China,1995,15000,t,
zirconium,mine,China,1996,15000,t,
zirconium,mine,China,1997,15000,t,
zirconium,mine,China,1998,15000,t,
zirconium,mine,China,1999,15000,t,
zirconium,mine,China,2000,15000,t,
zirconium,mine,China,2001,15000,t,
zirconium,mine,China,2002,15000,t,
zirconium,mine,China,2003,15000,t,
zirconium,mine,China,2004,17000,t,
zirconium,mine,China,2005,17000,t,
zirconium,mine,China,2006,170000,t,
zirconium,mine,China,2007,180000,t,
zirconium,mine,China,2008,140000,t,
zirconium,mine,China,2009,130000,t,
zirconium,mine,China,2010,140000,t,
zirconium,mine,China,2011,150000,t,
zirconium,mine,China,2012,140000,t,
zirconium,mine,China,2013,150000,t,
zirconium,mine,China,2014,150000,t,
zirconium,mine,China,2015,140000,t,
zirconium,mine,China,2016,140000,t,
zirconium,mine,China,2017,140000,t,
zirconium,mine,China,2018,140000,t,
zirconium,mine,China,2019,140000,t,
zirconium,mine,China,2020,140000,t,
zirconium,mine,China,2021,140000,t,
zirconium,mine,China,2022,140000,t,
zirconium,mine,India,1994,18000,t,
zirconium,mine,India,1995,18000,t,
zirconium,mine,India,1996,19000,t,
zirconium,mine,India,1997,19000,t,
zirconium,mine,India,1998,19000,t,
zirconium,mine,India,1999,19000,t,
zirconium,mine,India,2000,19000,t,
zirconium,mine,India,2001,12000,t,
zirconium,mine,India,2002,19000,t,
zirconium,mine,India,2003,20000,t,
zirconium,mine,India,2004,20000,t,
zirconium,mine,India,2005,20000,t,
zirconium,mine,India,2006,21000,t,
zirconium,mine,India,2007,29000,t,
zirconium,mine,India,2008,30000,t,
zirconium,mine,India,2009,31000,t,
zirconium,mine,India,2010,38000,t,
zirconium,mine,India,2011,39000,t,
zirconium,mine,India,2012,40000,t,
zirconium,mine,India,2013,41000,t,
zirconium,mine,India,2014,40000,t,
zirconium,mine,India,2015,40000,t,
zirconium,mine,India,2016,40000,t,
zirconium,mine,Indonesia,2008,42000,t,
zirconium,mine,Indonesia,2009,63000,t,
zirconium,mine,Indonesia,2010,50000,t,
zirconium,mine,Indonesia,2011,130000,t,
zirconium,mine,Indonesia,2012,120000,t,
zirconium,mine,Indonesia,2013,110000,t,
zirconium,mine,Indonesia,2014,110000,t,
zirconium,mine,Indonesia,2015,110000,t,
zirconium,mine,Indonesia,2016,110000,t,
zirconium,mine,Indonesia,2017,110000,t,
zirconium,mine,Indonesia,2019,34000,t,
zirconium,mine,Indonesia,2020,64000,t,
zirconium,mine,Indonesia,2021,55000,t,
zirconium,mine,Indonesia,2022,60000,t,
zirconium,mine,Kenya,2017,44000,t,
zirconium,mine,Kenya,2018,45000,t,
zirconium,mine,Kenya,2019,29000,t,
zirconium,mine,Kenya,2020,29000,t,
zirconium,mine,Mozambique,2010,37000,t,
zirconium,mine,Mozambique,2011,44000,t,
zirconium,mine,Mozambique,2012,47000,t,
zirconium,mine,Mozambique,2013,47000,t,
zirconium,mine,Mozambique,2014,51000,t,
zirconium,mine,Mozambique,2015,52000,t,
zirconium,mine,Mozambique,2016,68000,t,
zirconium,mine,Mozambique,2017,74000,t,
zirconium,mine,Mozambique,2018,48000,t,
zirconium,mine,Mozambique,2019,100000,t,
zirconium,mine,Mozambique,2020,110000,t,
zirconium,mine,Mozambique,2021,100000,t,
zirconium,mine,Mozambique,2022,100000,t,
zirconium,mine,Other countries,1994,21000,t,
zirconium,mine,Other countries,1995,29000,t,
zirconium,mine,Other countries,1996,29000,t,
zirconium,mine,Other countries,1997,26000,t,
zirconium,mine,Other countries,1998,25000,t,
zirconium,mine,Other countries,1999,23000,t,
zirconium,mine,Other countries,2000,23000,t,
zirconium,mine,Other countries,2001,23000,t,
zirconium,mine,Other countries,2002,9000,t,
zirconium,mine,Other countries,2003,11000,t,
zirconium,mine,Other countries,2004,10000,t,
zirconium,mine,Other countries,2005,20000,t,
zirconium,mine,Other countries,2006,38000,t,
zirconium,mine,Other countries,2007,145000,t,
zirconium,mine,Other countries,2008,58000,t,
zirconium,mine,Other countries,2009,19000,t,
zirconium,mine,Other countries,2010,14000,t,
zirconium,mine,Other countries,2011,110000,t,
zirconium,mine,Other countries,2012,130000,t,
zirconium,mine,Other countries,2013,140000,t,
zirconium,mine,Other countries,2014,130000,t,
zirconium,mine,Other countries,2015,105000,t,
zirconium,mine,Other countries,2016,96000,t,
zirconium,mine,Other countries,2017,138000,t,
zirconium,mine,Other countries,2018,170000,t,
zirconium,mine,Other countries,2019,112000,t,
zirconium,mine,Other countries,2020,117000,t,
zirconium,mine,Other countries,2021,150000,t,
zirconium,mine,Other countries,2022,160000,t,
zirconium,mine,Senegal,2015,45000,t,
zirconium,mine,Senegal,2016,53000,t,
zirconium,mine,Senegal,2017,82000,t,
zirconium,mine,Senegal,2018,64000,t,
zirconium,mine,Senegal,2019,65000,t,
zirconium,mine,Senegal,2020,60000,t,
zirconium,mine,Senegal,2021,64000,t,
zirconium,mine,Senegal,2022,70000,t,
zirconium,mine,South Africa,1994,245000,t,
zirconium,mine,South Africa,1995,250000,t,
zirconium,mine,South Africa,1996,260000,t,
zirconium,mine,South Africa,1997,360000,t,
zirconium,mine,South Africa,1998,270000,t,
zirconium,mine,South Africa,1999,400000,t,
zirconium,mine,South Africa,2000,400000,t,
zirconium,mine,South Africa,2001,250000,t,
zirconium,mine,South Africa,2002,224000,t,
zirconium,mine,South Africa,2003,300000,t,
zirconium,mine,South Africa,2004,300000,t,
zirconium,mine,South Africa,2005,305000,t,
zirconium,mine,South Africa,2006,398000,t,
zirconium,mine,South Africa,2007,400000,t,
zirconium,mine,South Africa,2008,400000,t,
zirconium,mine,South Africa,2009,392000,t,
zirconium,mine,South Africa,2010,400000,t,
zirconium,mine,South Africa,2011,383000,t,
zirconium,mine,South Africa,2012,380000,t,
zirconium,mine,South Africa,2013,170000,t,
zirconium,mine,South Africa,2014,387000,t,
zirconium,mine,South Africa,2015,380000,t,
zirconium,mine,South Africa,2016,360000,t,
zirconium,mine,South Africa,2017,377000,t,
zirconium,mine,South Africa,2018,350000,t,
zirconium,mine,South Africa,2019,370000,t,
zirconium,mine,South Africa,2020,280000,t,
zirconium,mine,South Africa,2021,320000,t,
zirconium,mine,South Africa,2022,320000,t,
zirconium,mine,Ukraine,1994,65000,t,
zirconium,mine,Ukraine,1995,60000,t,
zirconium,mine,Ukraine,1996,55000,t,
zirconium,mine,Ukraine,1997,65000,t,
zirconium,mine,Ukraine,1998,65000,t,
zirconium,mine,Ukraine,1999,65000,t,
zirconium,mine,Ukraine,2000,65000,t,
zirconium,mine,Ukraine,2001,75000,t,
zirconium,mine,Ukraine,2002,34000,t,
zirconium,mine,Ukraine,2003,35000,t,
zirconium,mine,Ukraine,2004,35000,t,
zirconium,mine,Ukraine,2005,35000,t,
zirconium,mine,Ukraine,2006,35000,t,
zirconium,mine,Ukraine,2007,35000,t,
zirconium,mine,Ukraine,2008,35000,t,
zirconium,mine,Ukraine,2009,35000,t,
zirconium,mine,Ukraine,2010,30000,t,
zirconium,mine,United States,1999,100000,t,
zirconium,mine,United States,2000,100000,t,
zirconium,mine,United States,2001,100000,t,
zirconium,mine,United States,2002,100000,t,
zirconium,mine,United States,2015,80000,t,
zirconium,mine,United States,2017,280000,t,
zirconium,mine,United States,2018,100000,t,
zirconium,mine,United States,2019,100000,t,
zirconium,mine,United States,2020,30000,t,
zirconium,mine,United States,2021,100000,t,
zirconium,mine,United States,2022,100000,t,
zirconium,mine,World,1994,890000,t,
zirconium,mine,World,1995,897000,t,
zirconium,mine,World,1996,857000,t,
zirconium,mine,World,1997,926000,t,
zirconium,mine,World,1998,814000,t,
zirconium,mine,World,1999,940000,t,
zirconium,mine,World,2000,1040000,t,
zirconium,mine,World,2001,900000,t,
zirconium,mine,World,2002,860000,t,
zirconium,mine,World,2003,860000,t,
zirconium,mine,World,2004,850000,t,
zirconium,mine,World,2005,880000,t,
zirconium,mine,World,2006,1180000,t,
zirconium,mine,World,2007,1430000,t,
zirconium,mine,World,2008,1280000,t,
zirconium,mine,World,2009,1170000,t,
zirconium,mine,World,2010,1250000,t,
zirconium,mine,World,2011,1620000,t,
zirconium,mine,World,2012,1460000,t,
zirconium,mine,World,2013,1510000,t,
zirconium,mine,World,2014,1420000,t,
zirconium,mine,World,2015,1520000,t,
zirconium,mine,World,2016,1320000,t,
zirconium,mine,World,2017,1550000,t,
zirconium,mine,World,2018,1480000,t,
zirconium,mine,World,2019,1420000,t,
zirconium,mine,World,2020,1200000,t,
zirconium,mine,World,2021,1300000,t,
zirconium,mine,World,2022,1400000,t,
