Scenario,Country,Year,Technology,Metal,Metal_demand_t,Mode,Powertain,Powertrain
Canada Net-zero,Canada,2025,Bioenergy,Cobalt,5.3872,,,
Canada Net-zero,Canada,2025,Bioenergy,Copper,5986.526,,,
Canada Net-zero,Canada,2025,Bioenergy,Nickel,53.872,,,
Canada Net-zero,Canada,2026,Bioenergy,Cobalt,5.3872,,,
Canada Net-zero,Canada,2026,Bioenergy,Copper,5986.526,,,
Canada Net-zero,Canada,2026,Bioenergy,Nickel,53.872,,,
Canada Net-zero,Canada,2027,Bioenergy,Cobalt,5.3872,,,
Canada Net-zero,Canada,2027,Bioenergy,Copper,5986.526,,,
Canada Net-zero,Canada,2027,Bioenergy,Nickel,53.872,,,
Canada Net-zero,Canada,2028,Bioenergy,Cobalt,5.3872,,,
Canada Net-zero,Canada,2028,Bioenergy,Copper,5986.526,,,
Canada Net-zero,Canada,2028,Bioenergy,Nickel,53.872,,,
Canada Net-zero,Canada,2029,Bioenergy,Cobalt,5.3872,,,
Canada Net-zero,Canada,2029,Bioenergy,Copper,5986.526,,,
Canada Net-zero,Canada,2029,Bioenergy,Nickel,53.872,,,
Canada Net-zero,Canada,2030,Bioenergy,Cobalt,5.3872,,,
Canada Net-zero,Canada,2030,Bioenergy,Copper,5986.526,,,
Canada Net-zero,Canada,2030,Bioenergy,Nickel,53.872,,,
Canada Net-zero,Canada,2031,Bioenergy,Cobalt,5.3872,,,
Canada Net-zero,Canada,2031,Bioenergy,Copper,5986.526,,,
Canada Net-zero,Canada,2031,Bioenergy,Nickel,53.872,,,
Canada Net-zero,Canada,2032,Bioenergy,Cobalt,5.3872,,,
Canada Net-zero,Canada,2032,Bioenergy,Copper,5986.526,,,
Canada Net-zero,Canada,2032,Bioenergy,Nickel,53.872,,,
Canada Net-zero,Canada,2033,Bioenergy,Cobalt,5.3872,,,
Canada Net-zero,Canada,2033,Bioenergy,Copper,5986.526,,,
Canada Net-zero,Canada,2033,Bioenergy,Nickel,53.872,,,
Canada Net-zero,Canada,2034,Bioenergy,Cobalt,5.3872,,,
Canada Net-zero,Canada,2034,Bioenergy,Copper,5986.526,,,
Canada Net-zero,Canada,2034,Bioenergy,Nickel,53.872,,,
Canada Net-zero,Canada,2035,Bioenergy,Cobalt,5.3872,,,
Canada Net-zero,Canada,2035,Bioenergy,Copper,5986.526,,,
Canada Net-zero,Canada,2035,Bioenergy,Nickel,53.872,,,
Canada Net-zero,Canada,2036,Bioenergy,Cobalt,5.3872,,,
Canada Net-zero,Canada,2036,Bioenergy,Copper,5986.526,,,
Canada Net-zero,Canada,2036,Bioenergy,Nickel,53.872,,,
Canada Net-zero,Canada,2037,Bioenergy,Cobalt,5.3872,,,
Canada Net-zero,Canada,2037,Bioenergy,Copper,5986.526,,,
Canada Net-zero,Canada,2037,Bioenergy,Nickel,53.872,,,
Canada Net-zero,Canada,2038,Bioenergy,Cobalt,5.3872,,,
Canada Net-zero,Canada,2038,Bioenergy,Copper,5986.526,,,
Canada Net-zero,Canada,2038,Bioenergy,Nickel,53.872,,,
Canada Net-zero,Canada,2039,Bioenergy,Cobalt,5.3872,,,
Canada Net-zero,Canada,2039,Bioenergy,Copper,5986.526,,,
Canada Net-zero,Canada,2039,Bioenergy,Nickel,53.872,,,
Canada Net-zero,Canada,2040,Bioenergy,Cobalt,5.3872,,,
Canada Net-zero,Canada,2040,Bioenergy,Copper,5986.526,,,
Canada Net-zero,Canada,2040,Bioenergy,Nickel,53.872,,,
Canada Net-zero,Canada,2025,Bioenergy with CCUS,Cobalt,0.0,,,
Canada Net-zero,Canada,2025,Bioenergy with CCUS,Copper,0.0,,,
Canada Net-zero,Canada,2025,Bioenergy with CCUS,Nickel,0.0,,,
Canada Net-zero,Canada,2026,Bioenergy with CCUS,Cobalt,0.0,,,
Canada Net-zero,Canada,2026,Bioenergy with CCUS,Copper,0.0,,,
Canada Net-zero,Canada,2026,Bioenergy with CCUS,Nickel,0.0,,,
Canada Net-zero,Canada,2027,Bioenergy with CCUS,Cobalt,0.0,,,
Canada Net-zero,Canada,2027,Bioenergy with CCUS,Copper,0.0,,,
Canada Net-zero,Canada,2027,Bioenergy with CCUS,Nickel,0.0,,,
Canada Net-zero,Canada,2028,Bioenergy with CCUS,Cobalt,0.0,,,
Canada Net-zero,Canada,2028,Bioenergy with CCUS,Copper,0.0,,,
Canada Net-zero,Canada,2028,Bioenergy with CCUS,Nickel,0.0,,,
Canada Net-zero,Canada,2029,Bioenergy with CCUS,Cobalt,0.0,,,
Canada Net-zero,Canada,2029,Bioenergy with CCUS,Copper,0.0,,,
Canada Net-zero,Canada,2029,Bioenergy with CCUS,Nickel,0.0,,,
Canada Net-zero,Canada,2030,Bioenergy with CCUS,Cobalt,0.0,,,
Canada Net-zero,Canada,2030,Bioenergy with CCUS,Copper,0.0,,,
Canada Net-zero,Canada,2030,Bioenergy with CCUS,Nickel,0.0,,,
Canada Net-zero,Canada,2031,Bioenergy with CCUS,Cobalt,2.904,,,
Canada Net-zero,Canada,2031,Bioenergy with CCUS,Copper,846.3708,,,
Canada Net-zero,Canada,2031,Bioenergy with CCUS,Nickel,338.316,,,
Canada Net-zero,Canada,2032,Bioenergy with CCUS,Cobalt,5.796,,,
Canada Net-zero,Canada,2032,Bioenergy with CCUS,Copper,1689.2442,,,
Canada Net-zero,Canada,2032,Bioenergy with CCUS,Nickel,675.234,,,
Canada Net-zero,Canada,2033,Bioenergy with CCUS,Cobalt,8.7,,,
Canada Net-zero,Canada,2033,Bioenergy with CCUS,Copper,2535.615,,,
Canada Net-zero,Canada,2033,Bioenergy with CCUS,Nickel,1013.55,,,
Canada Net-zero,Canada,2034,Bioenergy with CCUS,Cobalt,11.594,,,
Canada Net-zero,Canada,2034,Bioenergy with CCUS,Copper,3379.0713,,,
Canada Net-zero,Canada,2034,Bioenergy with CCUS,Nickel,1350.701,,,
Canada Net-zero,Canada,2035,Bioenergy with CCUS,Cobalt,14.505999999999998,,,
Canada Net-zero,Canada,2035,Bioenergy with CCUS,Copper,4227.7737,,,
Canada Net-zero,Canada,2035,Bioenergy with CCUS,Nickel,1689.9489999999998,,,
Canada Net-zero,Canada,2036,Bioenergy with CCUS,Cobalt,17.61,,,
Canada Net-zero,Canada,2036,Bioenergy with CCUS,Copper,5132.434499999999,,,
Canada Net-zero,Canada,2036,Bioenergy with CCUS,Nickel,2051.565,,,
Canada Net-zero,Canada,2037,Bioenergy with CCUS,Cobalt,20.76,,,
Canada Net-zero,Canada,2037,Bioenergy with CCUS,Copper,6050.502,,,
Canada Net-zero,Canada,2037,Bioenergy with CCUS,Nickel,2418.54,,,
Canada Net-zero,Canada,2038,Bioenergy with CCUS,Cobalt,23.82,,,
Canada Net-zero,Canada,2038,Bioenergy with CCUS,Copper,6942.339,,,
Canada Net-zero,Canada,2038,Bioenergy with CCUS,Nickel,2775.03,,,
Canada Net-zero,Canada,2039,Bioenergy with CCUS,Cobalt,27.0,,,
Canada Net-zero,Canada,2039,Bioenergy with CCUS,Copper,7869.150000000001,,,
Canada Net-zero,Canada,2039,Bioenergy with CCUS,Nickel,3145.5,,,
Canada Net-zero,Canada,2040,Bioenergy with CCUS,Cobalt,30.04,,,
Canada Net-zero,Canada,2040,Bioenergy with CCUS,Copper,8755.158,,,
Canada Net-zero,Canada,2040,Bioenergy with CCUS,Nickel,3499.66,,,
Canada Net-zero,Canada,2025,Coal with CCUS,Cobalt,24.0879,,,
Canada Net-zero,Canada,2025,Coal with CCUS,Copper,215.6825,,,
Canada Net-zero,Canada,2025,Coal with CCUS,Nickel,214.5946,,,
Canada Net-zero,Canada,2026,Coal with CCUS,Cobalt,24.0879,,,
Canada Net-zero,Canada,2026,Coal with CCUS,Copper,215.6825,,,
Canada Net-zero,Canada,2026,Coal with CCUS,Nickel,214.5946,,,
Canada Net-zero,Canada,2027,Coal with CCUS,Cobalt,24.0879,,,
Canada Net-zero,Canada,2027,Coal with CCUS,Copper,215.6825,,,
Canada Net-zero,Canada,2027,Coal with CCUS,Nickel,214.5946,,,
Canada Net-zero,Canada,2028,Coal with CCUS,Cobalt,24.0879,,,
Canada Net-zero,Canada,2028,Coal with CCUS,Copper,215.6825,,,
Canada Net-zero,Canada,2028,Coal with CCUS,Nickel,214.5946,,,
Canada Net-zero,Canada,2029,Coal with CCUS,Cobalt,24.0879,,,
Canada Net-zero,Canada,2029,Coal with CCUS,Copper,215.6825,,,
Canada Net-zero,Canada,2029,Coal with CCUS,Nickel,214.5946,,,
Canada Net-zero,Canada,2030,Coal with CCUS,Cobalt,24.0879,,,
Canada Net-zero,Canada,2030,Coal with CCUS,Copper,215.6825,,,
Canada Net-zero,Canada,2030,Coal with CCUS,Nickel,214.5946,,,
Canada Net-zero,Canada,2031,Coal with CCUS,Cobalt,24.0879,,,
Canada Net-zero,Canada,2031,Coal with CCUS,Copper,215.6825,,,
Canada Net-zero,Canada,2031,Coal with CCUS,Nickel,214.5946,,,
Canada Net-zero,Canada,2032,Coal with CCUS,Cobalt,24.0879,,,
Canada Net-zero,Canada,2032,Coal with CCUS,Copper,215.6825,,,
Canada Net-zero,Canada,2032,Coal with CCUS,Nickel,214.5946,,,
Canada Net-zero,Canada,2033,Coal with CCUS,Cobalt,24.0879,,,
Canada Net-zero,Canada,2033,Coal with CCUS,Copper,215.6825,,,
Canada Net-zero,Canada,2033,Coal with CCUS,Nickel,214.5946,,,
Canada Net-zero,Canada,2034,Coal with CCUS,Cobalt,24.0879,,,
Canada Net-zero,Canada,2034,Coal with CCUS,Copper,215.6825,,,
Canada Net-zero,Canada,2034,Coal with CCUS,Nickel,214.5946,,,
Canada Net-zero,Canada,2035,Coal with CCUS,Cobalt,0.0,,,
Canada Net-zero,Canada,2035,Coal with CCUS,Copper,0.0,,,
Canada Net-zero,Canada,2035,Coal with CCUS,Nickel,0.0,,,
Canada Net-zero,Canada,2036,Coal with CCUS,Cobalt,0.0,,,
Canada Net-zero,Canada,2036,Coal with CCUS,Copper,0.0,,,
Canada Net-zero,Canada,2036,Coal with CCUS,Nickel,0.0,,,
Canada Net-zero,Canada,2037,Coal with CCUS,Cobalt,0.0,,,
Canada Net-zero,Canada,2037,Coal with CCUS,Copper,0.0,,,
Canada Net-zero,Canada,2037,Coal with CCUS,Nickel,0.0,,,
Canada Net-zero,Canada,2038,Coal with CCUS,Cobalt,0.0,,,
Canada Net-zero,Canada,2038,Coal with CCUS,Copper,0.0,,,
Canada Net-zero,Canada,2038,Coal with CCUS,Nickel,0.0,,,
Canada Net-zero,Canada,2039,Coal with CCUS,Cobalt,0.0,,,
Canada Net-zero,Canada,2039,Coal with CCUS,Copper,0.0,,,
Canada Net-zero,Canada,2039,Coal with CCUS,Nickel,0.0,,,
Canada Net-zero,Canada,2040,Coal with CCUS,Cobalt,0.0,,,
Canada Net-zero,Canada,2040,Coal with CCUS,Copper,0.0,,,
Canada Net-zero,Canada,2040,Coal with CCUS,Nickel,0.0,,,
Canada Net-zero,Canada,2025,Hydro,Copper,314176.25,,,
Canada Net-zero,Canada,2026,Hydro,Copper,317543.25,,,
Canada Net-zero,Canada,2027,Hydro,Copper,320503.25,,,
Canada Net-zero,Canada,2028,Hydro,Copper,323833.25,,,
Canada Net-zero,Canada,2029,Hydro,Copper,327216.89999999997,,,
Canada Net-zero,Canada,2030,Hydro,Copper,330176.89999999997,,,
Canada Net-zero,Canada,2031,Hydro,Copper,332507.9,,,
Canada Net-zero,Canada,2032,Hydro,Copper,334524.4,,,
Canada Net-zero,Canada,2033,Hydro,Copper,336485.39999999997,,,
Canada Net-zero,Canada,2034,Hydro,Copper,338964.39999999997,,,
Canada Net-zero,Canada,2035,Hydro,Copper,340951.3,,,
Canada Net-zero,Canada,2036,Hydro,Copper,340951.3,,,
Canada Net-zero,Canada,2037,Hydro,Copper,340951.3,,,
Canada Net-zero,Canada,2038,Hydro,Copper,340951.3,,,
Canada Net-zero,Canada,2039,Hydro,Copper,340951.3,,,
Canada Net-zero,Canada,2040,Hydro,Copper,340962.4,,,
Canada Net-zero,Canada,2025,Natural Gas,Cobalt,53.75807999999999,,,
Canada Net-zero,Canada,2025,Natural Gas,Copper,28810.348799999996,,,
Canada Net-zero,Canada,2025,Natural Gas,Nickel,966.8987999999999,,,
Canada Net-zero,Canada,2026,Natural Gas,Cobalt,57.899879999999996,,,
Canada Net-zero,Canada,2026,Natural Gas,Copper,31030.046799999993,,,
Canada Net-zero,Canada,2026,Natural Gas,Nickel,1041.3936749999998,,,
Canada Net-zero,Canada,2027,Natural Gas,Cobalt,62.02188,,,
Canada Net-zero,Canada,2027,Natural Gas,Copper,33239.133466666666,,,
Canada Net-zero,Canada,2027,Natural Gas,Nickel,1115.532425,,,
Canada Net-zero,Canada,2028,Natural Gas,Cobalt,65.51388,,,
Canada Net-zero,Canada,2028,Natural Gas,Copper,35110.5868,,,
Canada Net-zero,Canada,2028,Natural Gas,Nickel,1178.339925,,,
Canada Net-zero,Canada,2029,Natural Gas,Cobalt,69.50988,,,
Canada Net-zero,Canada,2029,Natural Gas,Copper,37252.146799999995,,,
Canada Net-zero,Canada,2029,Natural Gas,Nickel,1250.212425,,,
Canada Net-zero,Canada,2030,Natural Gas,Cobalt,72.97668,,,
Canada Net-zero,Canada,2030,Natural Gas,Copper,39110.0948,,,
Canada Net-zero,Canada,2030,Natural Gas,Nickel,1312.566675,,,
Canada Net-zero,Canada,2031,Natural Gas,Cobalt,75.13668,,,
Canada Net-zero,Canada,2031,Natural Gas,Copper,40267.6948,,,
Canada Net-zero,Canada,2031,Natural Gas,Nickel,1351.416675,,,
Canada Net-zero,Canada,2032,Natural Gas,Cobalt,77.02668,,,
Canada Net-zero,Canada,2032,Natural Gas,Copper,41280.5948,,,
Canada Net-zero,Canada,2032,Natural Gas,Nickel,1385.410425,,,
Canada Net-zero,Canada,2033,Natural Gas,Cobalt,78.35508,,,
Canada Net-zero,Canada,2033,Natural Gas,Copper,41992.5188,,,
Canada Net-zero,Canada,2033,Natural Gas,Nickel,1409.303175,,,
Canada Net-zero,Canada,2034,Natural Gas,Cobalt,78.89508,,,
Canada Net-zero,Canada,2034,Natural Gas,Copper,42281.91879999999,,,
Canada Net-zero,Canada,2034,Natural Gas,Nickel,1419.0156749999999,,,
Canada Net-zero,Canada,2035,Natural Gas,Cobalt,61.439040000000006,,,
Canada Net-zero,Canada,2035,Natural Gas,Copper,32926.7744,,,
Canada Net-zero,Canada,2035,Natural Gas,Nickel,1105.0494,,,
Canada Net-zero,Canada,2036,Natural Gas,Cobalt,60.37704,,,
Canada Net-zero,Canada,2036,Natural Gas,Copper,32357.621066666667,,,
Canada Net-zero,Canada,2036,Natural Gas,Nickel,1085.94815,,,
Canada Net-zero,Canada,2037,Natural Gas,Cobalt,59.45904,,,
Canada Net-zero,Canada,2037,Natural Gas,Copper,31865.641066666667,,,
Canada Net-zero,Canada,2037,Natural Gas,Nickel,1069.4369000000002,,,
Canada Net-zero,Canada,2038,Natural Gas,Cobalt,57.25764,,,
Canada Net-zero,Canada,2038,Natural Gas,Copper,30685.85373333333,,,
Canada Net-zero,Canada,2038,Natural Gas,Nickel,1029.842275,,,
Canada Net-zero,Canada,2039,Natural Gas,Cobalt,56.46564,,,
Canada Net-zero,Canada,2039,Natural Gas,Copper,30261.400399999995,,,
Canada Net-zero,Canada,2039,Natural Gas,Nickel,1015.597275,,,
Canada Net-zero,Canada,2040,Natural Gas,Cobalt,54.01764,,,
Canada Net-zero,Canada,2040,Natural Gas,Copper,28949.453733333332,,,
Canada Net-zero,Canada,2040,Natural Gas,Nickel,971.567275,,,
Canada Net-zero,Canada,2025,Natural Gas with CCUS,Cobalt,0.0,,,
Canada Net-zero,Canada,2025,Natural Gas with CCUS,Copper,0.0,,,
Canada Net-zero,Canada,2025,Natural Gas with CCUS,Nickel,0.0,,,
Canada Net-zero,Canada,2026,Natural Gas with CCUS,Cobalt,2.1168,,,
Canada Net-zero,Canada,2026,Natural Gas with CCUS,Copper,357.83999999999986,,,
Canada Net-zero,Canada,2026,Natural Gas with CCUS,Nickel,254.313,,,
Canada Net-zero,Canada,2027,Natural Gas with CCUS,Cobalt,4.2434,,,
Canada Net-zero,Canada,2027,Natural Gas with CCUS,Copper,717.3366666666664,,,
Canada Net-zero,Canada,2027,Natural Gas with CCUS,Nickel,509.803375,,,
Canada Net-zero,Canada,2028,Natural Gas with CCUS,Cobalt,6.360200000000001,,,
Canada Net-zero,Canada,2028,Natural Gas with CCUS,Copper,1075.1766666666663,,,
Canada Net-zero,Canada,2028,Natural Gas with CCUS,Nickel,764.1163750000001,,,
Canada Net-zero,Canada,2029,Natural Gas with CCUS,Cobalt,8.477,,,
Canada Net-zero,Canada,2029,Natural Gas with CCUS,Copper,1433.0166666666662,,,
Canada Net-zero,Canada,2029,Natural Gas with CCUS,Nickel,1018.4293749999999,,,
Canada Net-zero,Canada,2030,Natural Gas with CCUS,Cobalt,20.482,,,
Canada Net-zero,Canada,2030,Natural Gas with CCUS,Copper,3462.433333333332,,,
Canada Net-zero,Canada,2030,Natural Gas with CCUS,Nickel,2460.71375,,,
Canada Net-zero,Canada,2031,Natural Gas with CCUS,Cobalt,20.482,,,
Canada Net-zero,Canada,2031,Natural Gas with CCUS,Copper,3462.433333333332,,,
Canada Net-zero,Canada,2031,Natural Gas with CCUS,Nickel,2460.71375,,,
Canada Net-zero,Canada,2032,Natural Gas with CCUS,Cobalt,20.482,,,
Canada Net-zero,Canada,2032,Natural Gas with CCUS,Copper,3462.433333333332,,,
Canada Net-zero,Canada,2032,Natural Gas with CCUS,Nickel,2460.71375,,,
Canada Net-zero,Canada,2033,Natural Gas with CCUS,Cobalt,20.482,,,
Canada Net-zero,Canada,2033,Natural Gas with CCUS,Copper,3462.433333333332,,,
Canada Net-zero,Canada,2033,Natural Gas with CCUS,Nickel,2460.71375,,,
Canada Net-zero,Canada,2034,Natural Gas with CCUS,Cobalt,20.482,,,
Canada Net-zero,Canada,2034,Natural Gas with CCUS,Copper,3462.433333333332,,,
Canada Net-zero,Canada,2034,Natural Gas with CCUS,Nickel,2460.71375,,,
Canada Net-zero,Canada,2035,Natural Gas with CCUS,Cobalt,42.172340000000005,,,
Canada Net-zero,Canada,2035,Natural Gas with CCUS,Copper,7129.133666666664,,,
Canada Net-zero,Canada,2035,Natural Gas with CCUS,Nickel,5066.5978375,,,
Canada Net-zero,Canada,2036,Natural Gas with CCUS,Cobalt,55.34746,,,
Canada Net-zero,Canada,2036,Natural Gas with CCUS,Copper,9356.35633333333,,,
Canada Net-zero,Canada,2036,Natural Gas with CCUS,Nickel,6649.460787499999,,,
Canada Net-zero,Canada,2037,Natural Gas with CCUS,Cobalt,68.6196,,,
Canada Net-zero,Canada,2037,Natural Gas with CCUS,Copper,11599.979999999996,,,
Canada Net-zero,Canada,2037,Natural Gas with CCUS,Nickel,8243.97975,,,
Canada Net-zero,Canada,2038,Natural Gas with CCUS,Cobalt,81.8006,,,
Canada Net-zero,Canada,2038,Natural Gas with CCUS,Copper,13828.196666666661,,,
Canada Net-zero,Canada,2038,Natural Gas with CCUS,Nickel,9827.549125,,,
Canada Net-zero,Canada,2039,Natural Gas with CCUS,Cobalt,94.97180000000002,,,
Canada Net-zero,Canada,2039,Natural Gas with CCUS,Copper,16054.756666666663,,,
Canada Net-zero,Canada,2039,Natural Gas with CCUS,Nickel,11409.941125000001,,,
Canada Net-zero,Canada,2040,Natural Gas with CCUS,Cobalt,108.1528,,,
Canada Net-zero,Canada,2040,Natural Gas with CCUS,Copper,18282.973333333324,,,
Canada Net-zero,Canada,2040,Natural Gas with CCUS,Nickel,12993.5105,,,
Canada Net-zero,Canada,2025,Offshore Wind,Copper,0.0,,,
Canada Net-zero,Canada,2025,Offshore Wind,Nickel,0.0,,,
Canada Net-zero,Canada,2026,Offshore Wind,Copper,1072.5600000000002,,,
Canada Net-zero,Canada,2026,Offshore Wind,Nickel,133.4,,,
Canada Net-zero,Canada,2027,Offshore Wind,Copper,2145.1200000000003,,,
Canada Net-zero,Canada,2027,Offshore Wind,Nickel,266.8,,,
Canada Net-zero,Canada,2028,Offshore Wind,Copper,3217.68,,,
Canada Net-zero,Canada,2028,Offshore Wind,Nickel,400.2,,,
Canada Net-zero,Canada,2029,Offshore Wind,Copper,4290.240000000001,,,
Canada Net-zero,Canada,2029,Offshore Wind,Nickel,533.6,,,
Canada Net-zero,Canada,2030,Offshore Wind,Copper,5362.8,,,
Canada Net-zero,Canada,2030,Offshore Wind,Nickel,667.0,,,
Canada Net-zero,Canada,2031,Offshore Wind,Copper,6971.64,,,
Canada Net-zero,Canada,2031,Offshore Wind,Nickel,867.1,,,
Canada Net-zero,Canada,2032,Offshore Wind,Copper,8580.480000000001,,,
Canada Net-zero,Canada,2032,Offshore Wind,Nickel,1067.2,,,
Canada Net-zero,Canada,2033,Offshore Wind,Copper,10189.32,,,
Canada Net-zero,Canada,2033,Offshore Wind,Nickel,1267.3,,,
Canada Net-zero,Canada,2034,Offshore Wind,Copper,11798.160000000002,,,
Canada Net-zero,Canada,2034,Offshore Wind,Nickel,1467.4,,,
Canada Net-zero,Canada,2035,Offshore Wind,Copper,13407.0,,,
Canada Net-zero,Canada,2035,Offshore Wind,Nickel,1667.5,,,
Canada Net-zero,Canada,2036,Offshore Wind,Copper,13407.0,,,
Canada Net-zero,Canada,2036,Offshore Wind,Nickel,1667.5,,,
Canada Net-zero,Canada,2037,Offshore Wind,Copper,13407.0,,,
Canada Net-zero,Canada,2037,Offshore Wind,Nickel,1667.5,,,
Canada Net-zero,Canada,2038,Offshore Wind,Copper,13407.0,,,
Canada Net-zero,Canada,2038,Offshore Wind,Nickel,1667.5,,,
Canada Net-zero,Canada,2039,Offshore Wind,Copper,13407.0,,,
Canada Net-zero,Canada,2039,Offshore Wind,Nickel,1667.5,,,
Canada Net-zero,Canada,2040,Offshore Wind,Copper,13407.0,,,
Canada Net-zero,Canada,2040,Offshore Wind,Nickel,1667.5,,,
Canada Net-zero,Canada,2025,Oil,Cobalt,6.61473,,,
Canada Net-zero,Canada,2025,Oil,Copper,3545.0053,,,
Canada Net-zero,Canada,2025,Oil,Nickel,118.97326874999999,,,
Canada Net-zero,Canada,2026,Oil,Cobalt,6.39153,,,
Canada Net-zero,Canada,2026,Oil,Copper,3425.386633333333,,,
Canada Net-zero,Canada,2026,Oil,Nickel,114.95876875,,,
Canada Net-zero,Canada,2027,Oil,Cobalt,6.3339300000000005,,,
Canada Net-zero,Canada,2027,Oil,Copper,3394.5173,,,
Canada Net-zero,Canada,2027,Oil,Nickel,113.92276875,,,
Canada Net-zero,Canada,2028,Oil,Cobalt,6.3339300000000005,,,
Canada Net-zero,Canada,2028,Oil,Copper,3394.5173,,,
Canada Net-zero,Canada,2028,Oil,Nickel,113.92276875,,,
Canada Net-zero,Canada,2029,Oil,Cobalt,6.3339300000000005,,,
Canada Net-zero,Canada,2029,Oil,Copper,3394.5173,,,
Canada Net-zero,Canada,2029,Oil,Nickel,113.92276875,,,
Canada Net-zero,Canada,2030,Oil,Cobalt,6.287490000000001,,,
Canada Net-zero,Canada,2030,Oil,Copper,3369.6289,,,
Canada Net-zero,Canada,2030,Oil,Nickel,113.08749375000001,,,
Canada Net-zero,Canada,2031,Oil,Cobalt,5.41089,,,
Canada Net-zero,Canada,2031,Oil,Copper,2899.8362333333334,,,
Canada Net-zero,Canada,2031,Oil,Nickel,97.32086875,,,
Canada Net-zero,Canada,2032,Oil,Cobalt,5.382090000000001,,,
Canada Net-zero,Canada,2032,Oil,Copper,2884.4015666666664,,,
Canada Net-zero,Canada,2032,Oil,Nickel,96.80286875,,,
Canada Net-zero,Canada,2033,Oil,Cobalt,5.382090000000001,,,
Canada Net-zero,Canada,2033,Oil,Copper,2884.4015666666664,,,
Canada Net-zero,Canada,2033,Oil,Nickel,96.80286875,,,
Canada Net-zero,Canada,2034,Oil,Cobalt,5.382090000000001,,,
Canada Net-zero,Canada,2034,Oil,Copper,2884.4015666666664,,,
Canada Net-zero,Canada,2034,Oil,Nickel,96.80286875,,,
Canada Net-zero,Canada,2035,Oil,Cobalt,5.382090000000001,,,
Canada Net-zero,Canada,2035,Oil,Copper,2884.4015666666664,,,
Canada Net-zero,Canada,2035,Oil,Nickel,96.80286875,,,
Canada Net-zero,Canada,2036,Oil,Cobalt,3.35709,,,
Canada Net-zero,Canada,2036,Oil,Copper,1799.1515666666664,,,
Canada Net-zero,Canada,2036,Oil,Nickel,60.380993749999995,,,
Canada Net-zero,Canada,2037,Oil,Cobalt,3.35709,,,
Canada Net-zero,Canada,2037,Oil,Copper,1799.1515666666664,,,
Canada Net-zero,Canada,2037,Oil,Nickel,60.380993749999995,,,
Canada Net-zero,Canada,2038,Oil,Cobalt,3.35709,,,
Canada Net-zero,Canada,2038,Oil,Copper,1799.1515666666664,,,
Canada Net-zero,Canada,2038,Oil,Nickel,60.380993749999995,,,
Canada Net-zero,Canada,2039,Oil,Cobalt,3.35709,,,
Canada Net-zero,Canada,2039,Oil,Copper,1799.1515666666664,,,
Canada Net-zero,Canada,2039,Oil,Nickel,60.380993749999995,,,
Canada Net-zero,Canada,2040,Oil,Cobalt,3.35709,,,
Canada Net-zero,Canada,2040,Oil,Copper,1799.1515666666664,,,
Canada Net-zero,Canada,2040,Oil,Nickel,60.380993749999995,,,
Canada Net-zero,Canada,2025,Onshore Wind,Copper,59667.01103300002,,,
Canada Net-zero,Canada,2025,Onshore Wind,Nickel,8046.220352500001,,,
Canada Net-zero,Canada,2026,Onshore Wind,Copper,62881.80023300002,,,
Canada Net-zero,Canada,2026,Onshore Wind,Nickel,8479.741352500001,,,
Canada Net-zero,Canada,2027,Onshore Wind,Copper,66133.54103300002,,,
Canada Net-zero,Canada,2027,Onshore Wind,Nickel,8918.2453525,,,
Canada Net-zero,Canada,2028,Onshore Wind,Copper,69400.67833300002,,,
Canada Net-zero,Canada,2028,Onshore Wind,Nickel,9358.825602500001,,,
Canada Net-zero,Canada,2029,Onshore Wind,Copper,72618.54683300001,,,
Canada Net-zero,Canada,2029,Onshore Wind,Nickel,9792.761852500002,,,
Canada Net-zero,Canada,2030,Onshore Wind,Copper,76045.62297500002,,,
Canada Net-zero,Canada,2030,Onshore Wind,Nickel,10254.9101875,,,
Canada Net-zero,Canada,2031,Onshore Wind,Copper,92596.86047500002,,,
Canada Net-zero,Canada,2031,Onshore Wind,Nickel,12486.8789375,,,
Canada Net-zero,Canada,2032,Onshore Wind,Copper,108954.10207500003,,,
Canada Net-zero,Canada,2032,Onshore Wind,Nickel,14692.6869375,,,
Canada Net-zero,Canada,2033,Onshore Wind,Copper,125551.52907500003,,,
Canada Net-zero,Canada,2033,Onshore Wind,Nickel,16930.8844375,,,
Canada Net-zero,Canada,2034,Onshore Wind,Copper,142333.71407500003,,,
Canada Net-zero,Canada,2034,Onshore Wind,Nickel,19193.9969375,,,
Canada Net-zero,Canada,2035,Onshore Wind,Copper,159329.1406,,,
Canada Net-zero,Canada,2035,Onshore Wind,Nickel,21485.8655,,,
Canada Net-zero,Canada,2036,Onshore Wind,Copper,169336.86560000002,,,
Canada Net-zero,Canada,2036,Onshore Wind,Nickel,22835.428,,,
Canada Net-zero,Canada,2037,Onshore Wind,Copper,179283.00460000004,,,
Canada Net-zero,Canada,2037,Onshore Wind,Nickel,24176.6855,,,
Canada Net-zero,Canada,2038,Onshore Wind,Copper,189537.07360000003,,,
Canada Net-zero,Canada,2038,Onshore Wind,Nickel,25559.468,,,
Canada Net-zero,Canada,2039,Onshore Wind,Copper,199821.93560000003,,,
Canada Net-zero,Canada,2039,Onshore Wind,Nickel,26946.403,,,
Canada Net-zero,Canada,2040,Onshore Wind,Copper,209910.64619000006,,,
Canada Net-zero,Canada,2040,Onshore Wind,Nickel,28306.886575,,,
Canada Net-zero,Canada,2025,Solar (Distributed),Copper,12341.414798389942,,,
Canada Net-zero,Canada,2025,Solar (Distributed),Nickel,2.9570899241379998,,,
Canada Net-zero,Canada,2026,Solar (Distributed),Copper,13373.686804810857,,,
Canada Net-zero,Canada,2026,Solar (Distributed),Nickel,3.204429568662,,,
Canada Net-zero,Canada,2027,Solar (Distributed),Copper,14405.958814574746,,,
Canada Net-zero,Canada,2027,Solar (Distributed),Nickel,3.451769213987,,,
Canada Net-zero,Canada,2028,Solar (Distributed),Copper,15438.230824760114,,,
Canada Net-zero,Canada,2028,Solar (Distributed),Nickel,3.69910885941299,,,
Canada Net-zero,Canada,2029,Solar (Distributed),Copper,16470.502834933006,,,
Canada Net-zero,Canada,2029,Solar (Distributed),Nickel,3.94644850483599,,,
Canada Net-zero,Canada,2030,Solar (Distributed),Copper,17502.77484511846,,,
Canada Net-zero,Canada,2030,Solar (Distributed),Nickel,4.193788150262001,,,
Canada Net-zero,Canada,2031,Solar (Distributed),Copper,18611.80535317875,,,
Canada Net-zero,Canada,2031,Solar (Distributed),Nickel,4.4595196725,,,
Canada Net-zero,Canada,2032,Solar (Distributed),Copper,19720.83586542089,,,
Canada Net-zero,Canada,2032,Solar (Distributed),Nickel,4.72525119574,,,
Canada Net-zero,Canada,2033,Solar (Distributed),Copper,20829.866373481185,,,
Canada Net-zero,Canada,2033,Solar (Distributed),Nickel,4.990982717978,,,
Canada Net-zero,Canada,2034,Solar (Distributed),Copper,21938.896881541474,,,
Canada Net-zero,Canada,2034,Solar (Distributed),Nickel,5.256714240216,,,
Canada Net-zero,Canada,2035,Solar (Distributed),Copper,23047.927393783615,,,
Canada Net-zero,Canada,2035,Solar (Distributed),Nickel,5.522445763456,,,
Canada Net-zero,Canada,2036,Solar (Distributed),Copper,24156.95790100921,,,
Canada Net-zero,Canada,2036,Solar (Distributed),Nickel,5.788177285494,,,
Canada Net-zero,Canada,2037,Solar (Distributed),Copper,25265.988410321548,,,
Canada Net-zero,Canada,2037,Solar (Distributed),Nickel,6.053908808031999,,,
Canada Net-zero,Canada,2038,Solar (Distributed),Copper,26375.018919633894,,,
Canada Net-zero,Canada,2038,Solar (Distributed),Nickel,6.3196403305699995,,,
Canada Net-zero,Canada,2039,Solar (Distributed),Copper,27484.04942895459,,,
Canada Net-zero,Canada,2039,Solar (Distributed),Nickel,6.585371853110001,,,
Canada Net-zero,Canada,2040,Solar (Distributed),Copper,28593.07993826693,,,
Canada Net-zero,Canada,2040,Solar (Distributed),Nickel,6.851103375648,,,
Canada Net-zero,Canada,2025,Solar (Utility scale),Cobalt,1525.3432419999997,,,
Canada Net-zero,Canada,2025,Solar (Utility scale),Copper,14036.900999999998,,,
Canada Net-zero,Canada,2025,Solar (Utility scale),Nickel,4.678966999999999,,,
Canada Net-zero,Canada,2026,Solar (Utility scale),Cobalt,1611.211642,,,
Canada Net-zero,Canada,2026,Solar (Utility scale),Copper,14827.101,,,
Canada Net-zero,Canada,2026,Solar (Utility scale),Nickel,4.942367,,,
Canada Net-zero,Canada,2027,Solar (Utility scale),Cobalt,1696.7540419999998,,,
Canada Net-zero,Canada,2027,Solar (Utility scale),Copper,15614.300999999998,,,
Canada Net-zero,Canada,2027,Solar (Utility scale),Nickel,5.2047669999999995,,,
Canada Net-zero,Canada,2028,Solar (Utility scale),Cobalt,1782.2964420000003,,,
Canada Net-zero,Canada,2028,Solar (Utility scale),Copper,16401.501000000004,,,
Canada Net-zero,Canada,2028,Solar (Utility scale),Nickel,5.467167000000001,,,
Canada Net-zero,Canada,2029,Solar (Utility scale),Cobalt,1868.164842,,,
Canada Net-zero,Canada,2029,Solar (Utility scale),Copper,17191.701,,,
Canada Net-zero,Canada,2029,Solar (Utility scale),Nickel,5.730567,,,
Canada Net-zero,Canada,2030,Solar (Utility scale),Cobalt,1965.4432419999998,,,
Canada Net-zero,Canada,2030,Solar (Utility scale),Copper,18086.900999999998,,,
Canada Net-zero,Canada,2030,Solar (Utility scale),Nickel,6.028967,,,
Canada Net-zero,Canada,2031,Solar (Utility scale),Cobalt,2928.7732419999998,,,
Canada Net-zero,Canada,2031,Solar (Utility scale),Copper,26951.900999999998,,,
Canada Net-zero,Canada,2031,Solar (Utility scale),Nickel,8.983967,,,
Canada Net-zero,Canada,2032,Solar (Utility scale),Cobalt,3887.2132420000003,,,
Canada Net-zero,Canada,2032,Solar (Utility scale),Copper,35771.901000000005,,,
Canada Net-zero,Canada,2032,Solar (Utility scale),Nickel,11.923967000000001,,,
Canada Net-zero,Canada,2033,Solar (Utility scale),Cobalt,4852.173242,,,
Canada Net-zero,Canada,2033,Solar (Utility scale),Copper,44651.901,,,
Canada Net-zero,Canada,2033,Solar (Utility scale),Nickel,14.883967,,,
Canada Net-zero,Canada,2034,Solar (Utility scale),Cobalt,5815.177242,,,
Canada Net-zero,Canada,2034,Solar (Utility scale),Copper,53513.901,,,
Canada Net-zero,Canada,2034,Solar (Utility scale),Nickel,17.837967,,,
Canada Net-zero,Canada,2035,Solar (Utility scale),Cobalt,6810.425902,,,
Canada Net-zero,Canada,2035,Solar (Utility scale),Copper,62672.631,,,
Canada Net-zero,Canada,2035,Solar (Utility scale),Nickel,20.890877,,,
Canada Net-zero,Canada,2036,Solar (Utility scale),Cobalt,6924.525902,,,
Canada Net-zero,Canada,2036,Solar (Utility scale),Copper,63722.631,,,
Canada Net-zero,Canada,2036,Solar (Utility scale),Nickel,21.240877,,,
Canada Net-zero,Canada,2037,Solar (Utility scale),Cobalt,7035.3659020000005,,,
Canada Net-zero,Canada,2037,Solar (Utility scale),Copper,64742.631,,,
Canada Net-zero,Canada,2037,Solar (Utility scale),Nickel,21.580877,,,
Canada Net-zero,Canada,2038,Solar (Utility scale),Cobalt,7149.465902,,,
Canada Net-zero,Canada,2038,Solar (Utility scale),Copper,65792.631,,,
Canada Net-zero,Canada,2038,Solar (Utility scale),Nickel,21.930877,,,
Canada Net-zero,Canada,2039,Solar (Utility scale),Cobalt,7263.565902,,,
Canada Net-zero,Canada,2039,Solar (Utility scale),Copper,66842.631,,,
Canada Net-zero,Canada,2039,Solar (Utility scale),Nickel,22.280877,,,
Canada Net-zero,Canada,2040,Solar (Utility scale),Cobalt,7374.405902,,,
Canada Net-zero,Canada,2040,Solar (Utility scale),Copper,67862.631,,,
Canada Net-zero,Canada,2040,Solar (Utility scale),Nickel,22.620877,,,
Canada Net-zero,Canada,2025,Grid,Copper,3340.340931644996,,,
Canada Net-zero,Canada,2025,Grid,Copper,340436.3830967549,,,
Canada Net-zero,Canada,2025,Grid,Copper,4136.030231818233,,,
Canada Net-zero,Canada,2025,Grid,Copper,14476.105811363812,,,
Canada Net-zero,Canada,2026,Grid,Copper,3429.4613111618005,,,
Canada Net-zero,Canada,2026,Grid,Copper,349519.2343037932,,,
Canada Net-zero,Canada,2026,Grid,Copper,4246.379621744456,,,
Canada Net-zero,Canada,2026,Grid,Copper,14862.328676105595,,,
Canada Net-zero,Canada,2027,Grid,Copper,3522.549195648612,,,
Canada Net-zero,Canada,2027,Grid,Copper,359006.44035650353,,,
Canada Net-zero,Canada,2027,Grid,Copper,4361.641600186833,,,
Canada Net-zero,Canada,2027,Grid,Copper,15265.745600653914,,,
Canada Net-zero,Canada,2028,Grid,Copper,3625.351331956934,,,
Canada Net-zero,Canada,2028,Grid,Copper,369483.6904862349,,,
Canada Net-zero,Canada,2028,Grid,Copper,4488.931823660317,,,
Canada Net-zero,Canada,2028,Grid,Copper,15711.261382811108,,,
Canada Net-zero,Canada,2029,Grid,Copper,3722.1101810806767,,,
Canada Net-zero,Canada,2029,Grid,Copper,379345.02898501797,,,
Canada Net-zero,Canada,2029,Grid,Copper,4608.739212594912,,,
Canada Net-zero,Canada,2029,Grid,Copper,16130.58724408219,,,
Canada Net-zero,Canada,2030,Grid,Copper,3854.712369802019,,,
Canada Net-zero,Canada,2030,Grid,Copper,392859.4008538727,,,
Canada Net-zero,Canada,2030,Grid,Copper,4772.928040196605,,,
Canada Net-zero,Canada,2030,Grid,Copper,16705.248140688116,,,
Canada Net-zero,Canada,2031,Grid,Copper,4089.3111733518463,,,
Canada Net-zero,Canada,2031,Grid,Copper,416768.92679558496,,,
Canada Net-zero,Canada,2031,Grid,Copper,5063.409689730694,,,
Canada Net-zero,Canada,2031,Grid,Copper,17721.933914057427,,,
Canada Net-zero,Canada,2032,Grid,Copper,4367.012623521452,,,
Canada Net-zero,Canada,2032,Grid,Copper,445071.3304157768,,,
Canada Net-zero,Canada,2032,Grid,Copper,5407.261295547355,,,
Canada Net-zero,Canada,2032,Grid,Copper,18925.41453441574,,,
Canada Net-zero,Canada,2033,Grid,Copper,4640.261878678792,,,
Canada Net-zero,Canada,2033,Grid,Copper,472919.981201203,,,
Canada Net-zero,Canada,2033,Grid,Copper,5745.6001667224,,,
Canada Net-zero,Canada,2033,Grid,Copper,20109.600583528398,,,
Canada Net-zero,Canada,2034,Grid,Copper,4925.004627567768,,,
Canada Net-zero,Canada,2034,Grid,Copper,501940.0104522451,,,
Canada Net-zero,Canada,2034,Grid,Copper,6098.170350962803,,,
Canada Net-zero,Canada,2034,Grid,Copper,21343.59622836981,,,
Canada Net-zero,Canada,2035,Grid,Copper,5043.264733306163,,,
Canada Net-zero,Canada,2035,Grid,Copper,513992.6851600308,,,
Canada Net-zero,Canada,2035,Grid,Copper,6244.600725155519,,,
Canada Net-zero,Canada,2035,Grid,Copper,21856.102538044317,,,
Canada Net-zero,Canada,2036,Grid,Copper,5162.259849989219,,,
Canada Net-zero,Canada,2036,Grid,Copper,526120.2697266176,,,
Canada Net-zero,Canada,2036,Grid,Copper,6391.941194320589,,,
Canada Net-zero,Canada,2036,Grid,Copper,22371.79418012206,,,
Canada Net-zero,Canada,2037,Grid,Copper,5305.908715247429,,,
Canada Net-zero,Canada,2037,Grid,Copper,540760.4819460257,,,
Canada Net-zero,Canada,2037,Grid,Copper,6569.8080832497235,,,
Canada Net-zero,Canada,2037,Grid,Copper,22994.32829137403,,,
Canada Net-zero,Canada,2038,Grid,Copper,5435.706079963933,,,
Canada Net-zero,Canada,2038,Grid,Copper,553988.9955270678,,,
Canada Net-zero,Canada,2038,Grid,Copper,6730.5239608992,,,
Canada Net-zero,Canada,2038,Grid,Copper,23556.833863147196,,,
Canada Net-zero,Canada,2039,Grid,Copper,5584.113906060889,,,
Canada Net-zero,Canada,2039,Grid,Copper,569114.2251289514,,,
Canada Net-zero,Canada,2039,Grid,Copper,6914.283423761318,,,
Canada Net-zero,Canada,2039,Grid,Copper,24199.99198316461,,,
Canada Net-zero,Canada,2040,Grid,Copper,5708.988701486993,,,
Canada Net-zero,Canada,2040,Grid,Copper,581841.0469009656,,,
Canada Net-zero,Canada,2040,Grid,Copper,7068.90414650896,,,
Canada Net-zero,Canada,2040,Grid,Copper,24741.16451278136,,,
Canada Net-zero,Canada,2025,Uranium SMR,Copper,0.0,,,
Canada Net-zero,Canada,2025,Uranium SMR,Nickel,0.0,,,
Canada Net-zero,Canada,2026,Uranium SMR,Copper,0.0,,,
Canada Net-zero,Canada,2026,Uranium SMR,Nickel,0.0,,,
Canada Net-zero,Canada,2027,Uranium SMR,Copper,0.0,,,
Canada Net-zero,Canada,2027,Uranium SMR,Nickel,0.0,,,
Canada Net-zero,Canada,2028,Uranium SMR,Copper,0.0,,,
Canada Net-zero,Canada,2028,Uranium SMR,Nickel,0.0,,,
Canada Net-zero,Canada,2029,Uranium SMR,Copper,0.0,,,
Canada Net-zero,Canada,2029,Uranium SMR,Nickel,0.0,,,
Canada Net-zero,Canada,2030,Uranium SMR,Copper,1.488,,,
Canada Net-zero,Canada,2030,Uranium SMR,Nickel,2.0220000000000002,,,
Canada Net-zero,Canada,2031,Uranium SMR,Copper,14.344815999999998,,,
Canada Net-zero,Canada,2031,Uranium SMR,Nickel,19.492753999999998,,,
Canada Net-zero,Canada,2032,Uranium SMR,Copper,27.2056,,,
Canada Net-zero,Canada,2032,Uranium SMR,Nickel,36.968900000000005,,,
Canada Net-zero,Canada,2033,Uranium SMR,Copper,40.03712,,,
Canada Net-zero,Canada,2033,Uranium SMR,Nickel,54.405280000000005,,,
Canada Net-zero,Canada,2034,Uranium SMR,Copper,52.90336000000001,,,
Canada Net-zero,Canada,2034,Uranium SMR,Nickel,71.88884000000002,,,
Canada Net-zero,Canada,2035,Uranium SMR,Copper,66.32512,,,
Canada Net-zero,Canada,2035,Uranium SMR,Nickel,90.12728,,,
Canada Net-zero,Canada,2036,Uranium SMR,Copper,76.3096,,,
Canada Net-zero,Canada,2036,Uranium SMR,Nickel,103.6949,,,
Canada Net-zero,Canada,2037,Uranium SMR,Copper,86.37344,,,
Canada Net-zero,Canada,2037,Uranium SMR,Nickel,117.37036000000002,,,
Canada Net-zero,Canada,2038,Uranium SMR,Copper,96.15952,,,
Canada Net-zero,Canada,2038,Uranium SMR,Nickel,130.66838,,,
Canada Net-zero,Canada,2039,Uranium SMR,Copper,106.47135999999999,,,
Canada Net-zero,Canada,2039,Uranium SMR,Nickel,144.68084,,,
Canada Net-zero,Canada,2040,Uranium SMR,Copper,116.27728,,,
Canada Net-zero,Canada,2040,Uranium SMR,Nickel,158.00582000000003,,,
Current Measures,Canada,2025,Bioenergy,Cobalt,15.1866,,,
Current Measures,Canada,2025,Bioenergy,Copper,16876.10925,,,
Current Measures,Canada,2025,Bioenergy,Nickel,151.866,,,
Current Measures,Canada,2026,Bioenergy,Cobalt,15.6866,,,
Current Measures,Canada,2026,Bioenergy,Copper,17431.73425,,,
Current Measures,Canada,2026,Bioenergy,Nickel,156.866,,,
Current Measures,Canada,2027,Bioenergy,Cobalt,16.1666,,,
Current Measures,Canada,2027,Bioenergy,Copper,17965.13425,,,
Current Measures,Canada,2027,Bioenergy,Nickel,161.666,,,
Current Measures,Canada,2028,Bioenergy,Cobalt,16.6666,,,
Current Measures,Canada,2028,Bioenergy,Copper,18520.75925,,,
Current Measures,Canada,2028,Bioenergy,Nickel,166.666,,,
Current Measures,Canada,2029,Bioenergy,Cobalt,17.1466,,,
Current Measures,Canada,2029,Bioenergy,Copper,19054.15925,,,
Current Measures,Canada,2029,Bioenergy,Nickel,171.466,,,
Current Measures,Canada,2030,Bioenergy,Cobalt,17.6994,,,
Current Measures,Canada,2030,Bioenergy,Copper,19668.45825,,,
Current Measures,Canada,2030,Bioenergy,Nickel,176.994,,,
Current Measures,Canada,2031,Bioenergy,Cobalt,18.746599999999997,,,
Current Measures,Canada,2031,Bioenergy,Copper,20832.159249999997,,,
Current Measures,Canada,2031,Bioenergy,Nickel,187.46599999999998,,,
Current Measures,Canada,2032,Bioenergy,Cobalt,19.7926,,,
Current Measures,Canada,2032,Bioenergy,Copper,21994.52675,,,
Current Measures,Canada,2032,Bioenergy,Nickel,197.926,,,
Current Measures,Canada,2033,Bioenergy,Cobalt,20.8406,,,
Current Measures,Canada,2033,Bioenergy,Copper,23159.116749999997,,,
Current Measures,Canada,2033,Bioenergy,Nickel,208.40599999999998,,,
Current Measures,Canada,2034,Bioenergy,Cobalt,21.8886,,,
Current Measures,Canada,2034,Bioenergy,Copper,24323.70675,,,
Current Measures,Canada,2034,Bioenergy,Nickel,218.886,,,
Current Measures,Canada,2035,Bioenergy,Cobalt,22.9712,,,
Current Measures,Canada,2035,Bioenergy,Copper,25526.746,,,
Current Measures,Canada,2035,Bioenergy,Nickel,229.712,,,
Current Measures,Canada,2036,Bioenergy,Cobalt,23.9332,,,
Current Measures,Canada,2036,Bioenergy,Copper,26595.7685,,,
Current Measures,Canada,2036,Bioenergy,Nickel,239.332,,,
Current Measures,Canada,2037,Bioenergy,Cobalt,24.8932,,,
Current Measures,Canada,2037,Bioenergy,Copper,27662.5685,,,
Current Measures,Canada,2037,Bioenergy,Nickel,248.93200000000002,,,
Current Measures,Canada,2038,Bioenergy,Cobalt,25.8552,,,
Current Measures,Canada,2038,Bioenergy,Copper,28731.591,,,
Current Measures,Canada,2038,Bioenergy,Nickel,258.552,,,
Current Measures,Canada,2039,Bioenergy,Cobalt,26.7772,,,
Current Measures,Canada,2039,Bioenergy,Copper,29756.163500000002,,,
Current Measures,Canada,2039,Bioenergy,Nickel,267.772,,,
Current Measures,Canada,2040,Bioenergy,Cobalt,27.717200000000002,,,
Current Measures,Canada,2040,Bioenergy,Copper,30800.738500000003,,,
Current Measures,Canada,2040,Bioenergy,Nickel,277.172,,,
Current Measures,Canada,2025,Coal with CCUS,Cobalt,24.0879,,,
Current Measures,Canada,2025,Coal with CCUS,Copper,215.6825,,,
Current Measures,Canada,2025,Coal with CCUS,Nickel,214.5946,,,
Current Measures,Canada,2026,Coal with CCUS,Cobalt,24.0879,,,
Current Measures,Canada,2026,Coal with CCUS,Copper,215.6825,,,
Current Measures,Canada,2026,Coal with CCUS,Nickel,214.5946,,,
Current Measures,Canada,2027,Coal with CCUS,Cobalt,24.0879,,,
Current Measures,Canada,2027,Coal with CCUS,Copper,215.6825,,,
Current Measures,Canada,2027,Coal with CCUS,Nickel,214.5946,,,
Current Measures,Canada,2028,Coal with CCUS,Cobalt,24.0879,,,
Current Measures,Canada,2028,Coal with CCUS,Copper,215.6825,,,
Current Measures,Canada,2028,Coal with CCUS,Nickel,214.5946,,,
Current Measures,Canada,2029,Coal with CCUS,Cobalt,24.0879,,,
Current Measures,Canada,2029,Coal with CCUS,Copper,215.6825,,,
Current Measures,Canada,2029,Coal with CCUS,Nickel,214.5946,,,
Current Measures,Canada,2030,Coal with CCUS,Cobalt,24.0879,,,
Current Measures,Canada,2030,Coal with CCUS,Copper,215.6825,,,
Current Measures,Canada,2030,Coal with CCUS,Nickel,214.5946,,,
Current Measures,Canada,2031,Coal with CCUS,Cobalt,24.0879,,,
Current Measures,Canada,2031,Coal with CCUS,Copper,215.6825,,,
Current Measures,Canada,2031,Coal with CCUS,Nickel,214.5946,,,
Current Measures,Canada,2032,Coal with CCUS,Cobalt,24.0879,,,
Current Measures,Canada,2032,Coal with CCUS,Copper,215.6825,,,
Current Measures,Canada,2032,Coal with CCUS,Nickel,214.5946,,,
Current Measures,Canada,2033,Coal with CCUS,Cobalt,24.0879,,,
Current Measures,Canada,2033,Coal with CCUS,Copper,215.6825,,,
Current Measures,Canada,2033,Coal with CCUS,Nickel,214.5946,,,
Current Measures,Canada,2034,Coal with CCUS,Cobalt,24.0879,,,
Current Measures,Canada,2034,Coal with CCUS,Copper,215.6825,,,
Current Measures,Canada,2034,Coal with CCUS,Nickel,214.5946,,,
Current Measures,Canada,2035,Coal with CCUS,Cobalt,24.0879,,,
Current Measures,Canada,2035,Coal with CCUS,Copper,215.6825,,,
Current Measures,Canada,2035,Coal with CCUS,Nickel,214.5946,,,
Current Measures,Canada,2036,Coal with CCUS,Cobalt,24.0879,,,
Current Measures,Canada,2036,Coal with CCUS,Copper,215.6825,,,
Current Measures,Canada,2036,Coal with CCUS,Nickel,214.5946,,,
Current Measures,Canada,2037,Coal with CCUS,Cobalt,24.0879,,,
Current Measures,Canada,2037,Coal with CCUS,Copper,215.6825,,,
Current Measures,Canada,2037,Coal with CCUS,Nickel,214.5946,,,
Current Measures,Canada,2038,Coal with CCUS,Cobalt,24.0879,,,
Current Measures,Canada,2038,Coal with CCUS,Copper,215.6825,,,
Current Measures,Canada,2038,Coal with CCUS,Nickel,214.5946,,,
Current Measures,Canada,2039,Coal with CCUS,Cobalt,24.0879,,,
Current Measures,Canada,2039,Coal with CCUS,Copper,215.6825,,,
Current Measures,Canada,2039,Coal with CCUS,Nickel,214.5946,,,
Current Measures,Canada,2040,Coal with CCUS,Cobalt,24.0879,,,
Current Measures,Canada,2040,Coal with CCUS,Copper,215.6825,,,
Current Measures,Canada,2040,Coal with CCUS,Nickel,214.5946,,,
Current Measures,Canada,2025,Hydro,Copper,314176.25,,,
Current Measures,Canada,2026,Hydro,Copper,316026.25,,,
Current Measures,Canada,2027,Hydro,Copper,317876.25,,,
Current Measures,Canada,2028,Hydro,Copper,319726.25,,,
Current Measures,Canada,2029,Hydro,Copper,321592.9,,,
Current Measures,Canada,2030,Hydro,Copper,323442.9,,,
Current Measures,Canada,2031,Hydro,Copper,323442.9,,,
Current Measures,Canada,2032,Hydro,Copper,323905.4,,,
Current Measures,Canada,2033,Hydro,Copper,323905.4,,,
Current Measures,Canada,2034,Hydro,Copper,324275.39999999997,,,
Current Measures,Canada,2035,Hydro,Copper,324275.39999999997,,,
Current Measures,Canada,2036,Hydro,Copper,324312.4,,,
Current Measures,Canada,2037,Hydro,Copper,324349.4,,,
Current Measures,Canada,2038,Hydro,Copper,324386.39999999997,,,
Current Measures,Canada,2039,Hydro,Copper,324423.4,,,
Current Measures,Canada,2040,Hydro,Copper,324460.39999999997,,,
Current Measures,Canada,2025,Natural Gas,Cobalt,54.29628,,,
Current Measures,Canada,2025,Natural Gas,Copper,29098.78413333333,,,
Current Measures,Canada,2025,Natural Gas,Nickel,976.578925,,,
Current Measures,Canada,2026,Natural Gas,Cobalt,58.10867999999999,,,
Current Measures,Canada,2026,Natural Gas,Copper,31141.948133333328,,,
Current Measures,Canada,2026,Natural Gas,Nickel,1045.1491749999998,,,
Current Measures,Canada,2027,Natural Gas,Cobalt,62.176680000000005,,,
Current Measures,Canada,2027,Natural Gas,Copper,33322.0948,,,
Current Measures,Canada,2027,Natural Gas,Nickel,1118.316675,,,
Current Measures,Canada,2028,Natural Gas,Cobalt,65.45268,,,
Current Measures,Canada,2028,Natural Gas,Copper,35077.788133333335,,,
Current Measures,Canada,2028,Natural Gas,Nickel,1177.239175,,,
Current Measures,Canada,2029,Natural Gas,Cobalt,69.05268000000001,,,
Current Measures,Canada,2029,Natural Gas,Copper,37007.121466666664,,,
Current Measures,Canada,2029,Natural Gas,Nickel,1241.989175,,,
Current Measures,Canada,2030,Natural Gas,Cobalt,72.59868,,,
Current Measures,Canada,2030,Natural Gas,Copper,38907.5148,,,
Current Measures,Canada,2030,Natural Gas,Nickel,1305.7679249999999,,,
Current Measures,Canada,2031,Natural Gas,Cobalt,74.97468,,,
Current Measures,Canada,2031,Natural Gas,Copper,40180.8748,,,
Current Measures,Canada,2031,Natural Gas,Nickel,1348.502925,,,
Current Measures,Canada,2032,Natural Gas,Cobalt,76.93668,,,
Current Measures,Canada,2032,Natural Gas,Copper,41232.36146666666,,,
Current Measures,Canada,2032,Natural Gas,Nickel,1383.791675,,,
Current Measures,Canada,2033,Natural Gas,Cobalt,78.28308,,,
Current Measures,Canada,2033,Natural Gas,Copper,41953.932133333336,,,
Current Measures,Canada,2033,Natural Gas,Nickel,1408.008175,,,
Current Measures,Canada,2034,Natural Gas,Cobalt,79.03908,,,
Current Measures,Canada,2034,Natural Gas,Copper,42359.092133333324,,,
Current Measures,Canada,2034,Natural Gas,Nickel,1421.6056749999998,,,
Current Measures,Canada,2035,Natural Gas,Cobalt,80.64504000000001,,,
Current Measures,Canada,2035,Natural Gas,Copper,43219.767733333334,,,
Current Measures,Canada,2035,Natural Gas,Nickel,1450.4906500000002,,,
Current Measures,Canada,2036,Natural Gas,Cobalt,80.78904000000001,,,
Current Measures,Canada,2036,Natural Gas,Copper,43296.941066666666,,,
Current Measures,Canada,2036,Natural Gas,Nickel,1453.08065,,,
Current Measures,Canada,2037,Natural Gas,Cobalt,81.27504000000002,,,
Current Measures,Canada,2037,Natural Gas,Copper,43557.40106666667,,,
Current Measures,Canada,2037,Natural Gas,Nickel,1461.8219000000001,,,
Current Measures,Canada,2038,Natural Gas,Cobalt,80.24364000000001,,,
Current Measures,Canada,2038,Natural Gas,Copper,43004.64706666667,,,
Current Measures,Canada,2038,Natural Gas,Nickel,1443.2710250000002,,,
Current Measures,Canada,2039,Natural Gas,Cobalt,78.82164,,,
Current Measures,Canada,2039,Natural Gas,Copper,42242.560399999995,,,
Current Measures,Canada,2039,Natural Gas,Nickel,1417.694775,,,
Current Measures,Canada,2040,Natural Gas,Cobalt,76.28364,,,
Current Measures,Canada,2040,Natural Gas,Copper,40882.3804,,,
Current Measures,Canada,2040,Natural Gas,Nickel,1372.046025,,,
Current Measures,Canada,2025,Oil,Cobalt,6.61473,,,
Current Measures,Canada,2025,Oil,Copper,3545.0053,,,
Current Measures,Canada,2025,Oil,Nickel,118.97326874999999,,,
Current Measures,Canada,2026,Oil,Cobalt,6.39153,,,
Current Measures,Canada,2026,Oil,Copper,3425.386633333333,,,
Current Measures,Canada,2026,Oil,Nickel,114.95876875,,,
Current Measures,Canada,2027,Oil,Cobalt,6.3339300000000005,,,
Current Measures,Canada,2027,Oil,Copper,3394.5173,,,
Current Measures,Canada,2027,Oil,Nickel,113.92276875,,,
Current Measures,Canada,2028,Oil,Cobalt,6.3339300000000005,,,
Current Measures,Canada,2028,Oil,Copper,3394.5173,,,
Current Measures,Canada,2028,Oil,Nickel,113.92276875,,,
Current Measures,Canada,2029,Oil,Cobalt,6.3339300000000005,,,
Current Measures,Canada,2029,Oil,Copper,3394.5173,,,
Current Measures,Canada,2029,Oil,Nickel,113.92276875,,,
Current Measures,Canada,2030,Oil,Cobalt,6.34293,,,
Current Measures,Canada,2030,Oil,Copper,3399.3406333333332,,,
Current Measures,Canada,2030,Oil,Nickel,114.08464375,,,
Current Measures,Canada,2031,Oil,Cobalt,5.46633,,,
Current Measures,Canada,2031,Oil,Copper,2929.5479666666665,,,
Current Measures,Canada,2031,Oil,Nickel,98.31801875,,,
Current Measures,Canada,2032,Oil,Cobalt,5.43753,,,
Current Measures,Canada,2032,Oil,Copper,2914.1132999999995,,,
Current Measures,Canada,2032,Oil,Nickel,97.80001874999999,,,
Current Measures,Canada,2033,Oil,Cobalt,5.43753,,,
Current Measures,Canada,2033,Oil,Copper,2914.1132999999995,,,
Current Measures,Canada,2033,Oil,Nickel,97.80001874999999,,,
Current Measures,Canada,2034,Oil,Cobalt,5.43753,,,
Current Measures,Canada,2034,Oil,Copper,2914.1132999999995,,,
Current Measures,Canada,2034,Oil,Nickel,97.80001874999999,,,
Current Measures,Canada,2035,Oil,Cobalt,5.43753,,,
Current Measures,Canada,2035,Oil,Copper,2914.1132999999995,,,
Current Measures,Canada,2035,Oil,Nickel,97.80001874999999,,,
Current Measures,Canada,2036,Oil,Cobalt,3.41253,,,
Current Measures,Canada,2036,Oil,Copper,1828.8632999999998,,,
Current Measures,Canada,2036,Oil,Nickel,61.37814374999999,,,
Current Measures,Canada,2037,Oil,Cobalt,3.41253,,,
Current Measures,Canada,2037,Oil,Copper,1828.8632999999998,,,
Current Measures,Canada,2037,Oil,Nickel,61.37814374999999,,,
Current Measures,Canada,2038,Oil,Cobalt,3.41253,,,
Current Measures,Canada,2038,Oil,Copper,1828.8632999999998,,,
Current Measures,Canada,2038,Oil,Nickel,61.37814374999999,,,
Current Measures,Canada,2039,Oil,Cobalt,3.41253,,,
Current Measures,Canada,2039,Oil,Copper,1828.8632999999998,,,
Current Measures,Canada,2039,Oil,Nickel,61.37814374999999,,,
Current Measures,Canada,2040,Oil,Cobalt,3.41253,,,
Current Measures,Canada,2040,Oil,Copper,1828.8632999999998,,,
Current Measures,Canada,2040,Oil,Nickel,61.37814374999999,,,
Current Measures,Canada,2025,Onshore Wind,Copper,53265.14633300002,,,
Current Measures,Canada,2025,Onshore Wind,Nickel,7182.915602500001,,,
Current Measures,Canada,2026,Onshore Wind,Copper,56526.12503300002,,,
Current Measures,Canada,2026,Onshore Wind,Nickel,7622.665352500001,,,
Current Measures,Canada,2027,Onshore Wind,Copper,59787.10373300001,,,
Current Measures,Canada,2027,Onshore Wind,Nickel,8062.4151025,,,
Current Measures,Canada,2028,Onshore Wind,Copper,65877.95913300003,,,
Current Measures,Canada,2028,Onshore Wind,Nickel,8883.7796025,,,
Current Measures,Canada,2029,Onshore Wind,Copper,69145.09643300001,,,
Current Measures,Canada,2029,Onshore Wind,Nickel,9324.359852500002,,,
Current Measures,Canada,2030,Onshore Wind,Copper,72401.30221800001,,,
Current Measures,Canada,2030,Onshore Wind,Nickel,9763.465965,,,
Current Measures,Canada,2031,Onshore Wind,Copper,77823.94951800001,,,
Current Measures,Canada,2031,Onshore Wind,Nickel,10494.721215,,,
Current Measures,Canada,2032,Onshore Wind,Copper,83178.85221800001,,,
Current Measures,Canada,2032,Onshore Wind,Nickel,11216.840965,,,
Current Measures,Canada,2033,Onshore Wind,Copper,88675.40271800001,,,
Current Measures,Canada,2033,Onshore Wind,Nickel,11958.062215,,,
Current Measures,Canada,2034,Onshore Wind,Copper,94412.13861800001,,,
Current Measures,Canada,2034,Onshore Wind,Nickel,12731.672965,,,
Current Measures,Canada,2035,Onshore Wind,Copper,99991.33753000002,,,
Current Measures,Canada,2035,Onshore Wind,Nickel,13484.039524999998,,,
Current Measures,Canada,2036,Onshore Wind,Copper,109518.69173000002,,,
Current Measures,Canada,2036,Onshore Wind,Nickel,14768.823025,,,
Current Measures,Canada,2037,Onshore Wind,Copper,119039.88733000001,,,
Current Measures,Canada,2037,Onshore Wind,Nickel,16052.776025,,,
Current Measures,Canada,2038,Onshore Wind,Copper,129220.05313000003,,,
Current Measures,Canada,2038,Onshore Wind,Nickel,17425.592525,,,
Current Measures,Canada,2039,Onshore Wind,Copper,138787.43823000003,,,
Current Measures,Canada,2039,Onshore Wind,Nickel,18715.774275,,,
Current Measures,Canada,2040,Onshore Wind,Copper,148662.75333000004,,,
Current Measures,Canada,2040,Onshore Wind,Nickel,20047.481025,,,
Current Measures,Canada,2025,Solar (Distributed),Copper,11913.777884001896,,,
Current Measures,Canada,2025,Solar (Distributed),Nickel,2.854625106985,,,
Current Measures,Canada,2026,Solar (Distributed),Copper,12565.994566460487,,,
Current Measures,Canada,2026,Solar (Distributed),Nickel,3.010900818608,,,
Current Measures,Canada,2027,Solar (Distributed),Copper,13218.211253092579,,,
Current Measures,Canada,2027,Solar (Distributed),Nickel,3.167176531231,,,
Current Measures,Canada,2028,Solar (Distributed),Copper,13870.427939724668,,,
Current Measures,Canada,2028,Solar (Distributed),Nickel,3.3234522438539997,,,
Current Measures,Canada,2029,Solar (Distributed),Copper,14522.644625939409,,,
Current Measures,Canada,2029,Solar (Distributed),Nickel,3.479727956377,,,
Current Measures,Canada,2030,Solar (Distributed),Copper,15174.861312571502,,,
Current Measures,Canada,2030,Solar (Distributed),Nickel,3.6360036690000004,,,
Current Measures,Canada,2031,Solar (Distributed),Copper,15664.035715897002,,,
Current Measures,Canada,2031,Solar (Distributed),Nickel,3.7532133020000003,,,
Current Measures,Canada,2032,Solar (Distributed),Copper,16153.2101192225,,,
Current Measures,Canada,2032,Solar (Distributed),Nickel,3.870422935,,,
Current Measures,Canada,2033,Solar (Distributed),Copper,16642.384522548,,,
Current Measures,Canada,2033,Solar (Distributed),Nickel,3.987632568,,,
Current Measures,Canada,2034,Solar (Distributed),Copper,17131.5589258735,,,
Current Measures,Canada,2034,Solar (Distributed),Nickel,4.104842201,,,
Current Measures,Canada,2035,Solar (Distributed),Copper,17620.7333333725,,,
Current Measures,Canada,2035,Solar (Distributed),Nickel,4.222051835,,,
Current Measures,Canada,2036,Solar (Distributed),Copper,18109.907736698002,,,
Current Measures,Canada,2036,Solar (Distributed),Nickel,4.339261468,,,
Current Measures,Canada,2037,Solar (Distributed),Copper,18599.0821400235,,,
Current Measures,Canada,2037,Solar (Distributed),Nickel,4.456471101,,,
Current Measures,Canada,2038,Solar (Distributed),Copper,19088.256543348998,,,
Current Measures,Canada,2038,Solar (Distributed),Nickel,4.573680734,,,
Current Measures,Canada,2039,Solar (Distributed),Copper,19577.4309466745,,,
Current Measures,Canada,2039,Solar (Distributed),Nickel,4.690890367,,,
Current Measures,Canada,2040,Solar (Distributed),Copper,20066.60535,,,
Current Measures,Canada,2040,Solar (Distributed),Nickel,4.8081000000000005,,,
Current Measures,Canada,2025,Solar (Utility scale),Cobalt,1522.0832419999997,,,
Current Measures,Canada,2025,Solar (Utility scale),Copper,14006.900999999998,,,
Current Measures,Canada,2025,Solar (Utility scale),Nickel,4.668966999999999,,,
Current Measures,Canada,2026,Solar (Utility scale),Cobalt,1532.189242,,,
Current Measures,Canada,2026,Solar (Utility scale),Copper,14099.901,,,
Current Measures,Canada,2026,Solar (Utility scale),Nickel,4.699967,,,
Current Measures,Canada,2027,Solar (Utility scale),Cobalt,1541.969242,,,
Current Measures,Canada,2027,Solar (Utility scale),Copper,14189.900999999998,,,
Current Measures,Canada,2027,Solar (Utility scale),Nickel,4.729966999999999,,,
Current Measures,Canada,2028,Solar (Utility scale),Cobalt,1551.7492419999999,,,
Current Measures,Canada,2028,Solar (Utility scale),Copper,14279.900999999998,,,
Current Measures,Canada,2028,Solar (Utility scale),Nickel,4.759967,,,
Current Measures,Canada,2029,Solar (Utility scale),Cobalt,1561.8552419999999,,,
Current Measures,Canada,2029,Solar (Utility scale),Copper,14372.900999999998,,,
Current Measures,Canada,2029,Solar (Utility scale),Nickel,4.790966999999999,,,
Current Measures,Canada,2030,Solar (Utility scale),Cobalt,1582.719242,,,
Current Measures,Canada,2030,Solar (Utility scale),Copper,14564.900999999998,,,
Current Measures,Canada,2030,Solar (Utility scale),Nickel,4.854966999999999,,,
Current Measures,Canada,2031,Solar (Utility scale),Cobalt,2002.2812419999998,,,
Current Measures,Canada,2031,Solar (Utility scale),Copper,18425.900999999998,,,
Current Measures,Canada,2031,Solar (Utility scale),Nickel,6.141966999999999,,,
Current Measures,Canada,2032,Solar (Utility scale),Cobalt,2423.7992419999996,,,
Current Measures,Canada,2032,Solar (Utility scale),Copper,22304.900999999998,,,
Current Measures,Canada,2032,Solar (Utility scale),Nickel,7.434966999999999,,,
Current Measures,Canada,2033,Solar (Utility scale),Cobalt,2845.3172420000005,,,
Current Measures,Canada,2033,Solar (Utility scale),Copper,26183.901000000005,,,
Current Measures,Canada,2033,Solar (Utility scale),Nickel,8.727967000000001,,,
Current Measures,Canada,2034,Solar (Utility scale),Cobalt,3263.5752420000003,,,
Current Measures,Canada,2034,Solar (Utility scale),Copper,30032.901,,,
Current Measures,Canada,2034,Solar (Utility scale),Nickel,10.010967,,,
Current Measures,Canada,2035,Solar (Utility scale),Cobalt,3703.7176219999997,,,
Current Measures,Canada,2035,Solar (Utility scale),Copper,34083.291,,,
Current Measures,Canada,2035,Solar (Utility scale),Nickel,11.361097,,,
Current Measures,Canada,2036,Solar (Utility scale),Cobalt,3840.3116219999997,,,
Current Measures,Canada,2036,Solar (Utility scale),Copper,35340.291,,,
Current Measures,Canada,2036,Solar (Utility scale),Nickel,11.780097,,,
Current Measures,Canada,2037,Solar (Utility scale),Cobalt,3973.971622,,,
Current Measures,Canada,2037,Solar (Utility scale),Copper,36570.291,,,
Current Measures,Canada,2037,Solar (Utility scale),Nickel,12.190097,,,
Current Measures,Canada,2038,Solar (Utility scale),Cobalt,4104.371622,,,
Current Measures,Canada,2038,Solar (Utility scale),Copper,37770.291,,,
Current Measures,Canada,2038,Solar (Utility scale),Nickel,12.590097,,,
Current Measures,Canada,2039,Solar (Utility scale),Cobalt,4241.291622,,,
Current Measures,Canada,2039,Solar (Utility scale),Copper,39030.291,,,
Current Measures,Canada,2039,Solar (Utility scale),Nickel,13.010097,,,
Current Measures,Canada,2040,Solar (Utility scale),Cobalt,4388.611022,,,
Current Measures,Canada,2040,Solar (Utility scale),Copper,40385.991,,,
Current Measures,Canada,2040,Solar (Utility scale),Nickel,13.461997,,,
Current Measures,Canada,2025,Grid,Copper,3401.8420681638777,,,
Current Measures,Canada,2025,Grid,Copper,346704.3733711839,,,
Current Measures,Canada,2025,Grid,Copper,4212.181308950352,,,
Current Measures,Canada,2025,Grid,Copper,14742.63458132623,,,
Current Measures,Canada,2026,Grid,Copper,3465.0414712253905,,,
Current Measures,Canada,2026,Grid,Copper,353145.445295402,,,
Current Measures,Canada,2026,Grid,Copper,4290.435189929667,,,
Current Measures,Canada,2026,Grid,Copper,15016.523164753835,,,
Current Measures,Canada,2027,Grid,Copper,3537.1166328118566,,,
Current Measures,Canada,2027,Grid,Copper,360491.10486241133,,,
Current Measures,Canada,2027,Grid,Copper,4379.6790884972315,,,
Current Measures,Canada,2027,Grid,Copper,15328.87680974031,,,
Current Measures,Canada,2028,Grid,Copper,3633.9375727173287,,,
Current Measures,Canada,2028,Grid,Copper,370358.77144613786,,,
Current Measures,Canada,2028,Grid,Copper,4499.563358611204,,,
Current Measures,Canada,2028,Grid,Copper,15748.471755139215,,,
Current Measures,Canada,2029,Grid,Copper,3703.8346967885486,,,
Current Measures,Canada,2029,Grid,Copper,377482.4527094012,,,
Current Measures,Canada,2029,Grid,Copper,4586.11039802773,,,
Current Measures,Canada,2029,Grid,Copper,16051.386393097055,,,
Current Measures,Canada,2030,Grid,Copper,3798.2802464859606,,,
Current Measures,Canada,2030,Grid,Copper,387108.027462556,,,
Current Measures,Canada,2030,Grid,Copper,4703.053445699459,,,
Current Measures,Canada,2030,Grid,Copper,16460.687059948104,,,
Current Measures,Canada,2031,Grid,Copper,3850.8764704999285,,,
Current Measures,Canada,2031,Grid,Copper,392468.45881799975,,,
Current Measures,Canada,2031,Grid,Copper,4768.178406609999,,,
Current Measures,Canada,2031,Grid,Copper,16688.624423134992,,,
Current Measures,Canada,2032,Grid,Copper,3950.497853742592,,,
Current Measures,Canada,2032,Grid,Copper,402621.53722653404,,,
Current Measures,Canada,2032,Grid,Copper,4891.53020250716,,,
Current Measures,Canada,2032,Grid,Copper,17120.35570877506,,,
Current Measures,Canada,2033,Grid,Copper,4041.857010174592,,,
Current Measures,Canada,2033,Grid,Copper,411932.55709394737,,,
Current Measures,Canada,2033,Grid,Copper,5004.651659474751,,,
Current Measures,Canada,2033,Grid,Copper,17516.280808161628,,,
Current Measures,Canada,2034,Grid,Copper,4146.3048427423055,,,
Current Measures,Canada,2034,Grid,Copper,422577.5310859096,,,
Current Measures,Canada,2034,Grid,Copper,5133.979593954543,,,
Current Measures,Canada,2034,Grid,Copper,17968.9285788409,,,
Current Measures,Canada,2035,Grid,Copper,4242.684120024501,,,
Current Measures,Canada,2035,Grid,Copper,432400.18489127187,,,
Current Measures,Canada,2035,Grid,Copper,5253.3169947520255,,,
Current Measures,Canada,2035,Grid,Copper,18386.609481632087,,,
Current Measures,Canada,2036,Grid,Copper,4305.595856917896,,,
Current Measures,Canada,2036,Grid,Copper,438811.9388411223,,,
Current Measures,Canada,2036,Grid,Copper,5331.214685751828,,,
Current Measures,Canada,2036,Grid,Copper,18659.251400131398,,,
Current Measures,Canada,2037,Grid,Copper,4395.155320381261,,,
Current Measures,Canada,2037,Grid,Copper,447939.54001641285,,,
Current Measures,Canada,2037,Grid,Copper,5442.107752061524,,,
Current Measures,Canada,2037,Grid,Copper,19047.37713221533,,,
Current Measures,Canada,2038,Grid,Copper,4471.667009821878,,,
Current Measures,Canada,2038,Grid,Copper,455737.355673798,,,
Current Measures,Canada,2038,Grid,Copper,5536.844986101295,,,
Current Measures,Canada,2038,Grid,Copper,19378.95745135453,,,
Current Measures,Canada,2039,Grid,Copper,4539.671059774308,,,
Current Measures,Canada,2039,Grid,Copper,462668.1011502291,,,
Current Measures,Canada,2039,Grid,Copper,5621.0480097581685,,,
Current Measures,Canada,2039,Grid,Copper,19673.668034153587,,,
Current Measures,Canada,2040,Grid,Copper,4596.956711035009,,,
Current Measures,Canada,2040,Grid,Copper,468506.4632568573,,,
Current Measures,Canada,2040,Grid,Copper,5691.979447689858,,,
Current Measures,Canada,2040,Grid,Copper,19921.9280669145,,,
Current Measures,Canada,2025,Uranium SMR,Copper,0.0,,,
Current Measures,Canada,2025,Uranium SMR,Nickel,0.0,,,
Current Measures,Canada,2026,Uranium SMR,Copper,0.0,,,
Current Measures,Canada,2026,Uranium SMR,Nickel,0.0,,,
Current Measures,Canada,2027,Uranium SMR,Copper,0.0,,,
Current Measures,Canada,2027,Uranium SMR,Nickel,0.0,,,
Current Measures,Canada,2028,Uranium SMR,Copper,0.0,,,
Current Measures,Canada,2028,Uranium SMR,Nickel,0.0,,,
Current Measures,Canada,2029,Uranium SMR,Copper,0.0,,,
Current Measures,Canada,2029,Uranium SMR,Nickel,0.0,,,
Current Measures,Canada,2030,Uranium SMR,Copper,1.488,,,
Current Measures,Canada,2030,Uranium SMR,Nickel,2.0220000000000002,,,
Current Measures,Canada,2031,Uranium SMR,Copper,1.488,,,
Current Measures,Canada,2031,Uranium SMR,Nickel,2.0220000000000002,,,
Current Measures,Canada,2032,Uranium SMR,Copper,1.488,,,
Current Measures,Canada,2032,Uranium SMR,Nickel,2.0220000000000002,,,
Current Measures,Canada,2033,Uranium SMR,Copper,1.488,,,
Current Measures,Canada,2033,Uranium SMR,Nickel,2.0220000000000002,,,
Current Measures,Canada,2034,Uranium SMR,Copper,1.488,,,
Current Measures,Canada,2034,Uranium SMR,Nickel,2.0220000000000002,,,
Current Measures,Canada,2035,Uranium SMR,Copper,1.488,,,
Current Measures,Canada,2035,Uranium SMR,Nickel,2.0220000000000002,,,
Current Measures,Canada,2036,Uranium SMR,Copper,1.488,,,
Current Measures,Canada,2036,Uranium SMR,Nickel,2.0220000000000002,,,
Current Measures,Canada,2037,Uranium SMR,Copper,1.488,,,
Current Measures,Canada,2037,Uranium SMR,Nickel,2.0220000000000002,,,
Current Measures,Canada,2038,Uranium SMR,Copper,1.488,,,
Current Measures,Canada,2038,Uranium SMR,Nickel,2.0220000000000002,,,
Current Measures,Canada,2039,Uranium SMR,Copper,1.488,,,
Current Measures,Canada,2039,Uranium SMR,Nickel,2.0220000000000002,,,
Current Measures,Canada,2040,Uranium SMR,Copper,1.488,,,
Current Measures,Canada,2040,Uranium SMR,Nickel,2.0220000000000002,,,
Global Net-zero,Canada,2025,Bioenergy,Cobalt,5.166399999999999,,,
Global Net-zero,Canada,2025,Bioenergy,Copper,5741.161999999999,,,
Global Net-zero,Canada,2025,Bioenergy,Nickel,51.663999999999994,,,
Global Net-zero,Canada,2026,Bioenergy,Cobalt,5.166399999999999,,,
Global Net-zero,Canada,2026,Bioenergy,Copper,5741.161999999999,,,
Global Net-zero,Canada,2026,Bioenergy,Nickel,51.663999999999994,,,
Global Net-zero,Canada,2027,Bioenergy,Cobalt,5.166399999999999,,,
Global Net-zero,Canada,2027,Bioenergy,Copper,5741.161999999999,,,
Global Net-zero,Canada,2027,Bioenergy,Nickel,51.663999999999994,,,
Global Net-zero,Canada,2028,Bioenergy,Cobalt,5.166399999999999,,,
Global Net-zero,Canada,2028,Bioenergy,Copper,5741.161999999999,,,
Global Net-zero,Canada,2028,Bioenergy,Nickel,51.663999999999994,,,
Global Net-zero,Canada,2029,Bioenergy,Cobalt,5.166399999999999,,,
Global Net-zero,Canada,2029,Bioenergy,Copper,5741.161999999999,,,
Global Net-zero,Canada,2029,Bioenergy,Nickel,51.663999999999994,,,
Global Net-zero,Canada,2030,Bioenergy,Cobalt,5.166399999999999,,,
Global Net-zero,Canada,2030,Bioenergy,Copper,5741.161999999999,,,
Global Net-zero,Canada,2030,Bioenergy,Nickel,51.663999999999994,,,
Global Net-zero,Canada,2031,Bioenergy,Cobalt,5.166399999999999,,,
Global Net-zero,Canada,2031,Bioenergy,Copper,5741.161999999999,,,
Global Net-zero,Canada,2031,Bioenergy,Nickel,51.663999999999994,,,
Global Net-zero,Canada,2032,Bioenergy,Cobalt,5.166399999999999,,,
Global Net-zero,Canada,2032,Bioenergy,Copper,5741.161999999999,,,
Global Net-zero,Canada,2032,Bioenergy,Nickel,51.663999999999994,,,
Global Net-zero,Canada,2033,Bioenergy,Cobalt,5.166399999999999,,,
Global Net-zero,Canada,2033,Bioenergy,Copper,5741.161999999999,,,
Global Net-zero,Canada,2033,Bioenergy,Nickel,51.663999999999994,,,
Global Net-zero,Canada,2034,Bioenergy,Cobalt,5.166399999999999,,,
Global Net-zero,Canada,2034,Bioenergy,Copper,5741.161999999999,,,
Global Net-zero,Canada,2034,Bioenergy,Nickel,51.663999999999994,,,
Global Net-zero,Canada,2035,Bioenergy,Cobalt,5.166399999999999,,,
Global Net-zero,Canada,2035,Bioenergy,Copper,5741.161999999999,,,
Global Net-zero,Canada,2035,Bioenergy,Nickel,51.663999999999994,,,
Global Net-zero,Canada,2036,Bioenergy,Cobalt,5.166399999999999,,,
Global Net-zero,Canada,2036,Bioenergy,Copper,5741.161999999999,,,
Global Net-zero,Canada,2036,Bioenergy,Nickel,51.663999999999994,,,
Global Net-zero,Canada,2037,Bioenergy,Cobalt,5.166399999999999,,,
Global Net-zero,Canada,2037,Bioenergy,Copper,5741.161999999999,,,
Global Net-zero,Canada,2037,Bioenergy,Nickel,51.663999999999994,,,
Global Net-zero,Canada,2038,Bioenergy,Cobalt,5.166399999999999,,,
Global Net-zero,Canada,2038,Bioenergy,Copper,5741.161999999999,,,
Global Net-zero,Canada,2038,Bioenergy,Nickel,51.663999999999994,,,
Global Net-zero,Canada,2039,Bioenergy,Cobalt,5.166399999999999,,,
Global Net-zero,Canada,2039,Bioenergy,Copper,5741.161999999999,,,
Global Net-zero,Canada,2039,Bioenergy,Nickel,51.663999999999994,,,
Global Net-zero,Canada,2040,Bioenergy,Cobalt,5.166399999999999,,,
Global Net-zero,Canada,2040,Bioenergy,Copper,5741.161999999999,,,
Global Net-zero,Canada,2040,Bioenergy,Nickel,51.663999999999994,,,
Global Net-zero,Canada,2025,Bioenergy with CCUS,Cobalt,0.0,,,
Global Net-zero,Canada,2025,Bioenergy with CCUS,Copper,0.0,,,
Global Net-zero,Canada,2025,Bioenergy with CCUS,Nickel,0.0,,,
Global Net-zero,Canada,2026,Bioenergy with CCUS,Cobalt,0.0,,,
Global Net-zero,Canada,2026,Bioenergy with CCUS,Copper,0.0,,,
Global Net-zero,Canada,2026,Bioenergy with CCUS,Nickel,0.0,,,
Global Net-zero,Canada,2027,Bioenergy with CCUS,Cobalt,0.0,,,
Global Net-zero,Canada,2027,Bioenergy with CCUS,Copper,0.0,,,
Global Net-zero,Canada,2027,Bioenergy with CCUS,Nickel,0.0,,,
Global Net-zero,Canada,2028,Bioenergy with CCUS,Cobalt,0.0,,,
Global Net-zero,Canada,2028,Bioenergy with CCUS,Copper,0.0,,,
Global Net-zero,Canada,2028,Bioenergy with CCUS,Nickel,0.0,,,
Global Net-zero,Canada,2029,Bioenergy with CCUS,Cobalt,0.0,,,
Global Net-zero,Canada,2029,Bioenergy with CCUS,Copper,0.0,,,
Global Net-zero,Canada,2029,Bioenergy with CCUS,Nickel,0.0,,,
Global Net-zero,Canada,2030,Bioenergy with CCUS,Cobalt,0.0,,,
Global Net-zero,Canada,2030,Bioenergy with CCUS,Copper,0.0,,,
Global Net-zero,Canada,2030,Bioenergy with CCUS,Nickel,0.0,,,
Global Net-zero,Canada,2031,Bioenergy with CCUS,Cobalt,2.904,,,
Global Net-zero,Canada,2031,Bioenergy with CCUS,Copper,846.3708,,,
Global Net-zero,Canada,2031,Bioenergy with CCUS,Nickel,338.316,,,
Global Net-zero,Canada,2032,Bioenergy with CCUS,Cobalt,5.796,,,
Global Net-zero,Canada,2032,Bioenergy with CCUS,Copper,1689.2442,,,
Global Net-zero,Canada,2032,Bioenergy with CCUS,Nickel,675.234,,,
Global Net-zero,Canada,2033,Bioenergy with CCUS,Cobalt,8.7,,,
Global Net-zero,Canada,2033,Bioenergy with CCUS,Copper,2535.615,,,
Global Net-zero,Canada,2033,Bioenergy with CCUS,Nickel,1013.55,,,
Global Net-zero,Canada,2034,Bioenergy with CCUS,Cobalt,11.594,,,
Global Net-zero,Canada,2034,Bioenergy with CCUS,Copper,3379.0713,,,
Global Net-zero,Canada,2034,Bioenergy with CCUS,Nickel,1350.701,,,
Global Net-zero,Canada,2035,Bioenergy with CCUS,Cobalt,14.505999999999998,,,
Global Net-zero,Canada,2035,Bioenergy with CCUS,Copper,4227.7737,,,
Global Net-zero,Canada,2035,Bioenergy with CCUS,Nickel,1689.9489999999998,,,
Global Net-zero,Canada,2036,Bioenergy with CCUS,Cobalt,17.61,,,
Global Net-zero,Canada,2036,Bioenergy with CCUS,Copper,5132.434499999999,,,
Global Net-zero,Canada,2036,Bioenergy with CCUS,Nickel,2051.565,,,
Global Net-zero,Canada,2037,Bioenergy with CCUS,Cobalt,20.76,,,
Global Net-zero,Canada,2037,Bioenergy with CCUS,Copper,6050.502,,,
Global Net-zero,Canada,2037,Bioenergy with CCUS,Nickel,2418.54,,,
Global Net-zero,Canada,2038,Bioenergy with CCUS,Cobalt,23.82,,,
Global Net-zero,Canada,2038,Bioenergy with CCUS,Copper,6942.339,,,
Global Net-zero,Canada,2038,Bioenergy with CCUS,Nickel,2775.03,,,
Global Net-zero,Canada,2039,Bioenergy with CCUS,Cobalt,27.0,,,
Global Net-zero,Canada,2039,Bioenergy with CCUS,Copper,7869.150000000001,,,
Global Net-zero,Canada,2039,Bioenergy with CCUS,Nickel,3145.5,,,
Global Net-zero,Canada,2040,Bioenergy with CCUS,Cobalt,30.04,,,
Global Net-zero,Canada,2040,Bioenergy with CCUS,Copper,8755.158,,,
Global Net-zero,Canada,2040,Bioenergy with CCUS,Nickel,3499.66,,,
Global Net-zero,Canada,2025,Coal with CCUS,Cobalt,24.0879,,,
Global Net-zero,Canada,2025,Coal with CCUS,Copper,215.6825,,,
Global Net-zero,Canada,2025,Coal with CCUS,Nickel,214.5946,,,
Global Net-zero,Canada,2026,Coal with CCUS,Cobalt,24.0879,,,
Global Net-zero,Canada,2026,Coal with CCUS,Copper,215.6825,,,
Global Net-zero,Canada,2026,Coal with CCUS,Nickel,214.5946,,,
Global Net-zero,Canada,2027,Coal with CCUS,Cobalt,24.0879,,,
Global Net-zero,Canada,2027,Coal with CCUS,Copper,215.6825,,,
Global Net-zero,Canada,2027,Coal with CCUS,Nickel,214.5946,,,
Global Net-zero,Canada,2028,Coal with CCUS,Cobalt,24.0879,,,
Global Net-zero,Canada,2028,Coal with CCUS,Copper,215.6825,,,
Global Net-zero,Canada,2028,Coal with CCUS,Nickel,214.5946,,,
Global Net-zero,Canada,2029,Coal with CCUS,Cobalt,24.0879,,,
Global Net-zero,Canada,2029,Coal with CCUS,Copper,215.6825,,,
Global Net-zero,Canada,2029,Coal with CCUS,Nickel,214.5946,,,
Global Net-zero,Canada,2030,Coal with CCUS,Cobalt,24.0879,,,
Global Net-zero,Canada,2030,Coal with CCUS,Copper,215.6825,,,
Global Net-zero,Canada,2030,Coal with CCUS,Nickel,214.5946,,,
Global Net-zero,Canada,2031,Coal with CCUS,Cobalt,24.0879,,,
Global Net-zero,Canada,2031,Coal with CCUS,Copper,215.6825,,,
Global Net-zero,Canada,2031,Coal with CCUS,Nickel,214.5946,,,
Global Net-zero,Canada,2032,Coal with CCUS,Cobalt,24.0879,,,
Global Net-zero,Canada,2032,Coal with CCUS,Copper,215.6825,,,
Global Net-zero,Canada,2032,Coal with CCUS,Nickel,214.5946,,,
Global Net-zero,Canada,2033,Coal with CCUS,Cobalt,24.0879,,,
Global Net-zero,Canada,2033,Coal with CCUS,Copper,215.6825,,,
Global Net-zero,Canada,2033,Coal with CCUS,Nickel,214.5946,,,
Global Net-zero,Canada,2034,Coal with CCUS,Cobalt,24.0879,,,
Global Net-zero,Canada,2034,Coal with CCUS,Copper,215.6825,,,
Global Net-zero,Canada,2034,Coal with CCUS,Nickel,214.5946,,,
Global Net-zero,Canada,2035,Coal with CCUS,Cobalt,0.0,,,
Global Net-zero,Canada,2035,Coal with CCUS,Copper,0.0,,,
Global Net-zero,Canada,2035,Coal with CCUS,Nickel,0.0,,,
Global Net-zero,Canada,2036,Coal with CCUS,Cobalt,0.0,,,
Global Net-zero,Canada,2036,Coal with CCUS,Copper,0.0,,,
Global Net-zero,Canada,2036,Coal with CCUS,Nickel,0.0,,,
Global Net-zero,Canada,2037,Coal with CCUS,Cobalt,0.0,,,
Global Net-zero,Canada,2037,Coal with CCUS,Copper,0.0,,,
Global Net-zero,Canada,2037,Coal with CCUS,Nickel,0.0,,,
Global Net-zero,Canada,2038,Coal with CCUS,Cobalt,0.0,,,
Global Net-zero,Canada,2038,Coal with CCUS,Copper,0.0,,,
Global Net-zero,Canada,2038,Coal with CCUS,Nickel,0.0,,,
Global Net-zero,Canada,2039,Coal with CCUS,Cobalt,0.0,,,
Global Net-zero,Canada,2039,Coal with CCUS,Copper,0.0,,,
Global Net-zero,Canada,2039,Coal with CCUS,Nickel,0.0,,,
Global Net-zero,Canada,2040,Coal with CCUS,Cobalt,0.0,,,
Global Net-zero,Canada,2040,Coal with CCUS,Copper,0.0,,,
Global Net-zero,Canada,2040,Coal with CCUS,Nickel,0.0,,,
Global Net-zero,Canada,2025,Hydro,Copper,314176.25,,,
Global Net-zero,Canada,2026,Hydro,Copper,316581.25,,,
Global Net-zero,Canada,2027,Hydro,Copper,318653.25,,,
Global Net-zero,Canada,2028,Hydro,Copper,321058.25,,,
Global Net-zero,Canada,2029,Hydro,Copper,323479.9,,,
Global Net-zero,Canada,2030,Hydro,Copper,325884.89999999997,,,
Global Net-zero,Canada,2031,Hydro,Copper,328733.89999999997,,,
Global Net-zero,Canada,2032,Hydro,Copper,331675.39999999997,,,
Global Net-zero,Canada,2033,Hydro,Copper,334524.4,,,
Global Net-zero,Canada,2034,Hydro,Copper,337854.39999999997,,,
Global Net-zero,Canada,2035,Hydro,Copper,340703.39999999997,,,
Global Net-zero,Canada,2036,Hydro,Copper,340703.39999999997,,,
Global Net-zero,Canada,2037,Hydro,Copper,340703.39999999997,,,
Global Net-zero,Canada,2038,Hydro,Copper,340703.39999999997,,,
Global Net-zero,Canada,2039,Hydro,Copper,340703.39999999997,,,
Global Net-zero,Canada,2040,Hydro,Copper,340703.39999999997,,,
Global Net-zero,Canada,2025,Natural Gas,Cobalt,56.77308,,,
Global Net-zero,Canada,2025,Natural Gas,Copper,30426.16546666666,,,
Global Net-zero,Canada,2025,Natural Gas,Nickel,1021.1269249999999,,,
Global Net-zero,Canada,2026,Natural Gas,Cobalt,59.618880000000004,,,
Global Net-zero,Canada,2026,Natural Gas,Copper,31951.303466666664,,,
Global Net-zero,Canada,2026,Natural Gas,Nickel,1072.3118,,,
Global Net-zero,Canada,2027,Natural Gas,Cobalt,62.71488,,,
Global Net-zero,Canada,2027,Natural Gas,Copper,33610.530133333334,,,
Global Net-zero,Canada,2027,Natural Gas,Nickel,1127.9968,,,
Global Net-zero,Canada,2028,Natural Gas,Cobalt,65.14488,,,
Global Net-zero,Canada,2028,Natural Gas,Copper,34912.83013333334,,,
Global Net-zero,Canada,2028,Natural Gas,Nickel,1171.70305,,,
Global Net-zero,Canada,2029,Natural Gas,Cobalt,67.71888,,,
Global Net-zero,Canada,2029,Natural Gas,Copper,36292.303466666664,,,
Global Net-zero,Canada,2029,Natural Gas,Nickel,1217.9993,,,
Global Net-zero,Canada,2030,Natural Gas,Cobalt,68.69088,,,
Global Net-zero,Canada,2030,Natural Gas,Copper,36813.22346666666,,,
Global Net-zero,Canada,2030,Natural Gas,Nickel,1235.4818,,,
Global Net-zero,Canada,2031,Natural Gas,Cobalt,70.85087999999999,,,
Global Net-zero,Canada,2031,Natural Gas,Copper,37970.82346666666,,,
Global Net-zero,Canada,2031,Natural Gas,Nickel,1274.3318,,,
Global Net-zero,Canada,2032,Natural Gas,Cobalt,72.92088000000001,,,
Global Net-zero,Canada,2032,Natural Gas,Copper,39080.19013333333,,,
Global Net-zero,Canada,2032,Natural Gas,Nickel,1311.56305,,,
Global Net-zero,Canada,2033,Natural Gas,Cobalt,74.05128,,,
Global Net-zero,Canada,2033,Natural Gas,Copper,39686.0008,,,
Global Net-zero,Canada,2033,Natural Gas,Nickel,1331.89455,,,
Global Net-zero,Canada,2034,Natural Gas,Cobalt,74.77128,,,
Global Net-zero,Canada,2034,Natural Gas,Copper,40071.86746666666,,,
Global Net-zero,Canada,2034,Natural Gas,Nickel,1344.84455,,,
Global Net-zero,Canada,2035,Natural Gas,Cobalt,57.00924,,,
Global Net-zero,Canada,2035,Natural Gas,Copper,30552.72973333333,,,
Global Net-zero,Canada,2035,Natural Gas,Nickel,1025.374525,,,
Global Net-zero,Canada,2036,Natural Gas,Cobalt,55.84104,,,
Global Net-zero,Canada,2036,Natural Gas,Copper,29926.661066666664,,,
Global Net-zero,Canada,2036,Natural Gas,Nickel,1004.36315,,,
Global Net-zero,Canada,2037,Natural Gas,Cobalt,54.383039999999994,,,
Global Net-zero,Canada,2037,Natural Gas,Copper,29145.281066666663,,,
Global Net-zero,Canada,2037,Natural Gas,Nickel,978.1393999999999,,,
Global Net-zero,Canada,2038,Natural Gas,Cobalt,51.44364,,,
Global Net-zero,Canada,2038,Natural Gas,Copper,27569.980399999997,,,
Global Net-zero,Canada,2038,Natural Gas,Nickel,925.271025,,,
Global Net-zero,Canada,2039,Natural Gas,Cobalt,49.94964,,,
Global Net-zero,Canada,2039,Natural Gas,Copper,26769.307066666664,,,
Global Net-zero,Canada,2039,Natural Gas,Nickel,898.399775,,,
Global Net-zero,Canada,2040,Natural Gas,Cobalt,46.781639999999996,,,
Global Net-zero,Canada,2040,Natural Gas,Copper,25071.493733333333,,,
Global Net-zero,Canada,2040,Natural Gas,Nickel,841.419775,,,
Global Net-zero,Canada,2025,Natural Gas with CCUS,Cobalt,0.0,,,
Global Net-zero,Canada,2025,Natural Gas with CCUS,Copper,0.0,,,
Global Net-zero,Canada,2025,Natural Gas with CCUS,Nickel,0.0,,,
Global Net-zero,Canada,2026,Natural Gas with CCUS,Cobalt,1.0878,,,
Global Net-zero,Canada,2026,Natural Gas with CCUS,Copper,183.88999999999993,,,
Global Net-zero,Canada,2026,Natural Gas with CCUS,Nickel,130.688625,,,
Global Net-zero,Canada,2027,Natural Gas with CCUS,Cobalt,2.1658000000000004,,,
Global Net-zero,Canada,2027,Natural Gas with CCUS,Copper,366.1233333333332,,,
Global Net-zero,Canada,2027,Natural Gas with CCUS,Nickel,260.199875,,,
Global Net-zero,Canada,2028,Natural Gas with CCUS,Cobalt,3.2536000000000005,,,
Global Net-zero,Canada,2028,Natural Gas with CCUS,Copper,550.0133333333332,,,
Global Net-zero,Canada,2028,Natural Gas with CCUS,Nickel,390.8885,,,
Global Net-zero,Canada,2029,Natural Gas with CCUS,Cobalt,4.331600000000001,,,
Global Net-zero,Canada,2029,Natural Gas with CCUS,Copper,732.2466666666664,,,
Global Net-zero,Canada,2029,Natural Gas with CCUS,Nickel,520.39975,,,
Global Net-zero,Canada,2030,Natural Gas with CCUS,Cobalt,15.2194,,,
Global Net-zero,Canada,2030,Natural Gas with CCUS,Copper,2572.8033333333324,,,
Global Net-zero,Canada,2030,Natural Gas with CCUS,Nickel,1828.4633749999998,,,
Global Net-zero,Canada,2031,Natural Gas with CCUS,Cobalt,21.099400000000003,,,
Global Net-zero,Canada,2031,Natural Gas with CCUS,Copper,3566.803333333332,,,
Global Net-zero,Canada,2031,Natural Gas with CCUS,Nickel,2534.888375,,,
Global Net-zero,Canada,2032,Natural Gas with CCUS,Cobalt,26.8814,,,
Global Net-zero,Canada,2032,Natural Gas with CCUS,Copper,4544.236666666665,,,
Global Net-zero,Canada,2032,Natural Gas with CCUS,Nickel,3229.539625,,,
Global Net-zero,Canada,2033,Natural Gas with CCUS,Cobalt,32.6634,,,
Global Net-zero,Canada,2033,Natural Gas with CCUS,Copper,5521.669999999998,,,
Global Net-zero,Canada,2033,Natural Gas with CCUS,Nickel,3924.1908750000002,,,
Global Net-zero,Canada,2034,Natural Gas with CCUS,Cobalt,38.416000000000004,,,
Global Net-zero,Canada,2034,Natural Gas with CCUS,Copper,6494.1333333333305,,,
Global Net-zero,Canada,2034,Natural Gas with CCUS,Nickel,4615.3099999999995,,,
Global Net-zero,Canada,2035,Natural Gas with CCUS,Cobalt,65.85600000000001,,,
Global Net-zero,Canada,2035,Natural Gas with CCUS,Copper,11132.799999999996,,,
Global Net-zero,Canada,2035,Natural Gas with CCUS,Nickel,7911.96,,,
Global Net-zero,Canada,2036,Natural Gas with CCUS,Cobalt,81.70358,,,
Global Net-zero,Canada,2036,Natural Gas with CCUS,Copper,13811.795666666661,,,
Global Net-zero,Canada,2036,Natural Gas with CCUS,Nickel,9815.8931125,,,
Global Net-zero,Canada,2037,Natural Gas with CCUS,Cobalt,97.55018000000001,,,
Global Net-zero,Canada,2037,Natural Gas with CCUS,Copper,16490.62566666666,,,
Global Net-zero,Canada,2037,Natural Gas with CCUS,Nickel,11719.7084875,,,
Global Net-zero,Canada,2038,Natural Gas with CCUS,Cobalt,113.39776000000002,,,
Global Net-zero,Canada,2038,Natural Gas with CCUS,Copper,19169.62133333333,,,
Global Net-zero,Canada,2038,Natural Gas with CCUS,Nickel,13623.6416,,,
Global Net-zero,Canada,2039,Natural Gas with CCUS,Cobalt,129.34040000000002,,,
Global Net-zero,Canada,2039,Natural Gas with CCUS,Copper,21864.68666666666,,,
Global Net-zero,Canada,2039,Natural Gas with CCUS,Nickel,15538.99525,,,
Global Net-zero,Canada,2040,Natural Gas with CCUS,Cobalt,145.187,,,
Global Net-zero,Canada,2040,Natural Gas with CCUS,Copper,24543.516666666656,,,
Global Net-zero,Canada,2040,Natural Gas with CCUS,Nickel,17442.810625,,,
Global Net-zero,Canada,2025,Offshore Wind,Copper,0.0,,,
Global Net-zero,Canada,2025,Offshore Wind,Nickel,0.0,,,
Global Net-zero,Canada,2026,Offshore Wind,Copper,1072.5600000000002,,,
Global Net-zero,Canada,2026,Offshore Wind,Nickel,133.4,,,
Global Net-zero,Canada,2027,Offshore Wind,Copper,2145.1200000000003,,,
Global Net-zero,Canada,2027,Offshore Wind,Nickel,266.8,,,
Global Net-zero,Canada,2028,Offshore Wind,Copper,3217.68,,,
Global Net-zero,Canada,2028,Offshore Wind,Nickel,400.2,,,
Global Net-zero,Canada,2029,Offshore Wind,Copper,4290.240000000001,,,
Global Net-zero,Canada,2029,Offshore Wind,Nickel,533.6,,,
Global Net-zero,Canada,2030,Offshore Wind,Copper,5362.8,,,
Global Net-zero,Canada,2030,Offshore Wind,Nickel,667.0,,,
Global Net-zero,Canada,2031,Offshore Wind,Copper,6971.64,,,
Global Net-zero,Canada,2031,Offshore Wind,Nickel,867.1,,,
Global Net-zero,Canada,2032,Offshore Wind,Copper,8580.480000000001,,,
Global Net-zero,Canada,2032,Offshore Wind,Nickel,1067.2,,,
Global Net-zero,Canada,2033,Offshore Wind,Copper,10189.32,,,
Global Net-zero,Canada,2033,Offshore Wind,Nickel,1267.3,,,
Global Net-zero,Canada,2034,Offshore Wind,Copper,11798.160000000002,,,
Global Net-zero,Canada,2034,Offshore Wind,Nickel,1467.4,,,
Global Net-zero,Canada,2035,Offshore Wind,Copper,13407.0,,,
Global Net-zero,Canada,2035,Offshore Wind,Nickel,1667.5,,,
Global Net-zero,Canada,2036,Offshore Wind,Copper,13407.0,,,
Global Net-zero,Canada,2036,Offshore Wind,Nickel,1667.5,,,
Global Net-zero,Canada,2037,Offshore Wind,Copper,13407.0,,,
Global Net-zero,Canada,2037,Offshore Wind,Nickel,1667.5,,,
Global Net-zero,Canada,2038,Offshore Wind,Copper,13407.0,,,
Global Net-zero,Canada,2038,Offshore Wind,Nickel,1667.5,,,
Global Net-zero,Canada,2039,Offshore Wind,Copper,13407.0,,,
Global Net-zero,Canada,2039,Offshore Wind,Nickel,1667.5,,,
Global Net-zero,Canada,2040,Offshore Wind,Copper,13407.0,,,
Global Net-zero,Canada,2040,Offshore Wind,Nickel,1667.5,,,
Global Net-zero,Canada,2025,Oil,Cobalt,6.61473,,,
Global Net-zero,Canada,2025,Oil,Copper,3545.0053,,,
Global Net-zero,Canada,2025,Oil,Nickel,118.97326874999999,,,
Global Net-zero,Canada,2026,Oil,Cobalt,6.39153,,,
Global Net-zero,Canada,2026,Oil,Copper,3425.386633333333,,,
Global Net-zero,Canada,2026,Oil,Nickel,114.95876875,,,
Global Net-zero,Canada,2027,Oil,Cobalt,6.3339300000000005,,,
Global Net-zero,Canada,2027,Oil,Copper,3394.5173,,,
Global Net-zero,Canada,2027,Oil,Nickel,113.92276875,,,
Global Net-zero,Canada,2028,Oil,Cobalt,6.3339300000000005,,,
Global Net-zero,Canada,2028,Oil,Copper,3394.5173,,,
Global Net-zero,Canada,2028,Oil,Nickel,113.92276875,,,
Global Net-zero,Canada,2029,Oil,Cobalt,6.3339300000000005,,,
Global Net-zero,Canada,2029,Oil,Copper,3394.5173,,,
Global Net-zero,Canada,2029,Oil,Nickel,113.92276875,,,
Global Net-zero,Canada,2030,Oil,Cobalt,6.287490000000001,,,
Global Net-zero,Canada,2030,Oil,Copper,3369.6289,,,
Global Net-zero,Canada,2030,Oil,Nickel,113.08749375000001,,,
Global Net-zero,Canada,2031,Oil,Cobalt,5.41089,,,
Global Net-zero,Canada,2031,Oil,Copper,2899.8362333333334,,,
Global Net-zero,Canada,2031,Oil,Nickel,97.32086875,,,
Global Net-zero,Canada,2032,Oil,Cobalt,5.382090000000001,,,
Global Net-zero,Canada,2032,Oil,Copper,2884.4015666666664,,,
Global Net-zero,Canada,2032,Oil,Nickel,96.80286875,,,
Global Net-zero,Canada,2033,Oil,Cobalt,5.382090000000001,,,
Global Net-zero,Canada,2033,Oil,Copper,2884.4015666666664,,,
Global Net-zero,Canada,2033,Oil,Nickel,96.80286875,,,
Global Net-zero,Canada,2034,Oil,Cobalt,5.382090000000001,,,
Global Net-zero,Canada,2034,Oil,Copper,2884.4015666666664,,,
Global Net-zero,Canada,2034,Oil,Nickel,96.80286875,,,
Global Net-zero,Canada,2035,Oil,Cobalt,5.382090000000001,,,
Global Net-zero,Canada,2035,Oil,Copper,2884.4015666666664,,,
Global Net-zero,Canada,2035,Oil,Nickel,96.80286875,,,
Global Net-zero,Canada,2036,Oil,Cobalt,3.35709,,,
Global Net-zero,Canada,2036,Oil,Copper,1799.1515666666664,,,
Global Net-zero,Canada,2036,Oil,Nickel,60.380993749999995,,,
Global Net-zero,Canada,2037,Oil,Cobalt,3.35709,,,
Global Net-zero,Canada,2037,Oil,Copper,1799.1515666666664,,,
Global Net-zero,Canada,2037,Oil,Nickel,60.380993749999995,,,
Global Net-zero,Canada,2038,Oil,Cobalt,3.35709,,,
Global Net-zero,Canada,2038,Oil,Copper,1799.1515666666664,,,
Global Net-zero,Canada,2038,Oil,Nickel,60.380993749999995,,,
Global Net-zero,Canada,2039,Oil,Cobalt,3.35709,,,
Global Net-zero,Canada,2039,Oil,Copper,1799.1515666666664,,,
Global Net-zero,Canada,2039,Oil,Nickel,60.380993749999995,,,
Global Net-zero,Canada,2040,Oil,Cobalt,3.35709,,,
Global Net-zero,Canada,2040,Oil,Copper,1799.1515666666664,,,
Global Net-zero,Canada,2040,Oil,Nickel,60.380993749999995,,,
Global Net-zero,Canada,2025,Onshore Wind,Copper,56168.92623300001,,,
Global Net-zero,Canada,2025,Onshore Wind,Nickel,7574.4963525,,,
Global Net-zero,Canada,2026,Onshore Wind,Copper,59217.43323300002,,,
Global Net-zero,Canada,2026,Onshore Wind,Nickel,7985.593852500001,,,
Global Net-zero,Canada,2027,Onshore Wind,Copper,62269.01953300002,,,
Global Net-zero,Canada,2027,Onshore Wind,Nickel,8397.1066025,,,
Global Net-zero,Canada,2028,Onshore Wind,Copper,65351.39883300002,,,
Global Net-zero,Canada,2028,Onshore Wind,Nickel,8812.771852500002,,,
Global Net-zero,Canada,2029,Onshore Wind,Copper,68396.82653300001,,,
Global Net-zero,Canada,2029,Onshore Wind,Nickel,9223.4541025,,,
Global Net-zero,Canada,2030,Onshore Wind,Copper,71477.45063200002,,,
Global Net-zero,Canada,2030,Onshore Wind,Nickel,9638.882660000001,,,
Global Net-zero,Canada,2031,Onshore Wind,Copper,85285.03183200002,,,
Global Net-zero,Canada,2031,Onshore Wind,Nickel,11500.86366,,,
Global Net-zero,Canada,2032,Onshore Wind,Copper,99040.26493200002,,,
Global Net-zero,Canada,2032,Onshore Wind,Nickel,13355.78541,,,
Global Net-zero,Canada,2033,Onshore Wind,Copper,112958.70093200002,,,
Global Net-zero,Canada,2033,Onshore Wind,Nickel,15232.715409999999,,,
Global Net-zero,Canada,2034,Onshore Wind,Copper,126784.75793200002,,,
Global Net-zero,Canada,2034,Onshore Wind,Nickel,17097.18791,,,
Global Net-zero,Canada,2035,Onshore Wind,Copper,140744.64131000004,,,
Global Net-zero,Canada,2035,Onshore Wind,Nickel,18979.707175,,,
Global Net-zero,Canada,2036,Onshore Wind,Copper,146256.58831000002,,,
Global Net-zero,Canada,2036,Onshore Wind,Nickel,19723.004675,,,
Global Net-zero,Canada,2037,Onshore Wind,Copper,151399.01931000003,,,
Global Net-zero,Canada,2037,Onshore Wind,Nickel,20416.472175,,,
Global Net-zero,Canada,2038,Onshore Wind,Copper,157249.68931000002,,,
Global Net-zero,Canada,2038,Onshore Wind,Nickel,21205.447174999998,,,
Global Net-zero,Canada,2039,Onshore Wind,Copper,162422.91331000003,,,
Global Net-zero,Canada,2039,Onshore Wind,Nickel,21903.067175,,,
Global Net-zero,Canada,2040,Onshore Wind,Copper,168040.48030000002,,,
Global Net-zero,Canada,2040,Onshore Wind,Nickel,22660.60775,,,
Global Net-zero,Canada,2025,Solar (Distributed),Copper,12341.414798389942,,,
Global Net-zero,Canada,2025,Solar (Distributed),Nickel,2.9570899241379998,,,
Global Net-zero,Canada,2026,Solar (Distributed),Copper,13373.686804810857,,,
Global Net-zero,Canada,2026,Solar (Distributed),Nickel,3.204429568662,,,
Global Net-zero,Canada,2027,Solar (Distributed),Copper,14405.958814574746,,,
Global Net-zero,Canada,2027,Solar (Distributed),Nickel,3.451769213987,,,
Global Net-zero,Canada,2028,Solar (Distributed),Copper,15438.230824760114,,,
Global Net-zero,Canada,2028,Solar (Distributed),Nickel,3.69910885941299,,,
Global Net-zero,Canada,2029,Solar (Distributed),Copper,16470.502834933006,,,
Global Net-zero,Canada,2029,Solar (Distributed),Nickel,3.94644850483599,,,
Global Net-zero,Canada,2030,Solar (Distributed),Copper,17502.77484511846,,,
Global Net-zero,Canada,2030,Solar (Distributed),Nickel,4.193788150262001,,,
Global Net-zero,Canada,2031,Solar (Distributed),Copper,18611.80535317875,,,
Global Net-zero,Canada,2031,Solar (Distributed),Nickel,4.4595196725,,,
Global Net-zero,Canada,2032,Solar (Distributed),Copper,19720.83586542089,,,
Global Net-zero,Canada,2032,Solar (Distributed),Nickel,4.72525119574,,,
Global Net-zero,Canada,2033,Solar (Distributed),Copper,20829.866373481185,,,
Global Net-zero,Canada,2033,Solar (Distributed),Nickel,4.990982717978,,,
Global Net-zero,Canada,2034,Solar (Distributed),Copper,21938.896881541474,,,
Global Net-zero,Canada,2034,Solar (Distributed),Nickel,5.256714240216,,,
Global Net-zero,Canada,2035,Solar (Distributed),Copper,23047.927393783615,,,
Global Net-zero,Canada,2035,Solar (Distributed),Nickel,5.522445763456,,,
Global Net-zero,Canada,2036,Solar (Distributed),Copper,24156.95790100921,,,
Global Net-zero,Canada,2036,Solar (Distributed),Nickel,5.788177285494,,,
Global Net-zero,Canada,2037,Solar (Distributed),Copper,25265.988410321548,,,
Global Net-zero,Canada,2037,Solar (Distributed),Nickel,6.053908808031999,,,
Global Net-zero,Canada,2038,Solar (Distributed),Copper,26375.018919633894,,,
Global Net-zero,Canada,2038,Solar (Distributed),Nickel,6.3196403305699995,,,
Global Net-zero,Canada,2039,Solar (Distributed),Copper,27484.04942895459,,,
Global Net-zero,Canada,2039,Solar (Distributed),Nickel,6.585371853110001,,,
Global Net-zero,Canada,2040,Solar (Distributed),Copper,28593.07993826693,,,
Global Net-zero,Canada,2040,Solar (Distributed),Nickel,6.851103375648,,,
Global Net-zero,Canada,2025,Solar (Utility scale),Cobalt,1417.763242,,,
Global Net-zero,Canada,2025,Solar (Utility scale),Copper,13046.901,,,
Global Net-zero,Canada,2025,Solar (Utility scale),Nickel,4.348967,,,
Global Net-zero,Canada,2026,Solar (Utility scale),Cobalt,1476.769242,,,
Global Net-zero,Canada,2026,Solar (Utility scale),Copper,13589.901,,,
Global Net-zero,Canada,2026,Solar (Utility scale),Nickel,4.529967,,,
Global Net-zero,Canada,2027,Solar (Utility scale),Cobalt,1535.449242,,,
Global Net-zero,Canada,2027,Solar (Utility scale),Copper,14129.901,,,
Global Net-zero,Canada,2027,Solar (Utility scale),Nickel,4.709967,,,
Global Net-zero,Canada,2028,Solar (Utility scale),Cobalt,1594.1292419999997,,,
Global Net-zero,Canada,2028,Solar (Utility scale),Copper,14669.900999999998,,,
Global Net-zero,Canada,2028,Solar (Utility scale),Nickel,4.8899669999999995,,,
Global Net-zero,Canada,2029,Solar (Utility scale),Cobalt,1653.1352419999998,,,
Global Net-zero,Canada,2029,Solar (Utility scale),Copper,15212.900999999998,,,
Global Net-zero,Canada,2029,Solar (Utility scale),Nickel,5.070967,,,
Global Net-zero,Canada,2030,Solar (Utility scale),Cobalt,1728.5390419999999,,,
Global Net-zero,Canada,2030,Solar (Utility scale),Copper,15906.801,,,
Global Net-zero,Canada,2030,Solar (Utility scale),Nickel,5.302267,,,
Global Net-zero,Canada,2031,Solar (Utility scale),Cobalt,2649.1754300000002,,,
Global Net-zero,Canada,2031,Solar (Utility scale),Copper,24378.915,,,
Global Net-zero,Canada,2031,Solar (Utility scale),Nickel,8.126305,,,
Global Net-zero,Canada,2032,Solar (Utility scale),Cobalt,3568.82143,,,
Global Net-zero,Canada,2032,Solar (Utility scale),Copper,32841.915,,,
Global Net-zero,Canada,2032,Solar (Utility scale),Nickel,10.947305,,,
Global Net-zero,Canada,2033,Solar (Utility scale),Cobalt,4491.303629999999,,,
Global Net-zero,Canada,2033,Solar (Utility scale),Copper,41331.015,,,
Global Net-zero,Canada,2033,Solar (Utility scale),Nickel,13.777004999999999,,,
Global Net-zero,Canada,2034,Solar (Utility scale),Cobalt,5410.88443,,,
Global Net-zero,Canada,2034,Solar (Utility scale),Copper,49793.415,,,
Global Net-zero,Canada,2034,Solar (Utility scale),Nickel,16.597805,,,
Global Net-zero,Canada,2035,Solar (Utility scale),Cobalt,6364.60721,,,
Global Net-zero,Canada,2035,Solar (Utility scale),Copper,58570.005,,,
Global Net-zero,Canada,2035,Solar (Utility scale),Nickel,19.523335,,,
Global Net-zero,Canada,2036,Solar (Utility scale),Cobalt,6400.46721,,,
Global Net-zero,Canada,2036,Solar (Utility scale),Copper,58900.005,,,
Global Net-zero,Canada,2036,Solar (Utility scale),Nickel,19.633335,,,
Global Net-zero,Canada,2037,Solar (Utility scale),Cobalt,6436.3272099999995,,,
Global Net-zero,Canada,2037,Solar (Utility scale),Copper,59230.005,,,
Global Net-zero,Canada,2037,Solar (Utility scale),Nickel,19.743335,,,
Global Net-zero,Canada,2038,Solar (Utility scale),Cobalt,6472.187209999999,,,
Global Net-zero,Canada,2038,Solar (Utility scale),Copper,59560.00499999999,,,
Global Net-zero,Canada,2038,Solar (Utility scale),Nickel,19.853334999999998,,,
Global Net-zero,Canada,2039,Solar (Utility scale),Cobalt,6508.047210000001,,,
Global Net-zero,Canada,2039,Solar (Utility scale),Copper,59890.005000000005,,,
Global Net-zero,Canada,2039,Solar (Utility scale),Nickel,19.963335,,,
Global Net-zero,Canada,2040,Solar (Utility scale),Cobalt,6550.6488899999995,,,
Global Net-zero,Canada,2040,Solar (Utility scale),Copper,60282.045,,,
Global Net-zero,Canada,2040,Solar (Utility scale),Nickel,20.094015,,,
Global Net-zero,Canada,2025,Grid,Copper,3342.420804087181,,,
Global Net-zero,Canada,2025,Grid,Copper,340648.3567443584,,,
Global Net-zero,Canada,2025,Grid,Copper,4138.605542385399,,,
Global Net-zero,Canada,2025,Grid,Copper,14485.119398348892,,,
Global Net-zero,Canada,2026,Grid,Copper,3406.562263241313,,,
Global Net-zero,Canada,2026,Grid,Copper,347185.43987683597,,,
Global Net-zero,Canada,2026,Grid,Copper,4218.025882884527,,,
Global Net-zero,Canada,2026,Grid,Copper,14763.090590095844,,,
Global Net-zero,Canada,2027,Grid,Copper,3477.882043229984,,,
Global Net-zero,Canada,2027,Grid,Copper,354454.113476163,,,
Global Net-zero,Canada,2027,Grid,Copper,4306.33446341451,,,
Global Net-zero,Canada,2027,Grid,Copper,15072.170621950783,,,
Global Net-zero,Canada,2028,Grid,Copper,3558.445700741519,,,
Global Net-zero,Canada,2028,Grid,Copper,362664.8921761582,,,
Global Net-zero,Canada,2028,Grid,Copper,4406.088868689981,,,
Global Net-zero,Canada,2028,Grid,Copper,15421.311040414932,,,
Global Net-zero,Canada,2029,Grid,Copper,3628.732702380885,,,
Global Net-zero,Canada,2029,Grid,Copper,369828.30845805176,,,
Global Net-zero,Canada,2029,Grid,Copper,4493.118656856278,,,
Global Net-zero,Canada,2029,Grid,Copper,15725.915298996972,,,
Global Net-zero,Canada,2030,Grid,Copper,3759.6863314408265,,,
Global Net-zero,Canada,2030,Grid,Copper,383174.66463631345,,,
Global Net-zero,Canada,2030,Grid,Copper,4655.2662279700735,,,
Global Net-zero,Canada,2030,Grid,Copper,16293.431797895255,,,
Global Net-zero,Canada,2031,Grid,Copper,3962.259557711326,,,
Global Net-zero,Canada,2031,Grid,Copper,403820.2507830567,,,
Global Net-zero,Canada,2031,Grid,Copper,4906.093615101222,,,
Global Net-zero,Canada,2031,Grid,Copper,17171.327652854277,,,
Global Net-zero,Canada,2032,Grid,Copper,4213.37872469164,,,
Global Net-zero,Canada,2032,Grid,Copper,429413.47694843117,,,
Global Net-zero,Canada,2032,Grid,Copper,5217.030877995551,,,
Global Net-zero,Canada,2032,Grid,Copper,18259.60807298443,,,
Global Net-zero,Canada,2033,Grid,Copper,4454.7427377190725,,,
Global Net-zero,Canada,2033,Grid,Copper,454012.4904282654,,,
Global Net-zero,Canada,2033,Grid,Copper,5515.889250593707,,,
Global Net-zero,Canada,2033,Grid,Copper,19305.612377077974,,,
Global Net-zero,Canada,2034,Grid,Copper,4709.563545898534,,,
Global Net-zero,Canada,2034,Grid,Copper,479982.9754924012,,,
Global Net-zero,Canada,2034,Grid,Copper,5831.409907884093,,,
Global Net-zero,Canada,2034,Grid,Copper,20409.934677594323,,,
Global Net-zero,Canada,2035,Grid,Copper,4791.722015196256,,,
Global Net-zero,Canada,2035,Grid,Copper,488356.2920791929,,,
Global Net-zero,Canada,2035,Grid,Copper,5933.139018705107,,,
Global Net-zero,Canada,2035,Grid,Copper,20765.986565467872,,,
Global Net-zero,Canada,2036,Grid,Copper,4886.196315181409,,,
Global Net-zero,Canada,2036,Grid,Copper,497984.79696558014,,,
Global Net-zero,Canada,2036,Grid,Copper,6050.1176651560345,,,
Global Net-zero,Canada,2036,Grid,Copper,21175.41182804612,,,
Global Net-zero,Canada,2037,Grid,Copper,4998.139907606597,,,
Global Net-zero,Canada,2037,Grid,Copper,509393.71374861075,,,
Global Net-zero,Canada,2037,Grid,Copper,6188.726894574095,,,
Global Net-zero,Canada,2037,Grid,Copper,21660.54413100933,,,
Global Net-zero,Canada,2038,Grid,Copper,5098.01942182486,,,
Global Net-zero,Canada,2038,Grid,Copper,519573.10000340873,,,
Global Net-zero,Canada,2038,Grid,Copper,6312.398309797753,,,
Global Net-zero,Canada,2038,Grid,Copper,22093.394084292137,,,
Global Net-zero,Canada,2039,Grid,Copper,5211.042830031283,,,
Global Net-zero,Canada,2039,Grid,Copper,531092.0680017184,,,
Global Net-zero,Canada,2039,Grid,Copper,6452.344573610618,,,
Global Net-zero,Canada,2039,Grid,Copper,22583.20600763716,,,
Global Net-zero,Canada,2040,Grid,Copper,5306.428838123717,,,
Global Net-zero,Canada,2040,Grid,Copper,540813.4911311336,,,
Global Net-zero,Canada,2040,Grid,Copper,6570.452102523386,,,
Global Net-zero,Canada,2040,Grid,Copper,22996.58235883185,,,
Global Net-zero,Canada,2025,Uranium SMR,Copper,0.0,,,
Global Net-zero,Canada,2025,Uranium SMR,Nickel,0.0,,,
Global Net-zero,Canada,2026,Uranium SMR,Copper,0.0,,,
Global Net-zero,Canada,2026,Uranium SMR,Nickel,0.0,,,
Global Net-zero,Canada,2027,Uranium SMR,Copper,0.0,,,
Global Net-zero,Canada,2027,Uranium SMR,Nickel,0.0,,,
Global Net-zero,Canada,2028,Uranium SMR,Copper,0.0,,,
Global Net-zero,Canada,2028,Uranium SMR,Nickel,0.0,,,
Global Net-zero,Canada,2029,Uranium SMR,Copper,0.0,,,
Global Net-zero,Canada,2029,Uranium SMR,Nickel,0.0,,,
Global Net-zero,Canada,2030,Uranium SMR,Copper,1.488,,,
Global Net-zero,Canada,2030,Uranium SMR,Nickel,2.0220000000000002,,,
Global Net-zero,Canada,2031,Uranium SMR,Copper,7.976176000000001,,,
Global Net-zero,Canada,2031,Uranium SMR,Nickel,10.838594000000002,,,
Global Net-zero,Canada,2032,Uranium SMR,Copper,14.508992000000001,,,
Global Net-zero,Canada,2032,Uranium SMR,Nickel,19.715848,,,
Global Net-zero,Canada,2033,Uranium SMR,Copper,20.997664,,,
Global Net-zero,Canada,2033,Uranium SMR,Nickel,28.533116000000003,,,
Global Net-zero,Canada,2034,Uranium SMR,Copper,27.480880000000003,,,
Global Net-zero,Canada,2034,Uranium SMR,Nickel,37.34297000000001,,,
Global Net-zero,Canada,2035,Uranium SMR,Copper,34.495312000000006,,,
Global Net-zero,Canada,2035,Uranium SMR,Nickel,46.874678,,,
Global Net-zero,Canada,2036,Uranium SMR,Copper,45.9048,,,
Global Net-zero,Canada,2036,Uranium SMR,Nickel,62.3787,,,
Global Net-zero,Canada,2037,Uranium SMR,Copper,57.342560000000006,,,
Global Net-zero,Canada,2037,Uranium SMR,Nickel,77.92114000000001,,,
Global Net-zero,Canada,2038,Uranium SMR,Copper,68.83984000000001,,,
Global Net-zero,Canada,2038,Uranium SMR,Nickel,93.54446000000002,,,
Global Net-zero,Canada,2039,Uranium SMR,Copper,80.5256,,,
Global Net-zero,Canada,2039,Uranium SMR,Nickel,109.4239,,,
Global Net-zero,Canada,2040,Uranium SMR,Copper,92.06950400000002,,,
Global Net-zero,Canada,2040,Uranium SMR,Nickel,125.11057600000004,,,
Current Measures,Canada,2025,Vehicle battery,Cobalt,1.1215987619638623,2 and 3 wheelers,,BEV
Current Measures,Canada,2025,Vehicle battery,Copper,0.3599571556160505,2 and 3 wheelers,,BEV
Current Measures,Canada,2025,Vehicle battery,Lithium,0.09378989146601716,2 and 3 wheelers,,BEV
Current Measures,Canada,2025,Vehicle battery,Nickel,0.10217247442842556,2 and 3 wheelers,,BEV
Current Measures,Canada,2025,Vehicle battery,Cobalt,19.478001839620706,Buses,,BEV
Current Measures,Canada,2025,Vehicle battery,Copper,28.584836840355678,Buses,,BEV
Current Measures,Canada,2025,Vehicle battery,Lithium,33.704463891226524,Buses,,BEV
Current Measures,Canada,2025,Vehicle battery,Nickel,50.81749377410426,Buses,,BEV
Current Measures,Canada,2025,Vehicle battery,Cobalt,3259.2340494714585,Cars,,BEV
Current Measures,Canada,2025,Vehicle battery,Copper,1045.993146319582,Cars,,BEV
Current Measures,Canada,2025,Vehicle battery,Lithium,272.54239049536744,Cars,,BEV
Current Measures,Canada,2025,Vehicle battery,Nickel,296.90119039789545,Cars,,BEV
Current Measures,Canada,2025,Vehicle battery,Cobalt,88.36344952318316,Cars,,BEV
Current Measures,Canada,2025,Vehicle battery,Copper,77.82686973355317,Cars,,BEV
Current Measures,Canada,2025,Vehicle battery,Lithium,62.90736116567429,Cars,,BEV
Current Measures,Canada,2025,Vehicle battery,Cobalt,740.093927617901,Cars,,BEV
Current Measures,Canada,2025,Vehicle battery,Copper,2399.940924210141,Cars,,BEV
Current Measures,Canada,2025,Vehicle battery,Graphite,322.90737223653,Cars,,BEV
Current Measures,Canada,2025,Vehicle battery,Lithium,885.7552180203882,Cars,,BEV
Current Measures,Canada,2025,Vehicle battery,Nickel,3916.4689011895093,Cars,,BEV
Current Measures,Canada,2025,Vehicle battery,Cobalt,1909.1533549152039,Cars,,BEV
Current Measures,Canada,2025,Vehicle battery,Copper,2801.7677379237507,Cars,,BEV
Current Measures,Canada,2025,Vehicle battery,Lithium,3303.5724528305354,Cars,,BEV
Current Measures,Canada,2025,Vehicle battery,Nickel,4980.921016747519,Cars,,BEV
Current Measures,Canada,2025,Vehicle battery,Nickel,414.03917641600054,Cars,,BEV
Current Measures,Canada,2025,Vehicle battery,Cobalt,216.42224266245225,Trucks,,BEV
Current Measures,Canada,2025,Vehicle battery,Copper,317.6092982261742,Trucks,,BEV
Current Measures,Canada,2025,Vehicle battery,Lithium,374.49404323585014,Trucks,,BEV
Current Measures,Canada,2025,Vehicle battery,Nickel,564.6388197122694,Trucks,,BEV
Current Measures,Canada,2025,Vehicle battery,Cobalt,217.72211261651438,Vans,,BEV
Current Measures,Canada,2025,Vehicle battery,Copper,69.8740360901745,Vans,,BEV
Current Measures,Canada,2025,Vehicle battery,Lithium,18.20627304928568,Vans,,BEV
Current Measures,Canada,2025,Vehicle battery,Nickel,19.833480330223782,Vans,,BEV
Current Measures,Canada,2025,Vehicle battery,Cobalt,5.902821526852316,Vans,,BEV
Current Measures,Canada,2025,Vehicle battery,Copper,5.198960933617925,Vans,,BEV
Current Measures,Canada,2025,Vehicle battery,Lithium,4.2023136001361365,Vans,,BEV
Current Measures,Canada,2025,Vehicle battery,Cobalt,49.4394728975521,Vans,,BEV
Current Measures,Canada,2025,Vehicle battery,Copper,160.31994028124424,Vans,,BEV
Current Measures,Canada,2025,Vehicle battery,Graphite,21.570735392318802,Vans,,BEV
Current Measures,Canada,2025,Vehicle battery,Lithium,59.169882985167625,Vans,,BEV
Current Measures,Canada,2025,Vehicle battery,Nickel,261.6264650592183,Vans,,BEV
Current Measures,Canada,2025,Vehicle battery,Cobalt,127.53453585465937,Vans,,BEV
Current Measures,Canada,2025,Vehicle battery,Copper,187.1626221689955,Vans,,BEV
Current Measures,Canada,2025,Vehicle battery,Lithium,220.68398976398313,Vans,,BEV
Current Measures,Canada,2025,Vehicle battery,Nickel,332.7335901875873,Vans,,BEV
Current Measures,Canada,2025,Vehicle battery,Nickel,27.65848749337656,Vans,,BEV
Current Measures,Canada,2025,Vehicle battery,Cobalt,0.14067445773059398,Buses,,FCEV
Current Measures,Canada,2025,Vehicle battery,Copper,0.20644604384701323,Buses,,FCEV
Current Measures,Canada,2025,Vehicle battery,Lithium,0.24342112810330266,Buses,,FCEV
Current Measures,Canada,2025,Vehicle battery,Nickel,0.3670152328129752,Buses,,FCEV
Current Measures,Canada,2025,Vehicle battery,Cobalt,0.009236695686761217,Cars,,FCEV
Current Measures,Canada,2025,Vehicle battery,Copper,0.0029643530462498276,Cars,,FCEV
Current Measures,Canada,2025,Vehicle battery,Lithium,0.000772387341484847,Cars,,FCEV
Current Measures,Canada,2025,Vehicle battery,Nickel,0.0008414203776458575,Cars,,FCEV
Current Measures,Canada,2025,Vehicle battery,Cobalt,0.0002504227314422195,Cars,,FCEV
Current Measures,Canada,2025,Vehicle battery,Copper,0.00022056197900197254,Cars,,FCEV
Current Measures,Canada,2025,Vehicle battery,Lithium,0.00017827997091486643,Cars,,FCEV
Current Measures,Canada,2025,Vehicle battery,Cobalt,0.0020974321835325136,Cars,,FCEV
Current Measures,Canada,2025,Vehicle battery,Copper,0.006801452011931575,Cars,,FCEV
Current Measures,Canada,2025,Vehicle battery,Graphite,0.0009151221075529191,Cars,,FCEV
Current Measures,Canada,2025,Vehicle battery,Lithium,0.0025102374599768086,Cars,,FCEV
Current Measures,Canada,2025,Vehicle battery,Nickel,0.011099304578269867,Cars,,FCEV
Current Measures,Canada,2025,Vehicle battery,Cobalt,0.005410556066561306,Cars,,FCEV
Current Measures,Canada,2025,Vehicle battery,Copper,0.007940232455654355,Cars,,FCEV
Current Measures,Canada,2025,Vehicle battery,Lithium,0.009362351080896255,Cars,,FCEV
Current Measures,Canada,2025,Vehicle battery,Nickel,0.014115970492806737,Cars,,FCEV
Current Measures,Canada,2025,Vehicle battery,Nickel,0.0011733903785068843,Cars,,FCEV
Current Measures,Canada,2025,Vehicle battery,Cobalt,0.6492667279873569,Trucks,,FCEV
Current Measures,Canada,2025,Vehicle battery,Copper,0.9528278946785226,Trucks,,FCEV
Current Measures,Canada,2025,Vehicle battery,Lithium,1.1234821297075506,Trucks,,FCEV
Current Measures,Canada,2025,Vehicle battery,Nickel,1.6939164591368085,Trucks,,FCEV
Current Measures,Canada,2025,Vehicle battery,Cobalt,245.43219967679806,Cars,,PHEV
Current Measures,Canada,2025,Vehicle battery,Copper,78.76709522892399,Cars,,PHEV
Current Measures,Canada,2025,Vehicle battery,Lithium,20.52343507374022,Cars,,PHEV
Current Measures,Canada,2025,Vehicle battery,Nickel,22.357741463161357,Cars,,PHEV
Current Measures,Canada,2025,Vehicle battery,Cobalt,6.654089721178976,Cars,,PHEV
Current Measures,Canada,2025,Vehicle battery,Copper,5.860646870623842,Cars,,PHEV
Current Measures,Canada,2025,Vehicle battery,Lithium,4.737153512880737,Cars,,PHEV
Current Measures,Canada,2025,Vehicle battery,Cobalt,55.73176944814965,Cars,,PHEV
Current Measures,Canada,2025,Vehicle battery,Copper,180.72429631703898,Cars,,PHEV
Current Measures,Canada,2025,Vehicle battery,Graphite,24.316101714977567,Cars,,PHEV
Current Measures,Canada,2025,Vehicle battery,Lithium,66.70059536509807,Cars,,PHEV
Current Measures,Canada,2025,Vehicle battery,Nickel,294.9243787940279,Cars,,PHEV
Current Measures,Canada,2025,Vehicle battery,Cobalt,143.7662040543433,Cars,,PHEV
Current Measures,Canada,2025,Vehicle battery,Copper,210.9833195359586,Cars,,PHEV
Current Measures,Canada,2025,Vehicle battery,Lithium,248.77104300667193,Cars,,PHEV
Current Measures,Canada,2025,Vehicle battery,Nickel,375.08150166600757,Cars,,PHEV
Current Measures,Canada,2025,Vehicle battery,Nickel,31.178658628897217,Cars,,PHEV
Current Measures,Canada,2025,Vehicle battery,Cobalt,36.82010806334072,Vans,,PHEV
Current Measures,Canada,2025,Vehicle battery,Copper,11.816758200365028,Vans,,PHEV
Current Measures,Canada,2025,Vehicle battery,Lithium,3.0789566252561675,Vans,,PHEV
Current Measures,Canada,2025,Vehicle battery,Nickel,3.3541420311185726,Vans,,PHEV
Current Measures,Canada,2025,Vehicle battery,Cobalt,0.9982565568805276,Vans,,PHEV
Current Measures,Canada,2025,Vehicle battery,Copper,0.879223066010149,Vans,,PHEV
Current Measures,Canada,2025,Vehicle battery,Lithium,0.7106749012012048,Vans,,PHEV
Current Measures,Canada,2025,Vehicle battery,Cobalt,8.360963949898752,Vans,,PHEV
Current Measures,Canada,2025,Vehicle battery,Copper,27.112530991562664,Vans,,PHEV
Current Measures,Canada,2025,Vehicle battery,Graphite,3.6479381841652367,Vans,,PHEV
Current Measures,Canada,2025,Vehicle battery,Lithium,10.006523726170409,Vans,,PHEV
Current Measures,Canada,2025,Vehicle battery,Nickel,44.24499927886319,Vans,,PHEV
Current Measures,Canada,2025,Vehicle battery,Cobalt,21.568022354475247,Vans,,PHEV
Current Measures,Canada,2025,Vehicle battery,Copper,31.652035206082736,Vans,,PHEV
Current Measures,Canada,2025,Vehicle battery,Lithium,37.32100636590416,Vans,,PHEV
Current Measures,Canada,2025,Vehicle battery,Nickel,56.27029151875417,Vans,,PHEV
Current Measures,Canada,2025,Vehicle battery,Nickel,4.6774693031223,Vans,,PHEV
Current Measures,Canada,2026,Vehicle battery,Cobalt,1.5119017285368865,2 and 3 wheelers,,BEV
Current Measures,Canada,2026,Vehicle battery,Copper,0.48521794444764427,2 and 3 wheelers,,BEV
Current Measures,Canada,2026,Vehicle battery,Lithium,0.126427652950037,2 and 3 wheelers,,BEV
Current Measures,Canada,2026,Vehicle battery,Nickel,0.13772727461534467,2 and 3 wheelers,,BEV
Current Measures,Canada,2026,Vehicle battery,Cobalt,26.256113726626992,Buses,,BEV
Current Measures,Canada,2026,Vehicle battery,Copper,38.53201848511945,Buses,,BEV
Current Measures,Canada,2026,Vehicle battery,Lithium,45.43321457249996,Buses,,BEV
Current Measures,Canada,2026,Vehicle battery,Nickel,68.50137436176682,Buses,,BEV
Current Measures,Canada,2026,Vehicle battery,Cobalt,5125.643311059367,Cars,,BEV
Current Measures,Canada,2026,Vehicle battery,Copper,1644.9839724509354,Cars,,BEV
Current Measures,Canada,2026,Vehicle battery,Lithium,428.61453323649806,Cars,,BEV
Current Measures,Canada,2026,Vehicle battery,Nickel,466.9224662939823,Cars,,BEV
Current Measures,Canada,2026,Vehicle battery,Cobalt,0.0,Cars,,BEV
Current Measures,Canada,2026,Vehicle battery,Copper,0.0,Cars,,BEV
Current Measures,Canada,2026,Vehicle battery,Lithium,0.0,Cars,,BEV
Current Measures,Canada,2026,Vehicle battery,Cobalt,926.3779298857512,Cars,,BEV
Current Measures,Canada,2026,Vehicle battery,Copper,3004.013709954012,Cars,,BEV
Current Measures,Canada,2026,Vehicle battery,Graphite,404.18418780995955,Cars,,BEV
Current Measures,Canada,2026,Vehicle battery,Lithium,1108.7026317000987,Cars,,BEV
Current Measures,Canada,2026,Vehicle battery,Nickel,4902.256616026456,Cars,,BEV
Current Measures,Canada,2026,Vehicle battery,Cobalt,2470.5752725626157,Cars,,BEV
Current Measures,Canada,2026,Vehicle battery,Copper,3625.6794536474304,Cars,,BEV
Current Measures,Canada,2026,Vehicle battery,Lithium,4275.049142631425,Cars,,BEV
Current Measures,Canada,2026,Vehicle battery,Nickel,6445.653130421486,Cars,,BEV
Current Measures,Canada,2026,Vehicle battery,Nickel,717.5826800108379,Cars,,BEV
Current Measures,Canada,2026,Vehicle battery,Cobalt,291.73459696252206,Trucks,,BEV
Current Measures,Canada,2026,Vehicle battery,Copper,428.1335387235494,Trucks,,BEV
Current Measures,Canada,2026,Vehicle battery,Lithium,504.81349524999945,Trucks,,BEV
Current Measures,Canada,2026,Vehicle battery,Nickel,761.126381797409,Trucks,,BEV
Current Measures,Canada,2026,Vehicle battery,Cobalt,342.4012738157067,Vans,,BEV
Current Measures,Canada,2026,Vehicle battery,Copper,109.88759330137827,Vans,,BEV
Current Measures,Canada,2026,Vehicle battery,Lithium,28.6321449328025,Vans,,BEV
Current Measures,Canada,2026,Vehicle battery,Nickel,31.191176898181006,Vans,,BEV
Current Measures,Canada,2026,Vehicle battery,Cobalt,0.0,Vans,,BEV
Current Measures,Canada,2026,Vehicle battery,Copper,0.0,Vans,,BEV
Current Measures,Canada,2026,Vehicle battery,Lithium,0.0,Vans,,BEV
Current Measures,Canada,2026,Vehicle battery,Cobalt,61.883545923542094,Vans,,BEV
Current Measures,Canada,2026,Vehicle battery,Copper,200.6729806244583,Vans,,BEV
Current Measures,Canada,2026,Vehicle battery,Graphite,27.000158294997302,Vans,,BEV
Current Measures,Canada,2026,Vehicle battery,Lithium,74.06313126741551,Vans,,BEV
Current Measures,Canada,2026,Vehicle battery,Nickel,327.47868082767826,Vans,,BEV
Current Measures,Canada,2026,Vehicle battery,Cobalt,165.0384291387982,Vans,,BEV
Current Measures,Canada,2026,Vehicle battery,Copper,242.20125904932226,Vans,,BEV
Current Measures,Canada,2026,Vehicle battery,Lithium,285.5802058842855,Vans,,BEV
Current Measures,Canada,2026,Vehicle battery,Nickel,430.5800674168199,Vans,,BEV
Current Measures,Canada,2026,Vehicle battery,Nickel,47.93568510193856,Vans,,BEV
Current Measures,Canada,2026,Vehicle battery,Cobalt,0.18962748802563942,Buses,,FCEV
Current Measures,Canada,2026,Vehicle battery,Copper,0.27828680017030716,Buses,,FCEV
Current Measures,Canada,2026,Vehicle battery,Lithium,0.32812877191249973,Buses,,FCEV
Current Measures,Canada,2026,Vehicle battery,Nickel,0.4947321481683159,Buses,,FCEV
Current Measures,Canada,2026,Vehicle battery,Cobalt,0.014526114646726953,Cars,,FCEV
Current Measures,Canada,2026,Vehicle battery,Copper,0.004661897897634231,Cars,,FCEV
Current Measures,Canada,2026,Vehicle battery,Lithium,0.0012146970577552576,Cars,,FCEV
Current Measures,Canada,2026,Vehicle battery,Nickel,0.001323262050225861,Cars,,FCEV
Current Measures,Canada,2026,Vehicle battery,Cobalt,0.0,Cars,,FCEV
Current Measures,Canada,2026,Vehicle battery,Copper,0.0,Cars,,FCEV
Current Measures,Canada,2026,Vehicle battery,Lithium,0.0,Cars,,FCEV
Current Measures,Canada,2026,Vehicle battery,Cobalt,0.002625362554332089,Cars,,FCEV
Current Measures,Canada,2026,Vehicle battery,Copper,0.00851339917800732,Cars,,FCEV
Current Measures,Canada,2026,Vehicle battery,Graphite,0.0011454612609998855,Cars,,FCEV
Current Measures,Canada,2026,Vehicle battery,Lithium,0.003142072235587325,Cars,,FCEV
Current Measures,Canada,2026,Vehicle battery,Nickel,0.013893034944204534,Cars,,FCEV
Current Measures,Canada,2026,Vehicle battery,Cobalt,0.00700163032710053,Cars,,FCEV
Current Measures,Canada,2026,Vehicle battery,Copper,0.010275204929365187,Cars,,FCEV
Current Measures,Canada,2026,Vehicle battery,Lithium,0.012115523885999988,Cars,,FCEV
Current Measures,Canada,2026,Vehicle battery,Nickel,0.018267033163137814,Cars,,FCEV
Current Measures,Canada,2026,Vehicle battery,Nickel,0.0020336351255367878,Cars,,FCEV
Current Measures,Canada,2026,Vehicle battery,Cobalt,0.8752037908875664,Trucks,,FCEV
Current Measures,Canada,2026,Vehicle battery,Copper,1.2844006161706485,Trucks,,FCEV
Current Measures,Canada,2026,Vehicle battery,Lithium,1.5144404857499987,Trucks,,FCEV
Current Measures,Canada,2026,Vehicle battery,Nickel,2.283379145392227,Trucks,,FCEV
Current Measures,Canada,2026,Vehicle battery,Cobalt,385.97961775588755,Cars,,PHEV
Current Measures,Canada,2026,Vehicle battery,Copper,123.87328699428096,Cars,,PHEV
Current Measures,Canada,2026,Vehicle battery,Lithium,32.276236106068275,Cars,,PHEV
Current Measures,Canada,2026,Vehicle battery,Nickel,35.16096304885859,Cars,,PHEV
Current Measures,Canada,2026,Vehicle battery,Cobalt,0.0,Cars,,PHEV
Current Measures,Canada,2026,Vehicle battery,Copper,0.0,Cars,,PHEV
Current Measures,Canada,2026,Vehicle battery,Lithium,0.0,Cars,,PHEV
Current Measures,Canada,2026,Vehicle battery,Cobalt,69.75963358653836,Cars,,PHEV
Current Measures,Canada,2026,Vehicle battery,Copper,226.21317815848025,Cars,,PHEV
Current Measures,Canada,2026,Vehicle battery,Graphite,30.436542077996954,Cars,,PHEV
Current Measures,Canada,2026,Vehicle battery,Lithium,83.48934797417748,Cars,,PHEV
Current Measures,Canada,2026,Vehicle battery,Nickel,369.15778566029184,Cars,,PHEV
Current Measures,Canada,2026,Vehicle battery,Cobalt,186.04332012009982,Cars,,PHEV
Current Measures,Canada,2026,Vehicle battery,Copper,273.02687383741784,Cars,,PHEV
Current Measures,Canada,2026,Vehicle battery,Lithium,321.92677754228544,Cars,,PHEV
Current Measures,Canada,2026,Vehicle battery,Nickel,485.3811669062334,Cars,,PHEV
Current Measures,Canada,2026,Vehicle battery,Nickel,54.03659047854893,Cars,,PHEV
Current Measures,Canada,2026,Vehicle battery,Cobalt,57.90524330032413,Vans,,PHEV
Current Measures,Canada,2026,Vehicle battery,Copper,18.583656990797937,Vans,,PHEV
Current Measures,Canada,2026,Vehicle battery,Lithium,4.842129528514672,Vans,,PHEV
Current Measures,Canada,2026,Vehicle battery,Nickel,5.274900607071774,Vans,,PHEV
Current Measures,Canada,2026,Vehicle battery,Cobalt,0.0,Vans,,PHEV
Current Measures,Canada,2026,Vehicle battery,Copper,0.0,Vans,,PHEV
Current Measures,Canada,2026,Vehicle battery,Lithium,0.0,Vans,,PHEV
Current Measures,Canada,2026,Vehicle battery,Cobalt,10.465445245154658,Vans,,PHEV
Current Measures,Canada,2026,Vehicle battery,Copper,33.936841523302334,Vans,,PHEV
Current Measures,Canada,2026,Vehicle battery,Graphite,4.566135860991543,Vans,,PHEV
Current Measures,Canada,2026,Vehicle battery,Lithium,12.52519766597553,Vans,,PHEV
Current Measures,Canada,2026,Vehicle battery,Nickel,55.38160672615475,Vans,,PHEV
Current Measures,Canada,2026,Vehicle battery,Cobalt,27.91049894963046,Vans,,PHEV
Current Measures,Canada,2026,Vehicle battery,Copper,40.959902621286595,Vans,,PHEV
Current Measures,Canada,2026,Vehicle battery,Lithium,48.2959397878491,Vans,,PHEV
Current Measures,Canada,2026,Vehicle battery,Nickel,72.81761334059965,Vans,,PHEV
Current Measures,Canada,2026,Vehicle battery,Nickel,8.106650648996931,Vans,,PHEV
Current Measures,Canada,2027,Vehicle battery,Cobalt,1.920585778097067,2 and 3 wheelers,,BEV
Current Measures,Canada,2027,Vehicle battery,Copper,0.6163778146384348,2 and 3 wheelers,,BEV
Current Measures,Canada,2027,Vehicle battery,Lithium,0.16060247014137113,2 and 3 wheelers,,BEV
Current Measures,Canada,2027,Vehicle battery,Nickel,0.1749565066892816,2 and 3 wheelers,,BEV
Current Measures,Canada,2027,Vehicle battery,Cobalt,33.35343670799215,Buses,,BEV
Current Measures,Canada,2027,Vehicle battery,Copper,48.94765665458275,Buses,,BEV
Current Measures,Canada,2027,Vehicle battery,Lithium,57.71432369855046,Buses,,BEV
Current Measures,Canada,2027,Vehicle battery,Nickel,87.01806664817406,Buses,,BEV
Current Measures,Canada,2027,Vehicle battery,Cobalt,7441.328426509422,Cars,,BEV
Current Measures,Canada,2027,Vehicle battery,Copper,2388.1618857363674,Cars,,BEV
Current Measures,Canada,2027,Vehicle battery,Lithium,622.2558450967634,Cars,,BEV
Current Measures,Canada,2027,Vehicle battery,Nickel,677.8707004274911,Cars,,BEV
Current Measures,Canada,2027,Vehicle battery,Cobalt,0.0,Cars,,BEV
Current Measures,Canada,2027,Vehicle battery,Copper,0.0,Cars,,BEV
Current Measures,Canada,2027,Vehicle battery,Lithium,0.0,Cars,,BEV
Current Measures,Canada,2027,Vehicle battery,Cobalt,1131.5272194179875,Cars,,BEV
Current Measures,Canada,2027,Vehicle battery,Copper,3669.26194014249,Cars,,BEV
Current Measures,Canada,2027,Vehicle battery,Graphite,493.6920401608928,Cars,,BEV
Current Measures,Canada,2027,Vehicle battery,Lithium,1354.2282966129562,Cars,,BEV
Current Measures,Canada,2027,Vehicle battery,Nickel,5987.876673929349,Cars,,BEV
Current Measures,Canada,2027,Vehicle battery,Cobalt,3007.6329196524352,Cars,,BEV
Current Measures,Canada,2027,Vehicle battery,Copper,4413.835515153724,Cars,,BEV
Current Measures,Canada,2027,Vehicle battery,Lithium,5204.3662370073835,Cars,,BEV
Current Measures,Canada,2027,Vehicle battery,Nickel,7846.819629020269,Cars,,BEV
Current Measures,Canada,2027,Vehicle battery,Nickel,911.5533528566698,Cars,,BEV
Current Measures,Canada,2027,Vehicle battery,Cobalt,370.5937411999128,Trucks,,BEV
Current Measures,Canada,2027,Vehicle battery,Copper,543.8628517175862,Trucks,,BEV
Current Measures,Canada,2027,Vehicle battery,Lithium,641.2702633172272,Trucks,,BEV
Current Measures,Canada,2027,Vehicle battery,Nickel,966.8674072019339,Trucks,,BEV
Current Measures,Canada,2027,Vehicle battery,Cobalt,497.09278962512326,Vans,,BEV
Current Measures,Canada,2027,Vehicle battery,Copper,159.5330814358302,Vans,,BEV
Current Measures,Canada,2027,Vehicle battery,Lithium,41.56769815423724,Vans,,BEV
Current Measures,Canada,2027,Vehicle battery,Nickel,45.28286055487288,Vans,,BEV
Current Measures,Canada,2027,Vehicle battery,Cobalt,0.0,Vans,,BEV
Current Measures,Canada,2027,Vehicle battery,Copper,0.0,Vans,,BEV
Current Measures,Canada,2027,Vehicle battery,Lithium,0.0,Vans,,BEV
Current Measures,Canada,2027,Vehicle battery,Cobalt,75.58785068986555,Vans,,BEV
Current Measures,Canada,2027,Vehicle battery,Copper,245.11263972611772,Vans,,BEV
Current Measures,Canada,2027,Vehicle battery,Graphite,32.97942778402725,Vans,,BEV
Current Measures,Canada,2027,Vehicle battery,Lithium,90.4646432960072,Vans,,BEV
Current Measures,Canada,2027,Vehicle battery,Nickel,399.99985878475405,Vans,,BEV
Current Measures,Canada,2027,Vehicle battery,Cobalt,200.9147496933813,Vans,,BEV
Current Measures,Canada,2027,Vehicle battery,Copper,294.8513603240342,Vans,,BEV
Current Measures,Canada,2027,Vehicle battery,Lithium,347.66009275555393,Vans,,BEV
Current Measures,Canada,2027,Vehicle battery,Nickel,524.1802586187629,Vans,,BEV
Current Measures,Canada,2027,Vehicle battery,Nickel,60.89324017058725,Vans,,BEV
Current Measures,Canada,2027,Vehicle battery,Cobalt,0.24088593177994333,Buses,,FCEV
Current Measures,Canada,2027,Vehicle battery,Copper,0.35351085361643103,Buses,,FCEV
Current Measures,Canada,2027,Vehicle battery,Lithium,0.41682567115619773,Buses,,FCEV
Current Measures,Canada,2027,Vehicle battery,Nickel,0.6284638146812571,Buses,,FCEV
Current Measures,Canada,2027,Vehicle battery,Cobalt,0.02108878501439917,Cars,,FCEV
Current Measures,Canada,2027,Vehicle battery,Copper,0.0067680701215200685,Cars,,FCEV
Current Measures,Canada,2027,Vehicle battery,Lithium,0.001763478103513095,Cars,,FCEV
Current Measures,Canada,2027,Vehicle battery,Nickel,0.001921091053843092,Cars,,FCEV
Current Measures,Canada,2027,Vehicle battery,Cobalt,0.0,Cars,,FCEV
Current Measures,Canada,2027,Vehicle battery,Copper,0.0,Cars,,FCEV
Current Measures,Canada,2027,Vehicle battery,Lithium,0.0,Cars,,FCEV
Current Measures,Canada,2027,Vehicle battery,Cobalt,0.003206757301994296,Cars,,FCEV
Current Measures,Canada,2027,Vehicle battery,Copper,0.010398718048986814,Cars,,FCEV
Current Measures,Canada,2027,Vehicle battery,Graphite,0.0013991272393223686,Cars,,FCEV
Current Measures,Canada,2027,Vehicle battery,Lithium,0.003837893958012427,Cars,,FCEV
Current Measures,Canada,2027,Vehicle battery,Nickel,0.01696969097874714,Cars,,FCEV
Current Measures,Canada,2027,Vehicle battery,Cobalt,0.008523656047597994,Cars,,FCEV
Current Measures,Canada,2027,Vehicle battery,Copper,0.012508845589504483,Cars,,FCEV
Current Measures,Canada,2027,Vehicle battery,Lithium,0.014749216056296229,Cars,,FCEV
Current Measures,Canada,2027,Vehicle battery,Nickel,0.022237950365644486,Cars,,FCEV
Current Measures,Canada,2027,Vehicle battery,Nickel,0.002583349582994611,Cars,,FCEV
Current Measures,Canada,2027,Vehicle battery,Cobalt,1.1117812235997384,Trucks,,FCEV
Current Measures,Canada,2027,Vehicle battery,Copper,1.6315885551527585,Trucks,,FCEV
Current Measures,Canada,2027,Vehicle battery,Lithium,1.9238107899516819,Trucks,,FCEV
Current Measures,Canada,2027,Vehicle battery,Nickel,2.9006022216058023,Trucks,,FCEV
Current Measures,Canada,2027,Vehicle battery,Cobalt,560.3591446683208,Cars,,PHEV
Current Measures,Canada,2027,Vehicle battery,Copper,179.8372918003904,Cars,,PHEV
Current Measures,Canada,2027,Vehicle battery,Lithium,46.858132464776524,Cars,,PHEV
Current Measures,Canada,2027,Vehicle battery,Nickel,51.04613371640216,Cars,,PHEV
Current Measures,Canada,2027,Vehicle battery,Cobalt,0.0,Cars,,PHEV
Current Measures,Canada,2027,Vehicle battery,Copper,0.0,Cars,,PHEV
Current Measures,Canada,2027,Vehicle battery,Lithium,0.0,Cars,,PHEV
Current Measures,Canada,2027,Vehicle battery,Cobalt,85.20812259584844,Cars,,PHEV
Current Measures,Canada,2027,Vehicle battery,Copper,276.3087938730782,Cars,,PHEV
Current Measures,Canada,2027,Vehicle battery,Graphite,37.176809501994356,Cars,,PHEV
Current Measures,Canada,2027,Vehicle battery,Lithium,101.97832517004449,Cars,,PHEV
Current Measures,Canada,2027,Vehicle battery,Nickel,450.9089317209955,Cars,,PHEV
Current Measures,Canada,2027,Vehicle battery,Cobalt,226.4857178361753,Cars,,PHEV
Current Measures,Canada,2027,Vehicle battery,Copper,332.3778970925477,Cars,,PHEV
Current Measures,Canada,2027,Vehicle battery,Lithium,391.90774092444263,Cars,,PHEV
Current Measures,Canada,2027,Vehicle battery,Nickel,590.8941097156963,Cars,,PHEV
Current Measures,Canada,2027,Vehicle battery,Nickel,68.64328891957109,Cars,,PHEV
Current Measures,Canada,2027,Vehicle battery,Cobalt,84.06592243454207,Vans,,PHEV
Current Measures,Canada,2027,Vehicle battery,Copper,26.979461238699432,Vans,,PHEV
Current Measures,Canada,2027,Vehicle battery,Lithium,7.029727571489915,Vans,,PHEV
Current Measures,Canada,2027,Vehicle battery,Nickel,7.658017823776807,Vans,,PHEV
Current Measures,Canada,2027,Vehicle battery,Cobalt,0.0,Vans,,PHEV
Current Measures,Canada,2027,Vehicle battery,Copper,0.0,Vans,,PHEV
Current Measures,Canada,2027,Vehicle battery,Lithium,0.0,Vans,,PHEV
Current Measures,Canada,2027,Vehicle battery,Cobalt,12.783050822121265,Vans,,PHEV
Current Measures,Canada,2027,Vehicle battery,Copper,41.45226120556115,Vans,,PHEV
Current Measures,Canada,2027,Vehicle battery,Graphite,5.577320926578768,Vans,,PHEV
Current Measures,Canada,2027,Vehicle battery,Lithium,15.298941857768396,Vans,,PHEV
Current Measures,Canada,2027,Vehicle battery,Nickel,67.6460367244229,Vans,,PHEV
Current Measures,Canada,2027,Vehicle battery,Cobalt,33.977728336024924,Vans,,PHEV
Current Measures,Canada,2027,Vehicle battery,Copper,49.86383247564759,Vans,,PHEV
Current Measures,Canada,2027,Vehicle battery,Lithium,58.79458926212715,Vans,,PHEV
Current Measures,Canada,2027,Vehicle battery,Nickel,88.6468238575634,Vans,,PHEV
Current Measures,Canada,2027,Vehicle battery,Nickel,10.297969537697375,Vans,,PHEV
Current Measures,Canada,2028,Vehicle battery,Cobalt,2.3606872359216404,2 and 3 wheelers,,BEV
Current Measures,Canada,2028,Vehicle battery,Copper,0.7576205427095941,2 and 3 wheelers,,BEV
Current Measures,Canada,2028,Vehicle battery,Lithium,0.19740446151583435,2 and 3 wheelers,,BEV
Current Measures,Canada,2028,Vehicle battery,Nickel,0.2150477197597743,2 and 3 wheelers,,BEV
Current Measures,Canada,2028,Vehicle battery,Cobalt,40.99636330156038,Buses,,BEV
Current Measures,Canada,2028,Vehicle battery,Copper,60.16399247069116,Buses,,BEV
Current Measures,Canada,2028,Vehicle battery,Lithium,70.9395377383306,Buses,,BEV
Current Measures,Canada,2028,Vehicle battery,Nickel,106.95822158719591,Buses,,BEV
Current Measures,Canada,2028,Vehicle battery,Cobalt,10289.819069517269,Cars,,BEV
Current Measures,Canada,2028,Vehicle battery,Copper,3302.33424792829,Cars,,BEV
Current Measures,Canada,2028,Vehicle battery,Lithium,860.451211666078,Cars,,BEV
Current Measures,Canada,2028,Vehicle battery,Nickel,937.3550608352516,Cars,,BEV
Current Measures,Canada,2028,Vehicle battery,Cobalt,0.0,Cars,,BEV
Current Measures,Canada,2028,Vehicle battery,Copper,0.0,Cars,,BEV
Current Measures,Canada,2028,Vehicle battery,Lithium,0.0,Cars,,BEV
Current Measures,Canada,2028,Vehicle battery,Cobalt,1335.1835771477988,Cars,,BEV
Current Measures,Canada,2028,Vehicle battery,Copper,4329.66896302472,Cars,,BEV
Current Measures,Canada,2028,Vehicle battery,Graphite,582.5485175075737,Cars,,BEV
Current Measures,Canada,2028,Vehicle battery,Lithium,1597.9671989477147,Cars,,BEV
Current Measures,Canada,2028,Vehicle battery,Nickel,7065.59635492385,Cars,,BEV
Current Measures,Canada,2028,Vehicle battery,Cobalt,3536.0990187409384,Cars,,BEV
Current Measures,Canada,2028,Vehicle battery,Copper,5189.383096598981,Cars,,BEV
Current Measures,Canada,2028,Vehicle battery,Lithium,6118.816636033151,Cars,,BEV
Current Measures,Canada,2028,Vehicle battery,Nickel,9225.571049282898,Cars,,BEV
Current Measures,Canada,2028,Vehicle battery,Nickel,995.9426103760811,Cars,,BEV
Current Measures,Canada,2028,Vehicle battery,Cobalt,455.5151477951153,Trucks,,BEV
Current Measures,Canada,2028,Vehicle battery,Copper,668.4888052299018,Trucks,,BEV
Current Measures,Canada,2028,Vehicle battery,Lithium,788.2170859814511,Trucks,,BEV
Current Measures,Canada,2028,Vehicle battery,Nickel,1188.4246843021765,Trucks,,BEV
Current Measures,Canada,2028,Vehicle battery,Cobalt,687.3765775183601,Vans,,BEV
Current Measures,Canada,2028,Vehicle battery,Copper,220.60127567132304,Vans,,BEV
Current Measures,Canada,2028,Vehicle battery,Lithium,57.479534382551776,Vans,,BEV
Current Measures,Canada,2028,Vehicle battery,Nickel,62.616836047698996,Vans,,BEV
Current Measures,Canada,2028,Vehicle battery,Cobalt,0.0,Vans,,BEV
Current Measures,Canada,2028,Vehicle battery,Copper,0.0,Vans,,BEV
Current Measures,Canada,2028,Vehicle battery,Lithium,0.0,Vans,,BEV
Current Measures,Canada,2028,Vehicle battery,Cobalt,89.19242519408374,Vans,,BEV
Current Measures,Canada,2028,Vehicle battery,Copper,289.22889833970805,Vans,,BEV
Current Measures,Canada,2028,Vehicle battery,Graphite,38.91518436791485,Vans,,BEV
Current Measures,Canada,2028,Vehicle battery,Lithium,106.74679669083925,Vans,,BEV
Current Measures,Canada,2028,Vehicle battery,Nickel,471.99327877021676,Vans,,BEV
Current Measures,Canada,2028,Vehicle battery,Cobalt,236.2171409280384,Vans,,BEV
Current Measures,Canada,2028,Vehicle battery,Copper,346.6591947120777,Vans,,BEV
Current Measures,Canada,2028,Vehicle battery,Lithium,408.74686030180965,Vans,,BEV
Current Measures,Canada,2028,Vehicle battery,Nickel,616.2830862881289,Vans,,BEV
Current Measures,Canada,2028,Vehicle battery,Nickel,66.53057923564914,Vans,,BEV
Current Measures,Canada,2028,Vehicle battery,Cobalt,0.296084846066825,Buses,,FCEV
Current Measures,Canada,2028,Vehicle battery,Copper,0.43451772339943623,Buses,,FCEV
Current Measures,Canada,2028,Vehicle battery,Lithium,0.5123411058879432,Buses,,FCEV
Current Measures,Canada,2028,Vehicle battery,Nickel,0.7724760447964149,Buses,,FCEV
Current Measures,Canada,2028,Vehicle battery,Cobalt,0.029161430561384972,Cars,,FCEV
Current Measures,Canada,2028,Vehicle battery,Copper,0.009358841998177339,Cars,,FCEV
Current Measures,Canada,2028,Vehicle battery,Lithium,0.002438525701077954,Cars,,FCEV
Current Measures,Canada,2028,Vehicle battery,Nickel,0.002656471832326624,Cars,,FCEV
Current Measures,Canada,2028,Vehicle battery,Cobalt,0.0,Cars,,FCEV
Current Measures,Canada,2028,Vehicle battery,Copper,0.0,Cars,,FCEV
Current Measures,Canada,2028,Vehicle battery,Lithium,0.0,Cars,,FCEV
Current Measures,Canada,2028,Vehicle battery,Cobalt,0.0037839210688399155,Cars,,FCEV
Current Measures,Canada,2028,Vehicle battery,Copper,0.01227031689926034,Cars,,FCEV
Current Measures,Canada,2028,Vehicle battery,Graphite,0.0016509472156085087,Cars,,FCEV
Current Measures,Canada,2028,Vehicle battery,Lithium,0.004528651980823482,Cars,,FCEV
Current Measures,Canada,2028,Vehicle battery,Nickel,0.02002395728116071,Cars,,FCEV
Current Measures,Canada,2028,Vehicle battery,Cobalt,0.010021333251492537,Cars,,FCEV
Current Measures,Canada,2028,Vehicle battery,Copper,0.014706753715057839,Cars,,FCEV
Current Measures,Canada,2028,Vehicle battery,Lithium,0.01734077589159192,Cars,,FCEV
Current Measures,Canada,2028,Vehicle battery,Nickel,0.026145343054647885,Cars,,FCEV
Current Measures,Canada,2028,Vehicle battery,Nickel,0.0028225094221184487,Cars,,FCEV
Current Measures,Canada,2028,Vehicle battery,Cobalt,1.366545443385346,Trucks,,FCEV
Current Measures,Canada,2028,Vehicle battery,Copper,2.0054664156897055,Trucks,,FCEV
Current Measures,Canada,2028,Vehicle battery,Lithium,2.3646512579443533,Trucks,,FCEV
Current Measures,Canada,2028,Vehicle battery,Nickel,3.56527405290653,Trucks,,FCEV
Current Measures,Canada,2028,Vehicle battery,Cobalt,774.860869202515,Cars,,PHEV
Current Measures,Canada,2028,Vehicle battery,Copper,248.67780166585501,Cars,,PHEV
Current Measures,Canada,2028,Vehicle battery,Lithium,64.79511148578564,Cars,,PHEV
Current Measures,Canada,2028,Vehicle battery,Nickel,70.58625154467887,Cars,,PHEV
Current Measures,Canada,2028,Vehicle battery,Cobalt,0.0,Cars,,PHEV
Current Measures,Canada,2028,Vehicle battery,Copper,0.0,Cars,,PHEV
Current Measures,Canada,2028,Vehicle battery,Lithium,0.0,Cars,,PHEV
Current Measures,Canada,2028,Vehicle battery,Cobalt,100.54418840060347,Cars,,PHEV
Current Measures,Canada,2028,Vehicle battery,Copper,326.03984903748903,Cars,,PHEV
Current Measures,Canada,2028,Vehicle battery,Graphite,43.86802601474037,Cars,,PHEV
Current Measures,Canada,2028,Vehicle battery,Lithium,120.33275263330968,Cars,,PHEV
Current Measures,Canada,2028,Vehicle battery,Nickel,532.0651506136988,Cars,,PHEV
Current Measures,Canada,2028,Vehicle battery,Cobalt,266.28114068251597,Cars,,PHEV
Current Measures,Canada,2028,Vehicle battery,Copper,390.77945585725115,Cars,,PHEV
Current Measures,Canada,2028,Vehicle battery,Lithium,460.7691879765854,Cars,,PHEV
Current Measures,Canada,2028,Vehicle battery,Nickel,694.7191154520724,Cars,,PHEV
Current Measures,Canada,2028,Vehicle battery,Nickel,74.99810750200449,Cars,,PHEV
Current Measures,Canada,2028,Vehicle battery,Cobalt,116.24579405498376,Vans,,PHEV
Current Measures,Canada,2028,Vehicle battery,Copper,37.3070181595915,Vans,,PHEV
Current Measures,Canada,2028,Vehicle battery,Lithium,9.720660166125604,Vans,,PHEV
Current Measures,Canada,2028,Vehicle battery,Nickel,10.589455715606016,Vans,,PHEV
Current Measures,Canada,2028,Vehicle battery,Cobalt,0.0,Vans,,PHEV
Current Measures,Canada,2028,Vehicle battery,Copper,0.0,Vans,,PHEV
Current Measures,Canada,2028,Vehicle battery,Lithium,0.0,Vans,,PHEV
Current Measures,Canada,2028,Vehicle battery,Cobalt,15.083790500701285,Vans,,PHEV
Current Measures,Canada,2028,Vehicle battery,Copper,48.91298896528008,Vans,,PHEV
Current Measures,Canada,2028,Vehicle battery,Graphite,6.581147300619975,Vans,,PHEV
Current Measures,Canada,2028,Vehicle battery,Lithium,18.052500696128348,Vans,,PHEV
Current Measures,Canada,2028,Vehicle battery,Nickel,79.82121485335834,Vans,,PHEV
Current Measures,Canada,2028,Vehicle battery,Cobalt,39.94789757852111,Vans,,PHEV
Current Measures,Canada,2028,Vehicle battery,Copper,58.62532223785343,Vans,,PHEV
Current Measures,Canada,2028,Vehicle battery,Lithium,69.12528721128301,Vans,,PHEV
Current Measures,Canada,2028,Vehicle battery,Nickel,104.2228075138421,Vans,,PHEV
Current Measures,Canada,2028,Vehicle battery,Nickel,11.251328987827597,Vans,,PHEV
Current Measures,Canada,2029,Vehicle battery,Cobalt,2.838113822778804,2 and 3 wheelers,,BEV
Current Measures,Canada,2029,Vehicle battery,Copper,0.9108421064706649,2 and 3 wheelers,,BEV
Current Measures,Canada,2029,Vehicle battery,Lithium,0.23732764018083286,2 and 3 wheelers,,BEV
Current Measures,Canada,2029,Vehicle battery,Nickel,0.25853907994253966,2 and 3 wheelers,,BEV
Current Measures,Canada,2029,Vehicle battery,Cobalt,49.28748865979904,Buses,,BEV
Current Measures,Canada,2029,Vehicle battery,Copper,72.33158889765622,Buses,,BEV
Current Measures,Canada,2029,Vehicle battery,Lithium,85.28638591892556,Buses,,BEV
Current Measures,Canada,2029,Vehicle battery,Nickel,128.5895067026724,Buses,,BEV
Current Measures,Canada,2029,Vehicle battery,Cobalt,13058.106049314636,Cars,,BEV
Current Measures,Canada,2029,Vehicle battery,Copper,4190.766672222382,Cars,,BEV
Current Measures,Canada,2029,Vehicle battery,Lithium,1091.9398189888711,Cars,,BEV
Current Measures,Canada,2029,Vehicle battery,Nickel,1189.5332374219008,Cars,,BEV
Current Measures,Canada,2029,Vehicle battery,Cobalt,0.0,Cars,,BEV
Current Measures,Canada,2029,Vehicle battery,Copper,0.0,Cars,,BEV
Current Measures,Canada,2029,Vehicle battery,Lithium,0.0,Cars,,BEV
Current Measures,Canada,2029,Vehicle battery,Cobalt,1538.327958371918,Cars,,BEV
Current Measures,Canada,2029,Vehicle battery,Copper,4988.415773165846,Cars,,BEV
Current Measures,Canada,2029,Vehicle battery,Graphite,671.1816164668221,Cars,,BEV
Current Measures,Canada,2029,Vehicle battery,Lithium,1841.093360325551,Cars,,BEV
Current Measures,Canada,2029,Vehicle battery,Nickel,8140.6067310749295,Cars,,BEV
Current Measures,Canada,2029,Vehicle battery,Cobalt,4058.003232990121,Cars,,BEV
Current Measures,Canada,2029,Vehicle battery,Copper,5955.300819240362,Cars,,BEV
Current Measures,Canada,2029,Vehicle battery,Lithium,7021.912440658204,Cars,,BEV
Current Measures,Canada,2029,Vehicle battery,Nickel,10587.202718520028,Cars,,BEV
Current Measures,Canada,2029,Vehicle battery,Nickel,1347.0328690584147,Cars,,BEV
Current Measures,Canada,2029,Vehicle battery,Cobalt,547.6387628866561,Trucks,,BEV
Current Measures,Canada,2029,Vehicle battery,Copper,803.6843210850692,Trucks,,BEV
Current Measures,Canada,2029,Vehicle battery,Lithium,947.626510210284,Trucks,,BEV
Current Measures,Canada,2029,Vehicle battery,Nickel,1428.7722966963602,Trucks,,BEV
Current Measures,Canada,2029,Vehicle battery,Cobalt,872.302630824662,Vans,,BEV
Current Measures,Canada,2029,Vehicle battery,Copper,279.95000037113084,Vans,,BEV
Current Measures,Canada,2029,Vehicle battery,Lithium,72.94334823205011,Vans,,BEV
Current Measures,Canada,2029,Vehicle battery,Nickel,79.46274662939823,Vans,,BEV
Current Measures,Canada,2029,Vehicle battery,Cobalt,0.0,Vans,,BEV
Current Measures,Canada,2029,Vehicle battery,Copper,0.0,Vans,,BEV
Current Measures,Canada,2029,Vehicle battery,Lithium,0.0,Vans,,BEV
Current Measures,Canada,2029,Vehicle battery,Cobalt,102.76279883860991,Vans,,BEV
Current Measures,Canada,2029,Vehicle battery,Copper,333.23425205358893,Vans,,BEV
Current Measures,Canada,2029,Vehicle battery,Graphite,44.83601891377556,Vans,,BEV
Current Measures,Canada,2029,Vehicle battery,Lithium,122.98801799745584,Vans,,BEV
Current Measures,Canada,2029,Vehicle battery,Nickel,543.8057128046005,Vans,,BEV
Current Measures,Canada,2029,Vehicle battery,Cobalt,271.08118762889467,Vans,,BEV
Current Measures,Canada,2029,Vehicle battery,Copper,397.82373893710917,Vans,,BEV
Current Measures,Canada,2029,Vehicle battery,Lithium,469.0751225540905,Vans,,BEV
Current Measures,Canada,2029,Vehicle battery,Nickel,707.2422868646981,Vans,,BEV
Current Measures,Canada,2029,Vehicle battery,Nickel,89.98397708284955,Vans,,BEV
Current Measures,Canada,2029,Vehicle battery,Cobalt,0.35596519587632636,Buses,,FCEV
Current Measures,Canada,2029,Vehicle battery,Copper,0.5223948087052949,Buses,,FCEV
Current Measures,Canada,2029,Vehicle battery,Lithium,0.6159572316366845,Buses,,FCEV
Current Measures,Canada,2029,Vehicle battery,Nickel,0.9287019928526339,Buses,,FCEV
Current Measures,Canada,2029,Vehicle battery,Cobalt,0.037006778277409905,Cars,,FCEV
Current Measures,Canada,2029,Vehicle battery,Copper,0.01187666668241161,Cars,,FCEV
Current Measures,Canada,2029,Vehicle battery,Lithium,0.0030945662886324287,Cars,,FCEV
Current Measures,Canada,2029,Vehicle battery,Nickel,0.003371146826701743,Cars,,FCEV
Current Measures,Canada,2029,Vehicle battery,Cobalt,0.0,Cars,,FCEV
Current Measures,Canada,2029,Vehicle battery,Copper,0.0,Cars,,FCEV
Current Measures,Canada,2029,Vehicle battery,Lithium,0.0,Cars,,FCEV
Current Measures,Canada,2029,Vehicle battery,Cobalt,0.004359633890122844,Cars,,FCEV
Current Measures,Canada,2029,Vehicle battery,Copper,0.01413721069318256,Cars,,FCEV
Current Measures,Canada,2029,Vehicle battery,Graphite,0.0019021341357359331,Cars,,FCEV
Current Measures,Canada,2029,Vehicle battery,Lithium,0.005217673490801157,Cars,,FCEV
Current Measures,Canada,2029,Vehicle battery,Nickel,0.023070545391710325,Cars,,FCEV
Current Measures,Canada,2029,Vehicle battery,Cobalt,0.011500414020619775,Cars,,FCEV
Current Measures,Canada,2029,Vehicle battery,Copper,0.01687737074278645,Cars,,FCEV
Current Measures,Canada,2029,Vehicle battery,Lithium,0.019900156714415963,Cars,,FCEV
Current Measures,Canada,2029,Vehicle battery,Nickel,0.030004218230623558,Cars,,FCEV
Current Measures,Canada,2029,Vehicle battery,Nickel,0.003817502058060284,Cars,,FCEV
Current Measures,Canada,2029,Vehicle battery,Cobalt,1.642916288659968,Trucks,,FCEV
Current Measures,Canada,2029,Vehicle battery,Copper,2.4110529632552073,Trucks,,FCEV
Current Measures,Canada,2029,Vehicle battery,Lithium,2.842879530630852,Trucks,,FCEV
Current Measures,Canada,2029,Vehicle battery,Nickel,4.28631689008908,Trucks,,FCEV
Current Measures,Canada,2029,Vehicle battery,Cobalt,983.3229656568916,Cars,,PHEV
Current Measures,Canada,2029,Vehicle battery,Copper,315.58000041836567,Cars,,PHEV
Current Measures,Canada,2029,Vehicle battery,Lithium,82.22704709794738,Cars,,PHEV
Current Measures,Canada,2029,Vehicle battery,Nickel,89.57618710950345,Cars,,PHEV
Current Measures,Canada,2029,Vehicle battery,Cobalt,0.0,Cars,,PHEV
Current Measures,Canada,2029,Vehicle battery,Copper,0.0,Cars,,PHEV
Current Measures,Canada,2029,Vehicle battery,Lithium,0.0,Cars,,PHEV
Current Measures,Canada,2029,Vehicle battery,Cobalt,115.84170050897842,Cars,,PHEV
Current Measures,Canada,2029,Vehicle battery,Copper,375.6458841331366,Cars,,PHEV
Current Measures,Canada,2029,Vehicle battery,Graphite,50.54242132098336,Cars,,PHEV
Current Measures,Canada,2029,Vehicle battery,Lithium,138.6410384698593,Cars,,PHEV
Current Measures,Canada,2029,Vehicle battery,Nickel,613.0173489797314,Cars,,PHEV
Current Measures,Canada,2029,Vehicle battery,Cobalt,305.582429690754,Cars,,PHEV
Current Measures,Canada,2029,Vehicle battery,Copper,448.4558511654685,Cars,,PHEV
Current Measures,Canada,2029,Vehicle battery,Lithium,528.7755926973383,Cars,,PHEV
Current Measures,Canada,2029,Vehicle battery,Nickel,797.2549415565687,Cars,,PHEV
Current Measures,Canada,2029,Vehicle battery,Nickel,101.4364832570304,Cars,,PHEV
Current Measures,Canada,2029,Vehicle battery,Cobalt,147.519591578978,Vans,,PHEV
Current Measures,Canada,2029,Vehicle battery,Copper,47.34378672943052,Vans,,PHEV
Current Measures,Canada,2029,Vehicle battery,Lithium,12.335825388285615,Vans,,PHEV
Current Measures,Canada,2029,Vehicle battery,Nickel,13.438354436040779,Vans,,PHEV
Current Measures,Canada,2029,Vehicle battery,Cobalt,0.0,Vans,,PHEV
Current Measures,Canada,2029,Vehicle battery,Copper,0.0,Vans,,PHEV
Current Measures,Canada,2029,Vehicle battery,Lithium,0.0,Vans,,PHEV
Current Measures,Canada,2029,Vehicle battery,Cobalt,17.378746295712553,Vans,,PHEV
Current Measures,Canada,2029,Vehicle battery,Copper,56.35496102608089,Vans,,PHEV
Current Measures,Canada,2029,Vehicle battery,Graphite,7.582450131939355,Vans,,PHEV
Current Measures,Canada,2029,Vehicle battery,Lithium,20.799137298187926,Vans,,PHEV
Current Measures,Canada,2029,Vehicle battery,Nickel,91.965785515755,Vans,,PHEV
Current Measures,Canada,2029,Vehicle battery,Cobalt,45.84393611876775,Vans,,PHEV
Current Measures,Canada,2029,Vehicle battery,Copper,67.27802188667332,Vans,,PHEV
Current Measures,Canada,2029,Vehicle battery,Lithium,79.3277104227233,Vans,,PHEV
Current Measures,Canada,2029,Vehicle battery,Nickel,119.60538650104569,Vans,,PHEV
Current Measures,Canada,2029,Vehicle battery,Nickel,15.217653918302023,Vans,,PHEV
Current Measures,Canada,2030,Vehicle battery,Cobalt,3.3458997186582966,2 and 3 wheelers,,BEV
Current Measures,Canada,2030,Vehicle battery,Copper,1.0738069499969625,2 and 3 wheelers,,BEV
Current Measures,Canada,2030,Vehicle battery,Lithium,0.279789513069425,2 and 3 wheelers,,BEV
Current Measures,Canada,2030,Vehicle battery,Nickel,0.30479603316083703,2 and 3 wheelers,,BEV
Current Measures,Canada,2030,Vehicle battery,Cobalt,58.10584237905258,Buses,,BEV
Current Measures,Canada,2030,Vehicle battery,Copper,85.27291647021356,Buses,,BEV
Current Measures,Canada,2030,Vehicle battery,Lithium,100.54554273377222,Buses,,BEV
Current Measures,Canada,2030,Vehicle battery,Nickel,151.5963140187324,Buses,,BEV
Current Measures,Canada,2030,Vehicle battery,Cobalt,16204.651578599985,Cars,,BEV
Current Measures,Canada,2030,Vehicle battery,Copper,5200.594444102937,Cars,,BEV
Current Measures,Canada,2030,Vehicle battery,Lithium,1355.0590142774115,Cars,,BEV
Current Measures,Canada,2030,Vehicle battery,Nickel,1476.1690233475833,Cars,,BEV
Current Measures,Canada,2030,Vehicle battery,Cobalt,0.0,Cars,,BEV
Current Measures,Canada,2030,Vehicle battery,Copper,0.0,Cars,,BEV
Current Measures,Canada,2030,Vehicle battery,Lithium,0.0,Cars,,BEV
Current Measures,Canada,2030,Vehicle battery,Cobalt,1734.710029870836,Cars,,BEV
Current Measures,Canada,2030,Vehicle battery,Copper,5625.234091197964,Cars,,BEV
Current Measures,Canada,2030,Vehicle battery,Graphite,756.8642795663378,Cars,,BEV
Current Measures,Canada,2030,Vehicle battery,Lithium,2076.126290693851,Cars,,BEV
Current Measures,Canada,2030,Vehicle battery,Nickel,9179.831952463011,Cars,,BEV
Current Measures,Canada,2030,Vehicle battery,Cobalt,4556.235894484441,Cars,,BEV
Current Measures,Canada,2030,Vehicle battery,Copper,6686.47948195008,Cars,,BEV
Current Measures,Canada,2030,Vehicle battery,Lithium,7884.047319124362,Cars,,BEV
Current Measures,Canada,2030,Vehicle battery,Nickel,11887.07605162759,Cars,,BEV
Current Measures,Canada,2030,Vehicle battery,Nickel,1764.488349595028,Cars,,BEV
Current Measures,Canada,2030,Vehicle battery,Cobalt,645.6204708783621,Trucks,,BEV
Current Measures,Canada,2030,Vehicle battery,Copper,947.4768496690398,Trucks,,BEV
Current Measures,Canada,2030,Vehicle battery,Lithium,1117.1726970419138,Trucks,,BEV
Current Measures,Canada,2030,Vehicle battery,Nickel,1684.4034890970267,Trucks,,BEV
Current Measures,Canada,2030,Vehicle battery,Cobalt,1082.4969678012135,Vans,,BEV
Current Measures,Canada,2030,Vehicle battery,Copper,347.40813088137025,Vans,,BEV
Current Measures,Canada,2030,Vehicle battery,Lithium,90.52013658128456,Vans,,BEV
Current Measures,Canada,2030,Vehicle battery,Nickel,98.61048131674139,Vans,,BEV
Current Measures,Canada,2030,Vehicle battery,Cobalt,0.0,Vans,,BEV
Current Measures,Canada,2030,Vehicle battery,Copper,0.0,Vans,,BEV
Current Measures,Canada,2030,Vehicle battery,Lithium,0.0,Vans,,BEV
Current Measures,Canada,2030,Vehicle battery,Cobalt,115.88143924238379,Vans,,BEV
Current Measures,Canada,2030,Vehicle battery,Copper,375.77474698285994,Vans,,BEV
Current Measures,Canada,2030,Vehicle battery,Graphite,50.55975956617237,Vans,,BEV
Current Measures,Canada,2030,Vehicle battery,Lithium,138.68859836618842,Vans,,BEV
Current Measures,Canada,2030,Vehicle battery,Nickel,613.2276405491484,Vans,,BEV
Current Measures,Canada,2030,Vehicle battery,Cobalt,304.36393627122783,Vans,,BEV
Current Measures,Canada,2030,Vehicle battery,Copper,446.6676577011187,Vans,,BEV
Current Measures,Canada,2030,Vehicle battery,Lithium,526.6671286054735,Vans,,BEV
Current Measures,Canada,2030,Vehicle battery,Nickel,794.0759305743127,Vans,,BEV
Current Measures,Canada,2030,Vehicle battery,Nickel,117.87067922395934,Vans,,BEV
Current Measures,Canada,2030,Vehicle battery,Cobalt,0.4196533060709353,Buses,,FCEV
Current Measures,Canada,2030,Vehicle battery,Copper,0.6158599522848758,Buses,,FCEV
Current Measures,Canada,2030,Vehicle battery,Lithium,0.7261622530772438,Buses,,FCEV
Current Measures,Canada,2030,Vehicle battery,Nickel,1.0948622679130675,Buses,,FCEV
Current Measures,Canada,2030,Vehicle battery,Cobalt,0.04592411378550603,Cars,,FCEV
Current Measures,Canada,2030,Vehicle battery,Copper,0.014738526764664191,Cars,,FCEV
Current Measures,Canada,2030,Vehicle battery,Lithium,0.003840248218599951,Cars,,FCEV
Current Measures,Canada,2030,Vehicle battery,Nickel,0.004183474964952665,Cars,,FCEV
Current Measures,Canada,2030,Vehicle battery,Cobalt,0.0,Cars,,FCEV
Current Measures,Canada,2030,Vehicle battery,Copper,0.0,Cars,,FCEV
Current Measures,Canada,2030,Vehicle battery,Lithium,0.0,Cars,,FCEV
Current Measures,Canada,2030,Vehicle battery,Cobalt,0.00491618227088901,Cars,,FCEV
Current Measures,Canada,2030,Vehicle battery,Copper,0.01594195896290921,Cars,,FCEV
Current Measures,Canada,2030,Vehicle battery,Graphite,0.0021449594967467064,Cars,,FCEV
Current Measures,Canada,2030,Vehicle battery,Lithium,0.005883758718565569,Cars,,FCEV
Current Measures,Canada,2030,Vehicle battery,Nickel,0.026015718083903266,Cars,,FCEV
Current Measures,Canada,2030,Vehicle battery,Cobalt,0.012912409417567241,Cars,,FCEV
Current Measures,Canada,2030,Vehicle battery,Copper,0.018949536993380794,Cars,,FCEV
Current Measures,Canada,2030,Vehicle battery,Lithium,0.02234345394083827,Cars,,FCEV
Current Measures,Canada,2030,Vehicle battery,Nickel,0.03368806978194054,Cars,,FCEV
Current Measures,Canada,2030,Vehicle battery,Nickel,0.005000574270107366,Cars,,FCEV
Current Measures,Canada,2030,Vehicle battery,Cobalt,1.9368614126350858,Trucks,,FCEV
Current Measures,Canada,2030,Vehicle battery,Copper,2.8424305490071187,Trucks,,FCEV
Current Measures,Canada,2030,Vehicle battery,Lithium,3.3515180911257403,Trucks,,FCEV
Current Measures,Canada,2030,Vehicle battery,Nickel,5.05321046729108,Trucks,,FCEV
Current Measures,Canada,2030,Vehicle battery,Cobalt,1220.2693091577319,Cars,,PHEV
Current Measures,Canada,2030,Vehicle battery,Copper,391.6237111753628,Cars,,PHEV
Current Measures,Canada,2030,Vehicle battery,Lithium,102.04088123708442,Cars,,PHEV
Current Measures,Canada,2030,Vehicle battery,Nickel,111.16090621159938,Cars,,PHEV
Current Measures,Canada,2030,Vehicle battery,Cobalt,0.0,Cars,,PHEV
Current Measures,Canada,2030,Vehicle battery,Copper,0.0,Cars,,PHEV
Current Measures,Canada,2030,Vehicle battery,Lithium,0.0,Cars,,PHEV
Current Measures,Canada,2030,Vehicle battery,Cobalt,130.6299860550508,Cars,,PHEV
Current Measures,Canada,2030,Vehicle battery,Copper,423.6006238715876,Cars,,PHEV
Current Measures,Canada,2030,Vehicle battery,Graphite,56.99463805641249,Cars,,PHEV
Current Measures,Canada,2030,Vehicle battery,Lithium,156.33987452188512,Cars,,PHEV
Current Measures,Canada,2030,Vehicle battery,Nickel,691.2747948008582,Cars,,PHEV
Current Measures,Canada,2030,Vehicle battery,Cobalt,343.1011645239295,Cars,,PHEV
Current Measures,Canada,2030,Vehicle battery,Copper,503.51626868126107,Cars,,PHEV
Current Measures,Canada,2030,Vehicle battery,Lithium,593.6974904279883,Cars,,PHEV
Current Measures,Canada,2030,Vehicle battery,Nickel,895.1401399201342,Cars,,PHEV
Current Measures,Canada,2030,Vehicle battery,Nickel,132.87240203428144,Cars,,PHEV
Current Measures,Canada,2030,Vehicle battery,Cobalt,183.06663872439435,Vans,,PHEV
Current Measures,Canada,2030,Vehicle battery,Copper,58.75197869159852,Vans,,PHEV
Current Measures,Canada,2030,Vehicle battery,Lithium,15.30832661311615,Vans,,PHEV
Current Measures,Canada,2030,Vehicle battery,Nickel,16.67652648886274,Vans,,PHEV
Current Measures,Canada,2030,Vehicle battery,Cobalt,0.0,Vans,,PHEV
Current Measures,Canada,2030,Vehicle battery,Copper,0.0,Vans,,PHEV
Current Measures,Canada,2030,Vehicle battery,Lithium,0.0,Vans,,PHEV
Current Measures,Canada,2030,Vehicle battery,Cobalt,19.597307155269558,Vans,,PHEV
Current Measures,Canada,2030,Vehicle battery,Copper,63.549203271574086,Vans,,PHEV
Current Measures,Canada,2030,Vehicle battery,Graphite,8.550421399602872,Vans,,PHEV
Current Measures,Canada,2030,Vehicle battery,Lithium,23.454343326121947,Vans,,PHEV
Current Measures,Canada,2030,Vehicle battery,Nickel,103.70608534474812,Vans,,PHEV
Current Measures,Canada,2030,Vehicle battery,Cobalt,51.47255319825662,Vans,,PHEV
Current Measures,Canada,2030,Vehicle battery,Copper,75.53826860904255,Vans,,PHEV
Current Measures,Canada,2030,Vehicle battery,Lithium,89.06739125216446,Vans,,PHEV
Current Measures,Canada,2030,Vehicle battery,Nickel,134.29027131360985,Vans,,PHEV
Current Measures,Canada,2030,Vehicle battery,Nickel,19.93371777615371,Vans,,PHEV
Current Measures,Canada,2031,Vehicle battery,Cobalt,3.8097134518050453,2 and 3 wheelers,,BEV
Current Measures,Canada,2031,Vehicle battery,Copper,1.2226597106997645,2 and 3 wheelers,,BEV
Current Measures,Canada,2031,Vehicle battery,Lithium,0.3185743630242464,2 and 3 wheelers,,BEV
Current Measures,Canada,2031,Vehicle battery,Nickel,0.3470473251527372,2 and 3 wheelers,,BEV
Current Measures,Canada,2031,Vehicle battery,Cobalt,66.16056306335092,Buses,,BEV
Current Measures,Canada,2031,Vehicle battery,Copper,97.09357848940299,Buses,,BEV
Current Measures,Canada,2031,Vehicle battery,Lithium,114.48331954954519,Buses,,BEV
Current Measures,Canada,2031,Vehicle battery,Nickel,172.6108267801939,Buses,,BEV
Current Measures,Canada,2031,Vehicle battery,Cobalt,19373.513406385075,Cars,,BEV
Current Measures,Canada,2031,Vehicle battery,Copper,6217.584234705569,Cars,,BEV
Current Measures,Canada,2031,Vehicle battery,Lithium,1620.0443343203592,Cars,,BEV
Current Measures,Canada,2031,Vehicle battery,Nickel,1764.8377211443606,Cars,,BEV
Current Measures,Canada,2031,Vehicle battery,Cobalt,0.0,Cars,,BEV
Current Measures,Canada,2031,Vehicle battery,Copper,0.0,Cars,,BEV
Current Measures,Canada,2031,Vehicle battery,Lithium,0.0,Cars,,BEV
Current Measures,Canada,2031,Vehicle battery,Cobalt,1867.441193737588,Cars,,BEV
Current Measures,Canada,2031,Vehicle battery,Copper,6055.648313224009,Cars,,BEV
Current Measures,Canada,2031,Vehicle battery,Graphite,814.7756739700992,Cars,,BEV
Current Measures,Canada,2031,Vehicle battery,Lithium,2234.9808854981916,Cars,,BEV
Current Measures,Canada,2031,Vehicle battery,Nickel,9882.225873158986,Cars,,BEV
Current Measures,Canada,2031,Vehicle battery,Cobalt,5058.13257134333,Cars,,BEV
Current Measures,Canada,2031,Vehicle battery,Copper,7423.035250701739,Cars,,BEV
Current Measures,Canada,2031,Vehicle battery,Lithium,8752.52235889499,Cars,,BEV
Current Measures,Canada,2031,Vehicle battery,Nickel,13196.508685504823,Cars,,BEV
Current Measures,Canada,2031,Vehicle battery,Nickel,1908.6302005237635,Cars,,BEV
Current Measures,Canada,2031,Vehicle battery,Cobalt,735.1173673705657,Trucks,,BEV
Current Measures,Canada,2031,Vehicle battery,Copper,1078.8175387711444,Trucks,,BEV
Current Measures,Canada,2031,Vehicle battery,Lithium,1272.0368838838353,Trucks,,BEV
Current Measures,Canada,2031,Vehicle battery,Nickel,1917.8980753354876,Trucks,,BEV
Current Measures,Canada,2031,Vehicle battery,Cobalt,1294.1820696573025,Vans,,BEV
Current Measures,Canada,2031,Vehicle battery,Copper,415.34469584065533,Vans,,BEV
Current Measures,Canada,2031,Vehicle battery,Lithium,108.22158508617784,Vans,,BEV
Current Measures,Canada,2031,Vehicle battery,Nickel,117.89401780923866,Vans,,BEV
Current Measures,Canada,2031,Vehicle battery,Cobalt,0.0,Vans,,BEV
Current Measures,Canada,2031,Vehicle battery,Copper,0.0,Vans,,BEV
Current Measures,Canada,2031,Vehicle battery,Lithium,0.0,Vans,,BEV
Current Measures,Canada,2031,Vehicle battery,Cobalt,124.74809593793604,Vans,,BEV
Current Measures,Canada,2031,Vehicle battery,Copper,404.52711404128,Vans,,BEV
Current Measures,Canada,2031,Vehicle battery,Graphite,54.428334495978284,Vans,,BEV
Current Measures,Canada,2031,Vehicle battery,Lithium,149.30034255352288,Vans,,BEV
Current Measures,Canada,2031,Vehicle battery,Nickel,660.1486919316732,Vans,,BEV
Current Measures,Canada,2031,Vehicle battery,Cobalt,337.89144707354217,Vans,,BEV
Current Measures,Canada,2031,Vehicle battery,Copper,495.8707758565938,Vans,,BEV
Current Measures,Canada,2031,Vehicle battery,Lithium,584.6826676994629,Vans,,BEV
Current Measures,Canada,2031,Vehicle battery,Nickel,881.5481510559903,Vans,,BEV
Current Measures,Canada,2031,Vehicle battery,Nickel,127.49958829409756,Vans,,BEV
Current Measures,Canada,2031,Vehicle battery,Cobalt,0.4778262887908678,Buses,,FCEV
Current Measures,Canada,2031,Vehicle battery,Copper,0.7012314002012439,Buses,,FCEV
Current Measures,Canada,2031,Vehicle battery,Lithium,0.8268239745244931,Buses,,FCEV
Current Measures,Canada,2031,Vehicle battery,Nickel,1.2466337489680672,Buses,,FCEV
Current Measures,Canada,2031,Vehicle battery,Cobalt,0.05490469386424919,Cars,,FCEV
Current Measures,Canada,2031,Vehicle battery,Copper,0.017620684065967195,Cars,,FCEV
Current Measures,Canada,2031,Vehicle battery,Lithium,0.004591218761231787,Cars,,FCEV
Current Measures,Canada,2031,Vehicle battery,Nickel,0.0050015643919070945,Cars,,FCEV
Current Measures,Canada,2031,Vehicle battery,Cobalt,0.0,Cars,,FCEV
Current Measures,Canada,2031,Vehicle battery,Copper,0.0,Cars,,FCEV
Current Measures,Canada,2031,Vehicle battery,Lithium,0.0,Cars,,FCEV
Current Measures,Canada,2031,Vehicle battery,Cobalt,0.00529234346403365,Cars,,FCEV
Current Measures,Canada,2031,Vehicle battery,Copper,0.017161756353266423,Cars,,FCEV
Current Measures,Canada,2031,Vehicle battery,Graphite,0.0023090808574051393,Cars,,FCEV
Current Measures,Canada,2031,Vehicle battery,Lithium,0.006333953926513093,Cars,,FCEV
Current Measures,Canada,2031,Vehicle battery,Nickel,0.028006308142555832,Cars,,FCEV
Current Measures,Canada,2031,Vehicle battery,Cobalt,0.014334788663726035,Cars,,FCEV
Current Measures,Canada,2031,Vehicle battery,Copper,0.021036942006037316,Cars,,FCEV
Current Measures,Canada,2031,Vehicle battery,Lithium,0.024804719235734796,Cars,,FCEV
Current Measures,Canada,2031,Vehicle battery,Nickel,0.037399012469042016,Cars,,FCEV
Current Measures,Canada,2031,Vehicle battery,Nickel,0.005409073442779897,Cars,,FCEV
Current Measures,Canada,2031,Vehicle battery,Cobalt,2.2053521021116973,Trucks,,FCEV
Current Measures,Canada,2031,Vehicle battery,Copper,3.2364526163134326,Trucks,,FCEV
Current Measures,Canada,2031,Vehicle battery,Lithium,3.816110651651506,Trucks,,FCEV
Current Measures,Canada,2031,Vehicle battery,Nickel,5.753694226006463,Trucks,,FCEV
Current Measures,Canada,2031,Vehicle battery,Cobalt,1458.8961512500498,Cars,,PHEV
Current Measures,Canada,2031,Vehicle battery,Copper,468.2067480385569,Cars,,PHEV
Current Measures,Canada,2031,Vehicle battery,Lithium,121.9952413698732,Cars,,PHEV
Current Measures,Canada,2031,Vehicle battery,Nickel,132.89871098495993,Cars,,PHEV
Current Measures,Canada,2031,Vehicle battery,Cobalt,0.0,Cars,,PHEV
Current Measures,Canada,2031,Vehicle battery,Copper,0.0,Cars,,PHEV
Current Measures,Canada,2031,Vehicle battery,Lithium,0.0,Cars,,PHEV
Current Measures,Canada,2031,Vehicle battery,Cobalt,140.625126330037,Cars,,PHEV
Current Measures,Canada,2031,Vehicle battery,Copper,456.0123831010793,Cars,,PHEV
Current Measures,Canada,2031,Vehicle battery,Graphite,61.3555770681937,Cars,,PHEV
Current Measures,Canada,2031,Vehicle battery,Lithium,168.30220433306218,Cars,,PHEV
Current Measures,Canada,2031,Vehicle battery,Nickel,744.1676163593406,Cars,,PHEV
Current Measures,Canada,2031,Vehicle battery,Cobalt,380.8958130647203,Cars,,PHEV
Current Measures,Canada,2031,Vehicle battery,Copper,558.9816018747057,Cars,,PHEV
Current Measures,Canada,2031,Vehicle battery,Lithium,659.0968254066672,Cars,,PHEV
Current Measures,Canada,2031,Vehicle battery,Nickel,993.7451884631162,Cars,,PHEV
Current Measures,Canada,2031,Vehicle battery,Nickel,143.72680862243723,Cars,,PHEV
Current Measures,Canada,2031,Vehicle battery,Cobalt,218.8657967982871,Vans,,PHEV
Current Measures,Canada,2031,Vehicle battery,Copper,70.24108116810696,Vans,,PHEV
Current Measures,Canada,2031,Vehicle battery,Lithium,18.30190975905883,Vans,,PHEV
Current Measures,Canada,2031,Vehicle battery,Nickel,19.93766468453937,Vans,,PHEV
Current Measures,Canada,2031,Vehicle battery,Cobalt,0.0,Vans,,PHEV
Current Measures,Canada,2031,Vehicle battery,Copper,0.0,Vans,,PHEV
Current Measures,Canada,2031,Vehicle battery,Lithium,0.0,Vans,,PHEV
Current Measures,Canada,2031,Vehicle battery,Cobalt,21.09679314577071,Vans,,PHEV
Current Measures,Canada,2031,Vehicle battery,Copper,68.41166418307805,Vans,,PHEV
Current Measures,Canada,2031,Vehicle battery,Graphite,9.204656035004714,Vans,,PHEV
Current Measures,Canada,2031,Vehicle battery,Lithium,25.24895005220305,Vans,,PHEV
Current Measures,Canada,2031,Vehicle battery,Nickel,111.641146058554,Vans,,PHEV
Current Measures,Canada,2031,Vehicle battery,Cobalt,57.1425632675159,Vans,,PHEV
Current Measures,Canada,2031,Vehicle battery,Copper,83.85926139092362,Vans,,PHEV
Current Measures,Canada,2031,Vehicle battery,Lithium,98.87869793627767,Vans,,PHEV
Current Measures,Canada,2031,Vehicle battery,Nickel,149.08314913373547,Vans,,PHEV
Current Measures,Canada,2031,Vehicle battery,Nickel,21.562112192475748,Vans,,PHEV
Current Measures,Canada,2032,Vehicle battery,Cobalt,4.319412065545194,2 and 3 wheelers,,BEV
Current Measures,Canada,2032,Vehicle battery,Copper,1.3862384069726645,2 and 3 wheelers,,BEV
Current Measures,Canada,2032,Vehicle battery,Lithium,0.3611961804550757,2 and 3 wheelers,,BEV
Current Measures,Canada,2032,Vehicle battery,Nickel,0.39347851814673146,2 and 3 wheelers,,BEV
Current Measures,Canada,2032,Vehicle battery,Cobalt,75.01213358282926,Buses,,BEV
Current Measures,Canada,2032,Vehicle battery,Copper,110.0836531984789,Buses,,BEV
Current Measures,Canada,2032,Vehicle battery,Lithium,129.79995425421737,Buses,,BEV
Current Measures,Canada,2032,Vehicle battery,Nickel,195.70429568261775,Buses,,BEV
Current Measures,Canada,2032,Vehicle battery,Cobalt,23011.456043306458,Cars,,BEV
Current Measures,Canada,2032,Vehicle battery,Copper,7385.117160283786,Cars,,BEV
Current Measures,Canada,2032,Vehicle battery,Lithium,1924.2549456792958,Cars,,BEV
Current Measures,Canada,2032,Vehicle battery,Nickel,2096.237517264058,Cars,,BEV
Current Measures,Canada,2032,Vehicle battery,Cobalt,0.0,Cars,,BEV
Current Measures,Canada,2032,Vehicle battery,Copper,0.0,Cars,,BEV
Current Measures,Canada,2032,Vehicle battery,Lithium,0.0,Cars,,BEV
Current Measures,Canada,2032,Vehicle battery,Cobalt,1995.1336648183153,Cars,,BEV
Current Measures,Canada,2032,Vehicle battery,Copper,6469.723305092306,Cars,,BEV
Current Measures,Canada,2032,Vehicle battery,Graphite,870.4886568123995,Cars,,BEV
Current Measures,Canada,2032,Vehicle battery,Lithium,2387.8050992107865,Cars,,BEV
Current Measures,Canada,2032,Vehicle battery,Nickel,10557.955768029717,Cars,,BEV
Current Measures,Canada,2032,Vehicle battery,Cobalt,5587.8086175272665,Cars,,BEV
Current Measures,Canada,2032,Vehicle battery,Copper,8200.358483499389,Cars,,BEV
Current Measures,Canada,2032,Vehicle battery,Lithium,9669.066433572098,Cars,,BEV
Current Measures,Canada,2032,Vehicle battery,Nickel,14578.41681965913,Cars,,BEV
Current Measures,Canada,2032,Vehicle battery,Nickel,2050.0904440823574,Cars,,BEV
Current Measures,Canada,2032,Vehicle battery,Cobalt,833.4681509203251,Trucks,,BEV
Current Measures,Canada,2032,Vehicle battery,Copper,1223.1517022053208,Trucks,,BEV
Current Measures,Canada,2032,Vehicle battery,Lithium,1442.2217139357483,Trucks,,BEV
Current Measures,Canada,2032,Vehicle battery,Nickel,2174.4921742513084,Trucks,,BEV
Current Measures,Canada,2032,Vehicle battery,Cobalt,1537.202529208731,Vans,,BEV
Current Measures,Canada,2032,Vehicle battery,Copper,493.3377860108602,Vans,,BEV
Current Measures,Canada,2032,Vehicle battery,Lithium,128.54334657371814,Vans,,BEV
Current Measures,Canada,2032,Vehicle battery,Nickel,140.03206086986623,Vans,,BEV
Current Measures,Canada,2032,Vehicle battery,Cobalt,0.0,Vans,,BEV
Current Measures,Canada,2032,Vehicle battery,Copper,0.0,Vans,,BEV
Current Measures,Canada,2032,Vehicle battery,Lithium,0.0,Vans,,BEV
Current Measures,Canada,2032,Vehicle battery,Cobalt,133.2781597955555,Vans,,BEV
Current Measures,Canada,2032,Vehicle battery,Copper,432.1879940648707,Vans,,BEV
Current Measures,Canada,2032,Vehicle battery,Graphite,58.15005197329795,Vans,,BEV
Current Measures,Canada,2032,Vehicle battery,Lithium,159.50924751812943,Vans,,BEV
Current Measures,Canada,2032,Vehicle battery,Nickel,705.2885432084628,Vans,,BEV
Current Measures,Canada,2032,Vehicle battery,Cobalt,373.2746647336028,Vans,,BEV
Current Measures,Canada,2032,Vehicle battery,Copper,547.7972266305259,Vans,,BEV
Current Measures,Canada,2032,Vehicle battery,Lithium,645.9092961697959,Vans,,BEV
Current Measures,Canada,2032,Vehicle battery,Nickel,973.8618523254074,Vans,,BEV
Current Measures,Canada,2032,Vehicle battery,Nickel,136.94936164922632,Vans,,BEV
Current Measures,Canada,2032,Vehicle battery,Cobalt,0.5417542980982113,Buses,,FCEV
Current Measures,Canada,2032,Vehicle battery,Copper,0.7950486064334586,Buses,,FCEV
Current Measures,Canada,2032,Vehicle battery,Lithium,0.9374441140582365,Buses,,FCEV
Current Measures,Canada,2032,Vehicle battery,Nickel,1.4134199132633505,Buses,,FCEV
Current Measures,Canada,2032,Vehicle battery,Cobalt,0.06521465275430978,Cars,,FCEV
Current Measures,Canada,2032,Vehicle battery,Copper,0.020929481830763763,Cars,,FCEV
Current Measures,Canada,2032,Vehicle battery,Lithium,0.005453354097066829,Cars,,FCEV
Current Measures,Canada,2032,Vehicle battery,Nickel,0.005940754097509476,Cars,,FCEV
Current Measures,Canada,2032,Vehicle battery,Cobalt,0.0,Cars,,FCEV
Current Measures,Canada,2032,Vehicle battery,Copper,0.0,Cars,,FCEV
Current Measures,Canada,2032,Vehicle battery,Lithium,0.0,Cars,,FCEV
Current Measures,Canada,2032,Vehicle battery,Cobalt,0.005654224961023566,Cars,,FCEV
Current Measures,Canada,2032,Vehicle battery,Copper,0.018335248233055122,Cars,,FCEV
Current Measures,Canada,2032,Vehicle battery,Graphite,0.0024669719018974886,Cars,,FCEV
Current Measures,Canada,2032,Vehicle battery,Lithium,0.006767058985617613,Cars,,FCEV
Current Measures,Canada,2032,Vehicle battery,Nickel,0.029921332136116606,Cars,,FCEV
Current Measures,Canada,2032,Vehicle battery,Cobalt,0.01583589486748618,Cars,,FCEV
Current Measures,Canada,2032,Vehicle battery,Copper,0.023239882341901098,Cars,,FCEV
Current Measures,Canada,2032,Vehicle battery,Lithium,0.027402212564779222,Cars,,FCEV
Current Measures,Canada,2032,Vehicle battery,Nickel,0.04131535131077486,Cars,,FCEV
Current Measures,Canada,2032,Vehicle battery,Nickel,0.005809972918452024,Cars,,FCEV
Current Measures,Canada,2032,Vehicle battery,Cobalt,2.5004044527609754,Trucks,,FCEV
Current Measures,Canada,2032,Vehicle battery,Copper,3.669455106615963,Trucks,,FCEV
Current Measures,Canada,2032,Vehicle battery,Lithium,4.326665141807245,Trucks,,FCEV
Current Measures,Canada,2032,Vehicle battery,Nickel,6.523476522753925,Trucks,,FCEV
Current Measures,Canada,2032,Vehicle battery,Cobalt,1732.84648747166,Cars,,PHEV
Current Measures,Canada,2032,Vehicle battery,Copper,556.1262315031515,Cars,,PHEV
Current Measures,Canada,2032,Vehicle battery,Lithium,144.90340886491862,Cars,,PHEV
Current Measures,Canada,2032,Vehicle battery,Nickel,157.85432316239465,Cars,,PHEV
Current Measures,Canada,2032,Vehicle battery,Cobalt,0.0,Cars,,PHEV
Current Measures,Canada,2032,Vehicle battery,Copper,0.0,Cars,,PHEV
Current Measures,Canada,2032,Vehicle battery,Lithium,0.0,Cars,,PHEV
Current Measures,Canada,2032,Vehicle battery,Cobalt,150.2408346786262,Cars,,PHEV
Current Measures,Canada,2032,Vehicle battery,Copper,487.1937387640361,Cars,,PHEV
Current Measures,Canada,2032,Vehicle battery,Graphite,65.5509676789904,Cars,,PHEV
Current Measures,Canada,2032,Vehicle battery,Lithium,179.81042447498228,Cars,,PHEV
Current Measures,Canada,2032,Vehicle battery,Nickel,795.0525396168127,Cars,,PHEV
Current Measures,Canada,2032,Vehicle battery,Cobalt,420.7823493360613,Cars,,PHEV
Current Measures,Canada,2032,Vehicle battery,Copper,617.5168736562291,Cars,,PHEV
Current Measures,Canada,2032,Vehicle battery,Lithium,728.1159338641336,Cars,,PHEV
Current Measures,Canada,2032,Vehicle battery,Nickel,1097.807906257732,Cars,,PHEV
Current Measures,Canada,2032,Vehicle battery,Nickel,154.37928040458235,Cars,,PHEV
Current Measures,Canada,2032,Vehicle battery,Cobalt,259.9642386366086,Vans,,PHEV
Current Measures,Canada,2032,Vehicle battery,Copper,83.43089442937601,Vans,,PHEV
Current Measures,Canada,2032,Vehicle battery,Lithium,21.73862753207897,Vans,,PHEV
Current Measures,Canada,2032,Vehicle battery,Nickel,23.681543190986343,Vans,,PHEV
Current Measures,Canada,2032,Vehicle battery,Cobalt,0.0,Vans,,PHEV
Current Measures,Canada,2032,Vehicle battery,Copper,0.0,Vans,,PHEV
Current Measures,Canada,2032,Vehicle battery,Lithium,0.0,Vans,,PHEV
Current Measures,Canada,2032,Vehicle battery,Cobalt,22.53935618748594,Vans,,PHEV
Current Measures,Canada,2032,Vehicle battery,Copper,73.08953809931,Vans,,PHEV
Current Measures,Canada,2032,Vehicle battery,Graphite,9.834054850078218,Vans,,PHEV
Current Measures,Canada,2032,Vehicle battery,Lithium,26.975430562096268,Vans,,PHEV
Current Measures,Canada,2032,Vehicle battery,Nickel,119.27497884659968,Vans,,PHEV
Current Measures,Canada,2032,Vehicle battery,Cobalt,63.12640148319061,Vans,,PHEV
Current Measures,Canada,2032,Vehicle battery,Copper,92.64081098120117,Vans,,PHEV
Current Measures,Canada,2032,Vehicle battery,Lithium,109.2330484867999,Vans,,PHEV
Current Measures,Canada,2032,Vehicle battery,Nickel,164.69479471083736,Vans,,PHEV
Current Measures,Canada,2032,Vehicle battery,Nickel,23.160212045212187,Vans,,PHEV
Current Measures,Canada,2033,Vehicle battery,Cobalt,4.870980208908852,2 and 3 wheelers,,BEV
Current Measures,Canada,2033,Vehicle battery,Copper,1.5632543834043555,2 and 3 wheelers,,BEV
Current Measures,Canada,2033,Vehicle battery,Lithium,0.4073191952590604,2 and 3 wheelers,,BEV
Current Measures,Canada,2033,Vehicle battery,Nickel,0.4437238321881653,2 and 3 wheelers,,BEV
Current Measures,Canada,2033,Vehicle battery,Cobalt,84.59082221502985,Buses,,BEV
Current Measures,Canada,2033,Vehicle battery,Copper,124.14080618318953,Buses,,BEV
Current Measures,Canada,2033,Vehicle battery,Lithium,146.374784043616,Buses,,BEV
Current Measures,Canada,2033,Vehicle battery,Nickel,220.69479285675786,Buses,,BEV
Current Measures,Canada,2033,Vehicle battery,Cobalt,27129.44957530509,Cars,,BEV
Current Measures,Canada,2033,Vehicle battery,Copper,8706.713874627592,Cars,,BEV
Current Measures,Canada,2033,Vehicle battery,Lithium,2268.6081845752183,Cars,,BEV
Current Measures,Canada,2033,Vehicle battery,Nickel,2471.367735942125,Cars,,BEV
Current Measures,Canada,2033,Vehicle battery,Cobalt,0.0,Cars,,BEV
Current Measures,Canada,2033,Vehicle battery,Copper,0.0,Cars,,BEV
Current Measures,Canada,2033,Vehicle battery,Lithium,0.0,Cars,,BEV
Current Measures,Canada,2033,Vehicle battery,Cobalt,2112.153495719688,Cars,,BEV
Current Measures,Canada,2033,Vehicle battery,Copper,6849.18957368916,Cars,,BEV
Current Measures,Canada,2033,Vehicle battery,Graphite,921.5451034144503,Cars,,BEV
Current Measures,Canada,2033,Vehicle battery,Lithium,2527.8561413350876,Cars,,BEV
Current Measures,Canada,2033,Vehicle battery,Nickel,11177.207610863776,Cars,,BEV
Current Measures,Canada,2033,Vehicle battery,Cobalt,6135.520033517127,Cars,,BEV
Current Measures,Canada,2033,Vehicle battery,Copper,9004.149426255311,Cars,,BEV
Current Measures,Canada,2033,Vehicle battery,Lithium,10616.81866170323,Cars,,BEV
Current Measures,Canada,2033,Vehicle battery,Nickel,16007.378666015162,Cars,,BEV
Current Measures,Canada,2033,Vehicle battery,Nickel,2183.439513900916,Cars,,BEV
Current Measures,Canada,2033,Vehicle battery,Cobalt,939.8980246114429,Trucks,,BEV
Current Measures,Canada,2033,Vehicle battery,Copper,1379.3422909243284,Trucks,,BEV
Current Measures,Canada,2033,Vehicle battery,Lithium,1626.3864893735113,Trucks,,BEV
Current Measures,Canada,2033,Vehicle battery,Nickel,2452.1643650750875,Trucks,,BEV
Current Measures,Canada,2033,Vehicle battery,Cobalt,1812.2911659616757,Vans,,BEV
Current Measures,Canada,2033,Vehicle battery,Copper,581.6225867666204,Vans,,BEV
Current Measures,Canada,2033,Vehicle battery,Lithium,151.54670058903275,Vans,,BEV
Current Measures,Canada,2033,Vehicle battery,Nickel,165.09136697589088,Vans,,BEV
Current Measures,Canada,2033,Vehicle battery,Cobalt,0.0,Vans,,BEV
Current Measures,Canada,2033,Vehicle battery,Copper,0.0,Vans,,BEV
Current Measures,Canada,2033,Vehicle battery,Lithium,0.0,Vans,,BEV
Current Measures,Canada,2033,Vehicle battery,Cobalt,141.09527400556615,Vans,,BEV
Current Measures,Canada,2033,Vehicle battery,Copper,457.53695532741335,Vans,,BEV
Current Measures,Canada,2033,Vehicle battery,Graphite,61.56070528881953,Vans,,BEV
Current Measures,Canada,2033,Vehicle battery,Lithium,168.8648839353398,Vans,,BEV
Current Measures,Canada,2033,Vehicle battery,Nickel,746.6555691467702,Vans,,BEV
Current Measures,Canada,2033,Vehicle battery,Cobalt,409.86267430377563,Vans,,BEV
Current Measures,Canada,2033,Vehicle battery,Copper,601.4917632923588,Vans,,BEV
Current Measures,Canada,2033,Vehicle battery,Lithium,709.2206798303774,Vans,,BEV
Current Measures,Canada,2033,Vehicle battery,Nickel,1069.3188177702432,Vans,,BEV
Current Measures,Canada,2033,Vehicle battery,Nickel,145.85729546301664,Vans,,BEV
Current Measures,Canada,2033,Vehicle battery,Cobalt,0.610933715997438,Buses,,FCEV
Current Measures,Canada,2033,Vehicle battery,Copper,0.8965724891008134,Buses,,FCEV
Current Measures,Canada,2033,Vehicle battery,Lithium,1.0571512180927825,Buses,,FCEV
Current Measures,Canada,2033,Vehicle battery,Nickel,1.5939068372988068,Buses,,FCEV
Current Measures,Canada,2033,Vehicle battery,Cobalt,0.07688507976807112,Cars,,FCEV
Current Measures,Canada,2033,Vehicle battery,Copper,0.024674897620402085,Cars,,FCEV
Current Measures,Canada,2033,Vehicle battery,Lithium,0.006429253964383209,Cars,,FCEV
Current Measures,Canada,2033,Vehicle battery,Nickel,0.007003876174734767,Cars,,FCEV
Current Measures,Canada,2033,Vehicle battery,Cobalt,0.0,Cars,,FCEV
Current Measures,Canada,2033,Vehicle battery,Copper,0.0,Cars,,FCEV
Current Measures,Canada,2033,Vehicle battery,Lithium,0.0,Cars,,FCEV
Current Measures,Canada,2033,Vehicle battery,Cobalt,0.00598586010932705,Cars,,FCEV
Current Measures,Canada,2033,Vehicle battery,Copper,0.019410658710859962,Cars,,FCEV
Current Measures,Canada,2033,Vehicle battery,Graphite,0.002611666284980223,Cars,,FCEV
Current Measures,Canada,2033,Vehicle battery,Lithium,0.0071639647730144165,Cars,,FCEV
Current Measures,Canada,2033,Vehicle battery,Nickel,0.031676296872893285,Cars,,FCEV
Current Measures,Canada,2033,Vehicle battery,Cobalt,0.017388113455311695,Cars,,FCEV
Current Measures,Canada,2033,Vehicle battery,Copper,0.025517832382100075,Cars,,FCEV
Current Measures,Canada,2033,Vehicle battery,Lithium,0.030088150053409958,Cars,,FCEV
Current Measures,Canada,2033,Vehicle battery,Nickel,0.04536504075388911,Cars,,FCEV
Current Measures,Canada,2033,Vehicle battery,Nickel,0.006187885262067372,Cars,,FCEV
Current Measures,Canada,2033,Vehicle battery,Cobalt,2.8196940738343286,Trucks,,FCEV
Current Measures,Canada,2033,Vehicle battery,Copper,4.1380268727729845,Trucks,,FCEV
Current Measures,Canada,2033,Vehicle battery,Lithium,4.879159468120533,Trucks,,FCEV
Current Measures,Canada,2033,Vehicle battery,Nickel,7.356493095225262,Trucks,,FCEV
Current Measures,Canada,2033,Vehicle battery,Cobalt,2042.946405265889,Cars,,PHEV
Current Measures,Canada,2033,Vehicle battery,Copper,655.6472796278268,Cars,,PHEV
Current Measures,Canada,2033,Vehicle battery,Lithium,170.83446248218237,Cars,,PHEV
Current Measures,Canada,2033,Vehicle battery,Nickel,186.10299550009518,Cars,,PHEV
Current Measures,Canada,2033,Vehicle battery,Cobalt,0.0,Cars,,PHEV
Current Measures,Canada,2033,Vehicle battery,Copper,0.0,Cars,,PHEV
Current Measures,Canada,2033,Vehicle battery,Lithium,0.0,Cars,,PHEV
Current Measures,Canada,2033,Vehicle battery,Cobalt,159.05285433354734,Cars,,PHEV
Current Measures,Canada,2033,Vehicle battery,Copper,515.7689314599934,Cars,,PHEV
Current Measures,Canada,2033,Vehicle battery,Graphite,69.3957041437602,Cars,,PHEV
Current Measures,Canada,2033,Vehicle battery,Lithium,190.35677825438307,Cars,,PHEV
Current Measures,Canada,2033,Vehicle battery,Nickel,841.6844597654501,Cars,,PHEV
Current Measures,Canada,2033,Vehicle battery,Cobalt,462.02701466971075,Cars,,PHEV
Current Measures,Canada,2033,Vehicle battery,Copper,678.045260438659,Cars,,PHEV
Current Measures,Canada,2033,Vehicle battery,Lithium,799.4851299906074,Cars,,PHEV
Current Measures,Canada,2033,Vehicle battery,Nickel,1205.413940031911,Cars,,PHEV
Current Measures,Canada,2033,Vehicle battery,Nickel,164.42095124921877,Cars,,PHEV
Current Measures,Canada,2033,Vehicle battery,Cobalt,306.48589512117945,Vans,,PHEV
Current Measures,Canada,2033,Vehicle battery,Copper,98.3611918856714,Vans,,PHEV
Current Measures,Canada,2033,Vehicle battery,Lithium,25.628843231735583,Vans,,PHEV
Current Measures,Canada,2033,Vehicle battery,Nickel,27.919451539971277,Vans,,PHEV
Current Measures,Canada,2033,Vehicle battery,Cobalt,0.0,Vans,,PHEV
Current Measures,Canada,2033,Vehicle battery,Copper,0.0,Vans,,PHEV
Current Measures,Canada,2033,Vehicle battery,Lithium,0.0,Vans,,PHEV
Current Measures,Canada,2033,Vehicle battery,Cobalt,23.861348641523143,Vans,,PHEV
Current Measures,Canada,2033,Vehicle battery,Copper,77.37643152397663,Vans,,PHEV
Current Measures,Canada,2033,Vehicle battery,Graphite,10.410848002298307,Vans,,PHEV
Current Measures,Canada,2033,Vehicle battery,Lithium,28.55761043231347,Vans,,PHEV
Current Measures,Canada,2033,Vehicle battery,Nickel,126.27076970588774,Vans,,PHEV
Current Measures,Canada,2033,Vehicle battery,Cobalt,69.31398826528822,Vans,,PHEV
Current Measures,Canada,2033,Vehicle battery,Copper,101.72137068430294,Vans,,PHEV
Current Measures,Canada,2033,Vehicle battery,Lithium,119.93996272719309,Vans,,PHEV
Current Measures,Canada,2033,Vehicle battery,Nickel,180.83801388521744,Vans,,PHEV
Current Measures,Canada,2033,Vehicle battery,Nickel,24.666678621818278,Vans,,PHEV
Current Measures,Canada,2034,Vehicle battery,Cobalt,5.463617524777023,2 and 3 wheelers,,BEV
Current Measures,Canada,2034,Vehicle battery,Copper,1.7534507796256908,2 and 3 wheelers,,BEV
Current Measures,Canada,2034,Vehicle battery,Lithium,0.45687648028732114,2 and 3 wheelers,,BEV
Current Measures,Canada,2034,Vehicle battery,Nickel,0.49771035843472544,2 and 3 wheelers,,BEV
Current Measures,Canada,2034,Vehicle battery,Cobalt,94.88272973148989,Buses,,BEV
Current Measures,Canada,2034,Vehicle battery,Copper,139.24463970555914,Buses,,BEV
Current Measures,Canada,2034,Vehicle battery,Lithium,164.18375788582838,Buses,,BEV
Current Measures,Canada,2034,Vehicle battery,Nickel,247.54605565300108,Buses,,BEV
Current Measures,Canada,2034,Vehicle battery,Cobalt,31753.259496939405,Cars,,BEV
Current Measures,Canada,2034,Vehicle battery,Copper,10190.643354530484,Cars,,BEV
Current Measures,Canada,2034,Vehicle battery,Lithium,2655.2586030816074,Cars,,BEV
Current Measures,Canada,2034,Vehicle battery,Nickel,2892.575494902993,Cars,,BEV
Current Measures,Canada,2034,Vehicle battery,Cobalt,0.0,Cars,,BEV
Current Measures,Canada,2034,Vehicle battery,Copper,0.0,Cars,,BEV
Current Measures,Canada,2034,Vehicle battery,Lithium,0.0,Cars,,BEV
Current Measures,Canada,2034,Vehicle battery,Cobalt,2214.6241147880523,Cars,,BEV
Current Measures,Canada,2034,Vehicle battery,Copper,7181.476359263601,Cars,,BEV
Current Measures,Canada,2034,Vehicle battery,Graphite,966.2536425607126,Cars,,BEV
Current Measures,Canada,2034,Vehicle battery,Lithium,2650.494474317659,Cars,,BEV
Current Measures,Canada,2034,Vehicle battery,Nickel,11719.467151025929,Cars,,BEV
Current Measures,Canada,2034,Vehicle battery,Cobalt,6696.009783908,Cars,,BEV
Current Measures,Canada,2034,Vehicle battery,Copper,9826.693144935172,Cars,,BEV
Current Measures,Canada,2034,Vehicle battery,Lithium,11586.682342228458,Cars,,BEV
Current Measures,Canada,2034,Vehicle battery,Nickel,17469.678784654643,Cars,,BEV
Current Measures,Canada,2034,Vehicle battery,Nickel,2305.027712660345,Cars,,BEV
Current Measures,Canada,2034,Vehicle battery,Cobalt,1054.2525525721098,Trucks,,BEV
Current Measures,Canada,2034,Vehicle battery,Copper,1547.1626633951016,Trucks,,BEV
Current Measures,Canada,2034,Vehicle battery,Lithium,1824.2639765092044,Trucks,,BEV
Current Measures,Canada,2034,Vehicle battery,Nickel,2750.5117294777892,Trucks,,BEV
Current Measures,Canada,2034,Vehicle battery,Cobalt,2121.1691566781383,Vans,,BEV
Current Measures,Canada,2034,Vehicle battery,Copper,680.7514791487976,Vans,,BEV
Current Measures,Canada,2034,Vehicle battery,Lithium,177.3755746997835,Vans,,BEV
Current Measures,Canada,2034,Vehicle battery,Nickel,193.22872739230516,Vans,,BEV
Current Measures,Canada,2034,Vehicle battery,Cobalt,0.0,Vans,,BEV
Current Measures,Canada,2034,Vehicle battery,Copper,0.0,Vans,,BEV
Current Measures,Canada,2034,Vehicle battery,Lithium,0.0,Vans,,BEV
Current Measures,Canada,2034,Vehicle battery,Cobalt,147.9404773036553,Vans,,BEV
Current Measures,Canada,2034,Vehicle battery,Copper,479.7342507200381,Vans,,BEV
Current Measures,Canada,2034,Vehicle battery,Graphite,64.54730810628241,Vans,,BEV
Current Measures,Canada,2034,Vehicle battery,Lithium,177.05732318316345,Vans,,BEV
Current Measures,Canada,2034,Vehicle battery,Nickel,782.8793845827038,Vans,,BEV
Current Measures,Canada,2034,Vehicle battery,Cobalt,447.3042973055952,Vans,,BEV
Current Measures,Canada,2034,Vehicle battery,Copper,656.4390157547788,Vans,,BEV
Current Measures,Canada,2034,Vehicle battery,Lithium,774.0091443189052,Vans,,BEV
Current Measures,Canada,2034,Vehicle battery,Nickel,1167.0028337927192,Vans,,BEV
Current Measures,Canada,2034,Vehicle battery,Nickel,153.97958404411213,Vans,,BEV
Current Measures,Canada,2034,Vehicle battery,Cobalt,0.6852641591718713,Buses,,FCEV
Current Measures,Canada,2034,Vehicle battery,Copper,1.005655731206816,Buses,,FCEV
Current Measures,Canada,2034,Vehicle battery,Lithium,1.1857715847309829,Buses,,FCEV
Current Measures,Canada,2034,Vehicle battery,Nickel,1.787832624160563,Buses,,FCEV
Current Measures,Canada,2034,Vehicle battery,Cobalt,0.0899889945257392,Cars,,FCEV
Current Measures,Canada,2034,Vehicle battery,Copper,0.028880365782070202,Cars,,FCEV
Current Measures,Canada,2034,Vehicle battery,Lithium,0.007525024381202936,Cars,,FCEV
Current Measures,Canada,2034,Vehicle battery,Nickel,0.008197582374219008,Cars,,FCEV
Current Measures,Canada,2034,Vehicle battery,Cobalt,0.0,Cars,,FCEV
Current Measures,Canada,2034,Vehicle battery,Copper,0.0,Cars,,FCEV
Current Measures,Canada,2034,Vehicle battery,Lithium,0.0,Cars,,FCEV
Current Measures,Canada,2034,Vehicle battery,Cobalt,0.006276262673488408,Cars,,FCEV
Current Measures,Canada,2034,Vehicle battery,Copper,0.020352362151759194,Cars,,FCEV
Current Measures,Canada,2034,Vehicle battery,Graphite,0.0027383706469331936,Cars,,FCEV
Current Measures,Canada,2034,Vehicle battery,Lithium,0.0075115228017099646,Cars,,FCEV
Current Measures,Canada,2034,Vehicle battery,Nickel,0.033213064800478344,Cars,,FCEV
Current Measures,Canada,2034,Vehicle battery,Cobalt,0.018976545946297975,Cars,,FCEV
Current Measures,Canada,2034,Vehicle battery,Copper,0.027848927941111826,Cars,,FCEV
Current Measures,Canada,2034,Vehicle battery,Lithium,0.032836751577165674,Cars,,FCEV
Current Measures,Canada,2034,Vehicle battery,Nickel,0.0495092111306002,Cars,,FCEV
Current Measures,Canada,2034,Vehicle battery,Nickel,0.0065324672018714225,Cars,,FCEV
Current Measures,Canada,2034,Vehicle battery,Cobalt,3.162757657716329,Trucks,,FCEV
Current Measures,Canada,2034,Vehicle battery,Copper,4.641487990185304,Trucks,,FCEV
Current Measures,Canada,2034,Vehicle battery,Lithium,5.472791929527612,Trucks,,FCEV
Current Measures,Canada,2034,Vehicle battery,Nickel,8.251535188433367,Trucks,,FCEV
Current Measures,Canada,2034,Vehicle battery,Cobalt,2391.1361402553557,Cars,,PHEV
Current Measures,Canada,2034,Vehicle battery,Copper,767.3925764950081,Cars,,PHEV
Current Measures,Canada,2034,Vehicle battery,Lithium,199.95064784339232,Cars,,PHEV
Current Measures,Canada,2034,Vehicle battery,Nickel,217.8214745149622,Cars,,PHEV
Current Measures,Canada,2034,Vehicle battery,Cobalt,0.0,Cars,,PHEV
Current Measures,Canada,2034,Vehicle battery,Copper,0.0,Cars,,PHEV
Current Measures,Canada,2034,Vehicle battery,Lithium,0.0,Cars,,PHEV
Current Measures,Canada,2034,Vehicle battery,Cobalt,166.76926532412054,Cars,,PHEV
Current Measures,Canada,2034,Vehicle battery,Copper,540.7913371753158,Cars,,PHEV
Current Measures,Canada,2034,Vehicle battery,Graphite,72.762420047082,Cars,,PHEV
Current Measures,Canada,2034,Vehicle battery,Lithium,199.59189158829335,Cars,,PHEV
Current Measures,Canada,2034,Vehicle battery,Nickel,882.5185789841388,Cars,,PHEV
Current Measures,Canada,2034,Vehicle battery,Cobalt,504.233935144489,Cars,,PHEV
Current Measures,Canada,2034,Vehicle battery,Copper,739.9857995781141,Cars,,PHEV
Current Measures,Canada,2034,Vehicle battery,Lithium,872.5193990504022,Cars,,PHEV
Current Measures,Canada,2034,Vehicle battery,Nickel,1315.5304671845197,Cars,,PHEV
Current Measures,Canada,2034,Vehicle battery,Nickel,173.5769856497264,Cars,,PHEV
Current Measures,Canada,2034,Vehicle battery,Cobalt,358.72184332088955,Vans,,PHEV
Current Measures,Canada,2034,Vehicle battery,Copper,115.12538954041241,Vans,,PHEV
Current Measures,Canada,2034,Vehicle battery,Lithium,29.996897190440965,Vans,,PHEV
Current Measures,Canada,2034,Vehicle battery,Nickel,32.677905510029596,Vans,,PHEV
Current Measures,Canada,2034,Vehicle battery,Cobalt,0.0,Vans,,PHEV
Current Measures,Canada,2034,Vehicle battery,Copper,0.0,Vans,,PHEV
Current Measures,Canada,2034,Vehicle battery,Lithium,0.0,Vans,,PHEV
Current Measures,Canada,2034,Vehicle battery,Cobalt,25.018976234431506,Vans,,PHEV
Current Measures,Canada,2034,Vehicle battery,Copper,81.13033049752694,Vans,,PHEV
Current Measures,Canada,2034,Vehicle battery,Graphite,10.915927790289121,Vans,,PHEV
Current Measures,Canada,2034,Vehicle battery,Lithium,29.943076036987836,Vans,,PHEV
Current Measures,Canada,2034,Vehicle battery,Nickel,132.39676574179254,Vans,,PHEV
Current Measures,Canada,2034,Vehicle battery,Cobalt,75.6459340122141,Vans,,PHEV
Current Measures,Canada,2034,Vehicle battery,Copper,111.01378360982635,Vans,,PHEV
Current Measures,Canada,2034,Vehicle battery,Lithium,130.89667371560444,Vans,,PHEV
Current Measures,Canada,2034,Vehicle battery,Nickel,197.35786105546688,Vans,,PHEV
Current Measures,Canada,2034,Vehicle battery,Nickel,26.04028068586003,Vans,,PHEV
Current Measures,Canada,2035,Vehicle battery,Cobalt,6.090419237326486,2 and 3 wheelers,,BEV
Current Measures,Canada,2035,Vehicle battery,Copper,1.95461163075709,2 and 3 wheelers,,BEV
Current Measures,Canada,2035,Vehicle battery,Lithium,0.5092906470859663,2 and 3 wheelers,,BEV
Current Measures,Canada,2035,Vehicle battery,Nickel,0.5548091036535766,2 and 3 wheelers,,BEV
Current Measures,Canada,2035,Vehicle battery,Cobalt,105.76794583919919,Buses,,BEV
Current Measures,Canada,2035,Vehicle battery,Copper,155.2191800599994,Buses,,BEV
Current Measures,Canada,2035,Vehicle battery,Lithium,183.01938467503038,Buses,,BEV
Current Measures,Canada,2035,Vehicle battery,Nickel,275.9452418907855,Buses,,BEV
Current Measures,Canada,2035,Vehicle battery,Cobalt,36870.92038283437,Cars,,BEV
Current Measures,Canada,2035,Vehicle battery,Copper,11833.06550973042,Cars,,BEV
Current Measures,Canada,2035,Vehicle battery,Lithium,3083.205633093963,Cars,,BEV
Current Measures,Canada,2035,Vehicle battery,Nickel,3358.7707990792505,Cars,,BEV
Current Measures,Canada,2035,Vehicle battery,Cobalt,0.0,Cars,,BEV
Current Measures,Canada,2035,Vehicle battery,Copper,0.0,Cars,,BEV
Current Measures,Canada,2035,Vehicle battery,Lithium,0.0,Cars,,BEV
Current Measures,Canada,2035,Vehicle battery,Cobalt,2296.457748936991,Cars,,BEV
Current Measures,Canada,2035,Vehicle battery,Copper,7446.842524613729,Cars,,BEV
Current Measures,Canada,2035,Vehicle battery,Graphite,1001.958142729564,Cars,,BEV
Current Measures,Canada,2035,Vehicle battery,Lithium,2748.4341624465637,Cars,,BEV
Current Measures,Canada,2035,Vehicle battery,Nickel,12152.518783062971,Cars,,BEV
Current Measures,Canada,2035,Vehicle battery,Cobalt,7256.856283967277,Cars,,BEV
Current Measures,Canada,2035,Vehicle battery,Copper,10649.760409672177,Cars,,BEV
Current Measures,Canada,2035,Vehicle battery,Lithium,12557.163337425694,Cars,,BEV
Current Measures,Canada,2035,Vehicle battery,Nickel,18932.909651951115,Cars,,BEV
Current Measures,Canada,2035,Vehicle battery,Nickel,2408.8753456547147,Cars,,BEV
Current Measures,Canada,2035,Vehicle battery,Cobalt,1175.1993982133242,Trucks,,BEV
Current Measures,Canada,2035,Vehicle battery,Copper,1724.6575562222151,Trucks,,BEV
Current Measures,Canada,2035,Vehicle battery,Lithium,2033.5487186114485,Trucks,,BEV
Current Measures,Canada,2035,Vehicle battery,Nickel,3066.0582432309498,Trucks,,BEV
Current Measures,Canada,2035,Vehicle battery,Cobalt,2463.0371915658584,Vans,,BEV
Current Measures,Canada,2035,Vehicle battery,Copper,790.4679389091173,Vans,,BEV
Current Measures,Canada,2035,Vehicle battery,Lithium,205.9631293362364,Vans,,BEV
Current Measures,Canada,2035,Vehicle battery,Nickel,224.3713286834317,Vans,,BEV
Current Measures,Canada,2035,Vehicle battery,Cobalt,0.0,Vans,,BEV
Current Measures,Canada,2035,Vehicle battery,Copper,0.0,Vans,,BEV
Current Measures,Canada,2035,Vehicle battery,Lithium,0.0,Vans,,BEV
Current Measures,Canada,2035,Vehicle battery,Cobalt,153.40709658890827,Vans,,BEV
Current Measures,Canada,2035,Vehicle battery,Copper,497.4611403082046,Vans,,BEV
Current Measures,Canada,2035,Vehicle battery,Graphite,66.93242653861459,Vans,,BEV
Current Measures,Canada,2035,Vehicle battery,Lithium,183.59985295695668,Vans,,BEV
Current Measures,Canada,2035,Vehicle battery,Nickel,811.8079349009677,Vans,,BEV
Current Measures,Canada,2035,Vehicle battery,Cobalt,484.7697517629962,Vans,,BEV
Current Measures,Canada,2035,Vehicle battery,Copper,711.4212419416638,Vans,,BEV
Current Measures,Canada,2035,Vehicle battery,Lithium,838.8388464272225,Vans,,BEV
Current Measures,Canada,2035,Vehicle battery,Nickel,1264.7490253327667,Vans,,BEV
Current Measures,Canada,2035,Vehicle battery,Nickel,160.91677410244043,Vans,,BEV
Current Measures,Canada,2035,Vehicle battery,Cobalt,0.7638796088386609,Buses,,FCEV
Current Measures,Canada,2035,Vehicle battery,Copper,1.12102741154444,Buses,,FCEV
Current Measures,Canada,2035,Vehicle battery,Lithium,1.3218066670974418,Buses,,FCEV
Current Measures,Canada,2035,Vehicle battery,Nickel,1.9929378581001178,Buses,,FCEV
Current Measures,Canada,2035,Vehicle battery,Cobalt,0.10449248691491522,Cars,,FCEV
Current Measures,Canada,2035,Vehicle battery,Copper,0.033535003468871644,Cars,,FCEV
Current Measures,Canada,2035,Vehicle battery,Lithium,0.008737829729416089,Cars,,FCEV
Current Measures,Canada,2035,Vehicle battery,Nickel,0.009518783641115285,Cars,,FCEV
Current Measures,Canada,2035,Vehicle battery,Cobalt,0.0,Cars,,FCEV
Current Measures,Canada,2035,Vehicle battery,Copper,0.0,Cars,,FCEV
Current Measures,Canada,2035,Vehicle battery,Lithium,0.0,Cars,,FCEV
Current Measures,Canada,2035,Vehicle battery,Cobalt,0.0065081798552870185,Cars,,FCEV
Current Measures,Canada,2035,Vehicle battery,Copper,0.021104412013075346,Cars,,FCEV
Current Measures,Canada,2035,Vehicle battery,Graphite,0.002839557489516983,Cars,,FCEV
Current Measures,Canada,2035,Vehicle battery,Lithium,0.007789084670901193,Cars,,FCEV
Current Measures,Canada,2035,Vehicle battery,Nickel,0.03444033663216227,Cars,,FCEV
Current Measures,Canada,2035,Vehicle battery,Cobalt,0.020565989468733177,Cars,,FCEV
Current Measures,Canada,2035,Vehicle battery,Copper,0.030181507233888766,Cars,,FCEV
Current Measures,Canada,2035,Vehicle battery,Lithium,0.03558710257570035,Cars,,FCEV
Current Measures,Canada,2035,Vehicle battery,Nickel,0.05365601925654163,Cars,,FCEV
Current Measures,Canada,2035,Vehicle battery,Nickel,0.006826772234648989,Cars,,FCEV
Current Measures,Canada,2035,Vehicle battery,Cobalt,3.525598194639973,Trucks,,FCEV
Current Measures,Canada,2035,Vehicle battery,Copper,5.173972668666645,Trucks,,FCEV
Current Measures,Canada,2035,Vehicle battery,Lithium,6.100646155834346,Trucks,,FCEV
Current Measures,Canada,2035,Vehicle battery,Nickel,9.19817472969285,Trucks,,FCEV
Current Measures,Canada,2035,Vehicle battery,Cobalt,2776.514652310604,Cars,,PHEV
Current Measures,Canada,2035,Vehicle battery,Copper,891.0729493157321,Cars,,PHEV
Current Measures,Canada,2035,Vehicle battery,Lithium,232.17661852448467,Cars,,PHEV
Current Measures,Canada,2035,Vehicle battery,Nickel,252.92767960677756,Cars,,PHEV
Current Measures,Canada,2035,Vehicle battery,Cobalt,0.0,Cars,,PHEV
Current Measures,Canada,2035,Vehicle battery,Copper,0.0,Cars,,PHEV
Current Measures,Canada,2035,Vehicle battery,Lithium,0.0,Cars,,PHEV
Current Measures,Canada,2035,Vehicle battery,Cobalt,172.93163615476936,Cars,,PHEV
Current Measures,Canada,2035,Vehicle battery,Copper,560.7743763474306,Cars,,PHEV
Current Measures,Canada,2035,Vehicle battery,Graphite,75.45109900716555,Cars,,PHEV
Current Measures,Canada,2035,Vehicle battery,Lithium,206.96710696966028,Cars,,PHEV
Current Measures,Canada,2035,Vehicle battery,Nickel,915.1289447974546,Cars,,PHEV
Current Measures,Canada,2035,Vehicle battery,Cobalt,546.4677201691957,Cars,,PHEV
Current Measures,Canada,2035,Vehicle battery,Copper,801.96576364333,Cars,,PHEV
Current Measures,Canada,2035,Vehicle battery,Lithium,945.6001541543235,Cars,,PHEV
Current Measures,Canada,2035,Vehicle battery,Nickel,1425.7170831023918,Cars,,PHEV
Current Measures,Canada,2035,Vehicle battery,Nickel,181.39709080638738,Cars,,PHEV
Current Measures,Canada,2035,Vehicle battery,Cobalt,416.53690783911355,Vans,,PHEV
Current Measures,Canada,2035,Vehicle battery,Copper,133.68010525648492,Vans,,PHEV
Current Measures,Canada,2035,Vehicle battery,Lithium,34.83148582423237,Vans,,PHEV
Current Measures,Canada,2035,Vehicle battery,Nickel,37.94459124595441,Vans,,PHEV
Current Measures,Canada,2035,Vehicle battery,Cobalt,0.0,Vans,,PHEV
Current Measures,Canada,2035,Vehicle battery,Copper,0.0,Vans,,PHEV
Current Measures,Canada,2035,Vehicle battery,Lithium,0.0,Vans,,PHEV
Current Measures,Canada,2035,Vehicle battery,Cobalt,25.94346438313271,Vans,,PHEV
Current Measures,Canada,2035,Vehicle battery,Copper,84.12821611612208,Vans,,PHEV
Current Measures,Canada,2035,Vehicle battery,Graphite,11.319287455354559,Vans,,PHEV
Current Measures,Canada,2035,Vehicle battery,Lithium,31.049516950975274,Vans,,PHEV
Current Measures,Canada,2035,Vehicle battery,Nickel,137.28902191197943,Vans,,PHEV
Current Measures,Canada,2035,Vehicle battery,Cobalt,81.98191001936151,Vans,,PHEV
Current Measures,Canada,2035,Vehicle battery,Copper,120.31211112206175,Vans,,PHEV
Current Measures,Canada,2035,Vehicle battery,Lithium,141.86035861033466,Vans,,PHEV
Current Measures,Canada,2035,Vehicle battery,Nickel,213.88822304779112,Vans,,PHEV
Current Measures,Canada,2035,Vehicle battery,Nickel,27.213464633663634,Vans,,PHEV
Current Measures,Canada,2036,Vehicle battery,Cobalt,6.729049956787241,2 and 3 wheelers,,BEV
Current Measures,Canada,2036,Vehicle battery,Copper,2.1595687910731534,2 and 3 wheelers,,BEV
Current Measures,Canada,2036,Vehicle battery,Lithium,0.5626939744578795,2 and 3 wheelers,,BEV
Current Measures,Canada,2036,Vehicle battery,Nickel,0.6129854168469514,2 and 3 wheelers,,BEV
Current Measures,Canada,2036,Vehicle battery,Cobalt,116.8585878319867,Buses,,BEV
Current Measures,Canada,2036,Vehicle battery,Copper,171.4951920672352,Buses,,BEV
Current Measures,Canada,2036,Vehicle battery,Lithium,202.21047756301144,Buses,,BEV
Current Measures,Canada,2036,Vehicle battery,Nickel,304.88037779743007,Buses,,BEV
Current Measures,Canada,2036,Vehicle battery,Cobalt,42366.62629655654,Cars,,BEV
Current Measures,Canada,2036,Vehicle battery,Copper,13596.814486540972,Cars,,BEV
Current Measures,Canada,2036,Vehicle battery,Lithium,3542.7653960475523,Cars,,BEV
Current Measures,Canada,2036,Vehicle battery,Nickel,3859.404261756002,Cars,,BEV
Current Measures,Canada,2036,Vehicle battery,Cobalt,0.0,Cars,,BEV
Current Measures,Canada,2036,Vehicle battery,Copper,0.0,Cars,,BEV
Current Measures,Canada,2036,Vehicle battery,Lithium,0.0,Cars,,BEV
Current Measures,Canada,2036,Vehicle battery,Cobalt,2346.9657737066086,Cars,,BEV
Current Measures,Canada,2036,Vehicle battery,Copper,7610.627513413431,Cars,,BEV
Current Measures,Canada,2036,Vehicle battery,Graphite,1023.9950936443067,Cars,,BEV
Current Measures,Canada,2036,Vehicle battery,Lithium,2808.8829039131865,Cars,,BEV
Current Measures,Canada,2036,Vehicle battery,Nickel,12419.799868461696,Cars,,BEV
Current Measures,Canada,2036,Vehicle battery,Cobalt,7788.71762391289,Cars,,BEV
Current Measures,Canada,2036,Vehicle battery,Copper,11430.290658576518,Cars,,BEV
Current Measures,Canada,2036,Vehicle battery,Lithium,13477.488814080714,Cars,,BEV
Current Measures,Canada,2036,Vehicle battery,Nickel,20320.519148752523,Cars,,BEV
Current Measures,Canada,2036,Vehicle battery,Nickel,2484.034751689644,Cars,,BEV
Current Measures,Canada,2036,Vehicle battery,Cobalt,1298.428753688741,Trucks,,BEV
Current Measures,Canada,2036,Vehicle battery,Copper,1905.502134080391,Trucks,,BEV
Current Measures,Canada,2036,Vehicle battery,Lithium,2246.7830840334605,Trucks,,BEV
Current Measures,Canada,2036,Vehicle battery,Nickel,3387.559753304779,Trucks,,BEV
Current Measures,Canada,2036,Vehicle battery,Cobalt,2830.159246531105,Vans,,BEV
Current Measures,Canada,2036,Vehicle battery,Copper,908.2892268337087,Vans,,BEV
Current Measures,Canada,2036,Vehicle battery,Lithium,236.66246572787287,Vans,,BEV
Current Measures,Canada,2036,Vehicle battery,Nickel,257.8144547326884,Vans,,BEV
Current Measures,Canada,2036,Vehicle battery,Cobalt,0.0,Vans,,BEV
Current Measures,Canada,2036,Vehicle battery,Copper,0.0,Vans,,BEV
Current Measures,Canada,2036,Vehicle battery,Lithium,0.0,Vans,,BEV
Current Measures,Canada,2036,Vehicle battery,Cobalt,156.78111443789086,Vans,,BEV
Current Measures,Canada,2036,Vehicle battery,Copper,508.402242798873,Vans,,BEV
Current Measures,Canada,2036,Vehicle battery,Graphite,68.40453054708932,Vans,,BEV
Current Measures,Canada,2036,Vehicle battery,Lithium,187.63792677962584,Vans,,BEV
Current Measures,Canada,2036,Vehicle battery,Nickel,829.6627442494656,Vans,,BEV
Current Measures,Canada,2036,Vehicle battery,Cobalt,520.2989505852742,Vans,,BEV
Current Measures,Canada,2036,Vehicle battery,Copper,763.561926585071,Vans,,BEV
Current Measures,Canada,2036,Vehicle battery,Lithium,900.3180786734082,Vans,,BEV
Current Measures,Canada,2036,Vehicle battery,Nickel,1357.4435868599865,Vans,,BEV
Current Measures,Canada,2036,Vehicle battery,Nickel,165.93754414121102,Vans,,BEV
Current Measures,Canada,2036,Vehicle battery,Cobalt,0.8439786898976815,Buses,,FCEV
Current Measures,Canada,2036,Vehicle battery,Copper,1.2385763871522542,Buses,,FCEV
Current Measures,Canada,2036,Vehicle battery,Lithium,1.4604090046217493,Buses,,FCEV
Current Measures,Canada,2036,Vehicle battery,Nickel,2.201913839648106,Buses,,FCEV
Current Measures,Canada,2036,Vehicle battery,Cobalt,0.12006736197404688,Cars,,FCEV
Current Measures,Canada,2036,Vehicle battery,Copper,0.038533482350520974,Cars,,FCEV
Current Measures,Canada,2036,Vehicle battery,Lithium,0.010040225818758245,Cars,,FCEV
Current Measures,Canada,2036,Vehicle battery,Nickel,0.010937582928053448,Cars,,FCEV
Current Measures,Canada,2036,Vehicle battery,Cobalt,0.0,Cars,,FCEV
Current Measures,Canada,2036,Vehicle battery,Copper,0.0,Cars,,FCEV
Current Measures,Canada,2036,Vehicle battery,Lithium,0.0,Cars,,FCEV
Current Measures,Canada,2036,Vehicle battery,Cobalt,0.006651320006455976,Cars,,FCEV
Current Measures,Canada,2036,Vehicle battery,Copper,0.021568579997527943,Cars,,FCEV
Current Measures,Canada,2036,Vehicle battery,Graphite,0.002902010386846214,Cars,,FCEV
Current Measures,Canada,2036,Vehicle battery,Lithium,0.007960396893681096,Cars,,FCEV
Current Measures,Canada,2036,Vehicle battery,Nickel,0.03519781339240157,Cars,,FCEV
Current Measures,Canada,2036,Vehicle battery,Cobalt,0.0220732888127086,Cars,,FCEV
Current Measures,Canada,2036,Vehicle battery,Copper,0.03239353627936665,Cars,,FCEV
Current Measures,Canada,2036,Vehicle battery,Lithium,0.03819531242856882,Cars,,FCEV
Current Measures,Canada,2036,Vehicle battery,Nickel,0.05758851580618124,Cars,,FCEV
Current Measures,Canada,2036,Vehicle battery,Nickel,0.007039774599930165,Cars,,FCEV
Current Measures,Canada,2036,Vehicle battery,Cobalt,3.8952862610662233,Trucks,,FCEV
Current Measures,Canada,2036,Vehicle battery,Copper,5.716506402241174,Trucks,,FCEV
Current Measures,Canada,2036,Vehicle battery,Lithium,6.740349252100382,Trucks,,FCEV
Current Measures,Canada,2036,Vehicle battery,Nickel,10.162679259914338,Trucks,,FCEV
Current Measures,Canada,2036,Vehicle battery,Cobalt,3190.3613324532457,Cars,,PHEV
Current Measures,Canada,2036,Vehicle battery,Copper,1023.8896738852717,Cars,,PHEV
Current Measures,Canada,2036,Vehicle battery,Lithium,266.78314318414766,Cars,,PHEV
Current Measures,Canada,2036,Vehicle battery,Nickel,290.62720351684874,Cars,,PHEV
Current Measures,Canada,2036,Vehicle battery,Cobalt,0.0,Cars,,PHEV
Current Measures,Canada,2036,Vehicle battery,Copper,0.0,Cars,,PHEV
Current Measures,Canada,2036,Vehicle battery,Lithium,0.0,Cars,,PHEV
Current Measures,Canada,2036,Vehicle battery,Cobalt,176.7350744572588,Cars,,PHEV
Current Measures,Canada,2036,Vehicle battery,Copper,573.1079827914568,Cars,,PHEV
Current Measures,Canada,2036,Vehicle battery,Graphite,77.11056170762797,Cars,,PHEV
Current Measures,Canada,2036,Vehicle battery,Lithium,211.51911746066912,Cars,,PHEV
Current Measures,Canada,2036,Vehicle battery,Nickel,935.2561844266703,Cars,,PHEV
Current Measures,Canada,2036,Vehicle battery,Cobalt,586.5188170234,Cars,,PHEV
Current Measures,Canada,2036,Vehicle battery,Copper,860.7425354231709,Cars,,PHEV
Current Measures,Canada,2036,Vehicle battery,Lithium,1014.9040159591146,Cars,,PHEV
Current Measures,Canada,2036,Vehicle battery,Nickel,1530.2091342785302,Cars,,PHEV
Current Measures,Canada,2036,Vehicle battery,Nickel,187.05686794100154,Cars,,PHEV
Current Measures,Canada,2036,Vehicle battery,Cobalt,478.62280978911485,Vans,,PHEV
Current Measures,Canada,2036,Vehicle battery,Copper,153.60547021556243,Vans,,PHEV
Current Measures,Canada,2036,Vehicle battery,Lithium,40.023208749518574,Vans,,PHEV
Current Measures,Canada,2036,Vehicle battery,Nickel,43.600330574914764,Vans,,PHEV
Current Measures,Canada,2036,Vehicle battery,Cobalt,0.0,Vans,,PHEV
Current Measures,Canada,2036,Vehicle battery,Copper,0.0,Vans,,PHEV
Current Measures,Canada,2036,Vehicle battery,Lithium,0.0,Vans,,PHEV
Current Measures,Canada,2036,Vehicle battery,Cobalt,26.514061922878216,Vans,,PHEV
Current Measures,Canada,2036,Vehicle battery,Copper,85.97852232157423,Vans,,PHEV
Current Measures,Canada,2036,Vehicle battery,Graphite,11.568242547793819,Vans,,PHEV
Current Measures,Canada,2036,Vehicle battery,Lithium,31.73241641732532,Vans,,PHEV
Current Measures,Canada,2036,Vehicle battery,Nickel,140.30854070022474,Vans,,PHEV
Current Measures,Canada,2036,Vehicle battery,Cobalt,87.99043586140294,Vans,,PHEV
Current Measures,Canada,2036,Vehicle battery,Copper,129.12989090563525,Vans,,PHEV
Current Measures,Canada,2036,Vehicle battery,Lithium,152.25742828668348,Vans,,PHEV
Current Measures,Canada,2036,Vehicle battery,Nickel,229.5642778650973,Vans,,PHEV
Current Measures,Canada,2036,Vehicle battery,Nickel,28.062552919493047,Vans,,PHEV
Current Measures,Canada,2037,Vehicle battery,Cobalt,7.378003926545582,2 and 3 wheelers,,BEV
Current Measures,Canada,2037,Vehicle battery,Copper,2.36783901479464,2 and 3 wheelers,,BEV
Current Measures,Canada,2037,Vehicle battery,Lithium,0.6169605486144911,2 and 3 wheelers,,BEV
Current Measures,Canada,2037,Vehicle battery,Nickel,0.6721021305318542,2 and 3 wheelers,,BEV
Current Measures,Canada,2037,Vehicle battery,Cobalt,128.12850631393073,Buses,,BEV
Current Measures,Canada,2037,Vehicle battery,Copper,188.0343003219222,Buses,,BEV
Current Measures,Canada,2037,Vehicle battery,Lithium,221.71178799820677,Buses,,BEV
Current Measures,Canada,2037,Vehicle battery,Nickel,334.28324042196743,Buses,,BEV
Current Measures,Canada,2037,Vehicle battery,Cobalt,48239.1256726789,Cars,,BEV
Current Measures,Canada,2037,Vehicle battery,Copper,15481.488617319073,Cars,,BEV
Current Measures,Canada,2037,Vehicle battery,Lithium,4033.833234029452,Cars,,BEV
Current Measures,Canada,2037,Vehicle battery,Nickel,4394.361871095035,Cars,,BEV
Current Measures,Canada,2037,Vehicle battery,Cobalt,0.0,Cars,,BEV
Current Measures,Canada,2037,Vehicle battery,Copper,0.0,Cars,,BEV
Current Measures,Canada,2037,Vehicle battery,Lithium,0.0,Cars,,BEV
Current Measures,Canada,2037,Vehicle battery,Cobalt,2364.6620346294303,Cars,,BEV
Current Measures,Canada,2037,Vehicle battery,Copper,7668.012095571639,Cars,,BEV
Current Measures,Canada,2037,Vehicle battery,Graphite,1031.7160772921425,Cars,,BEV
Current Measures,Canada,2037,Vehicle battery,Lithium,2830.0620473528447,Cars,,BEV
Current Measures,Canada,2037,Vehicle battery,Nickel,12513.44589497976,Cars,,BEV
Current Measures,Canada,2037,Vehicle battery,Cobalt,8288.694087022612,Cars,,BEV
Current Measures,Canada,2037,Vehicle battery,Copper,12164.028427968155,Cars,,BEV
Current Measures,Canada,2037,Vehicle battery,Lithium,14342.641142645898,Cars,,BEV
Current Measures,Canada,2037,Vehicle battery,Nickel,21624.942005392513,Cars,,BEV
Current Measures,Canada,2037,Vehicle battery,Nickel,2529.0540641097487,Cars,,BEV
Current Measures,Canada,2037,Vehicle battery,Cobalt,1423.650070154786,Trucks,,BEV
Current Measures,Canada,2037,Vehicle battery,Copper,2089.270003576913,Trucks,,BEV
Current Measures,Canada,2037,Vehicle battery,Lithium,2463.4643110911866,Trucks,,BEV
Current Measures,Canada,2037,Vehicle battery,Nickel,3714.2582269107493,Trucks,,BEV
Current Measures,Canada,2037,Vehicle battery,Cobalt,3222.451714976525,Vans,,BEV
Current Measures,Canada,2037,Vehicle battery,Copper,1034.1885108735412,Vans,,BEV
Current Measures,Canada,2037,Vehicle battery,Lithium,269.46659255662325,Vans,,BEV
Current Measures,Canada,2037,Vehicle battery,Nickel,293.55048936464806,Vans,,BEV
Current Measures,Canada,2037,Vehicle battery,Cobalt,0.0,Vans,,BEV
Current Measures,Canada,2037,Vehicle battery,Copper,0.0,Vans,,BEV
Current Measures,Canada,2037,Vehicle battery,Lithium,0.0,Vans,,BEV
Current Measures,Canada,2037,Vehicle battery,Cobalt,157.96325332544774,Vans,,BEV
Current Measures,Canada,2037,Vehicle battery,Copper,512.2356258175386,Vans,,BEV
Current Measures,Canada,2037,Vehicle battery,Graphite,68.92030475838197,Vans,,BEV
Current Measures,Canada,2037,Vehicle battery,Lithium,189.05272785960295,Vans,,BEV
Current Measures,Canada,2037,Vehicle battery,Nickel,835.9184504743565,Vans,,BEV
Current Measures,Canada,2037,Vehicle battery,Cobalt,553.6981879994863,Vans,,BEV
Current Measures,Canada,2037,Vehicle battery,Copper,812.576797819735,Vans,,BEV
Current Measures,Canada,2037,Vehicle battery,Lithium,958.1116552779649,Vans,,BEV
Current Measures,Canada,2037,Vehicle battery,Nickel,1444.5811461092164,Vans,,BEV
Current Measures,Canada,2037,Vehicle battery,Nickel,168.94490711664312,Vans,,BEV
Current Measures,Canada,2037,Vehicle battery,Cobalt,0.9253725456006108,Buses,,FCEV
Current Measures,Canada,2037,Vehicle battery,Copper,1.3580255023249934,Buses,,FCEV
Current Measures,Canada,2037,Vehicle battery,Lithium,1.6012518022092712,Buses,,FCEV
Current Measures,Canada,2037,Vehicle battery,Nickel,2.414267847491987,Buses,,FCEV
Current Measures,Canada,2037,Vehicle battery,Cobalt,0.1367100727565799,Cars,,FCEV
Current Measures,Canada,2037,Vehicle battery,Copper,0.0438746640976654,Cars,,FCEV
Current Measures,Canada,2037,Vehicle battery,Lithium,0.011431916047856748,Cars,,FCEV
Current Measures,Canada,2037,Vehicle battery,Nickel,0.01245365712456083,Cars,,FCEV
Current Measures,Canada,2037,Vehicle battery,Cobalt,0.0,Cars,,FCEV
Current Measures,Canada,2037,Vehicle battery,Copper,0.0,Cars,,FCEV
Current Measures,Canada,2037,Vehicle battery,Lithium,0.0,Cars,,FCEV
Current Measures,Canada,2037,Vehicle battery,Cobalt,0.006701471353200815,Cars,,FCEV
Current Measures,Canada,2037,Vehicle battery,Copper,0.021731208368016793,Cars,,FCEV
Current Measures,Canada,2037,Vehicle battery,Graphite,0.0029238917170222663,Cars,,FCEV
Current Measures,Canada,2037,Vehicle battery,Lithium,0.008020418757680128,Cars,,FCEV
Current Measures,Canada,2037,Vehicle battery,Nickel,0.035463206989821194,Cars,,FCEV
Current Measures,Canada,2037,Vehicle battery,Cobalt,0.02349022615755397,Cars,,FCEV
Current Measures,Canada,2037,Vehicle battery,Copper,0.03447295505901907,Cars,,FCEV
Current Measures,Canada,2037,Vehicle battery,Lithium,0.04064716113300459,Cars,,FCEV
Current Measures,Canada,2037,Vehicle battery,Nickel,0.061285260744027376,Cars,,FCEV
Current Measures,Canada,2037,Vehicle battery,Nickel,0.0071673596958575884,Cars,,FCEV
Current Measures,Canada,2037,Vehicle battery,Cobalt,4.270950210464357,Trucks,,FCEV
Current Measures,Canada,2037,Vehicle battery,Copper,6.26781001073074,Trucks,,FCEV
Current Measures,Canada,2037,Vehicle battery,Lithium,7.390392933273559,Trucks,,FCEV
Current Measures,Canada,2037,Vehicle battery,Nickel,11.142774680732249,Trucks,,FCEV
Current Measures,Canada,2037,Vehicle battery,Cobalt,3632.5819332462656,Cars,,PHEV
Current Measures,Canada,2037,Vehicle battery,Copper,1165.8125031665375,Cars,,PHEV
Current Measures,Canada,2037,Vehicle battery,Lithium,303.7623407001936,Cars,,PHEV
Current Measures,Canada,2037,Vehicle battery,Nickel,330.9114607383306,Cars,,PHEV
Current Measures,Canada,2037,Vehicle battery,Cobalt,0.0,Cars,,PHEV
Current Measures,Canada,2037,Vehicle battery,Copper,0.0,Cars,,PHEV
Current Measures,Canada,2037,Vehicle battery,Lithium,0.0,Cars,,PHEV
Current Measures,Canada,2037,Vehicle battery,Cobalt,178.0676673850502,Cars,,PHEV
Current Measures,Canada,2037,Vehicle battery,Copper,577.4292509215891,Cars,,PHEV
Current Measures,Canada,2037,Vehicle battery,Graphite,77.69197990944879,Cars,,PHEV
Current Measures,Canada,2037,Vehicle battery,Lithium,213.11398413264337,Cars,,PHEV
Current Measures,Canada,2037,Vehicle battery,Nickel,942.3080714438202,Cars,,PHEV
Current Measures,Canada,2037,Vehicle battery,Cobalt,624.1688664721484,Cars,,PHEV
Current Measures,Canada,2037,Vehicle battery,Copper,915.9956629967925,Cars,,PHEV
Current Measures,Canada,2037,Vehicle battery,Lithium,1080.0531386769787,Cars,,PHEV
Current Measures,Canada,2037,Vehicle battery,Nickel,1628.4369283412987,Cars,,PHEV
Current Measures,Canada,2037,Vehicle battery,Nickel,190.4469862042159,Cars,,PHEV
Current Measures,Canada,2037,Vehicle battery,Cobalt,544.9654100285151,Vans,,PHEV
Current Measures,Canada,2037,Vehicle battery,Copper,174.89694671160788,Vans,,PHEV
Current Measures,Canada,2037,Vehicle battery,Lithium,45.57088362848496,Vans,,PHEV
Current Measures,Canada,2037,Vehicle battery,Nickel,49.64383548624934,Vans,,PHEV
Current Measures,Canada,2037,Vehicle battery,Cobalt,0.0,Vans,,PHEV
Current Measures,Canada,2037,Vehicle battery,Copper,0.0,Vans,,PHEV
Current Measures,Canada,2037,Vehicle battery,Lithium,0.0,Vans,,PHEV
Current Measures,Canada,2037,Vehicle battery,Cobalt,26.71397951995936,Vans,,PHEV
Current Measures,Canada,2037,Vehicle battery,Copper,86.6268054715915,Vans,,PHEV
Current Measures,Canada,2037,Vehicle battery,Graphite,11.655467781684187,Vans,,PHEV
Current Measures,Canada,2037,Vehicle battery,Lithium,31.971680716329466,Vans,,PHEV
Current Measures,Canada,2037,Vehicle battery,Nickel,141.3664754062815,Vans,,PHEV
Current Measures,Canada,2037,Vehicle battery,Cobalt,93.638752957198,Vans,,PHEV
Current Measures,Canada,2037,Vehicle battery,Copper,137.41904828098114,Vans,,PHEV
Current Measures,Canada,2037,Vehicle battery,Lithium,162.03119775076567,Vans,,PHEV
Current Measures,Canada,2037,Vehicle battery,Nickel,244.3005594001914,Vans,,PHEV
Current Measures,Canada,2037,Vehicle battery,Nickel,28.571143564744304,Vans,,PHEV
Current Measures,Canada,2038,Vehicle battery,Cobalt,8.034724073433178,2 and 3 wheelers,,BEV
Current Measures,Canada,2038,Vehicle battery,Copper,2.5786016548099564,2 and 3 wheelers,,BEV
Current Measures,Canada,2038,Vehicle battery,Lithium,0.6718765429869233,2 and 3 wheelers,,BEV
Current Measures,Canada,2038,Vehicle battery,Nickel,0.7319263071358105,2 and 3 wheelers,,BEV
Current Measures,Canada,2038,Vehicle battery,Cobalt,139.53329442799316,Buses,,BEV
Current Measures,Canada,2038,Vehicle battery,Copper,204.77133577984935,Buses,,BEV
Current Measures,Canada,2038,Vehicle battery,Lithium,241.446474971878,Buses,,BEV
Current Measures,Canada,2038,Vehicle battery,Nickel,364.03797367198916,Buses,,BEV
Current Measures,Canada,2038,Vehicle battery,Cobalt,54478.580090062605,Cars,,BEV
Current Measures,Canada,2038,Vehicle battery,Copper,17483.930435946728,Cars,,BEV
Current Measures,Canada,2038,Vehicle battery,Lithium,4555.586442448591,Cars,,BEV
Current Measures,Canada,2038,Vehicle battery,Nickel,4962.747392305162,Cars,,BEV
Current Measures,Canada,2038,Vehicle battery,Cobalt,0.0,Cars,,BEV
Current Measures,Canada,2038,Vehicle battery,Copper,0.0,Cars,,BEV
Current Measures,Canada,2038,Vehicle battery,Lithium,0.0,Cars,,BEV
Current Measures,Canada,2038,Vehicle battery,Cobalt,2347.9234878594357,Cars,,BEV
Current Measures,Canada,2038,Vehicle battery,Copper,7613.733142717083,Cars,,BEV
Current Measures,Canada,2038,Vehicle battery,Graphite,1024.4129500121308,Cars,,BEV
Current Measures,Canada,2038,Vehicle battery,Lithium,2810.029110194015,Cars,,BEV
Current Measures,Canada,2038,Vehicle battery,Nickel,12424.86795178978,Cars,,BEV
Current Measures,Canada,2038,Vehicle battery,Cobalt,8752.945707609986,Cars,,BEV
Current Measures,Canada,2038,Vehicle battery,Copper,12845.338396856583,Cars,,BEV
Current Measures,Canada,2038,Vehicle battery,Lithium,15145.975699823206,Cars,,BEV
Current Measures,Canada,2038,Vehicle battery,Nickel,22836.159872249227,Cars,,BEV
Current Measures,Canada,2038,Vehicle battery,Nickel,2542.307578566985,Cars,,BEV
Current Measures,Canada,2038,Vehicle battery,Cobalt,1550.3699380888131,Trucks,,BEV
Current Measures,Canada,2038,Vehicle battery,Copper,2275.2370642205487,Trucks,,BEV
Current Measures,Canada,2038,Vehicle battery,Lithium,2682.7386107986445,Trucks,,BEV
Current Measures,Canada,2038,Vehicle battery,Nickel,4044.866374133213,Trucks,,BEV
Current Measures,Canada,2038,Vehicle battery,Cobalt,3639.2573744373813,Vans,,BEV
Current Measures,Canada,2038,Vehicle battery,Copper,1167.9548671786276,Vans,,BEV
Current Measures,Canada,2038,Vehicle battery,Lithium,304.32055182348887,Vans,,BEV
Current Measures,Canada,2038,Vehicle battery,Nickel,331.5195626438672,Vans,,BEV
Current Measures,Canada,2038,Vehicle battery,Cobalt,0.0,Vans,,BEV
Current Measures,Canada,2038,Vehicle battery,Copper,0.0,Vans,,BEV
Current Measures,Canada,2038,Vehicle battery,Lithium,0.0,Vans,,BEV
Current Measures,Canada,2038,Vehicle battery,Cobalt,156.8450912942538,Vans,,BEV
Current Measures,Canada,2038,Vehicle battery,Copper,508.6097038657161,Vans,,BEV
Current Measures,Canada,2038,Vehicle battery,Graphite,68.43244402915045,Vans,,BEV
Current Measures,Canada,2038,Vehicle battery,Lithium,187.71449521538966,Vans,,BEV
Current Measures,Canada,2038,Vehicle battery,Nickel,830.0013004232039,Vans,,BEV
Current Measures,Canada,2038,Vehicle battery,Cobalt,584.7109480792095,Vans,,BEV
Current Measures,Canada,2038,Vehicle battery,Copper,858.0894070774641,Vans,,BEV
Current Measures,Canada,2038,Vehicle battery,Lithium,1011.7757046440604,Vans,,BEV
Current Measures,Canada,2038,Vehicle battery,Nickel,1525.492461101669,Vans,,BEV
Current Measures,Canada,2038,Vehicle battery,Nickel,169.83026334556783,Vans,,BEV
Current Measures,Canada,2038,Vehicle battery,Cobalt,1.0077404597577284,Buses,,FCEV
Current Measures,Canada,2038,Vehicle battery,Copper,1.4789040917433565,Buses,,FCEV
Current Measures,Canada,2038,Vehicle battery,Lithium,1.7437800970191188,Buses,,FCEV
Current Measures,Canada,2038,Vehicle battery,Nickel,2.629163143186589,Buses,,FCEV
Current Measures,Canada,2038,Vehicle battery,Cobalt,0.15439273709734347,Cars,,FCEV
Current Measures,Canada,2038,Vehicle battery,Copper,0.04954960042575996,Cars,,FCEV
Current Measures,Canada,2038,Vehicle battery,Lithium,0.012910568865238923,Cars,,FCEV
Current Measures,Canada,2038,Vehicle battery,Nickel,0.014064466293982244,Cars,,FCEV
Current Measures,Canada,2038,Vehicle battery,Cobalt,0.0,Cars,,FCEV
Current Measures,Canada,2038,Vehicle battery,Copper,0.0,Cars,,FCEV
Current Measures,Canada,2038,Vehicle battery,Lithium,0.0,Cars,,FCEV
Current Measures,Canada,2038,Vehicle battery,Cobalt,0.006654034176119858,Cars,,FCEV
Current Measures,Canada,2038,Vehicle battery,Copper,0.021577381376121287,Cars,,FCEV
Current Measures,Canada,2038,Vehicle battery,Graphite,0.0029031945951760794,Cars,,FCEV
Current Measures,Canada,2038,Vehicle battery,Lithium,0.007963645251561987,Cars,,FCEV
Current Measures,Canada,2038,Vehicle battery,Nickel,0.03521217638159047,Cars,,FCEV
Current Measures,Canada,2038,Vehicle battery,Cobalt,0.02480591900942101,Cars,,FCEV
Current Measures,Canada,2038,Vehicle battery,Copper,0.03640379302752878,Cars,,FCEV
Current Measures,Canada,2038,Vehicle battery,Lithium,0.04292381777277831,Cars,,FCEV
Current Measures,Canada,2038,Vehicle battery,Nickel,0.06471786198613141,Cars,,FCEV
Current Measures,Canada,2038,Vehicle battery,Nickel,0.007204920263145301,Cars,,FCEV
Current Measures,Canada,2038,Vehicle battery,Cobalt,4.651109814266438,Trucks,,FCEV
Current Measures,Canada,2038,Vehicle battery,Copper,6.825711192661646,Trucks,,FCEV
Current Measures,Canada,2038,Vehicle battery,Lithium,8.048215832395934,Trucks,,FCEV
Current Measures,Canada,2038,Vehicle battery,Nickel,12.134599122399639,Trucks,,FCEV
Current Measures,Canada,2038,Vehicle battery,Cobalt,4102.435585729411,Cars,,PHEV
Current Measures,Canada,2038,Vehicle battery,Copper,1316.6036684559076,Cars,,PHEV
Current Measures,Canada,2038,Vehicle battery,Lithium,343.05225841920566,Cars,,PHEV
Current Measures,Canada,2038,Vehicle battery,Nickel,373.7129615258139,Cars,,PHEV
Current Measures,Canada,2038,Vehicle battery,Cobalt,0.0,Cars,,PHEV
Current Measures,Canada,2038,Vehicle battery,Copper,0.0,Cars,,PHEV
Current Measures,Canada,2038,Vehicle battery,Lithium,0.0,Cars,,PHEV
Current Measures,Canada,2038,Vehicle battery,Cobalt,176.80719382261339,Cars,,PHEV
Current Measures,Canada,2038,Vehicle battery,Copper,573.3418479940799,Cars,,PHEV
Current Measures,Canada,2038,Vehicle battery,Graphite,77.14202781467868,Cars,,PHEV
Current Measures,Canada,2038,Vehicle battery,Lithium,211.60543097007564,Cars,,PHEV
Current Measures,Canada,2038,Vehicle battery,Nickel,935.6378295679754,Cars,,PHEV
Current Measures,Canada,2038,Vehicle battery,Cobalt,659.1287051074725,Cars,,PHEV
Current Measures,Canada,2038,Vehicle battery,Copper,967.3007861600503,Cars,,PHEV
Current Measures,Canada,2038,Vehicle battery,Lithium,1140.5471579623952,Cars,,PHEV
Current Measures,Canada,2038,Vehicle battery,Nickel,1719.6460470600632,Cars,,PHEV
Current Measures,Canada,2038,Vehicle battery,Nickel,191.44502413500368,Cars,,PHEV
Current Measures,Canada,2038,Vehicle battery,Cobalt,615.4535622806103,Vans,,PHEV
Current Measures,Canada,2038,Vehicle battery,Copper,197.51886432577228,Vans,,PHEV
Current Measures,Canada,2038,Vehicle battery,Lithium,51.465216230803854,Vans,,PHEV
Current Measures,Canada,2038,Vehicle battery,Nickel,56.06498106675437,Vans,,PHEV
Current Measures,Canada,2038,Vehicle battery,Cobalt,0.0,Vans,,PHEV
Current Measures,Canada,2038,Vehicle battery,Copper,0.0,Vans,,PHEV
Current Measures,Canada,2038,Vehicle battery,Lithium,0.0,Vans,,PHEV
Current Measures,Canada,2038,Vehicle battery,Cobalt,26.524881378635506,Vans,,PHEV
Current Measures,Canada,2038,Vehicle battery,Copper,86.01360713132694,Vans,,PHEV
Current Measures,Canada,2038,Vehicle battery,Graphite,11.572963140541903,Vans,,PHEV
Current Measures,Canada,2038,Vehicle battery,Lithium,31.74536529994081,Vans,,PHEV
Current Measures,Canada,2038,Vehicle battery,Nickel,140.36579567884294,Vans,,PHEV
Current Measures,Canada,2038,Vehicle battery,Cobalt,98.8834805769834,Vans,,PHEV
Current Measures,Canada,2038,Vehicle battery,Copper,145.11592009145184,Vans,,PHEV
Current Measures,Canada,2038,Vehicle battery,Lithium,171.10660159022945,Vans,,PHEV
Current Measures,Canada,2038,Vehicle battery,Nickel,257.98388869443016,Vans,,PHEV
Current Measures,Canada,2038,Vehicle battery,Nickel,28.720870717543786,Vans,,PHEV
Current Measures,Canada,2039,Vehicle battery,Cobalt,8.695588442352198,2 and 3 wheelers,,BEV
Current Measures,Canada,2039,Vehicle battery,Copper,2.79069430910958,2 and 3 wheelers,,BEV
Current Measures,Canada,2039,Vehicle battery,Lithium,0.7271390838675363,2 and 3 wheelers,,BEV
Current Measures,Canada,2039,Vehicle battery,Nickel,0.7921280032537774,2 and 3 wheelers,,BEV
Current Measures,Canada,2039,Vehicle battery,Cobalt,151.010052275876,Buses,,BEV
Current Measures,Canada,2039,Vehicle battery,Copper,221.61399003356675,Buses,,BEV
Current Measures,Canada,2039,Vehicle battery,Lithium,261.30569737350453,Buses,,BEV
Current Measures,Canada,2039,Vehicle battery,Nickel,393.9804736924659,Buses,,BEV
Current Measures,Canada,2039,Vehicle battery,Cobalt,61065.196090753714,Cars,,BEV
Current Measures,Canada,2039,Vehicle battery,Copper,19597.787584462665,Cars,,BEV
Current Measures,Canada,2039,Vehicle battery,Lithium,5106.369860532513,Cars,,BEV
Current Measures,Canada,2039,Vehicle battery,Nickel,5562.757732653732,Cars,,BEV
Current Measures,Canada,2039,Vehicle battery,Cobalt,0.0,Cars,,BEV
Current Measures,Canada,2039,Vehicle battery,Copper,0.0,Cars,,BEV
Current Measures,Canada,2039,Vehicle battery,Lithium,0.0,Cars,,BEV
Current Measures,Canada,2039,Vehicle battery,Cobalt,2295.1352735022433,Cars,,BEV
Current Measures,Canada,2039,Vehicle battery,Copper,7442.5540650024905,Cars,,BEV
Current Measures,Canada,2039,Vehicle battery,Graphite,1001.3811388499942,Cars,,BEV
Current Measures,Canada,2039,Vehicle battery,Lithium,2746.851404537981,Cars,,BEV
Current Measures,Canada,2039,Vehicle battery,Nickel,12145.520436340354,Cars,,BEV
Current Measures,Canada,2039,Vehicle battery,Cobalt,9176.85690695542,Cars,,BEV
Current Measures,Canada,2039,Vehicle battery,Copper,13467.44699751604,Cars,,BEV
Current Measures,Canada,2039,Vehicle battery,Lithium,15879.505752293051,Cars,,BEV
Current Measures,Canada,2039,Vehicle battery,Nickel,23942.13084970803,Cars,,BEV
Current Measures,Canada,2039,Vehicle battery,Nickel,2522.130423578848,Cars,,BEV
Current Measures,Canada,2039,Vehicle battery,Cobalt,1677.8894697319558,Trucks,,BEV
Current Measures,Canada,2039,Vehicle battery,Copper,2462.377667039631,Trucks,,BEV
Current Measures,Canada,2039,Vehicle battery,Lithium,2903.3966374833835,Trucks,,BEV
Current Measures,Canada,2039,Vehicle battery,Nickel,4377.5608188051765,Trucks,,BEV
Current Measures,Canada,2039,Vehicle battery,Cobalt,4079.253989868163,Vans,,BEV
Current Measures,Canada,2039,Vehicle battery,Copper,1309.1639479499352,Vans,,BEV
Current Measures,Canada,2039,Vehicle battery,Lithium,341.1137761084472,Vans,,BEV
Current Measures,Canada,2039,Vehicle battery,Nickel,371.6012250558161,Vans,,BEV
Current Measures,Canada,2039,Vehicle battery,Cobalt,0.0,Vans,,BEV
Current Measures,Canada,2039,Vehicle battery,Copper,0.0,Vans,,BEV
Current Measures,Canada,2039,Vehicle battery,Lithium,0.0,Vans,,BEV
Current Measures,Canada,2039,Vehicle battery,Cobalt,153.31875308820653,Vans,,BEV
Current Measures,Canada,2039,Vehicle battery,Copper,497.1746642612999,Vans,,BEV
Current Measures,Canada,2039,Vehicle battery,Graphite,66.89388174504009,Vans,,BEV
Current Measures,Canada,2039,Vehicle battery,Lithium,183.49412216549266,Vans,,BEV
Current Measures,Canada,2039,Vehicle battery,Nickel,811.3404340065417,Vans,,BEV
Current Measures,Canada,2039,Vehicle battery,Cobalt,613.0289026913538,Vans,,BEV
Current Measures,Canada,2039,Vehicle battery,Copper,899.6472690648363,Vans,,BEV
Current Measures,Canada,2039,Vehicle battery,Lithium,1060.7767000519648,Vans,,BEV
Current Measures,Canada,2039,Vehicle battery,Nickel,1599.373113442034,Vans,,BEV
Current Measures,Canada,2039,Vehicle battery,Nickel,168.4823967168056,Vans,,BEV
Current Measures,Canada,2039,Vehicle battery,Cobalt,1.090628155325771,Buses,,FCEV
Current Measures,Canada,2039,Vehicle battery,Copper,1.6005454835757598,Buses,,FCEV
Current Measures,Canada,2039,Vehicle battery,Lithium,1.887207814364199,Buses,,FCEV
Current Measures,Canada,2039,Vehicle battery,Nickel,2.845414532223365,Buses,,FCEV
Current Measures,Canada,2039,Vehicle battery,Cobalt,0.17305926017622514,Cars,,FCEV
Current Measures,Canada,2039,Vehicle battery,Copper,0.05554028870090634,Cars,,FCEV
Current Measures,Canada,2039,Vehicle battery,Lithium,0.01447149353187352,Cars,,FCEV
Current Measures,Canada,2039,Vehicle battery,Nickel,0.01576490045691341,Cars,,FCEV
Current Measures,Canada,2039,Vehicle battery,Cobalt,0.0,Cars,,FCEV
Current Measures,Canada,2039,Vehicle battery,Copper,0.0,Cars,,FCEV
Current Measures,Canada,2039,Vehicle battery,Lithium,0.0,Cars,,FCEV
Current Measures,Canada,2039,Vehicle battery,Cobalt,0.00650443194919664,Cars,,FCEV
Current Measures,Canada,2039,Vehicle battery,Copper,0.02109225848381272,Cars,,FCEV
Current Measures,Canada,2039,Vehicle battery,Graphite,0.0028379222558501858,Cars,,FCEV
Current Measures,Canada,2039,Vehicle battery,Lithium,0.007784599122172415,Cars,,FCEV
Current Measures,Canada,2039,Vehicle battery,Nickel,0.03442050326088359,Cars,,FCEV
Current Measures,Canada,2039,Vehicle battery,Cobalt,0.026007286780845313,Cars,,FCEV
Current Measures,Canada,2039,Vehicle battery,Copper,0.03816685383911427,Cars,,FCEV
Current Measures,Canada,2039,Vehicle battery,Lithium,0.045002647880992445,Cars,,FCEV
Current Measures,Canada,2039,Vehicle battery,Nickel,0.06785219269148024,Cars,,FCEV
Current Measures,Canada,2039,Vehicle battery,Nickel,0.007147738042531148,Cars,,FCEV
Current Measures,Canada,2039,Vehicle battery,Cobalt,5.033668409195867,Trucks,,FCEV
Current Measures,Canada,2039,Vehicle battery,Copper,7.387133001118892,Trucks,,FCEV
Current Measures,Canada,2039,Vehicle battery,Lithium,8.71018991245015,Trucks,,FCEV
Current Measures,Canada,2039,Vehicle battery,Nickel,13.13268245641553,Trucks,,FCEV
Current Measures,Canada,2039,Vehicle battery,Cobalt,4598.431770396838,Cars,,PHEV
Current Measures,Canada,2039,Vehicle battery,Copper,1475.784814052654,Cars,,PHEV
Current Measures,Canada,2039,Vehicle battery,Lithium,384.5282567040677,Cars,,PHEV
Current Measures,Canada,2039,Vehicle battery,Nickel,418.8959264265563,Cars,,PHEV
Current Measures,Canada,2039,Vehicle battery,Cobalt,0.0,Cars,,PHEV
Current Measures,Canada,2039,Vehicle battery,Copper,0.0,Cars,,PHEV
Current Measures,Canada,2039,Vehicle battery,Lithium,0.0,Cars,,PHEV
Current Measures,Canada,2039,Vehicle battery,Cobalt,172.83204893579648,Cars,,PHEV
Current Measures,Canada,2039,Vehicle battery,Copper,560.4514397127381,Cars,,PHEV
Current Measures,Canada,2039,Vehicle battery,Graphite,75.40764851259064,Cars,,PHEV
Current Measures,Canada,2039,Vehicle battery,Lithium,206.8479195320099,Cars,,PHEV
Current Measures,Canada,2039,Vehicle battery,Nickel,914.6019437891924,Cars,,PHEV
Current Measures,Canada,2039,Vehicle battery,Cobalt,691.0507630338897,Cars,,PHEV
Current Measures,Canada,2039,Vehicle battery,Copper,1014.1478305821792,Cars,,PHEV
Current Measures,Canada,2039,Vehicle battery,Lithium,1195.784643694942,Cars,,PHEV
Current Measures,Canada,2039,Vehicle battery,Nickel,1802.9296915164748,Cars,,PHEV
Current Measures,Canada,2039,Vehicle battery,Nickel,189.92561084439907,Cars,,PHEV
Current Measures,Canada,2039,Vehicle battery,Cobalt,689.8636565653409,Vans,,PHEV
Current Measures,Canada,2039,Vehicle battery,Copper,221.39945941572722,Vans,,PHEV
Current Measures,Canada,2039,Vehicle battery,Lithium,57.68750793048552,Vans,,PHEV
Current Measures,Canada,2039,Vehicle battery,Nickel,62.84339747853026,Vans,,PHEV
Current Measures,Canada,2039,Vehicle battery,Cobalt,0.0,Vans,,PHEV
Current Measures,Canada,2039,Vehicle battery,Copper,0.0,Vans,,PHEV
Current Measures,Canada,2039,Vehicle battery,Lithium,0.0,Vans,,PHEV
Current Measures,Canada,2039,Vehicle battery,Cobalt,25.928524158626153,Vans,,PHEV
Current Measures,Canada,2039,Vehicle battery,Copper,84.07976867604432,Vans,,PHEV
Current Measures,Canada,2039,Vehicle battery,Graphite,11.312768946749083,Vans,,PHEV
Current Measures,Canada,2039,Vehicle battery,Lithium,31.031636272157012,Vans,,PHEV
Current Measures,Canada,2039,Vehicle battery,Nickel,137.20996042738508,Vans,,PHEV
Current Measures,Canada,2039,Vehicle battery,Cobalt,103.67247576181536,Vans,,PHEV
Current Measures,Canada,2039,Vehicle battery,Copper,152.1439842180921,Vans,,PHEV
Current Measures,Canada,2039,Vehicle battery,Lithium,179.39341235303047,Vans,,PHEV
Current Measures,Canada,2039,Vehicle battery,Nickel,270.4782264090092,Vans,,PHEV
Current Measures,Canada,2039,Vehicle battery,Nickel,28.49292604839845,Vans,,PHEV
Current Measures,Canada,2040,Vehicle battery,Cobalt,9.356412115146524,2 and 3 wheelers,,BEV
Current Measures,Canada,2040,Vehicle battery,Copper,3.0027739027124665,2 and 3 wheelers,,BEV
Current Measures,Canada,2040,Vehicle battery,Lithium,0.7823982216727827,2 and 3 wheelers,,BEV
Current Measures,Canada,2040,Vehicle battery,Nickel,0.852325992142474,2 and 3 wheelers,,BEV
Current Measures,Canada,2040,Vehicle battery,Cobalt,162.48610338332855,Buses,,BEV
Current Measures,Canada,2040,Vehicle battery,Copper,238.45560711416675,Buses,,BEV
Current Measures,Canada,2040,Vehicle battery,Lithium,281.163696841305,Buses,,BEV
Current Measures,Canada,2040,Vehicle battery,Nickel,423.92112984940303,Buses,,BEV
Current Measures,Canada,2040,Vehicle battery,Cobalt,67971.58213062328,Cars,,BEV
Current Measures,Canada,2040,Vehicle battery,Copper,21814.269234411157,Cars,,BEV
Current Measures,Canada,2040,Vehicle battery,Lithium,5683.892963328744,Cars,,BEV
Current Measures,Canada,2040,Vehicle battery,Nickel,6191.897648799737,Cars,,BEV
Current Measures,Canada,2040,Vehicle battery,Cobalt,0.0,Cars,,BEV
Current Measures,Canada,2040,Vehicle battery,Copper,0.0,Cars,,BEV
Current Measures,Canada,2040,Vehicle battery,Lithium,0.0,Cars,,BEV
Current Measures,Canada,2040,Vehicle battery,Cobalt,2204.959571213787,Cars,,BEV
Current Measures,Canada,2040,Vehicle battery,Copper,7150.136643084134,Cars,,BEV
Current Measures,Canada,2040,Vehicle battery,Graphite,962.0369448511717,Cars,,BEV
Current Measures,Canada,2040,Vehicle battery,Lithium,2638.92780746465,Cars,,BEV
Current Measures,Canada,2040,Vehicle battery,Nickel,11668.323798891382,Cars,,BEV
Current Measures,Canada,2040,Vehicle battery,Cobalt,9555.730365638607,Cars,,BEV
Current Measures,Canada,2040,Vehicle battery,Copper,14023.460704095043,Cars,,BEV
Current Measures,Canada,2040,Vehicle battery,Lithium,16535.10312376246,Cars,,BEV
Current Measures,Canada,2040,Vehicle battery,Nickel,24930.599779238702,Cars,,BEV
Current Measures,Canada,2040,Vehicle battery,Nickel,2467.0912997066785,Cars,,BEV
Current Measures,Canada,2040,Vehicle battery,Cobalt,1805.4011487036505,Trucks,,BEV
Current Measures,Canada,2040,Vehicle battery,Copper,2649.5067457129635,Trucks,,BEV
Current Measures,Canada,2040,Vehicle battery,Lithium,3124.0410760144996,Trucks,,BEV
Current Measures,Canada,2040,Vehicle battery,Nickel,4710.2347761044775,Trucks,,BEV
Current Measures,Canada,2040,Vehicle battery,Cobalt,4540.611761762283,Vans,,BEV
Current Measures,Canada,2040,Vehicle battery,Copper,1457.2285116104617,Vans,,BEV
Current Measures,Canada,2040,Vehicle battery,Lithium,379.69325463532095,Vans,,BEV
Current Measures,Canada,2040,Vehicle battery,Nickel,413.6287903044358,Vans,,BEV
Current Measures,Canada,2040,Vehicle battery,Cobalt,0.0,Vans,,BEV
Current Measures,Canada,2040,Vehicle battery,Copper,0.0,Vans,,BEV
Current Measures,Canada,2040,Vehicle battery,Lithium,0.0,Vans,,BEV
Current Measures,Canada,2040,Vehicle battery,Cobalt,147.29487014181166,Vans,,BEV
Current Measures,Canada,2040,Vehicle battery,Copper,477.6407069266729,Vans,,BEV
Current Measures,Canada,2040,Vehicle battery,Graphite,64.26562587062483,Vans,,BEV
Current Measures,Canada,2040,Vehicle battery,Lithium,176.28465110593817,Vans,,BEV
Current Measures,Canada,2040,Vehicle battery,Nickel,779.4629258368738,Vans,,BEV
Current Measures,Canada,2040,Vehicle battery,Cobalt,638.3382632916479,Vans,,BEV
Current Measures,Canada,2040,Vehicle battery,Copper,936.7898850913692,Vans,,BEV
Current Measures,Canada,2040,Vehicle battery,Lithium,1104.5716661622696,Vans,,BEV
Current Measures,Canada,2040,Vehicle battery,Nickel,1665.4044386940832,Vans,,BEV
Current Measures,Canada,2040,Vehicle battery,Nickel,164.80569410996029,Vans,,BEV
Current Measures,Canada,2040,Vehicle battery,Cobalt,1.1735107466573729,Buses,,FCEV
Current Measures,Canada,2040,Vehicle battery,Copper,1.7221793847134266,Buses,,FCEV
Current Measures,Canada,2040,Vehicle battery,Lithium,2.030626699409425,Buses,,FCEV
Current Measures,Canada,2040,Vehicle battery,Nickel,3.0616526044679104,Buses,,FCEV
Current Measures,Canada,2040,Vehicle battery,Cobalt,0.19263201413536962,Cars,,FCEV
Current Measures,Canada,2040,Vehicle battery,Copper,0.06182181564408021,Cars,,FCEV
Current Measures,Canada,2040,Vehicle battery,Lithium,0.016108198681498466,Cars,,FCEV
Current Measures,Canada,2040,Vehicle battery,Nickel,0.017547888073521523,Cars,,FCEV
Current Measures,Canada,2040,Vehicle battery,Cobalt,0.0,Cars,,FCEV
Current Measures,Canada,2040,Vehicle battery,Copper,0.0,Cars,,FCEV
Current Measures,Canada,2040,Vehicle battery,Lithium,0.0,Cars,,FCEV
Current Measures,Canada,2040,Vehicle battery,Cobalt,0.006248873278743527,Cars,,FCEV
Current Measures,Canada,2040,Vehicle battery,Copper,0.020263545142343704,Cars,,FCEV
Current Measures,Canada,2040,Vehicle battery,Graphite,0.002726420491481054,Cars,,FCEV
Current Measures,Canada,2040,Vehicle battery,Lithium,0.007478742774191317,Cars,,FCEV
Current Measures,Canada,2040,Vehicle battery,Nickel,0.033068124126412836,Cars,,FCEV
Current Measures,Canada,2040,Vehicle battery,Cobalt,0.02708101723055476,Cars,,FCEV
Current Measures,Canada,2040,Vehicle battery,Copper,0.03974260118569446,Cars,,FCEV
Current Measures,Canada,2040,Vehicle battery,Lithium,0.0468606161402175,Cars,,FCEV
Current Measures,Canada,2040,Vehicle battery,Nickel,0.07065352164156717,Cars,,FCEV
Current Measures,Canada,2040,Vehicle battery,Nickel,0.006991756719816499,Cars,,FCEV
Current Measures,Canada,2040,Vehicle battery,Cobalt,5.416203446110952,Trucks,,FCEV
Current Measures,Canada,2040,Vehicle battery,Copper,7.948520237138892,Trucks,,FCEV
Current Measures,Canada,2040,Vehicle battery,Lithium,9.3721232280435,Trucks,,FCEV
Current Measures,Canada,2040,Vehicle battery,Nickel,14.130704328313435,Trucks,,FCEV
Current Measures,Canada,2040,Vehicle battery,Cobalt,5118.507804168392,Cars,,PHEV
Current Measures,Canada,2040,Vehicle battery,Copper,1642.6939585427024,Cars,,PHEV
Current Measures,Canada,2040,Vehicle battery,Lithium,428.0178506798164,Cars,,PHEV
Current Measures,Canada,2040,Vehicle battery,Nickel,466.27245452500046,Cars,,PHEV
Current Measures,Canada,2040,Vehicle battery,Cobalt,0.0,Cars,,PHEV
Current Measures,Canada,2040,Vehicle battery,Copper,0.0,Cars,,PHEV
Current Measures,Canada,2040,Vehicle battery,Lithium,0.0,Cars,,PHEV
Current Measures,Canada,2040,Vehicle battery,Cobalt,166.04148997804225,Cars,,PHEV
Current Measures,Canada,2040,Vehicle battery,Copper,538.4313423537039,Cars,,PHEV
Current Measures,Canada,2040,Vehicle battery,Graphite,72.444887345068,Cars,,PHEV
Current Measures,Canada,2040,Vehicle battery,Lithium,198.7208794285121,Cars,,PHEV
Current Measures,Canada,2040,Vehicle battery,Nickel,878.6672982161122,Cars,,PHEV
Current Measures,Canada,2040,Vehicle battery,Cobalt,719.5813149833122,Cars,,PHEV
Current Measures,Canada,2040,Vehicle battery,Copper,1056.0176886484526,Cars,,PHEV
Current Measures,Canada,2040,Vehicle battery,Lithium,1245.153514582922,Cars,,PHEV
Current Measures,Canada,2040,Vehicle battery,Nickel,1877.3650036187846,Cars,,PHEV
Current Measures,Canada,2040,Vehicle battery,Nickel,185.78096426940976,Cars,,PHEV
Current Measures,Canada,2040,Vehicle battery,Cobalt,767.8862460619077,Vans,,PHEV
Current Measures,Canada,2040,Vehicle battery,Copper,246.439420533202,Vans,,PHEV
Current Measures,Canada,2040,Vehicle battery,Lithium,64.21188228693332,Vans,,PHEV
Current Measures,Canada,2040,Vehicle battery,Nickel,69.95089554336352,Vans,,PHEV
Current Measures,Canada,2040,Vehicle battery,Cobalt,0.0,Vans,,PHEV
Current Measures,Canada,2040,Vehicle battery,Copper,0.0,Vans,,PHEV
Current Measures,Canada,2040,Vehicle battery,Lithium,0.0,Vans,,PHEV
Current Measures,Canada,2040,Vehicle battery,Cobalt,24.90979428143705,Vans,,PHEV
Current Measures,Canada,2040,Vehicle battery,Copper,80.77628052170839,Vans,,PHEV
Current Measures,Canada,2040,Vehicle battery,Graphite,10.86829105632676,Vans,,PHEV
Current Measures,Canada,2040,Vehicle battery,Lithium,29.812405481576356,Vans,,PHEV
Current Measures,Canada,2040,Vehicle battery,Nickel,131.81899080334622,Vans,,PHEV
Current Measures,Canada,2040,Vehicle battery,Cobalt,107.95267211448572,Vans,,PHEV
Current Measures,Canada,2040,Vehicle battery,Copper,158.42536335508834,Vans,,PHEV
Current Measures,Canada,2040,Vehicle battery,Lithium,186.79980468237562,Vans,,PHEV
Current Measures,Canada,2040,Vehicle battery,Nickel,281.64512398375575,Vans,,PHEV
Current Measures,Canada,2040,Vehicle battery,Nickel,27.871139929965654,Vans,,PHEV
Canada Net-zero,Canada,2025,Vehicle battery,Cobalt,1.2448991685303124,2 and 3 wheelers,,BEV
Canada Net-zero,Canada,2025,Vehicle battery,Copper,0.3995282260728776,2 and 3 wheelers,,BEV
Canada Net-zero,Canada,2025,Vehicle battery,Lithium,0.10410046967077069,2 and 3 wheelers,,BEV
Canada Net-zero,Canada,2025,Vehicle battery,Nickel,0.11340457280812313,2 and 3 wheelers,,BEV
Canada Net-zero,Canada,2025,Vehicle battery,Cobalt,21.61927163000647,Buses,,BEV
Canada Net-zero,Canada,2025,Vehicle battery,Copper,31.72724580475239,Buses,,BEV
Canada Net-zero,Canada,2025,Vehicle battery,Lithium,37.409687400581966,Buses,,BEV
Canada Net-zero,Canada,2025,Vehicle battery,Nickel,56.40399926566165,Buses,,BEV
Canada Net-zero,Canada,2025,Vehicle battery,Cobalt,3617.5305250233773,Cars,,BEV
Canada Net-zero,Canada,2025,Vehicle battery,Copper,1160.9820216470675,Cars,,BEV
Canada Net-zero,Canada,2025,Vehicle battery,Lithium,302.5037177491806,Cars,,BEV
Canada Net-zero,Canada,2025,Vehicle battery,Nickel,329.54034686595776,Cars,,BEV
Canada Net-zero,Canada,2025,Vehicle battery,Cobalt,98.07748418629697,Cars,,BEV
Canada Net-zero,Canada,2025,Vehicle battery,Copper,86.3825894841162,Cars,,BEV
Canada Net-zero,Canada,2025,Vehicle battery,Lithium,69.82293870622802,Cars,,BEV
Canada Net-zero,Canada,2025,Vehicle battery,Cobalt,821.4544687198434,Cars,,BEV
Canada Net-zero,Canada,2025,Vehicle battery,Copper,2663.772966225276,Cars,,BEV
Canada Net-zero,Canada,2025,Vehicle battery,Graphite,358.4054591017071,Cars,,BEV
Canada Net-zero,Canada,2025,Vehicle battery,Lithium,983.128701483441,Cars,,BEV
Canada Net-zero,Canada,2025,Vehicle battery,Nickel,4347.016993963782,Cars,,BEV
Canada Net-zero,Canada,2025,Vehicle battery,Cobalt,2119.0317827823806,Cars,,BEV
Canada Net-zero,Canada,2025,Vehicle battery,Copper,3109.7736959420004,Cars,,BEV
Canada Net-zero,Canada,2025,Vehicle battery,Lithium,3666.7431698189466,Cars,,BEV
Canada Net-zero,Canada,2025,Vehicle battery,Nickel,5528.487229610488,Cars,,BEV
Canada Net-zero,Canada,2025,Vehicle battery,Nickel,459.5556307112452,Cars,,BEV
Canada Net-zero,Canada,2025,Vehicle battery,Cobalt,240.21412922229416,Trucks,,BEV
Canada Net-zero,Canada,2025,Vehicle battery,Copper,352.5249533861377,Trucks,,BEV
Canada Net-zero,Canada,2025,Vehicle battery,Lithium,415.66319333979965,Trucks,,BEV
Canada Net-zero,Canada,2025,Vehicle battery,Nickel,626.7111029517963,Trucks,,BEV
Canada Net-zero,Canada,2025,Vehicle battery,Cobalt,241.65689742059,Vans,,BEV
Canada Net-zero,Canada,2025,Vehicle battery,Copper,77.55547917885269,Vans,,BEV
Canada Net-zero,Canada,2025,Vehicle battery,Lithium,20.207738230208424,Vans,,BEV
Canada Net-zero,Canada,2025,Vehicle battery,Nickel,22.013828839223898,Vans,,BEV
Canada Net-zero,Canada,2025,Vehicle battery,Cobalt,6.551734773578542,Vans,,BEV
Canada Net-zero,Canada,2025,Vehicle battery,Copper,5.770496868372135,Vans,,BEV
Canada Net-zero,Canada,2025,Vehicle battery,Lithium,4.664285379160981,Vans,,BEV
Canada Net-zero,Canada,2025,Vehicle battery,Cobalt,54.874488801123135,Vans,,BEV
Canada Net-zero,Canada,2025,Vehicle battery,Copper,177.94434794622288,Vans,,BEV
Canada Net-zero,Canada,2025,Vehicle battery,Graphite,23.94206508169298,Vans,,BEV
Canada Net-zero,Canada,2025,Vehicle battery,Lithium,65.67458937035131,Vans,,BEV
Canada Net-zero,Canada,2025,Vehicle battery,Nickel,290.38777490041457,Vans,,BEV
Canada Net-zero,Canada,2025,Vehicle battery,Cobalt,141.55475472028047,Vans,,BEV
Canada Net-zero,Canada,2025,Vehicle battery,Copper,207.73791895968827,Vans,,BEV
Canada Net-zero,Canada,2025,Vehicle battery,Lithium,244.94438178952478,Vans,,BEV
Canada Net-zero,Canada,2025,Vehicle battery,Nickel,369.31189995373705,Vans,,BEV
Canada Net-zero,Canada,2025,Vehicle battery,Nickel,30.699060351156056,Vans,,BEV
Canada Net-zero,Canada,2025,Vehicle battery,Cobalt,0.15613918399449117,Buses,,FCEV
Canada Net-zero,Canada,2025,Vehicle battery,Copper,0.22914121970098952,Buses,,FCEV
Canada Net-zero,Canada,2025,Vehicle battery,Lithium,0.27018107567086974,Buses,,FCEV
Canada Net-zero,Canada,2025,Vehicle battery,Nickel,0.40736221691866753,Buses,,FCEV
Canada Net-zero,Canada,2025,Vehicle battery,Cobalt,0.010252110799661396,Cars,,FCEV
Canada Net-zero,Canada,2025,Vehicle battery,Copper,0.0032902324500119324,Cars,,FCEV
Canada Net-zero,Canada,2025,Vehicle battery,Lithium,0.0008572979855239938,Cars,,FCEV
Canada Net-zero,Canada,2025,Vehicle battery,Nickel,0.000933920011361014,Cars,,FCEV
Canada Net-zero,Canada,2025,Vehicle battery,Cobalt,0.0002779523843336351,Cars,,FCEV
Canada Net-zero,Canada,2025,Vehicle battery,Copper,0.0002448089580521512,Cars,,FCEV
Canada Net-zero,Canada,2025,Vehicle battery,Lithium,0.00019787877366137497,Cars,,FCEV
Canada Net-zero,Canada,2025,Vehicle battery,Cobalt,0.0023280086158052236,Cars,,FCEV
Canada Net-zero,Canada,2025,Vehicle battery,Copper,0.007549154155294303,Cars,,FCEV
Canada Net-zero,Canada,2025,Vehicle battery,Graphite,0.0010157239731627325,Cars,,FCEV
Canada Net-zero,Canada,2025,Vehicle battery,Lithium,0.002786194700560359,Cars,,FCEV
Canada Net-zero,Canada,2025,Vehicle battery,Nickel,0.012319481359411525,Cars,,FCEV
Canada Net-zero,Canada,2025,Vehicle battery,Cobalt,0.0060053532305573525,Cars,,FCEV
Canada Net-zero,Canada,2025,Vehicle battery,Copper,0.008813123834653441,Cars,,FCEV
Canada Net-zero,Canada,2025,Vehicle battery,Lithium,0.01039157983349499,Cars,,FCEV
Canada Net-zero,Canada,2025,Vehicle battery,Nickel,0.015667777573794905,Cars,,FCEV
Canada Net-zero,Canada,2025,Vehicle battery,Nickel,0.0013023843785338932,Cars,,FCEV
Canada Net-zero,Canada,2025,Vehicle battery,Cobalt,0.7206423876668825,Trucks,,FCEV
Canada Net-zero,Canada,2025,Vehicle battery,Copper,1.0575748601584132,Trucks,,FCEV
Canada Net-zero,Canada,2025,Vehicle battery,Lithium,1.2469895800193989,Trucks,,FCEV
Canada Net-zero,Canada,2025,Vehicle battery,Nickel,1.8801333088553889,Trucks,,FCEV
Canada Net-zero,Canada,2025,Vehicle battery,Cobalt,272.41322981957416,Cars,,PHEV
Canada Net-zero,Canada,2025,Vehicle battery,Copper,87.42617652888849,Cars,,PHEV
Canada Net-zero,Canada,2025,Vehicle battery,Lithium,22.779632186780407,Cars,,PHEV
Canada Net-zero,Canada,2025,Vehicle battery,Nickel,24.81558887330694,Cars,,PHEV
Canada Net-zero,Canada,2025,Vehicle battery,Cobalt,7.385591926579448,Cars,,PHEV
Canada Net-zero,Canada,2025,Vehicle battery,Copper,6.504923742528589,Cars,,PHEV
Canada Net-zero,Canada,2025,Vehicle battery,Lithium,5.257921700145106,Cars,,PHEV
Canada Net-zero,Canada,2025,Vehicle battery,Cobalt,61.8585146485388,Cars,,PHEV
Canada Net-zero,Canada,2025,Vehicle battery,Copper,200.59181041210576,Cars,,PHEV
Canada Net-zero,Canada,2025,Vehicle battery,Graphite,26.989237001181177,Cars,,PHEV
Canada Net-zero,Canada,2025,Vehicle battery,Lithium,74.03317347203239,Cars,,PHEV
Canada Net-zero,Canada,2025,Vehicle battery,Nickel,327.34621897864906,Cars,,PHEV
Canada Net-zero,Canada,2025,Vehicle battery,Cobalt,159.5708144119525,Cars,,PHEV
Canada Net-zero,Canada,2025,Vehicle battery,Copper,234.17729046364857,Cars,,PHEV
Canada Net-zero,Canada,2025,Vehicle battery,Lithium,276.11912129000973,Cars,,PHEV
Canada Net-zero,Canada,2025,Vehicle battery,Nickel,416.3152326751217,Cars,,PHEV
Canada Net-zero,Canada,2025,Vehicle battery,Nickel,34.60621348675773,Cars,,PHEV
Canada Net-zero,Canada,2025,Vehicle battery,Cobalt,40.86784282196451,Vans,,PHEV
Canada Net-zero,Canada,2025,Vehicle battery,Copper,13.115806612161853,Vans,,PHEV
Canada Net-zero,Canada,2025,Vehicle battery,Lithium,3.4174347125802176,Vans,,PHEV
Canada Net-zero,Canada,2025,Vehicle battery,Nickel,3.722871999573962,Vans,,PHEV
Canada Net-zero,Canada,2025,Vehicle battery,Cobalt,1.1079976189208223,Vans,,PHEV
Canada Net-zero,Canada,2025,Vehicle battery,Copper,0.975878452212461,Vans,,PHEV
Canada Net-zero,Canada,2025,Vehicle battery,Lithium,0.7888013286067153,Vans,,PHEV
Canada Net-zero,Canada,2025,Vehicle battery,Cobalt,9.280107487918423,Vans,,PHEV
Canada Net-zero,Canada,2025,Vehicle battery,Copper,30.093085364190326,Vans,,PHEV
Canada Net-zero,Canada,2025,Vehicle battery,Graphite,4.048965963876127,Vans,,PHEV
Canada Net-zero,Canada,2025,Vehicle battery,Lithium,11.106568132062321,Vans,,PHEV
Canada Net-zero,Canada,2025,Vehicle battery,Nickel,49.10897255043132,Vans,,PHEV
Canada Net-zero,Canada,2025,Vehicle battery,Cobalt,23.93905379221034,Vans,,PHEV
Canada Net-zero,Canada,2025,Vehicle battery,Copper,35.13162964030995,Vans,,PHEV
Canada Net-zero,Canada,2025,Vehicle battery,Lithium,41.4238062391206,Vans,,PHEV
Canada Net-zero,Canada,2025,Vehicle battery,Nickel,62.456237917024716,Vans,,PHEV
Canada Net-zero,Canada,2025,Vehicle battery,Nickel,5.191676242658537,Vans,,PHEV
Canada Net-zero,Canada,2026,Vehicle battery,Cobalt,1.930300753063876,2 and 3 wheelers,,BEV
Canada Net-zero,Canada,2026,Vehicle battery,Copper,0.6194956629051454,2 and 3 wheelers,,BEV
Canada Net-zero,Canada,2026,Vehicle battery,Lithium,0.16141485196509628,2 and 3 wheelers,,BEV
Canada Net-zero,Canada,2026,Vehicle battery,Nickel,0.17584149610352726,2 and 3 wheelers,,BEV
Canada Net-zero,Canada,2026,Vehicle battery,Cobalt,33.52214971543525,Buses,,BEV
Canada Net-zero,Canada,2026,Vehicle battery,Copper,49.19525052125941,Buses,,BEV
Canada Net-zero,Canada,2026,Vehicle battery,Lithium,58.00626234370343,Buses,,BEV
Canada Net-zero,Canada,2026,Vehicle battery,Nickel,87.45823357473787,Buses,,BEV
Canada Net-zero,Canada,2026,Vehicle battery,Cobalt,6544.098043230279,Cars,,BEV
Canada Net-zero,Canada,2026,Vehicle battery,Copper,2100.211766986268,Cars,,BEV
Canada Net-zero,Canada,2026,Vehicle battery,Lithium,547.2279981326501,Cars,,BEV
Canada Net-zero,Canada,2026,Vehicle battery,Nickel,596.1371505156837,Cars,,BEV
Canada Net-zero,Canada,2026,Vehicle battery,Cobalt,0.0,Cars,,BEV
Canada Net-zero,Canada,2026,Vehicle battery,Copper,0.0,Cars,,BEV
Canada Net-zero,Canada,2026,Vehicle battery,Lithium,0.0,Cars,,BEV
Canada Net-zero,Canada,2026,Vehicle battery,Cobalt,1182.7409030153729,Cars,,BEV
Canada Net-zero,Canada,2026,Vehicle battery,Copper,3835.335205383995,Cars,,BEV
Canada Net-zero,Canada,2026,Vehicle battery,Graphite,516.0368742094743,Cars,,BEV
Canada Net-zero,Canada,2026,Vehicle battery,Lithium,1415.5215808673427,Cars,,BEV
Canada Net-zero,Canada,2026,Vehicle battery,Nickel,6258.8920027135,Cars,,BEV
Canada Net-zero,Canada,2026,Vehicle battery,Cobalt,3154.2746589380977,Cars,,BEV
Canada Net-zero,Canada,2026,Vehicle battery,Copper,4629.038810952789,Cars,,BEV
Canada Net-zero,Canada,2026,Vehicle battery,Lithium,5458.113066245618,Cars,,BEV
Canada Net-zero,Canada,2026,Vehicle battery,Nickel,8229.403311603906,Cars,,BEV
Canada Net-zero,Canada,2026,Vehicle battery,Nickel,916.1642992173616,Cars,,BEV
Canada Net-zero,Canada,2026,Vehicle battery,Cobalt,372.4683301715027,Trucks,,BEV
Canada Net-zero,Canada,2026,Vehicle battery,Copper,546.61389468066,Trucks,,BEV
Canada Net-zero,Canada,2026,Vehicle battery,Lithium,644.5140260411491,Trucks,,BEV
Canada Net-zero,Canada,2026,Vehicle battery,Nickel,971.7581508304206,Trucks,,BEV
Canada Net-zero,Canada,2026,Vehicle battery,Cobalt,437.1563470174073,Vans,,BEV
Canada Net-zero,Canada,2026,Vehicle battery,Copper,140.29754718734176,Vans,,BEV
Canada Net-zero,Canada,2026,Vehicle battery,Lithium,36.55571647444829,Vans,,BEV
Canada Net-zero,Canada,2026,Vehicle battery,Nickel,39.82292705874001,Vans,,BEV
Canada Net-zero,Canada,2026,Vehicle battery,Cobalt,0.0,Vans,,BEV
Canada Net-zero,Canada,2026,Vehicle battery,Copper,0.0,Vans,,BEV
Canada Net-zero,Canada,2026,Vehicle battery,Lithium,0.0,Vans,,BEV
Canada Net-zero,Canada,2026,Vehicle battery,Cobalt,79.00900769131032,Vans,,BEV
Canada Net-zero,Canada,2026,Vehicle battery,Copper,256.20660278880933,Vans,,BEV
Canada Net-zero,Canada,2026,Vehicle battery,Graphite,34.47209888443856,Vans,,BEV
Canada Net-zero,Canada,2026,Vehicle battery,Lithium,94.55913394457957,Vans,,BEV
Canada Net-zero,Canada,2026,Vehicle battery,Nickel,418.10412163875606,Vans,,BEV
Canada Net-zero,Canada,2026,Vehicle battery,Cobalt,210.71065535416443,Vans,,BEV
Canada Net-zero,Canada,2026,Vehicle battery,Copper,309.22728899077345,Vans,,BEV
Canada Net-zero,Canada,2026,Vehicle battery,Lithium,364.6107918747073,Vans,,BEV
Canada Net-zero,Canada,2026,Vehicle battery,Nickel,549.7374681840666,Vans,,BEV
Canada Net-zero,Canada,2026,Vehicle battery,Nickel,61.20125885460109,Vans,,BEV
Canada Net-zero,Canada,2026,Vehicle battery,Cobalt,0.2421044146114768,Buses,,FCEV
Canada Net-zero,Canada,2026,Vehicle battery,Copper,0.35529903154242903,Buses,,FCEV
Canada Net-zero,Canada,2026,Vehicle battery,Lithium,0.41893411692674704,Buses,,FCEV
Canada Net-zero,Canada,2026,Vehicle battery,Nickel,0.6316427980397735,Buses,,FCEV
Canada Net-zero,Canada,2026,Vehicle battery,Cobalt,0.018546026843162734,Cars,,FCEV
Canada Net-zero,Canada,2026,Vehicle battery,Copper,0.005952017153402377,Cars,,FCEV
Canada Net-zero,Canada,2026,Vehicle battery,Lithium,0.0015508485777038666,Cars,,FCEV
Canada Net-zero,Canada,2026,Vehicle battery,Nickel,0.0016894575115829094,Cars,,FCEV
Canada Net-zero,Canada,2026,Vehicle battery,Cobalt,0.0,Cars,,FCEV
Canada Net-zero,Canada,2026,Vehicle battery,Copper,0.0,Cars,,FCEV
Canada Net-zero,Canada,2026,Vehicle battery,Lithium,0.0,Cars,,FCEV
Canada Net-zero,Canada,2026,Vehicle battery,Cobalt,0.0033518972959949832,Cars,,FCEV
Canada Net-zero,Canada,2026,Vehicle battery,Copper,0.010869371027404033,Cars,,FCEV
Canada Net-zero,Canada,2026,Vehicle battery,Graphite,0.0014624526799458784,Cars,,FCEV
Canada Net-zero,Canada,2026,Vehicle battery,Lithium,0.004011599621891255,Cars,,FCEV
Canada Net-zero,Canada,2026,Vehicle battery,Nickel,0.01773775061497753,Cars,,FCEV
Canada Net-zero,Canada,2026,Vehicle battery,Cobalt,0.008939239924116065,Cars,,FCEV
Canada Net-zero,Canada,2026,Vehicle battery,Copper,0.01311873347233584,Cars,,FCEV
Canada Net-zero,Canada,2026,Vehicle battery,Lithium,0.01546833662498758,Cars,,FCEV
Canada Net-zero,Canada,2026,Vehicle battery,Nickel,0.023322195619930094,Cars,,FCEV
Canada Net-zero,Canada,2026,Vehicle battery,Nickel,0.0025964170423164097,Cars,,FCEV
Canada Net-zero,Canada,2026,Vehicle battery,Cobalt,1.1174049905145083,Trucks,,FCEV
Canada Net-zero,Canada,2026,Vehicle battery,Copper,1.63984168404198,Trucks,,FCEV
Canada Net-zero,Canada,2026,Vehicle battery,Lithium,1.9335420781234476,Trucks,,FCEV
Canada Net-zero,Canada,2026,Vehicle battery,Nickel,2.915274452491262,Trucks,,FCEV
Canada Net-zero,Canada,2026,Vehicle battery,Cobalt,492.7944275468954,Cars,,PHEV
Canada Net-zero,Canada,2026,Vehicle battery,Copper,158.15359864754885,Cars,,PHEV
Canada Net-zero,Canada,2026,Vehicle battery,Lithium,41.208262207559876,Cars,,PHEV
Canada Net-zero,Canada,2026,Vehicle battery,Nickel,44.891299593488725,Cars,,PHEV
Canada Net-zero,Canada,2026,Vehicle battery,Cobalt,0.0,Cars,,PHEV
Canada Net-zero,Canada,2026,Vehicle battery,Copper,0.0,Cars,,PHEV
Canada Net-zero,Canada,2026,Vehicle battery,Lithium,0.0,Cars,,PHEV
Canada Net-zero,Canada,2026,Vehicle battery,Cobalt,89.06469957929525,Cars,,PHEV
Canada Net-zero,Canada,2026,Vehicle battery,Copper,288.8147158710214,Cars,,PHEV
Canada Net-zero,Canada,2026,Vehicle battery,Graphite,38.85945692427619,Cars,,PHEV
Canada Net-zero,Canada,2026,Vehicle battery,Lithium,106.5939328102533,Cars,,PHEV
Canada Net-zero,Canada,2026,Vehicle battery,Nickel,471.3173734836885,Cars,,PHEV
Canada Net-zero,Canada,2026,Vehicle battery,Cobalt,237.52837512651254,Cars,,PHEV
Canada Net-zero,Canada,2026,Vehicle battery,Copper,348.58348940778086,Cars,,PHEV
Canada Net-zero,Canada,2026,Vehicle battery,Lithium,411.01580174966995,Cars,,PHEV
Canada Net-zero,Canada,2026,Vehicle battery,Nickel,619.7040550438568,Cars,,PHEV
Canada Net-zero,Canada,2026,Vehicle battery,Nickel,68.99050998155029,Cars,,PHEV
Canada Net-zero,Canada,2026,Vehicle battery,Cobalt,73.92976186165899,Vans,,PHEV
Canada Net-zero,Canada,2026,Vehicle battery,Copper,23.726440949791424,Vans,,PHEV
Canada Net-zero,Canada,2026,Vehicle battery,Lithium,6.182125530321243,Vans,,PHEV
Canada Net-zero,Canada,2026,Vehicle battery,Nickel,6.734660343315643,Vans,,PHEV
Canada Net-zero,Canada,2026,Vehicle battery,Cobalt,0.0,Vans,,PHEV
Canada Net-zero,Canada,2026,Vehicle battery,Copper,0.0,Vans,,PHEV
Canada Net-zero,Canada,2026,Vehicle battery,Lithium,0.0,Vans,,PHEV
Canada Net-zero,Canada,2026,Vehicle battery,Cobalt,13.361620306777718,Vans,,PHEV
Canada Net-zero,Canada,2026,Vehicle battery,Copper,43.32841844981174,Vans,,PHEV
Canada Net-zero,Canada,2026,Vehicle battery,Graphite,5.829754225887113,Vans,,PHEV
Canada Net-zero,Canada,2026,Vehicle battery,Lithium,15.991382264179082,Vans,,PHEV
Canada Net-zero,Canada,2026,Vehicle battery,Nickel,70.70774188004758,Vans,,PHEV
Canada Net-zero,Canada,2026,Vehicle battery,Cobalt,35.634364406076386,Vans,,PHEV
Canada Net-zero,Canada,2026,Vehicle battery,Copper,52.295019830294194,Vans,,PHEV
Canada Net-zero,Canada,2026,Vehicle battery,Lithium,61.66120931195051,Vans,,PHEV
Canada Net-zero,Canada,2026,Vehicle battery,Nickel,92.96893522550423,Vans,,PHEV
Canada Net-zero,Canada,2026,Vehicle battery,Nickel,10.350060164113872,Vans,,PHEV
Canada Net-zero,Canada,2027,Vehicle battery,Cobalt,2.9368185268326403,2 and 3 wheelers,,BEV
Canada Net-zero,Canada,2027,Vehicle battery,Copper,0.9425196240661128,2 and 3 wheelers,,BEV
Canada Net-zero,Canada,2027,Vehicle battery,Lithium,0.24558148620343828,2 and 3 wheelers,,BEV
Canada Net-zero,Canada,2027,Vehicle battery,Nickel,0.2675306232581259,2 and 3 wheelers,,BEV
Canada Net-zero,Canada,2027,Vehicle battery,Cobalt,51.001622512598146,Buses,,BEV
Canada Net-zero,Canada,2027,Vehicle battery,Copper,74.84715681413132,Buses,,BEV
Canada Net-zero,Canada,2027,Vehicle battery,Lithium,88.25249933354067,Buses,,BEV
Canada Net-zero,Canada,2027,Vehicle battery,Nickel,133.0616279761909,Buses,,BEV
Canada Net-zero,Canada,2027,Vehicle battery,Cobalt,11378.732174551562,Cars,,BEV
Canada Net-zero,Canada,2027,Vehicle battery,Copper,3651.8015238326248,Cars,,BEV
Canada Net-zero,Canada,2027,Vehicle battery,Lithium,951.507875956851,Cars,,BEV
Canada Net-zero,Canada,2027,Vehicle battery,Nickel,1036.550022662856,Cars,,BEV
Canada Net-zero,Canada,2027,Vehicle battery,Cobalt,0.0,Cars,,BEV
Canada Net-zero,Canada,2027,Vehicle battery,Copper,0.0,Cars,,BEV
Canada Net-zero,Canada,2027,Vehicle battery,Lithium,0.0,Cars,,BEV
Canada Net-zero,Canada,2027,Vehicle battery,Cobalt,1730.248208385003,Cars,,BEV
Canada Net-zero,Canada,2027,Vehicle battery,Copper,5610.765511493713,Cars,,BEV
Canada Net-zero,Canada,2027,Vehicle battery,Graphite,754.9175603762261,Cars,,BEV
Canada Net-zero,Canada,2027,Vehicle battery,Lithium,2070.786317596554,Cars,,BEV
Canada Net-zero,Canada,2027,Vehicle battery,Nickel,9156.220645249385,Cars,,BEV
Canada Net-zero,Canada,2027,Vehicle battery,Cobalt,4599.051071334446,Cars,,BEV
Canada Net-zero,Canada,2027,Vehicle battery,Copper,6749.312664461588,Cars,,BEV
Canada Net-zero,Canada,2027,Vehicle battery,Lithium,7958.13410656896,Cars,,BEV
Canada Net-zero,Canada,2027,Vehicle battery,Nickel,11998.77950051969,Cars,,BEV
Canada Net-zero,Canada,2027,Vehicle battery,Nickel,1393.880349108041,Cars,,BEV
Canada Net-zero,Canada,2027,Vehicle battery,Cobalt,566.6846945844239,Trucks,,BEV
Canada Net-zero,Canada,2027,Vehicle battery,Copper,831.6350757125701,Trucks,,BEV
Canada Net-zero,Canada,2027,Vehicle battery,Lithium,980.5833259282294,Trucks,,BEV
Canada Net-zero,Canada,2027,Vehicle battery,Nickel,1478.4625330687875,Trucks,,BEV
Canada Net-zero,Canada,2027,Vehicle battery,Cobalt,760.1177363566833,Vans,,BEV
Canada Net-zero,Canada,2027,Vehicle battery,Copper,243.94625564064094,Vans,,BEV
Canada Net-zero,Canada,2027,Vehicle battery,Lithium,63.56226701736049,Vans,,BEV
Canada Net-zero,Canada,2027,Vehicle battery,Nickel,69.24322013739727,Vans,,BEV
Canada Net-zero,Canada,2027,Vehicle battery,Cobalt,0.0,Vans,,BEV
Canada Net-zero,Canada,2027,Vehicle battery,Copper,0.0,Vans,,BEV
Canada Net-zero,Canada,2027,Vehicle battery,Lithium,0.0,Vans,,BEV
Canada Net-zero,Canada,2027,Vehicle battery,Cobalt,115.58338234150828,Vans,,BEV
Canada Net-zero,Canada,2027,Vehicle battery,Copper,374.8082224277177,Vans,,BEV
Canada Net-zero,Canada,2027,Vehicle battery,Graphite,50.42971557169121,Vans,,BEV
Canada Net-zero,Canada,2027,Vehicle battery,Lithium,138.33187951555925,Vans,,BEV
Canada Net-zero,Canada,2027,Vehicle battery,Nickel,611.6503669903434,Vans,,BEV
Canada Net-zero,Canada,2027,Vehicle battery,Cobalt,307.224059421127,Vans,,BEV
Canada Net-zero,Canada,2027,Vehicle battery,Copper,450.86501604702914,Vans,,BEV
Canada Net-zero,Canada,2027,Vehicle battery,Lithium,531.6162459853758,Vans,,BEV
Canada Net-zero,Canada,2027,Vehicle battery,Nickel,801.5379018565785,Vans,,BEV
Canada Net-zero,Canada,2027,Vehicle battery,Nickel,93.11346461652906,Vans,,BEV
Canada Net-zero,Canada,2027,Vehicle battery,Cobalt,0.36834505147987556,Buses,,FCEV
Canada Net-zero,Canada,2027,Vehicle battery,Copper,0.5405627992131706,Buses,,FCEV
Canada Net-zero,Canada,2027,Vehicle battery,Lithium,0.6373791618533492,Buses,,FCEV
Canada Net-zero,Canada,2027,Vehicle battery,Nickel,0.9610006464947121,Buses,,FCEV
Canada Net-zero,Canada,2027,Vehicle battery,Cobalt,0.03224741911816232,Cars,,FCEV
Canada Net-zero,Canada,2027,Vehicle battery,Copper,0.010349235087784766,Cars,,FCEV
Canada Net-zero,Canada,2027,Vehicle battery,Lithium,0.0026965810249789304,Cars,,FCEV
Canada Net-zero,Canada,2027,Vehicle battery,Nickel,0.0029375911573441263,Cars,,FCEV
Canada Net-zero,Canada,2027,Vehicle battery,Cobalt,0.0,Cars,,FCEV
Canada Net-zero,Canada,2027,Vehicle battery,Copper,0.0,Cars,,FCEV
Canada Net-zero,Canada,2027,Vehicle battery,Lithium,0.0,Cars,,FCEV
Canada Net-zero,Canada,2027,Vehicle battery,Cobalt,0.004903537432670048,Cars,,FCEV
Canada Net-zero,Canada,2027,Vehicle battery,Copper,0.01590095489087287,Cars,,FCEV
Canada Net-zero,Canada,2027,Vehicle battery,Graphite,0.002139442478799021,Cars,,FCEV
Canada Net-zero,Canada,2027,Vehicle battery,Lithium,0.00586862519156918,Cars,,FCEV
Canada Net-zero,Canada,2027,Vehicle battery,Nickel,0.025948803448075174,Cars,,FCEV
Canada Net-zero,Canada,2027,Vehicle battery,Cobalt,0.013033747975441748,Cars,,FCEV
Canada Net-zero,Canada,2027,Vehicle battery,Copper,0.019127606741389115,Cars,,FCEV
Canada Net-zero,Canada,2027,Vehicle battery,Lithium,0.022553416496349277,Cars,,FCEV
Canada Net-zero,Canada,2027,Vehicle battery,Nickel,0.034004638260582115,Cars,,FCEV
Canada Net-zero,Canada,2027,Vehicle battery,Nickel,0.003950268195852748,Cars,,FCEV
Canada Net-zero,Canada,2027,Vehicle battery,Cobalt,1.7000540837532718,Trucks,,FCEV
Canada Net-zero,Canada,2027,Vehicle battery,Copper,2.494905227137711,Trucks,,FCEV
Canada Net-zero,Canada,2027,Vehicle battery,Lithium,2.9417499777846885,Trucks,,FCEV
Canada Net-zero,Canada,2027,Vehicle battery,Nickel,4.435387599206363,Trucks,,FCEV
Canada Net-zero,Canada,2027,Vehicle battery,Cobalt,856.8599937111703,Cars,,PHEV
Canada Net-zero,Canada,2027,Vehicle battery,Copper,274.9939609039953,Cars,,PHEV
Canada Net-zero,Canada,2027,Vehicle battery,Lithium,71.6520100922973,Cars,,PHEV
Canada Net-zero,Canada,2027,Vehicle battery,Nickel,78.05599360942966,Cars,,PHEV
Canada Net-zero,Canada,2027,Vehicle battery,Cobalt,0.0,Cars,,PHEV
Canada Net-zero,Canada,2027,Vehicle battery,Copper,0.0,Cars,,PHEV
Canada Net-zero,Canada,2027,Vehicle battery,Lithium,0.0,Cars,,PHEV
Canada Net-zero,Canada,2027,Vehicle battery,Cobalt,130.29399463951844,Cars,,PHEV
Canada Net-zero,Canada,2027,Vehicle battery,Copper,422.51108710033634,Cars,,PHEV
Canada Net-zero,Canada,2027,Vehicle battery,Graphite,56.84804300808828,Cars,,PHEV
Canada Net-zero,Canada,2027,Vehicle battery,Lithium,155.93775509026682,Cars,,PHEV
Canada Net-zero,Canada,2027,Vehicle battery,Nickel,689.4967773345691,Cars,,PHEV
Canada Net-zero,Canada,2027,Vehicle battery,Cobalt,346.32530334745223,Cars,,PHEV
Canada Net-zero,Canada,2027,Vehicle battery,Copper,508.2478362711965,Cars,,PHEV
Canada Net-zero,Canada,2027,Vehicle battery,Lithium,599.2764954744238,Cars,,PHEV
Canada Net-zero,Canada,2027,Vehicle battery,Nickel,903.5518166383249,Cars,,PHEV
Canada Net-zero,Canada,2027,Vehicle battery,Nickel,104.9642692040873,Cars,,PHEV
Canada Net-zero,Canada,2027,Vehicle battery,Cobalt,128.5474261533145,Vans,,PHEV
Canada Net-zero,Canada,2027,Vehicle battery,Copper,41.25500798422088,Vans,,PHEV
Canada Net-zero,Canada,2027,Vehicle battery,Lithium,10.749342417287439,Vans,,PHEV
Canada Net-zero,Canada,2027,Vehicle battery,Nickel,11.71007766493293,Vans,,PHEV
Canada Net-zero,Canada,2027,Vehicle battery,Cobalt,0.0,Vans,,PHEV
Canada Net-zero,Canada,2027,Vehicle battery,Copper,0.0,Vans,,PHEV
Canada Net-zero,Canada,2027,Vehicle battery,Lithium,0.0,Vans,,PHEV
Canada Net-zero,Canada,2027,Vehicle battery,Cobalt,19.546901217317863,Vans,,PHEV
Canada Net-zero,Canada,2027,Vehicle battery,Copper,63.38574932498809,Vans,,PHEV
Canada Net-zero,Canada,2027,Vehicle battery,Graphite,8.528428989772557,Vans,,PHEV
Canada Net-zero,Canada,2027,Vehicle battery,Lithium,23.39401676364949,Vans,,PHEV
Canada Net-zero,Canada,2027,Vehicle battery,Nickel,103.43934448786996,Vans,,PHEV
Canada Net-zero,Canada,2027,Vehicle battery,Cobalt,51.956243358103805,Vans,,PHEV
Canada Net-zero,Canada,2027,Vehicle battery,Copper,76.24810550167456,Vans,,PHEV
Canada Net-zero,Canada,2027,Vehicle battery,Lithium,89.9043619877329,Vans,,PHEV
Canada Net-zero,Canada,2027,Vehicle battery,Nickel,135.55220371761192,Vans,,PHEV
Canada Net-zero,Canada,2027,Vehicle battery,Nickel,15.746897676725013,Vans,,PHEV
Canada Net-zero,Canada,2028,Vehicle battery,Cobalt,4.156167721555264,2 and 3 wheelers,,BEV
Canada Net-zero,Canada,2028,Vehicle battery,Copper,1.3338480408936797,2 and 3 wheelers,,BEV
Canada Net-zero,Canada,2028,Vehicle battery,Lithium,0.3475454259923581,2 and 3 wheelers,,BEV
Canada Net-zero,Canada,2028,Vehicle battery,Nickel,0.37860771128823245,2 and 3 wheelers,,BEV
Canada Net-zero,Canada,2028,Vehicle battery,Cobalt,72.1771860593708,Buses,,BEV
Canada Net-zero,Canada,2028,Vehicle battery,Copper,105.92324120774829,Buses,,BEV
Canada Net-zero,Canada,2028,Vehicle battery,Lithium,124.8944004286927,Buses,,BEV
Canada Net-zero,Canada,2028,Vehicle battery,Nickel,188.3080068173905,Buses,,BEV
Canada Net-zero,Canada,2028,Vehicle battery,Cobalt,18116.001656896766,Cars,,BEV
Canada Net-zero,Canada,2028,Vehicle battery,Copper,5814.008225307157,Cars,,BEV
Canada Net-zero,Canada,2028,Vehicle battery,Lithium,1514.8891803549257,Cars,,BEV
Canada Net-zero,Canada,2028,Vehicle battery,Nickel,1650.284200379884,Cars,,BEV
Canada Net-zero,Canada,2028,Vehicle battery,Cobalt,0.0,Cars,,BEV
Canada Net-zero,Canada,2028,Vehicle battery,Copper,0.0,Cars,,BEV
Canada Net-zero,Canada,2028,Vehicle battery,Lithium,0.0,Cars,,BEV
Canada Net-zero,Canada,2028,Vehicle battery,Cobalt,2350.6912738170845,Cars,,BEV
Canada Net-zero,Canada,2028,Vehicle battery,Copper,7622.708385644146,Cars,,BEV
Canada Net-zero,Canada,2028,Vehicle battery,Graphite,1025.620551449119,Cars,,BEV
Canada Net-zero,Canada,2028,Vehicle battery,Lithium,2813.341636838088,Cars,,BEV
Canada Net-zero,Canada,2028,Vehicle battery,Nickel,12439.51467056934,Cars,,BEV
Canada Net-zero,Canada,2028,Vehicle battery,Cobalt,6225.568715025729,Cars,,BEV
Canada Net-zero,Canada,2028,Vehicle battery,Copper,9136.299884490543,Cars,,BEV
Canada Net-zero,Canada,2028,Vehicle battery,Lithium,10772.63764967486,Cars,,BEV
Canada Net-zero,Canada,2028,Vehicle battery,Nickel,16242.312841995237,Cars,,BEV
Canada Net-zero,Canada,2028,Vehicle battery,Nickel,1753.4319950480542,Cars,,BEV
Canada Net-zero,Canada,2028,Vehicle battery,Cobalt,801.9687339930089,Trucks,,BEV
Canada Net-zero,Canada,2028,Vehicle battery,Copper,1176.9249023083144,Trucks,,BEV
Canada Net-zero,Canada,2028,Vehicle battery,Lithium,1387.7155603188075,Trucks,,BEV
Canada Net-zero,Canada,2028,Vehicle battery,Nickel,2092.3111868598944,Trucks,,BEV
Canada Net-zero,Canada,2028,Vehicle battery,Cobalt,1210.1782483352092,Vans,,BEV
Canada Net-zero,Canada,2028,Vehicle battery,Copper,388.3851648484538,Vans,,BEV
Canada Net-zero,Canada,2028,Vehicle battery,Lithium,101.19705050953958,Vans,,BEV
Canada Net-zero,Canada,2028,Vehicle battery,Nickel,110.2416571103971,Vans,,BEV
Canada Net-zero,Canada,2028,Vehicle battery,Cobalt,0.0,Vans,,BEV
Canada Net-zero,Canada,2028,Vehicle battery,Copper,0.0,Vans,,BEV
Canada Net-zero,Canada,2028,Vehicle battery,Lithium,0.0,Vans,,BEV
Canada Net-zero,Canada,2028,Vehicle battery,Cobalt,157.0299838784692,Vans,,BEV
Canada Net-zero,Canada,2028,Vehicle battery,Copper,509.2092646280503,Vans,,BEV
Canada Net-zero,Canada,2028,Vehicle battery,Graphite,68.5131137607711,Vans,,BEV
Canada Net-zero,Canada,2028,Vehicle battery,Lithium,187.93577735962936,Vans,,BEV
Canada Net-zero,Canada,2028,Vehicle battery,Nickel,830.9797249570613,Vans,,BEV
Canada Net-zero,Canada,2028,Vehicle battery,Cobalt,415.8780720563746,Vans,,BEV
Canada Net-zero,Canada,2028,Vehicle battery,Copper,610.3196279113116,Vans,,BEV
Canada Net-zero,Canada,2028,Vehicle battery,Lithium,719.6296405653245,Vans,,BEV
Canada Net-zero,Canada,2028,Vehicle battery,Nickel,1085.0128011859167,Vans,,BEV
Canada Net-zero,Canada,2028,Vehicle battery,Nickel,117.13209683519389,Vans,,BEV
Canada Net-zero,Canada,2028,Vehicle battery,Cobalt,0.5212796770954558,Buses,,FCEV
Canada Net-zero,Canada,2028,Vehicle battery,Copper,0.7650011865004044,Buses,,FCEV
Canada Net-zero,Canada,2028,Vehicle battery,Lithium,0.902015114207225,Buses,,FCEV
Canada Net-zero,Canada,2028,Vehicle battery,Nickel,1.3600022714589313,Buses,,FCEV
Canada Net-zero,Canada,2028,Vehicle battery,Cobalt,0.051340895383917964,Cars,,FCEV
Canada Net-zero,Canada,2028,Vehicle battery,Copper,0.016476946387510162,Cars,,FCEV
Canada Net-zero,Canada,2028,Vehicle battery,Lithium,0.0042932082034350125,Cars,,FCEV
Canada Net-zero,Canada,2028,Vehicle battery,Nickel,0.004676918786501696,Cars,,FCEV
Canada Net-zero,Canada,2028,Vehicle battery,Cobalt,0.0,Cars,,FCEV
Canada Net-zero,Canada,2028,Vehicle battery,Copper,0.0,Cars,,FCEV
Canada Net-zero,Canada,2028,Vehicle battery,Lithium,0.0,Cars,,FCEV
Canada Net-zero,Canada,2028,Vehicle battery,Cobalt,0.006661878103935057,Cars,,FCEV
Canada Net-zero,Canada,2028,Vehicle battery,Copper,0.02160281728725062,Cars,,FCEV
Canada Net-zero,Canada,2028,Vehicle battery,Graphite,0.002906616947426653,Cars,,FCEV
Canada Net-zero,Canada,2028,Vehicle battery,Lithium,0.007973032978893367,Cars,,FCEV
Canada Net-zero,Canada,2028,Vehicle battery,Nickel,0.035253685301208655,Cars,,FCEV
Canada Net-zero,Canada,2028,Vehicle battery,Cobalt,0.0176433121478462,Cars,,FCEV
Canada Net-zero,Canada,2028,Vehicle battery,Copper,0.025892347850782916,Cars,,FCEV
Canada Net-zero,Canada,2028,Vehicle battery,Lithium,0.030529742327013772,Cars,,FCEV
Canada Net-zero,Canada,2028,Vehicle battery,Nickel,0.04603084611091768,Cars,,FCEV
Canada Net-zero,Canada,2028,Vehicle battery,Nickel,0.004969240471796105,Cars,,FCEV
Canada Net-zero,Canada,2028,Vehicle battery,Cobalt,2.4059062019790267,Trucks,,FCEV
Canada Net-zero,Canada,2028,Vehicle battery,Copper,3.5307747069249427,Trucks,,FCEV
Canada Net-zero,Canada,2028,Vehicle battery,Lithium,4.163146680956423,Trucks,,FCEV
Canada Net-zero,Canada,2028,Vehicle battery,Nickel,6.276933560579683,Trucks,,FCEV
Canada Net-zero,Canada,2028,Vehicle battery,Cobalt,1364.200934486963,Cars,,PHEV
Canada Net-zero,Canada,2028,Vehicle battery,Copper,437.8160040109842,Cars,,PHEV
Canada Net-zero,Canada,2028,Vehicle battery,Lithium,114.0766751198446,Cars,,PHEV
Canada Net-zero,Canada,2028,Vehicle battery,Nickel,124.27241346990218,Cars,,PHEV
Canada Net-zero,Canada,2028,Vehicle battery,Cobalt,0.0,Cars,,PHEV
Canada Net-zero,Canada,2028,Vehicle battery,Copper,0.0,Cars,,PHEV
Canada Net-zero,Canada,2028,Vehicle battery,Lithium,0.0,Cars,,PHEV
Canada Net-zero,Canada,2028,Vehicle battery,Cobalt,177.01561819027435,Cars,,PHEV
Canada Net-zero,Canada,2028,Vehicle battery,Copper,574.0177164898021,Cars,,PHEV
Canada Net-zero,Canada,2028,Vehicle battery,Graphite,77.23296460305104,Cars,,PHEV
Canada Net-zero,Canada,2028,Vehicle battery,Lithium,211.85487629630944,Cars,,PHEV
Canada Net-zero,Canada,2028,Vehicle battery,Nickel,936.7407808606871,Cars,,PHEV
Canada Net-zero,Canada,2028,Vehicle battery,Cobalt,468.8080084999131,Cars,,PHEV
Canada Net-zero,Canada,2028,Vehicle battery,Copper,687.9966714636603,Cars,,PHEV
Canada Net-zero,Canada,2028,Vehicle battery,Lithium,811.2188675463657,Cars,,PHEV
Canada Net-zero,Canada,2028,Vehicle battery,Nickel,1223.1053395186693,Cars,,PHEV
Canada Net-zero,Canada,2028,Vehicle battery,Nickel,132.03981825058221,Cars,,PHEV
Canada Net-zero,Canada,2028,Vehicle battery,Cobalt,204.65947782754958,Vans,,PHEV
Canada Net-zero,Canada,2028,Vehicle battery,Copper,65.68181599958336,Vans,,PHEV
Canada Net-zero,Canada,2028,Vehicle battery,Lithium,17.113954529807227,Vans,,PHEV
Canada Net-zero,Canada,2028,Vehicle battery,Nickel,18.643534545506192,Vans,,PHEV
Canada Net-zero,Canada,2028,Vehicle battery,Cobalt,0.0,Vans,,PHEV
Canada Net-zero,Canada,2028,Vehicle battery,Copper,0.0,Vans,,PHEV
Canada Net-zero,Canada,2028,Vehicle battery,Lithium,0.0,Vans,,PHEV
Canada Net-zero,Canada,2028,Vehicle battery,Cobalt,26.55614951602912,Vans,,PHEV
Canada Net-zero,Canada,2028,Vehicle battery,Copper,86.1150019404916,Vans,,PHEV
Canada Net-zero,Canada,2028,Vehicle battery,Graphite,11.586605614427617,Vans,,PHEV
Canada Net-zero,Canada,2028,Vehicle battery,Lithium,31.7827874632915,Vans,,PHEV
Canada Net-zero,Canada,2028,Vehicle battery,Nickel,140.53126209213232,Vans,,PHEV
Canada Net-zero,Canada,2028,Vehicle battery,Cobalt,70.3312831676429,Vans,,PHEV
Canada Net-zero,Canada,2028,Vehicle battery,Copper,103.21429634689237,Vans,,PHEV
Canada Net-zero,Canada,2028,Vehicle battery,Lithium,121.7002756989989,Vans,,PHEV
Canada Net-zero,Canada,2028,Vehicle battery,Nickel,183.49210426843527,Vans,,PHEV
Canada Net-zero,Canada,2028,Vehicle battery,Nickel,19.808812303571216,Vans,,PHEV
Canada Net-zero,Canada,2029,Vehicle battery,Cobalt,5.589730419677689,2 and 3 wheelers,,BEV
Canada Net-zero,Canada,2029,Vehicle battery,Copper,1.793924468144627,2 and 3 wheelers,,BEV
Canada Net-zero,Canada,2029,Vehicle battery,Lithium,0.4674222432877084,2 and 3 wheelers,,BEV
Canada Net-zero,Canada,2029,Vehicle battery,Nickel,0.5091986615305417,2 and 3 wheelers,,BEV
Canada Net-zero,Canada,2029,Vehicle battery,Cobalt,97.07284199104157,Buses,,BEV
Canada Net-zero,Canada,2029,Vehicle battery,Copper,142.45872717288876,Buses,,BEV
Canada Net-zero,Canada,2029,Vehicle battery,Lithium,167.97349772555057,Buses,,BEV
Canada Net-zero,Canada,2029,Vehicle battery,Nickel,253.25998960940757,Buses,,BEV
Canada Net-zero,Canada,2029,Vehicle battery,Cobalt,25718.240058379797,Cars,,BEV
Canada Net-zero,Canada,2029,Vehicle battery,Copper,8253.811302943855,Cars,,BEV
Canada Net-zero,Canada,2029,Vehicle battery,Lithium,2150.6005762247214,Cars,,BEV
Canada Net-zero,Canada,2029,Vehicle battery,Nickel,2342.813057414541,Cars,,BEV
Canada Net-zero,Canada,2029,Vehicle battery,Cobalt,0.0,Cars,,BEV
Canada Net-zero,Canada,2029,Vehicle battery,Copper,0.0,Cars,,BEV
Canada Net-zero,Canada,2029,Vehicle battery,Lithium,0.0,Cars,,BEV
Canada Net-zero,Canada,2029,Vehicle battery,Cobalt,3029.7722788062956,Cars,,BEV
Canada Net-zero,Canada,2029,Vehicle battery,Copper,9824.799544496049,Cars,,BEV
Canada Net-zero,Canada,2029,Vehicle battery,Graphite,1321.907623500356,Cars,,BEV
Canada Net-zero,Canada,2029,Vehicle battery,Lithium,3626.075698261529,Cars,,BEV
Canada Net-zero,Canada,2029,Vehicle battery,Nickel,16033.112102167068,Cars,,BEV
Canada Net-zero,Canada,2029,Vehicle battery,Cobalt,7992.330657262423,Cars,,BEV
Canada Net-zero,Canada,2029,Vehicle battery,Copper,11729.10187056784,Cars,,BEV
Canada Net-zero,Canada,2029,Vehicle battery,Lithium,13829.817979403664,Cars,,BEV
Canada Net-zero,Canada,2029,Vehicle battery,Nickel,20851.739144507894,Cars,,BEV
Canada Net-zero,Canada,2029,Vehicle battery,Nickel,2653.0122026992317,Cars,,BEV
Canada Net-zero,Canada,2029,Vehicle battery,Cobalt,1078.5871332337952,Trucks,,BEV
Canada Net-zero,Canada,2029,Vehicle battery,Copper,1582.8747463654304,Trucks,,BEV
Canada Net-zero,Canada,2029,Vehicle battery,Lithium,1866.3721969505616,Trucks,,BEV
Canada Net-zero,Canada,2029,Vehicle battery,Nickel,2813.9998845489727,Trucks,,BEV
Canada Net-zero,Canada,2029,Vehicle battery,Cobalt,1718.0200848715251,Vans,,BEV
Canada Net-zero,Canada,2029,Vehicle battery,Copper,551.3679615326868,Vans,,BEV
Canada Net-zero,Canada,2029,Vehicle battery,Lithium,143.66360124578097,Vans,,BEV
Canada Net-zero,Canada,2029,Vehicle battery,Nickel,156.50370626453412,Vans,,BEV
Canada Net-zero,Canada,2029,Vehicle battery,Cobalt,0.0,Vans,,BEV
Canada Net-zero,Canada,2029,Vehicle battery,Copper,0.0,Vans,,BEV
Canada Net-zero,Canada,2029,Vehicle battery,Lithium,0.0,Vans,,BEV
Canada Net-zero,Canada,2029,Vehicle battery,Cobalt,202.39369473807233,Vans,,BEV
Canada Net-zero,Canada,2029,Vehicle battery,Copper,656.3125201788857,Vans,,BEV
Canada Net-zero,Canada,2029,Vehicle battery,Graphite,88.30556999091445,Vans,,BEV
Canada Net-zero,Canada,2029,Vehicle battery,Lithium,242.2277288312357,Vans,,BEV
Canada Net-zero,Canada,2029,Vehicle battery,Nickel,1071.0378529787715,Vans,,BEV
Canada Net-zero,Canada,2029,Vehicle battery,Cobalt,533.9006309507286,Vans,,BEV
Canada Net-zero,Canada,2029,Vehicle battery,Copper,783.522999450888,Vans,,BEV
Canada Net-zero,Canada,2029,Vehicle battery,Lithium,923.8542374905281,Vans,,BEV
Canada Net-zero,Canada,2029,Vehicle battery,Nickel,1392.9299428517415,Vans,,BEV
Canada Net-zero,Canada,2029,Vehicle battery,Nickel,177.22551151634545,Vans,,BEV
Canada Net-zero,Canada,2029,Vehicle battery,Cobalt,0.7010816366019669,Buses,,FCEV
Canada Net-zero,Canada,2029,Vehicle battery,Copper,1.0288685851375297,Buses,,FCEV
Canada Net-zero,Canada,2029,Vehicle battery,Lithium,1.2131419280178652,Buses,,FCEV
Canada Net-zero,Canada,2029,Vehicle battery,Nickel,1.8290999249568323,Buses,,FCEV
Canada Net-zero,Canada,2029,Vehicle battery,Cobalt,0.07288570057030713,Cars,,FCEV
Canada Net-zero,Canada,2029,Vehicle battery,Copper,0.023391368065023073,Cars,,FCEV
Canada Net-zero,Canada,2029,Vehicle battery,Lithium,0.006094819446790708,Cars,,FCEV
Canada Net-zero,Canada,2029,Vehicle battery,Nickel,0.006639551174859024,Cars,,FCEV
Canada Net-zero,Canada,2029,Vehicle battery,Cobalt,0.0,Cars,,FCEV
Canada Net-zero,Canada,2029,Vehicle battery,Copper,0.0,Cars,,FCEV
Canada Net-zero,Canada,2029,Vehicle battery,Lithium,0.0,Cars,,FCEV
Canada Net-zero,Canada,2029,Vehicle battery,Cobalt,0.0085863991707061,Cars,,FCEV
Canada Net-zero,Canada,2029,Vehicle battery,Copper,0.027843561462134545,Cars,,FCEV
Canada Net-zero,Canada,2029,Vehicle battery,Graphite,0.003746296908705462,Cars,,FCEV
Canada Net-zero,Canada,2029,Vehicle battery,Lithium,0.01027632788981,Cars,,FCEV
Canada Net-zero,Canada,2029,Vehicle battery,Nickel,0.045437969520311525,Cars,,FCEV
Canada Net-zero,Canada,2029,Vehicle battery,Cobalt,0.022650329797909697,Cars,,FCEV
Canada Net-zero,Canada,2029,Vehicle battery,Copper,0.03324036967367404,Cars,,FCEV
Canada Net-zero,Canada,2029,Vehicle battery,Lithium,0.0391938161359618,Cars,,FCEV
Canada Net-zero,Canada,2029,Vehicle battery,Nickel,0.05909399757552843,Cars,,FCEV
Canada Net-zero,Canada,2029,Vehicle battery,Nickel,0.0075186580643298055,Cars,,FCEV
Canada Net-zero,Canada,2029,Vehicle battery,Cobalt,3.2357613997013863,Trucks,,FCEV
Canada Net-zero,Canada,2029,Vehicle battery,Copper,4.7486242390962925,Trucks,,FCEV
Canada Net-zero,Canada,2029,Vehicle battery,Lithium,5.599116590851686,Trucks,,FCEV
Canada Net-zero,Canada,2029,Vehicle battery,Nickel,8.44199965364692,Trucks,,FCEV
Canada Net-zero,Canada,2029,Vehicle battery,Cobalt,1936.6771865824467,Cars,,PHEV
Canada Net-zero,Canada,2029,Vehicle battery,Copper,621.542065727756,Cars,,PHEV
Canada Net-zero,Canada,2029,Vehicle battery,Lithium,161.9480595861531,Cars,,PHEV
Canada Net-zero,Canada,2029,Vehicle battery,Nickel,176.4223597891112,Cars,,PHEV
Canada Net-zero,Canada,2029,Vehicle battery,Cobalt,0.0,Cars,,PHEV
Canada Net-zero,Canada,2029,Vehicle battery,Copper,0.0,Cars,,PHEV
Canada Net-zero,Canada,2029,Vehicle battery,Lithium,0.0,Cars,,PHEV
Canada Net-zero,Canada,2029,Vehicle battery,Cobalt,228.15289225019063,Cars,,PHEV
Canada Net-zero,Canada,2029,Vehicle battery,Copper,739.8432045652893,Cars,,PHEV
Canada Net-zero,Canada,2029,Vehicle battery,Graphite,99.54446071703084,Cars,,PHEV
Canada Net-zero,Canada,2029,Vehicle battery,Lithium,273.05671250066564,Cars,,PHEV
Canada Net-zero,Canada,2029,Vehicle battery,Nickel,1207.3517615397063,Cars,,PHEV
Canada Net-zero,Canada,2029,Vehicle battery,Cobalt,601.8516203444577,Cars,,PHEV
Canada Net-zero,Canada,2029,Vehicle battery,Copper,883.2441084719101,Cars,,PHEV
Canada Net-zero,Canada,2029,Vehicle battery,Lithium,1041.4356858984133,Cars,,PHEV
Canada Net-zero,Canada,2029,Vehicle battery,Nickel,1570.211935578327,Cars,,PHEV
Canada Net-zero,Canada,2029,Vehicle battery,Nickel,199.78148570933485,Cars,,PHEV
Canada Net-zero,Canada,2029,Vehicle battery,Cobalt,290.54322695912145,Vans,,PHEV
Canada Net-zero,Canada,2029,Vehicle battery,Copper,93.24467635520055,Vans,,PHEV
Canada Net-zero,Canada,2029,Vehicle battery,Lithium,24.29569169189256,Vans,,PHEV
Canada Net-zero,Canada,2029,Vehicle battery,Nickel,26.46714799760946,Vans,,PHEV
Canada Net-zero,Canada,2029,Vehicle battery,Cobalt,0.0,Vans,,PHEV
Canada Net-zero,Canada,2029,Vehicle battery,Copper,0.0,Vans,,PHEV
Canada Net-zero,Canada,2029,Vehicle battery,Lithium,0.0,Vans,,PHEV
Canada Net-zero,Canada,2029,Vehicle battery,Cobalt,34.22784035134043,Vans,,PHEV
Canada Net-zero,Canada,2029,Vehicle battery,Copper,110.9923912913432,Vans,,PHEV
Canada Net-zero,Canada,2029,Vehicle battery,Graphite,14.933809848645316,Vans,,PHEV
Canada Net-zero,Canada,2029,Vehicle battery,Lithium,40.96437906246547,Vans,,PHEV
Canada Net-zero,Canada,2029,Vehicle battery,Nickel,181.12872878496754,Vans,,PHEV
Canada Net-zero,Canada,2029,Vehicle battery,Cobalt,90.29068609726747,Vans,,PHEV
Canada Net-zero,Canada,2029,Vehicle battery,Copper,132.5056107677429,Vans,,PHEV
Canada Net-zero,Canada,2029,Vehicle battery,Lithium,156.23774935112542,Vans,,PHEV
Canada Net-zero,Canada,2029,Vehicle battery,Nickel,235.56555833536362,Vans,,PHEV
Canada Net-zero,Canada,2029,Vehicle battery,Nickel,29.97151923243699,Vans,,PHEV
Canada Net-zero,Canada,2030,Vehicle battery,Cobalt,7.111955098065421,2 and 3 wheelers,,BEV
Canada Net-zero,Canada,2030,Vehicle battery,Copper,2.2824553795746625,2 and 3 wheelers,,BEV
Canada Net-zero,Canada,2030,Vehicle battery,Lithium,0.5947131178986045,2 and 3 wheelers,,BEV
Canada Net-zero,Canada,2030,Vehicle battery,Nickel,0.6478663092681022,2 and 3 wheelers,,BEV
Canada Net-zero,Canada,2030,Vehicle battery,Cobalt,123.50822698918192,Buses,,BEV
Canada Net-zero,Canada,2030,Vehicle battery,Copper,181.25383424833518,Buses,,BEV
Canada Net-zero,Canada,2030,Vehicle battery,Lithium,213.71692081672748,Buses,,BEV
Canada Net-zero,Canada,2030,Vehicle battery,Nickel,322.22907707640036,Buses,,BEV
Canada Net-zero,Canada,2030,Vehicle battery,Cobalt,34444.17469063058,Cars,,BEV
Canada Net-zero,Canada,2030,Vehicle battery,Copper,11054.244681469447,Cars,,BEV
Canada Net-zero,Canada,2030,Vehicle battery,Lithium,2880.277257273634,Cars,,BEV
Canada Net-zero,Canada,2030,Vehicle battery,Nickel,3137.7054586121817,Cars,,BEV
Canada Net-zero,Canada,2030,Vehicle battery,Cobalt,0.0,Cars,,BEV
Canada Net-zero,Canada,2030,Vehicle battery,Copper,0.0,Cars,,BEV
Canada Net-zero,Canada,2030,Vehicle battery,Lithium,0.0,Cars,,BEV
Canada Net-zero,Canada,2030,Vehicle battery,Cobalt,3687.2533183846626,Cars,,BEV
Canada Net-zero,Canada,2030,Vehicle battery,Copper,11956.84737639098,Cars,,BEV
Canada Net-zero,Canada,2030,Vehicle battery,Graphite,1608.770502471581,Cars,,BEV
Canada Net-zero,Canada,2030,Vehicle battery,Lithium,4412.95860571956,Cars,,BEV
Canada Net-zero,Canada,2030,Vehicle battery,Nickel,19512.405673617443,Cars,,BEV
Canada Net-zero,Canada,2030,Vehicle battery,Cobalt,9684.613354389821,Cars,,BEV
Canada Net-zero,Canada,2030,Vehicle battery,Copper,14212.602241059936,Cars,,BEV
Canada Net-zero,Canada,2030,Vehicle battery,Lithium,16758.120457692603,Cars,,BEV
Canada Net-zero,Canada,2030,Vehicle battery,Nickel,25266.85144059394,Cars,,BEV
Canada Net-zero,Canada,2030,Vehicle battery,Nickel,3750.5493196345783,Cars,,BEV
Canada Net-zero,Canada,2030,Vehicle battery,Cobalt,1372.3136332131326,Trucks,,BEV
Canada Net-zero,Canada,2030,Vehicle battery,Copper,2013.931491648169,Trucks,,BEV
Canada Net-zero,Canada,2030,Vehicle battery,Lithium,2374.6324535191948,Trucks,,BEV
Canada Net-zero,Canada,2030,Vehicle battery,Nickel,3580.323078626671,Trucks,,BEV
Canada Net-zero,Canada,2030,Vehicle battery,Cobalt,2300.926649374107,Vans,,BEV
Canada Net-zero,Canada,2030,Vehicle battery,Copper,738.441446332979,Vans,,BEV
Canada Net-zero,Canada,2030,Vehicle battery,Lithium,192.40718520248967,Vans,,BEV
Canada Net-zero,Canada,2030,Vehicle battery,Nickel,209.6038059396801,Vans,,BEV
Canada Net-zero,Canada,2030,Vehicle battery,Cobalt,0.0,Vans,,BEV
Canada Net-zero,Canada,2030,Vehicle battery,Copper,0.0,Vans,,BEV
Canada Net-zero,Canada,2030,Vehicle battery,Lithium,0.0,Vans,,BEV
Canada Net-zero,Canada,2030,Vehicle battery,Cobalt,246.31449292853006,Vans,,BEV
Canada Net-zero,Canada,2030,Vehicle battery,Copper,798.7367680585066,Vans,,BEV
Canada Net-zero,Canada,2030,Vehicle battery,Graphite,107.46847486146187,Vans,,BEV
Canada Net-zero,Canada,2030,Vehicle battery,Lithium,294.7927813537358,Vans,,BEV
Canada Net-zero,Canada,2030,Vehicle battery,Nickel,1303.4602980351733,Vans,,BEV
Canada Net-zero,Canada,2030,Vehicle battery,Cobalt,646.9478556576196,Vans,,BEV
Canada Net-zero,Canada,2030,Vehicle battery,Copper,949.4248460627082,Vans,,BEV
Canada Net-zero,Canada,2030,Vehicle battery,Lithium,1119.4695852304774,Vans,,BEV
Canada Net-zero,Canada,2030,Vehicle battery,Nickel,1687.8665942097161,Vans,,BEV
Canada Net-zero,Canada,2030,Vehicle battery,Nickel,250.54276831567017,Vans,,BEV
Canada Net-zero,Canada,2030,Vehicle battery,Cobalt,0.8920038615885362,Buses,,FCEV
Canada Net-zero,Canada,2030,Vehicle battery,Copper,1.30905546957131,Buses,,FCEV
Canada Net-zero,Canada,2030,Vehicle battery,Lithium,1.5435110947874766,Buses,,FCEV
Canada Net-zero,Canada,2030,Vehicle battery,Nickel,2.327210001107336,Buses,,FCEV
Canada Net-zero,Canada,2030,Vehicle battery,Cobalt,0.09761506997344695,Cars,,FCEV
Canada Net-zero,Canada,2030,Vehicle battery,Copper,0.03132781893533851,Cars,,FCEV
Canada Net-zero,Canada,2030,Vehicle battery,Lithium,0.008162729069196531,Cars,,FCEV
Canada Net-zero,Canada,2030,Vehicle battery,Nickel,0.008892282676228854,Cars,,FCEV
Canada Net-zero,Canada,2030,Vehicle battery,Cobalt,0.0,Cars,,FCEV
Canada Net-zero,Canada,2030,Vehicle battery,Copper,0.0,Cars,,FCEV
Canada Net-zero,Canada,2030,Vehicle battery,Lithium,0.0,Cars,,FCEV
Canada Net-zero,Canada,2030,Vehicle battery,Cobalt,0.010449705760604307,Cars,,FCEV
Canada Net-zero,Canada,2030,Vehicle battery,Copper,0.033885802281269986,Cars,,FCEV
Canada Net-zero,Canada,2030,Vehicle battery,Graphite,0.004559268630486262,Cars,,FCEV
Canada Net-zero,Canada,2030,Vehicle battery,Lithium,0.01250636042106758,Cars,,FCEV
Canada Net-zero,Canada,2030,Vehicle battery,Nickel,0.055298315674219486,Cars,,FCEV
Canada Net-zero,Canada,2030,Vehicle battery,Cobalt,0.027446272664262653,Cars,,FCEV
Canada Net-zero,Canada,2030,Vehicle battery,Copper,0.04027862983296338,Cars,,FCEV
Canada Net-zero,Canada,2030,Vehicle battery,Lithium,0.04749264907038389,Cars,,FCEV
Canada Net-zero,Canada,2030,Vehicle battery,Nickel,0.07160646157253342,Cars,,FCEV
Canada Net-zero,Canada,2030,Vehicle battery,Nickel,0.010629087140664795,Cars,,FCEV
Canada Net-zero,Canada,2030,Vehicle battery,Cobalt,4.116940899639398,Trucks,,FCEV
Canada Net-zero,Canada,2030,Vehicle battery,Copper,6.041794474944507,Trucks,,FCEV
Canada Net-zero,Canada,2030,Vehicle battery,Lithium,7.123897360557584,Trucks,,FCEV
Canada Net-zero,Canada,2030,Vehicle battery,Nickel,10.740969235880012,Trucks,,FCEV
Canada Net-zero,Canada,2030,Vehicle battery,Cobalt,2593.771859294448,Cars,,PHEV
Canada Net-zero,Canada,2030,Vehicle battery,Copper,832.4249031389948,Cars,,PHEV
Canada Net-zero,Canada,2030,Vehicle battery,Lithium,216.8953724100793,Cars,,PHEV
Canada Net-zero,Canada,2030,Vehicle battery,Nickel,236.28065396836672,Cars,,PHEV
Canada Net-zero,Canada,2030,Vehicle battery,Cobalt,0.0,Cars,,PHEV
Canada Net-zero,Canada,2030,Vehicle battery,Copper,0.0,Cars,,PHEV
Canada Net-zero,Canada,2030,Vehicle battery,Lithium,0.0,Cars,,PHEV
Canada Net-zero,Canada,2030,Vehicle battery,Cobalt,277.663610210343,Cars,,PHEV
Canada Net-zero,Canada,2030,Vehicle battery,Copper,900.3941749023166,Cars,,PHEV
Canada Net-zero,Canada,2030,Vehicle battery,Graphite,121.14628075292067,Cars,,PHEV
Canada Net-zero,Canada,2030,Vehicle battery,Lithium,332.3118626169385,Cars,,PHEV
Canada Net-zero,Canada,2030,Vehicle battery,Nickel,1469.3552450578318,Cars,,PHEV
Canada Net-zero,Canada,2030,Vehicle battery,Cobalt,729.2866736504077,Cars,,PHEV
Canada Net-zero,Canada,2030,Vehicle battery,Copper,1070.2607355615985,Cars,,PHEV
Canada Net-zero,Canada,2030,Vehicle battery,Lithium,1261.9475324416292,Cars,,PHEV
Canada Net-zero,Canada,2030,Vehicle battery,Nickel,1902.6859789273165,Cars,,PHEV
Canada Net-zero,Canada,2030,Vehicle battery,Nickel,282.4300297376646,Cars,,PHEV
Canada Net-zero,Canada,2030,Vehicle battery,Cobalt,389.121558934152,Vans,,PHEV
Canada Net-zero,Canada,2030,Vehicle battery,Copper,124.8816370816694,Vans,,PHEV
Canada Net-zero,Canada,2030,Vehicle battery,Lithium,32.53897027812287,Vans,,PHEV
Canada Net-zero,Canada,2030,Vehicle battery,Nickel,35.44717939964141,Vans,,PHEV
Canada Net-zero,Canada,2030,Vehicle battery,Cobalt,0.0,Vans,,PHEV
Canada Net-zero,Canada,2030,Vehicle battery,Copper,0.0,Vans,,PHEV
Canada Net-zero,Canada,2030,Vehicle battery,Lithium,0.0,Vans,,PHEV
Canada Net-zero,Canada,2030,Vehicle battery,Cobalt,41.655512791986084,Vans,,PHEV
Canada Net-zero,Canada,2030,Vehicle battery,Copper,135.0784895509368,Vans,,PHEV
Canada Net-zero,Canada,2030,Vehicle battery,Graphite,18.17454740929838,Vans,,PHEV
Canada Net-zero,Canada,2030,Vehicle battery,Lithium,49.85392588420997,Vans,,PHEV
Canada Net-zero,Canada,2030,Vehicle battery,Nickel,220.43488579620293,Vans,,PHEV
Canada Net-zero,Canada,2030,Vehicle battery,Cobalt,109.40868463194072,Vans,,PHEV
Canada Net-zero,Canada,2030,Vehicle battery,Copper,160.5621266941443,Vans,,PHEV
Canada Net-zero,Canada,2030,Vehicle battery,Lithium,189.31926852285602,Vans,,PHEV
Canada Net-zero,Canada,2030,Vehicle battery,Nickel,285.4438148171389,Vans,,PHEV
Canada Net-zero,Canada,2030,Vehicle battery,Nickel,42.37057822473007,Vans,,PHEV
Canada Net-zero,Canada,2031,Vehicle battery,Cobalt,8.755923616070474,2 and 3 wheelers,,BEV
Canada Net-zero,Canada,2031,Vehicle battery,Copper,2.810057809009672,2 and 3 wheelers,,BEV
Canada Net-zero,Canada,2031,Vehicle battery,Lithium,0.732184408083758,2 and 3 wheelers,,BEV
Canada Net-zero,Canada,2031,Vehicle battery,Nickel,0.7976242593151439,2 and 3 wheelers,,BEV
Canada Net-zero,Canada,2031,Vehicle battery,Cobalt,152.05784999510735,Buses,,BEV
Canada Net-zero,Canada,2031,Vehicle battery,Copper,223.15167994100892,Buses,,BEV
Canada Net-zero,Canada,2031,Vehicle battery,Lithium,263.1187919960395,Buses,,BEV
Canada Net-zero,Canada,2031,Vehicle battery,Nickel,396.7141449649087,Buses,,BEV
Canada Net-zero,Canada,2031,Vehicle battery,Cobalt,44526.446859370146,Cars,,BEV
Canada Net-zero,Canada,2031,Vehicle battery,Copper,14289.97044640507,Cars,,BEV
Canada Net-zero,Canada,2031,Vehicle battery,Lithium,3723.3730634612284,Cars,,BEV
Canada Net-zero,Canada,2031,Vehicle battery,Nickel,4056.153953987894,Cars,,BEV
Canada Net-zero,Canada,2031,Vehicle battery,Cobalt,0.0,Cars,,BEV
Canada Net-zero,Canada,2031,Vehicle battery,Copper,0.0,Cars,,BEV
Canada Net-zero,Canada,2031,Vehicle battery,Lithium,0.0,Cars,,BEV
Canada Net-zero,Canada,2031,Vehicle battery,Cobalt,4291.969109152444,Cars,,BEV
Canada Net-zero,Canada,2031,Vehicle battery,Copper,13917.79060213917,Cars,,BEV
Canada Net-zero,Canada,2031,Vehicle battery,Graphite,1872.6115902849278,Cars,,BEV
Canada Net-zero,Canada,2031,Vehicle battery,Lithium,5136.691293023035,Cars,,BEV
Canada Net-zero,Canada,2031,Vehicle battery,Nickel,22712.47325993465,Cars,,BEV
Canada Net-zero,Canada,2031,Vehicle battery,Cobalt,11625.184674625943,Cars,,BEV
Canada Net-zero,Canada,2031,Vehicle battery,Copper,17060.4772450138,Cars,,BEV
Canada Net-zero,Canada,2031,Vehicle battery,Lithium,20116.05812141149,Cars,,BEV
Canada Net-zero,Canada,2031,Vehicle battery,Nickel,30329.74094005528,Cars,,BEV
Canada Net-zero,Canada,2031,Vehicle battery,Nickel,4386.634443383995,Cars,,BEV
Canada Net-zero,Canada,2031,Vehicle battery,Cobalt,1689.5316666123038,Trucks,,BEV
Canada Net-zero,Canada,2031,Vehicle battery,Copper,2479.4631104556547,Trucks,,BEV
Canada Net-zero,Canada,2031,Vehicle battery,Lithium,2923.542133289327,Trucks,,BEV
Canada Net-zero,Canada,2031,Vehicle battery,Nickel,4407.93494405454,Trucks,,BEV
Canada Net-zero,Canada,2031,Vehicle battery,Cobalt,2974.438757812176,Vans,,BEV
Canada Net-zero,Canada,2031,Vehicle battery,Copper,954.5931674724034,Vans,,BEV
Canada Net-zero,Canada,2031,Vehicle battery,Lithium,248.72735039315899,Vans,,BEV
Canada Net-zero,Canada,2031,Vehicle battery,Nickel,270.95765279676215,Vans,,BEV
Canada Net-zero,Canada,2031,Vehicle battery,Cobalt,0.0,Vans,,BEV
Canada Net-zero,Canada,2031,Vehicle battery,Copper,0.0,Vans,,BEV
Canada Net-zero,Canada,2031,Vehicle battery,Lithium,0.0,Vans,,BEV
Canada Net-zero,Canada,2031,Vehicle battery,Cobalt,286.710487048645,Vans,,BEV
Canada Net-zero,Canada,2031,Vehicle battery,Copper,929.7309511550458,Vans,,BEV
Canada Net-zero,Canada,2031,Vehicle battery,Graphite,125.09348680041016,Vans,,BEV
Canada Net-zero,Canada,2031,Vehicle battery,Lithium,343.1392969023486,Vans,,BEV
Canada Net-zero,Canada,2031,Vehicle battery,Nickel,1517.2299950968493,Vans,,BEV
Canada Net-zero,Canada,2031,Vehicle battery,Cobalt,776.5811624750125,Vans,,BEV
Canada Net-zero,Canada,2031,Vehicle battery,Copper,1139.6675082701527,Vans,,BEV
Canada Net-zero,Canada,2031,Vehicle battery,Lithium,1343.7852591226301,Vans,,BEV
Canada Net-zero,Canada,2031,Vehicle battery,Nickel,2026.0758117850694,Vans,,BEV
Canada Net-zero,Canada,2031,Vehicle battery,Nickel,293.03428467949766,Vans,,BEV
Canada Net-zero,Canada,2031,Vehicle battery,Cobalt,1.0981955832979975,Buses,,FCEV
Canada Net-zero,Canada,2031,Vehicle battery,Copper,1.6116510217961755,Buses,,FCEV
Canada Net-zero,Canada,2031,Vehicle battery,Lithium,1.900302386638063,Buses,,FCEV
Canada Net-zero,Canada,2031,Vehicle battery,Nickel,2.865157713635452,Buses,,FCEV
Canada Net-zero,Canada,2031,Vehicle battery,Cobalt,0.12618831093748628,Cars,,FCEV
Canada Net-zero,Canada,2031,Vehicle battery,Copper,0.04049789195337469,Cars,,FCEV
Canada Net-zero,Canada,2031,Vehicle battery,Lithium,0.010552069410618866,Cars,,FCEV
Canada Net-zero,Canada,2031,Vehicle battery,Nickel,0.011495173148953547,Cars,,FCEV
Canada Net-zero,Canada,2031,Vehicle battery,Cobalt,0.0,Cars,,FCEV
Canada Net-zero,Canada,2031,Vehicle battery,Copper,0.0,Cars,,FCEV
Canada Net-zero,Canada,2031,Vehicle battery,Lithium,0.0,Cars,,FCEV
Canada Net-zero,Canada,2031,Vehicle battery,Cobalt,0.012163475208124337,Cars,,FCEV
Canada Net-zero,Canada,2031,Vehicle battery,Copper,0.03944313126112316,Cars,,FCEV
Canada Net-zero,Canada,2031,Vehicle battery,Graphite,0.005306996409714371,Cars,,FCEV
Canada Net-zero,Canada,2031,Vehicle battery,Lithium,0.014557424717069334,Cars,,FCEV
Canada Net-zero,Canada,2031,Vehicle battery,Nickel,0.06436733312532088,Cars,,FCEV
Canada Net-zero,Canada,2031,Vehicle battery,Cobalt,0.03294586749893993,Cars,,FCEV
Canada Net-zero,Canada,2031,Vehicle battery,Copper,0.04834953065388527,Cars,,FCEV
Canada Net-zero,Canada,2031,Vehicle battery,Lithium,0.05700907159914189,Cars,,FCEV
Canada Net-zero,Canada,2031,Vehicle battery,Nickel,0.08595473140906357,Cars,,FCEV
Canada Net-zero,Canada,2031,Vehicle battery,Nickel,0.012431757531857476,Cars,,FCEV
Canada Net-zero,Canada,2031,Vehicle battery,Cobalt,5.068594999836911,Trucks,,FCEV
Canada Net-zero,Canada,2031,Vehicle battery,Copper,7.438389331366964,Trucks,,FCEV
Canada Net-zero,Canada,2031,Vehicle battery,Lithium,8.770626399867982,Trucks,,FCEV
Canada Net-zero,Canada,2031,Vehicle battery,Nickel,13.223804832163623,Trucks,,FCEV
Canada Net-zero,Canada,2031,Vehicle battery,Cobalt,3353.003690624634,Cars,,PHEV
Canada Net-zero,Canada,2031,Vehicle battery,Copper,1076.0868433325275,Cars,,PHEV
Canada Net-zero,Canada,2031,Vehicle battery,Lithium,280.3835586250155,Cars,,PHEV
Canada Net-zero,Canada,2031,Vehicle battery,Nickel,305.4431722436227,Cars,,PHEV
Canada Net-zero,Canada,2031,Vehicle battery,Cobalt,0.0,Cars,,PHEV
Canada Net-zero,Canada,2031,Vehicle battery,Copper,0.0,Cars,,PHEV
Canada Net-zero,Canada,2031,Vehicle battery,Lithium,0.0,Cars,,PHEV
Canada Net-zero,Canada,2031,Vehicle battery,Cobalt,323.200912673018,Cars,,PHEV
Canada Net-zero,Canada,2031,Vehicle battery,Copper,1048.0603449384153,Cars,,PHEV
Canada Net-zero,Canada,2031,Vehicle battery,Graphite,141.01447602955326,Cars,,PHEV
Canada Net-zero,Canada,2031,Vehicle battery,Lithium,386.8115710535565,Cars,,PHEV
Canada Net-zero,Canada,2031,Vehicle battery,Nickel,1710.3319944728116,Cars,,PHEV
Canada Net-zero,Canada,2031,Vehicle battery,Cobalt,875.4187649718323,Cars,,PHEV
Canada Net-zero,Canada,2031,Vehicle battery,Copper,1284.7161002318085,Cars,,PHEV
Canada Net-zero,Canada,2031,Vehicle battery,Lithium,1514.8124739200557,Cars,,PHEV
Canada Net-zero,Canada,2031,Vehicle battery,Nickel,2283.94000601226,Cars,,PHEV
Canada Net-zero,Canada,2031,Vehicle battery,Nickel,330.32955727507004,Cars,,PHEV
Canada Net-zero,Canada,2031,Vehicle battery,Cobalt,503.0226611999453,Vans,,PHEV
Canada Net-zero,Canada,2031,Vehicle battery,Copper,161.43616815242393,Vans,,PHEV
Canada Net-zero,Canada,2031,Vehicle battery,Lithium,42.063563547701264,Vans,,PHEV
Canada Net-zero,Canada,2031,Vehicle battery,Nickel,45.82304450691425,Vans,,PHEV
Canada Net-zero,Canada,2031,Vehicle battery,Cobalt,0.0,Vans,,PHEV
Canada Net-zero,Canada,2031,Vehicle battery,Copper,0.0,Vans,,PHEV
Canada Net-zero,Canada,2031,Vehicle battery,Lithium,0.0,Vans,,PHEV
Canada Net-zero,Canada,2031,Vehicle battery,Cobalt,48.48708745821449,Vans,,PHEV
Canada Net-zero,Canada,2031,Vehicle battery,Copper,157.2315906729115,Vans,,PHEV
Canada Net-zero,Canada,2031,Vehicle battery,Graphite,21.15520397380997,Vans,,PHEV
Canada Net-zero,Canada,2031,Vehicle battery,Lithium,58.03005418644324,Vans,,PHEV
Canada Net-zero,Canada,2031,Vehicle battery,Nickel,256.58658050413624,Vans,,PHEV
Canada Net-zero,Canada,2031,Vehicle battery,Cobalt,131.33164095577422,Vans,,PHEV
Canada Net-zero,Canada,2031,Vehicle battery,Copper,192.73504333800204,Vans,,PHEV
Canada Net-zero,Canada,2031,Vehicle battery,Lithium,227.25444770035074,Vans,,PHEV
Canada Net-zero,Canada,2031,Vehicle battery,Nickel,342.6401178912156,Vans,,PHEV
Canada Net-zero,Canada,2031,Vehicle battery,Nickel,49.55653745270729,Vans,,PHEV
Canada Net-zero,Canada,2032,Vehicle battery,Cobalt,10.544180613859698,2 and 3 wheelers,,BEV
Canada Net-zero,Canada,2032,Vehicle battery,Copper,3.383967057364786,2 and 3 wheelers,,BEV
Canada Net-zero,Canada,2032,Vehicle battery,Lithium,0.8817213328948437,2 and 3 wheelers,,BEV
Canada Net-zero,Canada,2032,Vehicle battery,Nickel,0.9605262244155293,2 and 3 wheelers,,BEV
Canada Net-zero,Canada,2032,Vehicle battery,Cobalt,183.11322761665943,Buses,,BEV
Canada Net-zero,Canada,2032,Vehicle battery,Copper,268.72683234303713,Buses,,BEV
Canada Net-zero,Canada,2032,Vehicle battery,Lithium,316.85658616468345,Buses,,BEV
Canada Net-zero,Canada,2032,Vehicle battery,Nickel,477.73664778270347,Buses,,BEV
Canada Net-zero,Canada,2032,Vehicle battery,Cobalt,56173.60534873881,Cars,,BEV
Canada Net-zero,Canada,2032,Vehicle battery,Copper,18027.91861737279,Cars,,BEV
Canada Net-zero,Canada,2032,Vehicle battery,Lithium,4697.327179363315,Cars,,BEV
Canada Net-zero,Canada,2032,Vehicle battery,Nickel,5117.156375954888,Cars,,BEV
Canada Net-zero,Canada,2032,Vehicle battery,Cobalt,0.0,Cars,,BEV
Canada Net-zero,Canada,2032,Vehicle battery,Copper,0.0,Cars,,BEV
Canada Net-zero,Canada,2032,Vehicle battery,Lithium,0.0,Cars,,BEV
Canada Net-zero,Canada,2032,Vehicle battery,Cobalt,4870.350267908706,Cars,,BEV
Canada Net-zero,Canada,2032,Vehicle battery,Copper,15793.337152235821,Cars,,BEV
Canada Net-zero,Canada,2032,Vehicle battery,Graphite,2124.9627218855194,Cars,,BEV
Canada Net-zero,Canada,2032,Vehicle battery,Lithium,5828.906308246795,Cars,,BEV
Canada Net-zero,Canada,2032,Vehicle battery,Nickel,25773.181822419094,Cars,,BEV
Canada Net-zero,Canada,2032,Vehicle battery,Cobalt,13640.48217785687,Cars,,BEV
Canada Net-zero,Canada,2032,Vehicle battery,Copper,20018.016256918625,Cars,,BEV
Canada Net-zero,Canada,2032,Vehicle battery,Lithium,23603.30093445809,Cars,,BEV
Canada Net-zero,Canada,2032,Vehicle battery,Nickel,35587.58869911472,Cars,,BEV
Canada Net-zero,Canada,2032,Vehicle battery,Nickel,5004.506073773672,Cars,,BEV
Canada Net-zero,Canada,2032,Vehicle battery,Cobalt,2034.5914179628826,Trucks,,BEV
Canada Net-zero,Canada,2032,Vehicle battery,Copper,2985.8536927004125,Trucks,,BEV
Canada Net-zero,Canada,2032,Vehicle battery,Lithium,3520.6287351631495,Trucks,,BEV
Canada Net-zero,Canada,2032,Vehicle battery,Nickel,5308.1849753633705,Trucks,,BEV
Canada Net-zero,Canada,2032,Vehicle battery,Cobalt,3752.487806697127,Vans,,BEV
Canada Net-zero,Canada,2032,Vehicle battery,Copper,1204.294158650409,Vans,,BEV
Canada Net-zero,Canada,2032,Vehicle battery,Lithium,313.78906258904726,Vans,,BEV
Canada Net-zero,Canada,2032,Vehicle battery,Nickel,341.83433280670295,Vans,,BEV
Canada Net-zero,Canada,2032,Vehicle battery,Cobalt,0.0,Vans,,BEV
Canada Net-zero,Canada,2032,Vehicle battery,Copper,0.0,Vans,,BEV
Canada Net-zero,Canada,2032,Vehicle battery,Lithium,0.0,Vans,,BEV
Canada Net-zero,Canada,2032,Vehicle battery,Cobalt,325.34728510321315,Vans,,BEV
Canada Net-zero,Canada,2032,Vehicle battery,Copper,1055.0204980238505,Vans,,BEV
Canada Net-zero,Canada,2032,Vehicle battery,Graphite,141.95095105712986,Vans,,BEV
Canada Net-zero,Canada,2032,Vehicle battery,Lithium,389.38038091527176,Vans,,BEV
Canada Net-zero,Canada,2032,Vehicle battery,Nickel,1721.6902836838665,Vans,,BEV
Canada Net-zero,Canada,2032,Vehicle battery,Cobalt,911.2062993305195,Vans,,BEV
Canada Net-zero,Canada,2032,Vehicle battery,Copper,1337.2359038022562,Vans,,BEV
Canada Net-zero,Canada,2032,Vehicle battery,Lithium,1576.7387263909247,Vans,,BEV
Canada Net-zero,Canada,2032,Vehicle battery,Nickel,2377.3085568234524,Vans,,BEV
Canada Net-zero,Canada,2032,Vehicle battery,Nickel,334.3091101913586,Vans,,BEV
Canada Net-zero,Canada,2032,Vehicle battery,Cobalt,1.322484421675874,Buses,,FCEV
Canada Net-zero,Canada,2032,Vehicle battery,Copper,1.9408049002552683,Buses,,FCEV
Canada Net-zero,Canada,2032,Vehicle battery,Lithium,2.2884086778560477,Buses,,FCEV
Canada Net-zero,Canada,2032,Vehicle battery,Nickel,3.450320233986192,Buses,,FCEV
Canada Net-zero,Canada,2032,Vehicle battery,Cobalt,0.1591964524053327,Cars,,FCEV
Canada Net-zero,Canada,2032,Vehicle battery,Copper,0.05109126733668403,Cars,,FCEV
Canada Net-zero,Canada,2032,Vehicle battery,Lithium,0.013312263261353522,Cars,,FCEV
Canada Net-zero,Canada,2032,Vehicle battery,Nickel,0.014502062603920736,Cars,,FCEV
Canada Net-zero,Canada,2032,Vehicle battery,Cobalt,0.0,Cars,,FCEV
Canada Net-zero,Canada,2032,Vehicle battery,Copper,0.0,Cars,,FCEV
Canada Net-zero,Canada,2032,Vehicle battery,Lithium,0.0,Cars,,FCEV
Canada Net-zero,Canada,2032,Vehicle battery,Cobalt,0.01380261209528783,Cars,,FCEV
Canada Net-zero,Canada,2032,Vehicle battery,Copper,0.044758445370708805,Cars,,FCEV
Canada Net-zero,Canada,2032,Vehicle battery,Graphite,0.0060221615599994486,Cars,,FCEV
Canada Net-zero,Canada,2032,Vehicle battery,Lithium,0.016519167675193347,Cars,,FCEV
Canada Net-zero,Canada,2032,Vehicle battery,Nickel,0.07304140597446707,Cars,,FCEV
Canada Net-zero,Canada,2032,Vehicle battery,Cobalt,0.03865723694129478,Cars,,FCEV
Canada Net-zero,Canada,2032,Vehicle battery,Copper,0.05673122016130785,Cars,,FCEV
Canada Net-zero,Canada,2032,Vehicle battery,Lithium,0.06689194596809986,Cars,,FCEV
Canada Net-zero,Canada,2032,Vehicle battery,Nickel,0.10085551453190408,Cars,,FCEV
Canada Net-zero,Canada,2032,Vehicle battery,Nickel,0.014182810735390974,Cars,,FCEV
Canada Net-zero,Canada,2032,Vehicle battery,Cobalt,6.103774253888648,Trucks,,FCEV
Canada Net-zero,Canada,2032,Vehicle battery,Copper,8.957561078101238,Trucks,,FCEV
Canada Net-zero,Canada,2032,Vehicle battery,Lithium,10.561886205489449,Trucks,,FCEV
Canada Net-zero,Canada,2032,Vehicle battery,Nickel,15.924554926090115,Trucks,,FCEV
Canada Net-zero,Canada,2032,Vehicle battery,Cobalt,4230.077163913125,Cars,,PHEV
Canada Net-zero,Canada,2032,Vehicle battery,Copper,1357.5679606604613,Cars,,PHEV
Canada Net-zero,Canada,2032,Vehicle battery,Lithium,353.72585237310784,Cars,,PHEV
Canada Net-zero,Canada,2032,Vehicle battery,Nickel,385.34052061846523,Cars,,PHEV
Canada Net-zero,Canada,2032,Vehicle battery,Cobalt,0.0,Cars,,PHEV
Canada Net-zero,Canada,2032,Vehicle battery,Copper,0.0,Cars,,PHEV
Canada Net-zero,Canada,2032,Vehicle battery,Lithium,0.0,Cars,,PHEV
Canada Net-zero,Canada,2032,Vehicle battery,Cobalt,366.75512138907663,Cars,,PHEV
Canada Net-zero,Canada,2032,Vehicle battery,Copper,1189.2958341359767,Cars,,PHEV
Canada Net-zero,Canada,2032,Vehicle battery,Graphite,160.0174357371282,Cars,,PHEV
Canada Net-zero,Canada,2032,Vehicle battery,Lithium,438.9378839408518,Cars,,PHEV
Canada Net-zero,Canada,2032,Vehicle battery,Nickel,1940.8145016072679,Cars,,PHEV
Canada Net-zero,Canada,2032,Vehicle battery,Cobalt,1027.1780101544039,Cars,,PHEV
Canada Net-zero,Canada,2032,Vehicle battery,Copper,1507.4295642861798,Cars,,PHEV
Canada Net-zero,Canada,2032,Vehicle battery,Lithium,1777.4145642952244,Cars,,PHEV
Canada Net-zero,Canada,2032,Vehicle battery,Nickel,2679.875100419165,Cars,,PHEV
Canada Net-zero,Canada,2032,Vehicle battery,Nickel,376.8575423975316,Cars,,PHEV
Canada Net-zero,Canada,2032,Vehicle battery,Cobalt,634.6025439883432,Vans,,PHEV
Canada Net-zero,Canada,2032,Vehicle battery,Copper,203.66438910897585,Vans,,PHEV
Canada Net-zero,Canada,2032,Vehicle battery,Lithium,53.0664848635441,Vans,,PHEV
Canada Net-zero,Canada,2032,Vehicle battery,Nickel,57.80936498568631,Vans,,PHEV
Canada Net-zero,Canada,2032,Vehicle battery,Cobalt,0.0,Vans,,PHEV
Canada Net-zero,Canada,2032,Vehicle battery,Copper,0.0,Vans,,PHEV
Canada Net-zero,Canada,2032,Vehicle battery,Lithium,0.0,Vans,,PHEV
Canada Net-zero,Canada,2032,Vehicle battery,Cobalt,55.02115541527308,Vans,,PHEV
Canada Net-zero,Canada,2032,Vehicle battery,Copper,178.41995137489405,Vans,,PHEV
Canada Net-zero,Canada,2032,Vehicle battery,Graphite,24.00605659574637,Vans,,PHEV
Canada Net-zero,Canada,2032,Vehicle battery,Lithium,65.85012211551359,Vans,,PHEV
Canada Net-zero,Canada,2032,Vehicle battery,Nickel,291.16391318736123,Vans,,PHEV
Canada Net-zero,Canada,2032,Vehicle battery,Cobalt,154.09879137284133,Vans,,PHEV
Canada Net-zero,Canada,2032,Vehicle battery,Copper,226.14685248301913,Vans,,PHEV
Canada Net-zero,Canada,2032,Vehicle battery,Lithium,266.6504086134083,Vans,,PHEV
Canada Net-zero,Canada,2032,Vehicle battery,Nickel,402.0388967854645,Vans,,PHEV
Canada Net-zero,Canada,2032,Vehicle battery,Nickel,56.536735822907104,Vans,,PHEV
Canada Net-zero,Canada,2033,Vehicle battery,Cobalt,12.431377090908207,2 and 3 wheelers,,BEV
Canada Net-zero,Canada,2033,Vehicle battery,Copper,3.9896291702379996,2 and 3 wheelers,,BEV
Canada Net-zero,Canada,2033,Vehicle battery,Lithium,1.03953173600862,2 and 3 wheelers,,BEV
Canada Net-zero,Canada,2033,Vehicle battery,Nickel,1.1324411197699398,2 and 3 wheelers,,BEV
Canada Net-zero,Canada,2033,Vehicle battery,Cobalt,215.88681626373835,Buses,,BEV
Canada Net-zero,Canada,2033,Vehicle battery,Copper,316.82353609444857,Buses,,BEV
Canada Net-zero,Canada,2033,Vehicle battery,Lithium,373.5675488310107,Buses,,BEV
Canada Net-zero,Canada,2033,Vehicle battery,Nickel,563.2419090893437,Buses,,BEV
Canada Net-zero,Canada,2033,Vehicle battery,Cobalt,69237.89534651913,Cars,,BEV
Canada Net-zero,Canada,2033,Vehicle battery,Copper,22220.66991776674,Cars,,BEV
Canada Net-zero,Canada,2033,Vehicle battery,Lithium,5789.784110063697,Cars,,BEV
Canada Net-zero,Canada,2033,Vehicle battery,Nickel,6307.252942561791,Cars,,BEV
Canada Net-zero,Canada,2033,Vehicle battery,Cobalt,0.0,Cars,,BEV
Canada Net-zero,Canada,2033,Vehicle battery,Copper,0.0,Cars,,BEV
Canada Net-zero,Canada,2033,Vehicle battery,Lithium,0.0,Cars,,BEV
Canada Net-zero,Canada,2033,Vehicle battery,Cobalt,5390.491328859912,Cars,,BEV
Canada Net-zero,Canada,2033,Vehicle battery,Copper,17480.025519693096,Cars,,BEV
Canada Net-zero,Canada,2033,Vehicle battery,Graphite,2351.903353224936,Cars,,BEV
Canada Net-zero,Canada,2033,Vehicle battery,Lithium,6451.41872410606,Cars,,BEV
Canada Net-zero,Canada,2033,Vehicle battery,Nickel,28525.692299033686,Cars,,BEV
Canada Net-zero,Canada,2033,Vehicle battery,Cobalt,15658.647728843687,Cars,,BEV
Canada Net-zero,Canada,2033,Vehicle battery,Copper,22979.764256882263,Cars,,BEV
Canada Net-zero,Canada,2033,Vehicle battery,Lithium,27095.506577512748,Cars,,BEV
Canada Net-zero,Canada,2033,Vehicle battery,Nickel,40852.91910450406,Cars,,BEV
Canada Net-zero,Canada,2033,Vehicle battery,Nickel,5572.422549130399,Cars,,BEV
Canada Net-zero,Canada,2033,Vehicle battery,Cobalt,2398.742402930426,Trucks,,BEV
Canada Net-zero,Canada,2033,Vehicle battery,Copper,3520.2615121605395,Trucks,,BEV
Canada Net-zero,Canada,2033,Vehicle battery,Lithium,4150.750542566786,Trucks,,BEV
Canada Net-zero,Canada,2033,Vehicle battery,Nickel,6258.243434326041,Trucks,,BEV
Canada Net-zero,Canada,2033,Vehicle battery,Cobalt,4625.203535293789,Vans,,BEV
Canada Net-zero,Canada,2033,Vehicle battery,Copper,1484.3767353973733,Vans,,BEV
Canada Net-zero,Canada,2033,Vehicle battery,Lithium,386.76695472085424,Vans,,BEV
Canada Net-zero,Canada,2033,Vehicle battery,Nickel,421.33471073793345,Vans,,BEV
Canada Net-zero,Canada,2033,Vehicle battery,Cobalt,0.0,Vans,,BEV
Canada Net-zero,Canada,2033,Vehicle battery,Copper,0.0,Vans,,BEV
Canada Net-zero,Canada,2033,Vehicle battery,Lithium,0.0,Vans,,BEV
Canada Net-zero,Canada,2033,Vehicle battery,Cobalt,360.09355030845563,Vans,,BEV
Canada Net-zero,Canada,2033,Vehicle battery,Copper,1167.694012449134,Vans,,BEV
Canada Net-zero,Canada,2033,Vehicle battery,Graphite,157.11095274579532,Vans,,BEV
Canada Net-zero,Canada,2033,Vehicle battery,Lithium,430.96521841194334,Vans,,BEV
Canada Net-zero,Canada,2033,Vehicle battery,Nickel,1905.5624410285664,Vans,,BEV
Canada Net-zero,Canada,2033,Vehicle battery,Cobalt,1046.0230264207323,Vans,,BEV
Canada Net-zero,Canada,2033,Vehicle battery,Copper,1535.0854665528639,Vans,,BEV
Canada Net-zero,Canada,2033,Vehicle battery,Lithium,1810.0237187407304,Vans,,BEV
Canada Net-zero,Canada,2033,Vehicle battery,Nickel,2729.0411547543195,Vans,,BEV
Canada Net-zero,Canada,2033,Vehicle battery,Nickel,372.2468504479821,Vans,,BEV
Canada Net-zero,Canada,2033,Vehicle battery,Cobalt,1.559182561904777,Buses,,FCEV
Canada Net-zero,Canada,2033,Vehicle battery,Copper,2.2881699829043507,Buses,,FCEV
Canada Net-zero,Canada,2033,Vehicle battery,Lithium,2.6979878526684105,Buses,,FCEV
Canada Net-zero,Canada,2033,Vehicle battery,Nickel,4.067858232311926,Buses,,FCEV
Canada Net-zero,Canada,2033,Vehicle battery,Cobalt,0.1962207560427668,Cars,,FCEV
Canada Net-zero,Canada,2033,Vehicle battery,Copper,0.0629735584714037,Cars,,FCEV
Canada Net-zero,Canada,2033,Vehicle battery,Lithium,0.016408295048763514,Cars,,FCEV
Canada Net-zero,Canada,2033,Vehicle battery,Nickel,0.017874805910094146,Cars,,FCEV
Canada Net-zero,Canada,2033,Vehicle battery,Cobalt,0.0,Cars,,FCEV
Canada Net-zero,Canada,2033,Vehicle battery,Copper,0.0,Cars,,FCEV
Canada Net-zero,Canada,2033,Vehicle battery,Lithium,0.0,Cars,,FCEV
Canada Net-zero,Canada,2033,Vehicle battery,Cobalt,0.015276696073692059,Cars,,FCEV
Canada Net-zero,Canada,2033,Vehicle battery,Copper,0.04953853386147842,Cars,,FCEV
Canada Net-zero,Canada,2033,Vehicle battery,Graphite,0.006665313146791317,Cars,,FCEV
Canada Net-zero,Canada,2033,Vehicle battery,Lithium,0.018283372902324867,Cars,,FCEV
Canada Net-zero,Canada,2033,Vehicle battery,Nickel,0.08084204295272707,Cars,,FCEV
Canada Net-zero,Canada,2033,Vehicle battery,Cobalt,0.044376734454212884,Cars,,FCEV
Canada Net-zero,Canada,2033,Vehicle battery,Copper,0.06512483797496998,Cars,,FCEV
Canada Net-zero,Canada,2033,Vehicle battery,Lithium,0.07678888503748553,Cars,,FCEV
Canada Net-zero,Canada,2033,Vehicle battery,Nickel,0.11577750353503174,Cars,,FCEV
Canada Net-zero,Canada,2033,Vehicle battery,Nickel,0.01579229062506591,Cars,,FCEV
Canada Net-zero,Canada,2033,Vehicle battery,Cobalt,7.196227208791278,Trucks,,FCEV
Canada Net-zero,Canada,2033,Vehicle battery,Copper,10.560784536481618,Trucks,,FCEV
Canada Net-zero,Canada,2033,Vehicle battery,Lithium,12.452251627700354,Trucks,,FCEV
Canada Net-zero,Canada,2033,Vehicle battery,Nickel,18.77473030297812,Trucks,,FCEV
Canada Net-zero,Canada,2033,Vehicle battery,Cobalt,5213.865803422089,Cars,,PHEV
Canada Net-zero,Canada,2033,Vehicle battery,Copper,1673.2974108115843,Cars,,PHEV
Canada Net-zero,Canada,2033,Vehicle battery,Lithium,435.9918398671447,Cars,,PHEV
Canada Net-zero,Canada,2033,Vehicle battery,Nickel,474.9591284682158,Cars,,PHEV
Canada Net-zero,Canada,2033,Vehicle battery,Cobalt,0.0,Cars,,PHEV
Canada Net-zero,Canada,2033,Vehicle battery,Copper,0.0,Cars,,PHEV
Canada Net-zero,Canada,2033,Vehicle battery,Lithium,0.0,Cars,,PHEV
Canada Net-zero,Canada,2033,Vehicle battery,Cobalt,405.92363852953184,Cars,,PHEV
Canada Net-zero,Canada,2033,Vehicle battery,Copper,1316.3096140335692,Cars,,PHEV
Canada Net-zero,Canada,2033,Vehicle battery,Graphite,177.10689218616926,Cars,,PHEV
Canada Net-zero,Canada,2033,Vehicle battery,Lithium,485.8153371189179,Cars,,PHEV
Canada Net-zero,Canada,2033,Vehicle battery,Nickel,2148.0885698867473,Cars,,PHEV
Canada Net-zero,Canada,2033,Vehicle battery,Cobalt,1179.1532297833708,Cars,,PHEV
Canada Net-zero,Canada,2033,Vehicle battery,Copper,1730.4599804777736,Cars,,PHEV
Canada Net-zero,Canada,2033,Vehicle battery,Lithium,2040.3903738531867,Cars,,PHEV
Canada Net-zero,Canada,2033,Vehicle battery,Nickel,3076.3736653594146,Cars,,PHEV
Canada Net-zero,Canada,2033,Vehicle battery,Nickel,419.6237223231799,Cars,,PHEV
Canada Net-zero,Canada,2033,Vehicle battery,Cobalt,782.1919966596237,Vans,,PHEV
Canada Net-zero,Canada,2033,Vehicle battery,Copper,251.03059651229276,Vans,,PHEV
Canada Net-zero,Canada,2033,Vehicle battery,Lithium,65.40815214867102,Vans,,PHEV
Canada Net-zero,Canada,2033,Vehicle battery,Nickel,71.25408344503815,Vans,,PHEV
Canada Net-zero,Canada,2033,Vehicle battery,Cobalt,0.0,Vans,,PHEV
Canada Net-zero,Canada,2033,Vehicle battery,Copper,0.0,Vans,,PHEV
Canada Net-zero,Canada,2033,Vehicle battery,Lithium,0.0,Vans,,PHEV
Canada Net-zero,Canada,2033,Vehicle battery,Cobalt,60.89727532004332,Vans,,PHEV
Canada Net-zero,Canada,2033,Vehicle battery,Copper,197.47474983867056,Vans,,PHEV
Canada Net-zero,Canada,2033,Vehicle battery,Graphite,26.56984257829499,Vans,,PHEV
Canada Net-zero,Canada,2033,Vehicle battery,Lithium,72.88274820949617,Vans,,PHEV
Canada Net-zero,Canada,2033,Vehicle battery,Nickel,322.259480936128,Vans,,PHEV
Canada Net-zero,Canada,2033,Vehicle battery,Cobalt,176.8983426014795,Vans,,PHEV
Canada Net-zero,Canada,2033,Vehicle battery,Copper,259.60621126479464,Vans,,PHEV
Canada Net-zero,Canada,2033,Vehicle battery,Lithium,306.10243544085665,Vans,,PHEV
Canada Net-zero,Canada,2033,Vehicle battery,Nickel,461.52220837736087,Vans,,PHEV
Canada Net-zero,Canada,2033,Vehicle battery,Nickel,62.95258251454845,Vans,,PHEV
Canada Net-zero,Canada,2034,Vehicle battery,Cobalt,14.387691603835457,2 and 3 wheelers,,BEV
Canada Net-zero,Canada,2034,Vehicle battery,Copper,4.61747348626657,2 and 3 wheelers,,BEV
Canada Net-zero,Canada,2034,Vehicle battery,Lithium,1.203121900391088,2 and 3 wheelers,,BEV
Canada Net-zero,Canada,2034,Vehicle battery,Nickel,1.3106523494221862,2 and 3 wheelers,,BEV
Canada Net-zero,Canada,2034,Vehicle battery,Cobalt,249.86072830243702,Buses,,BEV
Canada Net-zero,Canada,2034,Vehicle battery,Copper,366.68176798348037,Buses,,BEV
Canada Net-zero,Canada,2034,Vehicle battery,Lithium,432.3555344252417,Buses,,BEV
Canada Net-zero,Canada,2034,Vehicle battery,Nickel,651.878776347292,Buses,,BEV
Canada Net-zero,Canada,2034,Vehicle battery,Cobalt,83617.87826229076,Cars,,BEV
Canada Net-zero,Canada,2034,Vehicle battery,Copper,26835.669437831584,Cars,,BEV
Canada Net-zero,Canada,2034,Vehicle battery,Lithium,6992.261397567029,Cars,,BEV
Canada Net-zero,Canada,2034,Vehicle battery,Nickel,7617.203066053645,Cars,,BEV
Canada Net-zero,Canada,2034,Vehicle battery,Cobalt,0.0,Cars,,BEV
Canada Net-zero,Canada,2034,Vehicle battery,Copper,0.0,Cars,,BEV
Canada Net-zero,Canada,2034,Vehicle battery,Lithium,0.0,Cars,,BEV
Canada Net-zero,Canada,2034,Vehicle battery,Cobalt,5831.910567950666,Cars,,BEV
Canada Net-zero,Canada,2034,Vehicle battery,Copper,18911.43855673472,Cars,,BEV
Canada Net-zero,Canada,2034,Vehicle battery,Graphite,2544.4971865620387,Cars,,BEV
Canada Net-zero,Canada,2034,Vehicle battery,Lithium,6979.715714216059,Cars,,BEV
Canada Net-zero,Canada,2034,Vehicle battery,Nickel,30861.618399454594,Cars,,BEV
Canada Net-zero,Canada,2034,Vehicle battery,Cobalt,17633.028540200557,Cars,,BEV
Canada Net-zero,Canada,2034,Vehicle battery,Copper,25877.25619769133,Cars,,BEV
Canada Net-zero,Canada,2034,Vehicle battery,Lithium,30511.947715152764,Cars,,BEV
Canada Net-zero,Canada,2034,Vehicle battery,Nickel,46004.01650222318,Cars,,BEV
Canada Net-zero,Canada,2034,Vehicle battery,Nickel,6069.976113381903,Cars,,BEV
Canada Net-zero,Canada,2034,Vehicle battery,Cobalt,2776.230314471523,Trucks,,BEV
Canada Net-zero,Canada,2034,Vehicle battery,Copper,4074.2418664831152,Trucks,,BEV
Canada Net-zero,Canada,2034,Vehicle battery,Lithium,4803.950382502685,Trucks,,BEV
Canada Net-zero,Canada,2034,Vehicle battery,Nickel,7243.097514969912,Trucks,,BEV
Canada Net-zero,Canada,2034,Vehicle battery,Cobalt,5585.809681489059,Vans,,BEV
Canada Net-zero,Canada,2034,Vehicle battery,Copper,1792.666177021138,Vans,,BEV
Canada Net-zero,Canada,2034,Vehicle battery,Lithium,467.0943848577165,Vans,,BEV
Canada Net-zero,Canada,2034,Vehicle battery,Nickel,508.84150036390747,Vans,,BEV
Canada Net-zero,Canada,2034,Vehicle battery,Cobalt,0.0,Vans,,BEV
Canada Net-zero,Canada,2034,Vehicle battery,Copper,0.0,Vans,,BEV
Canada Net-zero,Canada,2034,Vehicle battery,Lithium,0.0,Vans,,BEV
Canada Net-zero,Canada,2034,Vehicle battery,Cobalt,389.5810703286882,Vans,,BEV
Canada Net-zero,Canada,2034,Vehicle battery,Copper,1263.314721401307,Vans,,BEV
Canada Net-zero,Canada,2034,Vehicle battery,Graphite,169.9765327055613,Vans,,BEV
Canada Net-zero,Canada,2034,Vehicle battery,Lithium,466.25631289297564,Vans,,BEV
Canada Net-zero,Canada,2034,Vehicle battery,Nickel,2061.6060874129585,Vans,,BEV
Canada Net-zero,Canada,2034,Vehicle battery,Cobalt,1177.9148619972032,Vans,,BEV
Canada Net-zero,Canada,2034,Vehicle battery,Copper,1728.6426204935503,Vans,,BEV
Canada Net-zero,Canada,2034,Vehicle battery,Lithium,2038.247519433282,Vans,,BEV
Canada Net-zero,Canada,2034,Vehicle battery,Nickel,3073.142802780091,Vans,,BEV
Canada Net-zero,Canada,2034,Vehicle battery,Nickel,405.4842342947424,Vans,,BEV
Canada Net-zero,Canada,2034,Vehicle battery,Cobalt,1.8045497044064898,Buses,,FCEV
Canada Net-zero,Canada,2034,Vehicle battery,Copper,2.6482572132140247,Buses,,FCEV
Canada Net-zero,Canada,2034,Vehicle battery,Lithium,3.122567748626745,Buses,,FCEV
Canada Net-zero,Canada,2034,Vehicle battery,Nickel,4.708013384730443,Buses,,FCEV
Canada Net-zero,Canada,2034,Vehicle battery,Cobalt,0.2369737440631722,Cars,,FCEV
Canada Net-zero,Canada,2034,Vehicle battery,Copper,0.07605250447968466,Cars,,FCEV
Canada Net-zero,Canada,2034,Vehicle battery,Lithium,0.019816125418206158,Cars,,FCEV
Canada Net-zero,Canada,2034,Vehicle battery,Nickel,0.021587215166953652,Cars,,FCEV
Canada Net-zero,Canada,2034,Vehicle battery,Cobalt,0.0,Cars,,FCEV
Canada Net-zero,Canada,2034,Vehicle battery,Copper,0.0,Cars,,FCEV
Canada Net-zero,Canada,2034,Vehicle battery,Lithium,0.0,Cars,,FCEV
Canada Net-zero,Canada,2034,Vehicle battery,Cobalt,0.016527681771520107,Cars,,FCEV
Canada Net-zero,Canada,2034,Vehicle battery,Copper,0.05359516999884334,Cars,,FCEV
Canada Net-zero,Canada,2034,Vehicle battery,Graphite,0.007211125629932904,Cars,,FCEV
Canada Net-zero,Canada,2034,Vehicle battery,Lithium,0.01978057085000503,Cars,,FCEV
Canada Net-zero,Canada,2034,Vehicle battery,Nickel,0.08746207643570128,Cars,,FCEV
Canada Net-zero,Canada,2034,Vehicle battery,Cobalt,0.04997214566048741,Cars,,FCEV
Canada Net-zero,Canada,2034,Vehicle battery,Copper,0.07333635359669607,Cars,,FCEV
Canada Net-zero,Canada,2034,Vehicle battery,Lithium,0.08647110688504833,Cars,,FCEV
Canada Net-zero,Canada,2034,Vehicle battery,Nickel,0.1303757552694584,Cars,,FCEV
Canada Net-zero,Canada,2034,Vehicle battery,Nickel,0.01720236145492847,Cars,,FCEV
Canada Net-zero,Canada,2034,Vehicle battery,Cobalt,8.328690943414568,Trucks,,FCEV
Canada Net-zero,Canada,2034,Vehicle battery,Copper,12.222725599449346,Trucks,,FCEV
Canada Net-zero,Canada,2034,Vehicle battery,Lithium,14.411851147508052,Trucks,,FCEV
Canada Net-zero,Canada,2034,Vehicle battery,Nickel,21.729292544909736,Trucks,,FCEV
Canada Net-zero,Canada,2034,Vehicle battery,Cobalt,6296.730913678574,Cars,,PHEV
Canada Net-zero,Canada,2034,Vehicle battery,Copper,2020.8236904601922,Cars,,PHEV
Canada Net-zero,Canada,2034,Vehicle battery,Lithium,526.5427611123349,Cars,,PHEV
Canada Net-zero,Canada,2034,Vehicle battery,Nickel,573.6031458647684,Cars,,PHEV
Canada Net-zero,Canada,2034,Vehicle battery,Cobalt,0.0,Cars,,PHEV
Canada Net-zero,Canada,2034,Vehicle battery,Copper,0.0,Cars,,PHEV
Canada Net-zero,Canada,2034,Vehicle battery,Lithium,0.0,Cars,,PHEV
Canada Net-zero,Canada,2034,Vehicle battery,Cobalt,439.16411564324864,Cars,,PHEV
Canada Net-zero,Canada,2034,Vehicle battery,Copper,1424.1002313978374,Cars,,PHEV
Canada Net-zero,Canada,2034,Vehicle battery,Graphite,191.60990959536005,Cars,,PHEV
Canada Net-zero,Canada,2034,Vehicle battery,Lithium,525.5980254429908,Cars,,PHEV
Canada Net-zero,Canada,2034,Vehicle battery,Nickel,2323.9923167200627,Cars,,PHEV
Canada Net-zero,Canada,2034,Vehicle battery,Cobalt,1327.8312989786652,Cars,,PHEV
Canada Net-zero,Canada,2034,Vehicle battery,Copper,1948.6516812836387,Cars,,PHEV
Canada Net-zero,Canada,2034,Vehicle battery,Lithium,2297.660840088427,Cars,,PHEV
Canada Net-zero,Canada,2034,Vehicle battery,Nickel,3464.2700685884665,Cars,,PHEV
Canada Net-zero,Canada,2034,Vehicle battery,Nickel,457.0913186595279,Cars,,PHEV
Canada Net-zero,Canada,2034,Vehicle battery,Cobalt,944.6450506198224,Vans,,PHEV
Canada Net-zero,Canada,2034,Vehicle battery,Copper,303.1670121430173,Vans,,PHEV
Canada Net-zero,Canada,2034,Vehicle battery,Lithium,78.99273766708923,Vans,,PHEV
Canada Net-zero,Canada,2034,Vehicle battery,Nickel,86.05280743123924,Vans,,PHEV
Canada Net-zero,Canada,2034,Vehicle battery,Cobalt,0.0,Vans,,PHEV
Canada Net-zero,Canada,2034,Vehicle battery,Copper,0.0,Vans,,PHEV
Canada Net-zero,Canada,2034,Vehicle battery,Lithium,0.0,Vans,,PHEV
Canada Net-zero,Canada,2034,Vehicle battery,Cobalt,65.88406173607102,Vans,,PHEV
Canada Net-zero,Canada,2034,Vehicle battery,Copper,213.6456605211035,Vans,,PHEV
Canada Net-zero,Canada,2034,Vehicle battery,Graphite,28.74560708252111,Vans,,PHEV
Canada Net-zero,Canada,2034,Vehicle battery,Lithium,78.85100699979148,Vans,,PHEV
Canada Net-zero,Canada,2034,Vehicle battery,Nickel,348.64882583740126,Vans,,PHEV
Canada Net-zero,Canada,2034,Vehicle battery,Cobalt,199.2032503586058,Vans,,PHEV
Canada Net-zero,Canada,2034,Vehicle battery,Copper,292.3396586803153,Vans,,PHEV
Canada Net-zero,Canada,2034,Vehicle battery,Lithium,344.69853807434123,Vans,,PHEV
Canada Net-zero,Canada,2034,Vehicle battery,Nickel,519.7150107198526,Vans,,PHEV
Canada Net-zero,Canada,2034,Vehicle battery,Nickel,68.57352771976056,Vans,,PHEV
Canada Net-zero,Canada,2035,Vehicle battery,Cobalt,16.15954912669566,2 and 3 wheelers,,BEV
Canada Net-zero,Canada,2035,Vehicle battery,Copper,5.186119615091566,2 and 3 wheelers,,BEV
Canada Net-zero,Canada,2035,Vehicle battery,Lithium,1.351287474746152,2 and 3 wheelers,,BEV
Canada Net-zero,Canada,2035,Vehicle battery,Nickel,1.4720603979905211,2 and 3 wheelers,,BEV
Canada Net-zero,Canada,2035,Vehicle battery,Cobalt,280.63130799654056,Buses,,BEV
Canada Net-zero,Canada,2035,Vehicle battery,Copper,411.8389667188224,Buses,,BEV
Canada Net-zero,Canada,2035,Vehicle battery,Lithium,485.6005182152326,Buses,,BEV
Canada Net-zero,Canada,2035,Vehicle battery,Nickel,732.1582503357356,Buses,,BEV
Canada Net-zero,Canada,2035,Vehicle battery,Cobalt,97828.64299739772,Cars,,BEV
Canada Net-zero,Canada,2035,Vehicle battery,Copper,31396.361395284723,Cars,,BEV
Canada Net-zero,Canada,2035,Vehicle battery,Lithium,8180.588388781852,Cars,,BEV
Canada Net-zero,Canada,2035,Vehicle battery,Nickel,8911.738193717125,Cars,,BEV
Canada Net-zero,Canada,2035,Vehicle battery,Cobalt,0.0,Cars,,BEV
Canada Net-zero,Canada,2035,Vehicle battery,Copper,0.0,Cars,,BEV
Canada Net-zero,Canada,2035,Vehicle battery,Lithium,0.0,Cars,,BEV
Canada Net-zero,Canada,2035,Vehicle battery,Cobalt,6093.130926668076,Cars,,BEV
Canada Net-zero,Canada,2035,Vehicle battery,Copper,19758.511348077,Cars,,BEV
Canada Net-zero,Canada,2035,Vehicle battery,Graphite,2658.4691791165724,Cars,,BEV
Canada Net-zero,Canada,2035,Vehicle battery,Lithium,7292.348053373097,Cars,,BEV
Canada Net-zero,Canada,2035,Vehicle battery,Nickel,32243.958360771638,Cars,,BEV
Canada Net-zero,Canada,2035,Vehicle battery,Cobalt,19254.425854207086,Cars,,BEV
Canada Net-zero,Canada,2035,Vehicle battery,Copper,28256.72910543031,Cars,,BEV
Canada Net-zero,Canada,2035,Vehicle battery,Lithium,33317.59111087845,Cars,,BEV
Canada Net-zero,Canada,2035,Vehicle battery,Nickel,50234.191064701845,Cars,,BEV
Canada Net-zero,Canada,2035,Vehicle battery,Nickel,6391.405578391817,Cars,,BEV
Canada Net-zero,Canada,2035,Vehicle battery,Cobalt,3118.1256444060054,Trucks,,BEV
Canada Net-zero,Canada,2035,Vehicle battery,Copper,4575.988519098027,Trucks,,BEV
Canada Net-zero,Canada,2035,Vehicle battery,Lithium,5395.561313502583,Trucks,,BEV
Canada Net-zero,Canada,2035,Vehicle battery,Nickel,8135.09167039706,Trucks,,BEV
Canada Net-zero,Canada,2035,Vehicle battery,Cobalt,6535.111779178391,Vans,,BEV
Canada Net-zero,Canada,2035,Vehicle battery,Copper,2097.3277855149713,Vans,,BEV
Canada Net-zero,Canada,2035,Vehicle battery,Lithium,546.4765522870468,Vans,,BEV
Canada Net-zero,Canada,2035,Vehicle battery,Nickel,595.31854330499,Vans,,BEV
Canada Net-zero,Canada,2035,Vehicle battery,Cobalt,0.0,Vans,,BEV
Canada Net-zero,Canada,2035,Vehicle battery,Copper,0.0,Vans,,BEV
Canada Net-zero,Canada,2035,Vehicle battery,Lithium,0.0,Vans,,BEV
Canada Net-zero,Canada,2035,Vehicle battery,Cobalt,407.0310133199323,Vans,,BEV
Canada Net-zero,Canada,2035,Vehicle battery,Copper,1319.9005556407715,Vans,,BEV
Canada Net-zero,Canada,2035,Vehicle battery,Graphite,177.59004637823256,Vans,,BEV
Canada Net-zero,Canada,2035,Vehicle battery,Lithium,487.14065943585473,Vans,,BEV
Canada Net-zero,Canada,2035,Vehicle battery,Nickel,2153.948635436162,Vans,,BEV
Canada Net-zero,Canada,2035,Vehicle battery,Cobalt,1286.2268283174772,Vans,,BEV
Canada Net-zero,Canada,2035,Vehicle battery,Copper,1887.595264127936,Vans,,BEV
Canada Net-zero,Canada,2035,Vehicle battery,Lithium,2225.6690418198154,Vans,,BEV
Canada Net-zero,Canada,2035,Vehicle battery,Nickel,3355.725314038787,Vans,,BEV
Canada Net-zero,Canada,2035,Vehicle battery,Nickel,426.9562430909513,Vans,,BEV
Canada Net-zero,Canada,2035,Vehicle battery,Cobalt,2.0267816688639035,Buses,,FCEV
Canada Net-zero,Canada,2035,Vehicle battery,Copper,2.9743925374137175,Buses,,FCEV
Canada Net-zero,Canada,2035,Vehicle battery,Lithium,3.507114853776679,Buses,,FCEV
Canada Net-zero,Canada,2035,Vehicle battery,Nickel,5.287809585758089,Buses,,FCEV
Canada Net-zero,Canada,2035,Vehicle battery,Cobalt,0.27724716638938623,Cars,,FCEV
Canada Net-zero,Canada,2035,Vehicle battery,Copper,0.08897754241578666,Cars,,FCEV
Canada Net-zero,Canada,2035,Vehicle battery,Lithium,0.02318385373338986,Cars,,FCEV
Canada Net-zero,Canada,2035,Vehicle battery,Nickel,0.02525593820081776,Cars,,FCEV
Canada Net-zero,Canada,2035,Vehicle battery,Cobalt,0.0,Cars,,FCEV
Canada Net-zero,Canada,2035,Vehicle battery,Copper,0.0,Cars,,FCEV
Canada Net-zero,Canada,2035,Vehicle battery,Lithium,0.0,Cars,,FCEV
Canada Net-zero,Canada,2035,Vehicle battery,Cobalt,0.017267982383269858,Cars,,FCEV
Canada Net-zero,Canada,2035,Vehicle battery,Copper,0.05599578114839636,Cars,,FCEV
Canada Net-zero,Canada,2035,Vehicle battery,Graphite,0.0075341231796825945,Cars,,FCEV
Canada Net-zero,Canada,2035,Vehicle battery,Lithium,0.020666573430612022,Cars,,FCEV
Canada Net-zero,Canada,2035,Vehicle battery,Nickel,0.09137963907910991,Cars,,FCEV
Canada Net-zero,Canada,2035,Vehicle battery,Cobalt,0.05456719877710509,Cars,,FCEV
Canada Net-zero,Canada,2035,Vehicle battery,Copper,0.08007979908421545,Cars,,FCEV
Canada Net-zero,Canada,2035,Vehicle battery,Lithium,0.09442232298629522,Cars,,FCEV
Canada Net-zero,Canada,2035,Vehicle battery,Nickel,0.14236410423194854,Cars,,FCEV
Canada Net-zero,Canada,2035,Vehicle battery,Nickel,0.018113295161434298,Cars,,FCEV
Canada Net-zero,Canada,2035,Vehicle battery,Cobalt,9.354376933218015,Trucks,,FCEV
Canada Net-zero,Canada,2035,Vehicle battery,Copper,13.727965557294079,Trucks,,FCEV
Canada Net-zero,Canada,2035,Vehicle battery,Lithium,16.18668394050775,Trucks,,FCEV
Canada Net-zero,Canada,2035,Vehicle battery,Nickel,24.40527501119118,Trucks,,FCEV
Canada Net-zero,Canada,2035,Vehicle battery,Cobalt,7366.853278346549,Cars,,PHEV
Canada Net-zero,Canada,2035,Vehicle battery,Copper,2364.2604127623313,Cars,,PHEV
Canada Net-zero,Canada,2035,Vehicle battery,Lithium,616.0281134872164,Cars,,PHEV
Canada Net-zero,Canada,2035,Vehicle battery,Nickel,671.0863579074432,Cars,,PHEV
Canada Net-zero,Canada,2035,Vehicle battery,Cobalt,0.0,Cars,,PHEV
Canada Net-zero,Canada,2035,Vehicle battery,Copper,0.0,Cars,,PHEV
Canada Net-zero,Canada,2035,Vehicle battery,Lithium,0.0,Cars,,PHEV
Canada Net-zero,Canada,2035,Vehicle battery,Cobalt,458.8349604697418,Cars,,PHEV
Canada Net-zero,Canada,2035,Vehicle battery,Copper,1487.8878990859605,Cars,,PHEV
Canada Net-zero,Canada,2035,Vehicle battery,Graphite,200.19241591728036,Cars,,PHEV
Canada Net-zero,Canada,2035,Vehicle battery,Lithium,549.1403797276909,Cars,,PHEV
Canada Net-zero,Canada,2035,Vehicle battery,Nickel,2428.0875526734917,Cars,,PHEV
Canada Net-zero,Canada,2035,Vehicle battery,Cobalt,1449.9284246487925,Cars,,PHEV
Canada Net-zero,Canada,2035,Vehicle battery,Copper,2127.834661380582,Cars,,PHEV
Canada Net-zero,Canada,2035,Vehicle battery,Lithium,2508.9360107787015,Cars,,PHEV
Canada Net-zero,Canada,2035,Vehicle battery,Nickel,3782.8176267346325,Cars,,PHEV
Canada Net-zero,Canada,2035,Vehicle battery,Nickel,481.2961285752542,Cars,,PHEV
Canada Net-zero,Canada,2035,Vehicle battery,Cobalt,1105.1864187042047,Vans,,PHEV
Canada Net-zero,Canada,2035,Vehicle battery,Copper,354.6899062243016,Vans,,PHEV
Canada Net-zero,Canada,2035,Vehicle battery,Lithium,92.41746493950154,Vans,,PHEV
Canada Net-zero,Canada,2035,Vehicle battery,Nickel,100.67738565080269,Vans,,PHEV
Canada Net-zero,Canada,2035,Vehicle battery,Cobalt,0.0,Vans,,PHEV
Canada Net-zero,Canada,2035,Vehicle battery,Copper,0.0,Vans,,PHEV
Canada Net-zero,Canada,2035,Vehicle battery,Lithium,0.0,Vans,,PHEV
Canada Net-zero,Canada,2035,Vehicle battery,Cobalt,68.835111488966,Vans,,PHEV
Canada Net-zero,Canada,2035,Vehicle battery,Copper,223.21518245212172,Vans,,PHEV
Canada Net-zero,Canada,2035,Vehicle battery,Graphite,30.03316760083759,Vans,,PHEV
Canada Net-zero,Canada,2035,Vehicle battery,Lithium,82.3828664296854,Vans,,PHEV
Canada Net-zero,Canada,2035,Vehicle battery,Nickel,364.26534983764043,Vans,,PHEV
Canada Net-zero,Canada,2035,Vehicle battery,Cobalt,217.52044495376296,Vans,,PHEV
Canada Net-zero,Canada,2035,Vehicle battery,Copper,319.2209590922783,Vans,,PHEV
Canada Net-zero,Canada,2035,Vehicle battery,Lithium,376.3943572299402,Vans,,PHEV
Canada Net-zero,Canada,2035,Vehicle battery,Nickel,567.5039949268989,Vans,,PHEV
Canada Net-zero,Canada,2035,Vehicle battery,Nickel,72.2047697406661,Vans,,PHEV
Canada Net-zero,Canada,2036,Vehicle battery,Cobalt,18.11181942521733,2 and 3 wheelers,,BEV
Canada Net-zero,Canada,2036,Vehicle battery,Copper,5.812666012502979,2 and 3 wheelers,,BEV
Canada Net-zero,Canada,2036,Vehicle battery,Lithium,1.5145394554188771,2 and 3 wheelers,,BEV
Canada Net-zero,Canada,2036,Vehicle battery,Nickel,1.6499032183622389,2 and 3 wheelers,,BEV
Canada Net-zero,Canada,2036,Vehicle battery,Cobalt,314.53498706218056,Buses,,BEV
Canada Net-zero,Canada,2036,Vehicle battery,Copper,461.5941285859791,Buses,,BEV
Canada Net-zero,Canada,2036,Vehicle battery,Lithium,544.266973648212,Buses,,BEV
Canada Net-zero,Canada,2036,Vehicle battery,Nickel,820.6118819773958,Buses,,BEV
Canada Net-zero,Canada,2036,Vehicle battery,Cobalt,114033.43563602523,Cars,,BEV
Canada Net-zero,Canada,2036,Vehicle battery,Copper,36597.0011100923,Cars,,BEV
Canada Net-zero,Canada,2036,Vehicle battery,Lithium,9535.659198725521,Cars,,BEV
Canada Net-zero,Canada,2036,Vehicle battery,Nickel,10387.92006698265,Cars,,BEV
Canada Net-zero,Canada,2036,Vehicle battery,Cobalt,0.0,Cars,,BEV
Canada Net-zero,Canada,2036,Vehicle battery,Copper,0.0,Cars,,BEV
Canada Net-zero,Canada,2036,Vehicle battery,Lithium,0.0,Cars,,BEV
Canada Net-zero,Canada,2036,Vehicle battery,Cobalt,6317.061184493683,Cars,,BEV
Canada Net-zero,Canada,2036,Vehicle battery,Copper,20484.661597214108,Cars,,BEV
Canada Net-zero,Canada,2036,Vehicle battery,Graphite,2756.171279377618,Cars,,BEV
Canada Net-zero,Canada,2036,Vehicle battery,Lithium,7560.351055343525,Cars,,BEV
Canada Net-zero,Canada,2036,Vehicle battery,Nickel,33428.96455806897,Cars,,BEV
Canada Net-zero,Canada,2036,Vehicle battery,Cobalt,20964.00651863645,Cars,,BEV
Canada Net-zero,Canada,2036,Vehicle battery,Copper,30765.615014802006,Cars,,BEV
Canada Net-zero,Canada,2036,Vehicle battery,Lithium,36275.825751568926,Cars,,BEV
Canada Net-zero,Canada,2036,Vehicle battery,Nickel,54694.43321306485,Cars,,BEV
Canada Net-zero,Canada,2036,Vehicle battery,Nickel,6685.994183055209,Cars,,BEV
Canada Net-zero,Canada,2036,Vehicle battery,Cobalt,3494.833189579785,Trucks,,BEV
Canada Net-zero,Canada,2036,Vehicle battery,Copper,5128.823650955324,Trucks,,BEV
Canada Net-zero,Canada,2036,Vehicle battery,Lithium,6047.410818313467,Trucks,,BEV
Canada Net-zero,Canada,2036,Vehicle battery,Nickel,9117.909799748844,Trucks,,BEV
Canada Net-zero,Canada,2036,Vehicle battery,Cobalt,7617.618170017878,Vans,,BEV
Canada Net-zero,Canada,2036,Vehicle battery,Copper,2444.7389405527238,Vans,,BEV
Canada Net-zero,Canada,2036,Vehicle battery,Lithium,636.9974768379395,Vans,,BEV
Canada Net-zero,Canada,2036,Vehicle battery,Nickel,693.9298830170594,Vans,,BEV
Canada Net-zero,Canada,2036,Vehicle battery,Cobalt,0.0,Vans,,BEV
Canada Net-zero,Canada,2036,Vehicle battery,Copper,0.0,Vans,,BEV
Canada Net-zero,Canada,2036,Vehicle battery,Lithium,0.0,Vans,,BEV
Canada Net-zero,Canada,2036,Vehicle battery,Cobalt,421.9899171827763,Vans,,BEV
Canada Net-zero,Canada,2036,Vehicle battery,Copper,1368.4085682349505,Vans,,BEV
Canada Net-zero,Canada,2036,Vehicle battery,Graphite,184.1167048976951,Vans,,BEV
Canada Net-zero,Canada,2036,Vehicle battery,Lithium,505.0436939804378,Vans,,BEV
Canada Net-zero,Canada,2036,Vehicle battery,Nickel,2233.1089684539993,Vans,,BEV
Canada Net-zero,Canada,2036,Vehicle battery,Cobalt,1400.4295852530422,Vans,,BEV
Canada Net-zero,Canada,2036,Vehicle battery,Copper,2055.192905847098,Vans,,BEV
Canada Net-zero,Canada,2036,Vehicle battery,Lithium,2423.283906481325,Vans,,BEV
Canada Net-zero,Canada,2036,Vehicle battery,Nickel,3653.6767126136438,Vans,,BEV
Canada Net-zero,Canada,2036,Vehicle battery,Nickel,446.6352389490321,Vans,,BEV
Canada Net-zero,Canada,2036,Vehicle battery,Cobalt,2.27164157322686,Buses,,FCEV
Canada Net-zero,Canada,2036,Vehicle battery,Copper,3.3337353731209602,Buses,,FCEV
Canada Net-zero,Canada,2036,Vehicle battery,Lithium,3.930817031903753,Buses,,FCEV
Canada Net-zero,Canada,2036,Vehicle battery,Nickel,5.926641369836748,Buses,,FCEV
Canada Net-zero,Canada,2036,Vehicle battery,Cobalt,0.3231716799401524,Cars,,FCEV
Canada Net-zero,Canada,2036,Vehicle battery,Copper,0.10371619747799436,Cars,,FCEV
Canada Net-zero,Canada,2036,Vehicle battery,Lithium,0.027024135381003497,Cars,,FCEV
Canada Net-zero,Canada,2036,Vehicle battery,Nickel,0.029439449582541913,Cars,,FCEV
Canada Net-zero,Canada,2036,Vehicle battery,Cobalt,0.0,Cars,,FCEV
Canada Net-zero,Canada,2036,Vehicle battery,Copper,0.0,Cars,,FCEV
Canada Net-zero,Canada,2036,Vehicle battery,Lithium,0.0,Cars,,FCEV
Canada Net-zero,Canada,2036,Vehicle battery,Cobalt,0.017902602547148087,Cars,,FCEV
Canada Net-zero,Canada,2036,Vehicle battery,Copper,0.058053696834210015,Cars,,FCEV
Canada Net-zero,Canada,2036,Vehicle battery,Graphite,0.007811011722932519,Cars,,FCEV
Canada Net-zero,Canada,2036,Vehicle battery,Lithium,0.021426096108260996,Cars,,FCEV
Canada Net-zero,Canada,2036,Vehicle battery,Nickel,0.0947379562374424,Cars,,FCEV
Canada Net-zero,Canada,2036,Vehicle battery,Cobalt,0.05941216422285633,Cars,,FCEV
Canada Net-zero,Canada,2036,Vehicle battery,Copper,0.08719000206624049,Cars,,FCEV
Canada Net-zero,Canada,2036,Vehicle battery,Lithium,0.10280598391132892,Cars,,FCEV
Canada Net-zero,Canada,2036,Vehicle battery,Nickel,0.1550044665957303,Cars,,FCEV
Canada Net-zero,Canada,2036,Vehicle battery,Nickel,0.01894816165238318,Cars,,FCEV
Canada Net-zero,Canada,2036,Vehicle battery,Cobalt,10.484499568739352,Trucks,,FCEV
Canada Net-zero,Canada,2036,Vehicle battery,Copper,15.386470952865972,Trucks,,FCEV
Canada Net-zero,Canada,2036,Vehicle battery,Lithium,18.1422324549404,Trucks,,FCEV
Canada Net-zero,Canada,2036,Vehicle battery,Nickel,27.35372939924653,Trucks,,FCEV
Canada Net-zero,Canada,2036,Vehicle battery,Cobalt,8587.133209838334,Cars,,PHEV
Canada Net-zero,Canada,2036,Vehicle battery,Copper,2755.887532986707,Cars,,PHEV
Canada Net-zero,Canada,2036,Vehicle battery,Lithium,718.0698829809498,Cars,,PHEV
Canada Net-zero,Canada,2036,Vehicle battery,Nickel,782.248231764685,Cars,,PHEV
Canada Net-zero,Canada,2036,Vehicle battery,Cobalt,0.0,Cars,,PHEV
Canada Net-zero,Canada,2036,Vehicle battery,Copper,0.0,Cars,,PHEV
Canada Net-zero,Canada,2036,Vehicle battery,Lithium,0.0,Cars,,PHEV
Canada Net-zero,Canada,2036,Vehicle battery,Cobalt,475.69772482422053,Cars,,PHEV
Canada Net-zero,Canada,2036,Vehicle battery,Copper,1542.5696587375803,Cars,,PHEV
Canada Net-zero,Canada,2036,Vehicle battery,Graphite,207.54974006649266,Cars,,PHEV
Canada Net-zero,Canada,2036,Vehicle battery,Lithium,569.3219823052207,Cars,,PHEV
Canada Net-zero,Canada,2036,Vehicle battery,Nickel,2517.3228371663267,Cars,,PHEV
Canada Net-zero,Canada,2036,Vehicle battery,Cobalt,1578.666077921611,Cars,,PHEV
Canada Net-zero,Canada,2036,Vehicle battery,Copper,2316.7629120458187,Cars,,PHEV
Canada Net-zero,Canada,2036,Vehicle battery,Lithium,2731.7018582153114,Cars,,PHEV
Canada Net-zero,Canada,2036,Vehicle battery,Nickel,4118.690112400834,Cars,,PHEV
Canada Net-zero,Canada,2036,Vehicle battery,Nickel,503.47972390618156,Cars,,PHEV
Canada Net-zero,Canada,2036,Vehicle battery,Cobalt,1288.2546510071447,Vans,,PHEV
Canada Net-zero,Canada,2036,Vehicle battery,Copper,413.44239634656486,Vans,,PHEV
Canada Net-zero,Canada,2036,Vehicle battery,Lithium,107.72592481021736,Vans,,PHEV
Canada Net-zero,Canada,2036,Vehicle battery,Nickel,117.35405730732137,Vans,,PHEV
Canada Net-zero,Canada,2036,Vehicle battery,Cobalt,0.0,Vans,,PHEV
Canada Net-zero,Canada,2036,Vehicle battery,Copper,0.0,Vans,,PHEV
Canada Net-zero,Canada,2036,Vehicle battery,Lithium,0.0,Vans,,PHEV
Canada Net-zero,Canada,2036,Vehicle battery,Cobalt,71.36488878223146,Vans,,PHEV
Canada Net-zero,Canada,2036,Vehicle battery,Copper,231.4186223516852,Vans,,PHEV
Canada Net-zero,Canada,2036,Vehicle battery,Graphite,31.136924445244144,Vans,,PHEV
Canada Net-zero,Canada,2036,Vehicle battery,Lithium,85.41054082927356,Vans,,PHEV
Canada Net-zero,Canada,2036,Vehicle battery,Nickel,377.6525615499418,Vans,,PHEV
Canada Net-zero,Canada,2036,Vehicle battery,Cobalt,236.83386149636897,Vans,,PHEV
Canada Net-zero,Canada,2036,Vehicle battery,Copper,347.56425966519635,Vans,,PHEV
Canada Net-zero,Canada,2036,Vehicle battery,Lithium,409.81402500881745,Vans,,PHEV
Canada Net-zero,Canada,2036,Vehicle battery,Nickel,617.8920908410369,Vans,,PHEV
Canada Net-zero,Canada,2036,Vehicle battery,Nickel,75.53278610687147,Vans,,PHEV
Canada Net-zero,Canada,2037,Vehicle battery,Cobalt,20.02920837449093,2 and 3 wheelers,,BEV
Canada Net-zero,Canada,2037,Vehicle battery,Copper,6.4280178618414245,2 and 3 wheelers,,BEV
Canada Net-zero,Canada,2037,Vehicle battery,Lithium,1.6748746015950688,2 and 3 wheelers,,BEV
Canada Net-zero,Canada,2037,Vehicle battery,Nickel,1.8245685086894003,2 and 3 wheelers,,BEV
Canada Net-zero,Canada,2037,Vehicle battery,Cobalt,347.83290673519014,Buses,,BEV
Canada Net-zero,Canada,2037,Vehicle battery,Copper,510.46031151446283,Buses,,BEV
Canada Net-zero,Canada,2037,Vehicle battery,Lithium,601.8852314403965,Buses,,BEV
Canada Net-zero,Canada,2037,Vehicle battery,Nickel,907.4851064285718,Buses,,BEV
Canada Net-zero,Canada,2037,Vehicle battery,Cobalt,130955.67710733338,Cars,,BEV
Canada Net-zero,Canada,2037,Vehicle battery,Copper,42027.89325551026,Cars,,BEV
Canada Net-zero,Canada,2037,Vehicle battery,Lithium,10950.724233370114,Cars,,BEV
Canada Net-zero,Canada,2037,Vehicle battery,Nickel,11929.458220048638,Cars,,BEV
Canada Net-zero,Canada,2037,Vehicle battery,Cobalt,0.0,Cars,,BEV
Canada Net-zero,Canada,2037,Vehicle battery,Copper,0.0,Cars,,BEV
Canada Net-zero,Canada,2037,Vehicle battery,Lithium,0.0,Cars,,BEV
Canada Net-zero,Canada,2037,Vehicle battery,Cobalt,6419.393253022547,Cars,,BEV
Canada Net-zero,Canada,2037,Vehicle battery,Copper,20816.499097775646,Cars,,BEV
Canada Net-zero,Canada,2037,Vehicle battery,Graphite,2800.819368101356,Cars,,BEV
Canada Net-zero,Canada,2037,Vehicle battery,Lithium,7682.82356901757,Cars,,BEV
Canada Net-zero,Canada,2037,Vehicle battery,Nickel,33970.490909025066,Cars,,BEV
Canada Net-zero,Canada,2037,Vehicle battery,Cobalt,22501.476371416942,Cars,,BEV
Canada Net-zero,Canada,2037,Vehicle battery,Copper,33021.92062820942,Cars,,BEV
Canada Net-zero,Canada,2037,Vehicle battery,Lithium,38936.24223389423,Cars,,BEV
Canada Net-zero,Canada,2037,Vehicle battery,Nickel,58705.64367062927,Cars,,BEV
Canada Net-zero,Canada,2037,Vehicle battery,Nickel,6865.671439690359,Cars,,BEV
Canada Net-zero,Canada,2037,Vehicle battery,Cobalt,3864.810074835446,Trucks,,BEV
Canada Net-zero,Canada,2037,Vehicle battery,Copper,5671.7812390495865,Trucks,,BEV
Canada Net-zero,Canada,2037,Vehicle battery,Lithium,6687.613682671073,Trucks,,BEV
Canada Net-zero,Canada,2037,Vehicle battery,Nickel,10083.167849206353,Trucks,,BEV
Canada Net-zero,Canada,2037,Vehicle battery,Cobalt,8748.051304740895,Vans,,BEV
Canada Net-zero,Canada,2037,Vehicle battery,Copper,2807.5313308336817,Vans,,BEV
Canada Net-zero,Canada,2037,Vehicle battery,Lithium,731.5261127554934,Vans,,BEV
Canada Net-zero,Canada,2037,Vehicle battery,Nickel,796.9071280599294,Vans,,BEV
Canada Net-zero,Canada,2037,Vehicle battery,Cobalt,0.0,Vans,,BEV
Canada Net-zero,Canada,2037,Vehicle battery,Copper,0.0,Vans,,BEV
Canada Net-zero,Canada,2037,Vehicle battery,Lithium,0.0,Vans,,BEV
Canada Net-zero,Canada,2037,Vehicle battery,Cobalt,428.8258650804534,Vans,,BEV
Canada Net-zero,Canada,2037,Vehicle battery,Copper,1390.575850661126,Vans,,BEV
Canada Net-zero,Canada,2037,Vehicle battery,Graphite,187.09926952903788,Vans,,BEV
Canada Net-zero,Canada,2037,Vehicle battery,Lithium,513.2250562299184,Vans,,BEV
Canada Net-zero,Canada,2037,Vehicle battery,Nickel,2269.283805663617,Vans,,BEV
Canada Net-zero,Canada,2037,Vehicle battery,Cobalt,1503.1350612485003,Vans,,BEV
Canada Net-zero,Canada,2037,Vehicle battery,Copper,2205.9177747589283,Vans,,BEV
Canada Net-zero,Canada,2037,Vehicle battery,Lithium,2601.004035867428,Vans,,BEV
Canada Net-zero,Canada,2037,Vehicle battery,Nickel,3921.632067066328,Vans,,BEV
Canada Net-zero,Canada,2037,Vehicle battery,Nickel,458.6379706675745,Vans,,BEV
Canada Net-zero,Canada,2037,Vehicle battery,Cobalt,2.51212654864304,Buses,,FCEV
Canada Net-zero,Canada,2037,Vehicle battery,Copper,3.6866578053822314,Buses,,FCEV
Canada Net-zero,Canada,2037,Vehicle battery,Lithium,4.346948893736197,Buses,,FCEV
Canada Net-zero,Canada,2037,Vehicle battery,Nickel,6.554059101984129,Buses,,FCEV
Canada Net-zero,Canada,2037,Vehicle battery,Cobalt,0.3711294492920379,Cars,,FCEV
Canada Net-zero,Canada,2037,Vehicle battery,Copper,0.11910738979294405,Cars,,FCEV
Canada Net-zero,Canada,2037,Vehicle battery,Lithium,0.03103444114720275,Cars,,FCEV
Canada Net-zero,Canada,2037,Vehicle battery,Nickel,0.03380818119042125,Cars,,FCEV
Canada Net-zero,Canada,2037,Vehicle battery,Cobalt,0.0,Cars,,FCEV
Canada Net-zero,Canada,2037,Vehicle battery,Copper,0.0,Cars,,FCEV
Canada Net-zero,Canada,2037,Vehicle battery,Lithium,0.0,Cars,,FCEV
Canada Net-zero,Canada,2037,Vehicle battery,Cobalt,0.018192612457958633,Cars,,FCEV
Canada Net-zero,Canada,2037,Vehicle battery,Copper,0.058994126997744735,Cars,,FCEV
Canada Net-zero,Canada,2037,Vehicle battery,Graphite,0.007937544767898578,Cars,,FCEV
Canada Net-zero,Canada,2037,Vehicle battery,Lithium,0.02177318420369351,Cars,,FCEV
Canada Net-zero,Canada,2037,Vehicle battery,Nickel,0.09627264630088073,Cars,,FCEV
Canada Net-zero,Canada,2037,Vehicle battery,Cobalt,0.06376936623478485,Cars,,FCEV
Canada Net-zero,Canada,2037,Vehicle battery,Copper,0.09358439044431817,Cars,,FCEV
Canada Net-zero,Canada,2037,Vehicle battery,Lithium,0.1103456257640727,Cars,,FCEV
Canada Net-zero,Canada,2037,Vehicle battery,Nickel,0.1663722695119048,Cars,,FCEV
Canada Net-zero,Canada,2037,Vehicle battery,Nickel,0.019457368452563767,Cars,,FCEV
Canada Net-zero,Canada,2037,Vehicle battery,Cobalt,11.594430224506338,Trucks,,FCEV
Canada Net-zero,Canada,2037,Vehicle battery,Copper,17.01534371714876,Trucks,,FCEV
Canada Net-zero,Canada,2037,Vehicle battery,Lithium,20.06284104801322,Trucks,,FCEV
Canada Net-zero,Canada,2037,Vehicle battery,Nickel,30.249503547619057,Trucks,,FCEV
Canada Net-zero,Canada,2037,Vehicle battery,Cobalt,9861.439652617006,Cars,,PHEV
Canada Net-zero,Canada,2037,Vehicle battery,Copper,3164.853500212513,Cars,,PHEV
Canada Net-zero,Canada,2037,Vehicle battery,Lithium,824.6294361971015,Cars,,PHEV
Canada Net-zero,Canada,2037,Vehicle battery,Nickel,898.331671631193,Cars,,PHEV
Canada Net-zero,Canada,2037,Vehicle battery,Cobalt,0.0,Cars,,PHEV
Canada Net-zero,Canada,2037,Vehicle battery,Copper,0.0,Cars,,PHEV
Canada Net-zero,Canada,2037,Vehicle battery,Lithium,0.0,Cars,,PHEV
Canada Net-zero,Canada,2037,Vehicle battery,Cobalt,483.40370245432933,Cars,,PHEV
Canada Net-zero,Canada,2037,Vehicle battery,Copper,1567.55823165436,Cars,,PHEV
Canada Net-zero,Canada,2037,Vehicle battery,Graphite,210.91190383273366,Cars,,PHEV
Canada Net-zero,Canada,2037,Vehicle battery,Lithium,578.544608840999,Cars,,PHEV
Canada Net-zero,Canada,2037,Vehicle battery,Nickel,2558.101744566259,Cars,,PHEV
Canada Net-zero,Canada,2037,Vehicle battery,Cobalt,1694.4431599528548,Cars,,PHEV
Canada Net-zero,Canada,2037,Vehicle battery,Copper,2486.6709460918833,Cars,,PHEV
Canada Net-zero,Canada,2037,Vehicle battery,Lithium,2932.040913159646,Cars,,PHEV
Canada Net-zero,Canada,2037,Vehicle battery,Nickel,4420.748875602042,Cars,,PHEV
Canada Net-zero,Canada,2037,Vehicle battery,Nickel,517.0100760252658,Cars,,PHEV
Canada Net-zero,Canada,2037,Vehicle battery,Cobalt,1479.4280218635752,Vans,,PHEV
Canada Net-zero,Canada,2037,Vehicle battery,Copper,474.79608639747306,Vans,,PHEV
Canada Net-zero,Canada,2037,Vehicle battery,Lithium,123.71214939593509,Vans,,PHEV
Canada Net-zero,Canada,2037,Vehicle battery,Nickel,134.76906970535921,Vans,,PHEV
Canada Net-zero,Canada,2037,Vehicle battery,Cobalt,0.0,Vans,,PHEV
Canada Net-zero,Canada,2037,Vehicle battery,Copper,0.0,Vans,,PHEV
Canada Net-zero,Canada,2037,Vehicle battery,Lithium,0.0,Vans,,PHEV
Canada Net-zero,Canada,2037,Vehicle battery,Cobalt,72.5209511466968,Vans,,PHEV
Canada Net-zero,Canada,2037,Vehicle battery,Copper,235.16744567786705,Vans,,PHEV
Canada Net-zero,Canada,2037,Vehicle battery,Graphite,31.64132131477742,Vans,,PHEV
Canada Net-zero,Canada,2037,Vehicle battery,Lithium,86.79413314569484,Vans,,PHEV
Canada Net-zero,Canada,2037,Vehicle battery,Nickel,383.7702746256823,Vans,,PHEV
Canada Net-zero,Canada,2037,Vehicle battery,Cobalt,254.20291363077666,Vans,,PHEV
Canada Net-zero,Canada,2037,Vehicle battery,Copper,373.05411870832205,Vans,,PHEV
Canada Net-zero,Canada,2037,Vehicle battery,Lithium,439.8691916172407,Vans,,PHEV
Canada Net-zero,Canada,2037,Vehicle battery,Nickel,663.2074012085989,Vans,,PHEV
Canada Net-zero,Canada,2037,Vehicle battery,Nickel,77.56262990004848,Vans,,PHEV
Canada Net-zero,Canada,2038,Vehicle battery,Cobalt,21.88176467104033,2 and 3 wheelers,,BEV
Canada Net-zero,Canada,2038,Vehicle battery,Copper,7.02256282545829,2 and 3 wheelers,,BEV
Canada Net-zero,Canada,2038,Vehicle battery,Lithium,1.8297883371307835,2 and 3 wheelers,,BEV
Canada Net-zero,Canada,2038,Vehicle battery,Nickel,1.9933278433600201,2 and 3 wheelers,,BEV
Canada Net-zero,Canada,2038,Vehicle battery,Cobalt,380.00492419445396,Buses,,BEV
Canada Net-zero,Canada,2038,Vehicle battery,Copper,557.6741827046526,Buses,,BEV
Canada Net-zero,Canada,2038,Vehicle battery,Lithium,657.5552436773798,Buses,,BEV
Canada Net-zero,Canada,2038,Vehicle battery,Nickel,991.4208874392768,Buses,,BEV
Canada Net-zero,Canada,2038,Vehicle battery,Cobalt,148366.94555383816,Cars,,BEV
Canada Net-zero,Canada,2038,Vehicle battery,Copper,47615.72990281328,Cars,,BEV
Canada Net-zero,Canada,2038,Vehicle battery,Lithium,12406.68248980049,Cars,,BEV
Canada Net-zero,Canada,2038,Vehicle battery,Nickel,13515.544475174413,Cars,,BEV
Canada Net-zero,Canada,2038,Vehicle battery,Cobalt,0.0,Cars,,BEV
Canada Net-zero,Canada,2038,Vehicle battery,Copper,0.0,Cars,,BEV
Canada Net-zero,Canada,2038,Vehicle battery,Lithium,0.0,Cars,,BEV
Canada Net-zero,Canada,2038,Vehicle battery,Cobalt,6394.333987999105,Cars,,BEV
Canada Net-zero,Canada,2038,Vehicle battery,Copper,20735.23812073459,Cars,,BEV
Canada Net-zero,Canada,2038,Vehicle battery,Graphite,2789.8858620733536,Cars,,BEV
Canada Net-zero,Canada,2038,Vehicle battery,Lithium,7652.832274769674,Cars,,BEV
Canada Net-zero,Canada,2038,Vehicle battery,Nickel,33837.88094089999,Cars,,BEV
Canada Net-zero,Canada,2038,Vehicle battery,Cobalt,23837.769212960033,Cars,,BEV
Canada Net-zero,Canada,2038,Vehicle battery,Copper,34982.9900007744,Cars,,BEV
Canada Net-zero,Canada,2038,Vehicle battery,Lithium,41248.54480973024,Cars,,BEV
Canada Net-zero,Canada,2038,Vehicle battery,Nickel,62191.98963746066,Cars,,BEV
Canada Net-zero,Canada,2038,Vehicle battery,Nickel,6923.719551184882,Cars,,BEV
Canada Net-zero,Canada,2038,Vehicle battery,Cobalt,4222.276935493933,Trucks,,BEV
Canada Net-zero,Canada,2038,Vehicle battery,Copper,6196.379807829472,Trucks,,BEV
Canada Net-zero,Canada,2038,Vehicle battery,Lithium,7306.1693741931085,Trucks,,BEV
Canada Net-zero,Canada,2038,Vehicle battery,Nickel,11015.787638214186,Trucks,,BEV
Canada Net-zero,Canada,2038,Vehicle battery,Cobalt,9911.15223335356,Vans,,BEV
Canada Net-zero,Canada,2038,Vehicle battery,Copper,3180.807868001696,Vans,,BEV
Canada Net-zero,Canada,2038,Vehicle battery,Lithium,828.7864821121783,Vans,,BEV
Canada Net-zero,Canada,2038,Vehicle battery,Nickel,902.8602584630679,Vans,,BEV
Canada Net-zero,Canada,2038,Vehicle battery,Cobalt,0.0,Vans,,BEV
Canada Net-zero,Canada,2038,Vehicle battery,Copper,0.0,Vans,,BEV
Canada Net-zero,Canada,2038,Vehicle battery,Lithium,0.0,Vans,,BEV
Canada Net-zero,Canada,2038,Vehicle battery,Cobalt,427.15186559508186,Vans,,BEV
Canada Net-zero,Canada,2038,Vehicle battery,Copper,1385.1474857980595,Vans,,BEV
Canada Net-zero,Canada,2038,Vehicle battery,Graphite,186.36889362028472,Vans,,BEV
Canada Net-zero,Canada,2038,Vehicle battery,Lithium,511.2215892052615,Vans,,BEV
Canada Net-zero,Canada,2038,Vehicle battery,Nickel,2260.4252450398776,Vans,,BEV
Canada Net-zero,Canada,2038,Vehicle battery,Cobalt,1592.4015871005688,Vans,,BEV
Canada Net-zero,Canada,2038,Vehicle battery,Copper,2336.9203846671153,Vans,,BEV
Canada Net-zero,Canada,2038,Vehicle battery,Lithium,2755.4695925528295,Vans,,BEV
Canada Net-zero,Canada,2038,Vehicle battery,Nickel,4154.525623555064,Vans,,BEV
Canada Net-zero,Canada,2038,Vehicle battery,Nickel,462.5156785204476,Vans,,BEV
Canada Net-zero,Canada,2038,Vehicle battery,Cobalt,2.7444800080710565,Buses,,FCEV
Canada Net-zero,Canada,2038,Vehicle battery,Copper,4.0276468750891565,Buses,,FCEV
Canada Net-zero,Canada,2038,Vehicle battery,Lithium,4.749010093225521,Buses,,FCEV
Canada Net-zero,Canada,2038,Vehicle battery,Nickel,7.160261964839221,Buses,,FCEV
Canada Net-zero,Canada,2038,Vehicle battery,Cobalt,0.42047312505136314,Cars,,FCEV
Canada Net-zero,Canada,2038,Vehicle battery,Copper,0.13494336409704163,Cars,,FCEV
Canada Net-zero,Canada,2038,Vehicle battery,Lithium,0.03516063863506211,Cars,,FCEV
Canada Net-zero,Canada,2038,Vehicle battery,Nickel,0.03830316248025136,Cars,,FCEV
Canada Net-zero,Canada,2038,Vehicle battery,Cobalt,0.0,Cars,,FCEV
Canada Net-zero,Canada,2038,Vehicle battery,Copper,0.0,Cars,,FCEV
Canada Net-zero,Canada,2038,Vehicle battery,Lithium,0.0,Cars,,FCEV
Canada Net-zero,Canada,2038,Vehicle battery,Cobalt,0.018121594297973168,Cars,,FCEV
Canada Net-zero,Canada,2038,Vehicle battery,Copper,0.058763832730826755,Cars,,FCEV
Canada Net-zero,Canada,2038,Vehicle battery,Graphite,0.007906559123284806,Cars,,FCEV
Canada Net-zero,Canada,2038,Vehicle battery,Lithium,0.021688188632950488,Cars,,FCEV
Canada Net-zero,Canada,2038,Vehicle battery,Nickel,0.09589682857744933,Cars,,FCEV
Canada Net-zero,Canada,2038,Vehicle battery,Cobalt,0.06755643096790293,Cars,,FCEV
Canada Net-zero,Canada,2038,Vehicle battery,Copper,0.09914207692527155,Cars,,FCEV
Canada Net-zero,Canada,2038,Vehicle battery,Lithium,0.11689870998708973,Cars,,FCEV
Canada Net-zero,Canada,2038,Vehicle battery,Nickel,0.17625260221142697,Cars,,FCEV
Canada Net-zero,Canada,2038,Vehicle battery,Nickel,0.019621877270564442,Cars,,FCEV
Canada Net-zero,Canada,2038,Vehicle battery,Cobalt,12.6668308064818,Trucks,,FCEV
Canada Net-zero,Canada,2038,Vehicle battery,Copper,18.589139423488415,Trucks,,FCEV
Canada Net-zero,Canada,2038,Vehicle battery,Lithium,21.918508122579325,Trucks,,FCEV
Canada Net-zero,Canada,2038,Vehicle battery,Nickel,33.047362914642555,Trucks,,FCEV
Canada Net-zero,Canada,2038,Vehicle battery,Cobalt,11172.571608507653,Cars,,PHEV
Canada Net-zero,Canada,2038,Vehicle battery,Copper,3585.6379602928214,Cars,,PHEV
Canada Net-zero,Canada,2038,Vehicle battery,Lithium,934.2683980173649,Cars,,PHEV
Canada Net-zero,Canada,2038,Vehicle battery,Nickel,1017.769745903822,Cars,,PHEV
Canada Net-zero,Canada,2038,Vehicle battery,Cobalt,0.0,Cars,,PHEV
Canada Net-zero,Canada,2038,Vehicle battery,Copper,0.0,Cars,,PHEV
Canada Net-zero,Canada,2038,Vehicle battery,Lithium,0.0,Cars,,PHEV
Canada Net-zero,Canada,2038,Vehicle battery,Cobalt,481.5166484890014,Cars,,PHEV
Canada Net-zero,Canada,2038,Vehicle battery,Copper,1561.4389839905398,Cars,,PHEV
Canada Net-zero,Canada,2038,Vehicle battery,Graphite,210.08857099013915,Cars,,PHEV
Canada Net-zero,Canada,2038,Vehicle battery,Lithium,576.286155104113,Cars,,PHEV
Canada Net-zero,Canada,2038,Vehicle battery,Nickel,2548.1157307722256,Cars,,PHEV
Canada Net-zero,Canada,2038,Vehicle battery,Cobalt,1795.0708800042778,Cars,,PHEV
Canada Net-zero,Canada,2038,Vehicle battery,Copper,2634.34661544293,Cars,,PHEV
Canada Net-zero,Canada,2038,Vehicle battery,Lithium,3106.1657225140984,Cars,,PHEV
Canada Net-zero,Canada,2038,Vehicle battery,Nickel,4683.283430189345,Cars,,PHEV
Canada Net-zero,Canada,2038,Vehicle battery,Nickel,521.381310332141,Cars,,PHEV
Canada Net-zero,Canada,2038,Vehicle battery,Cobalt,1676.1260116333199,Vans,,PHEV
Canada Net-zero,Canada,2038,Vehicle battery,Copper,537.9228045376929,Vans,,PHEV
Canada Net-zero,Canada,2038,Vehicle battery,Lithium,140.16035149611048,Vans,,PHEV
Canada Net-zero,Canada,2038,Vehicle battery,Nickel,152.6873494069906,Vans,,PHEV
Canada Net-zero,Canada,2038,Vehicle battery,Cobalt,0.0,Vans,,PHEV
Canada Net-zero,Canada,2038,Vehicle battery,Copper,0.0,Vans,,PHEV
Canada Net-zero,Canada,2038,Vehicle battery,Lithium,0.0,Vans,,PHEV
Canada Net-zero,Canada,2038,Vehicle battery,Cobalt,72.23785247009191,Vans,,PHEV
Canada Net-zero,Canada,2038,Vehicle battery,Copper,234.24942693156999,Vans,,PHEV
Canada Net-zero,Canada,2038,Vehicle battery,Graphite,31.51780368230561,Vans,,PHEV
Canada Net-zero,Canada,2038,Vehicle battery,Lithium,86.45531651626436,Vans,,PHEV
Canada Net-zero,Canada,2038,Vehicle battery,Nickel,382.27215780359234,Vans,,PHEV
Canada Net-zero,Canada,2038,Vehicle battery,Cobalt,269.2992356754805,Vans,,PHEV
Canada Net-zero,Canada,2038,Vehicle battery,Copper,395.2086449318254,Vans,,PHEV
Canada Net-zero,Canada,2038,Vehicle battery,Lithium,465.9916576399646,Vans,,PHEV
Canada Net-zero,Canada,2038,Vehicle battery,Nickel,702.5932303010941,Vans,,PHEV
Canada Net-zero,Canada,2038,Vehicle battery,Nickel,78.2184090511186,Vans,,PHEV
Canada Net-zero,Canada,2039,Vehicle battery,Cobalt,23.656975367083128,2 and 3 wheelers,,BEV
Canada Net-zero,Canada,2039,Vehicle battery,Copper,7.592285095522051,2 and 3 wheelers,,BEV
Canada Net-zero,Canada,2039,Vehicle battery,Lithium,1.9782343092176637,2 and 3 wheelers,,BEV
Canada Net-zero,Canada,2039,Vehicle battery,Nickel,2.1550413505405355,2 and 3 wheelers,,BEV
Canada Net-zero,Canada,2039,Vehicle battery,Cobalt,410.8337360439718,Buses,,BEV
Canada Net-zero,Canada,2039,Vehicle battery,Copper,602.9168397264804,Buses,,BEV
Canada Net-zero,Canada,2039,Vehicle battery,Lithium,710.9009915804266,Buses,,BEV
Canada Net-zero,Canada,2039,Vehicle battery,Nickel,1071.8522872884723,Buses,,BEV
Canada Net-zero,Canada,2039,Vehicle battery,Cobalt,166132.26917099653,Cars,,BEV
Canada Net-zero,Canada,2039,Vehicle battery,Copper,53317.194254141614,Cars,,BEV
Canada Net-zero,Canada,2039,Vehicle battery,Lithium,13892.247408751104,Cars,,BEV
Canada Net-zero,Canada,2039,Vehicle battery,Nickel,15133.883523452801,Cars,,BEV
Canada Net-zero,Canada,2039,Vehicle battery,Cobalt,0.0,Cars,,BEV
Canada Net-zero,Canada,2039,Vehicle battery,Copper,0.0,Cars,,BEV
Canada Net-zero,Canada,2039,Vehicle battery,Lithium,0.0,Cars,,BEV
Canada Net-zero,Canada,2039,Vehicle battery,Cobalt,6244.081006055395,Cars,,BEV
Canada Net-zero,Canada,2039,Vehicle battery,Copper,20248.0049914047,Cars,,BEV
Canada Net-zero,Canada,2039,Vehicle battery,Graphite,2724.329594470527,Cars,,BEV
Canada Net-zero,Canada,2039,Vehicle battery,Lithium,7473.007312270489,Cars,,BEV
Canada Net-zero,Canada,2039,Vehicle battery,Nickel,33042.764119731655,Cars,,BEV
Canada Net-zero,Canada,2039,Vehicle battery,Cobalt,24966.30092768803,Cars,,BEV
Canada Net-zero,Canada,2039,Vehicle battery,Copper,36639.16064909254,Cars,,BEV
Canada Net-zero,Canada,2039,Vehicle battery,Lithium,43201.3404169153,Cars,,BEV
Canada Net-zero,Canada,2039,Vehicle battery,Nickel,65136.29336323678,Cars,,BEV
Canada Net-zero,Canada,2039,Vehicle battery,Nickel,6861.6376796963295,Cars,,BEV
Canada Net-zero,Canada,2039,Vehicle battery,Cobalt,4564.819289377464,Trucks,,BEV
Canada Net-zero,Canada,2039,Vehicle battery,Copper,6699.075996960893,Trucks,,BEV
Canada Net-zero,Canada,2039,Vehicle battery,Lithium,7898.899906449185,Trucks,,BEV
Canada Net-zero,Canada,2039,Vehicle battery,Nickel,11909.469858760805,Trucks,,BEV
Canada Net-zero,Canada,2039,Vehicle battery,Cobalt,11097.904620734585,Vans,,BEV
Canada Net-zero,Canada,2039,Vehicle battery,Copper,3561.6749198110797,Vans,,BEV
Canada Net-zero,Canada,2039,Vehicle battery,Lithium,928.0246244712275,Vans,,BEV
Canada Net-zero,Canada,2039,Vehicle battery,Nickel,1010.9679276800454,Vans,,BEV
Canada Net-zero,Canada,2039,Vehicle battery,Cobalt,0.0,Vans,,BEV
Canada Net-zero,Canada,2039,Vehicle battery,Copper,0.0,Vans,,BEV
Canada Net-zero,Canada,2039,Vehicle battery,Lithium,0.0,Vans,,BEV
Canada Net-zero,Canada,2039,Vehicle battery,Cobalt,417.1147230765749,Vans,,BEV
Canada Net-zero,Canada,2039,Vehicle battery,Copper,1352.5995237173179,Vans,,BEV
Canada Net-zero,Canada,2039,Vehicle battery,Graphite,181.98962878041976,Vans,,BEV
Canada Net-zero,Canada,2039,Vehicle battery,Lithium,499.20899049580174,Vans,,BEV
Canada Net-zero,Canada,2039,Vehicle battery,Nickel,2207.3101537472558,Vans,,BEV
Canada Net-zero,Canada,2039,Vehicle battery,Cobalt,1667.7893332261233,Vans,,BEV
Canada Net-zero,Canada,2039,Vehicle battery,Copper,2447.5552660324975,Vans,,BEV
Canada Net-zero,Canada,2039,Vehicle battery,Lithium,2885.9195015348273,Vans,,BEV
Canada Net-zero,Canada,2039,Vehicle battery,Nickel,4351.209880540108,Vans,,BEV
Canada Net-zero,Canada,2039,Vehicle battery,Nickel,458.36850896756835,Vans,,BEV
Canada Net-zero,Canada,2039,Vehicle battery,Cobalt,2.9671325380953513,Buses,,FCEV
Canada Net-zero,Canada,2039,Vehicle battery,Copper,4.354399398024579,Buses,,FCEV
Canada Net-zero,Canada,2039,Vehicle battery,Lithium,5.13428493919197,Buses,,FCEV
Canada Net-zero,Canada,2039,Vehicle battery,Nickel,7.741155408194523,Buses,,FCEV
Canada Net-zero,Canada,2039,Vehicle battery,Cobalt,0.4708201960311643,Cars,,FCEV
Canada Net-zero,Canada,2039,Vehicle battery,Copper,0.15110136023440945,Cars,,FCEV
Canada Net-zero,Canada,2039,Vehicle battery,Lithium,0.0393707416442339,Cars,,FCEV
Canada Net-zero,Canada,2039,Vehicle battery,Nickel,0.04288954844703223,Cars,,FCEV
Canada Net-zero,Canada,2039,Vehicle battery,Cobalt,0.0,Cars,,FCEV
Canada Net-zero,Canada,2039,Vehicle battery,Copper,0.0,Cars,,FCEV
Canada Net-zero,Canada,2039,Vehicle battery,Lithium,0.0,Cars,,FCEV
Canada Net-zero,Canada,2039,Vehicle battery,Cobalt,0.017695776130521364,Cars,,FCEV
Canada Net-zero,Canada,2039,Vehicle battery,Copper,0.05738301009709834,Cars,,FCEV
Canada Net-zero,Canada,2039,Vehicle battery,Graphite,0.007720772130078416,Cars,,FCEV
Canada Net-zero,Canada,2039,Vehicle battery,Lithium,0.02117856323315523,Cars,,FCEV
Canada Net-zero,Canada,2039,Vehicle battery,Nickel,0.09364346106806541,Cars,,FCEV
Canada Net-zero,Canada,2039,Vehicle battery,Cobalt,0.0707546989853507,Cars,,FCEV
Canada Net-zero,Canada,2039,Vehicle battery,Copper,0.10383567795289385,Cars,,FCEV
Canada Net-zero,Canada,2039,Vehicle battery,Lithium,0.12243294854996238,Cars,,FCEV
Canada Net-zero,Canada,2039,Vehicle battery,Nickel,0.1845967828107925,Cars,,FCEV
Canada Net-zero,Canada,2039,Vehicle battery,Nickel,0.019445936744078664,Cars,,FCEV
Canada Net-zero,Canada,2039,Vehicle battery,Cobalt,13.694457868132393,Trucks,,FCEV
Canada Net-zero,Canada,2039,Vehicle battery,Copper,20.097227990882676,Trucks,,FCEV
Canada Net-zero,Canada,2039,Vehicle battery,Lithium,23.696699719347556,Trucks,,FCEV
Canada Net-zero,Canada,2039,Vehicle battery,Nickel,35.72840957628241,Trucks,,FCEV
Canada Net-zero,Canada,2039,Vehicle battery,Cobalt,12510.365208828078,Cars,,PHEV
Canada Net-zero,Canada,2039,Vehicle battery,Copper,4014.979000514308,Cars,,PHEV
Canada Net-zero,Canada,2039,Vehicle battery,Lithium,1046.1368494039293,Cars,,PHEV
Canada Net-zero,Canada,2039,Vehicle battery,Nickel,1139.636573021142,Cars,,PHEV
Canada Net-zero,Canada,2039,Vehicle battery,Cobalt,0.0,Cars,,PHEV
Canada Net-zero,Canada,2039,Vehicle battery,Copper,0.0,Cars,,PHEV
Canada Net-zero,Canada,2039,Vehicle battery,Lithium,0.0,Cars,,PHEV
Canada Net-zero,Canada,2039,Vehicle battery,Cobalt,470.202051468139,Cars,,PHEV
Canada Net-zero,Canada,2039,Vehicle battery,Copper,1524.748554008613,Cars,,PHEV
Canada Net-zero,Canada,2039,Vehicle battery,Graphite,205.15194517065504,Cars,,PHEV
Canada Net-zero,Canada,2039,Vehicle battery,Lithium,562.7446801952674,Cars,,PHEV
Canada Net-zero,Canada,2039,Vehicle battery,Nickel,2488.240536951452,Cars,,PHEV
Canada Net-zero,Canada,2039,Vehicle battery,Cobalt,1880.0534301821756,Cars,,PHEV
Canada Net-zero,Canada,2039,Vehicle battery,Copper,2759.062299891179,Cars,,PHEV
Canada Net-zero,Canada,2039,Vehicle battery,Lithium,3253.2183471847147,Cars,,PHEV
Canada Net-zero,Canada,2039,Vehicle battery,Nickel,4905.000228972486,Cars,,PHEV
Canada Net-zero,Canada,2039,Vehicle battery,Nickel,516.7063191998044,Cars,,PHEV
Canada Net-zero,Canada,2039,Vehicle battery,Cobalt,1876.8238214362295,Vans,,PHEV
Canada Net-zero,Canada,2039,Vehicle battery,Copper,602.3331937115659,Vans,,PHEV
Canada Net-zero,Canada,2039,Vehicle battery,Lithium,156.94302497724325,Vans,,PHEV
Canada Net-zero,Canada,2039,Vehicle battery,Nickel,170.9699942665696,Vans,,PHEV
Canada Net-zero,Canada,2039,Vehicle battery,Cobalt,0.0,Vans,,PHEV
Canada Net-zero,Canada,2039,Vehicle battery,Copper,0.0,Vans,,PHEV
Canada Net-zero,Canada,2039,Vehicle battery,Lithium,0.0,Vans,,PHEV
Canada Net-zero,Canada,2039,Vehicle battery,Cobalt,70.54041959229544,Vans,,PHEV
Canada Net-zero,Canada,2039,Vehicle battery,Copper,228.74507339277602,Vans,,PHEV
Canada Net-zero,Canada,2039,Vehicle battery,Graphite,30.77720364538687,Vans,,PHEV
Canada Net-zero,Canada,2039,Vehicle battery,Lithium,84.42380406542335,Vans,,PHEV
Canada Net-zero,Canada,2039,Vehicle battery,Nickel,373.28959109189964,Vans,,PHEV
Canada Net-zero,Canada,2039,Vehicle battery,Cobalt,282.0484457838894,Vans,,PHEV
Canada Net-zero,Canada,2039,Vehicle battery,Copper,413.91867965679285,Vans,,PHEV
Canada Net-zero,Canada,2039,Vehicle battery,Lithium,488.05271376259293,Vans,,PHEV
Canada Net-zero,Canada,2039,Vehicle battery,Nickel,735.8555182217648,Vans,,PHEV
Canada Net-zero,Canada,2039,Vehicle battery,Nickel,77.51705984382443,Vans,,PHEV
Canada Net-zero,Canada,2040,Vehicle battery,Cobalt,25.36403270224302,2 and 3 wheelers,,BEV
Canada Net-zero,Canada,2040,Vehicle battery,Copper,8.140134757696934,2 and 3 wheelers,,BEV
Canada Net-zero,Canada,2040,Vehicle battery,Lithium,2.120981187709736,2 and 3 wheelers,,BEV
Canada Net-zero,Canada,2040,Vehicle battery,Nickel,2.3105464008662775,2 and 3 wheelers,,BEV
Canada Net-zero,Canada,2040,Vehicle battery,Cobalt,440.4789773211315,Buses,,BEV
Canada Net-zero,Canada,2040,Vehicle battery,Copper,646.4225541204928,Buses,,BEV
Canada Net-zero,Canada,2040,Vehicle battery,Lithium,762.1987054013729,Buses,,BEV
Canada Net-zero,Canada,2040,Vehicle battery,Nickel,1149.1957887645572,Buses,,BEV
Canada Net-zero,Canada,2040,Vehicle battery,Cobalt,184262.23757217723,Cars,,BEV
Canada Net-zero,Canada,2040,Vehicle battery,Copper,59135.68485738654,Cars,,BEV
Canada Net-zero,Canada,2040,Vehicle battery,Lithium,15408.30451071485,Cars,,BEV
Canada Net-zero,Canada,2040,Vehicle battery,Nickel,16785.44002982266,Cars,,BEV
Canada Net-zero,Canada,2040,Vehicle battery,Cobalt,0.0,Cars,,BEV
Canada Net-zero,Canada,2040,Vehicle battery,Copper,0.0,Cars,,BEV
Canada Net-zero,Canada,2040,Vehicle battery,Lithium,0.0,Cars,,BEV
Canada Net-zero,Canada,2040,Vehicle battery,Cobalt,5977.362474324316,Cars,,BEV
Canada Net-zero,Canada,2040,Vehicle battery,Copper,19383.102989564286,Cars,,BEV
Canada Net-zero,Canada,2040,Vehicle battery,Graphite,2607.958716404718,Cars,,BEV
Canada Net-zero,Canada,2040,Vehicle battery,Lithium,7153.7946793768015,Cars,,BEV
Canada Net-zero,Canada,2040,Vehicle battery,Nickel,31631.32863037711,Cars,,BEV
Canada Net-zero,Canada,2040,Vehicle battery,Cobalt,25904.35890436178,Cars,,BEV
Canada Net-zero,Canada,2040,Vehicle battery,Copper,38015.802587562306,Cars,,BEV
Canada Net-zero,Canada,2040,Vehicle battery,Lithium,44824.54291289026,Cars,,BEV
Canada Net-zero,Canada,2040,Vehicle battery,Nickel,67583.65710115372,Cars,,BEV
Canada Net-zero,Canada,2040,Vehicle battery,Nickel,6687.9679555670655,Cars,,BEV
Canada Net-zero,Canada,2040,Vehicle battery,Cobalt,4894.210859123683,Trucks,,BEV
Canada Net-zero,Canada,2040,Vehicle battery,Copper,7182.472823561031,Trucks,,BEV
Canada Net-zero,Canada,2040,Vehicle battery,Lithium,8468.8745044597,Trucks,,BEV
Canada Net-zero,Canada,2040,Vehicle battery,Nickel,12768.842097383966,Trucks,,BEV
Canada Net-zero,Canada,2040,Vehicle battery,Cobalt,12309.015870206169,Vans,,BEV
Canada Net-zero,Canada,2040,Vehicle battery,Copper,3950.359514764688,Vans,,BEV
Canada Net-zero,Canada,2040,Vehicle battery,Lithium,1029.2996940356072,Vans,,BEV
Canada Net-zero,Canada,2040,Vehicle battery,Nickel,1121.2945768909874,Vans,,BEV
Canada Net-zero,Canada,2040,Vehicle battery,Cobalt,0.0,Vans,,BEV
Canada Net-zero,Canada,2040,Vehicle battery,Copper,0.0,Vans,,BEV
Canada Net-zero,Canada,2040,Vehicle battery,Lithium,0.0,Vans,,BEV
Canada Net-zero,Canada,2040,Vehicle battery,Cobalt,399.29749322409396,Vans,,BEV
Canada Net-zero,Canada,2040,Vehicle battery,Copper,1294.822669343363,Vans,,BEV
Canada Net-zero,Canada,2040,Vehicle battery,Graphite,174.2158656707605,Vans,,BEV
Canada Net-zero,Canada,2040,Vehicle battery,Lithium,477.88506967496846,Vans,,BEV
Canada Net-zero,Canada,2040,Vehicle battery,Nickel,2113.023977332884,Vans,,BEV
Canada Net-zero,Canada,2040,Vehicle battery,Cobalt,1730.4531251901594,Vans,,BEV
Canada Net-zero,Canada,2040,Vehicle battery,Copper,2539.5171769019357,Vans,,BEV
Canada Net-zero,Canada,2040,Vehicle battery,Lithium,2994.352056933965,Vans,,BEV
Canada Net-zero,Canada,2040,Vehicle battery,Nickel,4514.697741575044,Vans,,BEV
Canada Net-zero,Canada,2040,Vehicle battery,Nickel,446.76709014921687,Vans,,BEV
Canada Net-zero,Canada,2040,Vehicle battery,Cobalt,3.1812370584303937,Buses,,FCEV
Canada Net-zero,Canada,2040,Vehicle battery,Copper,4.66860733531467,Buses,,FCEV
Canada Net-zero,Canada,2040,Vehicle battery,Lithium,5.504768427898804,Buses,,FCEV
Canada Net-zero,Canada,2040,Vehicle battery,Nickel,8.299747363299579,Buses,,FCEV
Canada Net-zero,Canada,2040,Vehicle battery,Cobalt,0.5222006732814738,Cars,,FCEV
Canada Net-zero,Canada,2040,Vehicle battery,Copper,0.16759100971728977,Cars,,FCEV
Canada Net-zero,Canada,2040,Vehicle battery,Lithium,0.04366725974696515,Cars,,FCEV
Canada Net-zero,Canada,2040,Vehicle battery,Nickel,0.04757007295901159,Cars,,FCEV
Canada Net-zero,Canada,2040,Vehicle battery,Cobalt,0.0,Cars,,FCEV
Canada Net-zero,Canada,2040,Vehicle battery,Copper,0.0,Cars,,FCEV
Canada Net-zero,Canada,2040,Vehicle battery,Lithium,0.0,Cars,,FCEV
Canada Net-zero,Canada,2040,Vehicle battery,Cobalt,0.01693989365193126,Cars,,FCEV
Canada Net-zero,Canada,2040,Vehicle battery,Copper,0.054931870820627525,Cars,,FCEV
Canada Net-zero,Canada,2040,Vehicle battery,Graphite,0.007390976119365597,Cars,,FCEV
Canada Net-zero,Canada,2040,Vehicle battery,Lithium,0.020273912046816844,Cars,,FCEV
Canada Net-zero,Canada,2040,Vehicle battery,Nickel,0.08964344146260719,Cars,,FCEV
Canada Net-zero,Canada,2040,Vehicle battery,Cobalt,0.07341316288685523,Cars,,FCEV
Canada Net-zero,Canada,2040,Vehicle battery,Copper,0.10773709235341544,Cars,,FCEV
Canada Net-zero,Canada,2040,Vehicle battery,Lithium,0.12703311756689545,Cars,,FCEV
Canada Net-zero,Canada,2040,Vehicle battery,Nickel,0.19153263146075947,Cars,,FCEV
Canada Net-zero,Canada,2040,Vehicle battery,Nickel,0.018953755339663748,Cars,,FCEV
Canada Net-zero,Canada,2040,Vehicle battery,Cobalt,14.682632577371049,Trucks,,FCEV
Canada Net-zero,Canada,2040,Vehicle battery,Copper,21.54741847068309,Trucks,,FCEV
Canada Net-zero,Canada,2040,Vehicle battery,Lithium,25.406623513379095,Trucks,,FCEV
Canada Net-zero,Canada,2040,Vehicle battery,Nickel,38.3065262921519,Trucks,,FCEV
Canada Net-zero,Canada,2040,Vehicle battery,Cobalt,13875.617890050593,Cars,,PHEV
Canada Net-zero,Canada,2040,Vehicle battery,Copper,4453.1325439165585,Cars,,PHEV
Canada Net-zero,Canada,2040,Vehicle battery,Lithium,1160.3014732765027,Cars,,PHEV
Canada Net-zero,Canada,2040,Vehicle battery,Nickel,1264.0047957680224,Cars,,PHEV
Canada Net-zero,Canada,2040,Vehicle battery,Cobalt,0.0,Cars,,PHEV
Canada Net-zero,Canada,2040,Vehicle battery,Copper,0.0,Cars,,PHEV
Canada Net-zero,Canada,2040,Vehicle battery,Lithium,0.0,Cars,,PHEV
Canada Net-zero,Canada,2040,Vehicle battery,Cobalt,450.1171741798878,Cars,,PHEV
Canada Net-zero,Canada,2040,Vehicle battery,Copper,1459.618281805246,Cars,,PHEV
Canada Net-zero,Canada,2040,Vehicle battery,Graphite,196.38879402885732,Cars,,PHEV
Canada Net-zero,Canada,2040,Vehicle battery,Lithium,538.7068058154191,Cars,,PHEV
Canada Net-zero,Canada,2040,Vehicle battery,Nickel,2381.9543017207056,Cars,,PHEV
Canada Net-zero,Canada,2040,Vehicle battery,Cobalt,1950.6926138507251,Cars,,PHEV
Canada Net-zero,Canada,2040,Vehicle battery,Copper,2862.7284539621824,Cars,,PHEV
Canada Net-zero,Canada,2040,Vehicle battery,Lithium,3375.4514096346516,Cars,,PHEV
Canada Net-zero,Canada,2040,Vehicle battery,Nickel,5089.295635957324,Cars,,PHEV
Canada Net-zero,Canada,2040,Vehicle battery,Nickel,503.6283561682082,Cars,,PHEV
Canada Net-zero,Canada,2040,Vehicle battery,Cobalt,2081.641083892321,Vans,,PHEV
Canada Net-zero,Canada,2040,Vehicle battery,Copper,668.0656478787508,Vans,,PHEV
Canada Net-zero,Canada,2040,Vehicle battery,Lithium,174.07017371133085,Vans,,PHEV
Canada Net-zero,Canada,2040,Vehicle battery,Nickel,189.6279022640371,Vans,,PHEV
Canada Net-zero,Canada,2040,Vehicle battery,Cobalt,0.0,Vans,,PHEV
Canada Net-zero,Canada,2040,Vehicle battery,Copper,0.0,Vans,,PHEV
Canada Net-zero,Canada,2040,Vehicle battery,Lithium,0.0,Vans,,PHEV
Canada Net-zero,Canada,2040,Vehicle battery,Cobalt,67.52725606621284,Vans,,PHEV
Canada Net-zero,Canada,2040,Vehicle battery,Copper,218.97413191125585,Vans,,PHEV
Canada Net-zero,Canada,2040,Vehicle battery,Graphite,29.462542519253955,Vans,,PHEV
Canada Net-zero,Canada,2040,Vehicle battery,Lithium,80.81760596491105,Vans,,PHEV
Canada Net-zero,Canada,2040,Vehicle battery,Nickel,357.34437008179884,Vans,,PHEV
Canada Net-zero,Canada,2040,Vehicle battery,Cobalt,292.6458424564013,Vans,,PHEV
Canada Net-zero,Canada,2040,Vehicle battery,Copper,429.4708321471008,Vans,,PHEV
Canada Net-zero,Canada,2040,Vehicle battery,Lithium,506.39030179809316,Vans,,PHEV
Canada Net-zero,Canada,2040,Vehicle battery,Nickel,763.5037926115763,Vans,,PHEV
Canada Net-zero,Canada,2040,Vehicle battery,Nickel,75.55508414256819,Vans,,PHEV
Global Net-zero,Canada,2025,Vehicle battery,Cobalt,1.2403828927271108,2 and 3 wheelers,,BEV
Global Net-zero,Canada,2025,Vehicle battery,Copper,0.3980788077539312,2 and 3 wheelers,,BEV
Global Net-zero,Canada,2025,Vehicle battery,Lithium,0.10372281142811071,2 and 3 wheelers,,BEV
Global Net-zero,Canada,2025,Vehicle battery,Nickel,0.11299316091140672,2 and 3 wheelers,,BEV
Global Net-zero,Canada,2025,Vehicle battery,Cobalt,21.540840704985687,Buses,,BEV
Global Net-zero,Canada,2025,Vehicle battery,Copper,31.612144922566575,Buses,,BEV
Global Net-zero,Canada,2025,Vehicle battery,Lithium,37.27397161710045,Buses,,BEV
Global Net-zero,Canada,2025,Vehicle battery,Nickel,56.19937545071604,Buses,,BEV
Global Net-zero,Canada,2025,Vehicle battery,Cobalt,3604.406758865839,Cars,,BEV
Global Net-zero,Canada,2025,Vehicle battery,Copper,1156.7701825320114,Cars,,BEV
Global Net-zero,Canada,2025,Vehicle battery,Lithium,301.40628732639226,Cars,,BEV
Global Net-zero,Canada,2025,Vehicle battery,Nickel,328.3448322954995,Cars,,BEV
Global Net-zero,Canada,2025,Vehicle battery,Cobalt,97.72167627842248,Cars,,BEV
Global Net-zero,Canada,2025,Vehicle battery,Copper,86.06920860270266,Cars,,BEV
Global Net-zero,Canada,2025,Vehicle battery,Lithium,69.56963333294253,Cars,,BEV
Global Net-zero,Canada,2025,Vehicle battery,Cobalt,818.4743760068799,Cars,,BEV
Global Net-zero,Canada,2025,Vehicle battery,Copper,2654.109265182895,Cars,,BEV
Global Net-zero,Canada,2025,Vehicle battery,Graphite,357.1052269675758,Cars,,BEV
Global Net-zero,Canada,2025,Vehicle battery,Lithium,979.562083014907,Cars,,BEV
Global Net-zero,Canada,2025,Vehicle battery,Nickel,4331.246778863452,Cars,,BEV
Global Net-zero,Canada,2025,Vehicle battery,Cobalt,2111.3443071950255,Cars,,BEV
Global Net-zero,Canada,2025,Vehicle battery,Copper,3098.4919824896597,Cars,,BEV
Global Net-zero,Canada,2025,Vehicle battery,Lithium,3653.440868818972,Cars,,BEV
Global Net-zero,Canada,2025,Vehicle battery,Nickel,5508.430847748754,Cars,,BEV
Global Net-zero,Canada,2025,Vehicle battery,Nickel,457.8884434982788,Cars,,BEV
Global Net-zero,Canada,2025,Vehicle battery,Cobalt,239.34267449984094,Trucks,,BEV
Global Net-zero,Canada,2025,Vehicle battery,Copper,351.2460546951841,Trucks,,BEV
Global Net-zero,Canada,2025,Vehicle battery,Lithium,414.1552401900049,Trucks,,BEV
Global Net-zero,Canada,2025,Vehicle battery,Nickel,624.4375050079559,Trucks,,BEV
Global Net-zero,Canada,2025,Vehicle battery,Cobalt,240.78020858820383,Vans,,BEV
Global Net-zero,Canada,2025,Vehicle battery,Copper,77.27412150517486,Vans,,BEV
Global Net-zero,Canada,2025,Vehicle battery,Lithium,20.134428100750903,Vans,,BEV
Global Net-zero,Canada,2025,Vehicle battery,Nickel,21.933966529861305,Vans,,BEV
Global Net-zero,Canada,2025,Vehicle battery,Cobalt,6.527966229125388,Vans,,BEV
Global Net-zero,Canada,2025,Vehicle battery,Copper,5.749562517994307,Vans,,BEV
Global Net-zero,Canada,2025,Vehicle battery,Lithium,4.64736417001438,Vans,,BEV
Global Net-zero,Canada,2025,Vehicle battery,Cobalt,54.675413781836106,Vans,,BEV
Global Net-zero,Canada,2025,Vehicle battery,Copper,177.29879706687353,Vans,,BEV
Global Net-zero,Canada,2025,Vehicle battery,Graphite,23.85520746949393,Vans,,BEV
Global Net-zero,Canada,2025,Vehicle battery,Lithium,65.4363334807529,Vans,,BEV
Global Net-zero,Canada,2025,Vehicle battery,Nickel,289.33429899290263,Vans,,BEV
Global Net-zero,Canada,2025,Vehicle battery,Cobalt,141.04121890169196,Vans,,BEV
Global Net-zero,Canada,2025,Vehicle battery,Copper,206.98428223109067,Vans,,BEV
Global Net-zero,Canada,2025,Vehicle battery,Lithium,244.05576654053863,Vans,,BEV
Global Net-zero,Canada,2025,Vehicle battery,Nickel,367.9721011654026,Vans,,BEV
Global Net-zero,Canada,2025,Vehicle battery,Nickel,30.587689545431576,Vans,,BEV
Global Net-zero,Canada,2025,Vehicle battery,Cobalt,0.1555727384248966,Buses,,FCEV
Global Net-zero,Canada,2025,Vehicle battery,Copper,0.2283099355518697,Buses,,FCEV
Global Net-zero,Canada,2025,Vehicle battery,Lithium,0.2692009061235032,Buses,,FCEV
Global Net-zero,Canada,2025,Vehicle battery,Nickel,0.40588437825517143,Buses,,FCEV
Global Net-zero,Canada,2025,Vehicle battery,Cobalt,0.010214917940105617,Cars,,FCEV
Global Net-zero,Canada,2025,Vehicle battery,Copper,0.0032782960638559036,Cars,,FCEV
Global Net-zero,Canada,2025,Vehicle battery,Lithium,0.0008541878588197352,Cars,,FCEV
Global Net-zero,Canada,2025,Vehicle battery,Nickel,0.0009305319133880553,Cars,,FCEV
Global Net-zero,Canada,2025,Vehicle battery,Cobalt,0.00027694402184168314,Cars,,FCEV
Global Net-zero,Canada,2025,Vehicle battery,Copper,0.00024392083409672822,Cars,,FCEV
Global Net-zero,Canada,2025,Vehicle battery,Lithium,0.00019716090418242825,Cars,,FCEV
Global Net-zero,Canada,2025,Vehicle battery,Cobalt,0.0023195630089263806,Cars,,FCEV
Global Net-zero,Canada,2025,Vehicle battery,Copper,0.007521767148291605,Cars,,FCEV
Global Net-zero,Canada,2025,Vehicle battery,Graphite,0.0010120391047664093,Cars,,FCEV
Global Net-zero,Canada,2025,Vehicle battery,Lithium,0.002776086874941032,Cars,,FCEV
Global Net-zero,Canada,2025,Vehicle battery,Nickel,0.012274788442123144,Cars,,FCEV
Global Net-zero,Canada,2025,Vehicle battery,Cobalt,0.0059835668624960234,Cars,,FCEV
Global Net-zero,Canada,2025,Vehicle battery,Copper,0.008781151367379603,Cars,,FCEV
Global Net-zero,Canada,2025,Vehicle battery,Lithium,0.010353881004750124,Cars,,FCEV
Global Net-zero,Canada,2025,Vehicle battery,Nickel,0.015610937625198898,Cars,,FCEV
Global Net-zero,Canada,2025,Vehicle battery,Nickel,0.001297659556472855,Cars,,FCEV
Global Net-zero,Canada,2025,Vehicle battery,Cobalt,0.7180280234995228,Trucks,,FCEV
Global Net-zero,Canada,2025,Vehicle battery,Copper,1.0537381640855523,Trucks,,FCEV
Global Net-zero,Canada,2025,Vehicle battery,Lithium,1.2424657205700147,Trucks,,FCEV
Global Net-zero,Canada,2025,Vehicle battery,Nickel,1.8733125150238679,Trucks,,FCEV
Global Net-zero,Canada,2025,Vehicle battery,Cobalt,271.4249624085207,Cars,,PHEV
Global Net-zero,Canada,2025,Vehicle battery,Copper,87.10900969674258,Cars,,PHEV
Global Net-zero,Canada,2025,Vehicle battery,Lithium,22.696991677210107,Cars,,PHEV
Global Net-zero,Canada,2025,Vehicle battery,Nickel,24.725562270025474,Cars,,PHEV
Global Net-zero,Canada,2025,Vehicle battery,Cobalt,7.358798294650439,Cars,,PHEV
Global Net-zero,Canada,2025,Vehicle battery,Copper,6.481325020284493,Cars,,PHEV
Global Net-zero,Canada,2025,Vehicle battery,Lithium,5.238846882561666,Cars,,PHEV
Global Net-zero,Canada,2025,Vehicle battery,Cobalt,61.63410280861526,Cars,,PHEV
Global Net-zero,Canada,2025,Vehicle battery,Copper,199.86409851174838,Cars,,PHEV
Global Net-zero,Canada,2025,Vehicle battery,Graphite,26.891324783793163,Cars,,PHEV
Global Net-zero,Canada,2025,Vehicle battery,Lithium,73.76459410557601,Cars,,PHEV
Global Net-zero,Canada,2025,Vehicle battery,Nickel,326.1586643192721,Cars,,PHEV
Global Net-zero,Canada,2025,Vehicle battery,Cobalt,158.99191948918005,Cars,,PHEV
Global Net-zero,Canada,2025,Vehicle battery,Copper,233.3277363332295,Cars,,PHEV
Global Net-zero,Canada,2025,Vehicle battery,Lithium,275.117409554789,Cars,,PHEV
Global Net-zero,Canada,2025,Vehicle battery,Nickel,414.80491404099934,Cars,,PHEV
Global Net-zero,Canada,2025,Vehicle battery,Nickel,34.48066821485015,Cars,,PHEV
Global Net-zero,Canada,2025,Vehicle battery,Cobalt,40.71958145724388,Vans,,PHEV
Global Net-zero,Canada,2025,Vehicle battery,Copper,13.068224766547877,Vans,,PHEV
Global Net-zero,Canada,2025,Vehicle battery,Lithium,3.4050368589294133,Vans,,PHEV
Global Net-zero,Canada,2025,Vehicle battery,Nickel,3.709366073025757,Vans,,PHEV
Global Net-zero,Canada,2025,Vehicle battery,Cobalt,1.1039779979243323,Vans,,PHEV
Global Net-zero,Canada,2025,Vehicle battery,Copper,0.9723381363764434,Vans,,PHEV
Global Net-zero,Canada,2025,Vehicle battery,Lithium,0.7859396957580683,Vans,,PHEV
Global Net-zero,Canada,2025,Vehicle battery,Cobalt,9.246440885868818,Vans,,PHEV
Global Net-zero,Canada,2025,Vehicle battery,Copper,29.983912929418423,Vans,,PHEV
Global Net-zero,Canada,2025,Vehicle battery,Graphite,4.034277025628841,Vans,,PHEV
Global Net-zero,Canada,2025,Vehicle battery,Lithium,11.06627545119351,Vans,,PHEV
Global Net-zero,Canada,2025,Vehicle battery,Nickel,48.93081381271488,Vans,,PHEV
Global Net-zero,Canada,2025,Vehicle battery,Cobalt,23.85220710444129,Vans,,PHEV
Global Net-zero,Canada,2025,Vehicle battery,Copper,35.00417825076578,Vans,,PHEV
Global Net-zero,Canada,2025,Vehicle battery,Lithium,41.27352793664964,Vans,,PHEV
Global Net-zero,Canada,2025,Vehicle battery,Nickel,62.22965764193573,Vans,,PHEV
Global Net-zero,Canada,2025,Vehicle battery,Nickel,5.172841751974078,Vans,,PHEV
Global Net-zero,Canada,2026,Vehicle battery,Cobalt,1.9059956850467636,2 and 3 wheelers,,BEV
Global Net-zero,Canada,2026,Vehicle battery,Copper,0.6116953840111354,2 and 3 wheelers,,BEV
Global Net-zero,Canada,2026,Vehicle battery,Lithium,0.15938242310666237,2 and 3 wheelers,,BEV
Global Net-zero,Canada,2026,Vehicle battery,Nickel,0.17362741650155675,2 and 3 wheelers,,BEV
Global Net-zero,Canada,2026,Vehicle battery,Cobalt,33.100061018831745,Buses,,BEV
Global Net-zero,Canada,2026,Vehicle battery,Copper,48.575816524696826,Buses,,BEV
Global Net-zero,Canada,2026,Vehicle battery,Lithium,57.27588592466903,Buses,,BEV
Global Net-zero,Canada,2026,Vehicle battery,Nickel,86.35701744957366,Buses,,BEV
Global Net-zero,Canada,2026,Vehicle battery,Cobalt,6461.699096952655,Cars,,BEV
Global Net-zero,Canada,2026,Vehicle battery,Copper,2073.7672920691234,Cars,,BEV
Global Net-zero,Canada,2026,Vehicle battery,Lithium,540.3376657870965,Cars,,BEV
Global Net-zero,Canada,2026,Vehicle battery,Nickel,588.6309865317482,Cars,,BEV
Global Net-zero,Canada,2026,Vehicle battery,Cobalt,0.0,Cars,,BEV
Global Net-zero,Canada,2026,Vehicle battery,Copper,0.0,Cars,,BEV
Global Net-zero,Canada,2026,Vehicle battery,Lithium,0.0,Cars,,BEV
Global Net-zero,Canada,2026,Vehicle battery,Cobalt,1167.8486132782518,Cars,,BEV
Global Net-zero,Canada,2026,Vehicle battery,Copper,3787.0432058666534,Cars,,BEV
Global Net-zero,Canada,2026,Vehicle battery,Graphite,509.53927982834387,Cars,,BEV
Global Net-zero,Canada,2026,Vehicle battery,Lithium,1397.6982710809982,Cars,,BEV
Global Net-zero,Canada,2026,Vehicle battery,Nickel,6180.084181913422,Cars,,BEV
Global Net-zero,Canada,2026,Vehicle battery,Cobalt,3114.558122533882,Cars,,BEV
Global Net-zero,Canada,2026,Vehicle battery,Copper,4570.753021561949,Cars,,BEV
Global Net-zero,Canada,2026,Vehicle battery,Lithium,5389.388123197428,Cars,,BEV
Global Net-zero,Canada,2026,Vehicle battery,Nickel,8125.784118112265,Cars,,BEV
Global Net-zero,Canada,2026,Vehicle battery,Nickel,904.6285654349527,Cars,,BEV
Global Net-zero,Canada,2026,Vehicle battery,Cobalt,367.77845576479723,Trucks,,BEV
Global Net-zero,Canada,2026,Vehicle battery,Copper,539.7312947188537,Trucks,,BEV
Global Net-zero,Canada,2026,Vehicle battery,Lithium,636.3987324963226,Trucks,,BEV
Global Net-zero,Canada,2026,Vehicle battery,Nickel,959.5224161063743,Trucks,,BEV
Global Net-zero,Canada,2026,Vehicle battery,Cobalt,431.6519639664729,Vans,,BEV
Global Net-zero,Canada,2026,Vehicle battery,Copper,138.53101343781594,Vans,,BEV
Global Net-zero,Canada,2026,Vehicle battery,Lithium,36.09543111533236,Vans,,BEV
Global Net-zero,Canada,2026,Vehicle battery,Nickel,39.32150314888197,Vans,,BEV
Global Net-zero,Canada,2026,Vehicle battery,Cobalt,0.0,Vans,,BEV
Global Net-zero,Canada,2026,Vehicle battery,Copper,0.0,Vans,,BEV
Global Net-zero,Canada,2026,Vehicle battery,Lithium,0.0,Vans,,BEV
Global Net-zero,Canada,2026,Vehicle battery,Cobalt,78.01417861980225,Vans,,BEV
Global Net-zero,Canada,2026,Vehicle battery,Copper,252.98061901538372,Vans,,BEV
Global Net-zero,Canada,2026,Vehicle battery,Graphite,34.038049057359004,Vans,,BEV
Global Net-zero,Canada,2026,Vehicle battery,Lithium,93.36850798719219,Vans,,BEV
Global Net-zero,Canada,2026,Vehicle battery,Nickel,412.8396315853096,Vans,,BEV
Global Net-zero,Canada,2026,Vehicle battery,Cobalt,208.05752640408525,Vans,,BEV
Global Net-zero,Canada,2026,Vehicle battery,Copper,305.33370386952294,Vans,,BEV
Global Net-zero,Canada,2026,Vehicle battery,Lithium,360.0198543836339,Vans,,BEV
Global Net-zero,Canada,2026,Vehicle battery,Nickel,542.815538254463,Vans,,BEV
Global Net-zero,Canada,2026,Vehicle battery,Nickel,60.43065315658592,Vans,,BEV
Global Net-zero,Canada,2026,Vehicle battery,Cobalt,0.23905599624711815,Buses,,FCEV
Global Net-zero,Canada,2026,Vehicle battery,Copper,0.35082534156725487,Buses,,FCEV
Global Net-zero,Canada,2026,Vehicle battery,Lithium,0.4136591761226097,Buses,,FCEV
Global Net-zero,Canada,2026,Vehicle battery,Nickel,0.6236895704691432,Buses,,FCEV
Global Net-zero,Canada,2026,Vehicle battery,Cobalt,0.018312507562214003,Cars,,FCEV
Global Net-zero,Canada,2026,Vehicle battery,Copper,0.005877073297361889,Cars,,FCEV
Global Net-zero,Canada,2026,Vehicle battery,Lithium,0.0015313213200444029,Cars,,FCEV
Global Net-zero,Canada,2026,Vehicle battery,Nickel,0.0016681849820737804,Cars,,FCEV
Global Net-zero,Canada,2026,Vehicle battery,Cobalt,0.0,Cars,,FCEV
Global Net-zero,Canada,2026,Vehicle battery,Copper,0.0,Cars,,FCEV
Global Net-zero,Canada,2026,Vehicle battery,Lithium,0.0,Cars,,FCEV
Global Net-zero,Canada,2026,Vehicle battery,Cobalt,0.003309692426294641,Cars,,FCEV
Global Net-zero,Canada,2026,Vehicle battery,Copper,0.010732511109743551,Cars,,FCEV
Global Net-zero,Canada,2026,Vehicle battery,Graphite,0.0014440384448576548,Cars,,FCEV
Global Net-zero,Canada,2026,Vehicle battery,Lithium,0.0039610882176384565,Cars,,FCEV
Global Net-zero,Canada,2026,Vehicle battery,Nickel,0.0175144086127101,Cars,,FCEV
Global Net-zero,Canada,2026,Vehicle battery,Cobalt,0.00882668293835513,Cars,,FCEV
Global Net-zero,Canada,2026,Vehicle battery,Copper,0.012953551073252485,Cars,,FCEV
Global Net-zero,Canada,2026,Vehicle battery,Lithium,0.015273569579911741,Cars,,FCEV
Global Net-zero,Canada,2026,Vehicle battery,Nickel,0.023028537986552976,Cars,,FCEV
Global Net-zero,Canada,2026,Vehicle battery,Nickel,0.0025637246793703116,Cars,,FCEV
Global Net-zero,Canada,2026,Vehicle battery,Cobalt,1.1033353672943915,Trucks,,FCEV
Global Net-zero,Canada,2026,Vehicle battery,Copper,1.6191938841565612,Trucks,,FCEV
Global Net-zero,Canada,2026,Vehicle battery,Lithium,1.909196197488968,Trucks,,FCEV
Global Net-zero,Canada,2026,Vehicle battery,Nickel,2.878567248319123,Trucks,,FCEV
Global Net-zero,Canada,2026,Vehicle battery,Cobalt,486.58948665311493,Cars,,PHEV
Global Net-zero,Canada,2026,Vehicle battery,Copper,156.1622333299016,Cars,,PHEV
Global Net-zero,Canada,2026,Vehicle battery,Lithium,40.68939507546557,Cars,,PHEV
Global Net-zero,Canada,2026,Vehicle battery,Nickel,44.32605809510331,Cars,,PHEV
Global Net-zero,Canada,2026,Vehicle battery,Cobalt,0.0,Cars,,PHEV
Global Net-zero,Canada,2026,Vehicle battery,Copper,0.0,Cars,,PHEV
Global Net-zero,Canada,2026,Vehicle battery,Lithium,0.0,Cars,,PHEV
Global Net-zero,Canada,2026,Vehicle battery,Cobalt,87.94325589868617,Cars,,PHEV
Global Net-zero,Canada,2026,Vehicle battery,Copper,285.1781523446144,Cars,,PHEV
Global Net-zero,Canada,2026,Vehicle battery,Graphite,38.37016439193197,Cars,,PHEV
Global Net-zero,Canada,2026,Vehicle battery,Lithium,105.25177264010756,Cars,,PHEV
Global Net-zero,Canada,2026,Vehicle battery,Nickel,465.3828574234399,Cars,,PHEV
Global Net-zero,Canada,2026,Vehicle battery,Cobalt,234.53757521915063,Cars,,PHEV
Global Net-zero,Canada,2026,Vehicle battery,Copper,344.19435708928035,Cars,,PHEV
Global Net-zero,Canada,2026,Vehicle battery,Lithium,405.8405631233691,Cars,,PHEV
Global Net-zero,Canada,2026,Vehicle battery,Nickel,611.9011522141219,Cars,,PHEV
Global Net-zero,Canada,2026,Vehicle battery,Nickel,68.12182719469685,Cars,,PHEV
Global Net-zero,Canada,2026,Vehicle battery,Cobalt,72.9988872880028,Vans,,PHEV
Global Net-zero,Canada,2026,Vehicle battery,Copper,23.427693327083738,Vans,,PHEV
Global Net-zero,Canada,2026,Vehicle battery,Lithium,6.104284302074147,Vans,,PHEV
Global Net-zero,Canada,2026,Vehicle battery,Nickel,6.649861962826682,Vans,,PHEV
Global Net-zero,Canada,2026,Vehicle battery,Cobalt,0.0,Vans,,PHEV
Global Net-zero,Canada,2026,Vehicle battery,Copper,0.0,Vans,,PHEV
Global Net-zero,Canada,2026,Vehicle battery,Lithium,0.0,Vans,,PHEV
Global Net-zero,Canada,2026,Vehicle battery,Cobalt,13.193379637617952,Vans,,PHEV
Global Net-zero,Canada,2026,Vehicle battery,Copper,42.78285571518344,Vans,,PHEV
Global Net-zero,Canada,2026,Vehicle battery,Graphite,5.7563498236154285,Vans,,PHEV
Global Net-zero,Canada,2026,Vehicle battery,Lithium,15.790029374997642,Vans,,PHEV
Global Net-zero,Canada,2026,Vehicle battery,Nickel,69.81743684700896,Vans,,PHEV
Global Net-zero,Canada,2026,Vehicle battery,Cobalt,35.18568010169452,Vans,,PHEV
Global Net-zero,Canada,2026,Vehicle battery,Copper,51.63655559257678,Vans,,PHEV
Global Net-zero,Canada,2026,Vehicle battery,Lithium,60.88481222255105,Vans,,PHEV
Global Net-zero,Canada,2026,Vehicle battery,Nickel,91.79833199668207,Vans,,PHEV
Global Net-zero,Canada,2026,Vehicle battery,Nickel,10.219739064735597,Vans,,PHEV
Global Net-zero,Canada,2027,Vehicle battery,Cobalt,2.8683181335702908,2 and 3 wheelers,,BEV
Global Net-zero,Canada,2027,Vehicle battery,Copper,0.9205356423130278,2 and 3 wheelers,,BEV
Global Net-zero,Canada,2027,Vehicle battery,Lithium,0.239853373203201,2 and 3 wheelers,,BEV
Global Net-zero,Canada,2027,Vehicle battery,Nickel,0.26129055335409,2 and 3 wheelers,,BEV
Global Net-zero,Canada,2027,Vehicle battery,Cobalt,49.812025277627434,Buses,,BEV
Global Net-zero,Canada,2027,Vehicle battery,Copper,73.1013697900123,Buses,,BEV
Global Net-zero,Canada,2027,Vehicle battery,Lithium,86.19403679814774,Buses,,BEV
Global Net-zero,Canada,2027,Vehicle battery,Nickel,129.9580062299988,Buses,,BEV
Global Net-zero,Canada,2027,Vehicle battery,Cobalt,11113.326729284105,Cars,,BEV
Global Net-zero,Canada,2027,Vehicle battery,Copper,3566.6243710010644,Cars,,BEV
Global Net-zero,Canada,2027,Vehicle battery,Lithium,929.314245979461,Cars,,BEV
Global Net-zero,Canada,2027,Vehicle battery,Nickel,1012.3728106425134,Cars,,BEV
Global Net-zero,Canada,2027,Vehicle battery,Cobalt,0.0,Cars,,BEV
Global Net-zero,Canada,2027,Vehicle battery,Copper,0.0,Cars,,BEV
Global Net-zero,Canada,2027,Vehicle battery,Lithium,0.0,Cars,,BEV
Global Net-zero,Canada,2027,Vehicle battery,Cobalt,1689.8906985038338,Cars,,BEV
Global Net-zero,Canada,2027,Vehicle battery,Copper,5479.8961232327165,Cars,,BEV
Global Net-zero,Canada,2027,Vehicle battery,Graphite,737.3093393390901,Cars,,BEV
Global Net-zero,Canada,2027,Vehicle battery,Lithium,2022.4858605469854,Cars,,BEV
Global Net-zero,Canada,2027,Vehicle battery,Nickel,8942.654601155788,Cars,,BEV
Global Net-zero,Canada,2027,Vehicle battery,Cobalt,4491.779612733357,Cars,,BEV
Global Net-zero,Canada,2027,Vehicle battery,Copper,6591.887012334285,Cars,,BEV
Global Net-zero,Canada,2027,Vehicle battery,Lithium,7772.513064290118,Cars,,BEV
Global Net-zero,Canada,2027,Vehicle battery,Nickel,11718.911641152752,Cars,,BEV
Global Net-zero,Canada,2027,Vehicle battery,Nickel,1361.3685165919412,Cars,,BEV
Global Net-zero,Canada,2027,Vehicle battery,Cobalt,553.4669475291937,Trucks,,BEV
Global Net-zero,Canada,2027,Vehicle battery,Copper,812.2374421112479,Trucks,,BEV
Global Net-zero,Canada,2027,Vehicle battery,Lithium,957.7115199794194,Trucks,,BEV
Global Net-zero,Canada,2027,Vehicle battery,Nickel,1443.977846999987,Trucks,,BEV
Global Net-zero,Canada,2027,Vehicle battery,Cobalt,742.3882228064281,Vans,,BEV
Global Net-zero,Canada,2027,Vehicle battery,Copper,238.25628389278364,Vans,,BEV
Global Net-zero,Canada,2027,Vehicle battery,Lithium,62.07969659376966,Vans,,BEV
Global Net-zero,Canada,2027,Vehicle battery,Nickel,67.62814322105858,Vans,,BEV
Global Net-zero,Canada,2027,Vehicle battery,Cobalt,0.0,Vans,,BEV
Global Net-zero,Canada,2027,Vehicle battery,Copper,0.0,Vans,,BEV
Global Net-zero,Canada,2027,Vehicle battery,Lithium,0.0,Vans,,BEV
Global Net-zero,Canada,2027,Vehicle battery,Cobalt,112.88743532515488,Vans,,BEV
Global Net-zero,Canada,2027,Vehicle battery,Copper,366.06593535765114,Vans,,BEV
Global Net-zero,Canada,2027,Vehicle battery,Graphite,49.25345789107283,Vans,,BEV
Global Net-zero,Canada,2027,Vehicle battery,Lithium,135.10533076528444,Vans,,BEV
Global Net-zero,Canada,2027,Vehicle battery,Nickel,597.3838093889494,Vans,,BEV
Global Net-zero,Canada,2027,Vehicle battery,Cobalt,300.05815226761285,Vans,,BEV
Global Net-zero,Canada,2027,Vehicle battery,Copper,440.3487275445979,Vans,,BEV
Global Net-zero,Canada,2027,Vehicle battery,Lithium,519.2164597602709,Vans,,BEV
Global Net-zero,Canada,2027,Vehicle battery,Nickel,782.8422756235642,Vans,,BEV
Global Net-zero,Canada,2027,Vehicle battery,Nickel,90.94162155371266,Vans,,BEV
Global Net-zero,Canada,2027,Vehicle battery,Cobalt,0.3597535158939759,Buses,,FCEV
Global Net-zero,Canada,2027,Vehicle battery,Copper,0.5279543373723111,Buses,,FCEV
Global Net-zero,Canada,2027,Vehicle battery,Lithium,0.6225124879866226,Buses,,FCEV
Global Net-zero,Canada,2027,Vehicle battery,Nickel,0.9385856005499915,Buses,,FCEV
Global Net-zero,Canada,2027,Vehicle battery,Cobalt,0.0314952579372424,Cars,,FCEV
Global Net-zero,Canada,2027,Vehicle battery,Copper,0.010107842346966578,Cars,,FCEV
Global Net-zero,Canada,2027,Vehicle battery,Lithium,0.0026336840979175008,Cars,,FCEV
Global Net-zero,Canada,2027,Vehicle battery,Nickel,0.002869072742711576,Cars,,FCEV
Global Net-zero,Canada,2027,Vehicle battery,Cobalt,0.0,Cars,,FCEV
Global Net-zero,Canada,2027,Vehicle battery,Copper,0.0,Cars,,FCEV
Global Net-zero,Canada,2027,Vehicle battery,Lithium,0.0,Cars,,FCEV
Global Net-zero,Canada,2027,Vehicle battery,Cobalt,0.004789163922885359,Cars,,FCEV
Global Net-zero,Canada,2027,Vehicle battery,Copper,0.015530069984870047,Cars,,FCEV
Global Net-zero,Canada,2027,Vehicle battery,Graphite,0.00208954063780309,Cars,,FCEV
Global Net-zero,Canada,2027,Vehicle battery,Lithium,0.005731741305193886,Cars,,FCEV
Global Net-zero,Canada,2027,Vehicle battery,Nickel,0.025343555549834217,Cars,,FCEV
Global Net-zero,Canada,2027,Vehicle battery,Cobalt,0.012729739793171454,Cars,,FCEV
Global Net-zero,Canada,2027,Vehicle battery,Copper,0.0186814611685587,Cars,,FCEV
Global Net-zero,Canada,2027,Vehicle battery,Lithium,0.022027364959526646,Cars,,FCEV
Global Net-zero,Canada,2027,Vehicle battery,Nickel,0.033211490480999695,Cars,,FCEV
Global Net-zero,Canada,2027,Vehicle battery,Nickel,0.0038581293992484165,Cars,,FCEV
Global Net-zero,Canada,2027,Vehicle battery,Cobalt,1.6604008425875811,Trucks,,FCEV
Global Net-zero,Canada,2027,Vehicle battery,Copper,2.4367123263337436,Trucks,,FCEV
Global Net-zero,Canada,2027,Vehicle battery,Lithium,2.873134559938258,Trucks,,FCEV
Global Net-zero,Canada,2027,Vehicle battery,Nickel,4.3319335409999615,Trucks,,FCEV
Global Net-zero,Canada,2027,Vehicle battery,Cobalt,836.8739966181553,Cars,,PHEV
Global Net-zero,Canada,2027,Vehicle battery,Copper,268.57981093368335,Cars,,PHEV
Global Net-zero,Canada,2027,Vehicle battery,Lithium,69.98074888752217,Cars,,PHEV
Global Net-zero,Canada,2027,Vehicle battery,Nickel,76.23536144919332,Cars,,PHEV
Global Net-zero,Canada,2027,Vehicle battery,Cobalt,0.0,Cars,,PHEV
Global Net-zero,Canada,2027,Vehicle battery,Copper,0.0,Cars,,PHEV
Global Net-zero,Canada,2027,Vehicle battery,Lithium,0.0,Cars,,PHEV
Global Net-zero,Canada,2027,Vehicle battery,Cobalt,127.25492709381096,Cars,,PHEV
Global Net-zero,Canada,2027,Vehicle battery,Copper,412.6561453122613,Cars,,PHEV
Global Net-zero,Canada,2027,Vehicle battery,Graphite,55.5220798044821,Cars,,PHEV
Global Net-zero,Canada,2027,Vehicle battery,Lithium,152.3005546808661,Cars,,PHEV
Global Net-zero,Canada,2027,Vehicle battery,Nickel,673.414476038452,Cars,,PHEV
Global Net-zero,Canada,2027,Vehicle battery,Cobalt,338.24737164712724,Cars,,PHEV
Global Net-zero,Canada,2027,Vehicle battery,Copper,496.39311105027394,Cars,,PHEV
Global Net-zero,Canada,2027,Vehicle battery,Lithium,585.2985546388508,Cars,,PHEV
Global Net-zero,Canada,2027,Vehicle battery,Nickel,882.4767470665633,Cars,,PHEV
Global Net-zero,Canada,2027,Vehicle battery,Nickel,102.51600975145791,Cars,,PHEV
Global Net-zero,Canada,2027,Vehicle battery,Cobalt,125.54909678297315,Vans,,PHEV
Global Net-zero,Canada,2027,Vehicle battery,Copper,40.292747549965064,Vans,,PHEV
Global Net-zero,Canada,2027,Vehicle battery,Lithium,10.498617295469995,Vans,,PHEV
Global Net-zero,Canada,2027,Vehicle battery,Nickel,11.436943687517692,Vans,,PHEV
Global Net-zero,Canada,2027,Vehicle battery,Cobalt,0.0,Vans,,PHEV
Global Net-zero,Canada,2027,Vehicle battery,Copper,0.0,Vans,,PHEV
Global Net-zero,Canada,2027,Vehicle battery,Lithium,0.0,Vans,,PHEV
Global Net-zero,Canada,2027,Vehicle battery,Cobalt,19.090975729170438,Vans,,PHEV
Global Net-zero,Canada,2027,Vehicle battery,Copper,61.907296122544835,Vans,,PHEV
Global Net-zero,Canada,2027,Vehicle battery,Graphite,8.329505993893916,Vans,,PHEV
Global Net-zero,Canada,2027,Vehicle battery,Lithium,22.848358482875742,Vans,,PHEV
Global Net-zero,Canada,2027,Vehicle battery,Nickel,101.02665343751057,Vans,,PHEV
Global Net-zero,Canada,2027,Vehicle battery,Cobalt,50.74437988409376,Vans,,PHEV
Global Net-zero,Canada,2027,Vehicle battery,Copper,74.46964177820885,Vans,,PHEV
Global Net-zero,Canada,2027,Vehicle battery,Lithium,87.8073702615188,Vans,,PHEV
Global Net-zero,Canada,2027,Vehicle battery,Nickel,132.3904900545451,Vans,,PHEV
Global Net-zero,Canada,2027,Vehicle battery,Nickel,15.379606108089689,Vans,,PHEV
Global Net-zero,Canada,2028,Vehicle battery,Cobalt,4.021195318539905,2 and 3 wheelers,,BEV
Global Net-zero,Canada,2028,Vehicle battery,Copper,1.2905310509649435,2 and 3 wheelers,,BEV
Global Net-zero,Canada,2028,Vehicle battery,Lithium,0.3362588166815983,2 and 3 wheelers,,BEV
Global Net-zero,Canada,2028,Vehicle battery,Nickel,0.3663123478630059,2 and 3 wheelers,,BEV
Global Net-zero,Canada,2028,Vehicle battery,Cobalt,69.83321707207631,Buses,,BEV
Global Net-zero,Canada,2028,Vehicle battery,Copper,102.48336212711403,Buses,,BEV
Global Net-zero,Canada,2028,Vehicle battery,Lithium,120.83842904390099,Buses,,BEV
Global Net-zero,Canada,2028,Vehicle battery,Nickel,182.19266550059086,Buses,,BEV
Global Net-zero,Canada,2028,Vehicle battery,Cobalt,17527.680770812174,Cars,,BEV
Global Net-zero,Canada,2028,Vehicle battery,Copper,5625.197110382488,Cars,,BEV
Global Net-zero,Canada,2028,Vehicle battery,Lithium,1465.692842123908,Cars,,BEV
Global Net-zero,Canada,2028,Vehicle battery,Nickel,1596.6908809793374,Cars,,BEV
Global Net-zero,Canada,2028,Vehicle battery,Cobalt,0.0,Cars,,BEV
Global Net-zero,Canada,2028,Vehicle battery,Copper,0.0,Cars,,BEV
Global Net-zero,Canada,2028,Vehicle battery,Lithium,0.0,Cars,,BEV
Global Net-zero,Canada,2028,Vehicle battery,Cobalt,2274.352090408096,Cars,,BEV
Global Net-zero,Canada,2028,Vehicle battery,Copper,7375.15936038231,Cars,,BEV
Global Net-zero,Canada,2028,Vehicle battery,Graphite,992.3133127414319,Cars,,BEV
Global Net-zero,Canada,2028,Vehicle battery,Lithium,2721.9777875742993,Cars,,BEV
Global Net-zero,Canada,2028,Vehicle battery,Nickel,12035.538868841286,Cars,,BEV
Global Net-zero,Canada,2028,Vehicle battery,Cobalt,6023.392088407345,Cars,,BEV
Global Net-zero,Canada,2028,Vehicle battery,Copper,8839.596663472028,Cars,,BEV
Global Net-zero,Canada,2028,Vehicle battery,Lithium,10422.794022612032,Cars,,BEV
Global Net-zero,Canada,2028,Vehicle battery,Nickel,15714.840386193824,Cars,,BEV
Global Net-zero,Canada,2028,Vehicle battery,Nickel,1696.4889297650466,Cars,,BEV
Global Net-zero,Canada,2028,Vehicle battery,Cobalt,775.9246341341812,Trucks,,BEV
Global Net-zero,Canada,2028,Vehicle battery,Copper,1138.7040236346004,Trucks,,BEV
Global Net-zero,Canada,2028,Vehicle battery,Lithium,1342.6492115989,Trucks,,BEV
Global Net-zero,Canada,2028,Vehicle battery,Nickel,2024.3629500065656,Trucks,,BEV
Global Net-zero,Canada,2028,Vehicle battery,Cobalt,1170.877460398384,Vans,,BEV
Global Net-zero,Canada,2028,Vehicle battery,Copper,375.77227660449813,Vans,,BEV
Global Net-zero,Canada,2028,Vehicle battery,Lithium,97.9106554455242,Vans,,BEV
Global Net-zero,Canada,2028,Vehicle battery,Nickel,106.66153658363993,Vans,,BEV
Global Net-zero,Canada,2028,Vehicle battery,Cobalt,0.0,Vans,,BEV
Global Net-zero,Canada,2028,Vehicle battery,Copper,0.0,Vans,,BEV
Global Net-zero,Canada,2028,Vehicle battery,Lithium,0.0,Vans,,BEV
Global Net-zero,Canada,2028,Vehicle battery,Cobalt,151.93040280054078,Vans,,BEV
Global Net-zero,Canada,2028,Vehicle battery,Copper,492.67258885144975,Vans,,BEV
Global Net-zero,Canada,2028,Vehicle battery,Graphite,66.28813627624949,Vans,,BEV
Global Net-zero,Canada,2028,Vehicle battery,Lithium,181.8325242711576,Vans,,BEV
Global Net-zero,Canada,2028,Vehicle battery,Nickel,803.9934871898024,Vans,,BEV
Global Net-zero,Canada,2028,Vehicle battery,Cobalt,402.3723459867254,Vans,,BEV
Global Net-zero,Canada,2028,Vehicle battery,Copper,590.4993722562284,Vans,,BEV
Global Net-zero,Canada,2028,Vehicle battery,Lithium,696.2595197291438,Vans,,BEV
Global Net-zero,Canada,2028,Vehicle battery,Nickel,1049.776786931976,Vans,,BEV
Global Net-zero,Canada,2028,Vehicle battery,Nickel,113.32820785879863,Vans,,BEV
Global Net-zero,Canada,2028,Vehicle battery,Cobalt,0.5043510121872178,Buses,,FCEV
Global Net-zero,Canada,2028,Vehicle battery,Copper,0.7401576153624903,Buses,,FCEV
Global Net-zero,Canada,2028,Vehicle battery,Lithium,0.8727219875392849,Buses,,FCEV
Global Net-zero,Canada,2028,Vehicle battery,Nickel,1.3158359175042675,Buses,,FCEV
Global Net-zero,Canada,2028,Vehicle battery,Cobalt,0.04967358922902235,Cars,,FCEV
Global Net-zero,Canada,2028,Vehicle battery,Copper,0.01594185415897871,Cars,,FCEV
Global Net-zero,Canada,2028,Vehicle battery,Lithium,0.004153785382537391,Cars,,FCEV
Global Net-zero,Canada,2028,Vehicle battery,Nickel,0.004525034885366543,Cars,,FCEV
Global Net-zero,Canada,2028,Vehicle battery,Cobalt,0.0,Cars,,FCEV
Global Net-zero,Canada,2028,Vehicle battery,Copper,0.0,Cars,,FCEV
Global Net-zero,Canada,2028,Vehicle battery,Lithium,0.0,Cars,,FCEV
Global Net-zero,Canada,2028,Vehicle battery,Cobalt,0.006445532240022942,Cars,,FCEV
Global Net-zero,Canada,2028,Vehicle battery,Copper,0.020901261345213022,Cars,,FCEV
Global Net-zero,Canada,2028,Vehicle battery,Graphite,0.002812223963234827,Cars,,FCEV
Global Net-zero,Canada,2028,Vehicle battery,Lithium,0.007714107090291534,Cars,,FCEV
Global Net-zero,Canada,2028,Vehicle battery,Nickel,0.03410881460805222,Cars,,FCEV
Global Net-zero,Canada,2028,Vehicle battery,Cobalt,0.017070341950951987,Cars,,FCEV
Global Net-zero,Canada,2028,Vehicle battery,Copper,0.02505148851996121,Cars,,FCEV
Global Net-zero,Canada,2028,Vehicle battery,Lithium,0.029538282655175795,Cars,,FCEV
Global Net-zero,Canada,2028,Vehicle battery,Nickel,0.04453598490014444,Cars,,FCEV
Global Net-zero,Canada,2028,Vehicle battery,Nickel,0.004807863363706609,Cars,,FCEV
Global Net-zero,Canada,2028,Vehicle battery,Cobalt,2.327773902402544,Trucks,,FCEV
Global Net-zero,Canada,2028,Vehicle battery,Copper,3.4161120709038015,Trucks,,FCEV
Global Net-zero,Canada,2028,Vehicle battery,Lithium,4.0279476347967,Trucks,,FCEV
Global Net-zero,Canada,2028,Vehicle battery,Nickel,6.073088850019696,Trucks,,FCEV
Global Net-zero,Canada,2028,Vehicle battery,Cobalt,1319.8982280854514,Cars,,PHEV
Global Net-zero,Canada,2028,Vehicle battery,Copper,423.59783908143436,Cars,,PHEV
Global Net-zero,Canada,2028,Vehicle battery,Lithium,110.37201159313639,Cars,,PHEV
Global Net-zero,Canada,2028,Vehicle battery,Nickel,120.23664123973958,Cars,,PHEV
Global Net-zero,Canada,2028,Vehicle battery,Cobalt,0.0,Cars,,PHEV
Global Net-zero,Canada,2028,Vehicle battery,Copper,0.0,Cars,,PHEV
Global Net-zero,Canada,2028,Vehicle battery,Lithium,0.0,Cars,,PHEV
Global Net-zero,Canada,2028,Vehicle battery,Cobalt,171.26699952060963,Cars,,PHEV
Global Net-zero,Canada,2028,Vehicle battery,Copper,555.3763728870889,Cars,,PHEV
Global Net-zero,Canada,2028,Vehicle battery,Graphite,74.72480816595397,Cars,,PHEV
Global Net-zero,Canada,2028,Vehicle battery,Lithium,204.97484554203226,Cars,,PHEV
Global Net-zero,Canada,2028,Vehicle battery,Nickel,906.3199310139591,Cars,,PHEV
Global Net-zero,Canada,2028,Vehicle battery,Cobalt,453.58337183958145,Cars,,PHEV
Global Net-zero,Canada,2028,Vehicle battery,Copper,665.6538378161122,Cars,,PHEV
Global Net-zero,Canada,2028,Vehicle battery,Lithium,784.8743676946712,Cars,,PHEV
Global Net-zero,Canada,2028,Vehicle battery,Nickel,1183.3847416324093,Cars,,PHEV
Global Net-zero,Canada,2028,Vehicle battery,Nickel,127.75179794991848,Cars,,PHEV
Global Net-zero,Canada,2028,Vehicle battery,Cobalt,198.01311912094857,Vans,,PHEV
Global Net-zero,Canada,2028,Vehicle battery,Copper,63.548785493163145,Vans,,PHEV
Global Net-zero,Canada,2028,Vehicle battery,Lithium,16.558175330617622,Vans,,PHEV
Global Net-zero,Canada,2028,Vehicle battery,Nickel,18.03808192018115,Vans,,PHEV
Global Net-zero,Canada,2028,Vehicle battery,Cobalt,0.0,Vans,,PHEV
Global Net-zero,Canada,2028,Vehicle battery,Copper,0.0,Vans,,PHEV
Global Net-zero,Canada,2028,Vehicle battery,Lithium,0.0,Vans,,PHEV
Global Net-zero,Canada,2028,Vehicle battery,Cobalt,25.693733089371463,Vans,,PHEV
Global Net-zero,Canada,2028,Vehicle battery,Copper,83.3183995109749,Vans,,PHEV
Global Net-zero,Canada,2028,Vehicle battery,Graphite,11.210328210014946,Vans,,PHEV
Global Net-zero,Canada,2028,Vehicle battery,Lithium,30.750634892499296,Vans,,PHEV
Global Net-zero,Canada,2028,Vehicle battery,Nickel,135.9674804032985,Vans,,PHEV
Global Net-zero,Canada,2028,Vehicle battery,Cobalt,68.04726025705203,Vans,,PHEV
Global Net-zero,Canada,2028,Vehicle battery,Copper,99.86239080871394,Vans,,PHEV
Global Net-zero,Canada,2028,Vehicle battery,Lithium,117.74803417286077,Vans,,PHEV
Global Net-zero,Canada,2028,Vehicle battery,Nickel,177.53316037909008,Vans,,PHEV
Global Net-zero,Canada,2028,Vehicle battery,Nickel,19.16551704298132,Vans,,PHEV
Global Net-zero,Canada,2029,Vehicle battery,Cobalt,5.353063341956915,2 and 3 wheelers,,BEV
Global Net-zero,Canada,2029,Vehicle battery,Copper,1.717970382768169,2 and 3 wheelers,,BEV
Global Net-zero,Canada,2029,Vehicle battery,Lithium,0.4476317618020254,2 and 3 wheelers,,BEV
Global Net-zero,Canada,2029,Vehicle battery,Nickel,0.4876393822530427,2 and 3 wheelers,,BEV
Global Net-zero,Canada,2029,Vehicle battery,Cobalt,92.96281447357948,Buses,,BEV
Global Net-zero,Canada,2029,Vehicle battery,Copper,136.427078394776,Buses,,BEV
Global Net-zero,Canada,2029,Vehicle battery,Lithium,160.86156318550607,Buses,,BEV
Global Net-zero,Canada,2029,Vehicle battery,Nickel,242.53705717004533,Buses,,BEV
Global Net-zero,Canada,2029,Vehicle battery,Cobalt,24629.33947431745,Cars,,BEV
Global Net-zero,Canada,2029,Vehicle battery,Copper,7904.3480454225655,Cars,,BEV
Global Net-zero,Canada,2029,Vehicle battery,Lithium,2059.54495895775,Cars,,BEV
Global Net-zero,Canada,2029,Vehicle battery,Nickel,2243.6192361897342,Cars,,BEV
Global Net-zero,Canada,2029,Vehicle battery,Cobalt,0.0,Cars,,BEV
Global Net-zero,Canada,2029,Vehicle battery,Copper,0.0,Cars,,BEV
Global Net-zero,Canada,2029,Vehicle battery,Lithium,0.0,Cars,,BEV
Global Net-zero,Canada,2029,Vehicle battery,Cobalt,2901.4928632444544,Cars,,BEV
Global Net-zero,Canada,2029,Vehicle battery,Copper,9408.821237348571,Cars,,BEV
Global Net-zero,Canada,2029,Vehicle battery,Graphite,1265.9385532980968,Cars,,BEV
Global Net-zero,Canada,2029,Vehicle battery,Lithium,3472.549020824488,Cars,,BEV
Global Net-zero,Canada,2029,Vehicle battery,Nickel,15354.276182883457,Cars,,BEV
Global Net-zero,Canada,2029,Vehicle battery,Cobalt,7653.938391658043,Cars,,BEV
Global Net-zero,Canada,2029,Vehicle battery,Copper,11232.49612116989,Cars,,BEV
Global Net-zero,Canada,2029,Vehicle battery,Lithium,13244.268702273333,Cars,,BEV
Global Net-zero,Canada,2029,Vehicle battery,Nickel,19968.88437366706,Cars,,BEV
Global Net-zero,Canada,2029,Vehicle battery,Nickel,2540.6846666592046,Cars,,BEV
Global Net-zero,Canada,2029,Vehicle battery,Cobalt,1032.92016081755,Trucks,,BEV
Global Net-zero,Canada,2029,Vehicle battery,Copper,1515.8564266086223,Trucks,,BEV
Global Net-zero,Canada,2029,Vehicle battery,Lithium,1787.350702061179,Trucks,,BEV
Global Net-zero,Canada,2029,Vehicle battery,Nickel,2694.8561907782814,Trucks,,BEV
Global Net-zero,Canada,2029,Vehicle battery,Cobalt,1645.2797624544048,Vans,,BEV
Global Net-zero,Canada,2029,Vehicle battery,Copper,528.0232499978637,Vans,,BEV
Global Net-zero,Canada,2029,Vehicle battery,Lithium,137.5809385538578,Vans,,BEV
Global Net-zero,Canada,2029,Vehicle battery,Nickel,149.87739836894988,Vans,,BEV
Global Net-zero,Canada,2029,Vehicle battery,Cobalt,0.0,Vans,,BEV
Global Net-zero,Canada,2029,Vehicle battery,Copper,0.0,Vans,,BEV
Global Net-zero,Canada,2029,Vehicle battery,Lithium,0.0,Vans,,BEV
Global Net-zero,Canada,2029,Vehicle battery,Cobalt,193.8244220385972,Vans,,BEV
Global Net-zero,Canada,2029,Vehicle battery,Copper,628.524495612354,Vans,,BEV
Global Net-zero,Canada,2029,Vehicle battery,Graphite,84.5667454632332,Vans,,BEV
Global Net-zero,Canada,2029,Vehicle battery,Lithium,231.97189815224314,Vans,,BEV
Global Net-zero,Canada,2029,Vehicle battery,Nickel,1025.6905142412027,Vans,,BEV
Global Net-zero,Canada,2029,Vehicle battery,Cobalt,511.2954796046871,Vans,,BEV
Global Net-zero,Canada,2029,Vehicle battery,Copper,750.348931171268,Vans,,BEV
Global Net-zero,Canada,2029,Vehicle battery,Lithium,884.7385975202833,Vans,,BEV
Global Net-zero,Canada,2029,Vehicle battery,Nickel,1333.9538144352491,Vans,,BEV
Global Net-zero,Canada,2029,Vehicle battery,Nickel,169.72185020193066,Vans,,BEV
Global Net-zero,Canada,2029,Vehicle battery,Cobalt,0.6713981045314072,Buses,,FCEV
Global Net-zero,Canada,2029,Vehicle battery,Copper,0.9853066772956044,Buses,,FCEV
Global Net-zero,Canada,2029,Vehicle battery,Lithium,1.161777956339766,Buses,,FCEV
Global Net-zero,Canada,2029,Vehicle battery,Nickel,1.7516565240058823,Buses,,FCEV
Global Net-zero,Canada,2029,Vehicle battery,Cobalt,0.06979974749806565,Cars,,FCEV
Global Net-zero,Canada,2029,Vehicle battery,Copper,0.022400986363545733,Cars,,FCEV
Global Net-zero,Canada,2029,Vehicle battery,Lithium,0.0058367670901636635,Cars,,FCEV
Global Net-zero,Canada,2029,Vehicle battery,Nickel,0.0063584350823190855,Cars,,FCEV
Global Net-zero,Canada,2029,Vehicle battery,Cobalt,0.0,Cars,,FCEV
Global Net-zero,Canada,2029,Vehicle battery,Copper,0.0,Cars,,FCEV
Global Net-zero,Canada,2029,Vehicle battery,Lithium,0.0,Cars,,FCEV
Global Net-zero,Canada,2029,Vehicle battery,Cobalt,0.008222854268304122,Cars,,FCEV
Global Net-zero,Canada,2029,Vehicle battery,Copper,0.026664675571433195,Cars,,FCEV
Global Net-zero,Canada,2029,Vehicle battery,Graphite,0.0035876801105614083,Cars,,FCEV
Global Net-zero,Canada,2029,Vehicle battery,Lithium,0.009841232042822433,Cars,,FCEV
Global Net-zero,Canada,2029,Vehicle battery,Nickel,0.04351414302841466,Cars,,FCEV
Global Net-zero,Canada,2029,Vehicle battery,Cobalt,0.021691323377168545,Cars,,FCEV
Global Net-zero,Canada,2029,Vehicle battery,Copper,0.03183298495878106,Cars,,FCEV
Global Net-zero,Canada,2029,Vehicle battery,Lithium,0.03753436474328475,Cars,,FCEV
Global Net-zero,Canada,2029,Vehicle battery,Nickel,0.0565919800063439,Cars,,FCEV
Global Net-zero,Canada,2029,Vehicle battery,Nickel,0.007200320917657665,Cars,,FCEV
Global Net-zero,Canada,2029,Vehicle battery,Cobalt,3.09876048245265,Trucks,,FCEV
Global Net-zero,Canada,2029,Vehicle battery,Copper,4.547569279825868,Trucks,,FCEV
Global Net-zero,Canada,2029,Vehicle battery,Lithium,5.362052106183536,Trucks,,FCEV
Global Net-zero,Canada,2029,Vehicle battery,Nickel,8.084568572334843,Trucks,,FCEV
Global Net-zero,Canada,2029,Vehicle battery,Cobalt,1854.6790049486015,Cars,,PHEV
Global Net-zero,Canada,2029,Vehicle battery,Copper,595.2262090885008,Cars,,PHEV
Global Net-zero,Canada,2029,Vehicle battery,Lithium,155.09123982434878,Cars,,PHEV
Global Net-zero,Canada,2029,Vehicle battery,Nickel,168.9527036159071,Cars,,PHEV
Global Net-zero,Canada,2029,Vehicle battery,Cobalt,0.0,Cars,,PHEV
Global Net-zero,Canada,2029,Vehicle battery,Copper,0.0,Cars,,PHEV
Global Net-zero,Canada,2029,Vehicle battery,Lithium,0.0,Cars,,PHEV
Global Net-zero,Canada,2029,Vehicle battery,Cobalt,218.49298484350953,Cars,,PHEV
Global Net-zero,Canada,2029,Vehicle battery,Copper,708.5185223266535,Cars,,PHEV
Global Net-zero,Canada,2029,Vehicle battery,Graphite,95.32978579491741,Cars,,PHEV
Global Net-zero,Canada,2029,Vehicle battery,Lithium,261.4955942807104,Cars,,PHEV
Global Net-zero,Canada,2029,Vehicle battery,Nickel,1156.2329433264465,Cars,,PHEV
Global Net-zero,Canada,2029,Vehicle battery,Cobalt,576.3694497361927,Cars,,PHEV
Global Net-zero,Canada,2029,Vehicle battery,Copper,845.847886047611,Cars,,PHEV
Global Net-zero,Canada,2029,Vehicle battery,Lithium,997.3416917501376,Cars,,PHEV
Global Net-zero,Canada,2029,Vehicle battery,Nickel,1503.7297544542805,Cars,,PHEV
Global Net-zero,Canada,2029,Vehicle battery,Nickel,191.32281295490367,Cars,,PHEV
Global Net-zero,Canada,2029,Vehicle battery,Cobalt,278.24173631228916,Vans,,PHEV
Global Net-zero,Canada,2029,Vehicle battery,Copper,89.29673192691145,Vans,,PHEV
Global Net-zero,Canada,2029,Vehicle battery,Lithium,23.267021269132414,Vans,,PHEV
Global Net-zero,Canada,2029,Vehicle battery,Nickel,25.346538933861684,Vans,,PHEV
Global Net-zero,Canada,2029,Vehicle battery,Cobalt,0.0,Vans,,PHEV
Global Net-zero,Canada,2029,Vehicle battery,Copper,0.0,Vans,,PHEV
Global Net-zero,Canada,2029,Vehicle battery,Lithium,0.0,Vans,,PHEV
Global Net-zero,Canada,2029,Vehicle battery,Cobalt,32.77864650039403,Vans,,PHEV
Global Net-zero,Canada,2029,Vehicle battery,Copper,106.29301530646742,Vans,,PHEV
Global Net-zero,Canada,2029,Vehicle battery,Graphite,14.301517972157935,Vans,,PHEV
Global Net-zero,Canada,2029,Vehicle battery,Lithium,39.22996270327389,Vans,,PHEV
Global Net-zero,Canada,2029,Vehicle battery,Nickel,173.45980672355466,Vans,,PHEV
Global Net-zero,Canada,2029,Vehicle battery,Cobalt,86.46781250235874,Vans,,PHEV
Global Net-zero,Canada,2029,Vehicle battery,Copper,126.89537318426098,Vans,,PHEV
Global Net-zero,Canada,2029,Vehicle battery,Lithium,149.6227019709454,Vans,,PHEV
Global Net-zero,Canada,2029,Vehicle battery,Nickel,225.59180144243146,Vans,,PHEV
Global Net-zero,Canada,2029,Vehicle battery,Nickel,28.702536412331355,Vans,,PHEV
Global Net-zero,Canada,2030,Vehicle battery,Cobalt,6.752683236182417,2 and 3 wheelers,,BEV
Global Net-zero,Canada,2030,Vehicle battery,Copper,2.1671534713683336,2 and 3 wheelers,,BEV
Global Net-zero,Canada,2030,Vehicle battery,Lithium,0.5646702272718345,2 and 3 wheelers,,BEV
Global Net-zero,Canada,2030,Vehicle battery,Nickel,0.6151382996037362,2 and 3 wheelers,,BEV
Global Net-zero,Canada,2030,Vehicle battery,Cobalt,117.2690100570696,Buses,,BEV
Global Net-zero,Canada,2030,Vehicle battery,Copper,172.097504996264,Buses,,BEV
Global Net-zero,Canada,2030,Vehicle battery,Lithium,202.92066648173952,Buses,,BEV
Global Net-zero,Canada,2030,Vehicle battery,Nickel,305.9511564655725,Buses,,BEV
Global Net-zero,Canada,2030,Vehicle battery,Cobalt,32704.17175170699,Cars,,BEV
Global Net-zero,Canada,2030,Vehicle battery,Copper,10495.821714274087,Cars,,BEV
Global Net-zero,Canada,2030,Vehicle battery,Lithium,2734.7754144341784,Cars,,BEV
Global Net-zero,Canada,2030,Vehicle battery,Nickel,2979.1992157278987,Cars,,BEV
Global Net-zero,Canada,2030,Vehicle battery,Cobalt,0.0,Cars,,BEV
Global Net-zero,Canada,2030,Vehicle battery,Copper,0.0,Cars,,BEV
Global Net-zero,Canada,2030,Vehicle battery,Lithium,0.0,Cars,,BEV
Global Net-zero,Canada,2030,Vehicle battery,Cobalt,3500.9857806030054,Cars,,BEV
Global Net-zero,Canada,2030,Vehicle battery,Copper,11352.82798088953,Cars,,BEV
Global Net-zero,Canada,2030,Vehicle battery,Graphite,1527.5008704511754,Cars,,BEV
Global Net-zero,Canada,2030,Vehicle battery,Lithium,4190.030896977309,Cars,,BEV
Global Net-zero,Canada,2030,Vehicle battery,Nickel,18526.70508643517,Cars,,BEV
Global Net-zero,Canada,2030,Vehicle battery,Cobalt,9195.379518760696,Cars,,BEV
Global Net-zero,Canada,2030,Vehicle battery,Copper,13494.629756849909,Cars,,BEV
Global Net-zero,Canada,2030,Vehicle battery,Lithium,15911.557022536403,Cars,,BEV
Global Net-zero,Canada,2030,Vehicle battery,Nickel,23990.455760951245,Cars,,BEV
Global Net-zero,Canada,2030,Vehicle battery,Nickel,3561.0842824444962,Cars,,BEV
Global Net-zero,Canada,2030,Vehicle battery,Cobalt,1302.9890006341068,Trucks,,BEV
Global Net-zero,Canada,2030,Vehicle battery,Copper,1912.1944999584894,Trucks,,BEV
Global Net-zero,Canada,2030,Vehicle battery,Lithium,2254.6740720193284,Trucks,,BEV
Global Net-zero,Canada,2030,Vehicle battery,Nickel,3399.4572940619178,Trucks,,BEV
Global Net-zero,Canada,2030,Vehicle battery,Cobalt,2184.6916352354874,Vans,,BEV
Global Net-zero,Canada,2030,Vehicle battery,Copper,701.1378877956374,Vans,,BEV
Global Net-zero,Canada,2030,Vehicle battery,Lithium,182.68742647029939,Vans,,BEV
Global Net-zero,Canada,2030,Vehicle battery,Nickel,199.0153322247382,Vans,,BEV
Global Net-zero,Canada,2030,Vehicle battery,Cobalt,0.0,Vans,,BEV
Global Net-zero,Canada,2030,Vehicle battery,Copper,0.0,Vans,,BEV
Global Net-zero,Canada,2030,Vehicle battery,Lithium,0.0,Vans,,BEV
Global Net-zero,Canada,2030,Vehicle battery,Cobalt,233.87151975688093,Vans,,BEV
Global Net-zero,Canada,2030,Vehicle battery,Copper,758.3872942699485,Vans,,BEV
Global Net-zero,Canada,2030,Vehicle battery,Graphite,102.0395318317587,Vans,,BEV
Global Net-zero,Canada,2030,Vehicle battery,Lithium,279.900849393221,Vans,,BEV
Global Net-zero,Canada,2030,Vehicle battery,Nickel,1237.6139025351429,Vans,,BEV
Global Net-zero,Canada,2030,Vehicle battery,Cobalt,614.266243156079,Vans,,BEV
Global Net-zero,Canada,2030,Vehicle battery,Copper,901.463121409002,Vans,,BEV
Global Net-zero,Canada,2030,Vehicle battery,Lithium,1062.917776809112,Vans,,BEV
Global Net-zero,Canada,2030,Vehicle battery,Nickel,1602.6012957720468,Vans,,BEV
Global Net-zero,Canada,2030,Vehicle battery,Nickel,237.88619700540158,Vans,,BEV
Global Net-zero,Canada,2030,Vehicle battery,Cobalt,0.8469428504121694,Buses,,FCEV
Global Net-zero,Canada,2030,Vehicle battery,Copper,1.242926424973018,Buses,,FCEV
Global Net-zero,Canada,2030,Vehicle battery,Lithium,1.4655381468125632,Buses,,FCEV
Global Net-zero,Canada,2030,Vehicle battery,Nickel,2.2096472411402464,Buses,,FCEV
Global Net-zero,Canada,2030,Vehicle battery,Cobalt,0.0926838875554449,Cars,,FCEV
Global Net-zero,Canada,2030,Vehicle battery,Copper,0.0297452437246634,Cars,,FCEV
Global Net-zero,Canada,2030,Vehicle battery,Lithium,0.007750375668436942,Cars,,FCEV
Global Net-zero,Canada,2030,Vehicle battery,Nickel,0.008443074700443436,Cars,,FCEV
Global Net-zero,Canada,2030,Vehicle battery,Cobalt,0.0,Cars,,FCEV
Global Net-zero,Canada,2030,Vehicle battery,Copper,0.0,Cars,,FCEV
Global Net-zero,Canada,2030,Vehicle battery,Lithium,0.0,Cars,,FCEV
Global Net-zero,Canada,2030,Vehicle battery,Cobalt,0.009921822050291917,Cars,,FCEV
Global Net-zero,Canada,2030,Vehicle battery,Copper,0.03217400642357356,Cars,,FCEV
Global Net-zero,Canada,2030,Vehicle battery,Graphite,0.004328949835286732,Cars,,FCEV
Global Net-zero,Canada,2030,Vehicle battery,Lithium,0.011874581489409376,Cars,,FCEV
Global Net-zero,Canada,2030,Vehicle battery,Nickel,0.052504832228763634,Cars,,FCEV
Global Net-zero,Canada,2030,Vehicle battery,Cobalt,0.02605978001268213,Cars,,FCEV
Global Net-zero,Canada,2030,Vehicle battery,Copper,0.038243889999169785,Cars,,FCEV
Global Net-zero,Canada,2030,Vehicle battery,Lithium,0.04509348144038656,Cars,,FCEV
Global Net-zero,Canada,2030,Vehicle battery,Nickel,0.06798914588123833,Cars,,FCEV
Global Net-zero,Canada,2030,Vehicle battery,Nickel,0.010092141691138248,Cars,,FCEV
Global Net-zero,Canada,2030,Vehicle battery,Cobalt,3.908967001902321,Trucks,,FCEV
Global Net-zero,Canada,2030,Vehicle battery,Copper,5.736583499875469,Trucks,,FCEV
Global Net-zero,Canada,2030,Vehicle battery,Lithium,6.764022216057986,Trucks,,FCEV
Global Net-zero,Canada,2030,Vehicle battery,Nickel,10.198371882185754,Trucks,,FCEV
Global Net-zero,Canada,2030,Vehicle battery,Cobalt,2462.7432979018226,Cars,,PHEV
Global Net-zero,Canada,2030,Vehicle battery,Copper,790.3736189696276,Cars,,PHEV
Global Net-zero,Canada,2030,Vehicle battery,Lithium,205.93855347561023,Cars,,PHEV
Global Net-zero,Canada,2030,Vehicle battery,Nickel,224.3445563260685,Cars,,PHEV
Global Net-zero,Canada,2030,Vehicle battery,Cobalt,0.0,Cars,,PHEV
Global Net-zero,Canada,2030,Vehicle battery,Copper,0.0,Cars,,PHEV
Global Net-zero,Canada,2030,Vehicle battery,Lithium,0.0,Cars,,PHEV
Global Net-zero,Canada,2030,Vehicle battery,Cobalt,263.6369859077567,Cars,,PHEV
Global Net-zero,Canada,2030,Vehicle battery,Copper,854.9093135406692,Cars,,PHEV
Global Net-zero,Canada,2030,Vehicle battery,Graphite,115.02638133761889,Cars,,PHEV
Global Net-zero,Canada,2030,Vehicle battery,Lithium,315.5245938614492,Cars,,PHEV
Global Net-zero,Canada,2030,Vehicle battery,Nickel,1395.128399221434,Cars,,PHEV
Global Net-zero,Canada,2030,Vehicle battery,Cobalt,692.4455831941254,Cars,,PHEV
Global Net-zero,Canada,2030,Vehicle battery,Copper,1016.1947914065115,Cars,,PHEV
Global Net-zero,Canada,2030,Vehicle battery,Lithium,1198.1982211302716,Cars,,PHEV
Global Net-zero,Canada,2030,Vehicle battery,Nickel,1806.568733415762,Cars,,PHEV
Global Net-zero,Canada,2030,Vehicle battery,Nickel,268.1626220788163,Cars,,PHEV
Global Net-zero,Canada,2030,Vehicle battery,Cobalt,369.46445690673363,Vans,,PHEV
Global Net-zero,Canada,2030,Vehicle battery,Copper,118.57304012757254,Vans,,PHEV
Global Net-zero,Canada,2030,Vehicle battery,Lithium,30.895211807437786,Vans,,PHEV
Global Net-zero,Canada,2030,Vehicle battery,Nickel,33.656508063024816,Vans,,PHEV
Global Net-zero,Canada,2030,Vehicle battery,Cobalt,0.0,Vans,,PHEV
Global Net-zero,Canada,2030,Vehicle battery,Copper,0.0,Vans,,PHEV
Global Net-zero,Canada,2030,Vehicle battery,Lithium,0.0,Vans,,PHEV
Global Net-zero,Canada,2030,Vehicle battery,Cobalt,39.55121749876367,Vans,,PHEV
Global Net-zero,Canada,2030,Vehicle battery,Copper,128.25478217762813,Vans,,PHEV
Global Net-zero,Canada,2030,Vehicle battery,Graphite,17.256430886262997,Vans,,PHEV
Global Net-zero,Canada,2030,Vehicle battery,Lithium,47.335474554354185,Vans,,PHEV
Global Net-zero,Canada,2030,Vehicle battery,Nickel,209.29926264448866,Vans,,PHEV
Global Net-zero,Canada,2030,Vehicle battery,Cobalt,103.8817287819832,Vans,,PHEV
Global Net-zero,Canada,2030,Vehicle battery,Copper,152.45107236240483,Vans,,PHEV
Global Net-zero,Canada,2030,Vehicle battery,Lithium,179.75550087322097,Vans,,PHEV
Global Net-zero,Canada,2030,Vehicle battery,Nickel,271.0241609528679,Vans,,PHEV
Global Net-zero,Canada,2030,Vehicle battery,Nickel,40.23016024993167,Vans,,PHEV
Global Net-zero,Canada,2031,Vehicle battery,Cobalt,8.299338416991617,2 and 3 wheelers,,BEV
Global Net-zero,Canada,2031,Vehicle battery,Copper,2.6635249176314373,2 and 3 wheelers,,BEV
Global Net-zero,Canada,2031,Vehicle battery,Lithium,0.6940040197676949,2 and 3 wheelers,,BEV
Global Net-zero,Canada,2031,Vehicle battery,Nickel,0.7560314534390037,2 and 3 wheelers,,BEV
Global Net-zero,Canada,2031,Vehicle battery,Cobalt,144.128662081214,Buses,,BEV
Global Net-zero,Canada,2031,Vehicle battery,Copper,211.51524286386905,Buses,,BEV
Global Net-zero,Canada,2031,Vehicle battery,Lithium,249.39823534289502,Buses,,BEV
Global Net-zero,Canada,2031,Vehicle battery,Nickel,376.02714325057764,Buses,,BEV
Global Net-zero,Canada,2031,Vehicle battery,Cobalt,42204.57683228973,Cars,,BEV
Global Net-zero,Canada,2031,Vehicle battery,Copper,13544.807595837514,Cars,,BEV
Global Net-zero,Canada,2031,Vehicle battery,Lithium,3529.2145593480723,Cars,,BEV
Global Net-zero,Canada,2031,Vehicle battery,Nickel,3844.6423029295215,Cars,,BEV
Global Net-zero,Canada,2031,Vehicle battery,Cobalt,0.0,Cars,,BEV
Global Net-zero,Canada,2031,Vehicle battery,Copper,0.0,Cars,,BEV
Global Net-zero,Canada,2031,Vehicle battery,Lithium,0.0,Cars,,BEV
Global Net-zero,Canada,2031,Vehicle battery,Cobalt,4068.160673164495,Cars,,BEV
Global Net-zero,Canada,2031,Vehicle battery,Copper,13192.035390986763,Cars,,BEV
Global Net-zero,Canada,2031,Vehicle battery,Graphite,1774.9626416145265,Cars,,BEV
Global Net-zero,Canada,2031,Vehicle battery,Lithium,4868.834089206529,Cars,,BEV
Global Net-zero,Canada,2031,Vehicle battery,Nickel,21528.111725998097,Cars,,BEV
Global Net-zero,Canada,2031,Vehicle battery,Cobalt,11018.979379589957,Cars,,BEV
Global Net-zero,Canada,2031,Vehicle battery,Copper,16170.84392466389,Cars,,BEV
Global Net-zero,Canada,2031,Vehicle battery,Lithium,19067.08889728657,Cars,,BEV
Global Net-zero,Canada,2031,Vehicle battery,Nickel,28748.170404228684,Cars,,BEV
Global Net-zero,Canada,2031,Vehicle battery,Nickel,4157.889601784119,Cars,,BEV
Global Net-zero,Canada,2031,Vehicle battery,Cobalt,1601.4295786801558,Trucks,,BEV
Global Net-zero,Canada,2031,Vehicle battery,Copper,2350.1693651541004,Trucks,,BEV
Global Net-zero,Canada,2031,Vehicle battery,Lithium,2771.0915038099447,Trucks,,BEV
Global Net-zero,Canada,2031,Vehicle battery,Nickel,4178.079369450863,Trucks,,BEV
Global Net-zero,Canada,2031,Vehicle battery,Cobalt,2819.3340798898,Vans,,BEV
Global Net-zero,Canada,2031,Vehicle battery,Copper,904.8150823130323,Vans,,BEV
Global Net-zero,Canada,2031,Vehicle battery,Lithium,235.75724789167285,Vans,,BEV
Global Net-zero,Canada,2031,Vehicle battery,Nickel,256.82833197707333,Vans,,BEV
Global Net-zero,Canada,2031,Vehicle battery,Cobalt,0.0,Vans,,BEV
Global Net-zero,Canada,2031,Vehicle battery,Copper,0.0,Vans,,BEV
Global Net-zero,Canada,2031,Vehicle battery,Lithium,0.0,Vans,,BEV
Global Net-zero,Canada,2031,Vehicle battery,Cobalt,271.7597210818388,Vans,,BEV
Global Net-zero,Canada,2031,Vehicle battery,Copper,881.2493277379823,Vans,,BEV
Global Net-zero,Canada,2031,Vehicle battery,Graphite,118.5703788932781,Vans,,BEV
Global Net-zero,Canada,2031,Vehicle battery,Lithium,325.24600191055765,Vans,,BEV
Global Net-zero,Canada,2031,Vehicle battery,Nickel,1438.1127266355006,Vans,,BEV
Global Net-zero,Canada,2031,Vehicle battery,Cobalt,736.0856670576288,Vans,,BEV
Global Net-zero,Canada,2031,Vehicle battery,Copper,1080.2385617690456,Vans,,BEV
Global Net-zero,Canada,2031,Vehicle battery,Lithium,1273.7124162154998,Vans,,BEV
Global Net-zero,Canada,2031,Vehicle battery,Nickel,1920.4243387440217,Vans,,BEV
Global Net-zero,Canada,2031,Vehicle battery,Nickel,277.7537588236355,Vans,,BEV
Global Net-zero,Canada,2031,Vehicle battery,Cobalt,1.040929226142101,Buses,,FCEV
Global Net-zero,Canada,2031,Vehicle battery,Copper,1.5276100873501652,Buses,,FCEV
Global Net-zero,Canada,2031,Vehicle battery,Lithium,1.801209477476464,Buses,,FCEV
Global Net-zero,Canada,2031,Vehicle battery,Nickel,2.7157515901430602,Buses,,FCEV
Global Net-zero,Canada,2031,Vehicle battery,Cobalt,0.1196081124801733,Cars,,FCEV
Global Net-zero,Canada,2031,Vehicle battery,Copper,0.03838609440115894,Cars,,FCEV
Global Net-zero,Canada,2031,Vehicle battery,Lithium,0.010001822637828544,Cars,,FCEV
Global Net-zero,Canada,2031,Vehicle battery,Nickel,0.01089574741720917,Cars,,FCEV
Global Net-zero,Canada,2031,Vehicle battery,Cobalt,0.0,Cars,,FCEV
Global Net-zero,Canada,2031,Vehicle battery,Copper,0.0,Cars,,FCEV
Global Net-zero,Canada,2031,Vehicle battery,Lithium,0.0,Cars,,FCEV
Global Net-zero,Canada,2031,Vehicle battery,Cobalt,0.011529200288320432,Cars,,FCEV
Global Net-zero,Canada,2031,Vehicle battery,Copper,0.03738633511615682,Cars,,FCEV
Global Net-zero,Canada,2031,Vehicle battery,Graphite,0.005030258498502707,Cars,,FCEV
Global Net-zero,Canada,2031,Vehicle battery,Lithium,0.013798315232569108,Cars,,FCEV
Global Net-zero,Canada,2031,Vehicle battery,Nickel,0.06101084294817275,Cars,,FCEV
Global Net-zero,Canada,2031,Vehicle battery,Cobalt,0.031227876784263038,Cars,,FCEV
Global Net-zero,Canada,2031,Vehicle battery,Copper,0.045828302620504954,Cars,,FCEV
Global Net-zero,Canada,2031,Vehicle battery,Lithium,0.05403628432429392,Cars,,FCEV
Global Net-zero,Canada,2031,Vehicle battery,Nickel,0.08147254770429183,Cars,,FCEV
Global Net-zero,Canada,2031,Vehicle battery,Nickel,0.011783492798578475,Cars,,FCEV
Global Net-zero,Canada,2031,Vehicle battery,Cobalt,4.8042887360404665,Trucks,,FCEV
Global Net-zero,Canada,2031,Vehicle battery,Copper,7.050508095462301,Trucks,,FCEV
Global Net-zero,Canada,2031,Vehicle battery,Lithium,8.313274511429833,Trucks,,FCEV
Global Net-zero,Canada,2031,Vehicle battery,Nickel,12.534238108352586,Trucks,,FCEV
Global Net-zero,Canada,2031,Vehicle battery,Cobalt,3178.1584173303195,Cars,,PHEV
Global Net-zero,Canada,2031,Vehicle battery,Copper,1019.9733655165093,Cars,,PHEV
Global Net-zero,Canada,2031,Vehicle battery,Lithium,265.7627158051585,Cars,,PHEV
Global Net-zero,Canada,2031,Vehicle battery,Nickel,289.51557422870087,Cars,,PHEV
Global Net-zero,Canada,2031,Vehicle battery,Cobalt,0.0,Cars,,PHEV
Global Net-zero,Canada,2031,Vehicle battery,Copper,0.0,Cars,,PHEV
Global Net-zero,Canada,2031,Vehicle battery,Lithium,0.0,Cars,,PHEV
Global Net-zero,Canada,2031,Vehicle battery,Cobalt,306.34732194680004,Cars,,PHEV
Global Net-zero,Canada,2031,Vehicle battery,Copper,993.4083330864527,Cars,,PHEV
Global Net-zero,Canada,2031,Vehicle battery,Graphite,133.6611543887862,Cars,,PHEV
Global Net-zero,Canada,2031,Vehicle battery,Lithium,366.6409476082649,Cars,,PHEV
Global Net-zero,Canada,2031,Vehicle battery,Nickel,1621.145255480019,Cars,,PHEV
Global Net-zero,Canada,2031,Vehicle battery,Cobalt,829.769297410418,Cars,,PHEV
Global Net-zero,Canada,2031,Vehicle battery,Copper,1217.7234696305604,Cars,,PHEV
Global Net-zero,Canada,2031,Vehicle battery,Lithium,1435.8212691883814,Cars,,PHEV
Global Net-zero,Canada,2031,Vehicle battery,Nickel,2164.841981856897,Cars,,PHEV
Global Net-zero,Canada,2031,Vehicle battery,Nickel,313.10423721937093,Cars,,PHEV
Global Net-zero,Canada,2031,Vehicle battery,Cobalt,476.7921100923938,Vans,,PHEV
Global Net-zero,Canada,2031,Vehicle battery,Copper,153.01793973856277,Vans,,PHEV
Global Net-zero,Canada,2031,Vehicle battery,Lithium,39.870122697995384,Vans,,PHEV
Global Net-zero,Canada,2031,Vehicle battery,Nickel,43.43356227568639,Vans,,PHEV
Global Net-zero,Canada,2031,Vehicle battery,Cobalt,0.0,Vans,,PHEV
Global Net-zero,Canada,2031,Vehicle battery,Copper,0.0,Vans,,PHEV
Global Net-zero,Canada,2031,Vehicle battery,Lithium,0.0,Vans,,PHEV
Global Net-zero,Canada,2031,Vehicle battery,Cobalt,45.958686406470484,Vans,,PHEV
Global Net-zero,Canada,2031,Vehicle battery,Copper,149.0326135830343,Vans,,PHEV
Global Net-zero,Canada,2031,Vehicle battery,Graphite,20.05204759174565,Vans,,PHEV
Global Net-zero,Canada,2031,Vehicle battery,Lithium,55.00402689280121,Vans,,PHEV
Global Net-zero,Canada,2031,Vehicle battery,Nickel,243.20665166083037,Vans,,PHEV
Global Net-zero,Canada,2031,Vehicle battery,Cobalt,124.48323911258227,Vans,,PHEV
Global Net-zero,Canada,2031,Vehicle battery,Copper,182.68470804608148,Vans,,PHEV
Global Net-zero,Canada,2031,Vehicle battery,Lithium,215.40406825501398,Vans,,PHEV
Global Net-zero,Canada,2031,Vehicle battery,Nickel,324.77285302007994,Vans,,PHEV
Global Net-zero,Canada,2031,Vehicle battery,Nickel,46.97236900736197,Vans,,PHEV
Global Net-zero,Canada,2032,Vehicle battery,Cobalt,10.005096565309614,2 and 3 wheelers,,BEV
Global Net-zero,Canada,2032,Vehicle battery,Copper,3.2109576289179262,2 and 3 wheelers,,BEV
Global Net-zero,Canada,2032,Vehicle battery,Lithium,0.8366422581675816,2 and 3 wheelers,,BEV
Global Net-zero,Canada,2032,Vehicle battery,Nickel,0.9114181538352674,2 and 3 wheelers,,BEV
Global Net-zero,Canada,2032,Vehicle battery,Cobalt,173.7513413116289,Buses,,BEV
Global Net-zero,Canada,2032,Vehicle battery,Copper,254.98784644752752,Buses,,BEV
Global Net-zero,Canada,2032,Vehicle battery,Lithium,300.6569081114743,Buses,,BEV
Global Net-zero,Canada,2032,Vehicle battery,Nickel,453.3117810567936,Buses,,BEV
Global Net-zero,Canada,2032,Vehicle battery,Cobalt,53301.6615057769,Cars,,BEV
Global Net-zero,Canada,2032,Vehicle battery,Copper,17106.219368176484,Cars,,BEV
Global Net-zero,Canada,2032,Vehicle battery,Lithium,4457.170618512391,Cars,,BEV
Global Net-zero,Canada,2032,Vehicle battery,Nickel,4855.535537196905,Cars,,BEV
Global Net-zero,Canada,2032,Vehicle battery,Cobalt,0.0,Cars,,BEV
Global Net-zero,Canada,2032,Vehicle battery,Copper,0.0,Cars,,BEV
Global Net-zero,Canada,2032,Vehicle battery,Lithium,0.0,Cars,,BEV
Global Net-zero,Canada,2032,Vehicle battery,Cobalt,4621.347691375627,Cars,,BEV
Global Net-zero,Canada,2032,Vehicle battery,Copper,14985.88359620012,Cars,,BEV
Global Net-zero,Canada,2032,Vehicle battery,Graphite,2016.32142019667,Cars,,BEV
Global Net-zero,Canada,2032,Vehicle battery,Lithium,5530.896389188839,Cars,,BEV
Global Net-zero,Canada,2032,Vehicle battery,Nickel,24455.49657880857,Cars,,BEV
Global Net-zero,Canada,2032,Vehicle battery,Cobalt,12943.095948817056,Cars,,BEV
Global Net-zero,Canada,2032,Vehicle battery,Copper,18994.570847273757,Cars,,BEV
Global Net-zero,Canada,2032,Vehicle battery,Lithium,22396.553488367448,Cars,,BEV
Global Net-zero,Canada,2032,Vehicle battery,Nickel,33768.12997618306,Cars,,BEV
Global Net-zero,Canada,2032,Vehicle battery,Nickel,4748.644618622076,Cars,,BEV
Global Net-zero,Canada,2032,Vehicle battery,Cobalt,1930.5704590180987,Trucks,,BEV
Global Net-zero,Canada,2032,Vehicle battery,Copper,2833.1982938614174,Trucks,,BEV
Global Net-zero,Canada,2032,Vehicle battery,Lithium,3340.6323123497145,Trucks,,BEV
Global Net-zero,Canada,2032,Vehicle battery,Nickel,5036.797567297707,Trucks,,BEV
Global Net-zero,Canada,2032,Vehicle battery,Cobalt,3560.6373070660684,Vans,,BEV
Global Net-zero,Canada,2032,Vehicle battery,Copper,1142.7231561737328,Vans,,BEV
Global Net-zero,Canada,2032,Vehicle battery,Lithium,297.74621540669824,Vans,,BEV
Global Net-zero,Canada,2032,Vehicle battery,Nickel,324.35763710019813,Vans,,BEV
Global Net-zero,Canada,2032,Vehicle battery,Cobalt,0.0,Vans,,BEV
Global Net-zero,Canada,2032,Vehicle battery,Copper,0.0,Vans,,BEV
Global Net-zero,Canada,2032,Vehicle battery,Lithium,0.0,Vans,,BEV
Global Net-zero,Canada,2032,Vehicle battery,Cobalt,308.71350974776453,Vans,,BEV
Global Net-zero,Canada,2032,Vehicle battery,Copper,1001.0812928635709,Vans,,BEV
Global Net-zero,Canada,2032,Vehicle battery,Graphite,134.69353616698405,Vans,,BEV
Global Net-zero,Canada,2032,Vehicle battery,Lithium,369.4728357150439,Vans,,BEV
Global Net-zero,Canada,2032,Vehicle battery,Nickel,1633.6667755074552,Vans,,BEV
Global Net-zero,Canada,2032,Vehicle battery,Cobalt,864.6197698602485,Vans,,BEV
Global Net-zero,Canada,2032,Vehicle battery,Copper,1268.8680930365063,Vans,,BEV
Global Net-zero,Canada,2032,Vehicle battery,Lithium,1496.126042745194,Vans,,BEV
Global Net-zero,Canada,2032,Vehicle battery,Nickel,2255.765767639759,Vans,,BEV
Global Net-zero,Canada,2032,Vehicle battery,Nickel,317.2171506366974,Vans,,BEV
Global Net-zero,Canada,2032,Vehicle battery,Cobalt,1.2548707983617642,Buses,,FCEV
Global Net-zero,Canada,2032,Vehicle battery,Copper,1.8415788910099211,Buses,,FCEV
Global Net-zero,Canada,2032,Vehicle battery,Lithium,2.171411003027315,Buses,,FCEV
Global Net-zero,Canada,2032,Vehicle battery,Nickel,3.2739184187435098,Buses,,FCEV
Global Net-zero,Canada,2032,Vehicle battery,Cobalt,0.15105734029977258,Cars,,FCEV
Global Net-zero,Canada,2032,Vehicle battery,Copper,0.04847916420130988,Cars,,FCEV
Global Net-zero,Canada,2032,Vehicle battery,Lithium,0.012631657623314467,Cars,,FCEV
Global Net-zero,Canada,2032,Vehicle battery,Nickel,0.013760627028493254,Cars,,FCEV
Global Net-zero,Canada,2032,Vehicle battery,Cobalt,0.0,Cars,,FCEV
Global Net-zero,Canada,2032,Vehicle battery,Copper,0.0,Cars,,FCEV
Global Net-zero,Canada,2032,Vehicle battery,Lithium,0.0,Cars,,FCEV
Global Net-zero,Canada,2032,Vehicle battery,Cobalt,0.013096936777177886,Cars,,FCEV
Global Net-zero,Canada,2032,Vehicle battery,Copper,0.042470115454818144,Cars,,FCEV
Global Net-zero,Canada,2032,Vehicle battery,Graphite,0.005714271231326595,Cars,,FCEV
Global Net-zero,Canada,2032,Vehicle battery,Lithium,0.015674605151547314,Cars,,FCEV
Global Net-zero,Canada,2032,Vehicle battery,Nickel,0.06930707532455868,Cars,,FCEV
Global Net-zero,Canada,2032,Vehicle battery,Cobalt,0.036680838721343874,Cars,,FCEV
Global Net-zero,Canada,2032,Vehicle battery,Copper,0.05383076758336692,Cars,,FCEV
Global Net-zero,Canada,2032,Vehicle battery,Lithium,0.06347201393464458,Cars,,FCEV
Global Net-zero,Canada,2032,Vehicle battery,Nickel,0.09569915377865643,Cars,,FCEV
Global Net-zero,Canada,2032,Vehicle battery,Nickel,0.013457697299738678,Cars,,FCEV
Global Net-zero,Canada,2032,Vehicle battery,Cobalt,5.7917113770542965,Trucks,,FCEV
Global Net-zero,Canada,2032,Vehicle battery,Copper,8.499594881584251,Trucks,,FCEV
Global Net-zero,Canada,2032,Vehicle battery,Lithium,10.021896937049146,Trucks,,FCEV
Global Net-zero,Canada,2032,Vehicle battery,Nickel,15.110392701893122,Trucks,,FCEV
Global Net-zero,Canada,2032,Vehicle battery,Cobalt,4013.809327965386,Cars,,PHEV
Global Net-zero,Canada,2032,Vehicle battery,Copper,1288.1606487776623,Cars,,PHEV
Global Net-zero,Canada,2032,Vehicle battery,Lithium,335.64118827664157,Cars,,PHEV
Global Net-zero,Canada,2032,Vehicle battery,Nickel,365.6395181856779,Cars,,PHEV
Global Net-zero,Canada,2032,Vehicle battery,Cobalt,0.0,Cars,,PHEV
Global Net-zero,Canada,2032,Vehicle battery,Copper,0.0,Cars,,PHEV
Global Net-zero,Canada,2032,Vehicle battery,Lithium,0.0,Cars,,PHEV
Global Net-zero,Canada,2032,Vehicle battery,Cobalt,348.0043200792982,Cars,,PHEV
Global Net-zero,Canada,2032,Vehicle battery,Copper,1128.491639228025,Cars,,PHEV
Global Net-zero,Canada,2032,Vehicle battery,Graphite,151.8363498609638,Cars,,PHEV
Global Net-zero,Canada,2032,Vehicle battery,Lithium,416.4966511696858,Cars,,PHEV
Global Net-zero,Canada,2032,Vehicle battery,Nickel,1841.5880014811307,Cars,,PHEV
Global Net-zero,Canada,2032,Vehicle battery,Cobalt,974.66228602428,Cars,,PHEV
Global Net-zero,Canada,2032,Vehicle battery,Copper,1430.3603957866067,Cars,,PHEV
Global Net-zero,Canada,2032,Vehicle battery,Lithium,1686.5420845491274,Cars,,PHEV
Global Net-zero,Canada,2032,Vehicle battery,Nickel,2542.8632289757275,Cars,,PHEV
Global Net-zero,Canada,2032,Vehicle battery,Nickel,357.5902425359134,Cars,,PHEV
Global Net-zero,Canada,2032,Vehicle battery,Cobalt,602.1577176749792,Vans,,PHEV
Global Net-zero,Canada,2032,Vehicle battery,Copper,193.25179969619296,Vans,,PHEV
Global Net-zero,Canada,2032,Vehicle battery,Lithium,50.35339633156671,Vans,,PHEV
Global Net-zero,Canada,2032,Vehicle battery,Nickel,54.85379094329654,Vans,,PHEV
Global Net-zero,Canada,2032,Vehicle battery,Cobalt,0.0,Vans,,PHEV
Global Net-zero,Canada,2032,Vehicle battery,Copper,0.0,Vans,,PHEV
Global Net-zero,Canada,2032,Vehicle battery,Lithium,0.0,Vans,,PHEV
Global Net-zero,Canada,2032,Vehicle battery,Cobalt,52.20813197576741,Vans,,PHEV
Global Net-zero,Canada,2032,Vehicle battery,Copper,169.29801452160655,Vans,,PHEV
Global Net-zero,Canada,2032,Vehicle battery,Graphite,22.778717776991048,Vans,,PHEV
Global Net-zero,Canada,2032,Vehicle battery,Lithium,62.48345459268234,Vans,,PHEV
Global Net-zero,Canada,2032,Vehicle battery,Nickel,276.2778042652123,Vans,,PHEV
Global Net-zero,Canada,2032,Vehicle battery,Cobalt,146.22030338291137,Vans,,PHEV
Global Net-zero,Canada,2032,Vehicle battery,Copper,214.5848198066101,Vans,,PHEV
Global Net-zero,Canada,2032,Vehicle battery,Lithium,253.0175824046175,Vans,,PHEV
Global Net-zero,Canada,2032,Vehicle battery,Nickel,381.4841695770899,Vans,,PHEV
Global Net-zero,Canada,2032,Vehicle battery,Nickel,53.64622649312973,Vans,,PHEV
Global Net-zero,Canada,2033,Vehicle battery,Cobalt,11.817915518280577,2 and 3 wheelers,,BEV
Global Net-zero,Canada,2033,Vehicle battery,Copper,3.792749599529356,2 and 3 wheelers,,BEV
Global Net-zero,Canada,2033,Vehicle battery,Lithium,0.9882330931547585,2 and 3 wheelers,,BEV
Global Net-zero,Canada,2033,Vehicle battery,Nickel,1.0765575997735635,2 and 3 wheelers,,BEV
Global Net-zero,Canada,2033,Vehicle battery,Cobalt,205.23326880505937,Buses,,BEV
Global Net-zero,Canada,2033,Vehicle battery,Copper,301.18897981989926,Buses,,BEV
Global Net-zero,Canada,2033,Vehicle battery,Lithium,355.1327982548959,Buses,,BEV
Global Net-zero,Canada,2033,Vehicle battery,Nickel,535.4471390656396,Buses,,BEV
Global Net-zero,Canada,2033,Vehicle battery,Cobalt,65821.15496014898,Cars,,BEV
Global Net-zero,Canada,2033,Vehicle battery,Copper,21124.12791659438,Cars,,BEV
Global Net-zero,Canada,2033,Vehicle battery,Lithium,5504.070786482532,Cars,,BEV
Global Net-zero,Canada,2033,Vehicle battery,Nickel,5996.003651287857,Cars,,BEV
Global Net-zero,Canada,2033,Vehicle battery,Cobalt,0.0,Cars,,BEV
Global Net-zero,Canada,2033,Vehicle battery,Copper,0.0,Cars,,BEV
Global Net-zero,Canada,2033,Vehicle battery,Lithium,0.0,Cars,,BEV
Global Net-zero,Canada,2033,Vehicle battery,Cobalt,5124.482240433458,Cars,,BEV
Global Net-zero,Canada,2033,Vehicle battery,Copper,16617.42406641367,Cars,,BEV
Global Net-zero,Canada,2033,Vehicle battery,Graphite,2235.842009482675,Cars,,BEV
Global Net-zero,Canada,2033,Vehicle battery,Lithium,6133.0551633172945,Cars,,BEV
Global Net-zero,Canada,2033,Vehicle battery,Nickel,27118.011079963006,Cars,,BEV
Global Net-zero,Canada,2033,Vehicle battery,Cobalt,14885.927330233631,Cars,,BEV
Global Net-zero,Canada,2033,Vehicle battery,Copper,21845.762591857612,Cars,,BEV
Global Net-zero,Canada,2033,Vehicle battery,Lithium,25758.401930567405,Cars,,BEV
Global Net-zero,Canada,2033,Vehicle battery,Nickel,38836.915904133966,Cars,,BEV
Global Net-zero,Canada,2033,Vehicle battery,Nickel,5297.435548467752,Cars,,BEV
Global Net-zero,Canada,2033,Vehicle battery,Cobalt,2280.3696533895486,Trucks,,BEV
Global Net-zero,Canada,2033,Vehicle battery,Copper,3346.5442202211034,Trucks,,BEV
Global Net-zero,Canada,2033,Vehicle battery,Lithium,3945.9199806099537,Trucks,,BEV
Global Net-zero,Canada,2033,Vehicle battery,Nickel,5949.412656284884,Trucks,,BEV
Global Net-zero,Canada,2033,Vehicle battery,Cobalt,4396.95974430145,Vans,,BEV
Global Net-zero,Canada,2033,Vehicle battery,Copper,1411.1259539425396,Vans,,BEV
Global Net-zero,Canada,2033,Vehicle battery,Lithium,367.680842011991,Vans,,BEV
Global Net-zero,Canada,2033,Vehicle battery,Nickel,400.5427540333993,Vans,,BEV
Global Net-zero,Canada,2033,Vehicle battery,Cobalt,0.0,Vans,,BEV
Global Net-zero,Canada,2033,Vehicle battery,Copper,0.0,Vans,,BEV
Global Net-zero,Canada,2033,Vehicle battery,Lithium,0.0,Vans,,BEV
Global Net-zero,Canada,2033,Vehicle battery,Cobalt,342.32371241761956,Vans,,BEV
Global Net-zero,Canada,2033,Vehicle battery,Copper,1110.0708384446377,Vans,,BEV
Global Net-zero,Canada,2033,Vehicle battery,Graphite,149.35786703021915,Vans,,BEV
Global Net-zero,Canada,2033,Vehicle battery,Lithium,409.69801698273415,Vans,,BEV
Global Net-zero,Canada,2033,Vehicle battery,Nickel,1811.5270559489452,Vans,,BEV
Global Net-zero,Canada,2033,Vehicle battery,Cobalt,994.4040524245138,Vans,,BEV
Global Net-zero,Canada,2033,Vehicle battery,Copper,1459.3323188892737,Vans,,BEV
Global Net-zero,Canada,2033,Vehicle battery,Lithium,1720.7029629731262,Vans,,BEV
Global Net-zero,Canada,2033,Vehicle battery,Nickel,2594.3688761870867,Vans,,BEV
Global Net-zero,Canada,2033,Vehicle battery,Nickel,353.8772734806393,Vans,,BEV
Global Net-zero,Canada,2033,Vehicle battery,Cobalt,1.4822402747032066,Buses,,FCEV
Global Net-zero,Canada,2033,Vehicle battery,Copper,2.175253743143717,Buses,,FCEV
Global Net-zero,Canada,2033,Vehicle battery,Lithium,2.56484798739647,Buses,,FCEV
Global Net-zero,Canada,2033,Vehicle battery,Nickel,3.8671182265851742,Buses,,FCEV
Global Net-zero,Canada,2033,Vehicle battery,Cobalt,0.18653768612187968,Cars,,FCEV
Global Net-zero,Canada,2033,Vehicle battery,Copper,0.05986594956119865,Cars,,FCEV
Global Net-zero,Canada,2033,Vehicle battery,Lithium,0.015598581176266283,Cars,,FCEV
Global Net-zero,Canada,2033,Vehicle battery,Nickel,0.016992722898386638,Cars,,FCEV
Global Net-zero,Canada,2033,Vehicle battery,Cobalt,0.0,Cars,,FCEV
Global Net-zero,Canada,2033,Vehicle battery,Copper,0.0,Cars,,FCEV
Global Net-zero,Canada,2033,Vehicle battery,Lithium,0.0,Cars,,FCEV
Global Net-zero,Canada,2033,Vehicle battery,Cobalt,0.01452282416317174,Cars,,FCEV
Global Net-zero,Canada,2033,Vehicle battery,Copper,0.04709391435825736,Cars,,FCEV
Global Net-zero,Canada,2033,Vehicle battery,Graphite,0.006336394358857783,Cars,,FCEV
Global Net-zero,Canada,2033,Vehicle battery,Lithium,0.017381127993206905,Cars,,FCEV
Global Net-zero,Canada,2033,Vehicle battery,Nickel,0.07685266297965224,Cars,,FCEV
Global Net-zero,Canada,2033,Vehicle battery,Cobalt,0.042186838587706645,Cars,,FCEV
Global Net-zero,Canada,2033,Vehicle battery,Copper,0.0619110680740904,Cars,,FCEV
Global Net-zero,Canada,2033,Vehicle battery,Lithium,0.07299951964128414,Cars,,FCEV
Global Net-zero,Canada,2033,Vehicle battery,Nickel,0.11006413414127034,Cars,,FCEV
Global Net-zero,Canada,2033,Vehicle battery,Nickel,0.015012975238572573,Cars,,FCEV
Global Net-zero,Canada,2033,Vehicle battery,Cobalt,6.841108960168647,Trucks,,FCEV
Global Net-zero,Canada,2033,Vehicle battery,Copper,10.03963266066331,Trucks,,FCEV
Global Net-zero,Canada,2033,Vehicle battery,Lithium,11.837759941829862,Trucks,,FCEV
Global Net-zero,Canada,2033,Vehicle battery,Nickel,17.84823796885465,Trucks,,FCEV
Global Net-zero,Canada,2033,Vehicle battery,Cobalt,4956.5728026670895,Cars,,PHEV
Global Net-zero,Canada,2033,Vehicle battery,Copper,1590.723802626136,Cars,,PHEV
Global Net-zero,Canada,2033,Vehicle battery,Lithium,414.47658554078987,Cars,,PHEV
Global Net-zero,Canada,2033,Vehicle battery,Nickel,451.5209227285593,Cars,,PHEV
Global Net-zero,Canada,2033,Vehicle battery,Cobalt,0.0,Cars,,PHEV
Global Net-zero,Canada,2033,Vehicle battery,Copper,0.0,Cars,,PHEV
Global Net-zero,Canada,2033,Vehicle battery,Lithium,0.0,Cars,,PHEV
Global Net-zero,Canada,2033,Vehicle battery,Cobalt,385.8921849071349,Cars,,PHEV
Global Net-zero,Canada,2033,Vehicle battery,Copper,1251.3525815194098,Cars,,PHEV
Global Net-zero,Canada,2033,Vehicle battery,Graphite,168.36705010679253,Cars,,PHEV
Global Net-zero,Canada,2033,Vehicle battery,Lithium,461.84140096235495,Cars,,PHEV
Global Net-zero,Canada,2033,Vehicle battery,Nickel,2042.0850448879025,Cars,,PHEV
Global Net-zero,Canada,2033,Vehicle battery,Cobalt,1120.9645681876339,Cars,,PHEV
Global Net-zero,Canada,2033,Vehicle battery,Copper,1645.0655231115452,Cars,,PHEV
Global Net-zero,Canada,2033,Vehicle battery,Lithium,1939.7015218969786,Cars,,PHEV
Global Net-zero,Canada,2033,Vehicle battery,Nickel,2924.561278610898,Cars,,PHEV
Global Net-zero,Canada,2033,Vehicle battery,Nickel,398.916199196357,Cars,,PHEV
Global Net-zero,Canada,2033,Vehicle battery,Cobalt,743.5925133635616,Vans,,PHEV
Global Net-zero,Canada,2033,Vehicle battery,Copper,238.64277950795534,Vans,,PHEV
Global Net-zero,Canada,2033,Vehicle battery,Lithium,62.18040130607635,Vans,,PHEV
Global Net-zero,Canada,2033,Vehicle battery,Nickel,67.7378485366544,Vans,,PHEV
Global Net-zero,Canada,2033,Vehicle battery,Cobalt,0.0,Vans,,PHEV
Global Net-zero,Canada,2033,Vehicle battery,Copper,0.0,Vans,,PHEV
Global Net-zero,Canada,2033,Vehicle battery,Lithium,0.0,Vans,,PHEV
Global Net-zero,Canada,2033,Vehicle battery,Cobalt,57.8921264927349,Vans,,PHEV
Global Net-zero,Canada,2033,Vehicle battery,Copper,187.72979803611622,Vans,,PHEV
Global Net-zero,Canada,2033,Vehicle battery,Graphite,25.258678312795375,Vans,,PHEV
Global Net-zero,Canada,2033,Vehicle battery,Lithium,69.28614221749223,Vans,,PHEV
Global Net-zero,Canada,2033,Vehicle battery,Nickel,306.35667254060235,Vans,,PHEV
Global Net-zero,Canada,2033,Vehicle battery,Cobalt,168.16879199305234,Vans,,PHEV
Global Net-zero,Canada,2033,Vehicle battery,Copper,246.79520621991693,Vans,,PHEV
Global Net-zero,Canada,2033,Vehicle battery,Lithium,290.9969422957704,Vans,,PHEV
Global Net-zero,Canada,2033,Vehicle battery,Nickel,438.74708558257254,Vans,,PHEV
Global Net-zero,Canada,2033,Vehicle battery,Nickel,59.846008722447024,Vans,,PHEV
Global Net-zero,Canada,2034,Vehicle battery,Cobalt,13.682268229319257,2 and 3 wheelers,,BEV
Global Net-zero,Canada,2034,Vehicle battery,Copper,4.391080412373261,2 and 3 wheelers,,BEV
Global Net-zero,Canada,2034,Vehicle battery,Lithium,1.1441332638330197,2 and 3 wheelers,,BEV
Global Net-zero,Canada,2034,Vehicle battery,Nickel,1.2463915333993774,2 and 3 wheelers,,BEV
Global Net-zero,Canada,2034,Vehicle battery,Cobalt,237.61014614016767,Buses,,BEV
Global Net-zero,Canada,2034,Vehicle battery,Copper,348.7034920190778,Buses,,BEV
Global Net-zero,Canada,2034,Vehicle battery,Lithium,411.15729717614033,Buses,,BEV
Global Net-zero,Canada,2034,Vehicle battery,Nickel,619.9173930449277,Buses,,BEV
Global Net-zero,Canada,2034,Vehicle battery,Cobalt,79518.1235915731,Cars,,BEV
Global Net-zero,Canada,2034,Vehicle battery,Copper,25519.92616132225,Cars,,BEV
Global Net-zero,Canada,2034,Vehicle battery,Lithium,6649.433321570726,Cars,,BEV
Global Net-zero,Canada,2034,Vehicle battery,Nickel,7243.7343235210865,Cars,,BEV
Global Net-zero,Canada,2034,Vehicle battery,Cobalt,0.0,Cars,,BEV
Global Net-zero,Canada,2034,Vehicle battery,Copper,0.0,Cars,,BEV
Global Net-zero,Canada,2034,Vehicle battery,Lithium,0.0,Cars,,BEV
Global Net-zero,Canada,2034,Vehicle battery,Cobalt,5545.974078206632,Cars,,BEV
Global Net-zero,Canada,2034,Vehicle battery,Copper,17984.217486741032,Cars,,BEV
Global Net-zero,Canada,2034,Vehicle battery,Graphite,2419.7413993784253,Cars,,BEV
Global Net-zero,Canada,2034,Vehicle battery,Lithium,6637.502748588309,Cars,,BEV
Global Net-zero,Canada,2034,Vehicle battery,Nickel,29348.484284975046,Cars,,BEV
Global Net-zero,Canada,2034,Vehicle battery,Cobalt,16768.487456177543,Cars,,BEV
Global Net-zero,Canada,2034,Vehicle battery,Copper,24608.50357963206,Cars,,BEV
Global Net-zero,Canada,2034,Vehicle battery,Lithium,29015.95782928761,Cars,,BEV
Global Net-zero,Canada,2034,Vehicle battery,Nickel,43748.45602345631,Cars,,BEV
Global Net-zero,Canada,2034,Vehicle battery,Nickel,5772.367355073996,Cars,,BEV
Global Net-zero,Canada,2034,Vehicle battery,Cobalt,2640.1127348907517,Trucks,,BEV
Global Net-zero,Canada,2034,Vehicle battery,Copper,3874.48324465642,Trucks,,BEV
Global Net-zero,Canada,2034,Vehicle battery,Lithium,4568.414413068225,Trucks,,BEV
Global Net-zero,Canada,2034,Vehicle battery,Nickel,6887.971033832529,Trucks,,BEV
Global Net-zero,Canada,2034,Vehicle battery,Cobalt,5311.9394302063,Vans,,BEV
Global Net-zero,Canada,2034,Vehicle battery,Copper,1704.7723953919722,Vans,,BEV
Global Net-zero,Canada,2034,Vehicle battery,Lithium,444.1929141939959,Vans,,BEV
Global Net-zero,Canada,2034,Vehicle battery,Nickel,483.89318355505236,Vans,,BEV
Global Net-zero,Canada,2034,Vehicle battery,Cobalt,0.0,Vans,,BEV
Global Net-zero,Canada,2034,Vehicle battery,Copper,0.0,Vans,,BEV
Global Net-zero,Canada,2034,Vehicle battery,Lithium,0.0,Vans,,BEV
Global Net-zero,Canada,2034,Vehicle battery,Cobalt,370.4800497587426,Vans,,BEV
Global Net-zero,Canada,2034,Vehicle battery,Copper,1201.3748523531458,Vans,,BEV
Global Net-zero,Canada,2034,Vehicle battery,Graphite,161.64264408803245,Vans,,BEV
Global Net-zero,Canada,2034,Vehicle battery,Lithium,443.39593259800444,Vans,,BEV
Global Net-zero,Canada,2034,Vehicle battery,Nickel,1960.5262781461063,Vans,,BEV
Global Net-zero,Canada,2034,Vehicle battery,Cobalt,1120.1621175179332,Vans,,BEV
Global Net-zero,Canada,2034,Vehicle battery,Copper,1643.887890947081,Vans,,BEV
Global Net-zero,Canada,2034,Vehicle battery,Lithium,1938.312972401804,Vans,,BEV
Global Net-zero,Canada,2034,Vehicle battery,Nickel,2922.4677100689446,Vans,,BEV
Global Net-zero,Canada,2034,Vehicle battery,Nickel,385.6034872822709,Vans,,BEV
Global Net-zero,Canada,2034,Vehicle battery,Cobalt,1.7160732776789887,Buses,,FCEV
Global Net-zero,Canada,2034,Vehicle battery,Copper,2.5184141090266734,Buses,,FCEV
Global Net-zero,Canada,2034,Vehicle battery,Lithium,2.9694693684943467,Buses,,FCEV
Global Net-zero,Canada,2034,Vehicle battery,Nickel,4.477181171991145,Buses,,FCEV
Global Net-zero,Canada,2034,Vehicle battery,Cobalt,0.22535500612996426,Cars,,FCEV
Global Net-zero,Canada,2034,Vehicle battery,Copper,0.07232367738026549,Cars,,FCEV
Global Net-zero,Canada,2034,Vehicle battery,Lithium,0.018844547874896797,Cars,,FCEV
Global Net-zero,Canada,2034,Vehicle battery,Nickel,0.02052880172657798,Cars,,FCEV
Global Net-zero,Canada,2034,Vehicle battery,Cobalt,0.0,Cars,,FCEV
Global Net-zero,Canada,2034,Vehicle battery,Copper,0.0,Cars,,FCEV
Global Net-zero,Canada,2034,Vehicle battery,Lithium,0.0,Cars,,FCEV
Global Net-zero,Canada,2034,Vehicle battery,Cobalt,0.015717335444310296,Cars,,FCEV
Global Net-zero,Canada,2034,Vehicle battery,Copper,0.05096741797861832,Cars,,FCEV
Global Net-zero,Canada,2034,Vehicle battery,Graphite,0.006857566718886227,Cars,,FCEV
Global Net-zero,Canada,2034,Vehicle battery,Lithium,0.0188107365344608,Cars,,FCEV
Global Net-zero,Canada,2034,Vehicle battery,Nickel,0.08317384210316817,Cars,,FCEV
Global Net-zero,Canada,2034,Vehicle battery,Cobalt,0.04752202922803354,Cars,,FCEV
Global Net-zero,Canada,2034,Vehicle battery,Copper,0.06974069840381557,Cars,,FCEV
Global Net-zero,Canada,2034,Vehicle battery,Lithium,0.08223145943522807,Cars,,FCEV
Global Net-zero,Canada,2034,Vehicle battery,Nickel,0.12398347860898555,Cars,,FCEV
Global Net-zero,Canada,2034,Vehicle battery,Nickel,0.016358935824096345,Cars,,FCEV
Global Net-zero,Canada,2034,Vehicle battery,Cobalt,7.920338204672254,Trucks,,FCEV
Global Net-zero,Canada,2034,Vehicle battery,Copper,11.62344973396926,Trucks,,FCEV
Global Net-zero,Canada,2034,Vehicle battery,Lithium,13.705243239204675,Trucks,,FCEV
Global Net-zero,Canada,2034,Vehicle battery,Nickel,20.663913101497588,Trucks,,FCEV
Global Net-zero,Canada,2034,Vehicle battery,Cobalt,5988.004448596193,Cars,,PHEV
Global Net-zero,Canada,2034,Vehicle battery,Copper,1921.7434275327685,Cars,,PHEV
Global Net-zero,Canada,2034,Vehicle battery,Lithium,500.7265578186863,Cars,,PHEV
Global Net-zero,Canada,2034,Vehicle battery,Nickel,545.4795887347863,Cars,,PHEV
Global Net-zero,Canada,2034,Vehicle battery,Cobalt,0.0,Cars,,PHEV
Global Net-zero,Canada,2034,Vehicle battery,Copper,0.0,Cars,,PHEV
Global Net-zero,Canada,2034,Vehicle battery,Lithium,0.0,Cars,,PHEV
Global Net-zero,Canada,2034,Vehicle battery,Cobalt,417.6320560916735,Cars,,PHEV
Global Net-zero,Canada,2034,Vehicle battery,Copper,1354.2771062890008,Cars,,PHEV
Global Net-zero,Canada,2034,Vehicle battery,Graphite,182.21534424469115,Cars,,PHEV
Global Net-zero,Canada,2034,Vehicle battery,Lithium,499.82814220138687,Cars,,PHEV
Global Net-zero,Canada,2034,Vehicle battery,Nickel,2210.0478044556107,Cars,,PHEV
Global Net-zero,Canada,2034,Vehicle battery,Cobalt,1262.7282052020337,Cars,,PHEV
Global Net-zero,Canada,2034,Vehicle battery,Copper,1853.1099861585276,Cars,,PHEV
Global Net-zero,Canada,2034,Vehicle battery,Lithium,2185.007350707488,Cars,,PHEV
Global Net-zero,Canada,2034,Vehicle battery,Nickel,3294.418145895901,Cars,,PHEV
Global Net-zero,Canada,2034,Vehicle battery,Nickel,434.68029475456,Cars,,PHEV
Global Net-zero,Canada,2034,Vehicle battery,Cobalt,898.329441578646,Vans,,PHEV
Global Net-zero,Canada,2034,Vehicle battery,Copper,288.30284194556117,Vans,,PHEV
Global Net-zero,Canada,2034,Vehicle battery,Lithium,75.11975198587432,Vans,,PHEV
Global Net-zero,Canada,2034,Vehicle battery,Nickel,81.8336690540617,Vans,,PHEV
Global Net-zero,Canada,2034,Vehicle battery,Cobalt,0.0,Vans,,PHEV
Global Net-zero,Canada,2034,Vehicle battery,Copper,0.0,Vans,,PHEV
Global Net-zero,Canada,2034,Vehicle battery,Lithium,0.0,Vans,,PHEV
Global Net-zero,Canada,2034,Vehicle battery,Cobalt,62.65378974829063,Vans,,PHEV
Global Net-zero,Canada,2034,Vehicle battery,Copper,203.17069018219505,Vans,,PHEV
Global Net-zero,Canada,2034,Vehicle battery,Graphite,27.33622024625732,Vans,,PHEV
Global Net-zero,Canada,2034,Vehicle battery,Lithium,74.98497032251343,Vans,,PHEV
Global Net-zero,Canada,2034,Vehicle battery,Nickel,331.5546985781149,Vans,,PHEV
Global Net-zero,Canada,2034,Vehicle battery,Cobalt,189.43638622557822,Vans,,PHEV
Global Net-zero,Canada,2034,Vehicle battery,Copper,278.0063497514385,Vans,,PHEV
Global Net-zero,Canada,2034,Vehicle battery,Lithium,327.79809201151477,Vans,,PHEV
Global Net-zero,Canada,2034,Vehicle battery,Nickel,494.2335695864474,Vans,,PHEV
Global Net-zero,Canada,2034,Vehicle battery,Nickel,65.21139217651205,Vans,,PHEV
Global Net-zero,Canada,2035,Vehicle battery,Cobalt,15.37687382533076,2 and 3 wheelers,,BEV
Global Net-zero,Canada,2035,Vehicle battery,Copper,4.93493391053805,2 and 3 wheelers,,BEV
Global Net-zero,Canada,2035,Vehicle battery,Lithium,1.2858389078811048,2 and 3 wheelers,,BEV
Global Net-zero,Canada,2035,Vehicle battery,Nickel,1.4007622877158221,2 and 3 wheelers,,BEV
Global Net-zero,Canada,2035,Vehicle battery,Cobalt,267.0391469878051,Buses,,BEV
Global Net-zero,Canada,2035,Vehicle battery,Copper,391.89186393376013,Buses,,BEV
Global Net-zero,Canada,2035,Vehicle battery,Lithium,462.0808315607836,Buses,,BEV
Global Net-zero,Canada,2035,Vehicle battery,Nickel,696.6967300460606,Buses,,BEV
Global Net-zero,Canada,2035,Vehicle battery,Cobalt,93090.3881092328,Cars,,BEV
Global Net-zero,Canada,2035,Vehicle battery,Copper,29875.702840757313,Cars,,BEV
Global Net-zero,Canada,2035,Vehicle battery,Lithium,7784.367898201787,Cars,,BEV
Global Net-zero,Canada,2035,Vehicle battery,Nickel,8480.105026122746,Cars,,BEV
Global Net-zero,Canada,2035,Vehicle battery,Cobalt,0.0,Cars,,BEV
Global Net-zero,Canada,2035,Vehicle battery,Copper,0.0,Cars,,BEV
Global Net-zero,Canada,2035,Vehicle battery,Lithium,0.0,Cars,,BEV
Global Net-zero,Canada,2035,Vehicle battery,Cobalt,5798.014828632434,Cars,,BEV
Global Net-zero,Canada,2035,Vehicle battery,Copper,18801.523086669975,Cars,,BEV
Global Net-zero,Canada,2035,Vehicle battery,Graphite,2529.7082743647816,Cars,,BEV
Global Net-zero,Canada,2035,Vehicle battery,Lithium,6939.148798518728,Cars,,BEV
Global Net-zero,Canada,2035,Vehicle battery,Nickel,30682.2471008007,Cars,,BEV
Global Net-zero,Canada,2035,Vehicle battery,Cobalt,18321.852584996625,Cars,,BEV
Global Net-zero,Canada,2035,Vehicle battery,Copper,26888.136219899647,Cars,,BEV
Global Net-zero,Canada,2035,Vehicle battery,Lithium,31703.879276531537,Cars,,BEV
Global Net-zero,Canada,2035,Vehicle battery,Nickel,47801.13675593803,Cars,,BEV
Global Net-zero,Canada,2035,Vehicle battery,Nickel,6081.842777598748,Cars,,BEV
Global Net-zero,Canada,2035,Vehicle battery,Cobalt,2967.101633197834,Trucks,,BEV
Global Net-zero,Canada,2035,Vehicle battery,Copper,4354.354043708446,Trucks,,BEV
Global Net-zero,Canada,2035,Vehicle battery,Lithium,5134.231461786484,Trucks,,BEV
Global Net-zero,Canada,2035,Vehicle battery,Nickel,7741.074778289561,Trucks,,BEV
Global Net-zero,Canada,2035,Vehicle battery,Cobalt,6218.588679361704,Vans,,BEV
Global Net-zero,Canada,2035,Vehicle battery,Copper,1995.7453314675938,Vans,,BEV
Global Net-zero,Canada,2035,Vehicle battery,Lithium,520.0083818636822,Vans,,BEV
Global Net-zero,Canada,2035,Vehicle battery,Nickel,566.4847487086046,Vans,,BEV
Global Net-zero,Canada,2035,Vehicle battery,Cobalt,0.0,Vans,,BEV
Global Net-zero,Canada,2035,Vehicle battery,Copper,0.0,Vans,,BEV
Global Net-zero,Canada,2035,Vehicle battery,Lithium,0.0,Vans,,BEV
Global Net-zero,Canada,2035,Vehicle battery,Cobalt,387.31678005034485,Vans,,BEV
Global Net-zero,Canada,2035,Vehicle battery,Copper,1255.972190000221,Vans,,BEV
Global Net-zero,Canada,2035,Vehicle battery,Graphite,168.9886094211291,Vans,,BEV
Global Net-zero,Canada,2035,Vehicle battery,Lithium,463.54637722898383,Vans,,BEV
Global Net-zero,Canada,2035,Vehicle battery,Nickel,2049.623794183043,Vans,,BEV
Global Net-zero,Canada,2035,Vehicle battery,Cobalt,1223.9294236941064,Vans,,BEV
Global Net-zero,Canada,2035,Vehicle battery,Copper,1796.1710430297337,Vans,,BEV
Global Net-zero,Canada,2035,Vehicle battery,Lithium,2117.8704779869245,Vans,,BEV
Global Net-zero,Canada,2035,Vehicle battery,Nickel,3193.1933460444434,Vans,,BEV
Global Net-zero,Canada,2035,Vehicle battery,Nickel,406.2769466816977,Vans,,BEV
Global Net-zero,Canada,2035,Vehicle battery,Cobalt,1.9286160615785921,Buses,,FCEV
Global Net-zero,Canada,2035,Vehicle battery,Copper,2.8303301284104894,Buses,,FCEV
Global Net-zero,Canada,2035,Vehicle battery,Lithium,3.3372504501612146,Buses,,FCEV
Global Net-zero,Canada,2035,Vehicle battery,Nickel,5.031698605888214,Buses,,FCEV
Global Net-zero,Canada,2035,Vehicle battery,Cobalt,0.26381891366989046,Cars,,FCEV
Global Net-zero,Canada,2035,Vehicle battery,Copper,0.08466798375923125,Cars,,FCEV
Global Net-zero,Canada,2035,Vehicle battery,Lithium,0.022060961654822877,Cars,,FCEV
Global Net-zero,Canada,2035,Vehicle battery,Nickel,0.02403268630884989,Cars,,FCEV
Global Net-zero,Canada,2035,Vehicle battery,Cobalt,0.0,Cars,,FCEV
Global Net-zero,Canada,2035,Vehicle battery,Copper,0.0,Cars,,FCEV
Global Net-zero,Canada,2035,Vehicle battery,Lithium,0.0,Cars,,FCEV
Global Net-zero,Canada,2035,Vehicle battery,Cobalt,0.01643162097183281,Cars,,FCEV
Global Net-zero,Canada,2035,Vehicle battery,Copper,0.05328366866667604,Cars,,FCEV
Global Net-zero,Canada,2035,Vehicle battery,Graphite,0.0071692137330175995,Cars,,FCEV
Global Net-zero,Canada,2035,Vehicle battery,Lithium,0.019665603882441738,Cars,,FCEV
Global Net-zero,Canada,2035,Vehicle battery,Nickel,0.08695373672291698,Cars,,FCEV
Global Net-zero,Canada,2035,Vehicle battery,Cobalt,0.05192427858096209,Cars,,FCEV
Global Net-zero,Canada,2035,Vehicle battery,Copper,0.07620119576489778,Cars,,FCEV
Global Net-zero,Canada,2035,Vehicle battery,Lithium,0.08984905058126347,Cars,,FCEV
Global Net-zero,Canada,2035,Vehicle battery,Nickel,0.13546880862006733,Cars,,FCEV
Global Net-zero,Canada,2035,Vehicle battery,Nickel,0.01723599167740536,Cars,,FCEV
Global Net-zero,Canada,2035,Vehicle battery,Cobalt,8.901304899593502,Trucks,,FCEV
Global Net-zero,Canada,2035,Vehicle battery,Copper,13.063062131125337,Trucks,,FCEV
Global Net-zero,Canada,2035,Vehicle battery,Lithium,15.402694385359451,Trucks,,FCEV
Global Net-zero,Canada,2035,Vehicle battery,Nickel,23.223224334868686,Trucks,,FCEV
Global Net-zero,Canada,2035,Vehicle battery,Cobalt,7010.045420371376,Cars,,PHEV
Global Net-zero,Canada,2035,Vehicle battery,Copper,2249.749282745288,Cars,,PHEV
Global Net-zero,Canada,2035,Vehicle battery,Lithium,586.1912668281508,Cars,,PHEV
Global Net-zero,Canada,2035,Vehicle battery,Nickel,638.5828076351543,Cars,,PHEV
Global Net-zero,Canada,2035,Vehicle battery,Cobalt,0.0,Cars,,PHEV
Global Net-zero,Canada,2035,Vehicle battery,Copper,0.0,Cars,,PHEV
Global Net-zero,Canada,2035,Vehicle battery,Lithium,0.0,Cars,,PHEV
Global Net-zero,Canada,2035,Vehicle battery,Cobalt,436.61164296584326,Cars,,PHEV
Global Net-zero,Canada,2035,Vehicle battery,Copper,1415.8231960002493,Cars,,PHEV
Global Net-zero,Canada,2035,Vehicle battery,Graphite,190.4962506201819,Cars,,PHEV
Global Net-zero,Canada,2035,Vehicle battery,Lithium,522.543188876309,Cars,,PHEV
Global Net-zero,Canada,2035,Vehicle battery,Nickel,2310.4850043517936,Cars,,PHEV
Global Net-zero,Canada,2035,Vehicle battery,Cobalt,1379.7022594369928,Cars,,PHEV
Global Net-zero,Canada,2035,Vehicle battery,Copper,2024.774630324427,Cars,,PHEV
Global Net-zero,Canada,2035,Vehicle battery,Lithium,2387.4176297307154,Cars,,PHEV
Global Net-zero,Canada,2035,Vehicle battery,Nickel,3599.599771904646,Cars,,PHEV
Global Net-zero,Canada,2035,Vehicle battery,Nickel,457.9849217139139,Cars,,PHEV
Global Net-zero,Canada,2035,Vehicle battery,Cobalt,1051.6575667206607,Vans,,PHEV
Global Net-zero,Canada,2035,Vehicle battery,Copper,337.5107741167985,Vans,,PHEV
Global Net-zero,Canada,2035,Vehicle battery,Lithium,87.94129628802538,Vans,,PHEV
Global Net-zero,Canada,2035,Vehicle battery,Nickel,95.8011541088782,Vans,,PHEV
Global Net-zero,Canada,2035,Vehicle battery,Cobalt,0.0,Vans,,PHEV
Global Net-zero,Canada,2035,Vehicle battery,Copper,0.0,Vans,,PHEV
Global Net-zero,Canada,2035,Vehicle battery,Lithium,0.0,Vans,,PHEV
Global Net-zero,Canada,2035,Vehicle battery,Cobalt,65.50113594257468,Vans,,PHEV
Global Net-zero,Canada,2035,Vehicle battery,Copper,212.4039272107041,Vans,,PHEV
Global Net-zero,Canada,2035,Vehicle battery,Graphite,28.578534286589015,Vans,,PHEV
Global Net-zero,Canada,2035,Vehicle battery,Lithium,78.39271581937919,Vans,,PHEV
Global Net-zero,Canada,2035,Vehicle battery,Nickel,346.62243850232505,Vans,,PHEV
Global Net-zero,Canada,2035,Vehicle battery,Cobalt,206.9850099318809,Vans,,PHEV
Global Net-zero,Canada,2035,Vehicle battery,Copper,303.7597380891012,Vans,,PHEV
Global Net-zero,Canada,2035,Vehicle battery,Lithium,358.1639867742251,Vans,,PHEV
Global Net-zero,Canada,2035,Vehicle battery,Nickel,540.0173765334798,Vans,,PHEV
Global Net-zero,Canada,2035,Vehicle battery,Nickel,68.70758739518845,Vans,,PHEV
Global Net-zero,Canada,2036,Vehicle battery,Cobalt,17.254093799370384,2 and 3 wheelers,,BEV
Global Net-zero,Canada,2036,Vehicle battery,Copper,5.537394242375249,2 and 3 wheelers,,BEV
Global Net-zero,Canada,2036,Vehicle battery,Lithium,1.4428150597758669,2 and 3 wheelers,,BEV
Global Net-zero,Canada,2036,Vehicle battery,Nickel,1.5717683696575149,2 and 3 wheelers,,BEV
Global Net-zero,Canada,2036,Vehicle battery,Cobalt,299.63948085737354,Buses,,BEV
Global Net-zero,Canada,2036,Vehicle battery,Copper,439.73430856825973,Buses,,BEV
Global Net-zero,Canada,2036,Vehicle battery,Lithium,518.4919965661051,Buses,,BEV
Global Net-zero,Canada,2036,Vehicle battery,Nickel,781.749975090973,Buses,,BEV
Global Net-zero,Canada,2036,Vehicle battery,Cobalt,108633.12782309474,Cars,,BEV
Global Net-zero,Canada,2036,Vehicle battery,Copper,34863.86845542535,Cars,,BEV
Global Net-zero,Canada,2036,Vehicle battery,Lithium,9084.076778314331,Cars,,BEV
Global Net-zero,Canada,2036,Vehicle battery,Nickel,9895.976931314275,Cars,,BEV
Global Net-zero,Canada,2036,Vehicle battery,Cobalt,0.0,Cars,,BEV
Global Net-zero,Canada,2036,Vehicle battery,Copper,0.0,Cars,,BEV
Global Net-zero,Canada,2036,Vehicle battery,Lithium,0.0,Cars,,BEV
Global Net-zero,Canada,2036,Vehicle battery,Cobalt,6017.902655426232,Cars,,BEV
Global Net-zero,Canada,2036,Vehicle battery,Copper,19514.564735257205,Cars,,BEV
Global Net-zero,Canada,2036,Vehicle battery,Graphite,2625.646637979412,Cars,,BEV
Global Net-zero,Canada,2036,Vehicle battery,Lithium,7202.313760010378,Cars,,BEV
Global Net-zero,Canada,2036,Vehicle battery,Nickel,31845.861343873737,Cars,,BEV
Global Net-zero,Canada,2036,Vehicle battery,Cobalt,19971.209208255736,Cars,,BEV
Global Net-zero,Canada,2036,Vehicle battery,Copper,29308.6406615575,Cars,,BEV
Global Net-zero,Canada,2036,Vehicle battery,Lithium,34557.903072715475,Cars,,BEV
Global Net-zero,Canada,2036,Vehicle battery,Nickel,52104.25627630151,Cars,,BEV
Global Net-zero,Canada,2036,Vehicle battery,Nickel,6369.364008557913,Cars,,BEV
Global Net-zero,Canada,2036,Vehicle battery,Cobalt,3329.327565081928,Trucks,,BEV
Global Net-zero,Canada,2036,Vehicle battery,Copper,4885.936761869551,Trucks,,BEV
Global Net-zero,Canada,2036,Vehicle battery,Lithium,5761.022184067833,Trucks,,BEV
Global Net-zero,Canada,2036,Vehicle battery,Nickel,8686.110834344143,Trucks,,BEV
Global Net-zero,Canada,2036,Vehicle battery,Cobalt,7256.868862676368,Vans,,BEV
Global Net-zero,Canada,2036,Vehicle battery,Copper,2328.9628725284133,Vans,,BEV
Global Net-zero,Canada,2036,Vehicle battery,Lithium,606.8310398469085,Vans,,BEV
Global Net-zero,Canada,2036,Vehicle battery,Nickel,661.0672848853665,Vans,,BEV
Global Net-zero,Canada,2036,Vehicle battery,Cobalt,0.0,Vans,,BEV
Global Net-zero,Canada,2036,Vehicle battery,Copper,0.0,Vans,,BEV
Global Net-zero,Canada,2036,Vehicle battery,Lithium,0.0,Vans,,BEV
Global Net-zero,Canada,2036,Vehicle battery,Cobalt,402.00564297381703,Vans,,BEV
Global Net-zero,Canada,2036,Vehicle battery,Copper,1303.6045268491653,Vans,,BEV
Global Net-zero,Canada,2036,Vehicle battery,Graphite,175.39744747635746,Vans,,BEV
Global Net-zero,Canada,2036,Vehicle battery,Lithium,481.1262228347013,Vans,,BEV
Global Net-zero,Canada,2036,Vehicle battery,Nickel,2127.3551100158566,Vans,,BEV
Global Net-zero,Canada,2036,Vehicle battery,Cobalt,1334.1091171506866,Vans,,BEV
Global Net-zero,Canada,2036,Vehicle battery,Copper,1957.8646595777273,Vans,,BEV
Global Net-zero,Canada,2036,Vehicle battery,Lithium,2308.5238894728955,Vans,,BEV
Global Net-zero,Canada,2036,Vehicle battery,Nickel,3480.6486986193313,Vans,,BEV
Global Net-zero,Canada,2036,Vehicle battery,Nickel,425.4838305311966,Vans,,BEV
Global Net-zero,Canada,2036,Vehicle battery,Cobalt,2.1640629173032533,Buses,,FCEV
Global Net-zero,Canada,2036,Vehicle battery,Copper,3.1758588952152094,Buses,,FCEV
Global Net-zero,Canada,2036,Vehicle battery,Lithium,3.744664419644092,Buses,,FCEV
Global Net-zero,Canada,2036,Vehicle battery,Nickel,5.645972042323693,Buses,,FCEV
Global Net-zero,Canada,2036,Vehicle battery,Cobalt,0.3078671638711186,Cars,,FCEV
Global Net-zero,Canada,2036,Vehicle battery,Copper,0.09880448550120542,Cars,,FCEV
Global Net-zero,Canada,2036,Vehicle battery,Lithium,0.025744347145020365,Cars,,FCEV
Global Net-zero,Canada,2036,Vehicle battery,Nickel,0.028045278752712517,Cars,,FCEV
Global Net-zero,Canada,2036,Vehicle battery,Cobalt,0.0,Cars,,FCEV
Global Net-zero,Canada,2036,Vehicle battery,Copper,0.0,Cars,,FCEV
Global Net-zero,Canada,2036,Vehicle battery,Lithium,0.0,Cars,,FCEV
Global Net-zero,Canada,2036,Vehicle battery,Cobalt,0.017054784853434663,Cars,,FCEV
Global Net-zero,Canada,2036,Vehicle battery,Copper,0.055304434472388836,Cars,,FCEV
Global Net-zero,Canada,2036,Vehicle battery,Graphite,0.007441103832330317,Cars,,FCEV
Global Net-zero,Canada,2036,Vehicle battery,Lithium,0.02041141551419945,Cars,,FCEV
Global Net-zero,Canada,2036,Vehicle battery,Nickel,0.09025142890976362,Cars,,FCEV
Global Net-zero,Canada,2036,Vehicle battery,Cobalt,0.056598568606392764,Cars,,FCEV
Global Net-zero,Canada,2036,Vehicle battery,Copper,0.08306092495178238,Cars,,FCEV
Global Net-zero,Canada,2036,Vehicle battery,Lithium,0.09793737712915315,Cars,,FCEV
Global Net-zero,Canada,2036,Vehicle battery,Nickel,0.1476638841838504,Cars,,FCEV
Global Net-zero,Canada,2036,Vehicle battery,Nickel,0.018050829174050764,Cars,,FCEV
Global Net-zero,Canada,2036,Vehicle battery,Cobalt,9.987982695245782,Trucks,,FCEV
Global Net-zero,Canada,2036,Vehicle battery,Copper,14.657810285608655,Trucks,,FCEV
Global Net-zero,Canada,2036,Vehicle battery,Lithium,17.2830665522035,Trucks,,FCEV
Global Net-zero,Canada,2036,Vehicle battery,Nickel,26.058332503032428,Trucks,,FCEV
Global Net-zero,Canada,2036,Vehicle battery,Cobalt,8180.470354289724,Cars,,PHEV
Global Net-zero,Canada,2036,Vehicle battery,Copper,2625.3763290320303,Cars,,PHEV
Global Net-zero,Canada,2036,Vehicle battery,Lithium,684.0640812819698,Cars,,PHEV
Global Net-zero,Canada,2036,Vehicle battery,Nickel,745.2031211435042,Cars,,PHEV
Global Net-zero,Canada,2036,Vehicle battery,Cobalt,0.0,Cars,,PHEV
Global Net-zero,Canada,2036,Vehicle battery,Copper,0.0,Cars,,PHEV
Global Net-zero,Canada,2036,Vehicle battery,Lithium,0.0,Cars,,PHEV
Global Net-zero,Canada,2036,Vehicle battery,Cobalt,453.1699975341211,Cars,,PHEV
Global Net-zero,Canada,2036,Vehicle battery,Copper,1469.517830266332,Cars,,PHEV
Global Net-zero,Canada,2036,Vehicle battery,Graphite,197.72075897334844,Cars,,PHEV
Global Net-zero,Canada,2036,Vehicle battery,Lithium,542.3604693772998,Cars,,PHEV
Global Net-zero,Canada,2036,Vehicle battery,Nickel,2398.1093967451475,Cars,,PHEV
Global Net-zero,Canada,2036,Vehicle battery,Cobalt,1503.904822969865,Cars,,PHEV
Global Net-zero,Canada,2036,Vehicle battery,Copper,2207.047434433075,Cars,,PHEV
Global Net-zero,Canada,2036,Vehicle battery,Lithium,2602.336020860356,Cars,,PHEV
Global Net-zero,Canada,2036,Vehicle battery,Nickel,3923.640351170883,Cars,,PHEV
Global Net-zero,Canada,2036,Vehicle battery,Nickel,479.6363180533489,Cars,,PHEV
Global Net-zero,Canada,2036,Vehicle battery,Cobalt,1227.2464772370993,Vans,,PHEV
Global Net-zero,Canada,2036,Vehicle battery,Copper,393.8629090608051,Vans,,PHEV
Global Net-zero,Canada,2036,Vehicle battery,Lithium,102.62432324780688,Vans,,PHEV
Global Net-zero,Canada,2036,Vehicle battery,Nickel,111.79649404509858,Vans,,PHEV
Global Net-zero,Canada,2036,Vehicle battery,Cobalt,0.0,Vans,,PHEV
Global Net-zero,Canada,2036,Vehicle battery,Copper,0.0,Vans,,PHEV
Global Net-zero,Canada,2036,Vehicle battery,Lithium,0.0,Vans,,PHEV
Global Net-zero,Canada,2036,Vehicle battery,Cobalt,67.98524522146297,Vans,,PHEV
Global Net-zero,Canada,2036,Vehicle battery,Copper,220.45927707393403,Vans,,PHEV
Global Net-zero,Canada,2036,Vehicle battery,Graphite,29.66236590533502,Vans,,PHEV
Global Net-zero,Canada,2036,Vehicle battery,Lithium,81.36573407260306,Vans,,PHEV
Global Net-zero,Canada,2036,Vehicle battery,Nickel,359.76798175686343,Vans,,PHEV
Global Net-zero,Canada,2036,Vehicle battery,Cobalt,225.61806548468343,Vans,,PHEV
Global Net-zero,Canada,2036,Vehicle battery,Copper,331.104578550648,Vans,,PHEV
Global Net-zero,Canada,2036,Vehicle battery,Lithium,390.40636734455575,Vans,,PHEV
Global Net-zero,Canada,2036,Vehicle battery,Nickel,588.6304320380233,Vans,,PHEV
Global Net-zero,Canada,2036,Vehicle battery,Nickel,71.95576246753035,Vans,,PHEV
Global Net-zero,Canada,2037,Vehicle battery,Cobalt,19.099214943833303,2 and 3 wheelers,,BEV
Global Net-zero,Canada,2037,Vehicle battery,Copper,6.129553026292757,2 and 3 wheelers,,BEV
Global Net-zero,Canada,2037,Vehicle battery,Lithium,1.5971070559419664,2 and 3 wheelers,,BEV
Global Net-zero,Canada,2037,Vehicle battery,Nickel,1.7398503962637986,2 and 3 wheelers,,BEV
Global Net-zero,Canada,2037,Vehicle battery,Cobalt,331.6823773591884,Buses,,BEV
Global Net-zero,Canada,2037,Vehicle battery,Copper,486.7586889918021,Buses,,BEV
Global Net-zero,Canada,2037,Vehicle battery,Lithium,573.9385796914283,Buses,,BEV
Global Net-zero,Canada,2037,Vehicle battery,Nickel,865.3488835874799,Buses,,BEV
Global Net-zero,Canada,2037,Vehicle battery,Cobalt,124875.16123571008,Cars,,BEV
Global Net-zero,Canada,2037,Vehicle battery,Copper,40076.45993367294,Cars,,BEV
Global Net-zero,Canada,2037,Vehicle battery,Lithium,10442.26172164409,Cars,,BEV
Global Net-zero,Canada,2037,Vehicle battery,Nickel,11375.551267336541,Cars,,BEV
Global Net-zero,Canada,2037,Vehicle battery,Cobalt,0.0,Cars,,BEV
Global Net-zero,Canada,2037,Vehicle battery,Copper,0.0,Cars,,BEV
Global Net-zero,Canada,2037,Vehicle battery,Lithium,0.0,Cars,,BEV
Global Net-zero,Canada,2037,Vehicle battery,Cobalt,6121.328874116675,Cars,,BEV
Global Net-zero,Canada,2037,Vehicle battery,Copper,19849.950293236885,Cars,,BEV
Global Net-zero,Canada,2037,Vehicle battery,Graphite,2670.772110911186,Cars,,BEV
Global Net-zero,Canada,2037,Vehicle battery,Lithium,7326.095768572506,Cars,,BEV
Global Net-zero,Canada,2037,Vehicle battery,Nickel,32393.177777576293,Cars,,BEV
Global Net-zero,Canada,2037,Vehicle battery,Cobalt,21456.690935355116,Cars,,BEV
Global Net-zero,Canada,2037,Vehicle battery,Copper,31488.65138073158,Cars,,BEV
Global Net-zero,Canada,2037,Vehicle battery,Lithium,37128.36002432406,Cars,,BEV
Global Net-zero,Canada,2037,Vehicle battery,Nickel,55979.831350171014,Cars,,BEV
Global Net-zero,Canada,2037,Vehicle battery,Nickel,6546.885533798157,Cars,,BEV
Global Net-zero,Canada,2037,Vehicle battery,Cobalt,3685.3597484354273,Trucks,,BEV
Global Net-zero,Canada,2037,Vehicle battery,Copper,5408.42987768669,Trucks,,BEV
Global Net-zero,Canada,2037,Vehicle battery,Lithium,6377.09532990476,Trucks,,BEV
Global Net-zero,Canada,2037,Vehicle battery,Nickel,9614.987595416444,Trucks,,BEV
Global Net-zero,Canada,2037,Vehicle battery,Cobalt,8341.862997527192,Vans,,BEV
Global Net-zero,Canada,2037,Vehicle battery,Copper,2677.1724247190423,Vans,,BEV
Global Net-zero,Canada,2037,Vehicle battery,Lithium,697.5599935511235,Vans,,BEV
Global Net-zero,Canada,2037,Vehicle battery,Nickel,759.9052466034532,Vans,,BEV
Global Net-zero,Canada,2037,Vehicle battery,Cobalt,0.0,Vans,,BEV
Global Net-zero,Canada,2037,Vehicle battery,Copper,0.0,Vans,,BEV
Global Net-zero,Canada,2037,Vehicle battery,Lithium,0.0,Vans,,BEV
Global Net-zero,Canada,2037,Vehicle battery,Cobalt,408.91468187419093,Vans,,BEV
Global Net-zero,Canada,2037,Vehicle battery,Copper,1326.0088252567152,Vans,,BEV
Global Net-zero,Canada,2037,Vehicle battery,Graphite,178.41190214588894,Vans,,BEV
Global Net-zero,Canada,2037,Vehicle battery,Lithium,489.39506146334566,Vans,,BEV
Global Net-zero,Canada,2037,Vehicle battery,Nickel,2163.9167341295906,Vans,,BEV
Global Net-zero,Canada,2037,Vehicle battery,Cobalt,1433.34170215935,Vans,,BEV
Global Net-zero,Canada,2037,Vehicle battery,Copper,2103.4929060002873,Vans,,BEV
Global Net-zero,Canada,2037,Vehicle battery,Lithium,2480.2345765236723,Vans,,BEV
Global Net-zero,Canada,2037,Vehicle battery,Nickel,3739.543389788752,Vans,,BEV
Global Net-zero,Canada,2037,Vehicle battery,Nickel,437.34255590149627,Vans,,BEV
Global Net-zero,Canada,2037,Vehicle battery,Cobalt,2.3954838364830278,Buses,,FCEV
Global Net-zero,Canada,2037,Vehicle battery,Copper,3.515479420496349,Buses,,FCEV
Global Net-zero,Canada,2037,Vehicle battery,Lithium,4.145111964438093,Buses,,FCEV
Global Net-zero,Canada,2037,Vehicle battery,Nickel,6.249741937020688,Buses,,FCEV
Global Net-zero,Canada,2037,Vehicle battery,Cobalt,0.3538972180769112,Cars,,FCEV
Global Net-zero,Canada,2037,Vehicle battery,Copper,0.11357701195777757,Cars,,FCEV
Global Net-zero,Canada,2037,Vehicle battery,Lithium,0.029593454271865847,Cars,,FCEV
Global Net-zero,Canada,2037,Vehicle battery,Nickel,0.032238404401358625,Cars,,FCEV
Global Net-zero,Canada,2037,Vehicle battery,Cobalt,0.0,Cars,,FCEV
Global Net-zero,Canada,2037,Vehicle battery,Copper,0.0,Cars,,FCEV
Global Net-zero,Canada,2037,Vehicle battery,Lithium,0.0,Cars,,FCEV
Global Net-zero,Canada,2037,Vehicle battery,Cobalt,0.017347895594662644,Cars,,FCEV
Global Net-zero,Canada,2037,Vehicle battery,Copper,0.0562549198593758,Cars,,FCEV
Global Net-zero,Canada,2037,Vehicle battery,Graphite,0.00756898978800741,Cars,,FCEV
Global Net-zero,Canada,2037,Vehicle battery,Lithium,0.020762214728747997,Cars,,FCEV
Global Net-zero,Canada,2037,Vehicle battery,Nickel,0.0918025281145887,Cars,,FCEV
Global Net-zero,Canada,2037,Vehicle battery,Cobalt,0.06080843584918455,Cars,,FCEV
Global Net-zero,Canada,2037,Vehicle battery,Copper,0.0892390929818304,Cars,,FCEV
Global Net-zero,Canada,2037,Vehicle battery,Lithium,0.10522207294342853,Cars,,FCEV
Global Net-zero,Canada,2037,Vehicle battery,Nickel,0.1586472953243713,Cars,,FCEV
Global Net-zero,Canada,2037,Vehicle battery,Nickel,0.018553926614002875,Cars,,FCEV
Global Net-zero,Canada,2037,Vehicle battery,Cobalt,11.05607924530628,Trucks,,FCEV
Global Net-zero,Canada,2037,Vehicle battery,Copper,16.22528963306007,Trucks,,FCEV
Global Net-zero,Canada,2037,Vehicle battery,Lithium,19.131285989714275,Trucks,,FCEV
Global Net-zero,Canada,2037,Vehicle battery,Nickel,28.84496278624933,Trucks,,FCEV
Global Net-zero,Canada,2037,Vehicle battery,Cobalt,9403.554651757924,Cars,,PHEV
Global Net-zero,Canada,2037,Vehicle battery,Copper,3017.9034605923753,Cars,,PHEV
Global Net-zero,Canada,2037,Vehicle battery,Lithium,786.340356366721,Cars,,PHEV
Global Net-zero,Canada,2037,Vehicle battery,Nickel,856.620459807529,Cars,,PHEV
Global Net-zero,Canada,2037,Vehicle battery,Cobalt,0.0,Cars,,PHEV
Global Net-zero,Canada,2037,Vehicle battery,Copper,0.0,Cars,,PHEV
Global Net-zero,Canada,2037,Vehicle battery,Lithium,0.0,Cars,,PHEV
Global Net-zero,Canada,2037,Vehicle battery,Cobalt,460.9583686581788,Cars,,PHEV
Global Net-zero,Canada,2037,Vehicle battery,Copper,1494.7735848348425,Cars,,PHEV
Global Net-zero,Canada,2037,Vehicle battery,Graphite,201.11887150991117,Cars,,PHEV
Global Net-zero,Canada,2037,Vehicle battery,Lithium,551.6817056495895,Cars,,PHEV
Global Net-zero,Canada,2037,Vehicle battery,Nickel,2439.324318473357,Cars,,PHEV
Global Net-zero,Canada,2037,Vehicle battery,Cobalt,1615.7670097069038,Cars,,PHEV
Global Net-zero,Canada,2037,Vehicle battery,Copper,2371.210184945779,Cars,,PHEV
Global Net-zero,Canada,2037,Vehicle battery,Lithium,2795.900795353958,Cars,,PHEV
Global Net-zero,Canada,2037,Vehicle battery,Nickel,4215.485275761866,Cars,,PHEV
Global Net-zero,Canada,2037,Vehicle battery,Nickel,493.00433574350495,Cars,,PHEV
Global Net-zero,Canada,2037,Vehicle battery,Cobalt,1410.7354247454468,Vans,,PHEV
Global Net-zero,Canada,2037,Vehicle battery,Copper,452.75042023854644,Vans,,PHEV
Global Net-zero,Canada,2037,Vehicle battery,Lithium,117.96796400030637,Vans,,PHEV
Global Net-zero,Canada,2037,Vehicle battery,Nickel,128.51149091650154,Vans,,PHEV
Global Net-zero,Canada,2037,Vehicle battery,Cobalt,0.0,Vans,,PHEV
Global Net-zero,Canada,2037,Vehicle battery,Copper,0.0,Vans,,PHEV
Global Net-zero,Canada,2037,Vehicle battery,Lithium,0.0,Vans,,PHEV
Global Net-zero,Canada,2037,Vehicle battery,Cobalt,69.15366838192377,Vans,,PHEV
Global Net-zero,Canada,2037,Vehicle battery,Copper,224.24818339371743,Vans,,PHEV
Global Net-zero,Canada,2037,Vehicle battery,Graphite,30.172155863508397,Vans,,PHEV
Global Net-zero,Canada,2037,Vehicle battery,Lithium,82.76411997014057,Vans,,PHEV
Global Net-zero,Canada,2037,Vehicle battery,Nickel,365.95110635849755,Vans,,PHEV
Global Net-zero,Canada,2037,Vehicle battery,Cobalt,242.39979913366363,Vans,,PHEV
Global Net-zero,Canada,2037,Vehicle battery,Copper,355.732521509285,Vans,,PHEV
Global Net-zero,Canada,2037,Vehicle battery,Lithium,419.44524620191845,Vans,,PHEV
Global Net-zero,Canada,2037,Vehicle battery,Nickel,632.4134469616081,Vans,,PHEV
Global Net-zero,Canada,2037,Vehicle battery,Nickel,73.96125260530516,Vans,,PHEV
Global Net-zero,Canada,2038,Vehicle battery,Cobalt,20.865112756723235,2 and 3 wheelers,,BEV
Global Net-zero,Canada,2038,Vehicle battery,Copper,6.696286492299334,2 and 3 wheelers,,BEV
Global Net-zero,Canada,2038,Vehicle battery,Lithium,1.7447742697689734,2 and 3 wheelers,,BEV
Global Net-zero,Canada,2038,Vehicle battery,Nickel,1.900715542739881,2 and 3 wheelers,,BEV
Global Net-zero,Canada,2038,Vehicle battery,Cobalt,362.3494590416132,Buses,,BEV
Global Net-zero,Canada,2038,Vehicle battery,Copper,531.7639997767529,Buses,,BEV
Global Net-zero,Canada,2038,Vehicle battery,Lithium,627.0044719592929,Buses,,BEV
Global Net-zero,Canada,2038,Vehicle battery,Nickel,945.3583345208164,Buses,,BEV
Global Net-zero,Canada,2038,Vehicle battery,Cobalt,141473.64688774303,Cars,,BEV
Global Net-zero,Canada,2038,Vehicle battery,Copper,45403.448412492355,Cars,,BEV
Global Net-zero,Canada,2038,Vehicle battery,Lithium,11830.25377423747,Cars,,BEV
Global Net-zero,Canada,2038,Vehicle battery,Nickel,12887.596758420605,Cars,,BEV
Global Net-zero,Canada,2038,Vehicle battery,Cobalt,0.0,Cars,,BEV
Global Net-zero,Canada,2038,Vehicle battery,Copper,0.0,Cars,,BEV
Global Net-zero,Canada,2038,Vehicle battery,Lithium,0.0,Cars,,BEV
Global Net-zero,Canada,2038,Vehicle battery,Cobalt,6097.24588804866,Cars,,BEV
Global Net-zero,Canada,2038,Vehicle battery,Copper,19771.85514654673,Cars,,BEV
Global Net-zero,Canada,2038,Vehicle battery,Graphite,2660.264561184543,Cars,,BEV
Global Net-zero,Canada,2038,Vehicle battery,Lithium,7297.272899232238,Cars,,BEV
Global Net-zero,Canada,2038,Vehicle battery,Nickel,32265.734135001432,Cars,,BEV
Global Net-zero,Canada,2038,Vehicle battery,Cobalt,22730.23908146755,Cars,,BEV
Global Net-zero,Canada,2038,Vehicle battery,Copper,33357.6401129798,Cars,,BEV
Global Net-zero,Canada,2038,Vehicle battery,Lithium,39332.0900505258,Cars,,BEV
Global Net-zero,Canada,2038,Vehicle battery,Nickel,59302.47838136931,Cars,,BEV
Global Net-zero,Canada,2038,Vehicle battery,Nickel,6602.035590054332,Cars,,BEV
Global Net-zero,Canada,2038,Vehicle battery,Cobalt,4026.1051004623696,Trucks,,BEV
Global Net-zero,Canada,2038,Vehicle battery,Copper,5908.488886408366,Trucks,,BEV
Global Net-zero,Canada,2038,Vehicle battery,Lithium,6966.716355103255,Trucks,,BEV
Global Net-zero,Canada,2038,Vehicle battery,Nickel,10503.981494675738,Trucks,,BEV
Global Net-zero,Canada,2038,Vehicle battery,Cobalt,9450.668719221703,Vans,,BEV
Global Net-zero,Canada,2038,Vehicle battery,Copper,3033.0238818061694,Vans,,BEV
Global Net-zero,Canada,2038,Vehicle battery,Lithium,790.2801104247703,Vans,,BEV
Global Net-zero,Canada,2038,Vehicle battery,Nickel,860.9123340645344,Vans,,BEV
Global Net-zero,Canada,2038,Vehicle battery,Cobalt,0.0,Vans,,BEV
Global Net-zero,Canada,2038,Vehicle battery,Copper,0.0,Vans,,BEV
Global Net-zero,Canada,2038,Vehicle battery,Lithium,0.0,Vans,,BEV
Global Net-zero,Canada,2038,Vehicle battery,Cobalt,407.3058994040603,Vans,,BEV
Global Net-zero,Canada,2038,Vehicle battery,Copper,1320.7919429879396,Vans,,BEV
Global Net-zero,Canada,2038,Vehicle battery,Graphite,177.70998080787433,Vans,,BEV
Global Net-zero,Canada,2038,Vehicle battery,Lithium,487.4696471147042,Vans,,BEV
Global Net-zero,Canada,2038,Vehicle battery,Nickel,2155.403292419124,Vans,,BEV
Global Net-zero,Canada,2038,Vehicle battery,Cobalt,1518.416780745808,Vans,,BEV
Global Net-zero,Canada,2038,Vehicle battery,Copper,2228.3443800168698,Vans,,BEV
Global Net-zero,Canada,2038,Vehicle battery,Lithium,2627.4473110675135,Vans,,BEV
Global Net-zero,Canada,2038,Vehicle battery,Nickel,3961.5015922777065,Vans,,BEV
Global Net-zero,Canada,2038,Vehicle battery,Nickel,441.02666897124084,Vans,,BEV
Global Net-zero,Canada,2038,Vehicle battery,Cobalt,2.61696831530054,Buses,,FCEV
Global Net-zero,Canada,2038,Vehicle battery,Copper,3.840517776165438,Buses,,FCEV
Global Net-zero,Canada,2038,Vehicle battery,Lithium,4.528365630817115,Buses,,FCEV
Global Net-zero,Canada,2038,Vehicle battery,Nickel,6.827587971539229,Buses,,FCEV
Global Net-zero,Canada,2038,Vehicle battery,Cobalt,0.4009374608154661,Cars,,FCEV
Global Net-zero,Canada,2038,Vehicle battery,Copper,0.12867374044026172,Cars,,FCEV
Global Net-zero,Canada,2038,Vehicle battery,Lithium,0.03352703498771753,Cars,,FCEV
Global Net-zero,Canada,2038,Vehicle battery,Nickel,0.036523553566374184,Cars,,FCEV
Global Net-zero,Canada,2038,Vehicle battery,Cobalt,0.0,Cars,,FCEV
Global Net-zero,Canada,2038,Vehicle battery,Copper,0.0,Cars,,FCEV
Global Net-zero,Canada,2038,Vehicle battery,Lithium,0.0,Cars,,FCEV
Global Net-zero,Canada,2038,Vehicle battery,Cobalt,0.01727964421714195,Cars,,FCEV
Global Net-zero,Canada,2038,Vehicle battery,Copper,0.05603359758130653,Cars,,FCEV
Global Net-zero,Canada,2038,Vehicle battery,Graphite,0.007539211307000729,Cars,,FCEV
Global Net-zero,Canada,2038,Vehicle battery,Lithium,0.02068053048365412,Cars,,FCEV
Global Net-zero,Canada,2038,Vehicle battery,Nickel,0.0914413517995992,Cars,,FCEV
Global Net-zero,Canada,2038,Vehicle battery,Cobalt,0.06441768160739791,Cars,,FCEV
Global Net-zero,Canada,2038,Vehicle battery,Copper,0.09453582218253385,Cars,,FCEV
Global Net-zero,Canada,2038,Vehicle battery,Lithium,0.11146746168165209,Cars,,FCEV
Global Net-zero,Canada,2038,Vehicle battery,Nickel,0.16806370391481182,Cars,,FCEV
Global Net-zero,Canada,2038,Vehicle battery,Nickel,0.018710222319992035,Cars,,FCEV
Global Net-zero,Canada,2038,Vehicle battery,Cobalt,12.078315301387107,Trucks,,FCEV
Global Net-zero,Canada,2038,Vehicle battery,Copper,17.7254666592251,Trucks,,FCEV
Global Net-zero,Canada,2038,Vehicle battery,Lithium,20.900149065309762,Trucks,,FCEV
Global Net-zero,Canada,2038,Vehicle battery,Nickel,31.51194448402721,Trucks,,FCEV
Global Net-zero,Canada,2038,Vehicle battery,Cobalt,10653.4811016681,Cars,,PHEV
Global Net-zero,Canada,2038,Vehicle battery,Copper,3419.0451031269545,Cars,,PHEV
Global Net-zero,Canada,2038,Vehicle battery,Lithium,890.8612153879229,Cars,,PHEV
Global Net-zero,Canada,2038,Vehicle battery,Nickel,970.482994763657,Cars,,PHEV
Global Net-zero,Canada,2038,Vehicle battery,Cobalt,0.0,Cars,,PHEV
Global Net-zero,Canada,2038,Vehicle battery,Copper,0.0,Cars,,PHEV
Global Net-zero,Canada,2038,Vehicle battery,Lithium,0.0,Cars,,PHEV
Global Net-zero,Canada,2038,Vehicle battery,Cobalt,459.1448320554861,Cars,,PHEV
Global Net-zero,Canada,2038,Vehicle battery,Copper,1488.8927357318591,Cars,,PHEV
Global Net-zero,Canada,2038,Vehicle battery,Graphite,200.3276147288765,Cars,,PHEV
Global Net-zero,Canada,2038,Vehicle battery,Lithium,549.5112385656665,Cars,,PHEV
Global Net-zero,Canada,2038,Vehicle battery,Nickel,2429.727347817922,Cars,,PHEV
Global Net-zero,Canada,2038,Vehicle battery,Cobalt,1711.6698255680014,Cars,,PHEV
Global Net-zero,Canada,2038,Vehicle battery,Copper,2511.9518465644705,Cars,,PHEV
Global Net-zero,Canada,2038,Vehicle battery,Lithium,2961.8496961124697,Cars,,PHEV
Global Net-zero,Canada,2038,Vehicle battery,Nickel,4465.692704022142,Cars,,PHEV
Global Net-zero,Canada,2038,Vehicle battery,Nickel,497.15733593121683,Cars,,PHEV
Global Net-zero,Canada,2038,Vehicle battery,Cobalt,1598.2512723706811,Vans,,PHEV
Global Net-zero,Canada,2038,Vehicle battery,Copper,512.9302933207233,Vans,,PHEV
Global Net-zero,Canada,2038,Vehicle battery,Lithium,133.64834061389573,Vans,,PHEV
Global Net-zero,Canada,2038,Vehicle battery,Nickel,145.59331981658647,Vans,,PHEV
Global Net-zero,Canada,2038,Vehicle battery,Cobalt,0.0,Vans,,PHEV
Global Net-zero,Canada,2038,Vehicle battery,Copper,0.0,Vans,,PHEV
Global Net-zero,Canada,2038,Vehicle battery,Lithium,0.0,Vans,,PHEV
Global Net-zero,Canada,2038,Vehicle battery,Cobalt,68.88159889073272,Vans,,PHEV
Global Net-zero,Canada,2038,Vehicle battery,Copper,223.36592955839674,Vans,,PHEV
Global Net-zero,Canada,2038,Vehicle battery,Graphite,30.05345033007833,Vans,,PHEV
Global Net-zero,Canada,2038,Vehicle battery,Lithium,82.43850323084064,Vans,,PHEV
Global Net-zero,Canada,2038,Vehicle battery,Nickel,364.5113543737166,Vans,,PHEV
Global Net-zero,Canada,2038,Vehicle battery,Cobalt,256.7872839389759,Vans,,PHEV
Global Net-zero,Canada,2038,Vehicle battery,Copper,376.84679745448926,Vans,,PHEV
Global Net-zero,Canada,2038,Vehicle battery,Lithium,444.34115010925996,Vans,,PHEV
Global Net-zero,Canada,2038,Vehicle battery,Nickel,669.9499420055583,Vans,,PHEV
Global Net-zero,Canada,2038,Vehicle battery,Nickel,74.58429194529397,Vans,,PHEV
Global Net-zero,Canada,2039,Vehicle battery,Cobalt,22.550396057665452,2 and 3 wheelers,,BEV
Global Net-zero,Canada,2039,Vehicle battery,Copper,7.237148165819917,2 and 3 wheelers,,BEV
Global Net-zero,Canada,2039,Vehicle battery,Lithium,1.8857003685176044,2 and 3 wheelers,,BEV
Global Net-zero,Canada,2039,Vehicle battery,Nickel,2.0542370789697144,2 and 3 wheelers,,BEV
Global Net-zero,Canada,2039,Vehicle battery,Cobalt,391.61656627215075,Buses,,BEV
Global Net-zero,Canada,2039,Vehicle battery,Copper,574.7147855843797,Buses,,BEV
Global Net-zero,Canada,2039,Vehicle battery,Lithium,677.6478678771318,Buses,,BEV
Global Net-zero,Canada,2039,Vehicle battery,Nickel,1021.715296170166,Buses,,BEV
Global Net-zero,Canada,2039,Vehicle battery,Cobalt,158361.26172652707,Cars,,BEV
Global Net-zero,Canada,2039,Vehicle battery,Copper,50823.22775663535,Cars,,BEV
Global Net-zero,Canada,2039,Vehicle battery,Lithium,13242.42327420745,Cars,,BEV
Global Net-zero,Canada,2039,Vehicle battery,Nickel,14425.980584960842,Cars,,BEV
Global Net-zero,Canada,2039,Vehicle battery,Cobalt,0.0,Cars,,BEV
Global Net-zero,Canada,2039,Vehicle battery,Copper,0.0,Cars,,BEV
Global Net-zero,Canada,2039,Vehicle battery,Lithium,0.0,Cars,,BEV
Global Net-zero,Canada,2039,Vehicle battery,Cobalt,5952.007706725549,Cars,,BEV
Global Net-zero,Canada,2039,Vehicle battery,Copper,19300.88377101189,Cars,,BEV
Global Net-zero,Canada,2039,Vehicle battery,Graphite,2596.896280849629,Cars,,BEV
Global Net-zero,Canada,2039,Vehicle battery,Lithium,7123.449723332389,Cars,,BEV
Global Net-zero,Canada,2039,Vehicle battery,Nickel,31497.154905810727,Cars,,BEV
Global Net-zero,Canada,2039,Vehicle battery,Cobalt,23798.476570998875,Cars,,BEV
Global Net-zero,Canada,2039,Vehicle battery,Copper,34925.326295393614,Cars,,BEV
Global Net-zero,Canada,2039,Vehicle battery,Lithium,41180.55336773967,Cars,,BEV
Global Net-zero,Canada,2039,Vehicle battery,Nickel,62089.47637122985,Cars,,BEV
Global Net-zero,Canada,2039,Vehicle battery,Nickel,6540.67753296355,Cars,,BEV
Global Net-zero,Canada,2039,Vehicle battery,Cobalt,4351.295180801676,Trucks,,BEV
Global Net-zero,Canada,2039,Vehicle battery,Copper,6385.719839826442,Trucks,,BEV
Global Net-zero,Canada,2039,Vehicle battery,Lithium,7529.420754190354,Trucks,,BEV
Global Net-zero,Canada,2039,Vehicle battery,Nickel,11352.392179668512,Trucks,,BEV
Global Net-zero,Canada,2039,Vehicle battery,Cobalt,10578.788738816585,Vans,,BEV
Global Net-zero,Canada,2039,Vehicle battery,Copper,3395.0739189655196,Vans,,BEV
Global Net-zero,Canada,2039,Vehicle battery,Lithium,884.6153199369348,Vans,,BEV
Global Net-zero,Canada,2039,Vehicle battery,Nickel,963.6788649872628,Vans,,BEV
Global Net-zero,Canada,2039,Vehicle battery,Cobalt,0.0,Vans,,BEV
Global Net-zero,Canada,2039,Vehicle battery,Copper,0.0,Vans,,BEV
Global Net-zero,Canada,2039,Vehicle battery,Lithium,0.0,Vans,,BEV
Global Net-zero,Canada,2039,Vehicle battery,Cobalt,397.603753688144,Vans,,BEV
Global Net-zero,Canada,2039,Vehicle battery,Copper,1289.3302923955312,Vans,,BEV
Global Net-zero,Canada,2039,Vehicle battery,Graphite,173.4768770608052,Vans,,BEV
Global Net-zero,Canada,2039,Vehicle battery,Lithium,475.85797746957263,Vans,,BEV
Global Net-zero,Canada,2039,Vehicle battery,Nickel,2104.0609552464657,Vans,,BEV
Global Net-zero,Canada,2039,Vehicle battery,Cobalt,1589.7767749857549,Vans,,BEV
Global Net-zero,Canada,2039,Vehicle battery,Copper,2333.0683557651605,Vans,,BEV
Global Net-zero,Canada,2039,Vehicle battery,Lithium,2750.9276541202616,Vans,,BEV
Global Net-zero,Canada,2039,Vehicle battery,Nickel,4147.677571357461,Vans,,BEV
Global Net-zero,Canada,2039,Vehicle battery,Nickel,436.927851392302,Vans,,BEV
Global Net-zero,Canada,2039,Vehicle battery,Cobalt,2.8283418675210887,Buses,,FCEV
Global Net-zero,Canada,2039,Vehicle battery,Copper,4.150717895887187,Buses,,FCEV
Global Net-zero,Canada,2039,Vehicle battery,Lithium,4.89412349022373,Buses,,FCEV
Global Net-zero,Canada,2039,Vehicle battery,Nickel,7.379054916784533,Buses,,FCEV
Global Net-zero,Canada,2039,Vehicle battery,Cobalt,0.4487970980104006,Cars,,FCEV
Global Net-zero,Canada,2039,Vehicle battery,Copper,0.14403343898641596,Cars,,FCEV
Global Net-zero,Canada,2039,Vehicle battery,Lithium,0.0375291347852033,Cars,,FCEV
Global Net-zero,Canada,2039,Vehicle battery,Nickel,0.040883345787338425,Cars,,FCEV
Global Net-zero,Canada,2039,Vehicle battery,Cobalt,0.0,Cars,,FCEV
Global Net-zero,Canada,2039,Vehicle battery,Copper,0.0,Cars,,FCEV
Global Net-zero,Canada,2039,Vehicle battery,Lithium,0.0,Cars,,FCEV
Global Net-zero,Canada,2039,Vehicle battery,Cobalt,0.016868038035254593,Cars,,FCEV
Global Net-zero,Canada,2039,Vehicle battery,Copper,0.05469886088950738,Cars,,FCEV
Global Net-zero,Canada,2039,Vehicle battery,Graphite,0.0073596250874280985,Cars,,FCEV
Global Net-zero,Canada,2039,Vehicle battery,Lithium,0.020187914195678832,Cars,,FCEV
Global Net-zero,Canada,2039,Vehicle battery,Nickel,0.08926319204075915,Cars,,FCEV
Global Net-zero,Canada,2039,Vehicle battery,Cobalt,0.06744507530242598,Cars,,FCEV
Global Net-zero,Canada,2039,Vehicle battery,Copper,0.09897865751730986,Cars,,FCEV
Global Net-zero,Canada,2039,Vehicle battery,Lithium,0.1167060216899505,Cars,,FCEV
Global Net-zero,Canada,2039,Vehicle battery,Nickel,0.17596207878486195,Cars,,FCEV
Global Net-zero,Canada,2039,Vehicle battery,Nickel,0.018536333089370385,Cars,,FCEV
Global Net-zero,Canada,2039,Vehicle battery,Cobalt,13.053885542405027,Trucks,,FCEV
Global Net-zero,Canada,2039,Vehicle battery,Copper,19.157159519479322,Trucks,,FCEV
Global Net-zero,Canada,2039,Vehicle battery,Lithium,22.588262262571064,Trucks,,FCEV
Global Net-zero,Canada,2039,Vehicle battery,Nickel,34.05717653900553,Trucks,,FCEV
Global Net-zero,Canada,2039,Vehicle battery,Cobalt,11925.180032847786,Cars,,PHEV
Global Net-zero,Canada,2039,Vehicle battery,Copper,3827.174235924767,Cars,,PHEV
Global Net-zero,Canada,2039,Vehicle battery,Lithium,997.2027242925446,Cars,,PHEV
Global Net-zero,Canada,2039,Vehicle battery,Nickel,1086.328902349278,Cars,,PHEV
Global Net-zero,Canada,2039,Vehicle battery,Cobalt,0.0,Cars,,PHEV
Global Net-zero,Canada,2039,Vehicle battery,Copper,0.0,Cars,,PHEV
Global Net-zero,Canada,2039,Vehicle battery,Lithium,0.0,Cars,,PHEV
Global Net-zero,Canada,2039,Vehicle battery,Cobalt,448.2078677939078,Cars,,PHEV
Global Net-zero,Canada,2039,Vehicle battery,Copper,1453.4268750640533,Cars,,PHEV
Global Net-zero,Canada,2039,Vehicle battery,Graphite,195.5557523230895,Cars,,PHEV
Global Net-zero,Canada,2039,Vehicle battery,Lithium,536.421720056609,Cars,,PHEV
Global Net-zero,Canada,2039,Vehicle battery,Nickel,2371.8505313687433,Cars,,PHEV
Global Net-zero,Canada,2039,Vehicle battery,Cobalt,1792.1120008930327,Cars,,PHEV
Global Net-zero,Canada,2039,Vehicle battery,Copper,2630.00432831709,Cars,,PHEV
Global Net-zero,Canada,2039,Vehicle battery,Lithium,3101.045719190113,Cars,,PHEV
Global Net-zero,Canada,2039,Vehicle battery,Nickel,4675.563807712046,Cars,,PHEV
Global Net-zero,Canada,2039,Vehicle battery,Nickel,492.5368506604131,Cars,,PHEV
Global Net-zero,Canada,2039,Vehicle battery,Cobalt,1789.0334604117456,Vans,,PHEV
Global Net-zero,Canada,2039,Vehicle battery,Copper,574.158440210993,Vans,,PHEV
Global Net-zero,Canada,2039,Vehicle battery,Lithium,149.60185386375898,Vans,,PHEV
Global Net-zero,Canada,2039,Vehicle battery,Nickel,162.9726972642702,Vans,,PHEV
Global Net-zero,Canada,2039,Vehicle battery,Cobalt,0.0,Vans,,PHEV
Global Net-zero,Canada,2039,Vehicle battery,Copper,0.0,Vans,,PHEV
Global Net-zero,Canada,2039,Vehicle battery,Lithium,0.0,Vans,,PHEV
Global Net-zero,Canada,2039,Vehicle battery,Cobalt,67.24081904796347,Vans,,PHEV
Global Net-zero,Canada,2039,Vehicle battery,Copper,218.0452877515449,Vans,,PHEV
Global Net-zero,Canada,2039,Vehicle battery,Graphite,29.337568348513386,Vans,,PHEV
Global Net-zero,Canada,2039,Vehicle battery,Lithium,80.47479395946033,Vans,,PHEV
Global Net-zero,Canada,2039,Vehicle battery,Nickel,355.8285872436205,Vans,,PHEV
Global Net-zero,Canada,2039,Vehicle battery,Cobalt,268.8553401769849,Vans,,PHEV
Global Net-zero,Canada,2039,Vehicle battery,Copper,394.55720848043063,Vans,,PHEV
Global Net-zero,Canada,2039,Vehicle battery,Lithium,465.2235470337684,Vans,,PHEV
Global Net-zero,Canada,2039,Vehicle battery,Nickel,701.4351209161126,Vans,,PHEV
Global Net-zero,Canada,2039,Vehicle battery,Nickel,73.89111978939876,Vans,,PHEV
Global Net-zero,Canada,2040,Vehicle battery,Cobalt,24.16031528156263,2 and 3 wheelers,,BEV
Global Net-zero,Canada,2040,Vehicle battery,Copper,7.753823080466711,2 and 3 wheelers,,BEV
Global Net-zero,Canada,2040,Vehicle battery,Lithium,2.020324401994592,2 and 3 wheelers,,BEV
Global Net-zero,Canada,2040,Vehicle battery,Nickel,2.200893295358053,2 and 3 wheelers,,BEV
Global Net-zero,Canada,2040,Vehicle battery,Cobalt,419.5748795907245,Buses,,BEV
Global Net-zero,Canada,2040,Vehicle battery,Copper,615.7448579256469,Buses,,BEV
Global Net-zero,Canada,2040,Vehicle battery,Lithium,726.0265449849996,Buses,,BEV
Global Net-zero,Canada,2040,Vehicle battery,Nickel,1094.6576556944908,Buses,,BEV
Global Net-zero,Canada,2040,Vehicle battery,Cobalt,175517.58454546967,Cars,,BEV
Global Net-zero,Canada,2040,Vehicle battery,Copper,56329.244143390504,Cars,,BEV
Global Net-zero,Canada,2040,Vehicle battery,Lithium,14677.062567431298,Cars,,BEV
Global Net-zero,Canada,2040,Vehicle battery,Nickel,15988.842469218795,Cars,,BEV
Global Net-zero,Canada,2040,Vehicle battery,Cobalt,0.0,Cars,,BEV
Global Net-zero,Canada,2040,Vehicle battery,Copper,0.0,Cars,,BEV
Global Net-zero,Canada,2040,Vehicle battery,Lithium,0.0,Cars,,BEV
Global Net-zero,Canada,2040,Vehicle battery,Cobalt,5693.690890056521,Cars,,BEV
Global Net-zero,Canada,2040,Vehicle battery,Copper,18463.226445905777,Cars,,BEV
Global Net-zero,Canada,2040,Vehicle battery,Graphite,2484.19112092003,Cars,,BEV
Global Net-zero,Canada,2040,Vehicle battery,Lithium,6814.292385690867,Cars,,BEV
Global Net-zero,Canada,2040,Vehicle battery,Nickel,30130.180064664837,Cars,,BEV
Global Net-zero,Canada,2040,Vehicle battery,Cobalt,24674.99887116879,Cars,,BEV
Global Net-zero,Canada,2040,Vehicle battery,Copper,36211.66188277018,Cars,,BEV
Global Net-zero,Canada,2040,Vehicle battery,Lithium,42697.27538364164,Cars,,BEV
Global Net-zero,Canada,2040,Vehicle battery,Nickel,64376.295465842675,Cars,,BEV
Global Net-zero,Canada,2040,Vehicle battery,Nickel,6370.572704126771,Cars,,BEV
Global Net-zero,Canada,2040,Vehicle battery,Cobalt,4661.943106563605,Trucks,,BEV
Global Net-zero,Canada,2040,Vehicle battery,Copper,6841.6095325071865,Trucks,,BEV
Global Net-zero,Canada,2040,Vehicle battery,Lithium,8066.96161094444,Trucks,,BEV
Global Net-zero,Canada,2040,Vehicle battery,Nickel,12162.8628410499,Trucks,,BEV
Global Net-zero,Canada,2040,Vehicle battery,Cobalt,11724.858886640686,Vans,,BEV
Global Net-zero,Canada,2040,Vehicle battery,Copper,3762.8847302264912,Vans,,BEV
Global Net-zero,Canada,2040,Vehicle battery,Lithium,980.4515480267871,Vans,,BEV
Global Net-zero,Canada,2040,Vehicle battery,Nickel,1068.0805698061138,Vans,,BEV
Global Net-zero,Canada,2040,Vehicle battery,Cobalt,0.0,Vans,,BEV
Global Net-zero,Canada,2040,Vehicle battery,Copper,0.0,Vans,,BEV
Global Net-zero,Canada,2040,Vehicle battery,Lithium,0.0,Vans,,BEV
Global Net-zero,Canada,2040,Vehicle battery,Cobalt,380.34777200782435,Vans,,BEV
Global Net-zero,Canada,2040,Vehicle battery,Copper,1233.3734265483617,Vans,,BEV
Global Net-zero,Canada,2040,Vehicle battery,Graphite,165.94798985903034,Vans,,BEV
Global Net-zero,Canada,2040,Vehicle battery,Lithium,455.20576665546287,Vans,,BEV
Global Net-zero,Canada,2040,Vehicle battery,Nickel,2012.7448221334812,Vans,,BEV
Global Net-zero,Canada,2040,Vehicle battery,Cobalt,1648.3298841064175,Vans,,BEV
Global Net-zero,Canada,2040,Vehicle battery,Copper,2418.9976561364692,Vans,,BEV
Global Net-zero,Canada,2040,Vehicle battery,Lithium,2852.2471410124986,Vans,,BEV
Global Net-zero,Canada,2040,Vehicle battery,Nickel,4300.440790228357,Vans,,BEV
Global Net-zero,Canada,2040,Vehicle battery,Nickel,425.5645733525981,Vans,,BEV
Global Net-zero,Canada,2040,Vehicle battery,Cobalt,3.0302630192663433,Buses,,FCEV
Global Net-zero,Canada,2040,Vehicle battery,Copper,4.447046196129671,Buses,,FCEV
Global Net-zero,Canada,2040,Vehicle battery,Lithium,5.243525047113886,Buses,,FCEV
Global Net-zero,Canada,2040,Vehicle battery,Nickel,7.905860846682435,Buses,,FCEV
Global Net-zero,Canada,2040,Vehicle battery,Cobalt,0.4974182557968776,Cars,,FCEV
Global Net-zero,Canada,2040,Vehicle battery,Copper,0.15963753400960873,Cars,,FCEV
Global Net-zero,Canada,2040,Vehicle battery,Lithium,0.041594914158712186,Cars,,FCEV
Global Net-zero,Canada,2040,Vehicle battery,Nickel,0.04531250902207756,Cars,,FCEV
Global Net-zero,Canada,2040,Vehicle battery,Cobalt,0.0,Cars,,FCEV
Global Net-zero,Canada,2040,Vehicle battery,Copper,0.0,Cars,,FCEV
Global Net-zero,Canada,2040,Vehicle battery,Lithium,0.0,Cars,,FCEV
Global Net-zero,Canada,2040,Vehicle battery,Cobalt,0.016135966085180427,Cars,,FCEV
Global Net-zero,Canada,2040,Vehicle battery,Copper,0.052324933247506256,Cars,,FCEV
Global Net-zero,Canada,2040,Vehicle battery,Graphite,0.007040217751595225,Cars,,FCEV
Global Net-zero,Canada,2040,Vehicle battery,Lithium,0.019311759797504484,Cars,,FCEV
Global Net-zero,Canada,2040,Vehicle battery,Nickel,0.0853891742723295,Cars,,FCEV
Global Net-zero,Canada,2040,Vehicle battery,Cobalt,0.06992914659845408,Cars,,FCEV
Global Net-zero,Canada,2040,Vehicle battery,Copper,0.1026241429876078,Cars,,FCEV
Global Net-zero,Canada,2040,Vehicle battery,Lithium,0.1210044241641666,Cars,,FCEV
Global Net-zero,Canada,2040,Vehicle battery,Nickel,0.18244294261574848,Cars,,FCEV
Global Net-zero,Canada,2040,Vehicle battery,Nickel,0.018054254627079918,Cars,,FCEV
Global Net-zero,Canada,2040,Vehicle battery,Cobalt,13.985829319690813,Trucks,,FCEV
Global Net-zero,Canada,2040,Vehicle battery,Copper,20.52482859752156,Trucks,,FCEV
Global Net-zero,Canada,2040,Vehicle battery,Lithium,24.200884832833317,Trucks,,FCEV
Global Net-zero,Canada,2040,Vehicle battery,Nickel,36.488588523149694,Trucks,,FCEV
Global Net-zero,Canada,2040,Vehicle battery,Cobalt,13217.113654031316,Cars,,PHEV
Global Net-zero,Canada,2040,Vehicle battery,Copper,4241.797332255317,Cars,,PHEV
Global Net-zero,Canada,2040,Vehicle battery,Lithium,1105.2362905029236,Cars,,PHEV
Global Net-zero,Canada,2040,Vehicle battery,Nickel,1204.0180968723464,Cars,,PHEV
Global Net-zero,Canada,2040,Vehicle battery,Cobalt,0.0,Cars,,PHEV
Global Net-zero,Canada,2040,Vehicle battery,Copper,0.0,Cars,,PHEV
Global Net-zero,Canada,2040,Vehicle battery,Lithium,0.0,Cars,,PHEV
Global Net-zero,Canada,2040,Vehicle battery,Cobalt,428.7556702633656,Cars,,PHEV
Global Net-zero,Canada,2040,Vehicle battery,Copper,1390.3482262908803,Cars,,PHEV
Global Net-zero,Canada,2040,Vehicle battery,Graphite,187.06864311381597,Cars,,PHEV
Global Net-zero,Canada,2040,Vehicle battery,Lithium,513.1410460479763,Cars,,PHEV
Global Net-zero,Canada,2040,Vehicle battery,Nickel,2268.9123449504696,Cars,,PHEV
Global Net-zero,Canada,2040,Vehicle battery,Cobalt,1858.1173239017792,Cars,,PHEV
Global Net-zero,Canada,2040,Vehicle battery,Copper,2726.8700850992923,Cars,,PHEV
Global Net-zero,Canada,2040,Vehicle battery,Lithium,3215.260413504998,Cars,,PHEV
Global Net-zero,Canada,2040,Vehicle battery,Nickel,4847.769618075602,Cars,,PHEV
Global Net-zero,Canada,2040,Vehicle battery,Nickel,479.7273372338378,Cars,,PHEV
Global Net-zero,Canada,2040,Vehicle battery,Cobalt,1982.8512871080106,Vans,,PHEV
Global Net-zero,Canada,2040,Vehicle battery,Copper,636.3608212863031,Vans,,PHEV
Global Net-zero,Canada,2040,Vehicle battery,Lithium,165.80921209781496,Vans,,PHEV
Global Net-zero,Canada,2040,Vehicle battery,Nickel,180.6286073931503,Vans,,PHEV
Global Net-zero,Canada,2040,Vehicle battery,Cobalt,0.0,Vans,,PHEV
Global Net-zero,Canada,2040,Vehicle battery,Copper,0.0,Vans,,PHEV
Global Net-zero,Canada,2040,Vehicle battery,Lithium,0.0,Vans,,PHEV
Global Net-zero,Canada,2040,Vehicle battery,Cobalt,64.32257109155351,Vans,,PHEV
Global Net-zero,Canada,2040,Vehicle battery,Copper,208.58213390548778,Vans,,PHEV
Global Net-zero,Canada,2040,Vehicle battery,Graphite,28.06431944864474,Vans,,PHEV
Global Net-zero,Canada,2040,Vehicle battery,Lithium,76.98219219850931,Vans,,PHEV
Global Net-zero,Canada,2040,Vehicle battery,Nickel,340.38564555644035,Vans,,PHEV
Global Net-zero,Canada,2040,Vehicle battery,Cobalt,278.7575580976089,Vans,,PHEV
Global Net-zero,Canada,2040,Vehicle battery,Copper,409.08915513231545,Vans,,PHEV
Global Net-zero,Canada,2040,Vehicle battery,Lithium,482.35820741098644,Vans,,PHEV
Global Net-zero,Canada,2040,Vehicle battery,Nickel,727.2696958214065,Vans,,PHEV
Global Net-zero,Canada,2040,Vehicle battery,Nickel,71.96941730200543,Vans,,PHEV
Current Measures,Canada,2025,Vehicle motor,Copper,0.33129930192059953,2 and 3 wheelers,,BEV
Current Measures,Canada,2025,Vehicle motor,Copper,23.679322566315893,Buses,,BEV
Current Measures,Canada,2025,Vehicle motor,Copper,3775.0225073988818,Cars,,BEV
Current Measures,Canada,2025,Vehicle motor,Copper,146.6011363666435,Trucks,,BEV
Current Measures,Canada,2025,Vehicle motor,Copper,427.8741311079109,Vans,,BEV
Current Measures,Canada,2025,Vehicle motor,Copper,1.465862825533841,Buses,,FCEV
Current Measures,Canada,2025,Vehicle motor,Copper,0.3973707902525139,Cars,,FCEV
Current Measures,Canada,2025,Vehicle motor,Copper,0.4398034090999305,Trucks,,FCEV
Current Measures,Canada,2025,Vehicle motor,Copper,1231.8494497827933,Cars,,PHEV
Current Measures,Canada,2025,Vehicle motor,Copper,248.94494900823904,Vans,,PHEV
Current Measures,Canada,2026,Vehicle motor,Copper,0.4465875001143742,2 and 3 wheelers,,BEV
Current Measures,Canada,2026,Vehicle motor,Copper,31.9194438623578,Buses,,BEV
Current Measures,Canada,2026,Vehicle motor,Copper,5088.685230187439,Cars,,BEV
Current Measures,Canada,2026,Vehicle motor,Copper,197.61658000594474,Trucks,,BEV
Current Measures,Canada,2026,Vehicle motor,Copper,576.7692158339883,Vans,,BEV
Current Measures,Canada,2026,Vehicle motor,Copper,1.9759655724316734,Buses,,FCEV
Current Measures,Canada,2026,Vehicle motor,Copper,0.5356510768618357,Cars,,FCEV
Current Measures,Canada,2026,Vehicle motor,Copper,0.5928497400178341,Trucks,,FCEV
Current Measures,Canada,2026,Vehicle motor,Copper,1660.5183382716907,Cars,,PHEV
Current Measures,Canada,2026,Vehicle motor,Copper,335.57481648522963,Vans,,PHEV
Current Measures,Canada,2027,Vehicle motor,Copper,0.5673051265214315,2 and 3 wheelers,,BEV
Current Measures,Canada,2027,Vehicle motor,Copper,40.547628704768975,Buses,,BEV
Current Measures,Canada,2027,Vehicle motor,Copper,6464.214107201579,Cars,,BEV
Current Measures,Canada,2027,Vehicle motor,Copper,251.03456521799907,Trucks,,BEV
Current Measures,Canada,2027,Vehicle motor,Copper,732.6764248407496,Vans,,BEV
Current Measures,Canada,2027,Vehicle motor,Copper,2.510091300771413,Buses,,FCEV
Current Measures,Canada,2027,Vehicle motor,Copper,0.6804435902317452,Cars,,FCEV
Current Measures,Canada,2027,Vehicle motor,Copper,0.7531036956539974,Trucks,,FCEV
Current Measures,Canada,2027,Vehicle motor,Copper,2109.37512971841,Cars,,PHEV
Current Measures,Canada,2027,Vehicle motor,Copper,426.2844653618907,Vans,,PHEV
Current Measures,Canada,2028,Vehicle motor,Copper,0.6973028678672063,2 and 3 wheelers,,BEV
Current Measures,Canada,2028,Vehicle motor,Copper,49.8391014980224,Buses,,BEV
Current Measures,Canada,2028,Vehicle motor,Copper,7945.486167379152,Cars,,BEV
Current Measures,Canada,2028,Vehicle motor,Copper,308.5590347713791,Trucks,,BEV
Current Measures,Canada,2028,Vehicle motor,Copper,900.5689326180377,Vans,,BEV
Current Measures,Canada,2028,Vehicle motor,Copper,3.0852777117823393,Buses,,FCEV
Current Measures,Canada,2028,Vehicle motor,Copper,0.8363669649872791,Cars,,FCEV
Current Measures,Canada,2028,Vehicle motor,Copper,0.9256771043141374,Trucks,,FCEV
Current Measures,Canada,2028,Vehicle motor,Copper,2592.7375914605655,Cars,,PHEV
Current Measures,Canada,2028,Vehicle motor,Copper,523.9673789777673,Vans,,PHEV
Current Measures,Canada,2029,Vehicle motor,Copper,0.838325754400322,2 and 3 wheelers,,BEV
Current Measures,Canada,2029,Vehicle motor,Copper,59.918586725102436,Buses,,BEV
Current Measures,Canada,2029,Vehicle motor,Copper,9552.385329661296,Cars,,BEV
Current Measures,Canada,2029,Vehicle motor,Copper,370.9621708468479,Trucks,,BEV
Current Measures,Canada,2029,Vehicle motor,Copper,1082.7004514346627,Vans,,BEV
Current Measures,Canada,2029,Vehicle motor,Copper,3.7092458448872945,Buses,,FCEV
Current Measures,Canada,2029,Vehicle motor,Copper,1.0055142452275048,Cars,,FCEV
Current Measures,Canada,2029,Vehicle motor,Copper,1.1128865125405436,Trucks,,FCEV
Current Measures,Canada,2029,Vehicle motor,Copper,3117.094160205265,Cars,,PHEV
Current Measures,Canada,2029,Vehicle motor,Copper,629.9348081074401,Vans,,PHEV
Current Measures,Canada,2030,Vehicle motor,Copper,0.9883162131410587,2 and 3 wheelers,,BEV
Current Measures,Canada,2030,Vehicle motor,Copper,70.6390211896544,Buses,,BEV
Current Measures,Canada,2030,Vehicle motor,Copper,11261.466376192042,Cars,,BEV
Current Measures,Canada,2030,Vehicle motor,Copper,437.3334899775355,Trucks,,BEV
Current Measures,Canada,2030,Vehicle motor,Copper,1276.4136190632214,Vans,,BEV
Current Measures,Canada,2030,Vehicle motor,Copper,4.372891787930986,Buses,,FCEV
Current Measures,Canada,2030,Vehicle motor,Copper,1.1854175132833729,Cars,,FCEV
Current Measures,Canada,2030,Vehicle motor,Copper,1.3120004699326064,Trucks,,FCEV
Current Measures,Canada,2030,Vehicle motor,Copper,3674.794291178456,Cars,,PHEV
Current Measures,Canada,2030,Vehicle motor,Copper,742.6406510913289,Vans,,PHEV
Current Measures,Canada,2031,Vehicle motor,Copper,1.1253181172298723,2 and 3 wheelers,,BEV
Current Measures,Canada,2031,Vehicle motor,Copper,80.43111027741223,Buses,,BEV
Current Measures,Canada,2031,Vehicle motor,Copper,12822.548058204538,Cars,,BEV
Current Measures,Canada,2031,Vehicle motor,Copper,497.95732681443764,Trucks,,BEV
Current Measures,Canada,2031,Vehicle motor,Copper,1453.352025912565,Vans,,BEV
Current Measures,Canada,2031,Vehicle motor,Copper,4.979068731458852,Buses,,FCEV
Current Measures,Canada,2031,Vehicle motor,Copper,1.3497419008636355,Cars,,FCEV
Current Measures,Canada,2031,Vehicle motor,Copper,1.4938719804433127,Trucks,,FCEV
Current Measures,Canada,2031,Vehicle motor,Copper,4184.19989267727,Cars,,PHEV
Current Measures,Canada,2031,Vehicle motor,Copper,845.5866332582196,Vans,,PHEV
Current Measures,Canada,2032,Vehicle motor,Copper,1.2758735570614377,2 and 3 wheelers,,BEV
Current Measures,Canada,2032,Vehicle motor,Copper,91.1919262622875,Buses,,BEV
Current Measures,Canada,2032,Vehicle motor,Copper,14538.066837389017,Cars,,BEV
Current Measures,Canada,2032,Vehicle motor,Copper,564.5786521161644,Trucks,,BEV
Current Measures,Canada,2032,Vehicle motor,Copper,1647.7948684662724,Vans,,BEV
Current Measures,Canada,2032,Vehicle motor,Copper,5.645214482903511,Buses,,FCEV
Current Measures,Canada,2032,Vehicle motor,Copper,1.5303228249883176,Cars,,FCEV
Current Measures,Canada,2032,Vehicle motor,Copper,1.6937359563484935,Trucks,,FCEV
Current Measures,Canada,2032,Vehicle motor,Copper,4744.000757463785,Cars,,PHEV
Current Measures,Canada,2032,Vehicle motor,Copper,958.7170143803766,Vans,,PHEV
Current Measures,Canada,2033,Vehicle motor,Copper,1.4387964730408234,2 and 3 wheelers,,BEV
Current Measures,Canada,2033,Vehicle motor,Copper,102.83669659097731,Buses,,BEV
Current Measures,Canada,2033,Vehicle motor,Copper,16394.50804094048,Cars,,BEV
Current Measures,Canada,2033,Vehicle motor,Copper,636.6726302328749,Trucks,,BEV
Current Measures,Canada,2033,Vehicle motor,Copper,1858.2103468814785,Vans,,BEV
Current Measures,Canada,2033,Vehicle motor,Copper,6.366081217536691,Buses,,FCEV
Current Measures,Canada,2033,Vehicle motor,Copper,1.7257376885200506,Cars,,FCEV
Current Measures,Canada,2033,Vehicle motor,Copper,1.9100178906986243,Trucks,,FCEV
Current Measures,Canada,2033,Vehicle motor,Copper,5349.786834412157,Cars,,PHEV
Current Measures,Canada,2033,Vehicle motor,Copper,1081.140565458315,Vans,,PHEV
Current Measures,Canada,2034,Vehicle motor,Copper,1.6138504546406611,2 and 3 wheelers,,BEV
Current Measures,Canada,2034,Vehicle motor,Copper,115.34852403157345,Buses,,BEV
Current Measures,Canada,2034,Vehicle motor,Copper,18389.17786583361,Cars,,BEV
Current Measures,Canada,2034,Vehicle motor,Copper,714.1346486532827,Trucks,,BEV
Current Measures,Canada,2034,Vehicle motor,Copper,2084.2931361895044,Vans,,BEV
Current Measures,Canada,2034,Vehicle motor,Copper,7.14062291624026,Buses,,FCEV
Current Measures,Canada,2034,Vehicle motor,Copper,1.9357029332456432,Cars,,FCEV
Current Measures,Canada,2034,Vehicle motor,Copper,2.142403945959848,Trucks,,FCEV
Current Measures,Canada,2034,Vehicle motor,Copper,6000.679093061494,Cars,,PHEV
Current Measures,Canada,2034,Vehicle motor,Copper,1212.6796428738935,Vans,,PHEV
Current Measures,Canada,2035,Vehicle motor,Copper,1.7989959601926404,2 and 3 wheelers,,BEV
Current Measures,Canada,2035,Vehicle motor,Copper,128.58163415964628,Buses,,BEV
Current Measures,Canada,2035,Vehicle motor,Copper,20498.83655376521,Cars,,BEV
Current Measures,Canada,2035,Vehicle motor,Copper,796.0622028308703,Trucks,,BEV
Current Measures,Canada,2035,Vehicle motor,Copper,2323.409161660557,Vans,,BEV
Current Measures,Canada,2035,Vehicle motor,Copper,7.9598154479781025,Buses,,FCEV
Current Measures,Canada,2035,Vehicle motor,Copper,2.15777226881739,Cars,,FCEV
Current Measures,Canada,2035,Vehicle motor,Copper,2.388186608492611,Trucks,,FCEV
Current Measures,Canada,2035,Vehicle motor,Copper,6689.09403333391,Cars,,PHEV
Current Measures,Canada,2035,Vehicle motor,Copper,1351.8016940570515,Vans,,PHEV
Current Measures,Canada,2036,Vehicle motor,Copper,1.987635533199958,2 and 3 wheelers,,BEV
Current Measures,Canada,2036,Vehicle motor,Copper,142.06447964744905,Buses,,BEV
Current Measures,Canada,2036,Vehicle motor,Copper,22648.308737257485,Cars,,BEV
Current Measures,Canada,2036,Vehicle motor,Copper,879.5358944633958,Trucks,,BEV
Current Measures,Canada,2036,Vehicle motor,Copper,2567.0377866687,Vans,,BEV
Current Measures,Canada,2036,Vehicle motor,Copper,8.794467787699226,Buses,,FCEV
Current Measures,Canada,2036,Vehicle motor,Copper,2.3840324986586823,Cars,,FCEV
Current Measures,Canada,2036,Vehicle motor,Copper,2.6386076833901875,Trucks,,FCEV
Current Measures,Canada,2036,Vehicle motor,Copper,7390.500745841916,Cars,,PHEV
Current Measures,Canada,2036,Vehicle motor,Copper,1493.5492576981524,Vans,,PHEV
Current Measures,Canada,2037,Vehicle motor,Copper,2.1793244013145134,2 and 3 wheelers,,BEV
Current Measures,Canada,2037,Vehicle motor,Copper,155.7652707874931,Buses,,BEV
Current Measures,Canada,2037,Vehicle motor,Copper,24832.526414008553,Cars,,BEV
Current Measures,Canada,2037,Vehicle motor,Copper,964.3589101821688,Trucks,,BEV
Current Measures,Canada,2037,Vehicle motor,Copper,2814.6045862728565,Vans,,BEV
Current Measures,Canada,2037,Vehicle motor,Copper,9.642612001130527,Buses,,FCEV
Current Measures,Canada,2037,Vehicle motor,Copper,2.6139501488430055,Cars,,FCEV
Current Measures,Canada,2037,Vehicle motor,Copper,2.893076730546506,Trucks,,FCEV
Current Measures,Canada,2037,Vehicle motor,Copper,8103.245461413316,Cars,,PHEV
Current Measures,Canada,2037,Vehicle motor,Copper,1637.5881229223894,Vans,,PHEV
Current Measures,Canada,2038,Vehicle motor,Copper,2.3733072529361565,2 and 3 wheelers,,BEV
Current Measures,Canada,2038,Vehicle motor,Copper,169.63002235580024,Buses,,BEV
Current Measures,Canada,2038,Vehicle motor,Copper,27042.883111640906,Cars,,BEV
Current Measures,Canada,2038,Vehicle motor,Copper,1050.1970218790973,Trucks,,BEV
Current Measures,Canada,2038,Vehicle motor,Copper,3065.1340730730967,Vans,,BEV
Current Measures,Canada,2038,Vehicle motor,Copper,10.500906145835252,Buses,,FCEV
Current Measures,Canada,2038,Vehicle motor,Copper,2.8466192749095693,Cars,,FCEV
Current Measures,Canada,2038,Vehicle motor,Copper,3.150591065637292,Trucks,,FCEV
Current Measures,Canada,2038,Vehicle motor,Copper,8824.519752219665,Cars,,PHEV
Current Measures,Canada,2038,Vehicle motor,Copper,1783.3507334243473,Vans,,PHEV
Current Measures,Canada,2039,Vehicle motor,Copper,2.5685142302545954,2 and 3 wheelers,,BEV
Current Measures,Canada,2039,Vehicle motor,Copper,183.58226721814117,Buses,,BEV
Current Measures,Canada,2039,Vehicle motor,Copper,29267.188230023017,Cars,,BEV
Current Measures,Canada,2039,Vehicle motor,Copper,1136.5768136132776,Trucks,,BEV
Current Measures,Canada,2039,Vehicle motor,Copper,3317.2445222111583,Vans,,BEV
Current Measures,Canada,2039,Vehicle motor,Copper,11.364616542075405,Buses,,FCEV
Current Measures,Canada,2039,Vehicle motor,Copper,3.0807566557918964,Cars,,FCEV
Current Measures,Canada,2039,Vehicle motor,Copper,3.4097304408398332,Trucks,,FCEV
Current Measures,Canada,2039,Vehicle motor,Copper,9550.345632954879,Cars,,PHEV
Current Measures,Canada,2039,Vehicle motor,Copper,1930.0331765592193,Vans,,PHEV
Current Measures,Canada,2040,Vehicle motor,Copper,2.7637091866987613,2 and 3 wheelers,,BEV
Current Measures,Canada,2040,Vehicle motor,Copper,197.53365289919864,Buses,,BEV
Current Measures,Canada,2040,Vehicle motor,Copper,31491.356375369945,Cars,,BEV
Current Measures,Canada,2040,Vehicle motor,Copper,1222.951286067223,Trucks,,BEV
Current Measures,Canada,2040,Vehicle motor,Copper,3569.339446350813,Vans,,BEV
Current Measures,Canada,2040,Vehicle motor,Copper,12.228273750902774,Buses,,FCEV
Current Measures,Canada,2040,Vehicle motor,Copper,3.3148796184599942,Cars,,FCEV
Current Measures,Canada,2040,Vehicle motor,Copper,3.6688538582016696,Trucks,,FCEV
Current Measures,Canada,2040,Vehicle motor,Copper,10276.126817225982,Cars,,PHEV
Current Measures,Canada,2040,Vehicle motor,Copper,2076.706586967746,Vans,,PHEV
Canada Net-zero,Canada,2025,Vehicle motor,Copper,0.3677199364712884,2 and 3 wheelers,,BEV
Canada Net-zero,Canada,2025,Vehicle motor,Copper,26.28245498644506,Buses,,BEV
Canada Net-zero,Canada,2025,Vehicle motor,Copper,4190.021012875816,Cars,,BEV
Canada Net-zero,Canada,2025,Vehicle motor,Copper,162.71739855425557,Trucks,,BEV
Canada Net-zero,Canada,2025,Vehicle motor,Copper,474.9114996518071,Vans,,BEV
Canada Net-zero,Canada,2025,Vehicle motor,Copper,1.6270091182085038,Buses,,FCEV
Canada Net-zero,Canada,2025,Vehicle motor,Copper,0.44105484346061224,Cars,,FCEV
Canada Net-zero,Canada,2025,Vehicle motor,Copper,0.48815219566276674,Trucks,,FCEV
Canada Net-zero,Canada,2025,Vehicle motor,Copper,1367.270014727898,Cars,,PHEV
Canada Net-zero,Canada,2025,Vehicle motor,Copper,276.31214525196054,Vans,,PHEV
Canada Net-zero,Canada,2026,Vehicle motor,Copper,0.5701747484698761,2 and 3 wheelers,,BEV
Canada Net-zero,Canada,2026,Vehicle motor,Copper,40.752732377993404,Buses,,BEV
Canada Net-zero,Canada,2026,Vehicle motor,Copper,6496.912296966255,Cars,,BEV
Canada Net-zero,Canada,2026,Vehicle motor,Copper,252.3043832832526,Trucks,,BEV
Canada Net-zero,Canada,2026,Vehicle motor,Copper,736.3825509650154,Vans,,BEV
Canada Net-zero,Canada,2026,Vehicle motor,Copper,2.522788194828163,Buses,,FCEV
Canada Net-zero,Canada,2026,Vehicle motor,Copper,0.6838855049438164,Cars,,FCEV
Canada Net-zero,Canada,2026,Vehicle motor,Copper,0.7569131498497578,Trucks,,FCEV
Canada Net-zero,Canada,2026,Vehicle motor,Copper,2120.0450653258304,Cars,,PHEV
Canada Net-zero,Canada,2026,Vehicle motor,Copper,428.4407569250999,Vans,,PHEV
Canada Net-zero,Canada,2027,Vehicle motor,Copper,0.8674812783347972,2 and 3 wheelers,,BEV
Canada Net-zero,Canada,2027,Vehicle motor,Copper,62.002451833879036,Buses,,BEV
Canada Net-zero,Canada,2027,Vehicle motor,Copper,9884.60081707584,Cars,,BEV
Canada Net-zero,Canada,2027,Vehicle motor,Copper,383.8635953756062,Trucks,,BEV
Canada Net-zero,Canada,2027,Vehicle motor,Copper,1120.354905875527,Vans,,BEV
Canada Net-zero,Canada,2027,Vehicle motor,Copper,3.838247018287751,Buses,,FCEV
Canada Net-zero,Canada,2027,Vehicle motor,Copper,1.040484296534299,Cars,,FCEV
Canada Net-zero,Canada,2027,Vehicle motor,Copper,1.1515907861268184,Trucks,,FCEV
Canada Net-zero,Canada,2027,Vehicle motor,Copper,3225.501319256327,Cars,,PHEV
Canada Net-zero,Canada,2027,Vehicle motor,Copper,651.8428543275795,Vans,,PHEV
Canada Net-zero,Canada,2028,Vehicle motor,Copper,1.2276542302928755,2 and 3 wheelers,,BEV
Canada Net-zero,Canada,2028,Vehicle motor,Copper,87.7454928232064,Buses,,BEV
Canada Net-zero,Canada,2028,Vehicle motor,Copper,13988.626972023503,Cars,,BEV
Canada Net-zero,Canada,2028,Vehicle motor,Copper,543.2414260546382,Trucks,,BEV
Canada Net-zero,Canada,2028,Vehicle motor,Copper,1585.5194503651755,Vans,,BEV
Canada Net-zero,Canada,2028,Vehicle motor,Copper,5.431863841436588,Buses,,FCEV
Canada Net-zero,Canada,2028,Vehicle motor,Copper,1.4724870496866846,Cars,,FCEV
Canada Net-zero,Canada,2028,Vehicle motor,Copper,1.6297242781639145,Trucks,,FCEV
Canada Net-zero,Canada,2028,Vehicle motor,Copper,4564.709854028722,Cars,,PHEV
Canada Net-zero,Canada,2028,Vehicle motor,Copper,922.4840438488295,Vans,,PHEV
Canada Net-zero,Canada,2029,Vehicle motor,Copper,1.6511018456555906,2 and 3 wheelers,,BEV
Canada Net-zero,Canada,2029,Vehicle motor,Copper,118.01103403015435,Buses,,BEV
Canada Net-zero,Canada,2029,Vehicle motor,Copper,18813.642507618388,Cars,,BEV
Canada Net-zero,Canada,2029,Vehicle motor,Copper,730.6185235735372,Trucks,,BEV
Canada Net-zero,Canada,2029,Vehicle motor,Copper,2132.4034294218573,Vans,,BEV
Canada Net-zero,Canada,2029,Vehicle motor,Copper,7.30544496377146,Buses,,FCEV
Canada Net-zero,Canada,2029,Vehicle motor,Copper,1.9803834218545673,Cars,,FCEV
Canada Net-zero,Canada,2029,Vehicle motor,Copper,2.191855570720612,Trucks,,FCEV
Canada Net-zero,Canada,2029,Vehicle motor,Copper,6139.188607749159,Cars,,PHEV
Canada Net-zero,Canada,2029,Vehicle motor,Copper,1240.6710862090804,Vans,,PHEV
Canada Net-zero,Canada,2030,Vehicle motor,Copper,2.100738552130854,2 and 3 wheelers,,BEV
Canada Net-zero,Canada,2030,Vehicle motor,Copper,150.14841720168724,Buses,,BEV
Canada Net-zero,Canada,2030,Vehicle motor,Copper,23937.07221983562,Cars,,BEV
Canada Net-zero,Canada,2030,Vehicle motor,Copper,929.58438839515,Trucks,,BEV
Canada Net-zero,Canada,2030,Vehicle motor,Copper,2713.1107052356615,Vans,,BEV
Canada Net-zero,Canada,2030,Vehicle motor,Copper,9.294902017247306,Buses,,FCEV
Canada Net-zero,Canada,2030,Vehicle motor,Copper,2.5196918126142758,Cars,,FCEV
Canada Net-zero,Canada,2030,Vehicle motor,Copper,2.7887531651854496,Trucks,,FCEV
Canada Net-zero,Canada,2030,Vehicle motor,Copper,7811.044619104256,Cars,,PHEV
Canada Net-zero,Canada,2030,Vehicle motor,Copper,1578.537137591658,Vans,,PHEV
Canada Net-zero,Canada,2031,Vehicle motor,Copper,2.586336112385709,2 and 3 wheelers,,BEV
Canada Net-zero,Canada,2031,Vehicle motor,Copper,184.85607037219262,Buses,,BEV
Canada Net-zero,Canada,2031,Vehicle motor,Copper,29470.261420274677,Cars,,BEV
Canada Net-zero,Canada,2031,Vehicle motor,Copper,1144.4630607543593,Trucks,,BEV
Canada Net-zero,Canada,2031,Vehicle motor,Copper,3340.2615412249365,Vans,,BEV
Canada Net-zero,Canada,2031,Vehicle motor,Copper,11.443471023040496,Buses,,FCEV
Canada Net-zero,Canada,2031,Vehicle motor,Copper,3.1021327810815453,Cars,,FCEV
Canada Net-zero,Canada,2031,Vehicle motor,Copper,3.4333891822630775,Trucks,,FCEV
Canada Net-zero,Canada,2031,Vehicle motor,Copper,9616.61162135279,Cars,,PHEV
Canada Net-zero,Canada,2031,Vehicle motor,Copper,1943.4248967126903,Vans,,PHEV
Canada Net-zero,Canada,2032,Vehicle motor,Copper,3.11455379157149,2 and 3 wheelers,,BEV
Canada Net-zero,Canada,2032,Vehicle motor,Copper,222.60995858795633,Buses,,BEV
Canada Net-zero,Canada,2032,Vehicle motor,Copper,35489.08976121161,Cars,,BEV
Canada Net-zero,Canada,2032,Vehicle motor,Copper,1378.201289506032,Trucks,,BEV
Canada Net-zero,Canada,2032,Vehicle motor,Copper,4022.4564000949367,Vans,,BEV
Canada Net-zero,Canada,2032,Vehicle motor,Copper,13.780616484016345,Buses,,FCEV
Canada Net-zero,Canada,2032,Vehicle motor,Copper,3.735693659074906,Cars,,FCEV
Canada Net-zero,Canada,2032,Vehicle motor,Copper,4.134603868518096,Trucks,,FCEV
Canada Net-zero,Canada,2032,Vehicle motor,Copper,11580.650343132207,Cars,,PHEV
Canada Net-zero,Canada,2032,Vehicle motor,Copper,2340.338269146145,Vans,,PHEV
Canada Net-zero,Canada,2033,Vehicle motor,Copper,3.671996342897461,2 and 3 wheelers,,BEV
Canada Net-zero,Canada,2033,Vehicle motor,Copper,262.4526685137422,Buses,,BEV
Canada Net-zero,Canada,2033,Vehicle motor,Copper,41840.92378451944,Cars,,BEV
Canada Net-zero,Canada,2033,Vehicle motor,Copper,1624.8716296176876,Trucks,,BEV
Canada Net-zero,Canada,2033,Vehicle motor,Copper,4742.395276840111,Vans,,BEV
Canada Net-zero,Canada,2033,Vehicle motor,Copper,16.247069955612613,Buses,,FCEV
Canada Net-zero,Canada,2033,Vehicle motor,Copper,4.40430776679152,Cars,,FCEV
Canada Net-zero,Canada,2033,Vehicle motor,Copper,4.8746148888530625,Trucks,,FCEV
Canada Net-zero,Canada,2033,Vehicle motor,Copper,13653.354077053713,Cars,,PHEV
Canada Net-zero,Canada,2033,Vehicle motor,Copper,2759.2117974342473,Vans,,PHEV
Canada Net-zero,Canada,2034,Vehicle motor,Copper,4.249855069609231,2 and 3 wheelers,,BEV
Canada Net-zero,Canada,2034,Vehicle motor,Copper,303.7546063936112,Buses,,BEV
Canada Net-zero,Canada,2034,Vehicle motor,Copper,48425.3919279404,Cars,,BEV
Canada Net-zero,Canada,2034,Vehicle motor,Copper,1880.5762009953542,Trucks,,BEV
Canada Net-zero,Canada,2034,Vehicle motor,Copper,5488.701710815572,Vans,,BEV
Canada Net-zero,Canada,2034,Vehicle motor,Copper,18.80385658627117,Buses,,FCEV
Canada Net-zero,Canada,2034,Vehicle motor,Copper,5.097409676625306,Cars,,FCEV
Canada Net-zero,Canada,2034,Vehicle motor,Copper,5.6417286029860625,Trucks,,FCEV
Canada Net-zero,Canada,2034,Vehicle motor,Copper,15801.969997538448,Cars,,PHEV
Canada Net-zero,Canada,2034,Vehicle motor,Copper,3193.4264499290603,Vans,,PHEV
Canada Net-zero,Canada,2035,Vehicle motor,Copper,4.773228650548742,2 and 3 wheelers,,BEV
Canada Net-zero,Canada,2035,Vehicle motor,Copper,341.1622670011324,Buses,,BEV
Canada Net-zero,Canada,2035,Vehicle motor,Copper,54389.0237145782,Cars,,BEV
Canada Net-zero,Canada,2035,Vehicle motor,Copper,2112.1708987964394,Trucks,,BEV
Canada Net-zero,Canada,2035,Vehicle motor,Copper,6164.640400970128,Vans,,BEV
Canada Net-zero,Canada,2035,Vehicle motor,Copper,21.119568909593912,Buses,,FCEV
Canada Net-zero,Canada,2035,Vehicle motor,Copper,5.725160391008232,Cars,,FCEV
Canada Net-zero,Canada,2035,Vehicle motor,Copper,6.336512696389318,Trucks,,FCEV
Canada Net-zero,Canada,2035,Vehicle motor,Copper,17747.99721212552,Cars,,PHEV
Canada Net-zero,Canada,2035,Vehicle motor,Copper,3586.699869655348,Vans,,PHEV
Canada Net-zero,Canada,2036,Vehicle motor,Copper,5.3498927919463855,2 and 3 wheelers,,BEV
Canada Net-zero,Canada,2036,Vehicle motor,Copper,382.37882295951175,Buses,,BEV
Canada Net-zero,Canada,2036,Vehicle motor,Copper,60959.880038047566,Cars,,BEV
Canada Net-zero,Canada,2036,Vehicle motor,Copper,2367.3468618627626,Trucks,,BEV
Canada Net-zero,Canada,2036,Vehicle motor,Copper,6909.404024108523,Vans,,BEV
Canada Net-zero,Canada,2036,Vehicle motor,Copper,23.671069992731685,Buses,,FCEV
Canada Net-zero,Canada,2036,Vehicle motor,Copper,6.416829477689218,Cars,,FCEV
Canada Net-zero,Canada,2036,Vehicle motor,Copper,7.102040585588287,Trucks,,FCEV
Canada Net-zero,Canada,2036,Vehicle motor,Copper,19892.171380836575,Cars,,PHEV
Canada Net-zero,Canada,2036,Vehicle motor,Copper,4020.016886754049,Vans,,PHEV
Canada Net-zero,Canada,2037,Vehicle motor,Copper,5.916253635009694,2 and 3 wheelers,,BEV
Canada Net-zero,Canada,2037,Vehicle motor,Copper,422.85895984504276,Buses,,BEV
Canada Net-zero,Canada,2037,Vehicle motor,Copper,67413.33441443442,Cars,,BEV
Canada Net-zero,Canada,2037,Vehicle motor,Copper,2617.963578243741,Trucks,,BEV
Canada Net-zero,Canada,2037,Vehicle motor,Copper,7640.860903777213,Vans,,BEV
Canada Net-zero,Canada,2037,Vehicle motor,Copper,26.176983228502642,Buses,,FCEV
Canada Net-zero,Canada,2037,Vehicle motor,Copper,7.096140464677306,Cars,,FCEV
Canada Net-zero,Canada,2037,Vehicle motor,Copper,7.853890734731223,Trucks,,FCEV
Canada Net-zero,Canada,2037,Vehicle motor,Copper,21998.035440499647,Cars,,PHEV
Canada Net-zero,Canada,2037,Vehicle motor,Copper,4445.591798561288,Vans,,PHEV
Canada Net-zero,Canada,2038,Vehicle motor,Copper,6.463464124740246,2 and 3 wheelers,,BEV
Canada Net-zero,Canada,2038,Vehicle motor,Copper,461.9703422804543,Buses,,BEV
Canada Net-zero,Canada,2038,Vehicle motor,Copper,73648.57820469352,Cars,,BEV
Canada Net-zero,Canada,2038,Vehicle motor,Copper,2860.1061941840326,Trucks,,BEV
Canada Net-zero,Canada,2038,Vehicle motor,Copper,8347.585039533795,Vans,,BEV
Canada Net-zero,Canada,2038,Vehicle motor,Copper,28.598164045932883,Buses,,FCEV
Canada Net-zero,Canada,2038,Vehicle motor,Copper,7.752481916283529,Cars,,FCEV
Canada Net-zero,Canada,2038,Vehicle motor,Copper,8.580318582552097,Trucks,,FCEV
Canada Net-zero,Canada,2038,Vehicle motor,Copper,24032.693940478937,Cars,,PHEV
Canada Net-zero,Canada,2038,Vehicle motor,Copper,4856.776750274207,Vans,,PHEV
Canada Net-zero,Canada,2039,Vehicle motor,Copper,6.98782817033814,2 and 3 wheelers,,BEV
Canada Net-zero,Canada,2039,Vehicle motor,Copper,499.4487954673757,Buses,,BEV
Canada Net-zero,Canada,2039,Vehicle motor,Copper,79623.49593837834,Cars,,BEV
Canada Net-zero,Canada,2039,Vehicle motor,Copper,3092.139176169867,Trucks,,BEV
Canada Net-zero,Canada,2039,Vehicle motor,Copper,9024.802918031466,Vans,,BEV
Canada Net-zero,Canada,2039,Vehicle motor,Copper,30.918258767028014,Buses,,FCEV
Canada Net-zero,Canada,2039,Vehicle motor,Copper,8.381420625092456,Cars,,FCEV
Canada Net-zero,Canada,2039,Vehicle motor,Copper,9.2764175285096,Trucks,,FCEV
Canada Net-zero,Canada,2039,Vehicle motor,Copper,25982.403937786614,Cars,,PHEV
Canada Net-zero,Canada,2039,Vehicle motor,Copper,5250.794425036491,Vans,,PHEV
Canada Net-zero,Canada,2040,Vehicle motor,Copper,7.492060987505901,2 and 3 wheelers,,BEV
Canada Net-zero,Canada,2040,Vehicle motor,Copper,535.4883870301105,Buses,,BEV
Canada Net-zero,Canada,2040,Vehicle motor,Copper,85369.02640808525,Cars,,BEV
Canada Net-zero,Canada,2040,Vehicle motor,Copper,3315.264016945607,Trucks,,BEV
Canada Net-zero,Canada,2040,Vehicle motor,Copper,9676.021249223291,Vans,,BEV
Canada Net-zero,Canada,2040,Vehicle motor,Copper,33.14928110186398,Buses,,FCEV
Canada Net-zero,Canada,2040,Vehicle motor,Copper,8.986213306114237,Cars,,FCEV
Canada Net-zero,Canada,2040,Vehicle motor,Copper,9.94579205083682,Trucks,,FCEV
Canada Net-zero,Canada,2040,Vehicle motor,Copper,27857.261248954135,Cars,,PHEV
Canada Net-zero,Canada,2040,Vehicle motor,Copper,5629.685090457188,Vans,,PHEV
Global Net-zero,Canada,2025,Vehicle motor,Copper,0.36638591304720614,2 and 3 wheelers,,BEV
Global Net-zero,Canada,2025,Vehicle motor,Copper,26.187106850222793,Buses,,BEV
Global Net-zero,Canada,2025,Vehicle motor,Copper,4174.820351654636,Cars,,BEV
Global Net-zero,Canada,2025,Vehicle motor,Copper,162.12708837618865,Trucks,,BEV
Global Net-zero,Canada,2025,Vehicle motor,Copper,473.188604040051,Vans,,BEV
Global Net-zero,Canada,2025,Vehicle motor,Copper,1.6211066145376016,Buses,,FCEV
Global Net-zero,Canada,2025,Vehicle motor,Copper,0.43945477385838283,Cars,,FCEV
Global Net-zero,Canada,2025,Vehicle motor,Copper,0.4863812651285659,Trucks,,FCEV
Global Net-zero,Canada,2025,Vehicle motor,Copper,1362.3097989609869,Cars,,PHEV
Global Net-zero,Canada,2025,Vehicle motor,Copper,275.3097332596661,Vans,,PHEV
Global Net-zero,Canada,2026,Vehicle motor,Copper,0.5629954858491659,2 and 3 wheelers,,BEV
Global Net-zero,Canada,2026,Vehicle motor,Copper,40.23960097566755,Buses,,BEV
Global Net-zero,Canada,2026,Vehicle motor,Copper,6415.1074823391355,Cars,,BEV
Global Net-zero,Canada,2026,Vehicle motor,Copper,249.12753367213287,Trucks,,BEV
Global Net-zero,Canada,2026,Vehicle motor,Copper,727.1105098287254,Vans,,BEV
Global Net-zero,Canada,2026,Vehicle motor,Copper,2.4910229175413248,Buses,,FCEV
Global Net-zero,Canada,2026,Vehicle motor,Copper,0.6752744718251721,Cars,,FCEV
Global Net-zero,Canada,2026,Vehicle motor,Copper,0.7473826010163986,Trucks,,FCEV
Global Net-zero,Canada,2026,Vehicle motor,Copper,2093.3508626580337,Cars,,PHEV
Global Net-zero,Canada,2026,Vehicle motor,Copper,423.0461148094403,Vans,,PHEV
Global Net-zero,Canada,2027,Vehicle motor,Copper,0.847247543028807,2 and 3 wheelers,,BEV
Global Net-zero,Canada,2027,Vehicle motor,Copper,60.55626362202817,Buses,,BEV
Global Net-zero,Canada,2027,Vehicle motor,Copper,9654.0455284107,Cars,,BEV
Global Net-zero,Canada,2027,Vehicle motor,Copper,374.91009450312043,Trucks,,BEV
Global Net-zero,Canada,2027,Vehicle motor,Copper,1094.222970604523,Vans,,BEV
Global Net-zero,Canada,2027,Vehicle motor,Copper,3.7487210813636485,Buses,,FCEV
Global Net-zero,Canada,2027,Vehicle motor,Copper,1.0162153187800735,Cars,,FCEV
Global Net-zero,Canada,2027,Vehicle motor,Copper,1.1247302835093613,Trucks,,FCEV
Global Net-zero,Canada,2027,Vehicle motor,Copper,3150.2674882182278,Cars,,PHEV
Global Net-zero,Canada,2027,Vehicle motor,Copper,636.6388192608133,Vans,,PHEV
Global Net-zero,Canada,2028,Vehicle motor,Copper,1.187785906241556,2 and 3 wheelers,,BEV
Global Net-zero,Canada,2028,Vehicle motor,Copper,84.89593986635816,Buses,,BEV
Global Net-zero,Canada,2028,Vehicle motor,Copper,13534.343429156052,Cars,,BEV
Global Net-zero,Canada,2028,Vehicle motor,Copper,525.5995488243691,Trucks,,BEV
Global Net-zero,Canada,2028,Vehicle motor,Copper,1534.0293795642558,Vans,,BEV
Global Net-zero,Canada,2028,Vehicle motor,Copper,5.255462944107887,Buses,,FCEV
Global Net-zero,Canada,2028,Vehicle motor,Copper,1.4246677293848475,Cars,,FCEV
Global Net-zero,Canada,2028,Vehicle motor,Copper,1.5767986464731076,Trucks,,FCEV
Global Net-zero,Canada,2028,Vehicle motor,Copper,4416.469961093027,Cars,,PHEV
Global Net-zero,Canada,2028,Vehicle motor,Copper,892.5261844737488,Vans,,PHEV
Global Net-zero,Canada,2029,Vehicle motor,Copper,1.581194816247683,2 and 3 wheelers,,BEV
Global Net-zero,Canada,2029,Vehicle motor,Copper,113.01449135890083,Buses,,BEV
Global Net-zero,Canada,2029,Vehicle motor,Copper,18017.079979685583,Cars,,BEV
Global Net-zero,Canada,2029,Vehicle motor,Copper,699.6844108488693,Trucks,,BEV
Global Net-zero,Canada,2029,Vehicle motor,Copper,2042.1182724872003,Vans,,BEV
Global Net-zero,Canada,2029,Vehicle motor,Copper,6.996135179360526,Buses,,FCEV
Global Net-zero,Canada,2029,Vehicle motor,Copper,1.8965347347037451,Cars,,FCEV
Global Net-zero,Canada,2029,Vehicle motor,Copper,2.099053232546608,Trucks,,FCEV
Global Net-zero,Canada,2029,Vehicle motor,Copper,5879.257677581611,Cars,,PHEV
Global Net-zero,Canada,2029,Vehicle motor,Copper,1188.1415403561894,Vans,,PHEV
Global Net-zero,Canada,2030,Vehicle motor,Copper,1.994616362023276,2 and 3 wheelers,,BEV
Global Net-zero,Canada,2030,Vehicle motor,Copper,142.56342817082142,Buses,,BEV
Global Net-zero,Canada,2030,Vehicle motor,Copper,22727.852478447257,Cars,,BEV
Global Net-zero,Canada,2030,Vehicle motor,Copper,882.6249364032572,Trucks,,BEV
Global Net-zero,Canada,2030,Vehicle motor,Copper,2576.053549907181,Vans,,BEV
Global Net-zero,Canada,2030,Vehicle motor,Copper,8.825355077241328,Buses,,FCEV
Global Net-zero,Canada,2030,Vehicle motor,Copper,2.3924055240470796,Cars,,FCEV
Global Net-zero,Canada,2030,Vehicle motor,Copper,2.6478748092097715,Trucks,,FCEV
Global Net-zero,Canada,2030,Vehicle motor,Copper,7416.457124545947,Cars,,PHEV
Global Net-zero,Canada,2030,Vehicle motor,Copper,1498.794792673269,Vans,,PHEV
Global Net-zero,Canada,2031,Vehicle motor,Copper,2.451469382096845,2 and 3 wheelers,,BEV
Global Net-zero,Canada,2031,Vehicle motor,Copper,175.2165909303081,Buses,,BEV
Global Net-zero,Canada,2031,Vehicle motor,Copper,27933.509186302952,Cars,,BEV
Global Net-zero,Canada,2031,Vehicle motor,Copper,1084.7840460272485,Trucks,,BEV
Global Net-zero,Canada,2031,Vehicle motor,Copper,3166.080718315921,Vans,,BEV
Global Net-zero,Canada,2031,Vehicle motor,Copper,10.846741343304785,Buses,,FCEV
Global Net-zero,Canada,2031,Vehicle motor,Copper,2.9403693880318897,Cars,,FCEV
Global Net-zero,Canada,2031,Vehicle motor,Copper,3.254352138081745,Trucks,,FCEV
Global Net-zero,Canada,2031,Vehicle motor,Copper,9115.145102898858,Cars,,PHEV
Global Net-zero,Canada,2031,Vehicle motor,Copper,1842.0833270201722,Vans,,PHEV
Global Net-zero,Canada,2032,Vehicle motor,Copper,2.9553184437645283,2 and 3 wheelers,,BEV
Global Net-zero,Canada,2032,Vehicle motor,Copper,211.22875391042817,Buses,,BEV
Global Net-zero,Canada,2032,Vehicle motor,Copper,33674.666916189024,Cars,,BEV
Global Net-zero,Canada,2032,Vehicle motor,Copper,1307.739073609685,Trucks,,BEV
Global Net-zero,Canada,2032,Vehicle motor,Copper,3816.8034280252937,Vans,,BEV
Global Net-zero,Canada,2032,Vehicle motor,Copper,13.076065718264601,Buses,,FCEV
Global Net-zero,Canada,2032,Vehicle motor,Copper,3.5447017806514762,Cars,,FCEV
Global Net-zero,Canada,2032,Vehicle motor,Copper,3.923217220829055,Trucks,,FCEV
Global Net-zero,Canada,2032,Vehicle motor,Copper,10988.575520019576,Cars,,PHEV
Global Net-zero,Canada,2032,Vehicle motor,Copper,2220.68563085108,Vans,,PHEV
Global Net-zero,Canada,2033,Vehicle motor,Copper,3.490791265236012,2 and 3 wheelers,,BEV
Global Net-zero,Canada,2033,Vehicle motor,Copper,249.5011969599985,Buses,,BEV
Global Net-zero,Canada,2033,Vehicle motor,Copper,39776.164690065096,Cars,,BEV
Global Net-zero,Canada,2033,Vehicle motor,Copper,1544.6877289979968,Trucks,,BEV
Global Net-zero,Canada,2033,Vehicle motor,Copper,4508.368326866895,Vans,,BEV
Global Net-zero,Canada,2033,Vehicle motor,Copper,15.445312192761811,Buses,,FCEV
Global Net-zero,Canada,2033,Vehicle motor,Copper,4.186964704217378,Cars,,FCEV
Global Net-zero,Canada,2033,Vehicle motor,Copper,4.63406318699399,Trucks,,FCEV
Global Net-zero,Canada,2033,Vehicle motor,Copper,12979.590583073874,Cars,,PHEV
Global Net-zero,Canada,2033,Vehicle motor,Copper,2623.0506629043753,Vans,,PHEV
Global Net-zero,Canada,2034,Vehicle motor,Copper,4.041486195229874,2 and 3 wheelers,,BEV
Global Net-zero,Canada,2034,Vehicle motor,Copper,288.86162666016327,Buses,,BEV
Global Net-zero,Canada,2034,Vehicle motor,Copper,46051.11227789768,Cars,,BEV
Global Net-zero,Canada,2034,Vehicle motor,Copper,1788.3722223260213,Trucks,,BEV
Global Net-zero,Canada,2034,Vehicle motor,Copper,5219.5926286106005,Vans,,BEV
Global Net-zero,Canada,2034,Vehicle motor,Copper,17.88191022181963,Buses,,FCEV
Global Net-zero,Canada,2034,Vehicle motor,Copper,4.847485502936598,Cars,,FCEV
Global Net-zero,Canada,2034,Vehicle motor,Copper,5.365116666978063,Trucks,,FCEV
Global Net-zero,Canada,2034,Vehicle motor,Copper,15027.205059103453,Cars,,PHEV
Global Net-zero,Canada,2034,Vehicle motor,Copper,3036.8538930098043,Vans,,PHEV
Global Net-zero,Canada,2035,Vehicle motor,Copper,4.542041001483701,2 and 3 wheelers,,BEV
Global Net-zero,Canada,2035,Vehicle motor,Copper,324.63833566827583,Buses,,BEV
Global Net-zero,Canada,2035,Vehicle motor,Copper,51754.73329019836,Cars,,BEV
Global Net-zero,Canada,2035,Vehicle motor,Copper,2009.8695300027603,Trucks,,BEV
Global Net-zero,Canada,2035,Vehicle motor,Copper,5866.060796687437,Vans,,BEV
Global Net-zero,Canada,2035,Vehicle motor,Copper,20.096658874702786,Buses,,FCEV
Global Net-zero,Canada,2035,Vehicle motor,Copper,5.447866662126144,Cars,,FCEV
Global Net-zero,Canada,2035,Vehicle motor,Copper,6.02960859000828,Trucks,,FCEV
Global Net-zero,Canada,2035,Vehicle motor,Copper,16888.386652591045,Cars,,PHEV
Global Net-zero,Canada,2035,Vehicle motor,Copper,3412.9808271635998,Vans,,PHEV
Global Net-zero,Canada,2036,Vehicle motor,Copper,5.096536680367815,2 and 3 wheelers,,BEV
Global Net-zero,Canada,2036,Vehicle motor,Copper,364.27042051061596,Buses,,BEV
Global Net-zero,Canada,2036,Vehicle motor,Copper,58072.98888539013,Cars,,BEV
Global Net-zero,Canada,2036,Vehicle motor,Copper,2255.2358684271217,Trucks,,BEV
Global Net-zero,Canada,2036,Vehicle motor,Copper,6582.193778043652,Vans,,BEV
Global Net-zero,Canada,2036,Vehicle motor,Copper,22.550073650657176,Buses,,FCEV
Global Net-zero,Canada,2036,Vehicle motor,Copper,6.112946198462119,Cars,,FCEV
Global Net-zero,Canada,2036,Vehicle motor,Copper,6.765707605281365,Trucks,,FCEV
Global Net-zero,Canada,2036,Vehicle motor,Copper,18950.133215232567,Cars,,PHEV
Global Net-zero,Canada,2036,Vehicle motor,Copper,3829.640016316306,Vans,,PHEV
Global Net-zero,Canada,2037,Vehicle motor,Copper,5.641550965199201,2 and 3 wheelers,,BEV
Global Net-zero,Canada,2037,Vehicle motor,Copper,403.22483115668894,Buses,,BEV
Global Net-zero,Canada,2037,Vehicle motor,Copper,64283.20780274082,Cars,,BEV
Global Net-zero,Canada,2037,Vehicle motor,Copper,2496.40665577603,Trucks,,BEV
Global Net-zero,Canada,2037,Vehicle motor,Copper,7286.081507995818,Vans,,BEV
Global Net-zero,Canada,2037,Vehicle motor,Copper,24.961537166842646,Buses,,FCEV
Global Net-zero,Canada,2037,Vehicle motor,Copper,6.766653452920087,Cars,,FCEV
Global Net-zero,Canada,2037,Vehicle motor,Copper,7.489219967328089,Trucks,,FCEV
Global Net-zero,Canada,2037,Vehicle motor,Copper,20976.62570405227,Cars,,PHEV
Global Net-zero,Canada,2037,Vehicle motor,Copper,4239.174695561203,Vans,,PHEV
Global Net-zero,Canada,2038,Vehicle motor,Copper,6.163164159251923,2 and 3 wheelers,,BEV
Global Net-zero,Canada,2038,Vehicle motor,Copper,440.5066696791888,Buses,,BEV
Global Net-zero,Canada,2038,Vehicle motor,Copper,70226.78068771228,Cars,,BEV
Global Net-zero,Canada,2038,Vehicle motor,Copper,2727.2223760285597,Trucks,,BEV
Global Net-zero,Canada,2038,Vehicle motor,Copper,7959.746652733189,Vans,,BEV
Global Net-zero,Canada,2038,Vehicle motor,Copper,27.269460503949784,Buses,,FCEV
Global Net-zero,Canada,2038,Vehicle motor,Copper,7.392292703969714,Cars,,FCEV
Global Net-zero,Canada,2038,Vehicle motor,Copper,8.18166712808568,Trucks,,FCEV
Global Net-zero,Canada,2038,Vehicle motor,Copper,22916.10738230611,Cars,,PHEV
Global Net-zero,Canada,2038,Vehicle motor,Copper,4631.125325226583,Vans,,PHEV
Global Net-zero,Canada,2039,Vehicle motor,Copper,6.6609653338564545,2 and 3 wheelers,,BEV
Global Net-zero,Canada,2039,Vehicle motor,Copper,476.0865653174135,Buses,,BEV
Global Net-zero,Canada,2039,Vehicle motor,Copper,75899.02517312953,Cars,,BEV
Global Net-zero,Canada,2039,Vehicle motor,Copper,2947.5011917658917,Trucks,,BEV
Global Net-zero,Canada,2039,Vehicle motor,Copper,8602.658496536165,Vans,,BEV
Global Net-zero,Canada,2039,Vehicle motor,Copper,29.47202547203036,Buses,,FCEV
Global Net-zero,Canada,2039,Vehicle motor,Copper,7.98937107085574,Cars,,FCEV
Global Net-zero,Canada,2039,Vehicle motor,Copper,8.842503575297673,Trucks,,FCEV
Global Net-zero,Canada,2039,Vehicle motor,Copper,24767.050319652793,Cars,,PHEV
Global Net-zero,Canada,2039,Vehicle motor,Copper,5005.183125257406,Vans,,PHEV
Global Net-zero,Canada,2040,Vehicle motor,Copper,7.136505369307093,2 and 3 wheelers,,BEV
Global Net-zero,Canada,2040,Vehicle motor,Copper,510.07536585926226,Buses,,BEV
Global Net-zero,Canada,2040,Vehicle motor,Copper,81317.61291716789,Cars,,BEV
Global Net-zero,Canada,2040,Vehicle motor,Copper,3157.9293731135413,Trucks,,BEV
Global Net-zero,Canada,2040,Vehicle motor,Copper,9216.820006373067,Vans,,BEV
Global Net-zero,Canada,2040,Vehicle motor,Copper,31.57609407700195,Buses,,FCEV
Global Net-zero,Canada,2040,Vehicle motor,Copper,8.559748728122937,Cars,,FCEV
Global Net-zero,Canada,2040,Vehicle motor,Copper,9.473788119340623,Trucks,,FCEV
Global Net-zero,Canada,2040,Vehicle motor,Copper,26535.2210571811,Cars,,PHEV
Global Net-zero,Canada,2040,Vehicle motor,Copper,5362.513458253422,Vans,,PHEV
