Country,Mode,Powertrain,Year,EV_sales,Mass_vehicule,Scenario,Technology,Sub-technology,Metal,Metal intensity (g/vehicle),Metal_demand_t,Fiability_used,Comment
Canada,2 and 3 wheelers,BEV,2024,170.0,0.09808569078889517,Current Measures,Vehicle body,BEV,Aluminum,127302.0,2.122705783497349,No comparison,
Canada,2 and 3 wheelers,BEV,2024,170.0,0.09808569078889517,Current Measures,Vehicle body,BEV,Chromium,11850.0,0.19759362409422934,No comparison,
Canada,2 and 3 wheelers,BEV,2024,170.0,0.09808569078889517,Current Measures,Vehicle body,BEV,Iron,902171.34,15.043316845953347,No comparison,
Canada,2 and 3 wheelers,BEV,2024,170.0,0.09808569078889517,Current Measures,Vehicle body,BEV,Lead,310.0,0.005169115904574776,No comparison,
Canada,2 and 3 wheelers,BEV,2024,170.0,0.09808569078889517,Current Measures,Vehicle body,BEV,Zinc,100.0,0.0016674567434112179,No comparison,
Canada,Buses,BEV,2024,210.0,5.6752374182090595,Current Measures,Vehicle body,BEV,Aluminum,127302.0,151.71850550069846,No comparison,
Canada,Buses,BEV,2024,210.0,5.6752374182090595,Current Measures,Vehicle body,BEV,Chromium,11850.0,14.122828315213246,No comparison,
Canada,Buses,BEV,2024,210.0,5.6752374182090595,Current Measures,Vehicle body,BEV,Iron,902171.34,1075.2076747447995,No comparison,
Canada,Buses,BEV,2024,210.0,5.6752374182090595,Current Measures,Vehicle body,BEV,Lead,310.0,0.3694579559254098,No comparison,
Canada,Buses,BEV,2024,210.0,5.6752374182090595,Current Measures,Vehicle body,BEV,Zinc,100.0,0.11917998578239025,No comparison,
Canada,Cars,BEV,2024,190000.0,1.0,Current Measures,Vehicle body,BEV,Aluminum,127302.0,24187.38,No comparison,
Canada,Cars,BEV,2024,190000.0,1.0,Current Measures,Vehicle body,BEV,Chromium,11850.0,2251.5,No comparison,
Canada,Cars,BEV,2024,190000.0,1.0,Current Measures,Vehicle body,BEV,Iron,902171.34,171412.5546,No comparison,
Canada,Cars,BEV,2024,190000.0,1.0,Current Measures,Vehicle body,BEV,Lead,310.0,58.9,No comparison,
Canada,Cars,BEV,2024,190000.0,1.0,Current Measures,Vehicle body,BEV,Zinc,100.0,19.0,No comparison,
Canada,Trucks,BEV,2024,2000.0,3.6892781241792854,Current Measures,Vehicle body,BEV,Aluminum,127302.0,939.3049675285428,No comparison,
Canada,Trucks,BEV,2024,2000.0,3.6892781241792854,Current Measures,Vehicle body,BEV,Chromium,11850.0,87.43589154304907,No comparison,
Canada,Trucks,BEV,2024,2000.0,3.6892781241792854,Current Measures,Vehicle body,BEV,Iron,902171.34,6656.721977847025,No comparison,
Canada,Trucks,BEV,2024,2000.0,3.6892781241792854,Current Measures,Vehicle body,BEV,Lead,310.0,2.287352436991157,No comparison,
Canada,Trucks,BEV,2024,2000.0,3.6892781241792854,Current Measures,Vehicle body,BEV,Zinc,100.0,0.7378556248358571,No comparison,
Canada,Vans,BEV,2024,11000.0,1.9577507575642077,Current Measures,Vehicle body,BEV,Aluminum,127302.0,2741.4814563338264,No comparison,
Canada,Vans,BEV,2024,11000.0,1.9577507575642077,Current Measures,Vehicle body,BEV,Chromium,11850.0,255.19281124849448,No comparison,
Canada,Vans,BEV,2024,11000.0,1.9577507575642077,Current Measures,Vehicle body,BEV,Iron,902171.34,19428.492867714882,No comparison,
Canada,Vans,BEV,2024,11000.0,1.9577507575642077,Current Measures,Vehicle body,BEV,Lead,310.0,6.675930083293948,No comparison,
Canada,Vans,BEV,2024,11000.0,1.9577507575642077,Current Measures,Vehicle body,BEV,Zinc,100.0,2.153525833320628,No comparison,
Canada,Buses,FCEV,2024,13.0,5.6752374182090595,Current Measures,Vehicle body,ICEV,Aluminum,71300.0,5.260377562937977,No comparison,
Canada,Buses,FCEV,2024,13.0,5.6752374182090595,Current Measures,Vehicle body,ICEV,Iron,902171.34,66.5604751032495,No comparison,
Canada,Buses,FCEV,2024,13.0,5.6752374182090595,Current Measures,Vehicle body,ICEV,Lead,300.0,0.022133425931015333,No comparison,
Canada,Buses,FCEV,2024,13.0,5.6752374182090595,Current Measures,Vehicle body,ICEV,Zinc,100.0,0.007377808643671777,No comparison,
Canada,Cars,FCEV,2024,20.0,1.0,Current Measures,Vehicle body,ICEV,Aluminum,71300.0,1.426,No comparison,
Canada,Cars,FCEV,2024,20.0,1.0,Current Measures,Vehicle body,ICEV,Iron,902171.34,18.043426800000002,No comparison,
Canada,Cars,FCEV,2024,20.0,1.0,Current Measures,Vehicle body,ICEV,Lead,300.0,0.006,No comparison,
Canada,Cars,FCEV,2024,20.0,1.0,Current Measures,Vehicle body,ICEV,Zinc,100.0,0.002,No comparison,
Canada,Trucks,FCEV,2024,6.0,3.6892781241792854,Current Measures,Vehicle body,ICEV,Aluminum,71300.0,1.5782731815238984,No comparison,
Canada,Trucks,FCEV,2024,6.0,3.6892781241792854,Current Measures,Vehicle body,ICEV,Iron,902171.34,19.970165933541075,No comparison,
Canada,Trucks,FCEV,2024,6.0,3.6892781241792854,Current Measures,Vehicle body,ICEV,Lead,300.0,0.006640700623522714,No comparison,
Canada,Trucks,FCEV,2024,6.0,3.6892781241792854,Current Measures,Vehicle body,ICEV,Zinc,100.0,0.0022135668745075715,No comparison,
Canada,Cars,PHEV,2024,62000.0,1.0,Current Measures,Vehicle body,PHEV,Aluminum,110658.0,6860.796,No comparison,
Canada,Cars,PHEV,2024,62000.0,1.0,Current Measures,Vehicle body,PHEV,Chromium,12789.0,792.918,No comparison,
Canada,Cars,PHEV,2024,62000.0,1.0,Current Measures,Vehicle body,PHEV,Iron,902171.34,55934.62308,No comparison,
Canada,Cars,PHEV,2024,62000.0,1.0,Current Measures,Vehicle body,PHEV,Lead,320.0,19.84,No comparison,
Canada,Cars,PHEV,2024,62000.0,1.0,Current Measures,Vehicle body,PHEV,Zinc,100.0,6.2,No comparison,
Canada,Vans,PHEV,2024,6400.0,1.9577507575642077,Current Measures,Vehicle body,PHEV,Aluminum,110658.0,1386.5010133154567,No comparison,
Canada,Vans,PHEV,2024,6400.0,1.9577507575642077,Current Measures,Vehicle body,PHEV,Chromium,12789.0,160.24111640632736,No comparison,
Canada,Vans,PHEV,2024,6400.0,1.9577507575642077,Current Measures,Vehicle body,PHEV,Iron,902171.34,11303.850395761385,No comparison,
Canada,Vans,PHEV,2024,6400.0,1.9577507575642077,Current Measures,Vehicle body,PHEV,Lead,320.0,4.009473551491497,No comparison,
Canada,Vans,PHEV,2024,6400.0,1.9577507575642077,Current Measures,Vehicle body,PHEV,Zinc,100.0,1.252960484841093,No comparison,
Canada,2 and 3 wheelers,BEV,2025,243.2677962581561,0.09808569078889517,Current Measures,Vehicle body,BEV,Aluminum,127302.0,3.0375644591520157,No comparison,
Canada,2 and 3 wheelers,BEV,2025,243.2677962581561,0.09808569078889517,Current Measures,Vehicle body,BEV,Chromium,11850.0,0.2827539146356804,No comparison,
Canada,2 and 3 wheelers,BEV,2025,243.2677962581561,0.09808569078889517,Current Measures,Vehicle body,BEV,Iron,902171.34,21.526791397225097,No comparison,
Canada,2 and 3 wheelers,BEV,2025,243.2677962581561,0.09808569078889517,Current Measures,Vehicle body,BEV,Lead,310.0,0.007396937851228769,No comparison,
Canada,2 and 3 wheelers,BEV,2025,243.2677962581561,0.09808569078889517,Current Measures,Vehicle body,BEV,Zinc,100.0,0.002386108984267345,No comparison,
Canada,Buses,BEV,2025,300.5072777306634,5.6752374182090595,Current Measures,Vehicle body,BEV,Aluminum,127302.0,217.1072146160932,No comparison,
Canada,Buses,BEV,2025,300.5072777306634,5.6752374182090595,Current Measures,Vehicle body,BEV,Chromium,11850.0,20.209584242201256,No comparison,
Canada,Buses,BEV,2025,300.5072777306634,5.6752374182090595,Current Measures,Vehicle body,BEV,Iron,902171.34,1538.6082444413157,No comparison,
Canada,Buses,BEV,2025,300.5072777306634,5.6752374182090595,Current Measures,Vehicle body,BEV,Lead,310.0,0.528689545576573,No comparison,
Canada,Buses,BEV,2025,300.5072777306634,5.6752374182090595,Current Measures,Vehicle body,BEV,Zinc,100.0,0.1705450147021203,No comparison,
Canada,Cars,BEV,2025,271887.53699440975,1.0,Current Measures,Vehicle body,BEV,Aluminum,127302.0,34611.82723446235,No comparison,
Canada,Cars,BEV,2025,271887.53699440975,1.0,Current Measures,Vehicle body,BEV,Chromium,11850.0,3221.8673133837556,No comparison,
Canada,Cars,BEV,2025,271887.53699440975,1.0,Current Measures,Vehicle body,BEV,Iron,902171.34,245289.14357954622,No comparison,
Canada,Cars,BEV,2025,271887.53699440975,1.0,Current Measures,Vehicle body,BEV,Lead,310.0,84.28513646826703,No comparison,
Canada,Cars,BEV,2025,271887.53699440975,1.0,Current Measures,Vehicle body,BEV,Zinc,100.0,27.188753699440976,No comparison,
Canada,Trucks,BEV,2025,2861.9740736253657,3.6892781241792854,Current Measures,Vehicle body,BEV,Aluminum,127302.0,1344.133232147103,No comparison,
Canada,Trucks,BEV,2025,2861.9740736253657,3.6892781241792854,Current Measures,Vehicle body,BEV,Chromium,11850.0,125.11962735026289,No comparison,
Canada,Trucks,BEV,2025,2861.9740736253657,3.6892781241792854,Current Measures,Vehicle body,BEV,Iron,902171.34,9525.682857965176,No comparison,
Canada,Trucks,BEV,2025,2861.9740736253657,3.6892781241792854,Current Measures,Vehicle body,BEV,Lead,310.0,3.2731716859562447,No comparison,
Canada,Trucks,BEV,2025,2861.9740736253657,3.6892781241792854,Current Measures,Vehicle body,BEV,Zinc,100.0,1.0558618341794337,No comparison,
Canada,Vans,BEV,2025,15740.857404939512,1.9577507575642077,Current Measures,Vehicle body,BEV,Aluminum,127302.0,3923.024425676061,No comparison,
Canada,Vans,BEV,2025,15740.857404939512,1.9577507575642077,Current Measures,Vehicle body,BEV,Chromium,11850.0,365.1776047843814,No comparison,
Canada,Vans,BEV,2025,15740.857404939512,1.9577507575642077,Current Measures,Vehicle body,BEV,Iron,902171.34,27801.92143850766,No comparison,
Canada,Vans,BEV,2025,15740.857404939512,1.9577507575642077,Current Measures,Vehicle body,BEV,Lead,310.0,9.553169407861455,No comparison,
Canada,Vans,BEV,2025,15740.857404939512,1.9577507575642077,Current Measures,Vehicle body,BEV,Zinc,100.0,3.08166755092305,No comparison,
Canada,Buses,FCEV,2025,18.602831478564877,5.6752374182090595,Current Measures,Vehicle body,ICEV,Aluminum,71300.0,7.527532101304538,No comparison,
Canada,Buses,FCEV,2025,18.602831478564877,5.6752374182090595,Current Measures,Vehicle body,ICEV,Iron,902171.34,95.24717703684334,No comparison,
Canada,Buses,FCEV,2025,18.602831478564877,5.6752374182090595,Current Measures,Vehicle body,ICEV,Lead,300.0,0.03167264558753663,No comparison,
Canada,Buses,FCEV,2025,18.602831478564877,5.6752374182090595,Current Measures,Vehicle body,ICEV,Zinc,100.0,0.010557548529178876,No comparison,
Canada,Cars,FCEV,2025,28.619740736253657,1.0,Current Measures,Vehicle body,ICEV,Aluminum,71300.0,2.0405875144948857,No comparison,
Canada,Cars,FCEV,2025,28.619740736253657,1.0,Current Measures,Vehicle body,ICEV,Iron,902171.34,25.81990985047855,No comparison,
Canada,Cars,FCEV,2025,28.619740736253657,1.0,Current Measures,Vehicle body,ICEV,Lead,300.0,0.008585922220876096,No comparison,
Canada,Cars,FCEV,2025,28.619740736253657,1.0,Current Measures,Vehicle body,ICEV,Zinc,100.0,0.0028619740736253656,No comparison,
Canada,Trucks,FCEV,2025,8.585922220876098,3.6892781241792854,Current Measures,Vehicle body,ICEV,Aluminum,71300.0,2.258488463309809,No comparison,
Canada,Trucks,FCEV,2025,8.585922220876098,3.6892781241792854,Current Measures,Vehicle body,ICEV,Iron,902171.34,28.577048573895528,No comparison,
Canada,Trucks,FCEV,2025,8.585922220876098,3.6892781241792854,Current Measures,Vehicle body,ICEV,Lead,300.0,0.009502756507614904,No comparison,
Canada,Trucks,FCEV,2025,8.585922220876098,3.6892781241792854,Current Measures,Vehicle body,ICEV,Zinc,100.0,0.0031675855025383014,No comparison,
Canada,Cars,PHEV,2025,88721.19628238634,1.0,Current Measures,Vehicle body,PHEV,Aluminum,110658.0,9817.71013821631,No comparison,
Canada,Cars,PHEV,2025,88721.19628238634,1.0,Current Measures,Vehicle body,PHEV,Chromium,12789.0,1134.6553792554391,No comparison,
Canada,Cars,PHEV,2025,88721.19628238634,1.0,Current Measures,Vehicle body,PHEV,Iron,902171.34,80041.72053648351,No comparison,
Canada,Cars,PHEV,2025,88721.19628238634,1.0,Current Measures,Vehicle body,PHEV,Lead,320.0,28.39078281036363,No comparison,
Canada,Cars,PHEV,2025,88721.19628238634,1.0,Current Measures,Vehicle body,PHEV,Zinc,100.0,8.872119628238636,No comparison,
Canada,Vans,PHEV,2025,9158.31703560117,1.9577507575642077,Current Measures,Vehicle body,PHEV,Aluminum,110658.0,1984.0649765820672,No comparison,
Canada,Vans,PHEV,2025,9158.31703560117,1.9577507575642077,Current Measures,Vehicle body,PHEV,Chromium,12789.0,229.30296034184659,No comparison,
Canada,Vans,PHEV,2025,9158.31703560117,1.9577507575642077,Current Measures,Vehicle body,PHEV,Iron,902171.34,16175.663382404455,No comparison,
Canada,Vans,PHEV,2025,9158.31703560117,1.9577507575642077,Current Measures,Vehicle body,PHEV,Lead,320.0,5.737504676627641,No comparison,
Canada,Vans,PHEV,2025,9158.31703560117,1.9577507575642077,Current Measures,Vehicle body,PHEV,Zinc,100.0,1.7929702114461379,No comparison,
Canada,2 and 3 wheelers,BEV,2026,327.92208241748733,0.09808569078889517,Current Measures,Vehicle body,BEV,Aluminum,127302.0,4.0946005934358505,No comparison,
Canada,2 and 3 wheelers,BEV,2026,327.92208241748733,0.09808569078889517,Current Measures,Vehicle body,BEV,Chromium,11850.0,0.38114889814939934,No comparison,
Canada,2 and 3 wheelers,BEV,2026,327.92208241748733,0.09808569078889517,Current Measures,Vehicle body,BEV,Iron,902171.34,29.017857568182876,No comparison,
Canada,2 and 3 wheelers,BEV,2026,327.92208241748733,0.09808569078889517,Current Measures,Vehicle body,BEV,Lead,310.0,0.009970983833444202,No comparison,
Canada,2 and 3 wheelers,BEV,2026,327.92208241748733,0.09808569078889517,Current Measures,Vehicle body,BEV,Zinc,100.0,0.003216446397885226,No comparison,
Canada,Buses,BEV,2026,405.08021945689615,5.6752374182090595,Current Measures,Vehicle body,BEV,Aluminum,127302.0,292.6579309709296,No comparison,
Canada,Buses,BEV,2026,405.08021945689615,5.6752374182090595,Current Measures,Vehicle body,BEV,Chromium,11850.0,27.242278063231655,No comparison,
Canada,Buses,BEV,2026,405.08021945689615,5.6752374182090595,Current Measures,Vehicle body,BEV,Iron,902171.34,2074.025527844583,No comparison,
Canada,Buses,BEV,2026,405.08021945689615,5.6752374182090595,Current Measures,Vehicle body,BEV,Lead,310.0,0.7126671898398155,No comparison,
Canada,Buses,BEV,2026,405.08021945689615,5.6752374182090595,Current Measures,Vehicle body,BEV,Zinc,100.0,0.22989264188381145,No comparison,
Canada,Cars,BEV,2026,366501.15093719173,1.0,Current Measures,Vehicle body,BEV,Aluminum,127302.0,46656.32951660638,No comparison,
Canada,Cars,BEV,2026,366501.15093719173,1.0,Current Measures,Vehicle body,BEV,Chromium,11850.0,4343.038638605723,No comparison,
Canada,Cars,BEV,2026,366501.15093719173,1.0,Current Measures,Vehicle body,BEV,Iron,902171.34,330646.83445254853,No comparison,
Canada,Cars,BEV,2026,366501.15093719173,1.0,Current Measures,Vehicle body,BEV,Lead,310.0,113.61535679052945,No comparison,
Canada,Cars,BEV,2026,366501.15093719173,1.0,Current Measures,Vehicle body,BEV,Zinc,100.0,36.65011509371918,No comparison,
Canada,Trucks,BEV,2026,3857.906851970439,3.6892781241792854,Current Measures,Vehicle body,BEV,Aluminum,127302.0,1811.8755351591183,No comparison,
Canada,Trucks,BEV,2026,3857.906851970439,3.6892781241792854,Current Measures,Vehicle body,BEV,Chromium,11850.0,168.6597625460366,No comparison,
Canada,Trucks,BEV,2026,3857.906851970439,3.6892781241792854,Current Measures,Vehicle body,BEV,Iron,902171.34,12840.506664999124,No comparison,
Canada,Trucks,BEV,2026,3857.906851970439,3.6892781241792854,Current Measures,Vehicle body,BEV,Lead,310.0,4.412196319769733,No comparison,
Canada,Trucks,BEV,2026,3857.906851970439,3.6892781241792854,Current Measures,Vehicle body,BEV,Zinc,100.0,1.4232891354095916,No comparison,
Canada,Vans,BEV,2026,21218.487685837415,1.9577507575642077,Current Measures,Vehicle body,BEV,Aluminum,127302.0,5288.190047470084,No comparison,
Canada,Vans,BEV,2026,21218.487685837415,1.9577507575642077,Current Measures,Vehicle body,BEV,Chromium,11850.0,492.2550475445829,No comparison,
Canada,Vans,BEV,2026,21218.487685837415,1.9577507575642077,Current Measures,Vehicle body,BEV,Iron,902171.34,37476.65787890802,No comparison,
Canada,Vans,BEV,2026,21218.487685837415,1.9577507575642077,Current Measures,Vehicle body,BEV,Lead,310.0,12.877558205807654,No comparison,
Canada,Vans,BEV,2026,21218.487685837415,1.9577507575642077,Current Measures,Vehicle body,BEV,Zinc,100.0,4.154051034131501,No comparison,
Canada,Buses,FCEV,2026,25.076394537807857,5.6752374182090595,Current Measures,Vehicle body,ICEV,Aluminum,71300.0,10.14702332200499,No comparison,
Canada,Buses,FCEV,2026,25.076394537807857,5.6752374182090595,Current Measures,Vehicle body,ICEV,Iron,902171.34,128.39205648561702,No comparison,
Canada,Buses,FCEV,2026,25.076394537807857,5.6752374182090595,Current Measures,Vehicle body,ICEV,Lead,300.0,0.042694347778422126,No comparison,
Canada,Buses,FCEV,2026,25.076394537807857,5.6752374182090595,Current Measures,Vehicle body,ICEV,Zinc,100.0,0.014231449259474043,No comparison,
Canada,Cars,FCEV,2026,38.57906851970439,1.0,Current Measures,Vehicle body,ICEV,Aluminum,71300.0,2.7506875854549233,No comparison,
Canada,Cars,FCEV,2026,38.57906851970439,1.0,Current Measures,Vehicle body,ICEV,Iron,902171.34,34.804929942373526,No comparison,
Canada,Cars,FCEV,2026,38.57906851970439,1.0,Current Measures,Vehicle body,ICEV,Lead,300.0,0.011573720555911318,No comparison,
Canada,Cars,FCEV,2026,38.57906851970439,1.0,Current Measures,Vehicle body,ICEV,Zinc,100.0,0.0038579068519704394,No comparison,
Canada,Trucks,FCEV,2026,11.573720555911319,3.6892781241792854,Current Measures,Vehicle body,ICEV,Aluminum,71300.0,3.044415460641116,No comparison,
Canada,Trucks,FCEV,2026,11.573720555911319,3.6892781241792854,Current Measures,Vehicle body,ICEV,Iron,902171.34,38.52151999499738,No comparison,
Canada,Trucks,FCEV,2026,11.573720555911319,3.6892781241792854,Current Measures,Vehicle body,ICEV,Lead,300.0,0.012809602218686322,No comparison,
Canada,Trucks,FCEV,2026,11.573720555911319,3.6892781241792854,Current Measures,Vehicle body,ICEV,Zinc,100.0,0.004269867406228775,No comparison,
Canada,Cars,PHEV,2026,119595.11241108362,1.0,Current Measures,Vehicle body,PHEV,Aluminum,110658.0,13234.155949185691,No comparison,
Canada,Cars,PHEV,2026,119595.11241108362,1.0,Current Measures,Vehicle body,PHEV,Chromium,12789.0,1529.5018926253485,No comparison,
Canada,Cars,PHEV,2026,119595.11241108362,1.0,Current Measures,Vehicle body,PHEV,Iron,902171.34,107895.28282135793,No comparison,
Canada,Cars,PHEV,2026,119595.11241108362,1.0,Current Measures,Vehicle body,PHEV,Lead,320.0,38.27043597154676,No comparison,
Canada,Cars,PHEV,2026,119595.11241108362,1.0,Current Measures,Vehicle body,PHEV,Zinc,100.0,11.95951124110836,No comparison,
Canada,Vans,PHEV,2026,12345.301926305407,1.9577507575642077,Current Measures,Vehicle body,PHEV,Aluminum,110658.0,2674.495879766829,No comparison,
Canada,Vans,PHEV,2026,12345.301926305407,1.9577507575642077,Current Measures,Vehicle body,PHEV,Chromium,12789.0,309.0976504756816,No comparison,
Canada,Vans,PHEV,2026,12345.301926305407,1.9577507575642077,Current Measures,Vehicle body,PHEV,Iron,902171.34,21804.600947728304,No comparison,
Canada,Vans,PHEV,2026,12345.301926305407,1.9577507575642077,Current Measures,Vehicle body,PHEV,Lead,320.0,7.734087743546651,No comparison,
Canada,Vans,PHEV,2026,12345.301926305407,1.9577507575642077,Current Measures,Vehicle body,PHEV,Zinc,100.0,2.4169024198583284,No comparison,
Canada,2 and 3 wheelers,BEV,2027,416.5631111649561,0.09808569078889517,Current Measures,Vehicle body,BEV,Aluminum,127302.0,5.2014172074205955,No comparison,
Canada,2 and 3 wheelers,BEV,2027,416.5631111649561,0.09808569078889517,Current Measures,Vehicle body,BEV,Chromium,11850.0,0.4841777341120648,No comparison,
Canada,2 and 3 wheelers,BEV,2027,416.5631111649561,0.09808569078889517,Current Measures,Vehicle body,BEV,Iron,902171.34,36.8617109858266,No comparison,
Canada,2 and 3 wheelers,BEV,2027,416.5631111649561,0.09808569078889517,Current Measures,Vehicle body,BEV,Lead,310.0,0.012666252959893676,No comparison,
Canada,2 and 3 wheelers,BEV,2027,416.5631111649561,0.09808569078889517,Current Measures,Vehicle body,BEV,Zinc,100.0,0.004085888051578605,No comparison,
Canada,Buses,BEV,2027,514.5779608508282,5.6752374182090595,Current Measures,Vehicle body,BEV,Aluminum,127302.0,371.7666627804026,No comparison,
Canada,Buses,BEV,2027,514.5779608508282,5.6752374182090595,Current Measures,Vehicle body,BEV,Chromium,11850.0,34.60617236137509,No comparison,
Canada,Buses,BEV,2027,514.5779608508282,5.6752374182090595,Current Measures,Vehicle body,BEV,Iron,902171.34,2634.6579655301875,No comparison,
Canada,Buses,BEV,2027,514.5779608508282,5.6752374182090595,Current Measures,Vehicle body,BEV,Lead,310.0,0.9053091503819642,No comparison,
Canada,Buses,BEV,2027,514.5779608508282,5.6752374182090595,Current Measures,Vehicle body,BEV,Zinc,100.0,0.2920352098006336,No comparison,
Canada,Cars,BEV,2027,465570.53600789217,1.0,Current Measures,Vehicle body,BEV,Aluminum,127302.0,59268.06037487669,No comparison,
Canada,Cars,BEV,2027,465570.53600789217,1.0,Current Measures,Vehicle body,BEV,Chromium,11850.0,5517.010851693522,No comparison,
Canada,Cars,BEV,2027,465570.53600789217,1.0,Current Measures,Vehicle body,BEV,Iron,902171.34,420024.3943347583,No comparison,
Canada,Cars,BEV,2027,465570.53600789217,1.0,Current Measures,Vehicle body,BEV,Lead,310.0,144.32686616244655,No comparison,
Canada,Cars,BEV,2027,465570.53600789217,1.0,Current Measures,Vehicle body,BEV,Zinc,100.0,46.55705360078922,No comparison,
Canada,Trucks,BEV,2027,4900.742484293602,3.6892781241792854,Current Measures,Vehicle body,BEV,Aluminum,127302.0,2301.645880037576,No comparison,
Canada,Trucks,BEV,2027,4900.742484293602,3.6892781241792854,Current Measures,Vehicle body,BEV,Chromium,11850.0,214.25039416855407,No comparison,
Canada,Trucks,BEV,2027,4900.742484293602,3.6892781241792854,Current Measures,Vehicle body,BEV,Iron,902171.34,16311.440101482922,No comparison,
Canada,Trucks,BEV,2027,4900.742484293602,3.6892781241792854,Current Measures,Vehicle body,BEV,Lead,310.0,5.604862632257533,No comparison,
Canada,Trucks,BEV,2027,4900.742484293602,3.6892781241792854,Current Measures,Vehicle body,BEV,Zinc,100.0,1.808020203954043,No comparison,
Canada,Vans,BEV,2027,26954.08366361481,1.9577507575642077,Current Measures,Vehicle body,BEV,Aluminum,127302.0,6717.647321479139,No comparison,
Canada,Vans,BEV,2027,26954.08366361481,1.9577507575642077,Current Measures,Vehicle body,BEV,Chromium,11850.0,625.3171258859076,No comparison,
Canada,Vans,BEV,2027,26954.08366361481,1.9577507575642077,Current Measures,Vehicle body,BEV,Iron,902171.34,47607.020201302774,No comparison,
Canada,Vans,BEV,2027,26954.08366361481,1.9577507575642077,Current Measures,Vehicle body,BEV,Lead,310.0,16.35850709068619,No comparison,
Canada,Vans,BEV,2027,26954.08366361481,1.9577507575642077,Current Measures,Vehicle body,BEV,Zinc,100.0,5.276937771189092,No comparison,
Canada,Buses,FCEV,2027,31.854826147908412,5.6752374182090595,Current Measures,Vehicle body,ICEV,Aluminum,71300.0,12.889877903057494,No comparison,
Canada,Buses,FCEV,2027,31.854826147908412,5.6752374182090595,Current Measures,Vehicle body,ICEV,Iron,902171.34,163.0978740566307,No comparison,
Canada,Buses,FCEV,2027,31.854826147908412,5.6752374182090595,Current Measures,Vehicle body,ICEV,Lead,300.0,0.05423511039154625,No comparison,
Canada,Buses,FCEV,2027,31.854826147908412,5.6752374182090595,Current Measures,Vehicle body,ICEV,Zinc,100.0,0.018078370130515418,No comparison,
Canada,Cars,FCEV,2027,49.00742484293602,1.0,Current Measures,Vehicle body,ICEV,Aluminum,71300.0,3.4942293913013383,No comparison,
Canada,Cars,FCEV,2027,49.00742484293602,1.0,Current Measures,Vehicle body,ICEV,Iron,902171.34,44.21309414050087,No comparison,
Canada,Cars,FCEV,2027,49.00742484293602,1.0,Current Measures,Vehicle body,ICEV,Lead,300.0,0.014702227452880804,No comparison,
Canada,Cars,FCEV,2027,49.00742484293602,1.0,Current Measures,Vehicle body,ICEV,Zinc,100.0,0.004900742484293601,No comparison,
Canada,Trucks,FCEV,2027,14.702227452880805,3.6892781241792854,Current Measures,Vehicle body,ICEV,Aluminum,71300.0,3.8673552162576983,No comparison,
Canada,Trucks,FCEV,2027,14.702227452880805,3.6892781241792854,Current Measures,Vehicle body,ICEV,Iron,902171.34,48.93432030444877,No comparison,
Canada,Trucks,FCEV,2027,14.702227452880805,3.6892781241792854,Current Measures,Vehicle body,ICEV,Lead,300.0,0.01627218183558639,No comparison,
Canada,Trucks,FCEV,2027,14.702227452880805,3.6892781241792854,Current Measures,Vehicle body,ICEV,Zinc,100.0,0.005424060611862129,No comparison,
Canada,Cars,PHEV,2027,151923.01701310166,1.0,Current Measures,Vehicle body,PHEV,Aluminum,110658.0,16811.497216635802,No comparison,
Canada,Cars,PHEV,2027,151923.01701310166,1.0,Current Measures,Vehicle body,PHEV,Chromium,12789.0,1942.943464580557,No comparison,
Canada,Cars,PHEV,2027,151923.01701310166,1.0,Current Measures,Vehicle body,PHEV,Iron,902171.34,137060.5918355527,No comparison,
Canada,Cars,PHEV,2027,151923.01701310166,1.0,Current Measures,Vehicle body,PHEV,Lead,320.0,48.61536544419253,No comparison,
Canada,Cars,PHEV,2027,151923.01701310166,1.0,Current Measures,Vehicle body,PHEV,Zinc,100.0,15.192301701310168,No comparison,
Canada,Vans,PHEV,2027,15682.375949739526,1.9577507575642077,Current Measures,Vehicle body,PHEV,Aluminum,110658.0,3397.4422102355934,No comparison,
Canada,Vans,PHEV,2027,15682.375949739526,1.9577507575642077,Current Measures,Vehicle body,PHEV,Chromium,12789.0,392.6502234515625,No comparison,
Canada,Vans,PHEV,2027,15682.375949739526,1.9577507575642077,Current Measures,Vehicle body,PHEV,Iron,902171.34,27698.62993530343,No comparison,
Canada,Vans,PHEV,2027,15682.375949739526,1.9577507575642077,Current Measures,Vehicle body,PHEV,Lead,320.0,9.824698686722966,No comparison,
Canada,Vans,PHEV,2027,15682.375949739526,1.9577507575642077,Current Measures,Vehicle body,PHEV,Zinc,100.0,3.0702183396009266,No comparison,
Canada,2 and 3 wheelers,BEV,2028,512.018380380415,0.09808569078889517,Current Measures,Vehicle body,BEV,Aluminum,127302.0,6.3933198664144255,No comparison,
Canada,2 and 3 wheelers,BEV,2028,512.018380380415,0.09808569078889517,Current Measures,Vehicle body,BEV,Chromium,11850.0,0.595126866954258,No comparison,
Canada,2 and 3 wheelers,BEV,2028,512.018380380415,0.09808569078889517,Current Measures,Vehicle body,BEV,Iron,902171.34,45.30855721773204,No comparison,
Canada,2 and 3 wheelers,BEV,2028,512.018380380415,0.09808569078889517,Current Measures,Vehicle body,BEV,Lead,310.0,0.015568719726229535,No comparison,
Canada,2 and 3 wheelers,BEV,2028,512.018380380415,0.09808569078889517,Current Measures,Vehicle body,BEV,Zinc,100.0,0.005022167653622431,No comparison,
Canada,Buses,BEV,2028,632.4932934111009,5.6752374182090595,Current Measures,Vehicle body,BEV,Aluminum,127302.0,456.95684388355704,No comparison,
Canada,Buses,BEV,2028,632.4932934111009,5.6752374182090595,Current Measures,Vehicle body,BEV,Chromium,11850.0,42.53616282556559,No comparison,
Canada,Buses,BEV,2028,632.4932934111009,5.6752374182090595,Current Measures,Vehicle body,BEV,Iron,902171.34,3238.3887776201427,No comparison,
Canada,Buses,BEV,2028,632.4932934111009,5.6752374182090595,Current Measures,Vehicle body,BEV,Lead,310.0,1.1127603777152182,No comparison,
Canada,Buses,BEV,2028,632.4932934111009,5.6752374182090595,Current Measures,Vehicle body,BEV,Zinc,100.0,0.3589549605532961,No comparison,
Canada,Cars,BEV,2028,572255.836895758,1.0,Current Measures,Vehicle body,BEV,Aluminum,127302.0,72849.31254850379,No comparison,
Canada,Cars,BEV,2028,572255.836895758,1.0,Current Measures,Vehicle body,BEV,Chromium,11850.0,6781.2316672147335,No comparison,
Canada,Cars,BEV,2028,572255.836895758,1.0,Current Measures,Vehicle body,BEV,Iron,902171.34,516272.81519506744,No comparison,
Canada,Cars,BEV,2028,572255.836895758,1.0,Current Measures,Vehicle body,BEV,Lead,310.0,177.399309437685,No comparison,
Canada,Cars,BEV,2028,572255.836895758,1.0,Current Measures,Vehicle body,BEV,Zinc,100.0,57.22558368957581,No comparison,
Canada,Trucks,BEV,2028,6023.745651534295,3.6892781241792854,Current Measures,Vehicle body,BEV,Aluminum,127302.0,2829.0671068073107,No comparison,
Canada,Trucks,BEV,2028,6023.745651534295,3.6892781241792854,Current Measures,Vehicle body,BEV,Chromium,11850.0,263.345785735233,No comparison,
Canada,Trucks,BEV,2028,6023.745651534295,3.6892781241792854,Current Measures,Vehicle body,BEV,Iron,902171.34,20049.200033764388,No comparison,
Canada,Trucks,BEV,2028,6023.745651534295,3.6892781241792854,Current Measures,Vehicle body,BEV,Lead,310.0,6.889214647925926,No comparison,
Canada,Trucks,BEV,2028,6023.745651534295,3.6892781241792854,Current Measures,Vehicle body,BEV,Zinc,100.0,2.222327305782557,No comparison,
Canada,Vans,BEV,2028,33130.601083438625,1.9577507575642077,Current Measures,Vehicle body,BEV,Aluminum,127302.0,8256.993500676397,No comparison,
Canada,Vans,BEV,2028,33130.601083438625,1.9577507575642077,Current Measures,Vehicle body,BEV,Chromium,11850.0,768.6082935304654,No comparison,
Canada,Vans,BEV,2028,33130.601083438625,1.9577507575642077,Current Measures,Vehicle body,BEV,Iron,902171.34,58516.149713881285,No comparison,
Canada,Vans,BEV,2028,33130.601083438625,1.9577507575642077,Current Measures,Vehicle body,BEV,Lead,310.0,20.10705240459445,No comparison,
Canada,Vans,BEV,2028,33130.601083438625,1.9577507575642077,Current Measures,Vehicle body,BEV,Zinc,100.0,6.486145936965952,No comparison,
Canada,Buses,FCEV,2028,39.15434673497292,5.6752374182090595,Current Measures,Vehicle body,ICEV,Aluminum,71300.0,15.843588235088106,No comparison,
Canada,Buses,FCEV,2028,39.15434673497292,5.6752374182090595,Current Measures,Vehicle body,ICEV,Iron,902171.34,200.4716862336279,No comparison,
Canada,Buses,FCEV,2028,39.15434673497292,5.6752374182090595,Current Measures,Vehicle body,ICEV,Lead,300.0,0.066663064102755,No comparison,
Canada,Buses,FCEV,2028,39.15434673497292,5.6752374182090595,Current Measures,Vehicle body,ICEV,Zinc,100.0,0.022221021367585,No comparison,
Canada,Cars,FCEV,2028,60.23745651534295,1.0,Current Measures,Vehicle body,ICEV,Aluminum,71300.0,4.294930649543952,No comparison,
Canada,Cars,FCEV,2028,60.23745651534295,1.0,Current Measures,Vehicle body,ICEV,Iron,902171.34,54.344506862638674,No comparison,
Canada,Cars,FCEV,2028,60.23745651534295,1.0,Current Measures,Vehicle body,ICEV,Lead,300.0,0.018071236954602887,No comparison,
Canada,Cars,FCEV,2028,60.23745651534295,1.0,Current Measures,Vehicle body,ICEV,Zinc,100.0,0.006023745651534295,No comparison,
Canada,Trucks,FCEV,2028,18.071236954602885,3.6892781241792854,Current Measures,Vehicle body,ICEV,Aluminum,71300.0,4.75355810706889,No comparison,
Canada,Trucks,FCEV,2028,18.071236954602885,3.6892781241792854,Current Measures,Vehicle body,ICEV,Iron,902171.34,60.14760010129318,No comparison,
Canada,Trucks,FCEV,2028,18.071236954602885,3.6892781241792854,Current Measures,Vehicle body,ICEV,Lead,300.0,0.02000094575204301,No comparison,
Canada,Trucks,FCEV,2028,18.071236954602885,3.6892781241792854,Current Measures,Vehicle body,ICEV,Zinc,100.0,0.006666981917347671,No comparison,
Canada,Cars,PHEV,2028,186736.11519756314,1.0,Current Measures,Vehicle body,PHEV,Aluminum,110658.0,20663.84503553194,No comparison,
Canada,Cars,PHEV,2028,186736.11519756314,1.0,Current Measures,Vehicle body,PHEV,Chromium,12789.0,2388.168177261635,No comparison,
Canada,Cars,PHEV,2028,186736.11519756314,1.0,Current Measures,Vehicle body,PHEV,Iron,902171.34,168467.9712741799,No comparison,
Canada,Cars,PHEV,2028,186736.11519756314,1.0,Current Measures,Vehicle body,PHEV,Lead,320.0,59.7555568632202,No comparison,
Canada,Cars,PHEV,2028,186736.11519756314,1.0,Current Measures,Vehicle body,PHEV,Zinc,100.0,18.673611519756314,No comparison,
Canada,Vans,PHEV,2028,19275.986084909742,1.9577507575642077,Current Measures,Vehicle body,PHEV,Aluminum,110658.0,4175.964724903437,No comparison,
Canada,Vans,PHEV,2028,19275.986084909742,1.9577507575642077,Current Measures,Vehicle body,PHEV,Chromium,12789.0,482.62586407480757,No comparison,
Canada,Vans,PHEV,2028,19275.986084909742,1.9577507575642077,Current Measures,Vehicle body,PHEV,Iron,902171.34,34045.75983353092,No comparison,
Canada,Vans,PHEV,2028,19275.986084909742,1.9577507575642077,Current Measures,Vehicle body,PHEV,Lead,320.0,12.076024435369336,No comparison,
Canada,Vans,PHEV,2028,19275.986084909742,1.9577507575642077,Current Measures,Vehicle body,PHEV,Zinc,100.0,3.7737576360529173,No comparison,
Canada,2 and 3 wheelers,BEV,2029,615.5692379584278,0.09808569078889517,Current Measures,Vehicle body,BEV,Aluminum,127302.0,7.686308126808297,No comparison,
Canada,2 and 3 wheelers,BEV,2029,615.5692379584278,0.09808569078889517,Current Measures,Vehicle body,BEV,Chromium,11850.0,0.7154856271125224,No comparison,
Canada,2 and 3 wheelers,BEV,2029,615.5692379584278,0.09808569078889517,Current Measures,Vehicle body,BEV,Iron,902171.34,54.47178286606283,No comparison,
Canada,2 and 3 wheelers,BEV,2029,615.5692379584278,0.09808569078889517,Current Measures,Vehicle body,BEV,Lead,310.0,0.01871734551939932,No comparison,
Canada,2 and 3 wheelers,BEV,2029,615.5692379584278,0.09808569078889517,Current Measures,Vehicle body,BEV,Zinc,100.0,0.006037853393354619,No comparison,
Canada,Buses,BEV,2029,760.4090586545285,5.6752374182090595,Current Measures,Vehicle body,BEV,Aluminum,127302.0,549.3720283250381,No comparison,
Canada,Buses,BEV,2029,760.4090586545285,5.6752374182090595,Current Measures,Vehicle body,BEV,Chromium,11850.0,51.13869802243249,No comparison,
Canada,Buses,BEV,2029,760.4090586545285,5.6752374182090595,Current Measures,Vehicle body,BEV,Iron,902171.34,3893.322170527702,No comparison,
Canada,Buses,BEV,2029,760.4090586545285,5.6752374182090595,Current Measures,Vehicle body,BEV,Lead,310.0,1.3378056022746052,No comparison,
Canada,Buses,BEV,2029,760.4090586545285,5.6752374182090595,Current Measures,Vehicle body,BEV,Zinc,100.0,0.43155019428213076,No comparison,
Canada,Cars,BEV,2029,687989.1483064782,1.0,Current Measures,Vehicle body,BEV,Aluminum,127302.0,87582.39455771129,No comparison,
Canada,Cars,BEV,2029,687989.1483064782,1.0,Current Measures,Vehicle body,BEV,Chromium,11850.0,8152.671407431766,No comparison,
Canada,Cars,BEV,2029,687989.1483064782,1.0,Current Measures,Vehicle body,BEV,Iron,902171.34,620684.0918331142,No comparison,
Canada,Cars,BEV,2029,687989.1483064782,1.0,Current Measures,Vehicle body,BEV,Lead,310.0,213.27663597500822,No comparison,
Canada,Cars,BEV,2029,687989.1483064782,1.0,Current Measures,Vehicle body,BEV,Zinc,100.0,68.79891483064782,No comparison,
Canada,Trucks,BEV,2029,7241.991034805033,3.6892781241792854,Current Measures,Vehicle body,BEV,Aluminum,127302.0,3401.2190768947703,No comparison,
Canada,Trucks,BEV,2029,7241.991034805033,3.6892781241792854,Current Measures,Vehicle body,BEV,Chromium,11850.0,316.6049713374733,No comparison,
Canada,Trucks,BEV,2029,7241.991034805033,3.6892781241792854,Current Measures,Vehicle body,BEV,Iron,902171.34,24103.96044237889,No comparison,
Canada,Trucks,BEV,2029,7241.991034805033,3.6892781241792854,Current Measures,Vehicle body,BEV,Lead,310.0,8.282492921064701,No comparison,
Canada,Trucks,BEV,2029,7241.991034805033,3.6892781241792854,Current Measures,Vehicle body,BEV,Zinc,100.0,2.6717719100208717,No comparison,
Canada,Vans,BEV,2029,39830.95069142768,1.9577507575642077,Current Measures,Vehicle body,BEV,Aluminum,127302.0,9926.89206442691,No comparison,
Canada,Vans,BEV,2029,39830.95069142768,1.9577507575642077,Current Measures,Vehicle body,BEV,Chromium,11850.0,924.0520256041449,No comparison,
Canada,Vans,BEV,2029,39830.95069142768,1.9577507575642077,Current Measures,Vehicle body,BEV,Iron,902171.34,70350.48558388234,No comparison,
Canada,Vans,BEV,2029,39830.95069142768,1.9577507575642077,Current Measures,Vehicle body,BEV,Lead,310.0,24.173512906099994,No comparison,
Canada,Vans,BEV,2029,39830.95069142768,1.9577507575642077,Current Measures,Vehicle body,BEV,Zinc,100.0,7.797907389064514,No comparison,
Canada,Buses,FCEV,2029,47.07294172623271,5.6752374182090595,Current Measures,Vehicle body,ICEV,Aluminum,71300.0,19.04780357524319,No comparison,
Canada,Buses,FCEV,2029,47.07294172623271,5.6752374182090595,Current Measures,Vehicle body,ICEV,Iron,902171.34,241.01518198504823,No comparison,
Canada,Buses,FCEV,2029,47.07294172623271,5.6752374182090595,Current Measures,Vehicle body,ICEV,Lead,300.0,0.08014503608096714,No comparison,
Canada,Buses,FCEV,2029,47.07294172623271,5.6752374182090595,Current Measures,Vehicle body,ICEV,Zinc,100.0,0.026715012026989046,No comparison,
Canada,Cars,FCEV,2029,72.41991034805034,1.0,Current Measures,Vehicle body,ICEV,Aluminum,71300.0,5.16353960781599,No comparison,
Canada,Cars,FCEV,2029,72.41991034805034,1.0,Current Measures,Vehicle body,ICEV,Iron,902171.34,65.33516756138044,No comparison,
Canada,Cars,FCEV,2029,72.41991034805034,1.0,Current Measures,Vehicle body,ICEV,Lead,300.0,0.0217259731044151,No comparison,
Canada,Cars,FCEV,2029,72.41991034805034,1.0,Current Measures,Vehicle body,ICEV,Zinc,100.0,0.0072419910348050336,No comparison,
Canada,Trucks,FCEV,2029,21.7259731044151,3.6892781241792854,Current Measures,Vehicle body,ICEV,Aluminum,71300.0,5.714920115534644,No comparison,
Canada,Trucks,FCEV,2029,21.7259731044151,3.6892781241792854,Current Measures,Vehicle body,ICEV,Iron,902171.34,72.31188132713666,No comparison,
Canada,Trucks,FCEV,2029,21.7259731044151,3.6892781241792854,Current Measures,Vehicle body,ICEV,Lead,300.0,0.024045947190187846,No comparison,
Canada,Trucks,FCEV,2029,21.7259731044151,3.6892781241792854,Current Measures,Vehicle body,ICEV,Zinc,100.0,0.008015315730062615,No comparison,
Canada,Cars,PHEV,2029,224501.72207895602,1.0,Current Measures,Vehicle body,PHEV,Aluminum,110658.0,24842.911561813115,No comparison,
Canada,Cars,PHEV,2029,224501.72207895602,1.0,Current Measures,Vehicle body,PHEV,Chromium,12789.0,2871.1525236677685,No comparison,
Canada,Cars,PHEV,2029,224501.72207895602,1.0,Current Measures,Vehicle body,PHEV,Iron,902171.34,202539.0194402793,No comparison,
Canada,Cars,PHEV,2029,224501.72207895602,1.0,Current Measures,Vehicle body,PHEV,Lead,320.0,71.84055106526593,No comparison,
Canada,Cars,PHEV,2029,224501.72207895602,1.0,Current Measures,Vehicle body,PHEV,Zinc,100.0,22.4501722078956,No comparison,
Canada,Vans,PHEV,2029,23174.371311376108,1.9577507575642077,Current Measures,Vehicle body,PHEV,Aluminum,110658.0,5020.513954089315,No comparison,
Canada,Vans,PHEV,2029,23174.371311376108,1.9577507575642077,Current Measures,Vehicle body,PHEV,Chromium,12789.0,580.2323642108863,No comparison,
Canada,Vans,PHEV,2029,23174.371311376108,1.9577507575642077,Current Measures,Vehicle body,PHEV,Iron,902171.34,40931.191612440634,No comparison,
Canada,Vans,PHEV,2029,23174.371311376108,1.9577507575642077,Current Measures,Vehicle body,PHEV,Lead,320.0,14.518285757094661,No comparison,
Canada,Vans,PHEV,2029,23174.371311376108,1.9577507575642077,Current Measures,Vehicle body,PHEV,Zinc,100.0,4.536964299092081,No comparison,
Canada,2 and 3 wheelers,BEV,2030,725.7048408591357,0.09808569078889517,Current Measures,Vehicle body,BEV,Aluminum,127302.0,9.061516840021826,No comparison,
Canada,2 and 3 wheelers,BEV,2030,725.7048408591357,0.09808569078889517,Current Measures,Vehicle body,BEV,Chromium,11850.0,0.8434979384004858,No comparison,
Canada,2 and 3 wheelers,BEV,2030,725.7048408591357,0.09808569078889517,Current Measures,Vehicle body,BEV,Iron,902171.34,64.21769328050664,No comparison,
Canada,2 and 3 wheelers,BEV,2030,725.7048408591357,0.09808569078889517,Current Measures,Vehicle body,BEV,Lead,310.0,0.022066190793599207,No comparison,
Canada,2 and 3 wheelers,BEV,2030,725.7048408591357,0.09808569078889517,Current Measures,Vehicle body,BEV,Zinc,100.0,0.007118126062451357,No comparison,
Canada,Buses,BEV,2030,896.4589210612853,5.6752374182090595,Current Measures,Vehicle body,BEV,Aluminum,127302.0,647.6638464104133,No comparison,
Canada,Buses,BEV,2030,896.4589210612853,5.6752374182090595,Current Measures,Vehicle body,BEV,Chromium,11850.0,60.28826397042778,No comparison,
Canada,Buses,BEV,2030,896.4589210612853,5.6752374182090595,Current Measures,Vehicle body,BEV,Iron,902171.34,4589.902438183506,No comparison,
Canada,Buses,BEV,2030,896.4589210612853,5.6752374182090595,Current Measures,Vehicle body,BEV,Lead,310.0,1.5771613359352414,No comparison,
Canada,Buses,BEV,2030,896.4589210612853,5.6752374182090595,Current Measures,Vehicle body,BEV,Zinc,100.0,0.5087617212694328,No comparison,
Canada,Cars,BEV,2030,811081.8809602105,1.0,Current Measures,Vehicle body,BEV,Aluminum,127302.0,103252.34560999672,No comparison,
Canada,Cars,BEV,2030,811081.8809602105,1.0,Current Measures,Vehicle body,BEV,Chromium,11850.0,9611.320289378495,No comparison,
Canada,Cars,BEV,2030,811081.8809602105,1.0,Current Measures,Vehicle body,BEV,Iron,902171.34,731734.8273955935,No comparison,
Canada,Cars,BEV,2030,811081.8809602105,1.0,Current Measures,Vehicle body,BEV,Lead,310.0,251.43538309766524,No comparison,
Canada,Cars,BEV,2030,811081.8809602105,1.0,Current Measures,Vehicle body,BEV,Zinc,100.0,81.10818809602104,No comparison,
Canada,Trucks,BEV,2030,8537.70401010748,3.6892781241792854,Current Measures,Vehicle body,BEV,Aluminum,127302.0,4009.753893991158,No comparison,
Canada,Trucks,BEV,2030,8537.70401010748,3.6892781241792854,Current Measures,Vehicle body,BEV,Chromium,11850.0,373.2508809272063,No comparison,
Canada,Trucks,BEV,2030,8537.70401010748,3.6892781241792854,Current Measures,Vehicle body,BEV,Iron,902171.34,28416.56096221757,No comparison,
Canada,Trucks,BEV,2030,8537.70401010748,3.6892781241792854,Current Measures,Vehicle body,BEV,Lead,310.0,9.764369036914259,No comparison,
Canada,Trucks,BEV,2030,8537.70401010748,3.6892781241792854,Current Measures,Vehicle body,BEV,Zinc,100.0,3.1497964635207287,No comparison,
Canada,Vans,BEV,2030,46957.372055591135,1.9577507575642077,Current Measures,Vehicle body,BEV,Aluminum,127302.0,11702.9786116883,No comparison,
Canada,Vans,BEV,2030,46957.372055591135,1.9577507575642077,Current Measures,Vehicle body,BEV,Chromium,11850.0,1089.380343973436,No comparison,
Canada,Vans,BEV,2030,46957.372055591135,1.9577507575642077,Current Measures,Vehicle body,BEV,Iron,902171.34,82937.36073351695,No comparison,
Canada,Vans,BEV,2030,46957.372055591135,1.9577507575642077,Current Measures,Vehicle body,BEV,Lead,310.0,28.49855752166795,No comparison,
Canada,Vans,BEV,2030,46957.372055591135,1.9577507575642077,Current Measures,Vehicle body,BEV,Zinc,100.0,9.193083071505791,No comparison,
Canada,Buses,FCEV,2030,55.49507606569861,5.6752374182090595,Current Measures,Vehicle body,ICEV,Aluminum,71300.0,22.455773306887487,No comparison,
Canada,Buses,FCEV,2030,55.49507606569861,5.6752374182090595,Current Measures,Vehicle body,ICEV,Iron,902171.34,284.13681760183607,No comparison,
Canada,Buses,FCEV,2030,55.49507606569861,5.6752374182090595,Current Measures,Vehicle body,ICEV,Lead,300.0,0.09448431966432322,No comparison,
Canada,Buses,FCEV,2030,55.49507606569861,5.6752374182090595,Current Measures,Vehicle body,ICEV,Zinc,100.0,0.03149477322144107,No comparison,
Canada,Cars,FCEV,2030,85.37704010107478,1.0,Current Measures,Vehicle body,ICEV,Aluminum,71300.0,6.087382959206632,No comparison,
Canada,Cars,FCEV,2030,85.37704010107478,1.0,Current Measures,Vehicle body,ICEV,Iron,902171.34,77.02471867322036,No comparison,
Canada,Cars,FCEV,2030,85.37704010107478,1.0,Current Measures,Vehicle body,ICEV,Lead,300.0,0.025613112030322436,No comparison,
Canada,Cars,FCEV,2030,85.37704010107478,1.0,Current Measures,Vehicle body,ICEV,Zinc,100.0,0.008537704010107477,No comparison,
Canada,Trucks,FCEV,2030,25.613112030322437,3.6892781241792854,Current Measures,Vehicle body,ICEV,Aluminum,71300.0,6.737414635470837,No comparison,
Canada,Trucks,FCEV,2030,25.613112030322437,3.6892781241792854,Current Measures,Vehicle body,ICEV,Iron,902171.34,85.24968288665269,No comparison,
Canada,Trucks,FCEV,2030,25.613112030322437,3.6892781241792854,Current Measures,Vehicle body,ICEV,Lead,300.0,0.028348168171686554,No comparison,
Canada,Trucks,FCEV,2030,25.613112030322437,3.6892781241792854,Current Measures,Vehicle body,ICEV,Zinc,100.0,0.009449389390562184,No comparison,
Canada,Cars,PHEV,2030,264668.82431333186,1.0,Current Measures,Vehicle body,PHEV,Aluminum,110658.0,29287.72276086468,No comparison,
Canada,Cars,PHEV,2030,264668.82431333186,1.0,Current Measures,Vehicle body,PHEV,Chromium,12789.0,3384.8495941432016,No comparison,
Canada,Cars,PHEV,2030,264668.82431333186,1.0,Current Measures,Vehicle body,PHEV,Iron,902171.34,238776.6278869832,No comparison,
Canada,Cars,PHEV,2030,264668.82431333186,1.0,Current Measures,Vehicle body,PHEV,Lead,320.0,84.69402378026619,No comparison,
Canada,Cars,PHEV,2030,264668.82431333186,1.0,Current Measures,Vehicle body,PHEV,Zinc,100.0,26.466882431333183,No comparison,
Canada,Vans,PHEV,2030,27320.652832343934,1.9577507575642077,Current Measures,Vehicle body,PHEV,Aluminum,110658.0,5918.767630700729,No comparison,
Canada,Vans,PHEV,2030,27320.652832343934,1.9577507575642077,Current Measures,Vehicle body,PHEV,Chromium,12789.0,684.0456110632002,No comparison,
Canada,Vans,PHEV,2030,27320.652832343934,1.9577507575642077,Current Measures,Vehicle body,PHEV,Iron,902171.34,48254.46442677349,No comparison,
Canada,Vans,PHEV,2030,27320.652832343934,1.9577507575642077,Current Measures,Vehicle body,PHEV,Lead,320.0,17.115849209494417,No comparison,
Canada,Vans,PHEV,2030,27320.652832343934,1.9577507575642077,Current Measures,Vehicle body,PHEV,Zinc,100.0,5.348702877967004,No comparison,
Canada,2 and 3 wheelers,BEV,2031,826.3031551255646,0.09808569078889517,Current Measures,Vehicle body,BEV,Aluminum,127302.0,10.3176381547479,No comparison,
Canada,2 and 3 wheelers,BEV,2031,826.3031551255646,0.09808569078889517,Current Measures,Vehicle body,BEV,Chromium,11850.0,0.9604249118926851,No comparison,
Canada,2 and 3 wheelers,BEV,2031,826.3031551255646,0.09808569078889517,Current Measures,Vehicle body,BEV,Iron,902171.34,73.11964807861652,No comparison,
Canada,2 and 3 wheelers,BEV,2031,826.3031551255646,0.09808569078889517,Current Measures,Vehicle body,BEV,Lead,310.0,0.025125039889175728,No comparison,
Canada,2 and 3 wheelers,BEV,2031,826.3031551255646,0.09808569078889517,Current Measures,Vehicle body,BEV,Zinc,100.0,0.008104851577153462,No comparison,
Canada,Buses,BEV,2031,1020.7274269198151,5.6752374182090595,Current Measures,Vehicle body,BEV,Aluminum,127302.0,737.443998742132,No comparison,
Canada,Buses,BEV,2031,1020.7274269198151,5.6752374182090595,Current Measures,Vehicle body,BEV,Chromium,11850.0,68.64551527151391,No comparison,
Canada,Buses,BEV,2031,1020.7274269198151,5.6752374182090595,Current Measures,Vehicle body,BEV,Iron,902171.34,5226.161729746174,No comparison,
Canada,Buses,BEV,2031,1020.7274269198151,5.6752374182090595,Current Measures,Vehicle body,BEV,Lead,310.0,1.795789850984752,No comparison,
Canada,Buses,BEV,2031,1020.7274269198151,5.6752374182090595,Current Measures,Vehicle body,BEV,Zinc,100.0,0.5792870487047588,No comparison,
Canada,Cars,BEV,2031,923515.2910226899,1.0,Current Measures,Vehicle body,BEV,Aluminum,127302.0,117565.34357777046,No comparison,
Canada,Cars,BEV,2031,923515.2910226899,1.0,Current Measures,Vehicle body,BEV,Chromium,11850.0,10943.656198618875,No comparison,
Canada,Cars,BEV,2031,923515.2910226899,1.0,Current Measures,Vehicle body,BEV,Iron,902171.34,833169.02761243,No comparison,
Canada,Cars,BEV,2031,923515.2910226899,1.0,Current Measures,Vehicle body,BEV,Lead,310.0,286.28974021703385,No comparison,
Canada,Cars,BEV,2031,923515.2910226899,1.0,Current Measures,Vehicle body,BEV,Zinc,100.0,92.351529102269,No comparison,
Canada,Trucks,BEV,2031,9721.213589712524,3.6892781241792854,Current Measures,Vehicle body,BEV,Aluminum,127302.0,4565.5921076114755,No comparison,
Canada,Trucks,BEV,2031,9721.213589712524,3.6892781241792854,Current Measures,Vehicle body,BEV,Chromium,11850.0,424.9914885484595,No comparison,
Canada,Trucks,BEV,2031,9721.213589712524,3.6892781241792854,Current Measures,Vehicle body,BEV,Iron,902171.34,32355.708076992265,No comparison,
Canada,Trucks,BEV,2031,9721.213589712524,3.6892781241792854,Current Measures,Vehicle body,BEV,Lead,310.0,11.117920797470248,No comparison,
Canada,Trucks,BEV,2031,9721.213589712524,3.6892781241792854,Current Measures,Vehicle body,BEV,Zinc,100.0,3.5864260637000798,No comparison,
Canada,Vans,BEV,2031,53466.67474341889,1.9577507575642077,Current Measures,Vehicle body,BEV,Aluminum,127302.0,13325.263394628639,No comparison,
Canada,Vans,BEV,2031,53466.67474341889,1.9577507575642077,Current Measures,Vehicle body,BEV,Chromium,11850.0,1240.3919123529038,No comparison,
Canada,Vans,BEV,2031,53466.67474341889,1.9577507575642077,Current Measures,Vehicle body,BEV,Iron,902171.34,94434.26444663138,No comparison,
Canada,Vans,BEV,2031,53466.67474341889,1.9577507575642077,Current Measures,Vehicle body,BEV,Lead,310.0,32.4490711248439,No comparison,
Canada,Vans,BEV,2031,53466.67474341889,1.9577507575642077,Current Measures,Vehicle body,BEV,Zinc,100.0,10.467442298336742,No comparison,
Canada,Buses,FCEV,2031,63.18788833313141,5.6752374182090595,Current Measures,Vehicle body,ICEV,Aluminum,71300.0,25.56862692592576,No comparison,
Canada,Buses,FCEV,2031,63.18788833313141,5.6752374182090595,Current Measures,Vehicle body,ICEV,Iron,902171.34,323.5242975557156,No comparison,
Canada,Buses,FCEV,2031,63.18788833313141,5.6752374182090595,Current Measures,Vehicle body,ICEV,Lead,300.0,0.10758188047374091,No comparison,
Canada,Buses,FCEV,2031,63.18788833313141,5.6752374182090595,Current Measures,Vehicle body,ICEV,Zinc,100.0,0.035860626824580306,No comparison,
Canada,Cars,FCEV,2031,97.21213589712525,1.0,Current Measures,Vehicle body,ICEV,Aluminum,71300.0,6.931225289465031,No comparison,
Canada,Cars,FCEV,2031,97.21213589712525,1.0,Current Measures,Vehicle body,ICEV,Iron,902171.34,87.70200290657158,No comparison,
Canada,Cars,FCEV,2031,97.21213589712525,1.0,Current Measures,Vehicle body,ICEV,Lead,300.0,0.029163640769137574,No comparison,
Canada,Cars,FCEV,2031,97.21213589712525,1.0,Current Measures,Vehicle body,ICEV,Zinc,100.0,0.009721213589712525,No comparison,
Canada,Trucks,FCEV,2031,29.163640769137572,3.6892781241792854,Current Measures,Vehicle body,ICEV,Aluminum,71300.0,7.6713653502544705,No comparison,
Canada,Trucks,FCEV,2031,29.163640769137572,3.6892781241792854,Current Measures,Vehicle body,ICEV,Iron,902171.34,97.06712423097679,No comparison,
Canada,Trucks,FCEV,2031,29.163640769137572,3.6892781241792854,Current Measures,Vehicle body,ICEV,Lead,300.0,0.03227783457330072,No comparison,
Canada,Trucks,FCEV,2031,29.163640769137572,3.6892781241792854,Current Measures,Vehicle body,ICEV,Zinc,100.0,0.010759278191100239,No comparison,
Canada,Cars,PHEV,2031,301357.6212810883,1.0,Current Measures,Vehicle body,PHEV,Aluminum,110658.0,33347.63165572267,No comparison,
Canada,Cars,PHEV,2031,301357.6212810883,1.0,Current Measures,Vehicle body,PHEV,Chromium,12789.0,3854.062618563838,No comparison,
Canada,Cars,PHEV,2031,301357.6212810883,1.0,Current Measures,Vehicle body,PHEV,Iron,902171.34,271876.20901037194,No comparison,
Canada,Cars,PHEV,2031,301357.6212810883,1.0,Current Measures,Vehicle body,PHEV,Lead,320.0,96.43443880994825,No comparison,
Canada,Cars,PHEV,2031,301357.6212810883,1.0,Current Measures,Vehicle body,PHEV,Zinc,100.0,30.135762128108826,No comparison,
Canada,Vans,PHEV,2031,31107.88348708008,1.9577507575642077,Current Measures,Vehicle body,PHEV,Aluminum,110658.0,6739.236246396201,No comparison,
Canada,Vans,PHEV,2031,31107.88348708008,1.9577507575642077,Current Measures,Vehicle body,PHEV,Chromium,12789.0,778.8690592199482,No comparison,
Canada,Vans,PHEV,2031,31107.88348708008,1.9577507575642077,Current Measures,Vehicle body,PHEV,Iron,902171.34,54943.57204167644,No comparison,
Canada,Vans,PHEV,2031,31107.88348708008,1.9577507575642077,Current Measures,Vehicle body,PHEV,Lead,320.0,19.488474388176044,No comparison,
Canada,Vans,PHEV,2031,31107.88348708008,1.9577507575642077,Current Measures,Vehicle body,PHEV,Zinc,100.0,6.090148246305013,No comparison,
Canada,2 and 3 wheelers,BEV,2032,936.853614635075,0.09808569078889517,Current Measures,Vehicle body,BEV,Aluminum,127302.0,11.698026976919238,No comparison,
Canada,2 and 3 wheelers,BEV,2032,936.853614635075,0.09808569078889517,Current Measures,Vehicle body,BEV,Chromium,11850.0,1.0889194174207237,No comparison,
Canada,2 and 3 wheelers,BEV,2032,936.853614635075,0.09808569078889517,Current Measures,Vehicle body,BEV,Iron,902171.34,82.902269195483,No comparison,
Canada,2 and 3 wheelers,BEV,2032,936.853614635075,0.09808569078889517,Current Measures,Vehicle body,BEV,Lead,310.0,0.02848649952746197,No comparison,
Canada,2 and 3 wheelers,BEV,2032,936.853614635075,0.09808569078889517,Current Measures,Vehicle body,BEV,Zinc,100.0,0.009189193395955473,No comparison,
Canada,Buses,BEV,2032,1157.2897592550928,5.6752374182090595,Current Measures,Vehicle body,BEV,Aluminum,127302.0,836.1060605021227,No comparison,
Canada,Buses,BEV,2032,1157.2897592550928,5.6752374182090595,Current Measures,Vehicle body,BEV,Chromium,11850.0,77.82954562340069,No comparison,
Canada,Buses,BEV,2032,1157.2897592550928,5.6752374182090595,Current Measures,Vehicle body,BEV,Iron,902171.34,5925.365862164939,No comparison,
Canada,Buses,BEV,2032,1157.2897592550928,5.6752374182090595,Current Measures,Vehicle body,BEV,Lead,310.0,2.0360471850847435,No comparison,
Canada,Buses,BEV,2032,1157.2897592550928,5.6752374182090595,Current Measures,Vehicle body,BEV,Zinc,100.0,0.6567894145434657,No comparison,
Canada,Cars,BEV,2032,1047071.6869450839,1.0,Current Measures,Vehicle body,BEV,Aluminum,127302.0,133294.3198914831,No comparison,
Canada,Cars,BEV,2032,1047071.6869450839,1.0,Current Measures,Vehicle body,BEV,Chromium,11850.0,12407.799490299243,No comparison,
Canada,Cars,BEV,2032,1047071.6869450839,1.0,Current Measures,Vehicle body,BEV,Iron,902171.34,944638.0668873067,No comparison,
Canada,Cars,BEV,2032,1047071.6869450839,1.0,Current Measures,Vehicle body,BEV,Lead,310.0,324.592222952976,No comparison,
Canada,Cars,BEV,2032,1047071.6869450839,1.0,Current Measures,Vehicle body,BEV,Zinc,100.0,104.70716869450838,No comparison,
Canada,Trucks,BEV,2032,11021.807231000883,3.6892781241792854,Current Measures,Vehicle body,BEV,Aluminum,127302.0,5176.4191416105705,No comparison,
Canada,Trucks,BEV,2032,11021.807231000883,3.6892781241792854,Current Measures,Vehicle body,BEV,Chromium,11850.0,481.8507708290935,No comparison,
Canada,Trucks,BEV,2032,11021.807231000883,3.6892781241792854,Current Measures,Vehicle body,BEV,Iron,902171.34,36684.553215098415,No comparison,
Canada,Trucks,BEV,2032,11021.807231000883,3.6892781241792854,Current Measures,Vehicle body,BEV,Lead,310.0,12.605378814938312,No comparison,
Canada,Trucks,BEV,2032,11021.807231000883,3.6892781241792854,Current Measures,Vehicle body,BEV,Zinc,100.0,4.066251230625262,No comparison,
Canada,Vans,BEV,2032,60619.939770504854,1.9577507575642077,Current Measures,Vehicle body,BEV,Aluminum,127302.0,15108.040069537501,No comparison,
Canada,Vans,BEV,2032,60619.939770504854,1.9577507575642077,Current Measures,Vehicle body,BEV,Chromium,11850.0,1406.34298615905,No comparison,
Canada,Vans,BEV,2032,60619.939770504854,1.9577507575642077,Current Measures,Vehicle body,BEV,Iron,902171.34,107068.55158841447,No comparison,
Canada,Vans,BEV,2032,60619.939770504854,1.9577507575642077,Current Measures,Vehicle body,BEV,Lead,310.0,36.79040723285278,No comparison,
Canada,Vans,BEV,2032,60619.939770504854,1.9577507575642077,Current Measures,Vehicle body,BEV,Zinc,100.0,11.867873300920252,No comparison,
Canada,Buses,FCEV,2032,71.64174700150573,5.6752374182090595,Current Measures,Vehicle body,ICEV,Aluminum,71300.0,28.9894337304923,No comparison,
Canada,Buses,FCEV,2032,71.64174700150573,5.6752374182090595,Current Measures,Vehicle body,ICEV,Iron,902171.34,366.80836289592474,No comparison,
Canada,Buses,FCEV,2032,71.64174700150573,5.6752374182090595,Current Measures,Vehicle body,ICEV,Lead,300.0,0.12197517698664362,No comparison,
Canada,Buses,FCEV,2032,71.64174700150573,5.6752374182090595,Current Measures,Vehicle body,ICEV,Zinc,100.0,0.04065839232888121,No comparison,
Canada,Cars,FCEV,2032,110.21807231000884,1.0,Current Measures,Vehicle body,ICEV,Aluminum,71300.0,7.85854855570363,No comparison,
Canada,Cars,FCEV,2032,110.21807231000884,1.0,Current Measures,Vehicle body,ICEV,Iron,902171.34,99.43558598813756,No comparison,
Canada,Cars,FCEV,2032,110.21807231000884,1.0,Current Measures,Vehicle body,ICEV,Lead,300.0,0.03306542169300265,No comparison,
Canada,Cars,FCEV,2032,110.21807231000884,1.0,Current Measures,Vehicle body,ICEV,Zinc,100.0,0.011021807231000883,No comparison,
Canada,Trucks,FCEV,2032,33.06542169300265,3.6892781241792854,Current Measures,Vehicle body,ICEV,Aluminum,71300.0,8.697711382307434,No comparison,
Canada,Trucks,FCEV,2032,33.06542169300265,3.6892781241792854,Current Measures,Vehicle body,ICEV,Iron,902171.34,110.05365964529524,No comparison,
Canada,Trucks,FCEV,2032,33.06542169300265,3.6892781241792854,Current Measures,Vehicle body,ICEV,Lead,300.0,0.036596261075627357,No comparison,
Canada,Trucks,FCEV,2032,33.06542169300265,3.6892781241792854,Current Measures,Vehicle body,ICEV,Zinc,100.0,0.012198753691875786,No comparison,
Canada,Cars,PHEV,2032,341676.0241610274,1.0,Current Measures,Vehicle body,PHEV,Aluminum,110658.0,37809.18548161097,No comparison,
Canada,Cars,PHEV,2032,341676.0241610274,1.0,Current Measures,Vehicle body,PHEV,Chromium,12789.0,4369.69467299538,No comparison,
Canada,Cars,PHEV,2032,341676.0241610274,1.0,Current Measures,Vehicle body,PHEV,Iron,902171.34,308250.31656322646,No comparison,
Canada,Cars,PHEV,2032,341676.0241610274,1.0,Current Measures,Vehicle body,PHEV,Lead,320.0,109.33632773152875,No comparison,
Canada,Cars,PHEV,2032,341676.0241610274,1.0,Current Measures,Vehicle body,PHEV,Zinc,100.0,34.16760241610274,No comparison,
Canada,Vans,PHEV,2032,35269.783139202824,1.9577507575642077,Current Measures,Vehicle body,PHEV,Aluminum,110658.0,7640.873447175175,No comparison,
Canada,Vans,PHEV,2032,35269.783139202824,1.9577507575642077,Current Measures,Vehicle body,PHEV,Chromium,12789.0,883.0733477554566,No comparison,
Canada,Vans,PHEV,2032,35269.783139202824,1.9577507575642077,Current Measures,Vehicle body,PHEV,Iron,902171.34,62294.43001507751,No comparison,
Canada,Vans,PHEV,2032,35269.783139202824,1.9577507575642077,Current Measures,Vehicle body,PHEV,Lead,320.0,22.095822291167885,No comparison,
Canada,Vans,PHEV,2032,35269.783139202824,1.9577507575642077,Current Measures,Vehicle body,PHEV,Zinc,100.0,6.904944465989964,No comparison,
Canada,2 and 3 wheelers,BEV,2033,1056.485314733727,0.09808569078889517,Current Measures,Vehicle body,BEV,Aluminum,127302.0,13.191808751560583,No comparison,
Canada,2 and 3 wheelers,BEV,2033,1056.485314733727,0.09808569078889517,Current Measures,Vehicle body,BEV,Chromium,11850.0,1.2279691890621742,No comparison,
Canada,2 and 3 wheelers,BEV,2033,1056.485314733727,0.09808569078889517,Current Measures,Vehicle body,BEV,Iron,902171.34,93.48849019197763,No comparison,
Canada,2 and 3 wheelers,BEV,2033,1056.485314733727,0.09808569078889517,Current Measures,Vehicle body,BEV,Lead,310.0,0.03212408849023409,No comparison,
Canada,2 and 3 wheelers,BEV,2033,1056.485314733727,0.09808569078889517,Current Measures,Vehicle body,BEV,Zinc,100.0,0.010362609190398095,No comparison,
Canada,Buses,BEV,2033,1305.0700946710742,5.6752374182090595,Current Measures,Vehicle body,BEV,Aluminum,127302.0,942.8727825578591,No comparison,
Canada,Buses,BEV,2033,1305.0700946710742,5.6752374182090595,Current Measures,Vehicle body,BEV,Chromium,11850.0,87.7680042207556,No comparison,
Canada,Buses,BEV,2033,1305.0700946710742,5.6752374182090595,Current Measures,Vehicle body,BEV,Iron,902171.34,6682.006580334577,No comparison,
Canada,Buses,BEV,2033,1305.0700946710742,5.6752374182090595,Current Measures,Vehicle body,BEV,Lead,310.0,2.296040616745505,No comparison,
Canada,Buses,BEV,2033,1305.0700946710742,5.6752374182090595,Current Measures,Vehicle body,BEV,Zinc,100.0,0.740658263466292,No comparison,
Canada,Cars,BEV,2033,1180777.7047024006,1.0,Current Measures,Vehicle body,BEV,Aluminum,127302.0,150315.363364025,No comparison,
Canada,Cars,BEV,2033,1180777.7047024006,1.0,Current Measures,Vehicle body,BEV,Chromium,11850.0,13992.215800723448,No comparison,
Canada,Cars,BEV,2033,1180777.7047024006,1.0,Current Measures,Vehicle body,BEV,Iron,902171.34,1065263.804093489,No comparison,
Canada,Cars,BEV,2033,1180777.7047024006,1.0,Current Measures,Vehicle body,BEV,Lead,310.0,366.0410884577442,No comparison,
Canada,Cars,BEV,2033,1180777.7047024006,1.0,Current Measures,Vehicle body,BEV,Zinc,100.0,118.07777047024005,No comparison,
Canada,Trucks,BEV,2033,12429.238996867374,3.6892781241792854,Current Measures,Vehicle body,BEV,Aluminum,127302.0,5837.422966178504,No comparison,
Canada,Trucks,BEV,2033,12429.238996867374,3.6892781241792854,Current Measures,Vehicle body,BEV,Chromium,11850.0,543.3807964463658,No comparison,
Canada,Trucks,BEV,2033,12429.238996867374,3.6892781241792854,Current Measures,Vehicle body,BEV,Iron,902171.34,41368.994199180175,No comparison,
Canada,Trucks,BEV,2033,12429.238996867374,3.6892781241792854,Current Measures,Vehicle body,BEV,Lead,310.0,14.215025054715056,No comparison,
Canada,Trucks,BEV,2033,12429.238996867374,3.6892781241792854,Current Measures,Vehicle body,BEV,Zinc,100.0,4.585491953133889,No comparison,
Canada,Vans,BEV,2033,68360.81448277055,1.9577507575642077,Current Measures,Vehicle body,BEV,Aluminum,127302.0,17037.264113126577,No comparison,
Canada,Vans,BEV,2033,68360.81448277055,1.9577507575642077,Current Measures,Vehicle body,BEV,Chromium,11850.0,1585.9262206450012,No comparison,
Canada,Vans,BEV,2033,68360.81448277055,1.9577507575642077,Current Measures,Vehicle body,BEV,Iron,902171.34,120740.69060088071,No comparison,
Canada,Vans,BEV,2033,68360.81448277055,1.9577507575642077,Current Measures,Vehicle body,BEV,Lead,310.0,41.488365265818594,No comparison,
Canada,Vans,BEV,2033,68360.81448277055,1.9577507575642077,Current Measures,Vehicle body,BEV,Zinc,100.0,13.383343634135032,No comparison,
Canada,Buses,FCEV,2033,80.79005347963793,5.6752374182090595,Current Measures,Vehicle body,ICEV,Aluminum,71300.0,32.691244971757435,No comparison,
Canada,Buses,FCEV,2033,80.79005347963793,5.6752374182090595,Current Measures,Vehicle body,ICEV,Iron,902171.34,413.6480264016643,No comparison,
Canada,Buses,FCEV,2033,80.79005347963793,5.6752374182090595,Current Measures,Vehicle body,ICEV,Lead,300.0,0.13755082035802565,No comparison,
Canada,Buses,FCEV,2033,80.79005347963793,5.6752374182090595,Current Measures,Vehicle body,ICEV,Zinc,100.0,0.04585027345267523,No comparison,
Canada,Cars,FCEV,2033,124.29238996867375,1.0,Current Measures,Vehicle body,ICEV,Aluminum,71300.0,8.862047404766438,No comparison,
Canada,Cars,FCEV,2033,124.29238996867375,1.0,Current Measures,Vehicle body,ICEV,Iron,902171.34,112.13303200984095,No comparison,
Canada,Cars,FCEV,2033,124.29238996867375,1.0,Current Measures,Vehicle body,ICEV,Lead,300.0,0.03728771699060212,No comparison,
Canada,Cars,FCEV,2033,124.29238996867375,1.0,Current Measures,Vehicle body,ICEV,Zinc,100.0,0.012429238996867374,No comparison,
Canada,Trucks,FCEV,2033,37.28771699060212,3.6892781241792854,Current Measures,Vehicle body,ICEV,Aluminum,71300.0,9.808367287753388,No comparison,
Canada,Trucks,FCEV,2033,37.28771699060212,3.6892781241792854,Current Measures,Vehicle body,ICEV,Iron,902171.34,124.10698259754052,No comparison,
Canada,Trucks,FCEV,2033,37.28771699060212,3.6892781241792854,Current Measures,Vehicle body,ICEV,Lead,300.0,0.041269427578205,No comparison,
Canada,Trucks,FCEV,2033,37.28771699060212,3.6892781241792854,Current Measures,Vehicle body,ICEV,Zinc,100.0,0.013756475859401667,No comparison,
Canada,Cars,PHEV,2033,385306.4089028886,1.0,Current Measures,Vehicle body,PHEV,Aluminum,110658.0,42637.23659637585,No comparison,
Canada,Cars,PHEV,2033,385306.4089028886,1.0,Current Measures,Vehicle body,PHEV,Chromium,12789.0,4927.683663459043,No comparison,
Canada,Cars,PHEV,2033,385306.4089028886,1.0,Current Measures,Vehicle body,PHEV,Iron,902171.34,347612.3992305069,No comparison,
Canada,Cars,PHEV,2033,385306.4089028886,1.0,Current Measures,Vehicle body,PHEV,Lead,320.0,123.29805084892435,No comparison,
Canada,Cars,PHEV,2033,385306.4089028886,1.0,Current Measures,Vehicle body,PHEV,Zinc,100.0,38.53064089028886,No comparison,
Canada,Vans,PHEV,2033,39773.5647899756,1.9577507575642077,Current Measures,Vehicle body,PHEV,Aluminum,110658.0,8616.576231948302,No comparison,
Canada,Vans,PHEV,2033,39773.5647899756,1.9577507575642077,Current Measures,Vehicle body,PHEV,Chromium,12789.0,995.8375664695443,No comparison,
Canada,Vans,PHEV,2033,39773.5647899756,1.9577507575642077,Current Measures,Vehicle body,PHEV,Iron,902171.34,70249.12907687605,No comparison,
Canada,Vans,PHEV,2033,39773.5647899756,1.9577507575642077,Current Measures,Vehicle body,PHEV,Lead,320.0,24.917352511553226,No comparison,
Canada,Vans,PHEV,2033,39773.5647899756,1.9577507575642077,Current Measures,Vehicle body,PHEV,Zinc,100.0,7.786672659860383,No comparison,
Canada,2 and 3 wheelers,BEV,2034,1185.0246629398225,0.09808569078889517,Current Measures,Vehicle body,BEV,Aluminum,127302.0,14.79681591534916,No comparison,
Canada,2 and 3 wheelers,BEV,2034,1185.0246629398225,0.09808569078889517,Current Measures,Vehicle body,BEV,Chromium,11850.0,1.3773724575960125,No comparison,
Canada,2 and 3 wheelers,BEV,2034,1185.0246629398225,0.09808569078889517,Current Measures,Vehicle body,BEV,Iron,902171.34,104.86294985219304,No comparison,
Canada,2 and 3 wheelers,BEV,2034,1185.0246629398225,0.09808569078889517,Current Measures,Vehicle body,BEV,Lead,310.0,0.03603252842656235,No comparison,
Canada,2 and 3 wheelers,BEV,2034,1185.0246629398225,0.09808569078889517,Current Measures,Vehicle body,BEV,Zinc,100.0,0.011623396266633015,No comparison,
Canada,Buses,BEV,2034,1463.8539953962515,5.6752374182090595,Current Measures,Vehicle body,BEV,Aluminum,127302.0,1057.5892402511695,No comparison,
Canada,Buses,BEV,2034,1463.8539953962515,5.6752374182090595,Current Measures,Vehicle body,BEV,Chromium,11850.0,98.44646978819152,No comparison,
Canada,Buses,BEV,2034,1463.8539953962515,5.6752374182090595,Current Measures,Vehicle body,BEV,Iron,902171.34,7494.98595502804,No comparison,
Canada,Buses,BEV,2034,1463.8539953962515,5.6752374182090595,Current Measures,Vehicle body,BEV,Lead,310.0,2.5753928805349684,No comparison,
Canada,Buses,BEV,2034,1463.8539953962515,5.6752374182090595,Current Measures,Vehicle body,BEV,Zinc,100.0,0.830771896946764,No comparison,
Canada,Cars,BEV,2034,1324439.329168037,1.0,Current Measures,Vehicle body,BEV,Aluminum,127302.0,168603.77548174944,No comparison,
Canada,Cars,BEV,2034,1324439.329168037,1.0,Current Measures,Vehicle body,BEV,Chromium,11850.0,15694.60605064124,No comparison,
Canada,Cars,BEV,2034,1324439.329168037,1.0,Current Measures,Vehicle body,BEV,Iron,902171.34,1194871.204344229,No comparison,
Canada,Cars,BEV,2034,1324439.329168037,1.0,Current Measures,Vehicle body,BEV,Lead,310.0,410.57619204209146,No comparison,
Canada,Cars,BEV,2034,1324439.329168037,1.0,Current Measures,Vehicle body,BEV,Zinc,100.0,132.4439329168037,No comparison,
Canada,Trucks,BEV,2034,13941.466622821443,3.6892781241792854,Current Measures,Vehicle body,BEV,Aluminum,127302.0,6547.644426724779,No comparison,
Canada,Trucks,BEV,2034,13941.466622821443,3.6892781241792854,Current Measures,Vehicle body,BEV,Chromium,11850.0,609.4922817920271,No comparison,
Canada,Trucks,BEV,2034,13941.466622821443,3.6892781241792854,Current Measures,Vehicle body,BEV,Iron,902171.34,46402.23363577812,No comparison,
Canada,Trucks,BEV,2034,13941.466622821443,3.6892781241792854,Current Measures,Vehicle body,BEV,Lead,310.0,15.944523827470752,No comparison,
Canada,Trucks,BEV,2034,13941.466622821443,3.6892781241792854,Current Measures,Vehicle body,BEV,Zinc,100.0,5.143394783055081,No comparison,
Canada,Vans,BEV,2034,76678.06642551793,1.9577507575642077,Current Measures,Vehicle body,BEV,Aluminum,127302.0,19110.13611028098,No comparison,
Canada,Vans,BEV,2034,76678.06642551793,1.9577507575642077,Current Measures,Vehicle body,BEV,Chromium,11850.0,1778.8810302024287,No comparison,
Canada,Vans,BEV,2034,76678.06642551793,1.9577507575642077,Current Measures,Vehicle body,BEV,Iron,902171.34,135430.8424234857,No comparison,
Canada,Vans,BEV,2034,76678.06642551793,1.9577507575642077,Current Measures,Vehicle body,BEV,Lead,310.0,46.53612821626607,No comparison,
Canada,Vans,BEV,2034,76678.06642551793,1.9577507575642077,Current Measures,Vehicle body,BEV,Zinc,100.0,15.011654263311636,No comparison,
Canada,Buses,FCEV,2034,90.61953304833938,5.6752374182090595,Current Measures,Vehicle body,ICEV,Aluminum,71300.0,36.6686891085693,No comparison,
Canada,Buses,FCEV,2034,90.61953304833938,5.6752374182090595,Current Measures,Vehicle body,ICEV,Iron,902171.34,463.9753210255452,No comparison,
Canada,Buses,FCEV,2034,90.61953304833938,5.6752374182090595,Current Measures,Vehicle body,ICEV,Lead,300.0,0.15428620943297044,No comparison,
Canada,Buses,FCEV,2034,90.61953304833938,5.6752374182090595,Current Measures,Vehicle body,ICEV,Zinc,100.0,0.051428736477656806,No comparison,
Canada,Cars,FCEV,2034,139.41466622821443,1.0,Current Measures,Vehicle body,ICEV,Aluminum,71300.0,9.94026570207169,No comparison,
Canada,Cars,FCEV,2034,139.41466622821443,1.0,Current Measures,Vehicle body,ICEV,Iron,902171.34,125.77591624676094,No comparison,
Canada,Cars,FCEV,2034,139.41466622821443,1.0,Current Measures,Vehicle body,ICEV,Lead,300.0,0.04182439986846433,No comparison,
Canada,Cars,FCEV,2034,139.41466622821443,1.0,Current Measures,Vehicle body,ICEV,Zinc,100.0,0.013941466622821443,No comparison,
Canada,Trucks,FCEV,2034,41.824399868464326,3.6892781241792854,Current Measures,Vehicle body,ICEV,Aluminum,71300.0,11.001721440954817,No comparison,
Canada,Trucks,FCEV,2034,41.824399868464326,3.6892781241792854,Current Measures,Vehicle body,ICEV,Iron,902171.34,139.20670090733432,No comparison,
Canada,Trucks,FCEV,2034,41.824399868464326,3.6892781241792854,Current Measures,Vehicle body,ICEV,Lead,300.0,0.04629055304749573,No comparison,
Canada,Trucks,FCEV,2034,41.824399868464326,3.6892781241792854,Current Measures,Vehicle body,ICEV,Zinc,100.0,0.015430184349165241,No comparison,
Canada,Cars,PHEV,2034,432185.4653074647,1.0,Current Measures,Vehicle body,PHEV,Aluminum,110658.0,47824.779219993434,No comparison,
Canada,Cars,PHEV,2034,432185.4653074647,1.0,Current Measures,Vehicle body,PHEV,Chromium,12789.0,5527.219915817166,No comparison,
Canada,Cars,PHEV,2034,432185.4653074647,1.0,Current Measures,Vehicle body,PHEV,Iron,902171.34,389905.3403649589,No comparison,
Canada,Cars,PHEV,2034,432185.4653074647,1.0,Current Measures,Vehicle body,PHEV,Lead,320.0,138.2993488983887,No comparison,
Canada,Cars,PHEV,2034,432185.4653074647,1.0,Current Measures,Vehicle body,PHEV,Zinc,100.0,43.218546530746465,No comparison,
Canada,Vans,PHEV,2034,44612.693193028615,1.9577507575642077,Current Measures,Vehicle body,PHEV,Aluminum,110658.0,9664.928799822774,No comparison,
Canada,Vans,PHEV,2034,44612.693193028615,1.9577507575642077,Current Measures,Vehicle body,PHEV,Chromium,12789.0,1116.9980879912293,No comparison,
Canada,Vans,PHEV,2034,44612.693193028615,1.9577507575642077,Current Measures,Vehicle body,PHEV,Iron,902171.34,78796.12650093714,No comparison,
Canada,Vans,PHEV,2034,44612.693193028615,1.9577507575642077,Current Measures,Vehicle body,PHEV,Lead,320.0,27.94897084660203,No comparison,
Canada,Vans,PHEV,2034,44612.693193028615,1.9577507575642077,Current Measures,Vehicle body,PHEV,Zinc,100.0,8.734053389563135,No comparison,
Canada,2 and 3 wheelers,BEV,2035,1320.9740563180394,0.09808569078889517,Current Measures,Vehicle body,BEV,Aluminum,127302.0,16.49434864233091,No comparison,
Canada,2 and 3 wheelers,BEV,2035,1320.9740563180394,0.09808569078889517,Current Measures,Vehicle body,BEV,Chromium,11850.0,1.5353885360137411,No comparison,
Canada,2 and 3 wheelers,BEV,2035,1320.9740563180394,0.09808569078889517,Current Measures,Vehicle body,BEV,Iron,902171.34,116.89312514397933,No comparison,
Canada,2 and 3 wheelers,BEV,2035,1320.9740563180394,0.09808569078889517,Current Measures,Vehicle body,BEV,Lead,310.0,0.040166282376730776,No comparison,
Canada,2 and 3 wheelers,BEV,2035,1320.9740563180394,0.09808569078889517,Current Measures,Vehicle body,BEV,Zinc,100.0,0.012956865282816381,No comparison,
Canada,Buses,BEV,2035,1631.7914813340487,5.6752374182090595,Current Measures,Vehicle body,BEV,Aluminum,127302.0,1178.9188801751081,No comparison,
Canada,Buses,BEV,2035,1631.7914813340487,5.6752374182090595,Current Measures,Vehicle body,BEV,Chromium,11850.0,109.74052827194413,No comparison,
Canada,Buses,BEV,2035,1631.7914813340487,5.6752374182090595,Current Measures,Vehicle body,BEV,Iron,902171.34,8354.832020540734,No comparison,
Canada,Buses,BEV,2035,1631.7914813340487,5.6752374182090595,Current Measures,Vehicle body,BEV,Lead,310.0,2.870849262810353,No comparison,
Canada,Buses,BEV,2035,1631.7914813340487,5.6752374182090595,Current Measures,Vehicle body,BEV,Zinc,100.0,0.9260804073581783,No comparison,
Canada,Cars,BEV,2035,1476382.7688260442,1.0,Current Measures,Vehicle body,BEV,Aluminum,127302.0,187946.47923709307,No comparison,
Canada,Cars,BEV,2035,1476382.7688260442,1.0,Current Measures,Vehicle body,BEV,Chromium,11850.0,17495.135810588625,No comparison,
Canada,Cars,BEV,2035,1476382.7688260442,1.0,Current Measures,Vehicle body,BEV,Iron,902171.34,1331950.2209047023,No comparison,
Canada,Cars,BEV,2035,1476382.7688260442,1.0,Current Measures,Vehicle body,BEV,Lead,310.0,457.6786583360737,No comparison,
Canada,Cars,BEV,2035,1476382.7688260442,1.0,Current Measures,Vehicle body,BEV,Zinc,100.0,147.63827688260443,No comparison,
Canada,Trucks,BEV,2035,15540.871250800465,3.6892781241792854,Current Measures,Vehicle body,BEV,Aluminum,127302.0,7298.808782799198,No comparison,
Canada,Trucks,BEV,2035,15540.871250800465,3.6892781241792854,Current Measures,Vehicle body,BEV,Chromium,11850.0,679.4149665847393,No comparison,
Canada,Trucks,BEV,2035,15540.871250800465,3.6892781241792854,Current Measures,Vehicle body,BEV,Iron,902171.34,51725.62960504721,No comparison,
Canada,Trucks,BEV,2035,15540.871250800465,3.6892781241792854,Current Measures,Vehicle body,BEV,Lead,310.0,17.773724864242126,No comparison,
Canada,Trucks,BEV,2035,15540.871250800465,3.6892781241792854,Current Measures,Vehicle body,BEV,Zinc,100.0,5.733459633626492,No comparison,
Canada,Vans,BEV,2035,85474.79187940255,1.9577507575642077,Current Measures,Vehicle body,BEV,Aluminum,127302.0,21302.505174670474,No comparison,
Canada,Vans,BEV,2035,85474.79187940255,1.9577507575642077,Current Measures,Vehicle body,BEV,Chromium,11850.0,1982.9593118713383,No comparison,
Canada,Vans,BEV,2035,85474.79187940255,1.9577507575642077,Current Measures,Vehicle body,BEV,Iron,902171.34,150967.853127126,No comparison,
Canada,Vans,BEV,2035,85474.79187940255,1.9577507575642077,Current Measures,Vehicle body,BEV,Lead,310.0,51.874884951908435,No comparison,
Canada,Vans,BEV,2035,85474.79187940255,1.9577507575642077,Current Measures,Vehicle body,BEV,Zinc,100.0,16.733833855454332,No comparison,
Canada,Buses,FCEV,2035,101.01566313020302,5.6752374182090595,Current Measures,Vehicle body,ICEV,Aluminum,71300.0,40.87542521810931,No comparison,
Canada,Buses,FCEV,2035,101.01566313020302,5.6752374182090595,Current Measures,Vehicle body,ICEV,Iron,902171.34,517.2038869858551,No comparison,
Canada,Buses,FCEV,2035,101.01566313020302,5.6752374182090595,Current Measures,Vehicle body,ICEV,Lead,300.0,0.17198636136651882,No comparison,
Canada,Buses,FCEV,2035,101.01566313020302,5.6752374182090595,Current Measures,Vehicle body,ICEV,Zinc,100.0,0.057328787122172944,No comparison,
Canada,Cars,FCEV,2035,155.40871250800464,1.0,Current Measures,Vehicle body,ICEV,Aluminum,71300.0,11.08064120182073,No comparison,
Canada,Cars,FCEV,2035,155.40871250800464,1.0,Current Measures,Vehicle body,ICEV,Iron,902171.34,140.2052864110213,No comparison,
Canada,Cars,FCEV,2035,155.40871250800464,1.0,Current Measures,Vehicle body,ICEV,Lead,300.0,0.04662261375240139,No comparison,
Canada,Cars,FCEV,2035,155.40871250800464,1.0,Current Measures,Vehicle body,ICEV,Zinc,100.0,0.015540871250800465,No comparison,
Canada,Trucks,FCEV,2035,46.62261375240139,3.6892781241792854,Current Measures,Vehicle body,ICEV,Aluminum,71300.0,12.263870156327068,No comparison,
Canada,Trucks,FCEV,2035,46.62261375240139,3.6892781241792854,Current Measures,Vehicle body,ICEV,Iron,902171.34,155.17688881514164,No comparison,
Canada,Trucks,FCEV,2035,46.62261375240139,3.6892781241792854,Current Measures,Vehicle body,ICEV,Lead,300.0,0.05160113670263843,No comparison,
Canada,Trucks,FCEV,2035,46.62261375240139,3.6892781241792854,Current Measures,Vehicle body,ICEV,Zinc,100.0,0.017200378900879477,No comparison,
Canada,Cars,PHEV,2035,481767.00877481437,1.0,Current Measures,Vehicle body,PHEV,Aluminum,110658.0,53311.37365700341,No comparison,
Canada,Cars,PHEV,2035,481767.00877481437,1.0,Current Measures,Vehicle body,PHEV,Chromium,12789.0,6161.3182752211005,No comparison,
Canada,Cars,PHEV,2035,481767.00877481437,1.0,Current Measures,Vehicle body,PHEV,Iron,902171.34,434636.387874166,No comparison,
Canada,Cars,PHEV,2035,481767.00877481437,1.0,Current Measures,Vehicle body,PHEV,Lead,320.0,154.1654428079406,No comparison,
Canada,Cars,PHEV,2035,481767.00877481437,1.0,Current Measures,Vehicle body,PHEV,Zinc,100.0,48.17670087748144,No comparison,
Canada,Vans,PHEV,2035,49730.78800256149,1.9577507575642077,Current Measures,Vehicle body,PHEV,Aluminum,110658.0,10773.716868519945,No comparison,
Canada,Vans,PHEV,2035,49730.78800256149,1.9577507575642077,Current Measures,Vehicle body,PHEV,Chromium,12789.0,1245.143279577632,No comparison,
Canada,Vans,PHEV,2035,49730.78800256149,1.9577507575642077,Current Measures,Vehicle body,PHEV,Iron,902171.34,87835.84181941878,No comparison,
Canada,Vans,PHEV,2035,49730.78800256149,1.9577507575642077,Current Measures,Vehicle body,PHEV,Lead,320.0,31.155356123609526,No comparison,
Canada,Vans,PHEV,2035,49730.78800256149,1.9577507575642077,Current Measures,Vehicle body,PHEV,Zinc,100.0,9.736048788627977,No comparison,
Canada,2 and 3 wheelers,BEV,2036,1459.4890877308367,0.09808569078889517,Current Measures,Vehicle body,BEV,Aluminum,127302.0,18.223917220455977,No comparison,
Canada,2 and 3 wheelers,BEV,2036,1459.4890877308367,0.09808569078889517,Current Measures,Vehicle body,BEV,Chromium,11850.0,1.6963866951218627,No comparison,
Canada,2 and 3 wheelers,BEV,2036,1459.4890877308367,0.09808569078889517,Current Measures,Vehicle body,BEV,Iron,902171.34,129.15033399968456,No comparison,
Canada,2 and 3 wheelers,BEV,2036,1459.4890877308367,0.09808569078889517,Current Measures,Vehicle body,BEV,Lead,310.0,0.0443780485643694,No comparison,
Canada,2 and 3 wheelers,BEV,2036,1459.4890877308367,0.09808569078889517,Current Measures,Vehicle body,BEV,Zinc,100.0,0.014315499536893357,No comparison,
Canada,Buses,BEV,2036,1802.8982848439746,5.6752374182090595,Current Measures,Vehicle body,BEV,Aluminum,127302.0,1302.5382540300016,No comparison,
Canada,Buses,BEV,2036,1802.8982848439746,5.6752374182090595,Current Measures,Vehicle body,BEV,Chromium,11850.0,121.2477283173518,No comparison,
Canada,Buses,BEV,2036,1802.8982848439746,5.6752374182090595,Current Measures,Vehicle body,BEV,Iron,902171.34,9230.905107849892,No comparison,
Canada,Buses,BEV,2036,1802.8982848439746,5.6752374182090595,Current Measures,Vehicle body,BEV,Lead,310.0,3.1718815002851524,No comparison,
Canada,Buses,BEV,2036,1802.8982848439746,5.6752374182090595,Current Measures,Vehicle body,BEV,Zinc,100.0,1.023187580737146,No comparison,
Canada,Cars,BEV,2036,1631193.6862874057,1.0,Current Measures,Vehicle body,BEV,Aluminum,127302.0,207654.21865175932,No comparison,
Canada,Cars,BEV,2036,1631193.6862874057,1.0,Current Measures,Vehicle body,BEV,Chromium,11850.0,19329.645182505756,No comparison,
Canada,Cars,BEV,2036,1631193.6862874057,1.0,Current Measures,Vehicle body,BEV,Iron,902171.34,1471616.1937574483,No comparison,
Canada,Cars,BEV,2036,1631193.6862874057,1.0,Current Measures,Vehicle body,BEV,Lead,310.0,505.6700427490957,No comparison,
Canada,Cars,BEV,2036,1631193.6862874057,1.0,Current Measures,Vehicle body,BEV,Zinc,100.0,163.11936862874057,No comparison,
Canada,Trucks,BEV,2036,17170.4598556569,3.6892781241792854,Current Measures,Vehicle body,BEV,Aluminum,127302.0,8064.149118583976,No comparison,
Canada,Trucks,BEV,2036,17170.4598556569,3.6892781241792854,Current Measures,Vehicle body,BEV,Chromium,11850.0,750.6572328417473,No comparison,
Canada,Trucks,BEV,2036,17170.4598556569,3.6892781241792854,Current Measures,Vehicle body,BEV,Iron,902171.34,57149.48874544566,No comparison,
Canada,Trucks,BEV,2036,17170.4598556569,3.6892781241792854,Current Measures,Vehicle body,BEV,Lead,310.0,19.637446597547818,No comparison,
Canada,Trucks,BEV,2036,17170.4598556569,3.6892781241792854,Current Measures,Vehicle body,BEV,Zinc,100.0,6.334660192757361,No comparison,
Canada,Vans,BEV,2036,94437.52920611296,1.9577507575642077,Current Measures,Vehicle body,BEV,Aluminum,127302.0,23536.248645503896,No comparison,
Canada,Vans,BEV,2036,94437.52920611296,1.9577507575642077,Current Measures,Vehicle body,BEV,Chromium,11850.0,2190.888960497252,No comparison,
Canada,Vans,BEV,2036,94437.52920611296,1.9577507575642077,Current Measures,Vehicle body,BEV,Iron,902171.34,166798.07842050737,No comparison,
Canada,Vans,BEV,2036,94437.52920611296,1.9577507575642077,Current Measures,Vehicle body,BEV,Lead,310.0,57.31439474718549,No comparison,
Canada,Vans,BEV,2036,94437.52920611296,1.9577507575642077,Current Measures,Vehicle body,BEV,Zinc,100.0,18.488514434575965,No comparison,
Canada,Buses,FCEV,2036,111.60798906176986,5.6752374182090595,Current Measures,Vehicle body,ICEV,Aluminum,71300.0,45.16155088501242,No comparison,
Canada,Buses,FCEV,2036,111.60798906176986,5.6752374182090595,Current Measures,Vehicle body,ICEV,Iron,902171.34,571.436982866898,No comparison,
Canada,Buses,FCEV,2036,111.60798906176986,5.6752374182090595,Current Measures,Vehicle body,ICEV,Lead,300.0,0.19002055070832713,No comparison,
Canada,Buses,FCEV,2036,111.60798906176986,5.6752374182090595,Current Measures,Vehicle body,ICEV,Zinc,100.0,0.06334018356944238,No comparison,
Canada,Cars,FCEV,2036,171.704598556569,1.0,Current Measures,Vehicle body,ICEV,Aluminum,71300.0,12.24253787708337,No comparison,
Canada,Cars,FCEV,2036,171.704598556569,1.0,Current Measures,Vehicle body,ICEV,Iron,902171.34,154.9069677639419,No comparison,
Canada,Cars,FCEV,2036,171.704598556569,1.0,Current Measures,Vehicle body,ICEV,Lead,300.0,0.0515113795669707,No comparison,
Canada,Cars,FCEV,2036,171.704598556569,1.0,Current Measures,Vehicle body,ICEV,Zinc,100.0,0.0171704598556569,No comparison,
Canada,Trucks,FCEV,2036,51.5113795669707,3.6892781241792854,Current Measures,Vehicle body,ICEV,Aluminum,71300.0,13.549838152307995,No comparison,
Canada,Trucks,FCEV,2036,51.5113795669707,3.6892781241792854,Current Measures,Vehicle body,ICEV,Iron,902171.34,171.448466236337,No comparison,
Canada,Trucks,FCEV,2036,51.5113795669707,3.6892781241792854,Current Measures,Vehicle body,ICEV,Lead,300.0,0.05701194173481625,No comparison,
Canada,Trucks,FCEV,2036,51.5113795669707,3.6892781241792854,Current Measures,Vehicle body,ICEV,Zinc,100.0,0.019003980578272083,No comparison,
Canada,Cars,PHEV,2036,532284.255525364,1.0,Current Measures,Vehicle body,PHEV,Aluminum,110658.0,58901.511147925725,No comparison,
Canada,Cars,PHEV,2036,532284.255525364,1.0,Current Measures,Vehicle body,PHEV,Chromium,12789.0,6807.38334391388,No comparison,
Canada,Cars,PHEV,2036,532284.255525364,1.0,Current Measures,Vehicle body,PHEV,Iron,902171.34,480211.60006822,No comparison,
Canada,Cars,PHEV,2036,532284.255525364,1.0,Current Measures,Vehicle body,PHEV,Lead,320.0,170.33096176811648,No comparison,
Canada,Cars,PHEV,2036,532284.255525364,1.0,Current Measures,Vehicle body,PHEV,Zinc,100.0,53.2284255525364,No comparison,
Canada,Vans,PHEV,2036,54945.47153810208,1.9577507575642077,Current Measures,Vehicle body,PHEV,Aluminum,110658.0,11903.429994480332,No comparison,
Canada,Vans,PHEV,2036,54945.47153810208,1.9577507575642077,Current Measures,Vehicle body,PHEV,Chromium,12789.0,1375.7068282402442,No comparison,
Canada,Vans,PHEV,2036,54945.47153810208,1.9577507575642077,Current Measures,Vehicle body,PHEV,Iron,902171.34,97046.1547173861,No comparison,
Canada,Vans,PHEV,2036,54945.47153810208,1.9577507575642077,Current Measures,Vehicle body,PHEV,Lead,320.0,34.422252329101426,No comparison,
Canada,Vans,PHEV,2036,54945.47153810208,1.9577507575642077,Current Measures,Vehicle body,PHEV,Zinc,100.0,10.756953852844195,No comparison,
Canada,2 and 3 wheelers,BEV,2037,1600.2431679329861,0.09808569078889517,Current Measures,Vehicle body,BEV,Aluminum,127302.0,19.98144369160864,No comparison,
Canada,2 and 3 wheelers,BEV,2037,1600.2431679329861,0.09808569078889517,Current Measures,Vehicle body,BEV,Chromium,11850.0,1.8599873351994656,No comparison,
Canada,2 and 3 wheelers,BEV,2037,1600.2431679329861,0.09808569078889517,Current Measures,Vehicle body,BEV,Iron,902171.34,141.6056765046355,No comparison,
Canada,2 and 3 wheelers,BEV,2037,1600.2431679329861,0.09808569078889517,Current Measures,Vehicle body,BEV,Lead,310.0,0.04865789653264425,No comparison,
Canada,2 and 3 wheelers,BEV,2037,1600.2431679329861,0.09808569078889517,Current Measures,Vehicle body,BEV,Zinc,100.0,0.015696095655691692,No comparison,
Canada,Buses,BEV,2037,1976.7709721525123,5.6752374182090595,Current Measures,Vehicle body,BEV,Aluminum,127302.0,1428.155893391152,No comparison,
Canada,Buses,BEV,2037,1976.7709721525123,5.6752374182090595,Current Measures,Vehicle body,BEV,Chromium,11850.0,132.94093837241482,No comparison,
Canada,Buses,BEV,2037,1976.7709721525123,5.6752374182090595,Current Measures,Vehicle body,BEV,Iron,902171.34,10121.139621291046,No comparison,
Canada,Buses,BEV,2037,1976.7709721525123,5.6752374182090595,Current Measures,Vehicle body,BEV,Lead,310.0,3.477779822400725,No comparison,
Canada,Buses,BEV,2037,1976.7709721525123,5.6752374182090595,Current Measures,Vehicle body,BEV,Zinc,100.0,1.1218644588389437,No comparison,
Canada,Cars,BEV,2037,1788507.0700427492,1.0,Current Measures,Vehicle body,BEV,Aluminum,127302.0,227680.52703058207,No comparison,
Canada,Cars,BEV,2037,1788507.0700427492,1.0,Current Measures,Vehicle body,BEV,Chromium,11850.0,21193.808780006577,No comparison,
Canada,Cars,BEV,2037,1788507.0700427492,1.0,Current Measures,Vehicle body,BEV,Iron,902171.34,1613539.819979941,No comparison,
Canada,Cars,BEV,2037,1788507.0700427492,1.0,Current Measures,Vehicle body,BEV,Lead,310.0,554.4371917132522,No comparison,
Canada,Cars,BEV,2037,1788507.0700427492,1.0,Current Measures,Vehicle body,BEV,Zinc,100.0,178.8507070042749,No comparison,
Canada,Trucks,BEV,2037,18826.390210976308,3.6892781241792854,Current Measures,Vehicle body,BEV,Aluminum,127302.0,8841.860922900389,No comparison,
Canada,Trucks,BEV,2037,18826.390210976308,3.6892781241792854,Current Measures,Vehicle body,BEV,Chromium,11850.0,823.0511063170226,No comparison,
Canada,Trucks,BEV,2037,18826.390210976308,3.6892781241792854,Current Measures,Vehicle body,BEV,Iron,902171.34,62661.022740465036,No comparison,
Canada,Trucks,BEV,2037,18826.390210976308,3.6892781241792854,Current Measures,Vehicle body,BEV,Lead,310.0,21.531294764411562,No comparison,
Canada,Trucks,BEV,2037,18826.390210976308,3.6892781241792854,Current Measures,Vehicle body,BEV,Zinc,100.0,6.9455789562617944,No comparison,
Canada,Vans,BEV,2037,103545.14616036968,1.9577507575642077,Current Measures,Vehicle body,BEV,Aluminum,127302.0,25806.099826548107,No comparison,
Canada,Vans,BEV,2037,103545.14616036968,1.9577507575642077,Current Measures,Vehicle body,BEV,Chromium,11850.0,2402.17972180009,No comparison,
Canada,Vans,BEV,2037,103545.14616036968,1.9577507575642077,Current Measures,Vehicle body,BEV,Iron,902171.34,182884.1939693852,No comparison,
Canada,Vans,BEV,2037,103545.14616036968,1.9577507575642077,Current Measures,Vehicle body,BEV,Lead,310.0,62.84183238464371,No comparison,
Canada,Vans,BEV,2037,103545.14616036968,1.9577507575642077,Current Measures,Vehicle body,BEV,Zinc,100.0,20.271558833756036,No comparison,
Canada,Buses,FCEV,2037,122.371536371346,5.6752374182090595,Current Measures,Vehicle body,ICEV,Aluminum,71300.0,49.51696032846747,No comparison,
Canada,Buses,FCEV,2037,122.371536371346,5.6752374182090595,Current Measures,Vehicle body,ICEV,Iron,902171.34,626.5467384608742,No comparison,
Canada,Buses,FCEV,2037,122.371536371346,5.6752374182090595,Current Measures,Vehicle body,ICEV,Lead,300.0,0.2083462566415181,No comparison,
Canada,Buses,FCEV,2037,122.371536371346,5.6752374182090595,Current Measures,Vehicle body,ICEV,Zinc,100.0,0.06944875221383935,No comparison,
Canada,Cars,FCEV,2037,188.26390210976308,1.0,Current Measures,Vehicle body,ICEV,Aluminum,71300.0,13.423216220426108,No comparison,
Canada,Cars,FCEV,2037,188.26390210976308,1.0,Current Measures,Vehicle body,ICEV,Iron,902171.34,169.84629683999378,No comparison,
Canada,Cars,FCEV,2037,188.26390210976308,1.0,Current Measures,Vehicle body,ICEV,Lead,300.0,0.05647917063292892,No comparison,
Canada,Cars,FCEV,2037,188.26390210976308,1.0,Current Measures,Vehicle body,ICEV,Zinc,100.0,0.018826390210976308,No comparison,
Canada,Trucks,FCEV,2037,56.47917063292892,3.6892781241792854,Current Measures,Vehicle body,ICEV,Aluminum,71300.0,14.856593387443976,No comparison,
Canada,Trucks,FCEV,2037,56.47917063292892,3.6892781241792854,Current Measures,Vehicle body,ICEV,Iron,902171.34,187.98306822139511,No comparison,
Canada,Trucks,FCEV,2037,56.47917063292892,3.6892781241792854,Current Measures,Vehicle body,ICEV,Lead,300.0,0.06251021060635614,No comparison,
Canada,Trucks,FCEV,2037,56.47917063292892,3.6892781241792854,Current Measures,Vehicle body,ICEV,Zinc,100.0,0.020836736868785382,No comparison,
Canada,Cars,PHEV,2037,583618.0965402655,1.0,Current Measures,Vehicle body,PHEV,Aluminum,110658.0,64582.0113269527,No comparison,
Canada,Cars,PHEV,2037,583618.0965402655,1.0,Current Measures,Vehicle body,PHEV,Chromium,12789.0,7463.891836653455,No comparison,
Canada,Cars,PHEV,2037,583618.0965402655,1.0,Current Measures,Vehicle body,PHEV,Iron,902171.34,526523.5202039806,No comparison,
Canada,Cars,PHEV,2037,583618.0965402655,1.0,Current Measures,Vehicle body,PHEV,Lead,320.0,186.75779089288497,No comparison,
Canada,Cars,PHEV,2037,583618.0965402655,1.0,Current Measures,Vehicle body,PHEV,Zinc,100.0,58.361809654026544,No comparison,
Canada,Vans,PHEV,2037,60244.44867512418,1.9577507575642077,Current Measures,Vehicle body,PHEV,Aluminum,110658.0,13051.404552295422,No comparison,
Canada,Vans,PHEV,2037,60244.44867512418,1.9577507575642077,Current Measures,Vehicle body,PHEV,Chromium,12789.0,1508.3808926539982,No comparison,
Canada,Vans,PHEV,2037,60244.44867512418,1.9577507575642077,Current Measures,Vehicle body,PHEV,Iron,902171.34,106405.34921855139,No comparison,
Canada,Vans,PHEV,2037,60244.44867512418,1.9577507575642077,Current Measures,Vehicle body,PHEV,Lead,320.0,37.74195681048396,No comparison,
Canada,Vans,PHEV,2037,60244.44867512418,1.9577507575642077,Current Measures,Vehicle body,PHEV,Zinc,100.0,11.794361503276239,No comparison,
Canada,2 and 3 wheelers,BEV,2038,1742.6816836566918,0.09808569078889517,Current Measures,Vehicle body,BEV,Aluminum,127302.0,21.76000287466445,No comparison,
Canada,2 and 3 wheelers,BEV,2038,1742.6816836566918,0.09808569078889517,Current Measures,Vehicle body,BEV,Chromium,11850.0,2.025545820684465,No comparison,
Canada,2 and 3 wheelers,BEV,2038,1742.6816836566918,0.09808569078889517,Current Measures,Vehicle body,BEV,Iron,902171.34,154.21007487580619,No comparison,
Canada,2 and 3 wheelers,BEV,2038,1742.6816836566918,0.09808569078889517,Current Measures,Vehicle body,BEV,Lead,310.0,0.05298896239765267,No comparison,
Canada,2 and 3 wheelers,BEV,2038,1742.6816836566918,0.09808569078889517,Current Measures,Vehicle body,BEV,Zinc,100.0,0.017093213676662153,No comparison,
Canada,Buses,BEV,2038,2152.724432752384,5.6752374182090595,Current Measures,Vehicle body,BEV,Aluminum,127302.0,1555.276827104907,No comparison,
Canada,Buses,BEV,2038,2152.724432752384,5.6752374182090595,Current Measures,Vehicle body,BEV,Chromium,11850.0,144.77408368441306,No comparison,
Canada,Buses,BEV,2038,2152.724432752384,5.6752374182090595,Current Measures,Vehicle body,BEV,Iron,902171.34,11022.027770028611,No comparison,
Canada,Buses,BEV,2038,2152.724432752384,5.6752374182090595,Current Measures,Vehicle body,BEV,Lead,310.0,3.7873388980732527,No comparison,
Canada,Buses,BEV,2038,2152.724432752384,5.6752374182090595,Current Measures,Vehicle body,BEV,Zinc,100.0,1.2217222251849202,No comparison,
Canada,Cars,BEV,2038,1947703.058204538,1.0,Current Measures,Vehicle body,BEV,Aluminum,127302.0,247946.4947155541,No comparison,
Canada,Cars,BEV,2038,1947703.058204538,1.0,Current Measures,Vehicle body,BEV,Chromium,11850.0,23080.281239723772,No comparison,
Canada,Cars,BEV,2038,1947703.058204538,1.0,Current Measures,Vehicle body,BEV,Iron,902171.34,1757161.8779424857,No comparison,
Canada,Cars,BEV,2038,1947703.058204538,1.0,Current Measures,Vehicle body,BEV,Lead,310.0,603.7879480434067,No comparison,
Canada,Cars,BEV,2038,1947703.058204538,1.0,Current Measures,Vehicle body,BEV,Zinc,100.0,194.77030582045379,No comparison,
Canada,Trucks,BEV,2038,20502.13745478461,3.6892781241792854,Current Measures,Vehicle body,BEV,Aluminum,127302.0,9628.879778116088,No comparison,
Canada,Trucks,BEV,2038,20502.13745478461,3.6892781241792854,Current Measures,Vehicle body,BEV,Chromium,11850.0,896.3113334486154,No comparison,
Canada,Trucks,BEV,2038,20502.13745478461,3.6892781241792854,Current Measures,Vehicle body,BEV,Iron,902171.34,68238.51449405268,No comparison,
Canada,Trucks,BEV,2038,20502.13745478461,3.6892781241792854,Current Measures,Vehicle body,BEV,Lead,310.0,23.447807035364622,No comparison,
Canada,Trucks,BEV,2038,20502.13745478461,3.6892781241792854,Current Measures,Vehicle body,BEV,Zinc,100.0,7.563808721085363,No comparison,
Canada,Vans,BEV,2038,112761.75600131536,1.9577507575642077,Current Measures,Vehicle body,BEV,Aluminum,127302.0,28103.1148237496,No comparison,
Canada,Vans,BEV,2038,112761.75600131536,1.9577507575642077,Current Measures,Vehicle body,BEV,Chromium,11850.0,2615.999046844769,No comparison,
Canada,Vans,BEV,2038,112761.75600131536,1.9577507575642077,Current Measures,Vehicle body,BEV,Iron,902171.34,199162.81565659645,No comparison,
Canada,Vans,BEV,2038,112761.75600131536,1.9577507575642077,Current Measures,Vehicle body,BEV,Lead,310.0,68.4354181031121,No comparison,
Canada,Vans,BEV,2038,112761.75600131536,1.9577507575642077,Current Measures,Vehicle body,BEV,Zinc,100.0,22.075941323584548,No comparison,
Canada,Buses,FCEV,2038,133.26389345609996,5.6752374182090595,Current Measures,Vehicle body,ICEV,Aluminum,71300.0,53.924491929709646,No comparison,
Canada,Buses,FCEV,2038,133.26389345609996,5.6752374182090595,Current Measures,Vehicle body,ICEV,Iron,902171.34,682.316004811295,No comparison,
Canada,Buses,FCEV,2038,133.26389345609996,5.6752374182090595,Current Measures,Vehicle body,ICEV,Lead,300.0,0.22689127039148516,No comparison,
Canada,Buses,FCEV,2038,133.26389345609996,5.6752374182090595,Current Measures,Vehicle body,ICEV,Zinc,100.0,0.0756304234638284,No comparison,
Canada,Cars,FCEV,2038,205.0213745478461,1.0,Current Measures,Vehicle body,ICEV,Aluminum,71300.0,14.618024005261427,No comparison,
Canada,Cars,FCEV,2038,205.0213745478461,1.0,Current Measures,Vehicle body,ICEV,Iron,902171.34,184.96440820447222,No comparison,
Canada,Cars,FCEV,2038,205.0213745478461,1.0,Current Measures,Vehicle body,ICEV,Lead,300.0,0.061506412364353835,No comparison,
Canada,Cars,FCEV,2038,205.0213745478461,1.0,Current Measures,Vehicle body,ICEV,Zinc,100.0,0.02050213745478461,No comparison,
Canada,Trucks,FCEV,2038,61.50641236435383,3.6892781241792854,Current Measures,Vehicle body,ICEV,Aluminum,71300.0,16.178986854401593,No comparison,
Canada,Trucks,FCEV,2038,61.50641236435383,3.6892781241792854,Current Measures,Vehicle body,ICEV,Iron,902171.34,204.71554348215807,No comparison,
Canada,Trucks,FCEV,2038,61.50641236435383,3.6892781241792854,Current Measures,Vehicle body,ICEV,Lead,300.0,0.06807427848976827,No comparison,
Canada,Trucks,FCEV,2038,61.50641236435383,3.6892781241792854,Current Measures,Vehicle body,ICEV,Zinc,100.0,0.022691426163256093,No comparison,
Canada,Cars,PHEV,2038,635566.2610983229,1.0,Current Measures,Vehicle body,PHEV,Aluminum,110658.0,70330.49132061822,No comparison,
Canada,Cars,PHEV,2038,635566.2610983229,1.0,Current Measures,Vehicle body,PHEV,Chromium,12789.0,8128.256913186452,No comparison,
Canada,Cars,PHEV,2038,635566.2610983229,1.0,Current Measures,Vehicle body,PHEV,Iron,902171.34,573389.6654338639,No comparison,
Canada,Cars,PHEV,2038,635566.2610983229,1.0,Current Measures,Vehicle body,PHEV,Lead,320.0,203.38120355146333,No comparison,
Canada,Cars,PHEV,2038,635566.2610983229,1.0,Current Measures,Vehicle body,PHEV,Zinc,100.0,63.556626109832294,No comparison,
Canada,Vans,PHEV,2038,65606.83985531075,1.9577507575642077,Current Measures,Vehicle body,PHEV,Aluminum,110658.0,14213.11717809582,No comparison,
Canada,Vans,PHEV,2038,65606.83985531075,1.9577507575642077,Current Measures,Vehicle body,PHEV,Chromium,12789.0,1642.6426972353327,No comparison,
Canada,Vans,PHEV,2038,65606.83985531075,1.9577507575642077,Current Measures,Vehicle body,PHEV,Iron,902171.34,115876.54729111068,No comparison,
Canada,Vans,PHEV,2038,65606.83985531075,1.9577507575642077,Current Measures,Vehicle body,PHEV,Lead,320.0,41.10138893700105,No comparison,
Canada,Vans,PHEV,2038,65606.83985531075,1.9577507575642077,Current Measures,Vehicle body,PHEV,Zinc,100.0,12.844184042812827,No comparison,
Canada,2 and 3 wheelers,BEV,2039,1886.0190553661364,0.09808569078889517,Current Measures,Vehicle body,BEV,Aluminum,127302.0,23.54978562712885,No comparison,
Canada,2 and 3 wheelers,BEV,2039,1886.0190553661364,0.09808569078889517,Current Measures,Vehicle body,BEV,Chromium,11850.0,2.1921490603562934,No comparison,
Canada,2 and 3 wheelers,BEV,2039,1886.0190553661364,0.09808569078889517,Current Measures,Vehicle body,BEV,Iron,902171.34,166.89401310222598,No comparison,
Canada,2 and 3 wheelers,BEV,2039,1886.0190553661364,0.09808569078889517,Current Measures,Vehicle body,BEV,Lead,310.0,0.05734735938484818,No comparison,
Canada,2 and 3 wheelers,BEV,2039,1886.0190553661364,0.09808569078889517,Current Measures,Vehicle body,BEV,Zinc,100.0,0.018499148188660705,No comparison,
Canada,Buses,BEV,2039,2329.7882448640507,5.6752374182090595,Current Measures,Vehicle body,BEV,Aluminum,127302.0,1683.1999554469955,No comparison,
Canada,Buses,BEV,2039,2329.7882448640507,5.6752374182090595,Current Measures,Vehicle body,BEV,Chromium,11850.0,156.68190187150947,No comparison,
Canada,Buses,BEV,2039,2329.7882448640507,5.6752374182090595,Current Measures,Vehicle body,BEV,Iron,902171.34,11928.600959085923,No comparison,
Canada,Buses,BEV,2039,2329.7882448640507,5.6752374182090595,Current Measures,Vehicle body,BEV,Lead,310.0,4.098851441364382,No comparison,
Canada,Buses,BEV,2039,2329.7882448640507,5.6752374182090595,Current Measures,Vehicle body,BEV,Zinc,100.0,1.3222101423756072,No comparison,
Canada,Cars,BEV,2039,2107903.6501150937,1.0,Current Measures,Vehicle body,BEV,Aluminum,127302.0,268340.35046695167,No comparison,
Canada,Cars,BEV,2039,2107903.6501150937,1.0,Current Measures,Vehicle body,BEV,Chromium,11850.0,24978.65825386386,No comparison,
Canada,Cars,BEV,2039,2107903.6501150937,1.0,Current Measures,Vehicle body,BEV,Iron,902171.34,1901690.2606152252,No comparison,
Canada,Cars,BEV,2039,2107903.6501150937,1.0,Current Measures,Vehicle body,BEV,Lead,310.0,653.450131535679,No comparison,
Canada,Cars,BEV,2039,2107903.6501150937,1.0,Current Measures,Vehicle body,BEV,Zinc,100.0,210.79036501150935,No comparison,
Canada,Trucks,BEV,2039,22188.459474895724,3.6892781241792854,Current Measures,Vehicle body,BEV,Aluminum,127302.0,10420.865103287657,No comparison,
Canada,Trucks,BEV,2039,22188.459474895724,3.6892781241792854,Current Measures,Vehicle body,BEV,Chromium,11850.0,970.033868077161,No comparison,
Canada,Trucks,BEV,2039,22188.459474895724,3.6892781241792854,Current Measures,Vehicle body,BEV,Iron,902171.34,73851.2029205532,No comparison,
Canada,Trucks,BEV,2039,22188.459474895724,3.6892781241792854,Current Measures,Vehicle body,BEV,Lead,310.0,25.37641342649113,No comparison,
Canada,Trucks,BEV,2039,22188.459474895724,3.6892781241792854,Current Measures,Vehicle body,BEV,Zinc,100.0,8.185939814997138,No comparison,
Canada,Vans,BEV,2039,122036.52711192648,1.9577507575642077,Current Measures,Vehicle body,BEV,Aluminum,127302.0,30414.62509752061,No comparison,
Canada,Vans,BEV,2039,122036.52711192648,1.9577507575642077,Current Measures,Vehicle body,BEV,Chromium,11850.0,2831.1676753359666,No comparison,
Canada,Vans,BEV,2039,122036.52711192648,1.9577507575642077,Current Measures,Vehicle body,BEV,Iron,902171.34,215544.16332679612,No comparison,
Canada,Vans,BEV,2039,122036.52711192648,1.9577507575642077,Current Measures,Vehicle body,BEV,Lead,310.0,74.0643020552025,No comparison,
Canada,Vans,BEV,2039,122036.52711192648,1.9577507575642077,Current Measures,Vehicle body,BEV,Zinc,100.0,23.891710340387903,No comparison,
Canada,Buses,FCEV,2039,144.22498658682218,5.6752374182090595,Current Measures,Vehicle body,ICEV,Aluminum,71300.0,58.35983718895001,No comparison,
Canada,Buses,FCEV,2039,144.22498658682218,5.6752374182090595,Current Measures,Vehicle body,ICEV,Iron,902171.34,738.4372022291285,No comparison,
Canada,Buses,FCEV,2039,144.22498658682218,5.6752374182090595,Current Measures,Vehicle body,ICEV,Lead,300.0,0.24555331215546988,No comparison,
Canada,Buses,FCEV,2039,144.22498658682218,5.6752374182090595,Current Measures,Vehicle body,ICEV,Zinc,100.0,0.08185110405182329,No comparison,
Canada,Cars,FCEV,2039,221.88459474895723,1.0,Current Measures,Vehicle body,ICEV,Aluminum,71300.0,15.82037160560065,No comparison,
Canada,Cars,FCEV,2039,221.88459474895723,1.0,Current Measures,Vehicle body,ICEV,Iron,902171.34,200.17792217002372,No comparison,
Canada,Cars,FCEV,2039,221.88459474895723,1.0,Current Measures,Vehicle body,ICEV,Lead,300.0,0.06656537842468717,No comparison,
Canada,Cars,FCEV,2039,221.88459474895723,1.0,Current Measures,Vehicle body,ICEV,Zinc,100.0,0.022188459474895724,No comparison,
Canada,Trucks,FCEV,2039,66.56537842468717,3.6892781241792854,Current Measures,Vehicle body,ICEV,Aluminum,71300.0,17.509725264278877,No comparison,
Canada,Trucks,FCEV,2039,66.56537842468717,3.6892781241792854,Current Measures,Vehicle body,ICEV,Iron,902171.34,221.5536087616596,No comparison,
Canada,Trucks,FCEV,2039,66.56537842468717,3.6892781241792854,Current Measures,Vehicle body,ICEV,Lead,300.0,0.07367345833497424,No comparison,
Canada,Trucks,FCEV,2039,66.56537842468717,3.6892781241792854,Current Measures,Vehicle body,ICEV,Zinc,100.0,0.024557819444991417,No comparison,
Canada,Cars,PHEV,2039,687842.2437217674,1.0,Current Measures,Vehicle body,PHEV,Aluminum,110658.0,76115.24700576333,No comparison,
Canada,Cars,PHEV,2039,687842.2437217674,1.0,Current Measures,Vehicle body,PHEV,Chromium,12789.0,8796.814454957683,No comparison,
Canada,Cars,PHEV,2039,687842.2437217674,1.0,Current Measures,Vehicle body,PHEV,Iron,902171.34,620551.5587270735,No comparison,
Canada,Cars,PHEV,2039,687842.2437217674,1.0,Current Measures,Vehicle body,PHEV,Lead,320.0,220.10951799096557,No comparison,
Canada,Cars,PHEV,2039,687842.2437217674,1.0,Current Measures,Vehicle body,PHEV,Zinc,100.0,68.78422437217675,No comparison,
Canada,Vans,PHEV,2039,71003.07031966631,1.9577507575642077,Current Measures,Vehicle body,PHEV,Aluminum,110658.0,15382.160772925932,No comparison,
Canada,Vans,PHEV,2039,71003.07031966631,1.9577507575642077,Current Measures,Vehicle body,PHEV,Chromium,12789.0,1777.7517587969214,No comparison,
Canada,Vans,PHEV,2039,71003.07031966631,1.9577507575642077,Current Measures,Vehicle body,PHEV,Iron,902171.34,125407.51320831772,No comparison,
Canada,Vans,PHEV,2039,71003.07031966631,1.9577507575642077,Current Measures,Vehicle body,PHEV,Lead,320.0,44.48202070646766,No comparison,
Canada,Vans,PHEV,2039,71003.07031966631,1.9577507575642077,Current Measures,Vehicle body,PHEV,Zinc,100.0,13.900631470771144,No comparison,
Canada,2 and 3 wheelers,BEV,2040,2029.3476003392236,0.09808569078889517,Current Measures,Vehicle body,BEV,Aluminum,127302.0,25.339458164509036,No comparison,
Canada,2 and 3 wheelers,BEV,2040,2029.3476003392236,0.09808569078889517,Current Measures,Vehicle body,BEV,Chromium,11850.0,2.358742040576205,No comparison,
Canada,2 and 3 wheelers,BEV,2040,2029.3476003392236,0.09808569078889517,Current Measures,Vehicle body,BEV,Iron,902171.34,179.57717024987085,No comparison,
Canada,2 and 3 wheelers,BEV,2040,2029.3476003392236,0.09808569078889517,Current Measures,Vehicle body,BEV,Lead,310.0,0.06170548798131845,No comparison,
Canada,2 and 3 wheelers,BEV,2040,2029.3476003392236,0.09808569078889517,Current Measures,Vehicle body,BEV,Zinc,100.0,0.019904996123005954,No comparison,
Canada,Buses,BEV,2040,2506.8411533602175,5.6752374182090595,Current Measures,Vehicle body,BEV,Aluminum,127302.0,1811.1152062640922,No comparison,
Canada,Buses,BEV,2040,2506.8411533602175,5.6752374182090595,Current Measures,Vehicle body,BEV,Chromium,11850.0,168.5889867734167,No comparison,
Canada,Buses,BEV,2040,2506.8411533602175,5.6752374182090595,Current Measures,Vehicle body,BEV,Iron,902171.34,12835.118321233385,No comparison,
Canada,Buses,BEV,2040,2506.8411533602175,5.6752374182090595,Current Measures,Vehicle body,BEV,Lead,310.0,4.41034480166744,No comparison,
Canada,Buses,BEV,2040,2506.8411533602175,5.6752374182090595,Current Measures,Vehicle body,BEV,Zinc,100.0,1.422691871505626,No comparison,
Canada,Cars,BEV,2040,2268094.3768497207,1.0,Current Measures,Vehicle body,BEV,Aluminum,127302.0,288732.95036172314,No comparison,
Canada,Cars,BEV,2040,2268094.3768497207,1.0,Current Measures,Vehicle body,BEV,Chromium,11850.0,26876.91836566919,No comparison,
Canada,Cars,BEV,2040,2268094.3768497207,1.0,Current Measures,Vehicle body,BEV,Iron,902171.34,2046209.7432089776,No comparison,
Canada,Cars,BEV,2040,2268094.3768497207,1.0,Current Measures,Vehicle body,BEV,Lead,310.0,703.1092568234134,No comparison,
Canada,Cars,BEV,2040,2268094.3768497207,1.0,Current Measures,Vehicle body,BEV,Zinc,100.0,226.80943768497207,No comparison,
Canada,Trucks,BEV,2040,23874.67765104969,3.6892781241792854,Current Measures,Vehicle body,BEV,Aluminum,127302.0,11212.801657886828,No comparison,
Canada,Trucks,BEV,2040,23874.67765104969,3.6892781241792854,Current Measures,Vehicle body,BEV,Chromium,11850.0,1043.751862861219,No comparison,
Canada,Trucks,BEV,2040,23874.67765104969,3.6892781241792854,Current Measures,Vehicle body,BEV,Iron,902171.34,79463.54571687782,No comparison,
Canada,Trucks,BEV,2040,23874.67765104969,3.6892781241792854,Current Measures,Vehicle body,BEV,Lead,310.0,27.304901053753404,No comparison,
Canada,Trucks,BEV,2040,23874.67765104969,3.6892781241792854,Current Measures,Vehicle body,BEV,Zinc,100.0,8.808032597984969,No comparison,
Canada,Vans,BEV,2040,131310.7270807733,1.9577507575642077,Current Measures,Vehicle body,BEV,Aluminum,127302.0,32725.99302815018,No comparison,
Canada,Vans,BEV,2040,131310.7270807733,1.9577507575642077,Current Measures,Vehicle body,BEV,Chromium,11850.0,3046.3230537114864,No comparison,
Canada,Vans,BEV,2040,131310.7270807733,1.9577507575642077,Current Measures,Vehicle body,BEV,Iron,902171.34,231924.50223120535,No comparison,
Canada,Vans,BEV,2040,131310.7270807733,1.9577507575642077,Current Measures,Vehicle body,BEV,Lead,310.0,79.69283937979417,No comparison,
Canada,Vans,BEV,2040,131310.7270807733,1.9577507575642077,Current Measures,Vehicle body,BEV,Zinc,100.0,25.707367541869086,No comparison,
Canada,Buses,FCEV,2040,155.18540473182298,5.6752374182090595,Current Measures,Vehicle body,ICEV,Aluminum,71300.0,62.79490931897928,No comparison,
Canada,Buses,FCEV,2040,155.18540473182298,5.6752374182090595,Current Measures,Vehicle body,ICEV,Iron,902171.34,794.5549436954,No comparison,
Canada,Buses,FCEV,2040,155.18540473182298,5.6752374182090595,Current Measures,Vehicle body,ICEV,Lead,300.0,0.26421420470818774,No comparison,
Canada,Buses,FCEV,2040,155.18540473182298,5.6752374182090595,Current Measures,Vehicle body,ICEV,Zinc,100.0,0.08807140156939591,No comparison,
Canada,Cars,FCEV,2040,238.74677651049691,1.0,Current Measures,Vehicle body,ICEV,Aluminum,71300.0,17.02264516519843,No comparison,
Canada,Cars,FCEV,2040,238.74677651049691,1.0,Current Measures,Vehicle body,ICEV,Iron,902171.34,215.3904992851555,No comparison,
Canada,Cars,FCEV,2040,238.74677651049691,1.0,Current Measures,Vehicle body,ICEV,Lead,300.0,0.07162403295314908,No comparison,
Canada,Cars,FCEV,2040,238.74677651049691,1.0,Current Measures,Vehicle body,ICEV,Zinc,100.0,0.023874677651049694,No comparison,
Canada,Trucks,FCEV,2040,71.62403295314907,3.6892781241792854,Current Measures,Vehicle body,ICEV,Aluminum,71300.0,18.840381727089852,No comparison,
Canada,Trucks,FCEV,2040,71.62403295314907,3.6892781241792854,Current Measures,Vehicle body,ICEV,Iron,902171.34,238.39063715063347,No comparison,
Canada,Trucks,FCEV,2040,71.62403295314907,3.6892781241792854,Current Measures,Vehicle body,ICEV,Lead,300.0,0.07927229338186473,No comparison,
Canada,Trucks,FCEV,2040,71.62403295314907,3.6892781241792854,Current Measures,Vehicle body,ICEV,Zinc,100.0,0.026424097793954913,No comparison,
Canada,Cars,PHEV,2040,740115.0071825404,1.0,Current Measures,Vehicle body,PHEV,Aluminum,110658.0,81899.64646480556,No comparison,
Canada,Cars,PHEV,2040,740115.0071825404,1.0,Current Measures,Vehicle body,PHEV,Chromium,12789.0,9465.33082685751,No comparison,
Canada,Cars,PHEV,2040,740115.0071825404,1.0,Current Measures,Vehicle body,PHEV,Iron,902171.34,667710.547783982,No comparison,
Canada,Cars,PHEV,2040,740115.0071825404,1.0,Current Measures,Vehicle body,PHEV,Lead,320.0,236.83680229841292,No comparison,
Canada,Cars,PHEV,2040,740115.0071825404,1.0,Current Measures,Vehicle body,PHEV,Zinc,100.0,74.01150071825403,No comparison,
Canada,Vans,PHEV,2040,76398.96848335901,1.9577507575642077,Current Measures,Vehicle body,PHEV,Aluminum,110658.0,16551.13237788014,No comparison,
Canada,Vans,PHEV,2040,76398.96848335901,1.9577507575642077,Current Measures,Vehicle body,PHEV,Chromium,12789.0,1912.8525003226978,No comparison,
Canada,Vans,PHEV,2040,76398.96848335901,1.9577507575642077,Current Measures,Vehicle body,PHEV,Iron,902171.34,134937.89220724677,No comparison,
Canada,Vans,PHEV,2040,76398.96848335901,1.9577507575642077,Current Measures,Vehicle body,PHEV,Lead,320.0,47.86244429613444,No comparison,
Canada,Vans,PHEV,2040,76398.96848335901,1.9577507575642077,Current Measures,Vehicle body,PHEV,Zinc,100.0,14.957013842542013,No comparison,
Canada,2 and 3 wheelers,BEV,2041,2163.297737932467,0.09808569078889517,Current Measures,Vehicle body,BEV,Aluminum,127302.0,27.012027174917527,No comparison,
Canada,2 and 3 wheelers,BEV,2041,2163.297737932467,0.09808569078889517,Current Measures,Vehicle body,BEV,Chromium,11850.0,2.51443435313485,No comparison,
Canada,2 and 3 wheelers,BEV,2041,2163.297737932467,0.09808569078889517,Current Measures,Vehicle body,BEV,Iron,902171.34,191.43043119913085,No comparison,
Canada,2 and 3 wheelers,BEV,2041,2163.297737932467,0.09808569078889517,Current Measures,Vehicle body,BEV,Lead,310.0,0.0657784514322197,No comparison,
Canada,2 and 3 wheelers,BEV,2041,2163.297737932467,0.09808569078889517,Current Measures,Vehicle body,BEV,Zinc,100.0,0.021218855300716034,No comparison,
Canada,Buses,BEV,2041,2672.308970387165,5.6752374182090595,Current Measures,Vehicle body,BEV,Aluminum,127302.0,1930.6605867773853,No comparison,
Canada,Buses,BEV,2041,2672.308970387165,5.6752374182090595,Current Measures,Vehicle body,BEV,Chromium,11850.0,179.71695616182004,No comparison,
Canada,Buses,BEV,2041,2672.308970387165,5.6752374182090595,Current Measures,Vehicle body,BEV,Iron,902171.34,13682.319591665015,No comparison,
Canada,Buses,BEV,2041,2672.308970387165,5.6752374182090595,Current Measures,Vehicle body,BEV,Lead,310.0,4.701456237144659,No comparison,
Canada,Buses,BEV,2041,2672.308970387165,5.6752374182090595,Current Measures,Vehicle body,BEV,Zinc,100.0,1.5165987861756964,No comparison,
Canada,Cars,BEV,2041,2417803.354159816,1.0,Current Measures,Vehicle body,BEV,Aluminum,127302.0,307791.2025912529,No comparison,
Canada,Cars,BEV,2041,2417803.354159816,1.0,Current Measures,Vehicle body,BEV,Chromium,11850.0,28650.969746793824,No comparison,
Canada,Cars,BEV,2041,2417803.354159816,1.0,Current Measures,Vehicle body,BEV,Iron,902171.34,2181272.891878856,No comparison,
Canada,Cars,BEV,2041,2417803.354159816,1.0,Current Measures,Vehicle body,BEV,Lead,310.0,749.5190397895431,No comparison,
Canada,Cars,BEV,2041,2417803.354159816,1.0,Current Measures,Vehicle body,BEV,Zinc,100.0,241.78033541598163,No comparison,
Canada,Trucks,BEV,2041,25450.561622734906,3.6892781241792854,Current Measures,Vehicle body,BEV,Aluminum,127302.0,11952.919479313094,No comparison,
Canada,Trucks,BEV,2041,25450.561622734906,3.6892781241792854,Current Measures,Vehicle body,BEV,Chromium,11850.0,1112.646272877568,No comparison,
Canada,Trucks,BEV,2041,25450.561622734906,3.6892781241792854,Current Measures,Vehicle body,BEV,Iron,902171.34,84708.65645130473,No comparison,
Canada,Trucks,BEV,2041,25450.561622734906,3.6892781241792854,Current Measures,Vehicle body,BEV,Lead,310.0,29.10720207527815,No comparison,
Canada,Trucks,BEV,2041,25450.561622734906,3.6892781241792854,Current Measures,Vehicle body,BEV,Zinc,100.0,9.389420024283273,No comparison,
Canada,Vans,BEV,2041,139978.088925042,1.9577507575642077,Current Measures,Vehicle body,BEV,Aluminum,127302.0,34886.12137100454,No comparison,
Canada,Vans,BEV,2041,139978.088925042,1.9577507575642077,Current Measures,Vehicle body,BEV,Chromium,11850.0,3247.400184179383,No comparison,
Canada,Vans,BEV,2041,139978.088925042,1.9577507575642077,Current Measures,Vehicle body,BEV,Iron,902171.34,247233.02748332155,No comparison,
Canada,Vans,BEV,2041,139978.088925042,1.9577507575642077,Current Measures,Vehicle body,BEV,Lead,310.0,84.9530849869712,No comparison,
Canada,Vans,BEV,2041,139978.088925042,1.9577507575642077,Current Measures,Vehicle body,BEV,Zinc,100.0,27.404220963539096,No comparison,
Canada,Buses,FCEV,2041,165.4286505477769,5.6752374182090595,Current Measures,Vehicle body,ICEV,Aluminum,71300.0,66.93978166220253,No comparison,
Canada,Buses,FCEV,2041,165.4286505477769,5.6752374182090595,Current Measures,Vehicle body,ICEV,Iron,902171.34,847.0007366268819,No comparison,
Canada,Buses,FCEV,2041,165.4286505477769,5.6752374182090595,Current Measures,Vehicle body,ICEV,Lead,300.0,0.28165406028977225,No comparison,
Canada,Buses,FCEV,2041,165.4286505477769,5.6752374182090595,Current Measures,Vehicle body,ICEV,Zinc,100.0,0.09388468676325741,No comparison,
Canada,Cars,FCEV,2041,254.50561622734907,1.0,Current Measures,Vehicle body,ICEV,Aluminum,71300.0,18.14625043700999,No comparison,
Canada,Cars,FCEV,2041,254.50561622734907,1.0,Current Measures,Vehicle body,ICEV,Iron,902171.34,229.60767282935325,No comparison,
Canada,Cars,FCEV,2041,254.50561622734907,1.0,Current Measures,Vehicle body,ICEV,Lead,300.0,0.07635168486820472,No comparison,
Canada,Cars,FCEV,2041,254.50561622734907,1.0,Current Measures,Vehicle body,ICEV,Zinc,100.0,0.025450561622734905,No comparison,
Canada,Trucks,FCEV,2041,76.35168486820471,3.6892781241792854,Current Measures,Vehicle body,ICEV,Aluminum,71300.0,20.08396943194192,No comparison,
Canada,Trucks,FCEV,2041,76.35168486820471,3.6892781241792854,Current Measures,Vehicle body,ICEV,Iron,902171.34,254.12596935391417,No comparison,
Canada,Trucks,FCEV,2041,76.35168486820471,3.6892781241792854,Current Measures,Vehicle body,ICEV,Lead,300.0,0.08450478021854946,No comparison,
Canada,Trucks,FCEV,2041,76.35168486820471,3.6892781241792854,Current Measures,Vehicle body,ICEV,Zinc,100.0,0.028168260072849817,No comparison,
Canada,Cars,PHEV,2041,788967.4103047821,1.0,Current Measures,Vehicle body,PHEV,Aluminum,110658.0,87305.55568950658,No comparison,
Canada,Cars,PHEV,2041,788967.4103047821,1.0,Current Measures,Vehicle body,PHEV,Chromium,12789.0,10090.104210387857,No comparison,
Canada,Cars,PHEV,2041,788967.4103047821,1.0,Current Measures,Vehicle body,PHEV,Iron,902171.34,711783.785770995,No comparison,
Canada,Cars,PHEV,2041,788967.4103047821,1.0,Current Measures,Vehicle body,PHEV,Lead,320.0,252.46957129753025,No comparison,
Canada,Cars,PHEV,2041,788967.4103047821,1.0,Current Measures,Vehicle body,PHEV,Zinc,100.0,78.89674103047821,No comparison,
Canada,Vans,PHEV,2041,81441.79719275169,1.9577507575642077,Current Measures,Vehicle body,PHEV,Aluminum,110658.0,17643.61473968471,No comparison,
Canada,Vans,PHEV,2041,81441.79719275169,1.9577507575642077,Current Measures,Vehicle body,PHEV,Chromium,12789.0,2039.1132037975358,No comparison,
Canada,Vans,PHEV,2041,81441.79719275169,1.9577507575642077,Current Measures,Vehicle body,PHEV,Iron,902171.34,143844.67053575075,No comparison,
Canada,Vans,PHEV,2041,81441.79719275169,1.9577507575642077,Current Measures,Vehicle body,PHEV,Lead,320.0,51.02167684848006,No comparison,
Canada,Vans,PHEV,2041,81441.79719275169,1.9577507575642077,Current Measures,Vehicle body,PHEV,Zinc,100.0,15.944274015150018,No comparison,
Canada,2 and 3 wheelers,BEV,2042,2288.4888108136174,0.09808569078889517,Current Measures,Vehicle body,BEV,Aluminum,127302.0,28.57522608342962,No comparison,
Canada,2 and 3 wheelers,BEV,2042,2288.4888108136174,0.09808569078889517,Current Measures,Vehicle body,BEV,Chromium,11850.0,2.659945869575034,No comparison,
Canada,2 and 3 wheelers,BEV,2042,2288.4888108136174,0.09808569078889517,Current Measures,Vehicle body,BEV,Iron,902171.34,202.5086016440484,No comparison,
Canada,2 and 3 wheelers,BEV,2042,2288.4888108136174,0.09808569078889517,Current Measures,Vehicle body,BEV,Lead,310.0,0.06958508182010638,No comparison,
Canada,2 and 3 wheelers,BEV,2042,2288.4888108136174,0.09808569078889517,Current Measures,Vehicle body,BEV,Zinc,100.0,0.022446800587131093,No comparison,
Canada,Buses,BEV,2042,2826.9567662991744,5.6752374182090595,Current Measures,Vehicle body,BEV,Aluminum,127302.0,2042.3888366571332,No comparison,
Canada,Buses,BEV,2042,2826.9567662991744,5.6752374182090595,Current Measures,Vehicle body,BEV,Chromium,11850.0,190.11726221416023,No comparison,
Canada,Buses,BEV,2042,2826.9567662991744,5.6752374182090595,Current Measures,Vehicle body,BEV,Iron,902171.34,14474.121958555299,No comparison,
Canada,Buses,BEV,2042,2826.9567662991744,5.6752374182090595,Current Measures,Vehicle body,BEV,Lead,310.0,4.973531754125711,No comparison,
Canada,Buses,BEV,2042,2826.9567662991744,5.6752374182090595,Current Measures,Vehicle body,BEV,Zinc,100.0,1.6043650819760358,No comparison,
Canada,Cars,BEV,2042,2557722.788556396,1.0,Current Measures,Vehicle body,BEV,Aluminum,127302.0,325603.2264288063,No comparison,
Canada,Cars,BEV,2042,2557722.788556396,1.0,Current Measures,Vehicle body,BEV,Chromium,11850.0,30309.01504439329,No comparison,
Canada,Cars,BEV,2042,2557722.788556396,1.0,Current Measures,Vehicle body,BEV,Iron,902171.34,2307504.1955004605,No comparison,
Canada,Cars,BEV,2042,2557722.788556396,1.0,Current Measures,Vehicle body,BEV,Lead,310.0,792.8940644524828,No comparison,
Canada,Cars,BEV,2042,2557722.788556396,1.0,Current Measures,Vehicle body,BEV,Zinc,100.0,255.7722788556396,No comparison,
Canada,Trucks,BEV,2042,26923.39777427785,3.6892781241792854,Current Measures,Vehicle body,BEV,Aluminum,127302.0,12644.64063606305,No comparison,
Canada,Trucks,BEV,2042,26923.39777427785,3.6892781241792854,Current Measures,Vehicle body,BEV,Chromium,11850.0,1177.0356438810634,No comparison,
Canada,Trucks,BEV,2042,26923.39777427785,3.6892781241792854,Current Measures,Vehicle body,BEV,Iron,902171.34,89610.78684117652,No comparison,
Canada,Trucks,BEV,2042,26923.39777427785,3.6892781241792854,Current Measures,Vehicle body,BEV,Lead,310.0,30.79164975553837,No comparison,
Canada,Trucks,BEV,2042,26923.39777427785,3.6892781241792854,Current Measures,Vehicle body,BEV,Zinc,100.0,9.932790243722055,No comparison,
Canada,Vans,BEV,2042,148078.6877585282,1.9577507575642077,Current Measures,Vehicle body,BEV,Aluminum,127302.0,36904.99786984108,No comparison,
Canada,Vans,BEV,2042,148078.6877585282,1.9577507575642077,Current Measures,Vehicle body,BEV,Chromium,11850.0,3435.3287831897123,No comparison,
Canada,Vans,BEV,2042,148078.6877585282,1.9577507575642077,Current Measures,Vehicle body,BEV,Iron,902171.34,261540.52081610396,No comparison,
Canada,Vans,BEV,2042,148078.6877585282,1.9577507575642077,Current Measures,Vehicle body,BEV,Lead,310.0,89.86936057289543,No comparison,
Canada,Vans,BEV,2042,148078.6877585282,1.9577507575642077,Current Measures,Vehicle body,BEV,Zinc,100.0,28.990116313837238,No comparison,
Canada,Buses,FCEV,2042,175.00208553280603,5.6752374182090595,Current Measures,Vehicle body,ICEV,Aluminum,71300.0,70.81361878493274,No comparison,
Canada,Buses,FCEV,2042,175.00208553280603,5.6752374182090595,Current Measures,Vehicle body,ICEV,Iron,902171.34,896.017073624852,No comparison,
Canada,Buses,FCEV,2042,175.00208553280603,5.6752374182090595,Current Measures,Vehicle body,ICEV,Lead,300.0,0.29795351522412095,No comparison,
Canada,Buses,FCEV,2042,175.00208553280603,5.6752374182090595,Current Measures,Vehicle body,ICEV,Zinc,100.0,0.09931783840804032,No comparison,
Canada,Cars,FCEV,2042,269.2339777427785,1.0,Current Measures,Vehicle body,ICEV,Aluminum,71300.0,19.19638261306011,No comparison,
Canada,Cars,FCEV,2042,269.2339777427785,1.0,Current Measures,Vehicle body,ICEV,Iron,902171.34,242.89517847373264,No comparison,
Canada,Cars,FCEV,2042,269.2339777427785,1.0,Current Measures,Vehicle body,ICEV,Lead,300.0,0.08077019332283356,No comparison,
Canada,Cars,FCEV,2042,269.2339777427785,1.0,Current Measures,Vehicle body,ICEV,Zinc,100.0,0.026923397774277852,No comparison,
Canada,Trucks,FCEV,2042,80.77019332283356,3.6892781241792854,Current Measures,Vehicle body,ICEV,Aluminum,71300.0,21.246238331321475,No comparison,
Canada,Trucks,FCEV,2042,80.77019332283356,3.6892781241792854,Current Measures,Vehicle body,ICEV,Iron,902171.34,268.8323605235296,No comparison,
Canada,Trucks,FCEV,2042,80.77019332283356,3.6892781241792854,Current Measures,Vehicle body,ICEV,Lead,300.0,0.0893951121934985,No comparison,
Canada,Trucks,FCEV,2042,80.77019332283356,3.6892781241792854,Current Measures,Vehicle body,ICEV,Zinc,100.0,0.029798370731166163,No comparison,
Canada,Cars,PHEV,2042,834625.3310026134,1.0,Current Measures,Vehicle body,PHEV,Aluminum,110658.0,92357.96987808718,No comparison,
Canada,Cars,PHEV,2042,834625.3310026134,1.0,Current Measures,Vehicle body,PHEV,Chromium,12789.0,10674.023358192422,No comparison,
Canada,Cars,PHEV,2042,834625.3310026134,1.0,Current Measures,Vehicle body,PHEV,Iron,902171.34,752975.0532685713,No comparison,
Canada,Cars,PHEV,2042,834625.3310026134,1.0,Current Measures,Vehicle body,PHEV,Lead,320.0,267.0801059208363,No comparison,
Canada,Cars,PHEV,2042,834625.3310026134,1.0,Current Measures,Vehicle body,PHEV,Zinc,100.0,83.46253310026134,No comparison,
Canada,Vans,PHEV,2042,86154.87287768912,1.9577507575642077,Current Measures,Vehicle body,PHEV,Aluminum,110658.0,18664.659147965674,No comparison,
Canada,Vans,PHEV,2042,86154.87287768912,1.9577507575642077,Current Measures,Vehicle body,PHEV,Chromium,12789.0,2157.1176584009563,No comparison,
Canada,Vans,PHEV,2042,86154.87287768912,1.9577507575642077,Current Measures,Vehicle body,PHEV,Iron,902171.34,152169.03029300596,No comparison,
Canada,Vans,PHEV,2042,86154.87287768912,1.9577507575642077,Current Measures,Vehicle body,PHEV,Lead,320.0,53.97432564612605,No comparison,
Canada,Vans,PHEV,2042,86154.87287768912,1.9577507575642077,Current Measures,Vehicle body,PHEV,Zinc,100.0,16.86697676441439,No comparison,
Canada,2 and 3 wheelers,BEV,2043,2405.3091953824055,0.09808569078889517,Current Measures,Vehicle body,BEV,Aluminum,127302.0,30.033904353750508,No comparison,
Canada,2 and 3 wheelers,BEV,2043,2405.3091953824055,0.09808569078889517,Current Measures,Vehicle body,BEV,Chromium,11850.0,2.795728005781084,No comparison,
Canada,2 and 3 wheelers,BEV,2043,2405.3091953824055,0.09808569078889517,Current Measures,Vehicle body,BEV,Iron,902171.34,212.84604905072135,No comparison,
Canada,2 and 3 wheelers,BEV,2043,2405.3091953824055,0.09808569078889517,Current Measures,Vehicle body,BEV,Lead,310.0,0.07313718833688912,No comparison,
Canada,2 and 3 wheelers,BEV,2043,2405.3091953824055,0.09808569078889517,Current Measures,Vehicle body,BEV,Zinc,100.0,0.02359264139899649,No comparison,
Canada,Buses,BEV,2043,2971.264300178266,5.6752374182090595,Current Measures,Vehicle body,BEV,Aluminum,127302.0,2146.6465670029766,No comparison,
Canada,Buses,BEV,2043,2971.264300178266,5.6752374182090595,Current Measures,Vehicle body,BEV,Chromium,11850.0,199.8221694787613,No comparison,
Canada,Buses,BEV,2043,2971.264300178266,5.6752374182090595,Current Measures,Vehicle body,BEV,Iron,902171.34,15212.981805937652,No comparison,
Canada,Buses,BEV,2043,2971.264300178266,5.6752374182090595,Current Measures,Vehicle body,BEV,Lead,310.0,5.227415404085739,No comparison,
Canada,Buses,BEV,2043,2971.264300178266,5.6752374182090595,Current Measures,Vehicle body,BEV,Zinc,100.0,1.6862630335760447,No comparison,
Canada,Cars,BEV,2043,2688286.7477803356,1.0,Current Measures,Vehicle body,BEV,Aluminum,127302.0,342224.2795659323,No comparison,
Canada,Cars,BEV,2043,2688286.7477803356,1.0,Current Measures,Vehicle body,BEV,Chromium,11850.0,31856.197961196976,No comparison,
Canada,Cars,BEV,2043,2688286.7477803356,1.0,Current Measures,Vehicle body,BEV,Iron,902171.34,2425295.2575492277,No comparison,
Canada,Cars,BEV,2043,2688286.7477803356,1.0,Current Measures,Vehicle body,BEV,Lead,310.0,833.3688918119041,No comparison,
Canada,Cars,BEV,2043,2688286.7477803356,1.0,Current Measures,Vehicle body,BEV,Zinc,100.0,268.82867477803353,No comparison,
Canada,Trucks,BEV,2043,28297.755239793005,3.6892781241792854,Current Measures,Vehicle body,BEV,Aluminum,127302.0,13290.111033322208,No comparison,
Canada,Trucks,BEV,2043,28297.755239793005,3.6892781241792854,Current Measures,Vehicle body,BEV,Chromium,11850.0,1237.1197290291448,No comparison,
Canada,Trucks,BEV,2043,28297.755239793005,3.6892781241792854,Current Measures,Vehicle body,BEV,Iron,902171.34,94185.14461423294,No comparison,
Canada,Trucks,BEV,2043,28297.755239793005,3.6892781241792854,Current Measures,Vehicle body,BEV,Lead,310.0,32.363469704559904,No comparison,
Canada,Trucks,BEV,2043,28297.755239793005,3.6892781241792854,Current Measures,Vehicle body,BEV,Zinc,100.0,10.439828936954807,No comparison,
Canada,Vans,BEV,2043,155637.65381886152,1.9577507575642077,Current Measures,Vehicle body,BEV,Aluminum,127302.0,38788.885622882946,No comparison,
Canada,Vans,BEV,2043,155637.65381886152,1.9577507575642077,Current Measures,Vehicle body,BEV,Chromium,11850.0,3610.691855832296,No comparison,
Canada,Vans,BEV,2043,155637.65381886152,1.9577507575642077,Current Measures,Vehicle body,BEV,Iron,902171.34,274891.3679243299,No comparison,
Canada,Vans,BEV,2043,155637.65381886152,1.9577507575642077,Current Measures,Vehicle body,BEV,Lead,310.0,94.45691774751154,No comparison,
Canada,Vans,BEV,2043,155637.65381886152,1.9577507575642077,Current Measures,Vehicle body,BEV,Zinc,100.0,30.46997346693921,No comparison,
Canada,Buses,FCEV,2043,183.93540905865453,5.6752374182090595,Current Measures,Vehicle body,ICEV,Aluminum,71300.0,74.42843837245884,No comparison,
Canada,Buses,FCEV,2043,183.93540905865453,5.6752374182090595,Current Measures,Vehicle body,ICEV,Iron,902171.34,941.7560165580451,No comparison,
Canada,Buses,FCEV,2043,183.93540905865453,5.6752374182090595,Current Measures,Vehicle body,ICEV,Lead,300.0,0.31316313480697966,No comparison,
Canada,Buses,FCEV,2043,183.93540905865453,5.6752374182090595,Current Measures,Vehicle body,ICEV,Zinc,100.0,0.10438771160232657,No comparison,
Canada,Cars,FCEV,2043,282.97755239793,1.0,Current Measures,Vehicle body,ICEV,Aluminum,71300.0,20.17629948597241,No comparison,
Canada,Cars,FCEV,2043,282.97755239793,1.0,Current Measures,Vehicle body,ICEV,Iron,902171.34,255.29423763676076,No comparison,
Canada,Cars,FCEV,2043,282.97755239793,1.0,Current Measures,Vehicle body,ICEV,Lead,300.0,0.08489326571937901,No comparison,
Canada,Cars,FCEV,2043,282.97755239793,1.0,Current Measures,Vehicle body,ICEV,Zinc,100.0,0.028297755239793002,No comparison,
Canada,Trucks,FCEV,2043,84.89326571937902,3.6892781241792854,Current Measures,Vehicle body,ICEV,Aluminum,71300.0,22.330794096146334,No comparison,
Canada,Trucks,FCEV,2043,84.89326571937902,3.6892781241792854,Current Measures,Vehicle body,ICEV,Iron,902171.34,282.5554338426988,No comparison,
Canada,Trucks,FCEV,2043,84.89326571937902,3.6892781241792854,Current Measures,Vehicle body,ICEV,Lead,300.0,0.09395846043259327,No comparison,
Canada,Trucks,FCEV,2043,84.89326571937902,3.6892781241792854,Current Measures,Vehicle body,ICEV,Zinc,100.0,0.031319486810864425,No comparison,
Canada,Cars,PHEV,2043,877230.4124335832,1.0,Current Measures,Vehicle body,PHEV,Aluminum,110658.0,97072.56297907545,No comparison,
Canada,Cars,PHEV,2043,877230.4124335832,1.0,Current Measures,Vehicle body,PHEV,Chromium,12789.0,11218.899744613094,No comparison,
Canada,Cars,PHEV,2043,877230.4124335832,1.0,Current Measures,Vehicle body,PHEV,Iron,902171.34,791412.1366739584,No comparison,
Canada,Cars,PHEV,2043,877230.4124335832,1.0,Current Measures,Vehicle body,PHEV,Lead,320.0,280.7137319787466,No comparison,
Canada,Cars,PHEV,2043,877230.4124335832,1.0,Current Measures,Vehicle body,PHEV,Zinc,100.0,87.72304124335831,No comparison,
Canada,Vans,PHEV,2043,90552.81676733762,1.9577507575642077,Current Measures,Vehicle body,PHEV,Aluminum,110658.0,19617.433157262887,No comparison,
Canada,Vans,PHEV,2043,90552.81676733762,1.9577507575642077,Current Measures,Vehicle body,PHEV,Chromium,12789.0,2267.2319457087156,No comparison,
Canada,Vans,PHEV,2043,90552.81676733762,1.9577507575642077,Current Measures,Vehicle body,PHEV,Iron,902171.34,159936.7958832465,No comparison,
Canada,Vans,PHEV,2043,90552.81676733762,1.9577507575642077,Current Measures,Vehicle body,PHEV,Lead,320.0,56.72955060026499,No comparison,
Canada,Vans,PHEV,2043,90552.81676733762,1.9577507575642077,Current Measures,Vehicle body,PHEV,Zinc,100.0,17.727984562582808,No comparison,
Canada,2 and 3 wheelers,BEV,2044,2514.531231070112,0.09808569078889517,Current Measures,Vehicle body,BEV,Aluminum,127302.0,31.39770580574844,No comparison,
Canada,2 and 3 wheelers,BEV,2044,2514.531231070112,0.09808569078889517,Current Measures,Vehicle body,BEV,Chromium,11850.0,2.9226784637956906,No comparison,
Canada,2 and 3 wheelers,BEV,2044,2514.531231070112,0.09808569078889517,Current Measures,Vehicle body,BEV,Iron,902171.34,222.51111781195777,No comparison,
Canada,2 and 3 wheelers,BEV,2044,2514.531231070112,0.09808569078889517,Current Measures,Vehicle body,BEV,Lead,310.0,0.07645825517102652,No comparison,
Canada,2 and 3 wheelers,BEV,2044,2514.531231070112,0.09808569078889517,Current Measures,Vehicle body,BEV,Zinc,100.0,0.024663953280976293,No comparison,
Canada,Buses,BEV,2044,3106.1856383807267,5.6752374182090595,Current Measures,Vehicle body,BEV,Aluminum,127302.0,2244.123061251699,No comparison,
Canada,Buses,BEV,2044,3106.1856383807267,5.6752374182090595,Current Measures,Vehicle body,BEV,Chromium,11850.0,208.89584040967645,No comparison,
Canada,Buses,BEV,2044,3106.1856383807267,5.6752374182090595,Current Measures,Vehicle body,BEV,Iron,902171.34,15903.783988423964,No comparison,
Canada,Buses,BEV,2044,3106.1856383807267,5.6752374182090595,Current Measures,Vehicle body,BEV,Lead,310.0,5.464785698480988,No comparison,
Canada,Buses,BEV,2044,3106.1856383807267,5.6752374182090595,Current Measures,Vehicle body,BEV,Zinc,100.0,1.7628340962841895,No comparison,
Canada,Cars,BEV,2044,2810358.434725419,1.0,Current Measures,Vehicle body,BEV,Aluminum,127302.0,357764.2494574153,No comparison,
Canada,Cars,BEV,2044,2810358.434725419,1.0,Current Measures,Vehicle body,BEV,Chromium,11850.0,33302.747451496216,No comparison,
Canada,Cars,BEV,2044,2810358.434725419,1.0,Current Measures,Vehicle body,BEV,Iron,902171.34,2535424.8349365336,No comparison,
Canada,Cars,BEV,2044,2810358.434725419,1.0,Current Measures,Vehicle body,BEV,Lead,310.0,871.21111476488,No comparison,
Canada,Cars,BEV,2044,2810358.434725419,1.0,Current Measures,Vehicle body,BEV,Zinc,100.0,281.03584347254196,No comparison,
Canada,Trucks,BEV,2044,29582.720365530728,3.6892781241792854,Current Measures,Vehicle body,BEV,Aluminum,127302.0,13893.598096175401,No comparison,
Canada,Trucks,BEV,2044,29582.720365530728,3.6892781241792854,Current Measures,Vehicle body,BEV,Chromium,11850.0,1293.2957647144467,No comparison,
Canada,Trucks,BEV,2044,29582.720365530728,3.6892781241792854,Current Measures,Vehicle body,BEV,Iron,902171.34,98461.97241086558,No comparison,
Canada,Trucks,BEV,2044,29582.720365530728,3.6892781241792854,Current Measures,Vehicle body,BEV,Lead,310.0,33.83305376046232,No comparison,
Canada,Trucks,BEV,2044,29582.720365530728,3.6892781241792854,Current Measures,Vehicle body,BEV,Zinc,100.0,10.913888309826556,No comparison,
Canada,Vans,BEV,2044,162704.96201041903,1.9577507575642077,Current Measures,Vehicle body,BEV,Aluminum,127302.0,40550.23965500577,No comparison,
Canada,Vans,BEV,2044,162704.96201041903,1.9577507575642077,Current Measures,Vehicle body,BEV,Chromium,11850.0,3774.648787228939,No comparison,
Canada,Vans,BEV,2044,162704.96201041903,1.9577507575642077,Current Measures,Vehicle body,BEV,Iron,902171.34,287373.8358146587,No comparison,
Canada,Vans,BEV,2044,162704.96201041903,1.9577507575642077,Current Measures,Vehicle body,BEV,Lead,310.0,98.74608641695959,No comparison,
Canada,Vans,BEV,2044,162704.96201041903,1.9577507575642077,Current Measures,Vehicle body,BEV,Zinc,100.0,31.853576263535352,No comparison,
Canada,Buses,FCEV,2044,192.28768237594974,5.6752374182090595,Current Measures,Vehicle body,ICEV,Aluminum,71300.0,77.8081392307531,No comparison,
Canada,Buses,FCEV,2044,192.28768237594974,5.6752374182090595,Current Measures,Vehicle body,ICEV,Iron,902171.34,984.51996118815,No comparison,
Canada,Buses,FCEV,2044,192.28768237594974,5.6752374182090595,Current Measures,Vehicle body,ICEV,Lead,300.0,0.32738347502420656,No comparison,
Canada,Buses,FCEV,2044,192.28768237594974,5.6752374182090595,Current Measures,Vehicle body,ICEV,Zinc,100.0,0.10912782500806886,No comparison,
Canada,Cars,FCEV,2044,295.8272036553073,1.0,Current Measures,Vehicle body,ICEV,Aluminum,71300.0,21.09247962062341,No comparison,
Canada,Cars,FCEV,2044,295.8272036553073,1.0,Current Measures,Vehicle body,ICEV,Iron,902171.34,266.8868247301615,No comparison,
Canada,Cars,FCEV,2044,295.8272036553073,1.0,Current Measures,Vehicle body,ICEV,Lead,300.0,0.08874816109659218,No comparison,
Canada,Cars,FCEV,2044,295.8272036553073,1.0,Current Measures,Vehicle body,ICEV,Zinc,100.0,0.02958272036553073,No comparison,
Canada,Trucks,FCEV,2044,88.74816109659218,3.6892781241792854,Current Measures,Vehicle body,ICEV,Aluminum,71300.0,23.344807094719002,No comparison,
Canada,Trucks,FCEV,2044,88.74816109659218,3.6892781241792854,Current Measures,Vehicle body,ICEV,Iron,902171.34,295.3859172325967,No comparison,
Canada,Trucks,FCEV,2044,88.74816109659218,3.6892781241792854,Current Measures,Vehicle body,ICEV,Lead,300.0,0.09822499478843899,No comparison,
Canada,Trucks,FCEV,2044,88.74816109659218,3.6892781241792854,Current Measures,Vehicle body,ICEV,Zinc,100.0,0.032741664929479664,No comparison,
Canada,Cars,PHEV,2044,917064.3313314526,1.0,Current Measures,Vehicle body,PHEV,Aluminum,110658.0,101480.50477647588,No comparison,
Canada,Cars,PHEV,2044,917064.3313314526,1.0,Current Measures,Vehicle body,PHEV,Chromium,12789.0,11728.335733397947,No comparison,
Canada,Cars,PHEV,2044,917064.3313314526,1.0,Current Measures,Vehicle body,PHEV,Iron,902171.34,827349.1566635005,No comparison,
Canada,Cars,PHEV,2044,917064.3313314526,1.0,Current Measures,Vehicle body,PHEV,Lead,320.0,293.4605860260648,No comparison,
Canada,Cars,PHEV,2044,917064.3313314526,1.0,Current Measures,Vehicle body,PHEV,Zinc,100.0,91.70643313314525,No comparison,
Canada,Vans,PHEV,2044,94664.70516969834,1.9577507575642077,Current Measures,Vehicle body,PHEV,Aluminum,110658.0,20508.235881718076,No comparison,
Canada,Vans,PHEV,2044,94664.70516969834,1.9577507575642077,Current Measures,Vehicle body,PHEV,Chromium,12789.0,2370.1840688544207,No comparison,
Canada,Vans,PHEV,2044,94664.70516969834,1.9577507575642077,Current Measures,Vehicle body,PHEV,Iron,902171.34,167199.32265580146,No comparison,
Canada,Vans,PHEV,2044,94664.70516969834,1.9577507575642077,Current Measures,Vehicle body,PHEV,Lead,320.0,59.305567443382174,No comparison,
Canada,Vans,PHEV,2044,94664.70516969834,1.9577507575642077,Current Measures,Vehicle body,PHEV,Zinc,100.0,18.532989826056927,No comparison,
Canada,2 and 3 wheelers,BEV,2045,2616.594783571886,0.09808569078889517,Current Measures,Vehicle body,BEV,Aluminum,127302.0,32.672122824453155,No comparison,
Canada,2 and 3 wheelers,BEV,2045,2616.594783571886,0.09808569078889517,Current Measures,Vehicle body,BEV,Chromium,11850.0,3.0413085063060277,No comparison,
Canada,2 and 3 wheelers,BEV,2045,2616.594783571886,0.09808569078889517,Current Measures,Vehicle body,BEV,Iron,902171.34,231.54273168670946,No comparison,
Canada,2 and 3 wheelers,BEV,2045,2616.594783571886,0.09808569078889517,Current Measures,Vehicle body,BEV,Lead,310.0,0.07956165712699312,No comparison,
Canada,2 and 3 wheelers,BEV,2045,2616.594783571886,0.09808569078889517,Current Measures,Vehicle body,BEV,Zinc,100.0,0.02566505068612681,No comparison,
Canada,Buses,BEV,2045,3232.26414441233,5.6752374182090595,Current Measures,Vehicle body,BEV,Aluminum,127302.0,2335.2108827320594,No comparison,
Canada,Buses,BEV,2045,3232.26414441233,5.6752374182090595,Current Measures,Vehicle body,BEV,Chromium,11850.0,217.37481705216652,No comparison,
Canada,Buses,BEV,2045,3232.26414441233,5.6752374182090595,Current Measures,Vehicle body,BEV,Iron,902171.34,16549.310547021763,No comparison,
Canada,Buses,BEV,2045,3232.26414441233,5.6752374182090595,Current Measures,Vehicle body,BEV,Lead,310.0,5.686598589550348,No comparison,
Canada,Buses,BEV,2045,3232.26414441233,5.6752374182090595,Current Measures,Vehicle body,BEV,Zinc,100.0,1.8343866417904346,No comparison,
Canada,Cars,BEV,2045,2924429.463992108,1.0,Current Measures,Vehicle body,BEV,Aluminum,127302.0,372285.71962512337,No comparison,
Canada,Cars,BEV,2045,2924429.463992108,1.0,Current Measures,Vehicle body,BEV,Chromium,11850.0,34654.48914830648,No comparison,
Canada,Cars,BEV,2045,2924429.463992108,1.0,Current Measures,Vehicle body,BEV,Iron,902171.34,2638336.448265242,No comparison,
Canada,Cars,BEV,2045,2924429.463992108,1.0,Current Measures,Vehicle body,BEV,Lead,310.0,906.5731338375535,No comparison,
Canada,Cars,BEV,2045,2924429.463992108,1.0,Current Measures,Vehicle body,BEV,Zinc,100.0,292.4429463992108,No comparison,
Canada,Trucks,BEV,2045,30783.46804202219,3.6892781241792854,Current Measures,Vehicle body,BEV,Aluminum,127302.0,14457.532224813793,No comparison,
Canada,Trucks,BEV,2045,30783.46804202219,3.6892781241792854,Current Measures,Vehicle body,BEV,Chromium,11850.0,1345.7899865205845,No comparison,
Canada,Trucks,BEV,2045,30783.46804202219,3.6892781241792854,Current Measures,Vehicle body,BEV,Iron,902171.34,102458.49413484031,No comparison,
Canada,Trucks,BEV,2045,30783.46804202219,3.6892781241792854,Current Measures,Vehicle body,BEV,Lead,310.0,35.20632032247943,No comparison,
Canada,Trucks,BEV,2045,30783.46804202219,3.6892781241792854,Current Measures,Vehicle body,BEV,Zinc,100.0,11.35687752338046,No comparison,
Canada,Vans,BEV,2045,169309.07423112204,1.9577507575642077,Current Measures,Vehicle body,BEV,Aluminum,127302.0,42196.153399424395,No comparison,
Canada,Vans,BEV,2045,169309.07423112204,1.9577507575642077,Current Measures,Vehicle body,BEV,Chromium,11850.0,3927.8598748109143,No comparison,
Canada,Vans,BEV,2045,169309.07423112204,1.9577507575642077,Current Measures,Vehicle body,BEV,Iron,902171.34,299038.19464897853,No comparison,
Canada,Vans,BEV,2045,169309.07423112204,1.9577507575642077,Current Measures,Vehicle body,BEV,Lead,310.0,102.75414018492688,No comparison,
Canada,Vans,BEV,2045,169309.07423112204,1.9577507575642077,Current Measures,Vehicle body,BEV,Zinc,100.0,33.14649683384738,No comparison,
Canada,Buses,FCEV,2045,200.09254227314423,5.6752374182090595,Current Measures,Vehicle body,ICEV,Aluminum,71300.0,80.9663322988359,No comparison,
Canada,Buses,FCEV,2045,200.09254227314423,5.6752374182090595,Current Measures,Vehicle body,ICEV,Iron,902171.34,1024.4811291013473,No comparison,
Canada,Buses,FCEV,2045,200.09254227314423,5.6752374182090595,Current Measures,Vehicle body,ICEV,Lead,300.0,0.34067180490393784,No comparison,
Canada,Buses,FCEV,2045,200.09254227314423,5.6752374182090595,Current Measures,Vehicle body,ICEV,Zinc,100.0,0.1135572683013126,No comparison,
Canada,Cars,FCEV,2045,307.8346804202219,1.0,Current Measures,Vehicle body,ICEV,Aluminum,71300.0,21.948612713961822,No comparison,
Canada,Cars,FCEV,2045,307.8346804202219,1.0,Current Measures,Vehicle body,ICEV,Iron,902171.34,277.71962613318334,No comparison,
Canada,Cars,FCEV,2045,307.8346804202219,1.0,Current Measures,Vehicle body,ICEV,Lead,300.0,0.09235040412606657,No comparison,
Canada,Cars,FCEV,2045,307.8346804202219,1.0,Current Measures,Vehicle body,ICEV,Zinc,100.0,0.03078346804202219,No comparison,
Canada,Trucks,FCEV,2045,92.35040412606656,3.6892781241792854,Current Measures,Vehicle body,ICEV,Aluminum,71300.0,24.292361022510804,No comparison,
Canada,Trucks,FCEV,2045,92.35040412606656,3.6892781241792854,Current Measures,Vehicle body,ICEV,Iron,902171.34,307.37548240452094,No comparison,
Canada,Trucks,FCEV,2045,92.35040412606656,3.6892781241792854,Current Measures,Vehicle body,ICEV,Lead,300.0,0.10221189771042413,No comparison,
Canada,Trucks,FCEV,2045,92.35040412606656,3.6892781241792854,Current Measures,Vehicle body,ICEV,Zinc,100.0,0.03407063257014138,No comparison,
Canada,Cars,PHEV,2045,954287.5093026878,1.0,Current Measures,Vehicle body,PHEV,Aluminum,110658.0,105599.54720441683,No comparison,
Canada,Cars,PHEV,2045,954287.5093026878,1.0,Current Measures,Vehicle body,PHEV,Chromium,12789.0,12204.382956472075,No comparison,
Canada,Cars,PHEV,2045,954287.5093026878,1.0,Current Measures,Vehicle body,PHEV,Iron,902171.34,860930.8410128683,No comparison,
Canada,Cars,PHEV,2045,954287.5093026878,1.0,Current Measures,Vehicle body,PHEV,Lead,320.0,305.37200297686013,No comparison,
Canada,Cars,PHEV,2045,954287.5093026878,1.0,Current Measures,Vehicle body,PHEV,Zinc,100.0,95.42875093026878,No comparison,
Canada,Vans,PHEV,2045,98507.09773447101,1.9577507575642077,Current Measures,Vehicle body,PHEV,Aluminum,110658.0,21340.65481681387,No comparison,
Canada,Vans,PHEV,2045,98507.09773447101,1.9577507575642077,Current Measures,Vehicle body,PHEV,Chromium,12789.0,2466.388642956068,No comparison,
Canada,Vans,PHEV,2045,98507.09773447101,1.9577507575642077,Current Measures,Vehicle body,PHEV,Iron,902171.34,173985.85870486023,No comparison,
Canada,Vans,PHEV,2045,98507.09773447101,1.9577507575642077,Current Measures,Vehicle body,PHEV,Lead,320.0,61.71275046883586,No comparison,
Canada,Vans,PHEV,2045,98507.09773447101,1.9577507575642077,Current Measures,Vehicle body,PHEV,Zinc,100.0,19.285234521511203,No comparison,
Canada,2 and 3 wheelers,BEV,2046,2712.5428789006387,0.09808569078889517,Current Measures,Vehicle body,BEV,Aluminum,127302.0,33.87017915898196,No comparison,
Canada,2 and 3 wheelers,BEV,2046,2712.5428789006387,0.09808569078889517,Current Measures,Vehicle body,BEV,Chromium,11850.0,3.152830458546891,No comparison,
Canada,2 and 3 wheelers,BEV,2046,2712.5428789006387,0.09808569078889517,Current Measures,Vehicle body,BEV,Iron,902171.34,240.0331881502163,No comparison,
Canada,2 and 3 wheelers,BEV,2046,2712.5428789006387,0.09808569078889517,Current Measures,Vehicle body,BEV,Lead,310.0,0.08247910904215494,No comparison,
Canada,2 and 3 wheelers,BEV,2046,2712.5428789006387,0.09808569078889517,Current Measures,Vehicle body,BEV,Zinc,100.0,0.026606164207146756,No comparison,
Canada,Buses,BEV,2046,3350.7882621713775,5.6752374182090595,Current Measures,Vehicle body,BEV,Aluminum,127302.0,2420.8408923139227,No comparison,
Canada,Buses,BEV,2046,3350.7882621713775,5.6752374182090595,Current Measures,Vehicle body,BEV,Chromium,11850.0,225.34574927275287,No comparison,
Canada,Buses,BEV,2046,3350.7882621713775,5.6752374182090595,Current Measures,Vehicle body,BEV,Iron,902171.34,17156.158361578353,No comparison,
Canada,Buses,BEV,2046,3350.7882621713775,5.6752374182090595,Current Measures,Vehicle body,BEV,Lead,310.0,5.895120867050919,No comparison,
Canada,Buses,BEV,2046,3350.7882621713775,5.6752374182090595,Current Measures,Vehicle body,BEV,Zinc,100.0,1.9016518925970707,No comparison,
Canada,Cars,BEV,2046,3031665.570536008,1.0,Current Measures,Vehicle body,BEV,Aluminum,127302.0,385937.0904603749,No comparison,
Canada,Cars,BEV,2046,3031665.570536008,1.0,Current Measures,Vehicle body,BEV,Chromium,11850.0,35925.2370108517,No comparison,
Canada,Cars,BEV,2046,3031665.570536008,1.0,Current Measures,Vehicle body,BEV,Iron,902171.34,2735081.790202335,No comparison,
Canada,Cars,BEV,2046,3031665.570536008,1.0,Current Measures,Vehicle body,BEV,Lead,310.0,939.8163268661625,No comparison,
Canada,Cars,BEV,2046,3031665.570536008,1.0,Current Measures,Vehicle body,BEV,Zinc,100.0,303.1665570536008,No comparison,
Canada,Trucks,BEV,2046,31912.269163536926,3.6892781241792854,Current Measures,Vehicle body,BEV,Aluminum,127302.0,14987.676475209086,No comparison,
Canada,Trucks,BEV,2046,31912.269163536926,3.6892781241792854,Current Measures,Vehicle body,BEV,Chromium,11850.0,1395.1388527378017,No comparison,
Canada,Trucks,BEV,2046,31912.269163536926,3.6892781241792854,Current Measures,Vehicle body,BEV,Iron,902171.34,106215.55175194307,No comparison,
Canada,Trucks,BEV,2046,31912.269163536926,3.6892781241792854,Current Measures,Vehicle body,BEV,Lead,310.0,36.497303320566964,No comparison,
Canada,Trucks,BEV,2046,31912.269163536926,3.6892781241792854,Current Measures,Vehicle body,BEV,Zinc,100.0,11.773323651795797,No comparison,
Canada,Vans,BEV,2046,175517.48039945308,1.9577507575642077,Current Measures,Vehicle body,BEV,Aluminum,127302.0,43743.447070685135,No comparison,
Canada,Vans,BEV,2046,175517.48039945308,1.9577507575642077,Current Measures,Vehicle body,BEV,Chromium,11850.0,4071.8908405808143,No comparison,
Canada,Vans,BEV,2046,175517.48039945308,1.9577507575642077,Current Measures,Vehicle body,BEV,Iron,902171.34,310003.6469181873,No comparison,
Canada,Vans,BEV,2046,175517.48039945308,1.9577507575642077,Current Measures,Vehicle body,BEV,Lead,310.0,106.52203886751496,No comparison,
Canada,Vans,BEV,2046,175517.48039945308,1.9577507575642077,Current Measures,Vehicle body,BEV,Zinc,100.0,34.36194802177902,No comparison,
Canada,Buses,FCEV,2046,207.42974956299003,5.6752374182090595,Current Measures,Vehicle body,ICEV,Aluminum,71300.0,83.93529234515357,No comparison,
Canada,Buses,FCEV,2046,207.42974956299003,5.6752374182090595,Current Measures,Vehicle body,ICEV,Iron,902171.34,1062.047898573898,No comparison,
Canada,Buses,FCEV,2046,207.42974956299003,5.6752374182090595,Current Measures,Vehicle body,ICEV,Lead,300.0,0.35316392291088455,No comparison,
Canada,Buses,FCEV,2046,207.42974956299003,5.6752374182090595,Current Measures,Vehicle body,ICEV,Zinc,100.0,0.11772130763696154,No comparison,
Canada,Cars,FCEV,2046,319.1226916353693,1.0,Current Measures,Vehicle body,ICEV,Aluminum,71300.0,22.753447913601832,No comparison,
Canada,Cars,FCEV,2046,319.1226916353693,1.0,Current Measures,Vehicle body,ICEV,Iron,902171.34,287.9033463370879,No comparison,
Canada,Cars,FCEV,2046,319.1226916353693,1.0,Current Measures,Vehicle body,ICEV,Lead,300.0,0.09573680749061078,No comparison,
Canada,Cars,FCEV,2046,319.1226916353693,1.0,Current Measures,Vehicle body,ICEV,Zinc,100.0,0.03191226916353693,No comparison,
Canada,Trucks,FCEV,2046,95.73680749061077,3.6892781241792854,Current Measures,Vehicle body,ICEV,Aluminum,71300.0,25.183139291191207,No comparison,
Canada,Trucks,FCEV,2046,95.73680749061077,3.6892781241792854,Current Measures,Vehicle body,ICEV,Iron,902171.34,318.64665525582916,No comparison,
Canada,Trucks,FCEV,2046,95.73680749061077,3.6892781241792854,Current Measures,Vehicle body,ICEV,Lead,300.0,0.10595991286616215,No comparison,
Canada,Trucks,FCEV,2046,95.73680749061077,3.6892781241792854,Current Measures,Vehicle body,ICEV,Zinc,100.0,0.035319970955387386,No comparison,
Canada,Cars,PHEV,2046,989280.3440696447,1.0,Current Measures,Vehicle body,PHEV,Aluminum,110658.0,109471.78431405875,No comparison,
Canada,Cars,PHEV,2046,989280.3440696447,1.0,Current Measures,Vehicle body,PHEV,Chromium,12789.0,12651.906320306687,No comparison,
Canada,Cars,PHEV,2046,989280.3440696447,1.0,Current Measures,Vehicle body,PHEV,Iron,902171.34,892500.3736449725,No comparison,
Canada,Cars,PHEV,2046,989280.3440696447,1.0,Current Measures,Vehicle body,PHEV,Lead,320.0,316.56971010228625,No comparison,
Canada,Cars,PHEV,2046,989280.3440696447,1.0,Current Measures,Vehicle body,PHEV,Zinc,100.0,98.92803440696447,No comparison,
Canada,Vans,PHEV,2046,102119.26132331816,1.9577507575642077,Current Measures,Vehicle body,PHEV,Aluminum,110658.0,22123.19676621977,No comparison,
Canada,Vans,PHEV,2046,102119.26132331816,1.9577507575642077,Current Measures,Vehicle body,PHEV,Chromium,12789.0,2556.828818912186,No comparison,
Canada,Vans,PHEV,2046,102119.26132331816,1.9577507575642077,Current Measures,Vehicle body,PHEV,Iron,902171.34,180365.75820694535,No comparison,
Canada,Vans,PHEV,2046,102119.26132331816,1.9577507575642077,Current Measures,Vehicle body,PHEV,Lead,320.0,63.97569958963949,No comparison,
Canada,Vans,PHEV,2046,102119.26132331816,1.9577507575642077,Current Measures,Vehicle body,PHEV,Zinc,100.0,19.992406121762343,No comparison,
Canada,2 and 3 wheelers,BEV,2047,2802.7815469288153,0.09808569078889517,Current Measures,Vehicle body,BEV,Aluminum,127302.0,34.996944703208484,No comparison,
Canada,2 and 3 wheelers,BEV,2047,2802.7815469288153,0.09808569078889517,Current Measures,Vehicle body,BEV,Chromium,11850.0,3.2577162553064407,No comparison,
Canada,2 and 3 wheelers,BEV,2047,2802.7815469288153,0.09808569078889517,Current Measures,Vehicle body,BEV,Iron,902171.34,248.01841682612604,No comparison,
Canada,2 and 3 wheelers,BEV,2047,2802.7815469288153,0.09808569078889517,Current Measures,Vehicle body,BEV,Lead,310.0,0.08522295688987314,No comparison,
Canada,2 and 3 wheelers,BEV,2047,2802.7815469288153,0.09808569078889517,Current Measures,Vehicle body,BEV,Zinc,100.0,0.027491276416088103,No comparison,
Canada,Buses,BEV,2047,3462.259557970889,5.6752374182090595,Current Measures,Vehicle body,BEV,Aluminum,127302.0,2501.3754561469145,No comparison,
Canada,Buses,BEV,2047,3462.259557970889,5.6752374182090595,Current Measures,Vehicle body,BEV,Chromium,11850.0,232.84236819013793,No comparison,
Canada,Buses,BEV,2047,3462.259557970889,5.6752374182090595,Current Measures,Vehicle body,BEV,Iron,902171.34,17726.89546994684,No comparison,
Canada,Buses,BEV,2047,3462.259557970889,5.6752374182090595,Current Measures,Vehicle body,BEV,Lead,310.0,6.091234948433987,No comparison,
Canada,Buses,BEV,2047,3462.259557970889,5.6752374182090595,Current Measures,Vehicle body,BEV,Zinc,100.0,1.9649144994948347,No comparison,
Canada,Cars,BEV,2047,3132520.552449852,1.0,Current Measures,Vehicle body,BEV,Aluminum,127302.0,398776.1313679711,No comparison,
Canada,Cars,BEV,2047,3132520.552449852,1.0,Current Measures,Vehicle body,BEV,Chromium,11850.0,37120.36854653075,No comparison,
Canada,Cars,BEV,2047,3132520.552449852,1.0,Current Measures,Vehicle body,BEV,Iron,902171.34,2826070.2643812234,No comparison,
Canada,Cars,BEV,2047,3132520.552449852,1.0,Current Measures,Vehicle body,BEV,Lead,310.0,971.0813712594543,No comparison,
Canada,Cars,BEV,2047,3132520.552449852,1.0,Current Measures,Vehicle body,BEV,Zinc,100.0,313.25205524498523,No comparison,
Canada,Trucks,BEV,2047,32973.90055210371,3.6892781241792854,Current Measures,Vehicle body,BEV,Aluminum,127302.0,15486.274293691587,No comparison,
Canada,Trucks,BEV,2047,32973.90055210371,3.6892781241792854,Current Measures,Vehicle body,BEV,Chromium,11850.0,1441.5511962125129,No comparison,
Canada,Trucks,BEV,2047,32973.90055210371,3.6892781241792854,Current Measures,Vehicle body,BEV,Iron,902171.34,109749.04425026546,No comparison,
Canada,Trucks,BEV,2047,32973.90055210371,3.6892781241792854,Current Measures,Vehicle body,BEV,Lead,310.0,37.71146589247924,No comparison,
Canada,Trucks,BEV,2047,32973.90055210371,3.6892781241792854,Current Measures,Vehicle body,BEV,Zinc,100.0,12.164988997573948,No comparison,
Canada,Vans,BEV,2047,181356.4530365704,1.9577507575642077,Current Measures,Vehicle body,BEV,Aluminum,127302.0,45198.66845329401,No comparison,
Canada,Vans,BEV,2047,181356.4530365704,1.9577507575642077,Current Measures,Vehicle body,BEV,Chromium,11850.0,4207.351189859814,No comparison,
Canada,Vans,BEV,2047,181356.4530365704,1.9577507575642077,Current Measures,Vehicle body,BEV,Iron,902171.34,320316.59584864334,No comparison,
Canada,Vans,BEV,2047,181356.4530365704,1.9577507575642077,Current Measures,Vehicle body,BEV,Lead,310.0,110.06572732966603,No comparison,
Canada,Vans,BEV,2047,181356.4530365704,1.9577507575642077,Current Measures,Vehicle body,BEV,Zinc,100.0,35.50507333215033,No comparison,
Canada,Buses,FCEV,2047,214.3303535886741,5.6752374182090595,Current Measures,Vehicle body,ICEV,Aluminum,71300.0,86.72758331341726,No comparison,
Canada,Buses,FCEV,2047,214.3303535886741,5.6752374182090595,Current Measures,Vehicle body,ICEV,Iron,902171.34,1097.3792433776616,No comparison,
Canada,Buses,FCEV,2047,214.3303535886741,5.6752374182090595,Current Measures,Vehicle body,ICEV,Lead,300.0,0.36491269276332644,No comparison,
Canada,Buses,FCEV,2047,214.3303535886741,5.6752374182090595,Current Measures,Vehicle body,ICEV,Zinc,100.0,0.12163756425444214,No comparison,
Canada,Cars,FCEV,2047,329.7390055210371,1.0,Current Measures,Vehicle body,ICEV,Aluminum,71300.0,23.510391093649943,No comparison,
Canada,Cars,FCEV,2047,329.7390055210371,1.0,Current Measures,Vehicle body,ICEV,Iron,902171.34,297.4810804611814,No comparison,
Canada,Cars,FCEV,2047,329.7390055210371,1.0,Current Measures,Vehicle body,ICEV,Lead,300.0,0.09892170165631113,No comparison,
Canada,Cars,FCEV,2047,329.7390055210371,1.0,Current Measures,Vehicle body,ICEV,Zinc,100.0,0.03297390055210371,No comparison,
Canada,Trucks,FCEV,2047,98.92170165631111,3.6892781241792854,Current Measures,Vehicle body,ICEV,Aluminum,71300.0,26.02091146581067,No comparison,
Canada,Trucks,FCEV,2047,98.92170165631111,3.6892781241792854,Current Measures,Vehicle body,ICEV,Iron,902171.34,329.2471327507963,No comparison,
Canada,Trucks,FCEV,2047,98.92170165631111,3.6892781241792854,Current Measures,Vehicle body,ICEV,Lead,300.0,0.10948490097816552,No comparison,
Canada,Trucks,FCEV,2047,98.92170165631111,3.6892781241792854,Current Measures,Vehicle body,ICEV,Zinc,100.0,0.03649496699272184,No comparison,
Canada,Cars,PHEV,2047,1022190.917115215,1.0,Current Measures,Vehicle body,PHEV,Aluminum,110658.0,113113.60250613546,No comparison,
Canada,Cars,PHEV,2047,1022190.917115215,1.0,Current Measures,Vehicle body,PHEV,Chromium,12789.0,13072.799638986484,No comparison,
Canada,Cars,PHEV,2047,1022190.917115215,1.0,Current Measures,Vehicle body,PHEV,Iron,902171.34,922191.3494296623,No comparison,
Canada,Cars,PHEV,2047,1022190.917115215,1.0,Current Measures,Vehicle body,PHEV,Lead,320.0,327.1010934768688,No comparison,
Canada,Cars,PHEV,2047,1022190.917115215,1.0,Current Measures,Vehicle body,PHEV,Zinc,100.0,102.21909171152149,No comparison,
Canada,Vans,PHEV,2047,105516.48176673186,1.9577507575642077,Current Measures,Vehicle body,PHEV,Aluminum,110658.0,22859.17326422744,No comparison,
Canada,Vans,PHEV,2047,105516.48176673186,1.9577507575642077,Current Measures,Vehicle body,PHEV,Chromium,12789.0,2641.887318370156,No comparison,
Canada,Vans,PHEV,2047,105516.48176673186,1.9577507575642077,Current Measures,Vehicle body,PHEV,Iron,902171.34,186366.01940284699,No comparison,
Canada,Vans,PHEV,2047,105516.48176673186,1.9577507575642077,Current Measures,Vehicle body,PHEV,Lead,320.0,66.10399107658534,No comparison,
Canada,Vans,PHEV,2047,105516.48176673186,1.9577507575642077,Current Measures,Vehicle body,PHEV,Zinc,100.0,20.65749721143292,No comparison,
Canada,2 and 3 wheelers,BEV,2048,2887.7712490697313,0.09808569078889517,Current Measures,Vehicle body,BEV,Aluminum,127302.0,36.05816901069224,No comparison,
Canada,2 and 3 wheelers,BEV,2048,2887.7712490697313,0.09808569078889517,Current Measures,Vehicle body,BEV,Chromium,11850.0,3.356501097992986,No comparison,
Canada,2 and 3 wheelers,BEV,2048,2887.7712490697313,0.09808569078889517,Current Measures,Vehicle body,BEV,Iron,902171.34,255.53916399053193,No comparison,
Canada,2 and 3 wheelers,BEV,2048,2887.7712490697313,0.09808569078889517,Current Measures,Vehicle body,BEV,Lead,310.0,0.08780720171964772,No comparison,
Canada,2 and 3 wheelers,BEV,2048,2887.7712490697313,0.09808569078889517,Current Measures,Vehicle body,BEV,Zinc,100.0,0.028324903780531523,No comparison,
Canada,Buses,BEV,2048,3567.246837086139,5.6752374182090595,Current Measures,Vehicle body,BEV,Aluminum,127302.0,2577.22551845144,No comparison,
Canada,Buses,BEV,2048,3567.246837086139,5.6752374182090595,Current Measures,Vehicle body,BEV,Chromium,11850.0,239.9029268483572,No comparison,
Canada,Buses,BEV,2048,3567.246837086139,5.6752374182090595,Current Measures,Vehicle body,BEV,Iron,902171.34,18264.43417592442,No comparison,
Canada,Buses,BEV,2048,3567.246837086139,5.6752374182090595,Current Measures,Vehicle body,BEV,Lead,310.0,6.275941546243943,No comparison,
Canada,Buses,BEV,2048,3567.246837086139,5.6752374182090595,Current Measures,Vehicle body,BEV,Zinc,100.0,2.0244972729819173,No comparison,
Canada,Cars,BEV,2048,3227509.043077935,1.0,Current Measures,Vehicle body,BEV,Aluminum,127302.0,410868.35620190727,No comparison,
Canada,Cars,BEV,2048,3227509.043077935,1.0,Current Measures,Vehicle body,BEV,Chromium,11850.0,38245.982160473526,No comparison,
Canada,Cars,BEV,2048,3227509.043077935,1.0,Current Measures,Vehicle body,BEV,Iron,902171.34,2911766.158255738,No comparison,
Canada,Cars,BEV,2048,3227509.043077935,1.0,Current Measures,Vehicle body,BEV,Lead,310.0,1000.5278033541598,No comparison,
Canada,Cars,BEV,2048,3227509.043077935,1.0,Current Measures,Vehicle body,BEV,Zinc,100.0,322.7509043077935,No comparison,
Canada,Trucks,BEV,2048,33973.77940082037,3.6892781241792854,Current Measures,Vehicle body,BEV,Aluminum,127302.0,15955.869878454727,No comparison,
Canada,Trucks,BEV,2048,33973.77940082037,3.6892781241792854,Current Measures,Vehicle body,BEV,Chromium,11850.0,1485.263845498802,No comparison,
Canada,Trucks,BEV,2048,33973.77940082037,3.6892781241792854,Current Measures,Vehicle body,BEV,Iron,902171.34,113077.00200398374,No comparison,
Canada,Trucks,BEV,2048,33973.77940082037,3.6892781241792854,Current Measures,Vehicle body,BEV,Lead,310.0,38.85500355313322,No comparison,
Canada,Trucks,BEV,2048,33973.77940082037,3.6892781241792854,Current Measures,Vehicle body,BEV,Zinc,100.0,12.533872113913942,No comparison,
Canada,Vans,BEV,2048,186855.78670451202,1.9577507575642077,Current Measures,Vehicle body,BEV,Aluminum,127302.0,46569.243114462595,No comparison,
Canada,Vans,BEV,2048,186855.78670451202,1.9577507575642077,Current Measures,Vehicle body,BEV,Chromium,11850.0,4334.932137015771,No comparison,
Canada,Vans,BEV,2048,186855.78670451202,1.9577507575642077,Current Measures,Vehicle body,BEV,Iron,902171.34,330029.6653890786,No comparison,
Canada,Vans,BEV,2048,186855.78670451202,1.9577507575642077,Current Measures,Vehicle body,BEV,Lead,310.0,113.40328797256447,No comparison,
Canada,Vans,BEV,2048,186855.78670451202,1.9577507575642077,Current Measures,Vehicle body,BEV,Zinc,100.0,36.581705797601444,No comparison,
Canada,Buses,FCEV,2048,220.8295661053324,5.6752374182090595,Current Measures,Vehicle body,ICEV,Aluminum,71300.0,89.35745344413995,No comparison,
Canada,Buses,FCEV,2048,220.8295661053324,5.6752374182090595,Current Measures,Vehicle body,ICEV,Iron,902171.34,1130.6554489857974,No comparison,
Canada,Buses,FCEV,2048,220.8295661053324,5.6752374182090595,Current Measures,Vehicle body,ICEV,Lead,300.0,0.37597806498235603,No comparison,
Canada,Buses,FCEV,2048,220.8295661053324,5.6752374182090595,Current Measures,Vehicle body,ICEV,Zinc,100.0,0.12532602166078533,No comparison,
Canada,Cars,FCEV,2048,339.7377940082037,1.0,Current Measures,Vehicle body,ICEV,Aluminum,71300.0,24.223304712784923,No comparison,
Canada,Cars,FCEV,2048,339.7377940082037,1.0,Current Measures,Vehicle body,ICEV,Iron,902171.34,306.5017008690251,No comparison,
Canada,Cars,FCEV,2048,339.7377940082037,1.0,Current Measures,Vehicle body,ICEV,Lead,300.0,0.1019213382024611,No comparison,
Canada,Cars,FCEV,2048,339.7377940082037,1.0,Current Measures,Vehicle body,ICEV,Zinc,100.0,0.03397377940082037,No comparison,
Canada,Trucks,FCEV,2048,101.9213382024611,3.6892781241792854,Current Measures,Vehicle body,ICEV,Aluminum,71300.0,26.809952451661918,No comparison,
Canada,Trucks,FCEV,2048,101.9213382024611,3.6892781241792854,Current Measures,Vehicle body,ICEV,Iron,902171.34,339.23100601195114,No comparison,
Canada,Trucks,FCEV,2048,101.9213382024611,3.6892781241792854,Current Measures,Vehicle body,ICEV,Lead,300.0,0.11280484902522547,No comparison,
Canada,Trucks,FCEV,2048,101.9213382024611,3.6892781241792854,Current Measures,Vehicle body,ICEV,Zinc,100.0,0.03760161634174182,No comparison,
Canada,Cars,PHEV,2048,1053187.1614254315,1.0,Current Measures,Vehicle body,PHEV,Aluminum,110658.0,116543.5849090154,No comparison,
Canada,Cars,PHEV,2048,1053187.1614254315,1.0,Current Measures,Vehicle body,PHEV,Chromium,12789.0,13469.210607469842,No comparison,
Canada,Cars,PHEV,2048,1053187.1614254315,1.0,Current Measures,Vehicle body,PHEV,Iron,902171.34,950155.2726939778,No comparison,
Canada,Cars,PHEV,2048,1053187.1614254315,1.0,Current Measures,Vehicle body,PHEV,Lead,320.0,337.01989165613804,No comparison,
Canada,Cars,PHEV,2048,1053187.1614254315,1.0,Current Measures,Vehicle body,PHEV,Zinc,100.0,105.31871614254315,No comparison,
Canada,Vans,PHEV,2048,108716.09408262518,1.9577507575642077,Current Measures,Vehicle body,PHEV,Aluminum,110658.0,23552.339782696614,No comparison,
Canada,Vans,PHEV,2048,108716.09408262518,1.9577507575642077,Current Measures,Vehicle body,PHEV,Chromium,12789.0,2721.998169864872,No comparison,
Canada,Vans,PHEV,2048,108716.09408262518,1.9577507575642077,Current Measures,Vehicle body,PHEV,Iron,902171.34,192017.25986273662,No comparison,
Canada,Vans,PHEV,2048,108716.09408262518,1.9577507575642077,Current Measures,Vehicle body,PHEV,Lead,320.0,68.10848497589795,No comparison,
Canada,Vans,PHEV,2048,108716.09408262518,1.9577507575642077,Current Measures,Vehicle body,PHEV,Zinc,100.0,21.28390155496811,No comparison,
Canada,2 and 3 wheelers,BEV,2049,2967.845930182246,0.09808569078889517,Current Measures,Vehicle body,BEV,Aluminum,127302.0,37.058021885452476,No comparison,
Canada,2 and 3 wheelers,BEV,2049,2967.845930182246,0.09808569078889517,Current Measures,Vehicle body,BEV,Chromium,11850.0,3.4495731358707,No comparison,
Canada,2 and 3 wheelers,BEV,2049,2967.845930182246,0.09808569078889517,Current Measures,Vehicle body,BEV,Iron,902171.34,262.6249804570862,No comparison,
Canada,2 and 3 wheelers,BEV,2049,2967.845930182246,0.09808569078889517,Current Measures,Vehicle body,BEV,Lead,310.0,0.0902419976472504,No comparison,
Canada,2 and 3 wheelers,BEV,2049,2967.845930182246,0.09808569078889517,Current Measures,Vehicle body,BEV,Zinc,100.0,0.029110321821693673,No comparison,
Canada,Buses,BEV,2049,3666.162619636892,5.6752374182090595,Current Measures,Vehicle body,BEV,Aluminum,127302.0,2648.689112256356,No comparison,
Canada,Buses,BEV,2049,3666.162619636892,5.6752374182090595,Current Measures,Vehicle body,BEV,Chromium,11850.0,246.55516787040122,No comparison,
Canada,Buses,BEV,2049,3666.162619636892,5.6752374182090595,Current Measures,Vehicle body,BEV,Iron,902171.34,18770.886597600405,No comparison,
Canada,Buses,BEV,2049,3666.162619636892,5.6752374182090595,Current Measures,Vehicle body,BEV,Lead,310.0,6.449966416862818,No comparison,
Canada,Buses,BEV,2049,3666.162619636892,5.6752374182090595,Current Measures,Vehicle body,BEV,Zinc,100.0,2.0806343280202637,No comparison,
Canada,Cars,BEV,2049,3317004.274909569,1.0,Current Measures,Vehicle body,BEV,Aluminum,127302.0,422261.278204538,No comparison,
Canada,Cars,BEV,2049,3317004.274909569,1.0,Current Measures,Vehicle body,BEV,Chromium,11850.0,39306.50065767839,No comparison,
Canada,Cars,BEV,2049,3317004.274909569,1.0,Current Measures,Vehicle body,BEV,Iron,902171.34,2992506.191480894,No comparison,
Canada,Cars,BEV,2049,3317004.274909569,1.0,Current Measures,Vehicle body,BEV,Lead,310.0,1028.2713252219664,No comparison,
Canada,Cars,BEV,2049,3317004.274909569,1.0,Current Measures,Vehicle body,BEV,Zinc,100.0,331.7004274909569,No comparison,
Canada,Trucks,BEV,2049,34915.834472732306,3.6892781241792854,Current Measures,Vehicle body,BEV,Aluminum,127302.0,16398.308382820895,No comparison,
Canada,Trucks,BEV,2049,34915.834472732306,3.6892781241792854,Current Measures,Vehicle body,BEV,Chromium,11850.0,1526.4485580464377,No comparison,
Canada,Trucks,BEV,2049,34915.834472732306,3.6892781241792854,Current Measures,Vehicle body,BEV,Iron,902171.34,116212.50135475297,No comparison,
Canada,Trucks,BEV,2049,34915.834472732306,3.6892781241792854,Current Measures,Vehicle body,BEV,Lead,310.0,39.93240953539205,No comparison,
Canada,Trucks,BEV,2049,34915.834472732306,3.6892781241792854,Current Measures,Vehicle body,BEV,Zinc,100.0,12.881422430771627,No comparison,
Canada,Vans,BEV,2049,192037.08960002768,1.9577507575642077,Current Measures,Vehicle body,BEV,Aluminum,127302.0,47860.55636970849,No comparison,
Canada,Vans,BEV,2049,192037.08960002768,1.9577507575642077,Current Measures,Vehicle body,BEV,Chromium,11850.0,4455.134978091825,No comparison,
Canada,Vans,BEV,2049,192037.08960002768,1.9577507575642077,Current Measures,Vehicle body,BEV,Iron,902171.34,339181.0205118964,No comparison,
Canada,Vans,BEV,2049,192037.08960002768,1.9577507575642077,Current Measures,Vehicle body,BEV,Lead,310.0,116.54783486991275,No comparison,
Canada,Vans,BEV,2049,192037.08960002768,1.9577507575642077,Current Measures,Vehicle body,BEV,Zinc,100.0,37.596075764487985,No comparison,
Canada,Buses,FCEV,2049,226.95292407276,5.6752374182090595,Current Measures,Vehicle body,ICEV,Aluminum,71300.0,91.8352361258087,No comparison,
Canada,Buses,FCEV,2049,226.95292407276,5.6752374182090595,Current Measures,Vehicle body,ICEV,Iron,902171.34,1162.0072655657395,No comparison,
Canada,Buses,FCEV,2049,226.95292407276,5.6752374182090595,Current Measures,Vehicle body,ICEV,Lead,300.0,0.38640351806090617,No comparison,
Canada,Buses,FCEV,2049,226.95292407276,5.6752374182090595,Current Measures,Vehicle body,ICEV,Zinc,100.0,0.12880117268696872,No comparison,
Canada,Cars,FCEV,2049,349.1583447273231,1.0,Current Measures,Vehicle body,ICEV,Aluminum,71300.0,24.894989979058135,No comparison,
Canada,Cars,FCEV,2049,349.1583447273231,1.0,Current Measures,Vehicle body,ICEV,Iron,902171.34,315.00065173483097,No comparison,
Canada,Cars,FCEV,2049,349.1583447273231,1.0,Current Measures,Vehicle body,ICEV,Lead,300.0,0.10474750341819693,No comparison,
Canada,Cars,FCEV,2049,349.1583447273231,1.0,Current Measures,Vehicle body,ICEV,Zinc,100.0,0.034915834472732304,No comparison,
Canada,Trucks,FCEV,2049,104.74750341819691,3.6892781241792854,Current Measures,Vehicle body,ICEV,Aluminum,71300.0,27.553362579420508,No comparison,
Canada,Trucks,FCEV,2049,104.74750341819691,3.6892781241792854,Current Measures,Vehicle body,ICEV,Iron,902171.34,348.63750406425885,No comparison,
Canada,Trucks,FCEV,2049,104.74750341819691,3.6892781241792854,Current Measures,Vehicle body,ICEV,Lead,300.0,0.11593280187694463,No comparison,
Canada,Trucks,FCEV,2049,104.74750341819691,3.6892781241792854,Current Measures,Vehicle body,ICEV,Zinc,100.0,0.03864426729231488,No comparison,
Canada,Cars,PHEV,2049,1082390.8686547016,1.0,Current Measures,Vehicle body,PHEV,Aluminum,110658.0,119775.20874359198,No comparison,
Canada,Cars,PHEV,2049,1082390.8686547016,1.0,Current Measures,Vehicle body,PHEV,Chromium,12789.0,13842.696819224979,No comparison,
Canada,Cars,PHEV,2049,1082390.8686547016,1.0,Current Measures,Vehicle body,PHEV,Iron,902171.34,976502.0203779761,No comparison,
Canada,Cars,PHEV,2049,1082390.8686547016,1.0,Current Measures,Vehicle body,PHEV,Lead,320.0,346.3650779695045,No comparison,
Canada,Cars,PHEV,2049,1082390.8686547016,1.0,Current Measures,Vehicle body,PHEV,Zinc,100.0,108.23908686547016,No comparison,
Canada,Vans,PHEV,2049,111730.67031274339,1.9577507575642077,Current Measures,Vehicle body,PHEV,Aluminum,110658.0,24205.419938599047,No comparison,
Canada,Vans,PHEV,2049,111730.67031274339,1.9577507575642077,Current Measures,Vehicle body,PHEV,Chromium,12789.0,2797.476148084578,No comparison,
Canada,Vans,PHEV,2049,111730.67031274339,1.9577507575642077,Current Measures,Vehicle body,PHEV,Iron,902171.34,197341.68466146704,No comparison,
Canada,Vans,PHEV,2049,111730.67031274339,1.9577507575642077,Current Measures,Vehicle body,PHEV,Lead,320.0,69.99705742333764,No comparison,
Canada,Vans,PHEV,2049,111730.67031274339,1.9577507575642077,Current Measures,Vehicle body,PHEV,Zinc,100.0,21.874080444793012,No comparison,
Canada,2 and 3 wheelers,BEV,2050,3043.2689212343585,0.09808569078889517,Current Measures,Vehicle body,BEV,Aluminum,127302.0,37.99979141083476,No comparison,
Canada,2 and 3 wheelers,BEV,2050,3043.2689212343585,0.09808569078889517,Current Measures,Vehicle body,BEV,Chromium,11850.0,3.537238442588427,No comparison,
Canada,2 and 3 wheelers,BEV,2050,3043.2689212343585,0.09808569078889517,Current Measures,Vehicle body,BEV,Iron,902171.34,269.2991684092417,No comparison,
Canada,2 and 3 wheelers,BEV,2050,3043.2689212343585,0.09808569078889517,Current Measures,Vehicle body,BEV,Lead,310.0,0.09253535166265084,No comparison,
Canada,2 and 3 wheelers,BEV,2050,3043.2689212343585,0.09808569078889517,Current Measures,Vehicle body,BEV,Zinc,100.0,0.029850113439564785,No comparison,
Canada,Buses,BEV,2050,3759.3321968189134,5.6752374182090595,Current Measures,Vehicle body,BEV,Aluminum,127302.0,2716.001250390586,No comparison,
Canada,Buses,BEV,2050,3759.3321968189134,5.6752374182090595,Current Measures,Vehicle body,BEV,Chromium,11850.0,252.82096759774743,No comparison,
Canada,Buses,BEV,2050,3759.3321968189134,5.6752374182090595,Current Measures,Vehicle body,BEV,Iron,902171.34,19247.918237785347,No comparison,
Canada,Buses,BEV,2050,3759.3321968189134,5.6752374182090595,Current Measures,Vehicle body,BEV,Lead,310.0,6.613881852768076,No comparison,
Canada,Buses,BEV,2050,3759.3321968189134,5.6752374182090595,Current Measures,Vehicle body,BEV,Zinc,100.0,2.133510275086476,No comparison,
Canada,Cars,BEV,2050,3401300.5590266357,1.0,Current Measures,Vehicle body,BEV,Aluminum,127302.0,432992.3637652088,No comparison,
Canada,Cars,BEV,2050,3401300.5590266357,1.0,Current Measures,Vehicle body,BEV,Chromium,11850.0,40305.41162446563,No comparison,
Canada,Cars,BEV,2050,3401300.5590266357,1.0,Current Measures,Vehicle body,BEV,Iron,902171.34,3068555.883079809,No comparison,
Canada,Cars,BEV,2050,3401300.5590266357,1.0,Current Measures,Vehicle body,BEV,Lead,310.0,1054.4031732982571,No comparison,
Canada,Cars,BEV,2050,3401300.5590266357,1.0,Current Measures,Vehicle body,BEV,Zinc,100.0,340.13005590266357,No comparison,
Canada,Trucks,BEV,2050,35803.16377922775,3.6892781241792854,Current Measures,Vehicle body,BEV,Aluminum,127302.0,16815.04479553331,No comparison,
Canada,Trucks,BEV,2050,35803.16377922775,3.6892781241792854,Current Measures,Vehicle body,BEV,Chromium,11850.0,1565.24077254929,No comparison,
Canada,Trucks,BEV,2050,35803.16377922775,3.6892781241792854,Current Measures,Vehicle body,BEV,Iron,902171.34,119165.85360282093,No comparison,
Canada,Trucks,BEV,2050,35803.16377922775,3.6892781241792854,Current Measures,Vehicle body,BEV,Lead,310.0,40.94722696120506,No comparison,
Canada,Trucks,BEV,2050,35803.16377922775,3.6892781241792854,Current Measures,Vehicle body,BEV,Zinc,100.0,13.208782890711309,No comparison,
Canada,Vans,BEV,2050,196917.4007857526,1.9577507575642077,Current Measures,Vehicle body,BEV,Aluminum,127302.0,49076.85478941789,No comparison,
Canada,Vans,BEV,2050,196917.4007857526,1.9577507575642077,Current Measures,Vehicle body,BEV,Chromium,11850.0,4568.3550082057,No comparison,
Canada,Vans,BEV,2050,196917.4007857526,1.9577507575642077,Current Measures,Vehicle body,BEV,Iron,902171.34,347800.75606317696,No comparison,
Canada,Vans,BEV,2050,196917.4007857526,1.9577507575642077,Current Measures,Vehicle body,BEV,Lead,310.0,119.50970907542337,No comparison,
Canada,Vans,BEV,2050,196917.4007857526,1.9577507575642077,Current Measures,Vehicle body,BEV,Zinc,100.0,38.55151905658819,No comparison,
Canada,Buses,FCEV,2050,232.72056456498035,5.6752374182090595,Current Measures,Vehicle body,ICEV,Aluminum,71300.0,94.16907971322165,No comparison,
Canada,Buses,FCEV,2050,232.72056456498035,5.6752374182090595,Current Measures,Vehicle body,ICEV,Iron,902171.34,1191.5377956724262,No comparison,
Canada,Buses,FCEV,2050,232.72056456498035,5.6752374182090595,Current Measures,Vehicle body,ICEV,Lead,300.0,0.3962233368017742,No comparison,
Canada,Buses,FCEV,2050,232.72056456498035,5.6752374182090595,Current Measures,Vehicle body,ICEV,Zinc,100.0,0.1320744456005914,No comparison,
Canada,Cars,FCEV,2050,358.0316377922775,1.0,Current Measures,Vehicle body,ICEV,Aluminum,71300.0,25.527655774589388,No comparison,
Canada,Cars,FCEV,2050,358.0316377922775,1.0,Current Measures,Vehicle body,ICEV,Iron,902171.34,323.0058824294536,No comparison,
Canada,Cars,FCEV,2050,358.0316377922775,1.0,Current Measures,Vehicle body,ICEV,Lead,300.0,0.10740949133768324,No comparison,
Canada,Cars,FCEV,2050,358.0316377922775,1.0,Current Measures,Vehicle body,ICEV,Zinc,100.0,0.035803163779227744,No comparison,
Canada,Trucks,FCEV,2050,107.40949133768324,3.6892781241792854,Current Measures,Vehicle body,ICEV,Aluminum,71300.0,28.253586603231483,No comparison,
Canada,Trucks,FCEV,2050,107.40949133768324,3.6892781241792854,Current Measures,Vehicle body,ICEV,Iron,902171.34,357.49756080846277,No comparison,
Canada,Trucks,FCEV,2050,107.40949133768324,3.6892781241792854,Current Measures,Vehicle body,ICEV,Lead,300.0,0.11887904601640176,No comparison,
Canada,Trucks,FCEV,2050,107.40949133768324,3.6892781241792854,Current Measures,Vehicle body,ICEV,Zinc,100.0,0.03962634867213392,No comparison,
Canada,Cars,PHEV,2050,1109898.0771560601,1.0,Current Measures,Vehicle body,PHEV,Aluminum,110658.0,122819.10142193531,No comparison,
Canada,Cars,PHEV,2050,1109898.0771560601,1.0,Current Measures,Vehicle body,PHEV,Chromium,12789.0,14194.486508748854,No comparison,
Canada,Cars,PHEV,2050,1109898.0771560601,1.0,Current Measures,Vehicle body,PHEV,Iron,902171.34,1001318.2355313061,No comparison,
Canada,Cars,PHEV,2050,1109898.0771560601,1.0,Current Measures,Vehicle body,PHEV,Lead,320.0,355.16738468993924,No comparison,
Canada,Cars,PHEV,2050,1109898.0771560601,1.0,Current Measures,Vehicle body,PHEV,Zinc,100.0,110.98980771560602,No comparison,
Canada,Vans,PHEV,2050,114570.12409352878,1.9577507575642077,Current Measures,Vehicle body,PHEV,Aluminum,110658.0,24820.56142989926,No comparison,
Canada,Vans,PHEV,2050,114570.12409352878,1.9577507575642077,Current Measures,Vehicle body,PHEV,Chromium,12789.0,2868.5694674310184,No comparison,
Canada,Vans,PHEV,2050,114570.12409352878,1.9577507575642077,Current Measures,Vehicle body,PHEV,Iron,902171.34,202356.8035276666,No comparison,
Canada,Vans,PHEV,2050,114570.12409352878,1.9577507575642077,Current Measures,Vehicle body,PHEV,Lead,320.0,71.775919116266,No comparison,
Canada,Vans,PHEV,2050,114570.12409352878,1.9577507575642077,Current Measures,Vehicle body,PHEV,Zinc,100.0,22.429974723833126,No comparison,
Canada,2 and 3 wheelers,BEV,2024,170.0,0.09808569078889517,Canada Net-zero,Vehicle body,BEV,Aluminum,127302.0,2.122705783497349,No comparison,
Canada,2 and 3 wheelers,BEV,2024,170.0,0.09808569078889517,Canada Net-zero,Vehicle body,BEV,Chromium,11850.0,0.19759362409422934,No comparison,
Canada,2 and 3 wheelers,BEV,2024,170.0,0.09808569078889517,Canada Net-zero,Vehicle body,BEV,Iron,902171.34,15.043316845953347,No comparison,
Canada,2 and 3 wheelers,BEV,2024,170.0,0.09808569078889517,Canada Net-zero,Vehicle body,BEV,Lead,310.0,0.005169115904574776,No comparison,
Canada,2 and 3 wheelers,BEV,2024,170.0,0.09808569078889517,Canada Net-zero,Vehicle body,BEV,Zinc,100.0,0.0016674567434112179,No comparison,
Canada,Buses,BEV,2024,210.0,5.6752374182090595,Canada Net-zero,Vehicle body,BEV,Aluminum,127302.0,151.71850550069846,No comparison,
Canada,Buses,BEV,2024,210.0,5.6752374182090595,Canada Net-zero,Vehicle body,BEV,Chromium,11850.0,14.122828315213246,No comparison,
Canada,Buses,BEV,2024,210.0,5.6752374182090595,Canada Net-zero,Vehicle body,BEV,Iron,902171.34,1075.2076747447995,No comparison,
Canada,Buses,BEV,2024,210.0,5.6752374182090595,Canada Net-zero,Vehicle body,BEV,Lead,310.0,0.3694579559254098,No comparison,
Canada,Buses,BEV,2024,210.0,5.6752374182090595,Canada Net-zero,Vehicle body,BEV,Zinc,100.0,0.11917998578239025,No comparison,
Canada,Cars,BEV,2024,190000.0,1.0,Canada Net-zero,Vehicle body,BEV,Aluminum,127302.0,24187.38,No comparison,
Canada,Cars,BEV,2024,190000.0,1.0,Canada Net-zero,Vehicle body,BEV,Chromium,11850.0,2251.5,No comparison,
Canada,Cars,BEV,2024,190000.0,1.0,Canada Net-zero,Vehicle body,BEV,Iron,902171.34,171412.5546,No comparison,
Canada,Cars,BEV,2024,190000.0,1.0,Canada Net-zero,Vehicle body,BEV,Lead,310.0,58.9,No comparison,
Canada,Cars,BEV,2024,190000.0,1.0,Canada Net-zero,Vehicle body,BEV,Zinc,100.0,19.0,No comparison,
Canada,Trucks,BEV,2024,2000.0,3.6892781241792854,Canada Net-zero,Vehicle body,BEV,Aluminum,127302.0,939.3049675285428,No comparison,
Canada,Trucks,BEV,2024,2000.0,3.6892781241792854,Canada Net-zero,Vehicle body,BEV,Chromium,11850.0,87.43589154304907,No comparison,
Canada,Trucks,BEV,2024,2000.0,3.6892781241792854,Canada Net-zero,Vehicle body,BEV,Iron,902171.34,6656.721977847025,No comparison,
Canada,Trucks,BEV,2024,2000.0,3.6892781241792854,Canada Net-zero,Vehicle body,BEV,Lead,310.0,2.287352436991157,No comparison,
Canada,Trucks,BEV,2024,2000.0,3.6892781241792854,Canada Net-zero,Vehicle body,BEV,Zinc,100.0,0.7378556248358571,No comparison,
Canada,Vans,BEV,2024,11000.0,1.9577507575642077,Canada Net-zero,Vehicle body,BEV,Aluminum,127302.0,2741.4814563338264,No comparison,
Canada,Vans,BEV,2024,11000.0,1.9577507575642077,Canada Net-zero,Vehicle body,BEV,Chromium,11850.0,255.19281124849448,No comparison,
Canada,Vans,BEV,2024,11000.0,1.9577507575642077,Canada Net-zero,Vehicle body,BEV,Iron,902171.34,19428.492867714882,No comparison,
Canada,Vans,BEV,2024,11000.0,1.9577507575642077,Canada Net-zero,Vehicle body,BEV,Lead,310.0,6.675930083293948,No comparison,
Canada,Vans,BEV,2024,11000.0,1.9577507575642077,Canada Net-zero,Vehicle body,BEV,Zinc,100.0,2.153525833320628,No comparison,
Canada,Buses,FCEV,2024,13.0,5.6752374182090595,Canada Net-zero,Vehicle body,ICEV,Aluminum,71300.0,5.260377562937977,No comparison,
Canada,Buses,FCEV,2024,13.0,5.6752374182090595,Canada Net-zero,Vehicle body,ICEV,Iron,902171.34,66.5604751032495,No comparison,
Canada,Buses,FCEV,2024,13.0,5.6752374182090595,Canada Net-zero,Vehicle body,ICEV,Lead,300.0,0.022133425931015333,No comparison,
Canada,Buses,FCEV,2024,13.0,5.6752374182090595,Canada Net-zero,Vehicle body,ICEV,Zinc,100.0,0.007377808643671777,No comparison,
Canada,Cars,FCEV,2024,20.0,1.0,Canada Net-zero,Vehicle body,ICEV,Aluminum,71300.0,1.426,No comparison,
Canada,Cars,FCEV,2024,20.0,1.0,Canada Net-zero,Vehicle body,ICEV,Iron,902171.34,18.043426800000002,No comparison,
Canada,Cars,FCEV,2024,20.0,1.0,Canada Net-zero,Vehicle body,ICEV,Lead,300.0,0.006,No comparison,
Canada,Cars,FCEV,2024,20.0,1.0,Canada Net-zero,Vehicle body,ICEV,Zinc,100.0,0.002,No comparison,
Canada,Trucks,FCEV,2024,6.0,3.6892781241792854,Canada Net-zero,Vehicle body,ICEV,Aluminum,71300.0,1.5782731815238984,No comparison,
Canada,Trucks,FCEV,2024,6.0,3.6892781241792854,Canada Net-zero,Vehicle body,ICEV,Iron,902171.34,19.970165933541075,No comparison,
Canada,Trucks,FCEV,2024,6.0,3.6892781241792854,Canada Net-zero,Vehicle body,ICEV,Lead,300.0,0.006640700623522714,No comparison,
Canada,Trucks,FCEV,2024,6.0,3.6892781241792854,Canada Net-zero,Vehicle body,ICEV,Zinc,100.0,0.0022135668745075715,No comparison,
Canada,Cars,PHEV,2024,62000.0,1.0,Canada Net-zero,Vehicle body,PHEV,Aluminum,110658.0,6860.796,No comparison,
Canada,Cars,PHEV,2024,62000.0,1.0,Canada Net-zero,Vehicle body,PHEV,Chromium,12789.0,792.918,No comparison,
Canada,Cars,PHEV,2024,62000.0,1.0,Canada Net-zero,Vehicle body,PHEV,Iron,902171.34,55934.62308,No comparison,
Canada,Cars,PHEV,2024,62000.0,1.0,Canada Net-zero,Vehicle body,PHEV,Lead,320.0,19.84,No comparison,
Canada,Cars,PHEV,2024,62000.0,1.0,Canada Net-zero,Vehicle body,PHEV,Zinc,100.0,6.2,No comparison,
Canada,Vans,PHEV,2024,6400.0,1.9577507575642077,Canada Net-zero,Vehicle body,PHEV,Aluminum,110658.0,1386.5010133154567,No comparison,
Canada,Vans,PHEV,2024,6400.0,1.9577507575642077,Canada Net-zero,Vehicle body,PHEV,Chromium,12789.0,160.24111640632736,No comparison,
Canada,Vans,PHEV,2024,6400.0,1.9577507575642077,Canada Net-zero,Vehicle body,PHEV,Iron,902171.34,11303.850395761385,No comparison,
Canada,Vans,PHEV,2024,6400.0,1.9577507575642077,Canada Net-zero,Vehicle body,PHEV,Lead,320.0,4.009473551491497,No comparison,
Canada,Vans,PHEV,2024,6400.0,1.9577507575642077,Canada Net-zero,Vehicle body,PHEV,Zinc,100.0,1.252960484841093,No comparison,
Canada,2 and 3 wheelers,BEV,2025,270.0108876383884,0.09808569078889517,Canada Net-zero,Vehicle body,BEV,Aluminum,127302.0,3.3714921929250576,No comparison,
Canada,2 and 3 wheelers,BEV,2025,270.0108876383884,0.09808569078889517,Canada Net-zero,Vehicle body,BEV,Chromium,11850.0,0.3138378225492289,No comparison,
Canada,2 and 3 wheelers,BEV,2025,270.0108876383884,0.09808569078889517,Canada Net-zero,Vehicle body,BEV,Iron,902171.34,23.893290203537553,No comparison,
Canada,2 and 3 wheelers,BEV,2025,270.0108876383884,0.09808569078889517,Canada Net-zero,Vehicle body,BEV,Lead,310.0,0.008210103374705565,No comparison,
Canada,2 and 3 wheelers,BEV,2025,270.0108876383884,0.09808569078889517,Canada Net-zero,Vehicle body,BEV,Zinc,100.0,0.002648420443453408,No comparison,
Canada,Buses,BEV,2025,333.54286120036215,5.6752374182090595,Canada Net-zero,Vehicle body,BEV,Aluminum,127302.0,240.97440200831355,No comparison,
Canada,Buses,BEV,2025,333.54286120036215,5.6752374182090595,Canada Net-zero,Vehicle body,BEV,Chromium,11850.0,22.43127887856055,No comparison,
Canada,Buses,BEV,2025,333.54286120036215,5.6752374182090595,Canada Net-zero,Vehicle body,BEV,Iron,902171.34,1707.7516391379468,No comparison,
Canada,Buses,BEV,2025,333.54286120036215,5.6752374182090595,Canada Net-zero,Vehicle body,BEV,Lead,310.0,0.5868098272028499,No comparison,
Canada,Buses,BEV,2025,333.54286120036215,5.6752374182090595,Canada Net-zero,Vehicle body,BEV,Zinc,100.0,0.1892934926460806,No comparison,
Canada,Cars,BEV,2025,301776.87441937526,1.0,Canada Net-zero,Vehicle body,BEV,Aluminum,127302.0,38416.79966733531,No comparison,
Canada,Cars,BEV,2025,301776.87441937526,1.0,Canada Net-zero,Vehicle body,BEV,Chromium,11850.0,3576.055961869597,No comparison,
Canada,Cars,BEV,2025,301776.87441937526,1.0,Canada Net-zero,Vehicle body,BEV,Iron,902171.34,272254.4471759395,No comparison,
Canada,Cars,BEV,2025,301776.87441937526,1.0,Canada Net-zero,Vehicle body,BEV,Lead,310.0,93.55083107000632,No comparison,
Canada,Cars,BEV,2025,301776.87441937526,1.0,Canada Net-zero,Vehicle body,BEV,Zinc,100.0,30.177687441937525,No comparison,
Canada,Trucks,BEV,2025,3176.5986780986873,3.6892781241792854,Canada Net-zero,Vehicle body,BEV,Aluminum,127302.0,1491.8974590913497,No comparison,
Canada,Trucks,BEV,2025,3176.5986780986873,3.6892781241792854,Canada Net-zero,Vehicle body,BEV,Chromium,11850.0,138.8743687470149,No comparison,
Canada,Trucks,BEV,2025,3176.5986780986873,3.6892781241792854,Canada Net-zero,Vehicle body,BEV,Iron,902171.34,10572.867117649668,No comparison,
Canada,Trucks,BEV,2025,3176.5986780986873,3.6892781241792854,Canada Net-zero,Vehicle body,BEV,Lead,310.0,3.6330003638459596,No comparison,
Canada,Trucks,BEV,2025,3176.5986780986873,3.6892781241792854,Canada Net-zero,Vehicle body,BEV,Zinc,100.0,1.1719356012406321,No comparison,
Canada,Vans,BEV,2025,17471.29272954278,1.9577507575642077,Canada Net-zero,Vehicle body,BEV,Aluminum,127302.0,4354.293185111049,No comparison,
Canada,Vans,BEV,2025,17471.29272954278,1.9577507575642077,Canada Net-zero,Vehicle body,BEV,Chromium,11850.0,405.32257343612764,No comparison,
Canada,Vans,BEV,2025,17471.29272954278,1.9577507575642077,Canada Net-zero,Vehicle body,BEV,Iron,902171.34,30858.262380516426,No comparison,
Canada,Vans,BEV,2025,17471.29272954278,1.9577507575642077,Canada Net-zero,Vehicle body,BEV,Lead,310.0,10.603375338835408,No comparison,
Canada,Vans,BEV,2025,17471.29272954278,1.9577507575642077,Canada Net-zero,Vehicle body,BEV,Zinc,100.0,3.420443657688841,No comparison,
Canada,Buses,FCEV,2025,20.647891407641467,5.6752374182090595,Canada Net-zero,Vehicle body,ICEV,Aluminum,71300.0,8.355054206364386,No comparison,
Canada,Buses,FCEV,2025,20.647891407641467,5.6752374182090595,Canada Net-zero,Vehicle body,ICEV,Iron,902171.34,105.71795861330146,No comparison,
Canada,Buses,FCEV,2025,20.647891407641467,5.6752374182090595,Canada Net-zero,Vehicle body,ICEV,Lead,300.0,0.03515450577712926,No comparison,
Canada,Buses,FCEV,2025,20.647891407641467,5.6752374182090595,Canada Net-zero,Vehicle body,ICEV,Zinc,100.0,0.011718168592376418,No comparison,
Canada,Cars,FCEV,2025,31.76598678098687,1.0,Canada Net-zero,Vehicle body,ICEV,Aluminum,71300.0,2.264914857484364,No comparison,
Canada,Cars,FCEV,2025,31.76598678098687,1.0,Canada Net-zero,Vehicle body,ICEV,Iron,902171.34,28.65836286062521,No comparison,
Canada,Cars,FCEV,2025,31.76598678098687,1.0,Canada Net-zero,Vehicle body,ICEV,Lead,300.0,0.009529796034296061,No comparison,
Canada,Cars,FCEV,2025,31.76598678098687,1.0,Canada Net-zero,Vehicle body,ICEV,Zinc,100.0,0.003176598678098687,No comparison,
Canada,Trucks,FCEV,2025,9.529796034296062,3.6892781241792854,Canada Net-zero,Vehicle body,ICEV,Aluminum,71300.0,2.5067702510537124,No comparison,
Canada,Trucks,FCEV,2025,9.529796034296062,3.6892781241792854,Canada Net-zero,Vehicle body,ICEV,Iron,902171.34,31.718601352949005,No comparison,
Canada,Trucks,FCEV,2025,9.529796034296062,3.6892781241792854,Canada Net-zero,Vehicle body,ICEV,Lead,300.0,0.01054742041116569,No comparison,
Canada,Trucks,FCEV,2025,9.529796034296062,3.6892781241792854,Canada Net-zero,Vehicle body,ICEV,Zinc,100.0,0.003515806803721897,No comparison,
Canada,Cars,PHEV,2025,98474.5590210593,1.0,Canada Net-zero,Vehicle body,PHEV,Aluminum,110658.0,10896.99775215238,No comparison,
Canada,Cars,PHEV,2025,98474.5590210593,1.0,Canada Net-zero,Vehicle body,PHEV,Chromium,12789.0,1259.3911353203275,No comparison,
Canada,Cars,PHEV,2025,98474.5590210593,1.0,Canada Net-zero,Vehicle body,PHEV,Iron,902171.34,88840.92486793816,No comparison,
Canada,Cars,PHEV,2025,98474.5590210593,1.0,Canada Net-zero,Vehicle body,PHEV,Lead,320.0,31.511858886738978,No comparison,
Canada,Cars,PHEV,2025,98474.5590210593,1.0,Canada Net-zero,Vehicle body,PHEV,Zinc,100.0,9.847455902105931,No comparison,
Canada,Vans,PHEV,2025,10165.1157699158,1.9577507575642077,Canada Net-zero,Vehicle body,PHEV,Aluminum,110658.0,2202.178643040185,No comparison,
Canada,Vans,PHEV,2025,10165.1157699158,1.9577507575642077,Canada Net-zero,Vehicle body,PHEV,Chromium,12789.0,254.5108592766987,No comparison,
Canada,Vans,PHEV,2025,10165.1157699158,1.9577507575642077,Canada Net-zero,Vehicle body,PHEV,Iron,902171.34,17953.898112300467,No comparison,
Canada,Vans,PHEV,2025,10165.1157699158,1.9577507575642077,Canada Net-zero,Vehicle body,PHEV,Lead,320.0,6.3682441917697705,No comparison,
Canada,Vans,PHEV,2025,10165.1157699158,1.9577507575642077,Canada Net-zero,Vehicle body,PHEV,Zinc,100.0,1.990076309928053,No comparison,
Canada,2 and 3 wheelers,BEV,2026,418.67022881792207,0.09808569078889517,Canada Net-zero,Vehicle body,BEV,Aluminum,127302.0,5.227727741705656,No comparison,
Canada,2 and 3 wheelers,BEV,2026,418.67022881792207,0.09808569078889517,Canada Net-zero,Vehicle body,BEV,Chromium,11850.0,0.4866268694852557,No comparison,
Canada,2 and 3 wheelers,BEV,2026,418.67022881792207,0.09808569078889517,Canada Net-zero,Vehicle body,BEV,Iron,902171.34,37.048170035739936,No comparison,
Canada,2 and 3 wheelers,BEV,2026,418.67022881792207,0.09808569078889517,Canada Net-zero,Vehicle body,BEV,Lead,310.0,0.012730323167968714,No comparison,
Canada,2 and 3 wheelers,BEV,2026,418.67022881792207,0.09808569078889517,Canada Net-zero,Vehicle body,BEV,Zinc,100.0,0.00410655586063507,No comparison,
Canada,Buses,BEV,2026,517.1808708927273,5.6752374182090595,Canada Net-zero,Vehicle body,BEV,Aluminum,127302.0,373.6471847875917,No comparison,
Canada,Buses,BEV,2026,517.1808708927273,5.6752374182090595,Canada Net-zero,Vehicle body,BEV,Chromium,11850.0,34.7812221310974,No comparison,
Canada,Buses,BEV,2026,517.1808708927273,5.6752374182090595,Canada Net-zero,Vehicle body,BEV,Iron,902171.34,2647.984960071713,No comparison,
Canada,Buses,BEV,2026,517.1808708927273,5.6752374182090595,Canada Net-zero,Vehicle body,BEV,Lead,310.0,0.9098885114464299,No comparison,
Canada,Buses,BEV,2026,517.1808708927273,5.6752374182090595,Canada Net-zero,Vehicle body,BEV,Zinc,100.0,0.29351242304723546,No comparison,
Canada,Cars,BEV,2026,467925.5498553247,1.0,Canada Net-zero,Vehicle body,BEV,Aluminum,127302.0,59567.858347682544,No comparison,
Canada,Cars,BEV,2026,467925.5498553247,1.0,Canada Net-zero,Vehicle body,BEV,Chromium,11850.0,5544.917765785598,No comparison,
Canada,Cars,BEV,2026,467925.5498553247,1.0,Canada Net-zero,Vehicle body,BEV,Iron,902171.34,422149.020333215,No comparison,
Canada,Cars,BEV,2026,467925.5498553247,1.0,Canada Net-zero,Vehicle body,BEV,Lead,310.0,145.05692045515065,No comparison,
Canada,Cars,BEV,2026,467925.5498553247,1.0,Canada Net-zero,Vehicle body,BEV,Zinc,100.0,46.79255498553247,No comparison,
Canada,Trucks,BEV,2026,4925.532103740259,3.6892781241792854,Canada Net-zero,Vehicle body,BEV,Aluminum,127302.0,2313.28838638227,No comparison,
Canada,Trucks,BEV,2026,4925.532103740259,3.6892781241792854,Canada Net-zero,Vehicle body,BEV,Chromium,11850.0,215.3341454072198,No comparison,
Canada,Trucks,BEV,2026,4925.532103740259,3.6892781241792854,Canada Net-zero,Vehicle body,BEV,Iron,902171.34,16393.948903779437,No comparison,
Canada,Trucks,BEV,2026,4925.532103740259,3.6892781241792854,Canada Net-zero,Vehicle body,BEV,Lead,310.0,5.6332139304842315,No comparison,
Canada,Trucks,BEV,2026,4925.532103740259,3.6892781241792854,Canada Net-zero,Vehicle body,BEV,Zinc,100.0,1.8171657840271713,No comparison,
Canada,Vans,BEV,2026,27090.426570571428,1.9577507575642077,Canada Net-zero,Vehicle body,BEV,Aluminum,127302.0,6751.627462490432,No comparison,
Canada,Vans,BEV,2026,27090.426570571428,1.9577507575642077,Canada Net-zero,Vehicle body,BEV,Chromium,11850.0,628.480192224094,No comparison,
Canada,Vans,BEV,2026,27090.426570571428,1.9577507575642077,Canada Net-zero,Vehicle body,BEV,Iron,902171.34,47847.832673609155,No comparison,
Canada,Vans,BEV,2026,27090.426570571428,1.9577507575642077,Canada Net-zero,Vehicle body,BEV,Lead,310.0,16.441253973794865,No comparison,
Canada,Vans,BEV,2026,27090.426570571428,1.9577507575642077,Canada Net-zero,Vehicle body,BEV,Zinc,100.0,5.303630314127376,No comparison,
Canada,Buses,FCEV,2026,32.01595867431169,5.6752374182090595,Canada Net-zero,Vehicle body,ICEV,Aluminum,71300.0,12.955079282022979,No comparison,
Canada,Buses,FCEV,2026,32.01595867431169,5.6752374182090595,Canada Net-zero,Vehicle body,ICEV,Iron,902171.34,163.92287848062986,No comparison,
Canada,Buses,FCEV,2026,32.01595867431169,5.6752374182090595,Canada Net-zero,Vehicle body,ICEV,Lead,300.0,0.05450944999448659,No comparison,
Canada,Buses,FCEV,2026,32.01595867431169,5.6752374182090595,Canada Net-zero,Vehicle body,ICEV,Zinc,100.0,0.018169816664828864,No comparison,
Canada,Cars,FCEV,2026,49.255321037402595,1.0,Canada Net-zero,Vehicle body,ICEV,Aluminum,71300.0,3.511904389966805,No comparison,
Canada,Cars,FCEV,2026,49.255321037402595,1.0,Canada Net-zero,Vehicle body,ICEV,Iron,902171.34,44.43673898244369,No comparison,
Canada,Cars,FCEV,2026,49.255321037402595,1.0,Canada Net-zero,Vehicle body,ICEV,Lead,300.0,0.01477659631122078,No comparison,
Canada,Cars,FCEV,2026,49.255321037402595,1.0,Canada Net-zero,Vehicle body,ICEV,Zinc,100.0,0.004925532103740259,No comparison,
Canada,Trucks,FCEV,2026,14.776596311220779,3.6892781241792854,Canada Net-zero,Vehicle body,ICEV,Aluminum,71300.0,3.88691761203412,No comparison,
Canada,Trucks,FCEV,2026,14.776596311220779,3.6892781241792854,Canada Net-zero,Vehicle body,ICEV,Iron,902171.34,49.18184671133831,No comparison,
Canada,Trucks,FCEV,2026,14.776596311220779,3.6892781241792854,Canada Net-zero,Vehicle body,ICEV,Lead,300.0,0.016354492056244542,No comparison,
Canada,Trucks,FCEV,2026,14.776596311220779,3.6892781241792854,Canada Net-zero,Vehicle body,ICEV,Zinc,100.0,0.005451497352081514,No comparison,
Canada,Cars,PHEV,2026,152691.49521594803,1.0,Canada Net-zero,Vehicle body,PHEV,Aluminum,110658.0,16896.535477606376,No comparison,
Canada,Cars,PHEV,2026,152691.49521594803,1.0,Canada Net-zero,Vehicle body,PHEV,Chromium,12789.0,1952.7715323167592,No comparison,
Canada,Cars,PHEV,2026,152691.49521594803,1.0,Canada Net-zero,Vehicle body,PHEV,Iron,902171.34,137753.8908455754,No comparison,
Canada,Cars,PHEV,2026,152691.49521594803,1.0,Canada Net-zero,Vehicle body,PHEV,Lead,320.0,48.86127846910337,No comparison,
Canada,Cars,PHEV,2026,152691.49521594803,1.0,Canada Net-zero,Vehicle body,PHEV,Zinc,100.0,15.269149521594803,No comparison,
Canada,Vans,PHEV,2026,15761.702731968831,1.9577507575642077,Canada Net-zero,Vehicle body,PHEV,Aluminum,110658.0,3414.6276264768417,No comparison,
Canada,Vans,PHEV,2026,15761.702731968831,1.9577507575642077,Canada Net-zero,Vehicle body,PHEV,Chromium,12789.0,394.6363815992728,No comparison,
Canada,Vans,PHEV,2026,15761.702731968831,1.9577507575642077,Canada Net-zero,Vehicle body,PHEV,Iron,902171.34,27838.739010099867,No comparison,
Canada,Vans,PHEV,2026,15761.702731968831,1.9577507575642077,Canada Net-zero,Vehicle body,PHEV,Lead,320.0,9.874395348484423,No comparison,
Canada,Vans,PHEV,2026,15761.702731968831,1.9577507575642077,Canada Net-zero,Vehicle body,PHEV,Zinc,100.0,3.0857485464013825,No comparison,
Canada,2 and 3 wheelers,BEV,2027,636.9776744241091,0.09808569078889517,Canada Net-zero,Vehicle body,BEV,Aluminum,127302.0,7.953624667404396,No comparison,
Canada,2 and 3 wheelers,BEV,2027,636.9776744241091,0.09808569078889517,Canada Net-zero,Vehicle body,BEV,Chromium,11850.0,0.7403689832739636,No comparison,
Canada,2 and 3 wheelers,BEV,2027,636.9776744241091,0.09808569078889517,Canada Net-zero,Vehicle body,BEV,Iron,902171.34,56.36621753035521,No comparison,
Canada,2 and 3 wheelers,BEV,2027,636.9776744241091,0.09808569078889517,Canada Net-zero,Vehicle body,BEV,Lead,310.0,0.019368302516027735,No comparison,
Canada,2 and 3 wheelers,BEV,2027,636.9776744241091,0.09808569078889517,Canada Net-zero,Vehicle body,BEV,Zinc,100.0,0.00624783952129927,No comparison,
Canada,Buses,BEV,2027,786.8547742886053,5.6752374182090595,Canada Net-zero,Vehicle body,BEV,Aluminum,127302.0,568.4782400055076,No comparison,
Canada,Buses,BEV,2027,786.8547742886053,5.6752374182090595,Canada Net-zero,Vehicle body,BEV,Chromium,11850.0,52.917213744208766,No comparison,
Canada,Buses,BEV,2027,786.8547742886053,5.6752374182090595,Canada Net-zero,Vehicle body,BEV,Iron,902171.34,4028.7252010699776,No comparison,
Canada,Buses,BEV,2027,786.8547742886053,5.6752374182090595,Canada Net-zero,Vehicle body,BEV,Lead,310.0,1.3843321738991323,No comparison,
Canada,Buses,BEV,2027,786.8547742886053,5.6752374182090595,Canada Net-zero,Vehicle body,BEV,Zinc,100.0,0.4465587657739136,No comparison,
Canada,Cars,BEV,2027,711916.2243563571,1.0,Canada Net-zero,Vehicle body,BEV,Aluminum,127302.0,90628.35919301298,No comparison,
Canada,Cars,BEV,2027,711916.2243563571,1.0,Canada Net-zero,Vehicle body,BEV,Chromium,11850.0,8436.207258622831,No comparison,
Canada,Cars,BEV,2027,711916.2243563571,1.0,Canada Net-zero,Vehicle body,BEV,Iron,902171.34,642270.4140953153,No comparison,
Canada,Cars,BEV,2027,711916.2243563571,1.0,Canada Net-zero,Vehicle body,BEV,Lead,310.0,220.6940295504707,No comparison,
Canada,Cars,BEV,2027,711916.2243563571,1.0,Canada Net-zero,Vehicle body,BEV,Zinc,100.0,71.19162243563572,No comparison,
Canada,Trucks,BEV,2027,7493.8549932248125,3.6892781241792854,Canada Net-zero,Vehicle body,BEV,Aluminum,127302.0,3519.50761053732,No comparison,
Canada,Trucks,BEV,2027,7493.8549932248125,3.6892781241792854,Canada Net-zero,Vehicle body,BEV,Chromium,11850.0,327.6159462134707,No comparison,
Canada,Trucks,BEV,2027,7493.8549932248125,3.6892781241792854,Canada Net-zero,Vehicle body,BEV,Iron,902171.34,24942.254616099137,No comparison,
Canada,Trucks,BEV,2027,7493.8549932248125,3.6892781241792854,Canada Net-zero,Vehicle body,BEV,Lead,310.0,8.570543740605563,No comparison,
Canada,Trucks,BEV,2027,7493.8549932248125,3.6892781241792854,Canada Net-zero,Vehicle body,BEV,Zinc,100.0,2.764691529227601,No comparison,
Canada,Vans,BEV,2027,41216.202462736466,1.9577507575642077,Canada Net-zero,Vehicle body,BEV,Aluminum,127302.0,10272.132250190238,No comparison,
Canada,Vans,BEV,2027,41216.202462736466,1.9577507575642077,Canada Net-zero,Vehicle body,BEV,Chromium,11850.0,956.1889614048036,No comparison,
Canada,Vans,BEV,2027,41216.202462736466,1.9577507575642077,Canada Net-zero,Vehicle body,BEV,Iron,902171.34,72797.1541437789,No comparison,
Canada,Vans,BEV,2027,41216.202462736466,1.9577507575642077,Canada Net-zero,Vehicle body,BEV,Lead,310.0,25.014225994556046,No comparison,
Canada,Vans,BEV,2027,41216.202462736466,1.9577507575642077,Canada Net-zero,Vehicle body,BEV,Zinc,100.0,8.069105159534208,No comparison,
Canada,Buses,FCEV,2027,48.710057455961284,5.6752374182090595,Canada Net-zero,Vehicle body,ICEV,Aluminum,71300.0,19.710253333135267,No comparison,
Canada,Buses,FCEV,2027,48.710057455961284,5.6752374182090595,Canada Net-zero,Vehicle body,ICEV,Iron,902171.34,249.39727435195107,No comparison,
Canada,Buses,FCEV,2027,48.710057455961284,5.6752374182090595,Canada Net-zero,Vehicle body,ICEV,Lead,300.0,0.0829323422151554,No comparison,
Canada,Buses,FCEV,2027,48.710057455961284,5.6752374182090595,Canada Net-zero,Vehicle body,ICEV,Zinc,100.0,0.02764411407171847,No comparison,
Canada,Cars,FCEV,2027,74.93854993224812,1.0,Canada Net-zero,Vehicle body,ICEV,Aluminum,71300.0,5.343118610169292,No comparison,
Canada,Cars,FCEV,2027,74.93854993224812,1.0,Canada Net-zero,Vehicle body,ICEV,Iron,902171.34,67.60741201003319,No comparison,
Canada,Cars,FCEV,2027,74.93854993224812,1.0,Canada Net-zero,Vehicle body,ICEV,Lead,300.0,0.022481564979674438,No comparison,
Canada,Cars,FCEV,2027,74.93854993224812,1.0,Canada Net-zero,Vehicle body,ICEV,Zinc,100.0,0.007493854993224813,No comparison,
Canada,Trucks,FCEV,2027,22.481564979674438,3.6892781241792854,Canada Net-zero,Vehicle body,ICEV,Aluminum,71300.0,5.913675181017838,No comparison,
Canada,Trucks,FCEV,2027,22.481564979674438,3.6892781241792854,Canada Net-zero,Vehicle body,ICEV,Iron,902171.34,74.8267638482974,No comparison,
Canada,Trucks,FCEV,2027,22.481564979674438,3.6892781241792854,Canada Net-zero,Vehicle body,ICEV,Lead,300.0,0.024882223763048404,No comparison,
Canada,Trucks,FCEV,2027,22.481564979674438,3.6892781241792854,Canada Net-zero,Vehicle body,ICEV,Zinc,100.0,0.008294074587682802,No comparison,
Canada,Cars,PHEV,2027,232309.50478996919,1.0,Canada Net-zero,Vehicle body,PHEV,Aluminum,110658.0,25706.90518104841,No comparison,
Canada,Cars,PHEV,2027,232309.50478996919,1.0,Canada Net-zero,Vehicle body,PHEV,Chromium,12789.0,2971.0062567589157,No comparison,
Canada,Cars,PHEV,2027,232309.50478996919,1.0,Canada Net-zero,Vehicle body,PHEV,Iron,902171.34,209582.9772311029,No comparison,
Canada,Cars,PHEV,2027,232309.50478996919,1.0,Canada Net-zero,Vehicle body,PHEV,Lead,320.0,74.33904153279013,No comparison,
Canada,Cars,PHEV,2027,232309.50478996919,1.0,Canada Net-zero,Vehicle body,PHEV,Zinc,100.0,23.230950478996917,No comparison,
Canada,Vans,PHEV,2027,23980.3359783194,1.9577507575642077,Canada Net-zero,Vehicle body,PHEV,Aluminum,110658.0,5195.118770872648,No comparison,
Canada,Vans,PHEV,2027,23980.3359783194,1.9577507575642077,Canada Net-zero,Vehicle body,PHEV,Chromium,12789.0,600.4118451507373,No comparison,
Canada,Vans,PHEV,2027,23980.3359783194,1.9577507575642077,Canada Net-zero,Vehicle body,PHEV,Iron,902171.34,42354.70786547136,No comparison,
Canada,Vans,PHEV,2027,23980.3359783194,1.9577507575642077,Canada Net-zero,Vehicle body,PHEV,Lead,320.0,15.02320669702369,No comparison,
Canada,Vans,PHEV,2027,23980.3359783194,1.9577507575642077,Canada Net-zero,Vehicle body,PHEV,Zinc,100.0,4.694752092819903,No comparison,
Canada,2 and 3 wheelers,BEV,2028,901.4469316386487,0.09808569078889517,Canada Net-zero,Vehicle body,BEV,Aluminum,127302.0,11.255921266501757,No comparison,
Canada,2 and 3 wheelers,BEV,2028,901.4469316386487,0.09808569078889517,Canada Net-zero,Vehicle body,BEV,Chromium,11850.0,1.0477656832417859,No comparison,
Canada,2 and 3 wheelers,BEV,2028,901.4469316386487,0.09808569078889517,Canada Net-zero,Vehicle body,BEV,Iron,902171.34,79.76912830854494,No comparison,
Canada,2 and 3 wheelers,BEV,2028,901.4469316386487,0.09808569078889517,Canada Net-zero,Vehicle body,BEV,Lead,310.0,0.027409903949785114,No comparison,
Canada,2 and 3 wheelers,BEV,2028,901.4469316386487,0.09808569078889517,Canada Net-zero,Vehicle body,BEV,Zinc,100.0,0.008841904499930683,No comparison,
Canada,Buses,BEV,2028,1113.5520920242132,5.6752374182090595,Canada Net-zero,Vehicle body,BEV,Aluminum,127302.0,804.5069485670945,No comparison,
Canada,Buses,BEV,2028,1113.5520920242132,5.6752374182090595,Canada Net-zero,Vehicle body,BEV,Chromium,11850.0,74.88811912240239,No comparison,
Canada,Buses,BEV,2028,1113.5520920242132,5.6752374182090595,Canada Net-zero,Vehicle body,BEV,Iron,902171.34,5701.427407488387,No comparison,
Canada,Buses,BEV,2028,1113.5520920242132,5.6752374182090595,Canada Net-zero,Vehicle body,BEV,Lead,310.0,1.9590984749320457,No comparison,
Canada,Buses,BEV,2028,1113.5520920242132,5.6752374182090595,Canada Net-zero,Vehicle body,BEV,Zinc,100.0,0.6319672499780792,No comparison,
Canada,Cars,BEV,2028,1007499.511831431,1.0,Canada Net-zero,Vehicle body,BEV,Aluminum,127302.0,128256.70285516483,No comparison,
Canada,Cars,BEV,2028,1007499.511831431,1.0,Canada Net-zero,Vehicle body,BEV,Chromium,11850.0,11938.869215202458,No comparison,
Canada,Cars,BEV,2028,1007499.511831431,1.0,Canada Net-zero,Vehicle body,BEV,Iron,902171.34,908937.1846383079,No comparison,
Canada,Cars,BEV,2028,1007499.511831431,1.0,Canada Net-zero,Vehicle body,BEV,Lead,310.0,312.3248486677436,No comparison,
Canada,Cars,BEV,2028,1007499.511831431,1.0,Canada Net-zero,Vehicle body,BEV,Zinc,100.0,100.7499511831431,No comparison,
Canada,Trucks,BEV,2028,10605.25801927822,3.6892781241792854,Canada Net-zero,Vehicle body,BEV,Aluminum,127302.0,4980.785769714974,No comparison,
Canada,Trucks,BEV,2028,10605.25801927822,3.6892781241792854,Canada Net-zero,Vehicle body,BEV,Chromium,11850.0,463.6400949798309,No comparison,
Canada,Trucks,BEV,2028,10605.25801927822,3.6892781241792854,Canada Net-zero,Vehicle body,BEV,Iron,902171.34,35298.12706883387,No comparison,
Canada,Trucks,BEV,2028,10605.25801927822,3.6892781241792854,Canada Net-zero,Vehicle body,BEV,Lead,310.0,12.128981387658024,No comparison,
Canada,Trucks,BEV,2028,10605.25801927822,3.6892781241792854,Canada Net-zero,Vehicle body,BEV,Zinc,100.0,3.9125746411800075,No comparison,
Canada,Vans,BEV,2028,58328.91910603022,1.9577507575642077,Canada Net-zero,Vehicle body,BEV,Aluminum,127302.0,14537.059099743425,No comparison,
Canada,Vans,BEV,2028,58328.91910603022,1.9577507575642077,Canada Net-zero,Vehicle body,BEV,Chromium,11850.0,1353.1928039776246,No comparison,
Canada,Vans,BEV,2028,58328.91910603022,1.9577507575642077,Canada Net-zero,Vehicle body,BEV,Iron,902171.34,103022.08989391147,No comparison,
Canada,Vans,BEV,2028,58328.91910603022,1.9577507575642077,Canada Net-zero,Vehicle body,BEV,Lead,310.0,35.39998052599693,No comparison,
Canada,Vans,BEV,2028,58328.91910603022,1.9577507575642077,Canada Net-zero,Vehicle body,BEV,Zinc,100.0,11.419348556773205,No comparison,
Canada,Buses,FCEV,2028,68.93417712530844,5.6752374182090595,Canada Net-zero,Vehicle body,ICEV,Aluminum,71300.0,27.893830666889603,No comparison,
Canada,Buses,FCEV,2028,68.93417712530844,5.6752374182090595,Canada Net-zero,Vehicle body,ICEV,Iron,902171.34,352.94550617785256,No comparison,
Canada,Buses,FCEV,2028,68.93417712530844,5.6752374182090595,Canada Net-zero,Vehicle body,ICEV,Lead,300.0,0.11736534642450044,No comparison,
Canada,Buses,FCEV,2028,68.93417712530844,5.6752374182090595,Canada Net-zero,Vehicle body,ICEV,Zinc,100.0,0.039121782141500146,No comparison,
Canada,Cars,FCEV,2028,106.05258019278222,1.0,Canada Net-zero,Vehicle body,ICEV,Aluminum,71300.0,7.561548967745372,No comparison,
Canada,Cars,FCEV,2028,106.05258019278222,1.0,Canada Net-zero,Vehicle body,ICEV,Iron,902171.34,95.67759838297978,No comparison,
Canada,Cars,FCEV,2028,106.05258019278222,1.0,Canada Net-zero,Vehicle body,ICEV,Lead,300.0,0.031815774057834666,No comparison,
Canada,Cars,FCEV,2028,106.05258019278222,1.0,Canada Net-zero,Vehicle body,ICEV,Zinc,100.0,0.010605258019278222,No comparison,
Canada,Trucks,FCEV,2028,31.815774057834663,3.6892781241792854,Canada Net-zero,Vehicle body,ICEV,Aluminum,71300.0,8.368997157484037,No comparison,
Canada,Trucks,FCEV,2028,31.815774057834663,3.6892781241792854,Canada Net-zero,Vehicle body,ICEV,Iron,902171.34,105.8943812065016,No comparison,
Canada,Trucks,FCEV,2028,31.815774057834663,3.6892781241792854,Canada Net-zero,Vehicle body,ICEV,Lead,300.0,0.03521317177062007,No comparison,
Canada,Trucks,FCEV,2028,31.815774057834663,3.6892781241792854,Canada Net-zero,Vehicle body,ICEV,Zinc,100.0,0.011737723923540024,No comparison,
Canada,Cars,PHEV,2028,328762.9985976248,1.0,Canada Net-zero,Vehicle body,PHEV,Aluminum,110658.0,36380.25589881597,No comparison,
Canada,Cars,PHEV,2028,328762.9985976248,1.0,Canada Net-zero,Vehicle body,PHEV,Chromium,12789.0,4204.5499890650235,No comparison,
Canada,Cars,PHEV,2028,328762.9985976248,1.0,Canada Net-zero,Vehicle body,PHEV,Iron,902171.34,296600.5549872373,No comparison,
Canada,Cars,PHEV,2028,328762.9985976248,1.0,Canada Net-zero,Vehicle body,PHEV,Lead,320.0,105.20415955123994,No comparison,
Canada,Cars,PHEV,2028,328762.9985976248,1.0,Canada Net-zero,Vehicle body,PHEV,Zinc,100.0,32.87629985976248,No comparison,
Canada,Vans,PHEV,2028,33936.82566169031,1.9577507575642077,Canada Net-zero,Vehicle body,PHEV,Aluminum,110658.0,7352.100495100563,No comparison,
Canada,Vans,PHEV,2028,33936.82566169031,1.9577507575642077,Canada Net-zero,Vehicle body,PHEV,Chromium,12789.0,849.6991923931492,No comparison,
Canada,Vans,PHEV,2028,33936.82566169031,1.9577507575642077,Canada Net-zero,Vehicle body,PHEV,Iron,902171.34,59940.12502918486,No comparison,
Canada,Vans,PHEV,2028,33936.82566169031,1.9577507575642077,Canada Net-zero,Vehicle body,PHEV,Lead,320.0,21.260750767519568,No comparison,
Canada,Vans,PHEV,2028,33936.82566169031,1.9577507575642077,Canada Net-zero,Vehicle body,PHEV,Zinc,100.0,6.643984614849865,No comparison,
Canada,2 and 3 wheelers,BEV,2029,1212.3777655489087,0.09808569078889517,Canada Net-zero,Vehicle body,BEV,Aluminum,127302.0,15.138360557142713,No comparison,
Canada,2 and 3 wheelers,BEV,2029,1212.3777655489087,0.09808569078889517,Canada Net-zero,Vehicle body,BEV,Chromium,11850.0,1.4091653909768986,No comparison,
Canada,2 and 3 wheelers,BEV,2029,1212.3777655489087,0.09808569078889517,Canada Net-zero,Vehicle body,BEV,Iron,902171.34,107.28342861259515,No comparison,
Canada,2 and 3 wheelers,BEV,2029,1212.3777655489087,0.09808569078889517,Canada Net-zero,Vehicle body,BEV,Lead,310.0,0.03686424229559819,No comparison,
Canada,2 and 3 wheelers,BEV,2029,1212.3777655489087,0.09808569078889517,Canada Net-zero,Vehicle body,BEV,Zinc,100.0,0.01189169106309619,No comparison,
Canada,Buses,BEV,2029,1497.6431221486519,5.6752374182090595,Canada Net-zero,Vehicle body,BEV,Aluminum,127302.0,1082.0008393609212,No comparison,
Canada,Buses,BEV,2029,1497.6431221486519,5.6752374182090595,Canada Net-zero,Vehicle body,BEV,Chromium,11850.0,100.71884138840643,No comparison,
Canada,Buses,BEV,2029,1497.6431221486519,5.6752374182090595,Canada Net-zero,Vehicle body,BEV,Iron,902171.34,7667.987518871399,No comparison,
Canada,Buses,BEV,2029,1497.6431221486519,5.6752374182090595,Canada Net-zero,Vehicle body,BEV,Lead,310.0,2.634838888641856,No comparison,
Canada,Buses,BEV,2029,1497.6431221486519,5.6752374182090595,Canada Net-zero,Vehicle body,BEV,Zinc,100.0,0.8499480285941471,No comparison,
Canada,Cars,BEV,2029,1355010.4438487804,1.0,Canada Net-zero,Vehicle body,BEV,Aluminum,127302.0,172495.53952283744,No comparison,
Canada,Cars,BEV,2029,1355010.4438487804,1.0,Canada Net-zero,Vehicle body,BEV,Chromium,11850.0,16056.873759608048,No comparison,
Canada,Cars,BEV,2029,1355010.4438487804,1.0,Canada Net-zero,Vehicle body,BEV,Iron,902171.34,1222451.5878410488,No comparison,
Canada,Cars,BEV,2029,1355010.4438487804,1.0,Canada Net-zero,Vehicle body,BEV,Lead,310.0,420.0532375931219,No comparison,
Canada,Cars,BEV,2029,1355010.4438487804,1.0,Canada Net-zero,Vehicle body,BEV,Zinc,100.0,135.50104438487804,No comparison,
Canada,Trucks,BEV,2029,14263.26782998716,3.6892781241792854,Canada Net-zero,Vehicle body,BEV,Aluminum,127302.0,6698.779162948499,No comparison,
Canada,Trucks,BEV,2029,14263.26782998716,3.6892781241792854,Canada Net-zero,Vehicle body,BEV,Chromium,11850.0,623.560769516109,No comparison,
Canada,Trucks,BEV,2029,14263.26782998716,3.6892781241792854,Canada Net-zero,Vehicle body,BEV,Iron,902171.34,47473.30421989698,No comparison,
Canada,Trucks,BEV,2029,14263.26782998716,3.6892781241792854,Canada Net-zero,Vehicle body,BEV,Lead,310.0,16.31256021518935,No comparison,
Canada,Trucks,BEV,2029,14263.26782998716,3.6892781241792854,Canada Net-zero,Vehicle body,BEV,Zinc,100.0,5.262116198448178,No comparison,
Canada,Vans,BEV,2029,78447.97306492938,1.9577507575642077,Canada Net-zero,Vehicle body,BEV,Aluminum,127302.0,19551.242131316307,No comparison,
Canada,Vans,BEV,2029,78447.97306492938,1.9577507575642077,Canada Net-zero,Vehicle body,BEV,Chromium,11850.0,1819.9417075623182,No comparison,
Canada,Vans,BEV,2029,78447.97306492938,1.9577507575642077,Canada Net-zero,Vehicle body,BEV,Iron,902171.34,138556.8986526063,No comparison,
Canada,Vans,BEV,2029,78447.97306492938,1.9577507575642077,Canada Net-zero,Vehicle body,BEV,Lead,310.0,47.61028939614503,No comparison,
Canada,Vans,BEV,2029,78447.97306492938,1.9577507575642077,Canada Net-zero,Vehicle body,BEV,Zinc,100.0,15.358157869724204,No comparison,
Canada,Buses,FCEV,2029,92.71124089491654,5.6752374182090595,Canada Net-zero,Vehicle body,ICEV,Aluminum,71300.0,37.51508703351976,No comparison,
Canada,Buses,FCEV,2029,92.71124089491654,5.6752374182090595,Canada Net-zero,Vehicle body,ICEV,Iron,902171.34,474.68494164441995,No comparison,
Canada,Buses,FCEV,2029,92.71124089491654,5.6752374182090595,Canada Net-zero,Vehicle body,ICEV,Lead,300.0,0.15784749102462733,No comparison,
Canada,Buses,FCEV,2029,92.71124089491654,5.6752374182090595,Canada Net-zero,Vehicle body,ICEV,Zinc,100.0,0.052615830341542436,No comparison,
Canada,Cars,FCEV,2029,142.6326782998716,1.0,Canada Net-zero,Vehicle body,ICEV,Aluminum,71300.0,10.169709962780844,No comparison,
Canada,Cars,FCEV,2029,142.6326782998716,1.0,Canada Net-zero,Vehicle body,ICEV,Iron,902171.34,128.67911450958408,No comparison,
Canada,Cars,FCEV,2029,142.6326782998716,1.0,Canada Net-zero,Vehicle body,ICEV,Lead,300.0,0.04278980348996148,No comparison,
Canada,Cars,FCEV,2029,142.6326782998716,1.0,Canada Net-zero,Vehicle body,ICEV,Zinc,100.0,0.01426326782998716,No comparison,
Canada,Trucks,FCEV,2029,42.789803489961486,3.6892781241792854,Canada Net-zero,Vehicle body,ICEV,Aluminum,71300.0,11.255666548480654,No comparison,
Canada,Trucks,FCEV,2029,42.789803489961486,3.6892781241792854,Canada Net-zero,Vehicle body,ICEV,Iron,902171.34,142.41991265969097,No comparison,
Canada,Trucks,FCEV,2029,42.789803489961486,3.6892781241792854,Canada Net-zero,Vehicle body,ICEV,Lead,300.0,0.0473590457860336,No comparison,
Canada,Trucks,FCEV,2029,42.789803489961486,3.6892781241792854,Canada Net-zero,Vehicle body,ICEV,Zinc,100.0,0.015786348595344533,No comparison,
Canada,Cars,PHEV,2029,442161.302729602,1.0,Canada Net-zero,Vehicle body,PHEV,Aluminum,110658.0,48928.685437452295,No comparison,
Canada,Cars,PHEV,2029,442161.302729602,1.0,Canada Net-zero,Vehicle body,PHEV,Chromium,12789.0,5654.80090060888,No comparison,
Canada,Cars,PHEV,2029,442161.302729602,1.0,Canada Net-zero,Vehicle body,PHEV,Iron,902171.34,398905.2549797106,No comparison,
Canada,Cars,PHEV,2029,442161.302729602,1.0,Canada Net-zero,Vehicle body,PHEV,Lead,320.0,141.49161687347262,No comparison,
Canada,Cars,PHEV,2029,442161.302729602,1.0,Canada Net-zero,Vehicle body,PHEV,Zinc,100.0,44.2161302729602,No comparison,
Canada,Vans,PHEV,2029,45642.45705595891,1.9577507575642077,Canada Net-zero,Vehicle body,PHEV,Aluminum,110658.0,9888.017649733474,No comparison,
Canada,Vans,PHEV,2029,45642.45705595891,1.9577507575642077,Canada Net-zero,Vehicle body,PHEV,Chromium,12789.0,1142.7809803397984,No comparison,
Canada,Vans,PHEV,2029,45642.45705595891,1.9577507575642077,Canada Net-zero,Vehicle body,PHEV,Iron,902171.34,80614.92285242549,No comparison,
Canada,Vans,PHEV,2029,45642.45705595891,1.9577507575642077,Canada Net-zero,Vehicle body,PHEV,Lead,320.0,28.59409756108652,No comparison,
Canada,Vans,PHEV,2029,45642.45705595891,1.9577507575642077,Canada Net-zero,Vehicle body,PHEV,Zinc,100.0,8.935655487839536,No comparison,
Canada,2 and 3 wheelers,BEV,2030,1542.5388315907194,0.09808569078889517,Canada Net-zero,Vehicle body,BEV,Aluminum,127302.0,19.260918229922723,No comparison,
Canada,2 and 3 wheelers,BEV,2030,1542.5388315907194,0.09808569078889517,Canada Net-zero,Vehicle body,BEV,Chromium,11850.0,1.7929166943534605,No comparison,
Canada,2 and 3 wheelers,BEV,2030,1542.5388315907194,0.09808569078889517,Canada Net-zero,Vehicle body,BEV,Iron,902171.34,136.49941406356388,No comparison,
Canada,2 and 3 wheelers,BEV,2030,1542.5388315907194,0.09808569078889517,Canada Net-zero,Vehicle body,BEV,Lead,310.0,0.04690330592823399,No comparison,
Canada,2 and 3 wheelers,BEV,2030,1542.5388315907194,0.09808569078889517,Canada Net-zero,Vehicle body,BEV,Zinc,100.0,0.015130098686527094,No comparison,
Canada,Buses,BEV,2030,1905.489144906183,5.6752374182090595,Canada Net-zero,Vehicle body,BEV,Aluminum,127302.0,1376.6569776808087,No comparison,
Canada,Buses,BEV,2030,1905.489144906183,5.6752374182090595,Canada Net-zero,Vehicle body,BEV,Chromium,11850.0,128.14712404767863,No comparison,
Canada,Buses,BEV,2030,1905.489144906183,5.6752374182090595,Canada Net-zero,Vehicle body,BEV,Iron,902171.34,9756.174060695397,No comparison,
Canada,Buses,BEV,2030,1905.489144906183,5.6752374182090595,Canada Net-zero,Vehicle body,BEV,Lead,310.0,3.3523720215004533,No comparison,
Canada,Buses,BEV,2030,1905.489144906183,5.6752374182090595,Canada Net-zero,Vehicle body,BEV,Zinc,100.0,1.0814103295162754,No comparison,
Canada,Cars,BEV,2030,1724013.9882484511,1.0,Canada Net-zero,Vehicle body,BEV,Aluminum,127302.0,219470.42873200434,No comparison,
Canada,Cars,BEV,2030,1724013.9882484511,1.0,Canada Net-zero,Vehicle body,BEV,Chromium,11850.0,20429.565760744146,No comparison,
Canada,Cars,BEV,2030,1724013.9882484511,1.0,Canada Net-zero,Vehicle body,BEV,Iron,902171.34,1555356.0099568493,No comparison,
Canada,Cars,BEV,2030,1724013.9882484511,1.0,Canada Net-zero,Vehicle body,BEV,Lead,310.0,534.4443363570199,No comparison,
Canada,Cars,BEV,2030,1724013.9882484511,1.0,Canada Net-zero,Vehicle body,BEV,Zinc,100.0,172.4013988248451,No comparison,
Canada,Trucks,BEV,2030,18147.51566577317,3.6892781241792854,Canada Net-zero,Vehicle body,BEV,Aluminum,127302.0,8523.025806581394,No comparison,
Canada,Trucks,BEV,2030,18147.51566577317,3.6892781241792854,Canada Net-zero,Vehicle body,BEV,Chromium,11850.0,793.3721057641634,No comparison,
Canada,Trucks,BEV,2030,18147.51566577317,3.6892781241792854,Canada Net-zero,Vehicle body,BEV,Iron,902171.34,60401.483187837715,No comparison,
Canada,Trucks,BEV,2030,18147.51566577317,3.6892781241792854,Canada Net-zero,Vehicle body,BEV,Lead,310.0,20.75488209172073,No comparison,
Canada,Trucks,BEV,2030,18147.51566577317,3.6892781241792854,Canada Net-zero,Vehicle body,BEV,Zinc,100.0,6.695123255393783,No comparison,
Canada,Vans,BEV,2030,99811.33616175244,1.9577507575642077,Canada Net-zero,Vehicle body,BEV,Aluminum,127302.0,24875.53883812238,No comparison,
Canada,Vans,BEV,2030,99811.33616175244,1.9577507575642077,Canada Net-zero,Vehicle body,BEV,Chromium,11850.0,2315.5577699623746,No comparison,
Canada,Vans,BEV,2030,99811.33616175244,1.9577507575642077,Canada Net-zero,Vehicle body,BEV,Iron,902171.34,176289.43933960903,No comparison,
Canada,Vans,BEV,2030,99811.33616175244,1.9577507575642077,Canada Net-zero,Vehicle body,BEV,Lead,310.0,60.57577288509165,No comparison,
Canada,Vans,BEV,2030,99811.33616175244,1.9577507575642077,Canada Net-zero,Vehicle body,BEV,Zinc,100.0,19.540571898416662,No comparison,
Canada,Buses,FCEV,2030,117.9588518275256,5.6752374182090595,Canada Net-zero,Vehicle body,ICEV,Aluminum,71300.0,47.73139211564932,No comparison,
Canada,Buses,FCEV,2030,117.9588518275256,5.6752374182090595,Canada Net-zero,Vehicle body,ICEV,Iron,902171.34,603.9536323287626,No comparison,
Canada,Buses,FCEV,2030,117.9588518275256,5.6752374182090595,Canada Net-zero,Vehicle body,ICEV,Lead,300.0,0.20083334691016544,No comparison,
Canada,Buses,FCEV,2030,117.9588518275256,5.6752374182090595,Canada Net-zero,Vehicle body,ICEV,Zinc,100.0,0.06694444897005515,No comparison,
Canada,Cars,FCEV,2030,181.4751566577317,1.0,Canada Net-zero,Vehicle body,ICEV,Aluminum,71300.0,12.93917866969627,No comparison,
Canada,Cars,FCEV,2030,181.4751566577317,1.0,Canada Net-zero,Vehicle body,ICEV,Iron,902171.34,163.72168525861574,No comparison,
Canada,Cars,FCEV,2030,181.4751566577317,1.0,Canada Net-zero,Vehicle body,ICEV,Lead,300.0,0.05444254699731951,No comparison,
Canada,Cars,FCEV,2030,181.4751566577317,1.0,Canada Net-zero,Vehicle body,ICEV,Zinc,100.0,0.018147515665773172,No comparison,
Canada,Trucks,FCEV,2030,54.44254699731951,3.6892781241792854,Canada Net-zero,Vehicle body,ICEV,Aluminum,71300.0,14.320868643287303,No comparison,
Canada,Trucks,FCEV,2030,54.44254699731951,3.6892781241792854,Canada Net-zero,Vehicle body,ICEV,Iron,902171.34,181.20444956351312,No comparison,
Canada,Trucks,FCEV,2030,54.44254699731951,3.6892781241792854,Canada Net-zero,Vehicle body,ICEV,Lead,300.0,0.060256109298544046,No comparison,
Canada,Trucks,FCEV,2030,54.44254699731951,3.6892781241792854,Canada Net-zero,Vehicle body,ICEV,Zinc,100.0,0.02008536976618135,No comparison,
Canada,Cars,PHEV,2030,562572.9856389683,1.0,Canada Net-zero,Vehicle body,PHEV,Aluminum,110658.0,62253.20144483695,No comparison,
Canada,Cars,PHEV,2030,562572.9856389683,1.0,Canada Net-zero,Vehicle body,PHEV,Chromium,12789.0,7194.745913336766,No comparison,
Canada,Cars,PHEV,2030,562572.9856389683,1.0,Canada Net-zero,Vehicle body,PHEV,Iron,902171.34,507537.22430170875,No comparison,
Canada,Cars,PHEV,2030,562572.9856389683,1.0,Canada Net-zero,Vehicle body,PHEV,Lead,320.0,180.02335540446984,No comparison,
Canada,Cars,PHEV,2030,562572.9856389683,1.0,Canada Net-zero,Vehicle body,PHEV,Zinc,100.0,56.257298563896825,No comparison,
Canada,Vans,PHEV,2030,58072.05013047415,1.9577507575642077,Canada Net-zero,Vehicle body,PHEV,Aluminum,110658.0,12580.774429876312,No comparison,
Canada,Vans,PHEV,2030,58072.05013047415,1.9577507575642077,Canada Net-zero,Vehicle body,PHEV,Chromium,12789.0,1453.9890851424043,No comparison,
Canada,Vans,PHEV,2030,58072.05013047415,1.9577507575642077,Canada Net-zero,Vehicle body,PHEV,Iron,902171.34,102568.401070318,No comparison,
Canada,Vans,PHEV,2030,58072.05013047415,1.9577507575642077,Canada Net-zero,Vehicle body,PHEV,Lead,320.0,36.38099204359757,No comparison,
Canada,Vans,PHEV,2030,58072.05013047415,1.9577507575642077,Canada Net-zero,Vehicle body,PHEV,Zinc,100.0,11.369060013624242,No comparison,
Canada,2 and 3 wheelers,BEV,2031,1899.1053793217714,0.09808569078889517,Canada Net-zero,Vehicle body,BEV,Aluminum,127302.0,23.713188071513237,No comparison,
Canada,2 and 3 wheelers,BEV,2031,1899.1053793217714,0.09808569078889517,Canada Net-zero,Vehicle body,BEV,Chromium,11850.0,2.2073594966884404,No comparison,
Canada,2 and 3 wheelers,BEV,2031,1899.1053793217714,0.09808569078889517,Canada Net-zero,Vehicle body,BEV,Iron,902171.34,168.05202320583425,No comparison,
Canada,2 and 3 wheelers,BEV,2031,1899.1053793217714,0.09808569078889517,Canada Net-zero,Vehicle body,BEV,Lead,310.0,0.05774526953362165,No comparison,
Canada,2 and 3 wheelers,BEV,2031,1899.1053793217714,0.09808569078889517,Canada Net-zero,Vehicle body,BEV,Zinc,100.0,0.018627506301168273,No comparison,
Canada,Buses,BEV,2031,2345.9537038680705,5.6752374182090595,Canada Net-zero,Vehicle body,BEV,Aluminum,127302.0,1694.878999641389,No comparison,
Canada,Buses,BEV,2031,2345.9537038680705,5.6752374182090595,Canada Net-zero,Vehicle body,BEV,Chromium,11850.0,157.7690542627018,No comparison,
Canada,Buses,BEV,2031,2345.9537038680705,5.6752374182090595,Canada Net-zero,Vehicle body,BEV,Iron,902171.34,12011.368699975896,No comparison,
Canada,Buses,BEV,2031,2345.9537038680705,5.6752374182090595,Canada Net-zero,Vehicle body,BEV,Lead,310.0,4.127291714889244,No comparison,
Canada,Buses,BEV,2031,2345.9537038680705,5.6752374182090595,Canada Net-zero,Vehicle body,BEV,Zinc,100.0,1.3313844241578208,No comparison,
Canada,Cars,BEV,2031,2122529.5415949207,1.0,Canada Net-zero,Vehicle body,BEV,Aluminum,127302.0,270202.2557041166,No comparison,
Canada,Cars,BEV,2031,2122529.5415949207,1.0,Canada Net-zero,Vehicle body,BEV,Chromium,11850.0,25151.97506789981,No comparison,
Canada,Cars,BEV,2031,2122529.5415949207,1.0,Canada Net-zero,Vehicle body,BEV,Iron,902171.34,1914885.3207302752,No comparison,
Canada,Cars,BEV,2031,2122529.5415949207,1.0,Canada Net-zero,Vehicle body,BEV,Lead,310.0,657.9841578944254,No comparison,
Canada,Cars,BEV,2031,2122529.5415949207,1.0,Canada Net-zero,Vehicle body,BEV,Zinc,100.0,212.25295415949208,No comparison,
Canada,Trucks,BEV,2031,22342.416227314956,3.6892781241792854,Canada Net-zero,Vehicle body,BEV,Aluminum,127302.0,10493.17127445363,No comparison,
Canada,Trucks,BEV,2031,22342.416227314956,3.6892781241792854,Canada Net-zero,Vehicle body,BEV,Chromium,11850.0,976.764541030585,No comparison,
Canada,Trucks,BEV,2031,22342.416227314956,3.6892781241792854,Canada Net-zero,Vehicle body,BEV,Iron,902171.34,74363.62656928673,No comparison,
Canada,Trucks,BEV,2031,22342.416227314956,3.6892781241792854,Canada Net-zero,Vehicle body,BEV,Lead,310.0,25.552490102909818,No comparison,
Canada,Trucks,BEV,2031,22342.416227314956,3.6892781241792854,Canada Net-zero,Vehicle body,BEV,Zinc,100.0,8.242738742874135,No comparison,
Canada,Vans,BEV,2031,122883.28925023226,1.9577507575642077,Canada Net-zero,Vehicle body,BEV,Aluminum,127302.0,30625.65988843796,No comparison,
Canada,Vans,BEV,2031,122883.28925023226,1.9577507575642077,Canada Net-zero,Vehicle body,BEV,Chromium,11850.0,2850.8120035662428,No comparison,
Canada,Vans,BEV,2031,122883.28925023226,1.9577507575642077,Canada Net-zero,Vehicle body,BEV,Iron,902171.34,217039.7371599529,No comparison,
Canada,Vans,BEV,2031,122883.28925023226,1.9577507575642077,Canada Net-zero,Vehicle body,BEV,Lead,310.0,74.5782043127034,No comparison,
Canada,Vans,BEV,2031,122883.28925023226,1.9577507575642077,Canada Net-zero,Vehicle body,BEV,Zinc,100.0,24.057485262162388,No comparison,
Canada,Buses,FCEV,2031,145.22570547754722,5.6752374182090595,Canada Net-zero,Vehicle body,ICEV,Aluminum,71300.0,58.76477251199448,No comparison,
Canada,Buses,FCEV,2031,145.22570547754722,5.6752374182090595,Canada Net-zero,Vehicle body,ICEV,Iron,902171.34,743.5609195223172,No comparison,
Canada,Buses,FCEV,2031,145.22570547754722,5.6752374182090595,Canada Net-zero,Vehicle body,ICEV,Lead,300.0,0.2472571073435953,No comparison,
Canada,Buses,FCEV,2031,145.22570547754722,5.6752374182090595,Canada Net-zero,Vehicle body,ICEV,Zinc,100.0,0.08241903578119843,No comparison,
Canada,Cars,FCEV,2031,223.42416227314956,1.0,Canada Net-zero,Vehicle body,ICEV,Aluminum,71300.0,15.930142770075564,No comparison,
Canada,Cars,FCEV,2031,223.42416227314956,1.0,Canada Net-zero,Vehicle body,ICEV,Iron,902171.34,201.5668758663448,No comparison,
Canada,Cars,FCEV,2031,223.42416227314956,1.0,Canada Net-zero,Vehicle body,ICEV,Lead,300.0,0.06702724868194487,No comparison,
Canada,Cars,FCEV,2031,223.42416227314956,1.0,Canada Net-zero,Vehicle body,ICEV,Zinc,100.0,0.022342416227314955,No comparison,
Canada,Trucks,FCEV,2031,67.02724868194487,3.6892781241792854,Canada Net-zero,Vehicle body,ICEV,Aluminum,71300.0,17.631218171007774,No comparison,
Canada,Trucks,FCEV,2031,67.02724868194487,3.6892781241792854,Canada Net-zero,Vehicle body,ICEV,Iron,902171.34,223.0908797078602,No comparison,
Canada,Trucks,FCEV,2031,67.02724868194487,3.6892781241792854,Canada Net-zero,Vehicle body,ICEV,Lead,300.0,0.07418464868586722,No comparison,
Canada,Trucks,FCEV,2031,67.02724868194487,3.6892781241792854,Canada Net-zero,Vehicle body,ICEV,Zinc,100.0,0.024728216228622403,No comparison,
Canada,Cars,PHEV,2031,692614.9030467636,1.0,Canada Net-zero,Vehicle body,PHEV,Aluminum,110658.0,76643.37994134877,No comparison,
Canada,Cars,PHEV,2031,692614.9030467636,1.0,Canada Net-zero,Vehicle body,PHEV,Chromium,12789.0,8857.851995065059,No comparison,
Canada,Cars,PHEV,2031,692614.9030467636,1.0,Canada Net-zero,Vehicle body,PHEV,Iron,902171.34,624857.3151856689,No comparison,
Canada,Cars,PHEV,2031,692614.9030467636,1.0,Canada Net-zero,Vehicle body,PHEV,Lead,320.0,221.63676897496435,No comparison,
Canada,Cars,PHEV,2031,692614.9030467636,1.0,Canada Net-zero,Vehicle body,PHEV,Zinc,100.0,69.26149030467637,No comparison,
Canada,Vans,PHEV,2031,71495.73192740786,1.9577507575642077,Canada Net-zero,Vehicle body,PHEV,Aluminum,110658.0,15488.891369543944,No comparison,
Canada,Vans,PHEV,2031,71495.73192740786,1.9577507575642077,Canada Net-zero,Vehicle body,PHEV,Chromium,12789.0,1790.0868597398967,No comparison,
Canada,Vans,PHEV,2031,71495.73192740786,1.9577507575642077,Canada Net-zero,Vehicle body,PHEV,Iron,902171.34,126277.66525669988,No comparison,
Canada,Vans,PHEV,2031,71495.73192740786,1.9577507575642077,Canada Net-zero,Vehicle body,PHEV,Lead,320.0,44.79066346991688,No comparison,
Canada,Vans,PHEV,2031,71495.73192740786,1.9577507575642077,Canada Net-zero,Vehicle body,PHEV,Zinc,100.0,13.997082334349026,No comparison,
Canada,2 and 3 wheelers,BEV,2032,2286.967200989355,0.09808569078889517,Canada Net-zero,Vehicle body,BEV,Aluminum,127302.0,28.556226495346163,No comparison,
Canada,2 and 3 wheelers,BEV,2032,2286.967200989355,0.09808569078889517,Canada Net-zero,Vehicle body,BEV,Chromium,11850.0,2.6581772789889557,No comparison,
Canada,2 and 3 wheelers,BEV,2032,2286.967200989355,0.09808569078889517,Canada Net-zero,Vehicle body,BEV,Iron,902171.34,202.37395423991728,No comparison,
Canada,2 and 3 wheelers,BEV,2032,2286.967200989355,0.09808569078889517,Canada Net-zero,Vehicle body,BEV,Lead,310.0,0.06953881489338196,No comparison,
Canada,2 and 3 wheelers,BEV,2032,2286.967200989355,0.09808569078889517,Canada Net-zero,Vehicle body,BEV,Zinc,100.0,0.0224318757720587,No comparison,
Canada,Buses,BEV,2032,2825.0771306339093,5.6752374182090595,Canada Net-zero,Vehicle body,BEV,Aluminum,127302.0,2041.0308580189433,No comparison,
Canada,Buses,BEV,2032,2825.0771306339093,5.6752374182090595,Canada Net-zero,Vehicle body,BEV,Chromium,11850.0,189.9908537770379,No comparison,
Canada,Buses,BEV,2032,2825.0771306339093,5.6752374182090595,Canada Net-zero,Vehicle body,BEV,Iron,902171.34,14464.498155255218,No comparison,
Canada,Buses,BEV,2032,2825.0771306339093,5.6752374182090595,Canada Net-zero,Vehicle body,BEV,Lead,310.0,4.970224866741076,No comparison,
Canada,Buses,BEV,2032,2825.0771306339093,5.6752374182090595,Canada Net-zero,Vehicle body,BEV,Zinc,100.0,1.6032983441100244,No comparison,
Canada,Cars,BEV,2032,2556022.1658116323,1.0,Canada Net-zero,Vehicle body,BEV,Aluminum,127302.0,325386.7337521524,No comparison,
Canada,Cars,BEV,2032,2556022.1658116323,1.0,Canada Net-zero,Vehicle body,BEV,Chromium,11850.0,30288.862664867844,No comparison,
Canada,Cars,BEV,2032,2556022.1658116323,1.0,Canada Net-zero,Vehicle body,BEV,Iron,902171.34,2305969.9423999824,No comparison,
Canada,Cars,BEV,2032,2556022.1658116323,1.0,Canada Net-zero,Vehicle body,BEV,Lead,310.0,792.366871401606,No comparison,
Canada,Cars,BEV,2032,2556022.1658116323,1.0,Canada Net-zero,Vehicle body,BEV,Zinc,100.0,255.60221658116322,No comparison,
Canada,Trucks,BEV,2032,26905.496482227707,3.6892781241792854,Canada Net-zero,Vehicle body,BEV,Aluminum,127302.0,12636.233249789108,No comparison,
Canada,Trucks,BEV,2032,26905.496482227707,3.6892781241792854,Canada Net-zero,Vehicle body,BEV,Chromium,11850.0,1176.253036165975,No comparison,
Canada,Trucks,BEV,2032,26905.496482227707,3.6892781241792854,Canada Net-zero,Vehicle body,BEV,Iron,902171.34,89551.20487906548,No comparison,
Canada,Trucks,BEV,2032,26905.496482227707,3.6892781241792854,Canada Net-zero,Vehicle body,BEV,Lead,310.0,30.771176473540272,No comparison,
Canada,Trucks,BEV,2032,26905.496482227707,3.6892781241792854,Canada Net-zero,Vehicle body,BEV,Zinc,100.0,9.926185959206538,No comparison,
Canada,Vans,BEV,2032,147980.2306522524,1.9577507575642077,Canada Net-zero,Vehicle body,BEV,Aluminum,127302.0,36880.459839741125,No comparison,
Canada,Vans,BEV,2032,147980.2306522524,1.9577507575642077,Canada Net-zero,Vehicle body,BEV,Chromium,11850.0,3433.0446426680833,No comparison,
Canada,Vans,BEV,2032,147980.2306522524,1.9577507575642077,Canada Net-zero,Vehicle body,BEV,Iron,902171.34,261366.6232536444,No comparison,
Canada,Vans,BEV,2032,147980.2306522524,1.9577507575642077,Canada Net-zero,Vehicle body,BEV,Lead,310.0,89.80960668583171,No comparison,
Canada,Vans,BEV,2032,147980.2306522524,1.9577507575642077,Canada Net-zero,Vehicle body,BEV,Zinc,100.0,28.970840866397328,No comparison,
Canada,Buses,FCEV,2032,174.8857271344801,5.6752374182090595,Canada Net-zero,Vehicle body,ICEV,Aluminum,71300.0,70.76653500740866,No comparison,
Canada,Buses,FCEV,2032,174.8857271344801,5.6752374182090595,Canada Net-zero,Vehicle body,ICEV,Iron,902171.34,895.4213143729422,No comparison,
Canada,Buses,FCEV,2032,174.8857271344801,5.6752374182090595,Canada Net-zero,Vehicle body,ICEV,Lead,300.0,0.29775540676329026,No comparison,
Canada,Buses,FCEV,2032,174.8857271344801,5.6752374182090595,Canada Net-zero,Vehicle body,ICEV,Zinc,100.0,0.09925180225443009,No comparison,
Canada,Cars,FCEV,2032,269.0549648222771,1.0,Canada Net-zero,Vehicle body,ICEV,Aluminum,71300.0,19.183618991828357,No comparison,
Canada,Cars,FCEV,2032,269.0549648222771,1.0,Canada Net-zero,Vehicle body,ICEV,Iron,902171.34,242.7336781473666,No comparison,
Canada,Cars,FCEV,2032,269.0549648222771,1.0,Canada Net-zero,Vehicle body,ICEV,Lead,300.0,0.08071648944668314,No comparison,
Canada,Cars,FCEV,2032,269.0549648222771,1.0,Canada Net-zero,Vehicle body,ICEV,Zinc,100.0,0.02690549648222771,No comparison,
Canada,Trucks,FCEV,2032,80.71648944668313,3.6892781241792854,Canada Net-zero,Vehicle body,ICEV,Aluminum,71300.0,21.23211176674279,No comparison,
Canada,Trucks,FCEV,2032,80.71648944668313,3.6892781241792854,Canada Net-zero,Vehicle body,ICEV,Iron,902171.34,268.6536146371965,No comparison,
Canada,Trucks,FCEV,2032,80.71648944668313,3.6892781241792854,Canada Net-zero,Vehicle body,ICEV,Lead,300.0,0.08933567363285885,No comparison,
Canada,Trucks,FCEV,2032,80.71648944668313,3.6892781241792854,Canada Net-zero,Vehicle body,ICEV,Zinc,100.0,0.02977855787761962,No comparison,
Canada,Cars,PHEV,2032,834070.3909490589,1.0,Canada Net-zero,Vehicle body,PHEV,Aluminum,110658.0,92296.56132164095,No comparison,
Canada,Cars,PHEV,2032,834070.3909490589,1.0,Canada Net-zero,Vehicle body,PHEV,Chromium,12789.0,10666.926229847515,No comparison,
Canada,Cars,PHEV,2032,834070.3909490589,1.0,Canada Net-zero,Vehicle body,PHEV,Iron,902171.34,752474.4022568363,No comparison,
Canada,Cars,PHEV,2032,834070.3909490589,1.0,Canada Net-zero,Vehicle body,PHEV,Lead,320.0,266.90252510369885,No comparison,
Canada,Cars,PHEV,2032,834070.3909490589,1.0,Canada Net-zero,Vehicle body,PHEV,Zinc,100.0,83.4070390949059,No comparison,
Canada,Vans,PHEV,2032,86097.58874312867,1.9577507575642077,Canada Net-zero,Vehicle body,PHEV,Aluminum,110658.0,18652.249068182085,No comparison,
Canada,Vans,PHEV,2032,86097.58874312867,1.9577507575642077,Canada Net-zero,Vehicle body,PHEV,Chromium,12789.0,2155.6833968893407,No comparison,
Canada,Vans,PHEV,2032,86097.58874312867,1.9577507575642077,Canada Net-zero,Vehicle body,PHEV,Iron,902171.34,152067.8535293931,No comparison,
Canada,Vans,PHEV,2032,86097.58874312867,1.9577507575642077,Canada Net-zero,Vehicle body,PHEV,Lead,320.0,53.93843826761976,No comparison,
Canada,Vans,PHEV,2032,86097.58874312867,1.9577507575642077,Canada Net-zero,Vehicle body,PHEV,Zinc,100.0,16.855761958631174,No comparison,
Canada,2 and 3 wheelers,BEV,2033,2696.2883804046182,0.09808569078889517,Canada Net-zero,Vehicle body,BEV,Aluminum,127302.0,33.66721728859755,No comparison,
Canada,2 and 3 wheelers,BEV,2033,2696.2883804046182,0.09808569078889517,Canada Net-zero,Vehicle body,BEV,Chromium,11850.0,3.1339376040429916,No comparison,
Canada,2 and 3 wheelers,BEV,2033,2696.2883804046182,0.09808569078889517,Canada Net-zero,Vehicle body,BEV,Iron,902171.34,238.5948259675827,No comparison,
Canada,2 and 3 wheelers,BEV,2033,2696.2883804046182,0.09808569078889517,Canada Net-zero,Vehicle body,BEV,Lead,310.0,0.08198486559099809,No comparison,
Canada,2 and 3 wheelers,BEV,2033,2696.2883804046182,0.09808569078889517,Canada Net-zero,Vehicle body,BEV,Zinc,100.0,0.026446730835805836,No comparison,
Canada,Buses,BEV,2033,3330.70917579394,5.6752374182090595,Canada Net-zero,Vehicle body,BEV,Aluminum,127302.0,2406.3343733758084,No comparison,
Canada,Buses,BEV,2033,3330.70917579394,5.6752374182090595,Canada Net-zero,Vehicle body,BEV,Chromium,11850.0,223.99539932211061,No comparison,
Canada,Buses,BEV,2033,3330.70917579394,5.6752374182090595,Canada Net-zero,Vehicle body,BEV,Iron,902171.34,17053.352705507477,No comparison,
Canada,Buses,BEV,2033,3330.70917579394,5.6752374182090595,Canada Net-zero,Vehicle body,BEV,Lead,310.0,5.859795256527788,No comparison,
Canada,Buses,BEV,2033,3330.70917579394,5.6752374182090595,Canada Net-zero,Vehicle body,BEV,Zinc,100.0,1.8902565343638027,No comparison,
Canada,Cars,BEV,2033,3013498.778099279,1.0,Canada Net-zero,Vehicle body,BEV,Aluminum,127302.0,383624.42144959443,No comparison,
Canada,Cars,BEV,2033,3013498.778099279,1.0,Canada Net-zero,Vehicle body,BEV,Chromium,11850.0,35709.96052047645,No comparison,
Canada,Cars,BEV,2033,3013498.778099279,1.0,Canada Net-zero,Vehicle body,BEV,Iron,902171.34,2718692.230726189,No comparison,
Canada,Cars,BEV,2033,3013498.778099279,1.0,Canada Net-zero,Vehicle body,BEV,Lead,310.0,934.1846212107764,No comparison,
Canada,Cars,BEV,2033,3013498.778099279,1.0,Canada Net-zero,Vehicle body,BEV,Zinc,100.0,301.3498778099279,No comparison,
Canada,Trucks,BEV,2033,31721.039769466097,3.6892781241792854,Canada Net-zero,Vehicle body,BEV,Aluminum,127302.0,14897.865115314984,No comparison,
Canada,Trucks,BEV,2033,31721.039769466097,3.6892781241792854,Canada Net-zero,Vehicle body,BEV,Chromium,11850.0,1386.778696457892,No comparison,
Canada,Trucks,BEV,2033,31721.039769466097,3.6892781241792854,Canada Net-zero,Vehicle body,BEV,Iron,902171.34,105579.07129678225,No comparison,
Canada,Trucks,BEV,2033,31721.039769466097,3.6892781241792854,Canada Net-zero,Vehicle body,BEV,Lead,310.0,36.278598810290845,No comparison,
Canada,Trucks,BEV,2033,31721.039769466097,3.6892781241792854,Canada Net-zero,Vehicle body,BEV,Zinc,100.0,11.702773809771239,No comparison,
Canada,Vans,BEV,2033,174465.7187320635,1.9577507575642077,Canada Net-zero,Vehicle body,BEV,Aluminum,127302.0,43481.32115180956,No comparison,
Canada,Vans,BEV,2033,174465.7187320635,1.9577507575642077,Canada Net-zero,Vehicle body,BEV,Chromium,11850.0,4047.4906572476734,No comparison,
Canada,Vans,BEV,2033,174465.7187320635,1.9577507575642077,Canada Net-zero,Vehicle body,BEV,Iron,902171.34,308145.997458786,No comparison,
Canada,Vans,BEV,2033,174465.7187320635,1.9577507575642077,Canada Net-zero,Vehicle body,BEV,Lead,310.0,105.8837218351712,No comparison,
Canada,Vans,BEV,2033,174465.7187320635,1.9577507575642077,Canada Net-zero,Vehicle body,BEV,Zinc,100.0,34.15603930166813,No comparison,
Canada,Buses,FCEV,2033,206.18675850152962,5.6752374182090595,Canada Net-zero,Vehicle body,ICEV,Aluminum,71300.0,83.43232293818137,No comparison,
Canada,Buses,FCEV,2033,206.18675850152962,5.6752374182090595,Canada Net-zero,Vehicle body,ICEV,Iron,902171.34,1055.6837389123677,No comparison,
Canada,Buses,FCEV,2033,206.18675850152962,5.6752374182090595,Canada Net-zero,Vehicle body,ICEV,Lead,300.0,0.35104764209613476,No comparison,
Canada,Buses,FCEV,2033,206.18675850152962,5.6752374182090595,Canada Net-zero,Vehicle body,ICEV,Zinc,100.0,0.11701588069871158,No comparison,
Canada,Cars,FCEV,2033,317.21039769466097,1.0,Canada Net-zero,Vehicle body,ICEV,Aluminum,71300.0,22.61710135562933,No comparison,
Canada,Cars,FCEV,2033,317.21039769466097,1.0,Canada Net-zero,Vehicle body,ICEV,Iron,902171.34,286.17812955012516,No comparison,
Canada,Cars,FCEV,2033,317.21039769466097,1.0,Canada Net-zero,Vehicle body,ICEV,Lead,300.0,0.0951631193083983,No comparison,
Canada,Cars,FCEV,2033,317.21039769466097,1.0,Canada Net-zero,Vehicle body,ICEV,Zinc,100.0,0.031721039769466094,No comparison,
Canada,Trucks,FCEV,2033,95.16311930839828,3.6892781241792854,Canada Net-zero,Vehicle body,ICEV,Aluminum,71300.0,25.03223317910068,No comparison,
Canada,Trucks,FCEV,2033,95.16311930839828,3.6892781241792854,Canada Net-zero,Vehicle body,ICEV,Iron,902171.34,316.73721389034665,No comparison,
Canada,Trucks,FCEV,2033,95.16311930839828,3.6892781241792854,Canada Net-zero,Vehicle body,ICEV,Lead,300.0,0.10532496428794114,No comparison,
Canada,Trucks,FCEV,2033,95.16311930839828,3.6892781241792854,Canada Net-zero,Vehicle body,ICEV,Zinc,100.0,0.035108321429313714,No comparison,
Canada,Cars,PHEV,2033,983352.232853449,1.0,Canada Net-zero,Vehicle body,PHEV,Aluminum,110658.0,108815.79138309695,No comparison,
Canada,Cars,PHEV,2033,983352.232853449,1.0,Canada Net-zero,Vehicle body,PHEV,Chromium,12789.0,12576.091705962759,No comparison,
Canada,Cars,PHEV,2033,983352.232853449,1.0,Canada Net-zero,Vehicle body,PHEV,Iron,902171.34,887152.2016053881,No comparison,
Canada,Cars,PHEV,2033,983352.232853449,1.0,Canada Net-zero,Vehicle body,PHEV,Lead,320.0,314.67271451310364,No comparison,
Canada,Cars,PHEV,2033,983352.232853449,1.0,Canada Net-zero,Vehicle body,PHEV,Zinc,100.0,98.3352232853449,No comparison,
Canada,Vans,PHEV,2033,101507.32726229151,1.9577507575642077,Canada Net-zero,Vehicle body,PHEV,Aluminum,110658.0,21990.626891892323,No comparison,
Canada,Vans,PHEV,2033,101507.32726229151,1.9577507575642077,Canada Net-zero,Vehicle body,PHEV,Chromium,12789.0,2541.5074131143783,No comparison,
Canada,Vans,PHEV,2033,101507.32726229151,1.9577507575642077,Canada Net-zero,Vehicle body,PHEV,Iron,902171.34,179284.943976021,No comparison,
Canada,Vans,PHEV,2033,101507.32726229151,1.9577507575642077,Canada Net-zero,Vehicle body,PHEV,Lead,320.0,63.59233499074213,No comparison,
Canada,Vans,PHEV,2033,101507.32726229151,1.9577507575642077,Canada Net-zero,Vehicle body,PHEV,Zinc,100.0,19.872604684606916,No comparison,
Canada,2 and 3 wheelers,BEV,2034,3120.600831957586,0.09808569078889517,Canada Net-zero,Vehicle body,BEV,Aluminum,127302.0,38.96539667048827,No comparison,
Canada,2 and 3 wheelers,BEV,2034,3120.600831957586,0.09808569078889517,Canada Net-zero,Vehicle body,BEV,Chromium,11850.0,3.6271225161056853,No comparison,
Canada,2 and 3 wheelers,BEV,2034,3120.600831957586,0.09808569078889517,Canada Net-zero,Vehicle body,BEV,Iron,902171.34,276.1422768522564,No comparison,
Canada,2 and 3 wheelers,BEV,2034,3120.600831957586,0.09808569078889517,Canada Net-zero,Vehicle body,BEV,Lead,310.0,0.09488674936647784,No comparison,
Canada,2 and 3 wheelers,BEV,2034,3120.600831957586,0.09808569078889517,Canada Net-zero,Vehicle body,BEV,Zinc,100.0,0.03060862882789608,No comparison,
Canada,Buses,BEV,2034,3854.8598512417234,5.6752374182090595,Canada Net-zero,Vehicle body,BEV,Aluminum,127302.0,2785.0170264049475,No comparison,
Canada,Buses,BEV,2034,3854.8598512417234,5.6752374182090595,Canada Net-zero,Vehicle body,BEV,Chromium,11850.0,259.2453517061682,No comparison,
Canada,Buses,BEV,2034,3854.8598512417234,5.6752374182090595,Canada Net-zero,Vehicle body,BEV,Iron,902171.34,19737.023319622367,No comparison,
Canada,Buses,BEV,2034,3854.8598512417234,5.6752374182090595,Canada Net-zero,Vehicle body,BEV,Lead,310.0,6.78194590961284,No comparison,
Canada,Buses,BEV,2034,3854.8598512417234,5.6752374182090595,Canada Net-zero,Vehicle body,BEV,Zinc,100.0,2.1877244869718835,No comparison,
Canada,Cars,BEV,2034,3487730.3415996544,1.0,Canada Net-zero,Vehicle body,BEV,Aluminum,127302.0,443995.0479463192,No comparison,
Canada,Cars,BEV,2034,3487730.3415996544,1.0,Canada Net-zero,Vehicle body,BEV,Chromium,11850.0,41329.6045479559,No comparison,
Canada,Cars,BEV,2034,3487730.3415996544,1.0,Canada Net-zero,Vehicle body,BEV,Iron,902171.34,3146530.3558396176,No comparison,
Canada,Cars,BEV,2034,3487730.3415996544,1.0,Canada Net-zero,Vehicle body,BEV,Lead,310.0,1081.196405895893,No comparison,
Canada,Cars,BEV,2034,3487730.3415996544,1.0,Canada Net-zero,Vehicle body,BEV,Zinc,100.0,348.77303415996545,No comparison,
Canada,Trucks,BEV,2034,36712.95096420689,3.6892781241792854,Canada Net-zero,Vehicle body,BEV,Aluminum,127302.0,17242.328606655665,No comparison,
Canada,Trucks,BEV,2034,36712.95096420689,3.6892781241792854,Canada Net-zero,Vehicle body,BEV,Chromium,11850.0,1605.0147993658359,No comparison,
Canada,Trucks,BEV,2034,36712.95096420689,3.6892781241792854,Canada Net-zero,Vehicle body,BEV,Iron,902171.34,122193.95377752803,No comparison,
Canada,Trucks,BEV,2034,36712.95096420689,3.6892781241792854,Canada Net-zero,Vehicle body,BEV,Lead,310.0,41.98772892855773,No comparison,
Canada,Trucks,BEV,2034,36712.95096420689,3.6892781241792854,Canada Net-zero,Vehicle body,BEV,Zinc,100.0,13.544428686631527,No comparison,
Canada,Vans,BEV,2034,201921.23030313788,1.9577507575642077,Canada Net-zero,Vehicle body,BEV,Aluminum,127302.0,50323.93713783313,No comparison,
Canada,Vans,BEV,2034,201921.23030313788,1.9577507575642077,Canada Net-zero,Vehicle body,BEV,Chromium,11850.0,4684.440582892041,No comparison,
Canada,Vans,BEV,2034,201921.23030313788,1.9577507575642077,Canada Net-zero,Vehicle body,BEV,Iron,902171.34,356638.6529804298,No comparison,
Canada,Vans,BEV,2034,201921.23030313788,1.9577507575642077,Canada Net-zero,Vehicle body,BEV,Lead,310.0,122.54654689422217,No comparison,
Canada,Vans,BEV,2034,201921.23030313788,1.9577507575642077,Canada Net-zero,Vehicle body,BEV,Zinc,100.0,39.5311441594265,No comparison,
Canada,Buses,FCEV,2034,238.6341812673448,5.6752374182090595,Canada Net-zero,Vehicle body,ICEV,Aluminum,71300.0,96.56199176067805,No comparison,
Canada,Buses,FCEV,2034,238.6341812673448,5.6752374182090595,Canada Net-zero,Vehicle body,ICEV,Iron,902171.34,1221.8157293099562,No comparison,
Canada,Buses,FCEV,2034,238.6341812673448,5.6752374182090595,Canada Net-zero,Vehicle body,ICEV,Lead,300.0,0.4062916904376356,No comparison,
Canada,Buses,FCEV,2034,238.6341812673448,5.6752374182090595,Canada Net-zero,Vehicle body,ICEV,Zinc,100.0,0.13543056347921184,No comparison,
Canada,Cars,FCEV,2034,367.1295096420689,1.0,Canada Net-zero,Vehicle body,ICEV,Aluminum,71300.0,26.176334037479513,No comparison,
Canada,Cars,FCEV,2034,367.1295096420689,1.0,Canada Net-zero,Vehicle body,ICEV,Iron,902171.34,331.21372166732823,No comparison,
Canada,Cars,FCEV,2034,367.1295096420689,1.0,Canada Net-zero,Vehicle body,ICEV,Lead,300.0,0.11013885289262068,No comparison,
Canada,Cars,FCEV,2034,367.1295096420689,1.0,Canada Net-zero,Vehicle body,ICEV,Zinc,100.0,0.03671295096420689,No comparison,
Canada,Trucks,FCEV,2034,110.13885289262066,3.6892781241792854,Canada Net-zero,Vehicle body,ICEV,Aluminum,71300.0,28.971532960704835,No comparison,
Canada,Trucks,FCEV,2034,110.13885289262066,3.6892781241792854,Canada Net-zero,Vehicle body,ICEV,Iron,902171.34,366.5818613325841,No comparison,
Canada,Trucks,FCEV,2034,110.13885289262066,3.6892781241792854,Canada Net-zero,Vehicle body,ICEV,Lead,300.0,0.12189985817968374,No comparison,
Canada,Trucks,FCEV,2034,110.13885289262066,3.6892781241792854,Canada Net-zero,Vehicle body,ICEV,Zinc,100.0,0.04063328605989458,No comparison,
Canada,Cars,PHEV,2034,1138101.4798904136,1.0,Canada Net-zero,Vehicle body,PHEV,Aluminum,110658.0,125940.03356171338,No comparison,
Canada,Cars,PHEV,2034,1138101.4798904136,1.0,Canada Net-zero,Vehicle body,PHEV,Chromium,12789.0,14555.1798263185,No comparison,
Canada,Cars,PHEV,2034,1138101.4798904136,1.0,Canada Net-zero,Vehicle body,PHEV,Iron,902171.34,1026762.5371687174,No comparison,
Canada,Cars,PHEV,2034,1138101.4798904136,1.0,Canada Net-zero,Vehicle body,PHEV,Lead,320.0,364.19247356493236,No comparison,
Canada,Cars,PHEV,2034,1138101.4798904136,1.0,Canada Net-zero,Vehicle body,PHEV,Zinc,100.0,113.81014798904135,No comparison,
Canada,Vans,PHEV,2034,117481.44308546204,1.9577507575642077,Canada Net-zero,Vehicle body,PHEV,Aluminum,110658.0,25451.271856836756,No comparison,
Canada,Vans,PHEV,2034,117481.44308546204,1.9577507575642077,Canada Net-zero,Vehicle body,PHEV,Chromium,12789.0,2941.4621245376325,No comparison,
Canada,Vans,PHEV,2034,117481.44308546204,1.9577507575642077,Canada Net-zero,Vehicle body,PHEV,Iron,902171.34,207498.85264315916,No comparison,
Canada,Vans,PHEV,2034,117481.44308546204,1.9577507575642077,Canada Net-zero,Vehicle body,PHEV,Lead,320.0,73.5998029440959,No comparison,
Canada,Vans,PHEV,2034,117481.44308546204,1.9577507575642077,Canada Net-zero,Vehicle body,PHEV,Zinc,100.0,22.999938420029963,No comparison,
Canada,2 and 3 wheelers,BEV,2035,3504.9057095012404,0.09808569078889517,Canada Net-zero,Vehicle body,BEV,Aluminum,127302.0,43.76402129512448,No comparison,
Canada,2 and 3 wheelers,BEV,2035,3504.9057095012404,0.09808569078889517,Canada Net-zero,Vehicle body,BEV,Chromium,11850.0,4.073806007346507,No comparison,
Canada,2 and 3 wheelers,BEV,2035,3504.9057095012404,0.09808569078889517,Canada Net-zero,Vehicle body,BEV,Iron,902171.34,310.1494535483416,No comparison,
Canada,2 and 3 wheelers,BEV,2035,3504.9057095012404,0.09808569078889517,Canada Net-zero,Vehicle body,BEV,Lead,310.0,0.1065721402765753,No comparison,
Canada,2 and 3 wheelers,BEV,2035,3504.9057095012404,0.09808569078889517,Canada Net-zero,Vehicle body,BEV,Zinc,100.0,0.034378109766637195,No comparison,
Canada,Buses,BEV,2035,4329.589405854474,5.6752374182090595,Canada Net-zero,Vehicle body,BEV,Aluminum,127302.0,3127.9944480376075,No comparison,
Canada,Buses,BEV,2035,4329.589405854474,5.6752374182090595,Canada Net-zero,Vehicle body,BEV,Chromium,11850.0,291.171656448804,No comparison,
Canada,Buses,BEV,2035,4329.589405854474,5.6752374182090595,Canada Net-zero,Vehicle body,BEV,Iron,902171.34,22167.65598889765,No comparison,
Canada,Buses,BEV,2035,4329.589405854474,5.6752374182090595,Canada Net-zero,Vehicle body,BEV,Lead,310.0,7.61714881849192,No comparison,
Canada,Buses,BEV,2035,4329.589405854474,5.6752374182090595,Canada Net-zero,Vehicle body,BEV,Zinc,100.0,2.457144780158684,No comparison,
Canada,Cars,BEV,2035,3917247.5576778566,1.0,Canada Net-zero,Vehicle body,BEV,Aluminum,127302.0,498673.44858750654,No comparison,
Canada,Cars,BEV,2035,3917247.5576778566,1.0,Canada Net-zero,Vehicle body,BEV,Chromium,11850.0,46419.38355848261,No comparison,
Canada,Cars,BEV,2035,3917247.5576778566,1.0,Canada Net-zero,Vehicle body,BEV,Iron,902171.34,3534028.478221959,No comparison,
Canada,Cars,BEV,2035,3917247.5576778566,1.0,Canada Net-zero,Vehicle body,BEV,Lead,310.0,1214.3467428801355,No comparison,
Canada,Cars,BEV,2035,3917247.5576778566,1.0,Canada Net-zero,Vehicle body,BEV,Zinc,100.0,391.72475576778567,No comparison,
Canada,Trucks,BEV,2035,41234.18481766165,3.6892781241792854,Canada Net-zero,Vehicle body,BEV,Aluminum,127302.0,19365.737315609804,No comparison,
Canada,Trucks,BEV,2035,41234.18481766165,3.6892781241792854,Canada Net-zero,Vehicle body,BEV,Chromium,11850.0,1802.6738557915521,No comparison,
Canada,Trucks,BEV,2035,41234.18481766165,3.6892781241792854,Canada Net-zero,Vehicle body,BEV,Iron,902171.34,137242.25215716718,No comparison,
Canada,Trucks,BEV,2035,41234.18481766165,3.6892781241792854,Canada Net-zero,Vehicle body,BEV,Lead,310.0,47.15855656501106,No comparison,
Canada,Trucks,BEV,2035,41234.18481766165,3.6892781241792854,Canada Net-zero,Vehicle body,BEV,Zinc,100.0,15.212437601616472,No comparison,
Canada,Vans,BEV,2035,226788.01649713906,1.9577507575642077,Canada Net-zero,Vehicle body,BEV,Aluminum,127302.0,56521.3765223306,No comparison,
Canada,Vans,BEV,2035,226788.01649713906,1.9577507575642077,Canada Net-zero,Vehicle body,BEV,Chromium,11850.0,5261.333771579532,No comparison,
Canada,Vans,BEV,2035,226788.01649713906,1.9577507575642077,Canada Net-zero,Vehicle body,BEV,Iron,902171.34,400559.03281798825,No comparison,
Canada,Vans,BEV,2035,226788.01649713906,1.9577507575642077,Canada Net-zero,Vehicle body,BEV,Lead,310.0,137.638267442165,No comparison,
Canada,Vans,BEV,2035,226788.01649713906,1.9577507575642077,Canada Net-zero,Vehicle body,BEV,Zinc,100.0,44.399441110375804,No comparison,
Canada,Buses,FCEV,2035,268.0222013148007,5.6752374182090595,Canada Net-zero,Vehicle body,ICEV,Aluminum,71300.0,108.45369032043257,No comparison,
Canada,Buses,FCEV,2035,268.0222013148007,5.6752374182090595,Canada Net-zero,Vehicle body,ICEV,Iron,902171.34,1372.2834659793784,No comparison,
Canada,Buses,FCEV,2035,268.0222013148007,5.6752374182090595,Canada Net-zero,Vehicle body,ICEV,Lead,300.0,0.4563268877437555,No comparison,
Canada,Buses,FCEV,2035,268.0222013148007,5.6752374182090595,Canada Net-zero,Vehicle body,ICEV,Zinc,100.0,0.15210896258125187,No comparison,
Canada,Cars,FCEV,2035,412.3418481766165,1.0,Canada Net-zero,Vehicle body,ICEV,Aluminum,71300.0,29.399973774992755,No comparison,
Canada,Cars,FCEV,2035,412.3418481766165,1.0,Canada Net-zero,Vehicle body,ICEV,Iron,902171.34,372.00299770757465,No comparison,
Canada,Cars,FCEV,2035,412.3418481766165,1.0,Canada Net-zero,Vehicle body,ICEV,Lead,300.0,0.12370255445298496,No comparison,
Canada,Cars,FCEV,2035,412.3418481766165,1.0,Canada Net-zero,Vehicle body,ICEV,Zinc,100.0,0.04123418481766165,No comparison,
Canada,Trucks,FCEV,2035,123.70255445298494,3.6892781241792854,Canada Net-zero,Vehicle body,ICEV,Aluminum,71300.0,32.539404029857636,No comparison,
Canada,Trucks,FCEV,2035,123.70255445298494,3.6892781241792854,Canada Net-zero,Vehicle body,ICEV,Iron,902171.34,411.7267564715016,No comparison,
Canada,Trucks,FCEV,2035,123.70255445298494,3.6892781241792854,Canada Net-zero,Vehicle body,ICEV,Lead,300.0,0.13691193841454827,No comparison,
Canada,Trucks,FCEV,2035,123.70255445298494,3.6892781241792854,Canada Net-zero,Vehicle body,ICEV,Zinc,100.0,0.045637312804849416,No comparison,
Canada,Cars,PHEV,2035,1278259.7293475112,1.0,Canada Net-zero,Vehicle body,PHEV,Aluminum,110658.0,141449.6651301369,No comparison,
Canada,Cars,PHEV,2035,1278259.7293475112,1.0,Canada Net-zero,Vehicle body,PHEV,Chromium,12789.0,16347.66367862532,No comparison,
Canada,Cars,PHEV,2035,1278259.7293475112,1.0,Canada Net-zero,Vehicle body,PHEV,Iron,902171.34,1153209.2928934814,No comparison,
Canada,Cars,PHEV,2035,1278259.7293475112,1.0,Canada Net-zero,Vehicle body,PHEV,Lead,320.0,409.0431133912036,No comparison,
Canada,Cars,PHEV,2035,1278259.7293475112,1.0,Canada Net-zero,Vehicle body,PHEV,Zinc,100.0,127.82597293475112,No comparison,
Canada,Vans,PHEV,2035,131949.3914165173,1.9577507575642077,Canada Net-zero,Vehicle body,PHEV,Aluminum,110658.0,28585.61951646235,No comparison,
Canada,Vans,PHEV,2035,131949.3914165173,1.9577507575642077,Canada Net-zero,Vehicle body,PHEV,Chromium,12789.0,3303.705904643469,No comparison,
Canada,Vans,PHEV,2035,131949.3914165173,1.9577507575642077,Canada Net-zero,Vehicle body,PHEV,Iron,902171.34,233052.52818501138,No comparison,
Canada,Vans,PHEV,2035,131949.3914165173,1.9577507575642077,Canada Net-zero,Vehicle body,PHEV,Lead,320.0,82.66368672186333,No comparison,
Canada,Vans,PHEV,2035,131949.3914165173,1.9577507575642077,Canada Net-zero,Vehicle body,PHEV,Zinc,100.0,25.83240210058229,No comparison,
Canada,2 and 3 wheelers,BEV,2036,3928.340996100569,0.09808569078889517,Canada Net-zero,Vehicle body,BEV,Aluminum,127302.0,49.05124795277891,No comparison,
Canada,2 and 3 wheelers,BEV,2036,3928.340996100569,0.09808569078889517,Canada Net-zero,Vehicle body,BEV,Chromium,11850.0,4.565971377043802,No comparison,
Canada,2 and 3 wheelers,BEV,2036,3928.340996100569,0.09808569078889517,Canada Net-zero,Vehicle body,BEV,Iron,902171.34,347.61928401934614,No comparison,
Canada,2 and 3 wheelers,BEV,2036,3928.340996100569,0.09808569078889517,Canada Net-zero,Vehicle body,BEV,Lead,310.0,0.11944735247962687,No comparison,
Canada,2 and 3 wheelers,BEV,2036,3928.340996100569,0.09808569078889517,Canada Net-zero,Vehicle body,BEV,Zinc,100.0,0.03853140402568609,No comparison,
Canada,Buses,BEV,2036,4852.65652459482,5.6752374182090595,Canada Net-zero,Vehicle body,BEV,Aluminum,127302.0,3505.894264855902,No comparison,
Canada,Buses,BEV,2036,4852.65652459482,5.6752374182090595,Canada Net-zero,Vehicle body,BEV,Chromium,11850.0,326.3487379502477,No comparison,
Canada,Buses,BEV,2036,4852.65652459482,5.6752374182090595,Canada Net-zero,Vehicle body,BEV,Iron,902171.34,24845.778753070364,No comparison,
Canada,Buses,BEV,2036,4852.65652459482,5.6752374182090595,Canada Net-zero,Vehicle body,BEV,Lead,310.0,8.537393144690025,No comparison,
Canada,Buses,BEV,2036,4852.65652459482,5.6752374182090595,Canada Net-zero,Vehicle body,BEV,Zinc,100.0,2.7539977886096856,No comparison,
Canada,Cars,BEV,2036,4390498.760347695,1.0,Canada Net-zero,Vehicle body,BEV,Aluminum,127302.0,558919.2731897823,No comparison,
Canada,Cars,BEV,2036,4390498.760347695,1.0,Canada Net-zero,Vehicle body,BEV,Chromium,11850.0,52027.41031012018,No comparison,
Canada,Cars,BEV,2036,4390498.760347695,1.0,Canada Net-zero,Vehicle body,BEV,Iron,902171.34,3960982.1498912186,No comparison,
Canada,Cars,BEV,2036,4390498.760347695,1.0,Canada Net-zero,Vehicle body,BEV,Lead,310.0,1361.0546157077854,No comparison,
Canada,Cars,BEV,2036,4390498.760347695,1.0,Canada Net-zero,Vehicle body,BEV,Zinc,100.0,439.0498760347695,No comparison,
Canada,Trucks,BEV,2036,46215.77642471258,3.6892781241792854,Canada Net-zero,Vehicle body,BEV,Aluminum,127302.0,21705.35418696052,No comparison,
Canada,Trucks,BEV,2036,46215.77642471258,3.6892781241792854,Canada Net-zero,Vehicle body,BEV,Chromium,11850.0,2020.4588075244865,No comparison,
Canada,Trucks,BEV,2036,46215.77642471258,3.6892781241792854,Canada Net-zero,Vehicle body,BEV,Iron,902171.34,153822.7873248243,No comparison,
Canada,Trucks,BEV,2036,46215.77642471258,3.6892781241792854,Canada Net-zero,Vehicle body,BEV,Lead,310.0,52.85588441625239,No comparison,
Canada,Trucks,BEV,2036,46215.77642471258,3.6892781241792854,Canada Net-zero,Vehicle body,BEV,Zinc,100.0,17.050285295565285,No comparison,
Canada,Vans,BEV,2036,254186.7703359192,1.9577507575642077,Canada Net-zero,Vehicle body,BEV,Aluminum,127302.0,63349.847029209785,No comparison,
Canada,Vans,BEV,2036,254186.7703359192,1.9577507575642077,Canada Net-zero,Vehicle body,BEV,Chromium,11850.0,5896.966954927149,No comparison,
Canada,Vans,BEV,2036,254186.7703359192,1.9577507575642077,Canada Net-zero,Vehicle body,BEV,Iron,902171.34,448951.44132171693,No comparison,
Canada,Vans,BEV,2036,254186.7703359192,1.9577507575642077,Canada Net-zero,Vehicle body,BEV,Lead,310.0,154.266646078263,No comparison,
Canada,Vans,BEV,2036,254186.7703359192,1.9577507575642077,Canada Net-zero,Vehicle body,BEV,Zinc,100.0,49.76343421879451,No comparison,
Canada,Buses,FCEV,2036,300.40254676063176,5.6752374182090595,Canada Net-zero,Vehicle body,ICEV,Aluminum,71300.0,121.55621667915798,No comparison,
Canada,Buses,FCEV,2036,300.40254676063176,5.6752374182090595,Canada Net-zero,Vehicle body,ICEV,Iron,902171.34,1538.0720180472133,No comparison,
Canada,Buses,FCEV,2036,300.40254676063176,5.6752374182090595,Canada Net-zero,Vehicle body,ICEV,Lead,300.0,0.5114567321703701,No comparison,
Canada,Buses,FCEV,2036,300.40254676063176,5.6752374182090595,Canada Net-zero,Vehicle body,ICEV,Zinc,100.0,0.1704855773901234,No comparison,
Canada,Cars,FCEV,2036,462.1577642471258,1.0,Canada Net-zero,Vehicle body,ICEV,Aluminum,71300.0,32.95184859082006,No comparison,
Canada,Cars,FCEV,2036,462.1577642471258,1.0,Canada Net-zero,Vehicle body,ICEV,Iron,902171.34,416.9454894622335,No comparison,
Canada,Cars,FCEV,2036,462.1577642471258,1.0,Canada Net-zero,Vehicle body,ICEV,Lead,300.0,0.13864732927413773,No comparison,
Canada,Cars,FCEV,2036,462.1577642471258,1.0,Canada Net-zero,Vehicle body,ICEV,Zinc,100.0,0.046215776424712585,No comparison,
Canada,Trucks,FCEV,2036,138.64732927413775,3.6892781241792854,Canada Net-zero,Vehicle body,ICEV,Aluminum,71300.0,36.470560247214145,No comparison,
Canada,Trucks,FCEV,2036,138.64732927413775,3.6892781241792854,Canada Net-zero,Vehicle body,ICEV,Iron,902171.34,461.4683619744729,No comparison,
Canada,Trucks,FCEV,2036,138.64732927413775,3.6892781241792854,Canada Net-zero,Vehicle body,ICEV,Lead,300.0,0.15345256766008758,No comparison,
Canada,Trucks,FCEV,2036,138.64732927413775,3.6892781241792854,Canada Net-zero,Vehicle body,ICEV,Zinc,100.0,0.051150855886695865,No comparison,
Canada,Cars,PHEV,2036,1432689.0691660899,1.0,Canada Net-zero,Vehicle body,PHEV,Aluminum,110658.0,158538.50701578116,No comparison,
Canada,Cars,PHEV,2036,1432689.0691660899,1.0,Canada Net-zero,Vehicle body,PHEV,Chromium,12789.0,18322.660505565123,No comparison,
Canada,Cars,PHEV,2036,1432689.0691660899,1.0,Canada Net-zero,Vehicle body,PHEV,Iron,902171.34,1292531.0173329238,No comparison,
Canada,Cars,PHEV,2036,1432689.0691660899,1.0,Canada Net-zero,Vehicle body,PHEV,Lead,320.0,458.4605021331488,No comparison,
Canada,Cars,PHEV,2036,1432689.0691660899,1.0,Canada Net-zero,Vehicle body,PHEV,Zinc,100.0,143.26890691660898,No comparison,
Canada,Vans,PHEV,2036,147890.48455908024,1.9577507575642077,Canada Net-zero,Vehicle body,PHEV,Aluminum,110658.0,32039.110422012287,No comparison,
Canada,Vans,PHEV,2036,147890.48455908024,1.9577507575642077,Canada Net-zero,Vehicle body,PHEV,Chromium,12789.0,3702.8338049405843,No comparison,
Canada,Vans,PHEV,2036,147890.48455908024,1.9577507575642077,Canada Net-zero,Vehicle body,PHEV,Iron,902171.34,261208.11131445345,No comparison,
Canada,Vans,PHEV,2036,147890.48455908024,1.9577507575642077,Canada Net-zero,Vehicle body,PHEV,Lead,320.0,92.65046661826467,No comparison,
Canada,Vans,PHEV,2036,147890.48455908024,1.9577507575642077,Canada Net-zero,Vehicle body,PHEV,Zinc,100.0,28.95327081820771,No comparison,
Canada,2 and 3 wheelers,BEV,2037,4344.210734974763,0.09808569078889517,Canada Net-zero,Vehicle body,BEV,Aluminum,127302.0,54.244007363895285,No comparison,
Canada,2 and 3 wheelers,BEV,2037,4344.210734974763,0.09808569078889517,Canada Net-zero,Vehicle body,BEV,Chromium,11850.0,5.049343193839524,No comparison,
Canada,2 and 3 wheelers,BEV,2037,4344.210734974763,0.09808569078889517,Canada Net-zero,Vehicle body,BEV,Iron,902171.34,384.4196384224542,No comparison,
Canada,2 and 3 wheelers,BEV,2037,4344.210734974763,0.09808569078889517,Canada Net-zero,Vehicle body,BEV,Lead,310.0,0.13209252237048544,No comparison,
Canada,2 and 3 wheelers,BEV,2037,4344.210734974763,0.09808569078889517,Canada Net-zero,Vehicle body,BEV,Zinc,100.0,0.042610491087253365,No comparison,
Canada,Buses,BEV,2037,5366.377966733531,5.6752374182090595,Canada Net-zero,Vehicle body,BEV,Aluminum,127302.0,3877.042119355658,No comparison,
Canada,Buses,BEV,2037,5366.377966733531,5.6752374182090595,Canada Net-zero,Vehicle body,BEV,Chromium,11850.0,360.8973080891467,No comparison,
Canada,Buses,BEV,2037,5366.377966733531,5.6752374182090595,Canada Net-zero,Vehicle body,BEV,Iron,902171.34,27476.051311491836,No comparison,
Canada,Buses,BEV,2037,5366.377966733531,5.6752374182090595,Canada Net-zero,Vehicle body,BEV,Lead,310.0,9.441195401488224,No comparison,
Canada,Buses,BEV,2037,5366.377966733531,5.6752374182090595,Canada Net-zero,Vehicle body,BEV,Zinc,100.0,3.0455469037058784,No comparison,
Canada,Cars,BEV,2037,4855294.350854147,1.0,Canada Net-zero,Vehicle body,BEV,Aluminum,127302.0,618088.6814524347,No comparison,
Canada,Cars,BEV,2037,4855294.350854147,1.0,Canada Net-zero,Vehicle body,BEV,Chromium,11850.0,57535.238057621646,No comparison,
Canada,Cars,BEV,2037,4855294.350854147,1.0,Canada Net-zero,Vehicle body,BEV,Iron,902171.34,4380307.410604516,No comparison,
Canada,Cars,BEV,2037,4855294.350854147,1.0,Canada Net-zero,Vehicle body,BEV,Lead,310.0,1505.1412487647856,No comparison,
Canada,Cars,BEV,2037,4855294.350854147,1.0,Canada Net-zero,Vehicle body,BEV,Zinc,100.0,485.5294350854147,No comparison,
Canada,Trucks,BEV,2037,51108.36158793839,3.6892781241792854,Canada Net-zero,Vehicle body,BEV,Aluminum,127302.0,24003.168960897743,No comparison,
Canada,Trucks,BEV,2037,51108.36158793839,3.6892781241792854,Canada Net-zero,Vehicle body,BEV,Chromium,11850.0,2234.3525803729576,No comparison,
Canada,Trucks,BEV,2037,51108.36158793839,3.6892781241792854,Canada Net-zero,Vehicle body,BEV,Iron,902171.34,170107.07691709104,No comparison,
Canada,Trucks,BEV,2037,51108.36158793839,3.6892781241792854,Canada Net-zero,Vehicle body,BEV,Lead,310.0,58.45141771439805,No comparison,
Canada,Trucks,BEV,2037,51108.36158793839,3.6892781241792854,Canada Net-zero,Vehicle body,BEV,Zinc,100.0,18.855296036902594,No comparison,
Canada,Vans,BEV,2037,281095.9887336611,1.9577507575642077,Canada Net-zero,Vehicle body,BEV,Aluminum,127302.0,70056.31277846856,No comparison,
Canada,Vans,BEV,2037,281095.9887336611,1.9577507575642077,Canada Net-zero,Vehicle body,BEV,Chromium,11850.0,6521.243235965283,No comparison,
Canada,Vans,BEV,2037,281095.9887336611,1.9577507575642077,Canada Net-zero,Vehicle body,BEV,Iron,902171.34,496479.2192959271,No comparison,
Canada,Vans,BEV,2037,281095.9887336611,1.9577507575642077,Canada Net-zero,Vehicle body,BEV,Lead,310.0,170.59792431639138,No comparison,
Canada,Vans,BEV,2037,281095.9887336611,1.9577507575642077,Canada Net-zero,Vehicle body,BEV,Zinc,100.0,55.03158848915851,No comparison,
Canada,Buses,FCEV,2037,332.2043503215995,5.6752374182090595,Canada Net-zero,Vehicle body,ICEV,Aluminum,71300.0,134.42463928785614,No comparison,
Canada,Buses,FCEV,2037,332.2043503215995,5.6752374182090595,Canada Net-zero,Vehicle body,ICEV,Iron,902171.34,1700.8984145209229,No comparison,
Canada,Buses,FCEV,2037,332.2043503215995,5.6752374182090595,Canada Net-zero,Vehicle body,ICEV,Lead,300.0,0.5656015678310917,No comparison,
Canada,Buses,FCEV,2037,332.2043503215995,5.6752374182090595,Canada Net-zero,Vehicle body,ICEV,Zinc,100.0,0.18853385594369723,No comparison,
Canada,Cars,FCEV,2037,511.0836158793839,1.0,Canada Net-zero,Vehicle body,ICEV,Aluminum,71300.0,36.44026181220007,No comparison,
Canada,Cars,FCEV,2037,511.0836158793839,1.0,Canada Net-zero,Vehicle body,ICEV,Iron,902171.34,461.08499058994903,No comparison,
Canada,Cars,FCEV,2037,511.0836158793839,1.0,Canada Net-zero,Vehicle body,ICEV,Lead,300.0,0.15332508476381515,No comparison,
Canada,Cars,FCEV,2037,511.0836158793839,1.0,Canada Net-zero,Vehicle body,ICEV,Zinc,100.0,0.05110836158793839,No comparison,
Canada,Trucks,FCEV,2037,153.32508476381517,3.6892781241792854,Canada Net-zero,Vehicle body,ICEV,Aluminum,71300.0,40.331478222934656,No comparison,
Canada,Trucks,FCEV,2037,153.32508476381517,3.6892781241792854,Canada Net-zero,Vehicle body,ICEV,Iron,902171.34,510.32123075127316,No comparison,
Canada,Trucks,FCEV,2037,153.32508476381517,3.6892781241792854,Canada Net-zero,Vehicle body,ICEV,Lead,300.0,0.16969766433212338,No comparison,
Canada,Trucks,FCEV,2037,153.32508476381517,3.6892781241792854,Canada Net-zero,Vehicle body,ICEV,Zinc,100.0,0.0565658881107078,No comparison,
Canada,Cars,PHEV,2037,1584359.20922609,1.0,Canada Net-zero,Vehicle body,PHEV,Aluminum,110658.0,175322.02137454067,No comparison,
Canada,Cars,PHEV,2037,1584359.20922609,1.0,Canada Net-zero,Vehicle body,PHEV,Chromium,12789.0,20262.369926792464,No comparison,
Canada,Cars,PHEV,2037,1584359.20922609,1.0,Canada Net-zero,Vehicle body,PHEV,Iron,902171.34,1429363.4708288421,No comparison,
Canada,Cars,PHEV,2037,1584359.20922609,1.0,Canada Net-zero,Vehicle body,PHEV,Lead,320.0,506.9949469523488,No comparison,
Canada,Cars,PHEV,2037,1584359.20922609,1.0,Canada Net-zero,Vehicle body,PHEV,Zinc,100.0,158.435920922609,No comparison,
Canada,Vans,PHEV,2037,163546.75708140284,1.9577507575642077,Canada Net-zero,Vehicle body,PHEV,Aluminum,110658.0,35430.89756528467,No comparison,
Canada,Vans,PHEV,2037,163546.75708140284,1.9577507575642077,Canada Net-zero,Vehicle body,PHEV,Chromium,12789.0,4094.830459274753,No comparison,
Canada,Vans,PHEV,2037,163546.75708140284,1.9577507575642077,Canada Net-zero,Vehicle body,PHEV,Iron,902171.34,288860.63668126665,No comparison,
Canada,Vans,PHEV,2037,163546.75708140284,1.9577507575642077,Canada Net-zero,Vehicle body,PHEV,Lead,320.0,102.45881202345147,No comparison,
Canada,Vans,PHEV,2037,163546.75708140284,1.9577507575642077,Canada Net-zero,Vehicle body,PHEV,Zinc,100.0,32.018378757328584,No comparison,
Canada,2 and 3 wheelers,BEV,2038,4746.018674666714,0.09808569078889517,Canada Net-zero,Vehicle body,BEV,Aluminum,127302.0,59.26118405471445,No comparison,
Canada,2 and 3 wheelers,BEV,2038,4746.018674666714,0.09808569078889517,Canada Net-zero,Vehicle body,BEV,Chromium,11850.0,5.516370764389925,No comparison,
Canada,2 and 3 wheelers,BEV,2038,4746.018674666714,0.09808569078889517,Canada Net-zero,Vehicle body,BEV,Iron,902171.34,419.975662822488,No comparison,
Canada,2 and 3 wheelers,BEV,2038,4746.018674666714,0.09808569078889517,Canada Net-zero,Vehicle body,BEV,Lead,310.0,0.14431012126252124,No comparison,
Canada,2 and 3 wheelers,BEV,2038,4746.018674666714,0.09808569078889517,Canada Net-zero,Vehicle body,BEV,Zinc,100.0,0.046551652020168144,No comparison,
Canada,Buses,BEV,2038,5862.728951058883,5.6752374182090595,Canada Net-zero,Vehicle body,BEV,Aluminum,127302.0,4235.640355287291,No comparison,
Canada,Buses,BEV,2038,5862.728951058883,5.6752374182090595,Canada Net-zero,Vehicle body,BEV,Chromium,11850.0,394.277687783023,No comparison,
Canada,Buses,BEV,2038,5862.728951058883,5.6752374182090595,Canada Net-zero,Vehicle body,BEV,Iron,902171.34,30017.38649108114,No comparison,
Canada,Buses,BEV,2038,5862.728951058883,5.6752374182090595,Canada Net-zero,Vehicle body,BEV,Lead,310.0,10.314437401918747,No comparison,
Canada,Buses,BEV,2038,5862.728951058883,5.6752374182090595,Canada Net-zero,Vehicle body,BEV,Zinc,100.0,3.327237871586692,No comparison,
Canada,Cars,BEV,2038,5304373.812862799,1.0,Canada Net-zero,Vehicle body,BEV,Aluminum,127302.0,675257.39512506,No comparison,
Canada,Cars,BEV,2038,5304373.812862799,1.0,Canada Net-zero,Vehicle body,BEV,Chromium,11850.0,62856.82968242416,No comparison,
Canada,Cars,BEV,2038,5304373.812862799,1.0,Canada Net-zero,Vehicle body,BEV,Iron,902171.34,4785454.03061134,No comparison,
Canada,Cars,BEV,2038,5304373.812862799,1.0,Canada Net-zero,Vehicle body,BEV,Lead,310.0,1644.3558819874675,No comparison,
Canada,Cars,BEV,2038,5304373.812862799,1.0,Canada Net-zero,Vehicle body,BEV,Zinc,100.0,530.4373812862799,No comparison,
Canada,Trucks,BEV,2038,55835.5138196084,3.6892781241792854,Canada Net-zero,Vehicle body,BEV,Aluminum,127302.0,26223.287747633385,No comparison,
Canada,Trucks,BEV,2038,55835.5138196084,3.6892781241792854,Canada Net-zero,Vehicle body,BEV,Chromium,11850.0,2441.013965290849,No comparison,
Canada,Trucks,BEV,2038,55835.5138196084,3.6892781241792854,Canada Net-zero,Vehicle body,BEV,Iron,902171.34,185840.74599368422,No comparison,
Canada,Trucks,BEV,2038,55835.5138196084,3.6892781241792854,Canada Net-zero,Vehicle body,BEV,Lead,310.0,63.85774930296735,No comparison,
Canada,Trucks,BEV,2038,55835.5138196084,3.6892781241792854,Canada Net-zero,Vehicle body,BEV,Zinc,100.0,20.59927396869914,No comparison,
Canada,Vans,BEV,2038,307095.3260078462,1.9577507575642077,Canada Net-zero,Vehicle body,BEV,Aluminum,127302.0,76536.01287066378,No comparison,
Canada,Vans,BEV,2038,307095.3260078462,1.9577507575642077,Canada Net-zero,Vehicle body,BEV,Chromium,11850.0,7124.410869565017,No comparison,
Canada,Vans,BEV,2038,307095.3260078462,1.9577507575642077,Canada Net-zero,Vehicle body,BEV,Iron,902171.34,542399.9410047288,No comparison,
Canada,Vans,BEV,2038,307095.3260078462,1.9577507575642077,Canada Net-zero,Vehicle body,BEV,Lead,310.0,186.37699321224937,No comparison,
Canada,Vans,BEV,2038,307095.3260078462,1.9577507575642077,Canada Net-zero,Vehicle body,BEV,Zinc,100.0,60.121610713628826,No comparison,
Canada,Buses,FCEV,2038,362.93083982745463,5.6752374182090595,Canada Net-zero,Vehicle body,ICEV,Aluminum,71300.0,146.8579420558907,No comparison,
Canada,Buses,FCEV,2038,362.93083982745463,5.6752374182090595,Canada Net-zero,Vehicle body,ICEV,Iron,902171.34,1858.219163733594,No comparison,
Canada,Buses,FCEV,2038,362.93083982745463,5.6752374182090595,Canada Net-zero,Vehicle body,ICEV,Lead,300.0,0.6179156047232428,No comparison,
Canada,Buses,FCEV,2038,362.93083982745463,5.6752374182090595,Canada Net-zero,Vehicle body,ICEV,Zinc,100.0,0.20597186824108094,No comparison,
Canada,Cars,FCEV,2038,558.355138196084,1.0,Canada Net-zero,Vehicle body,ICEV,Aluminum,71300.0,39.81072135338079,No comparison,
Canada,Cars,FCEV,2038,558.355138196084,1.0,Canada Net-zero,Vehicle body,ICEV,Iron,902171.34,503.7320032222463,No comparison,
Canada,Cars,FCEV,2038,558.355138196084,1.0,Canada Net-zero,Vehicle body,ICEV,Lead,300.0,0.1675065414588252,No comparison,
Canada,Cars,FCEV,2038,558.355138196084,1.0,Canada Net-zero,Vehicle body,ICEV,Zinc,100.0,0.0558355138196084,No comparison,
Canada,Trucks,FCEV,2038,167.5065414588252,3.6892781241792854,Canada Net-zero,Vehicle body,ICEV,Aluminum,71300.0,44.06184701904747,No comparison,
Canada,Trucks,FCEV,2038,167.5065414588252,3.6892781241792854,Canada Net-zero,Vehicle body,ICEV,Iron,902171.34,557.5222379810527,No comparison,
Canada,Trucks,FCEV,2038,167.5065414588252,3.6892781241792854,Canada Net-zero,Vehicle body,ICEV,Lead,300.0,0.1853934657182923,No comparison,
Canada,Trucks,FCEV,2038,167.5065414588252,3.6892781241792854,Canada Net-zero,Vehicle body,ICEV,Zinc,100.0,0.06179782190609743,No comparison,
Canada,Cars,PHEV,2038,1730900.9284078605,1.0,Canada Net-zero,Vehicle body,PHEV,Aluminum,110658.0,191538.03493575702,No comparison,
Canada,Cars,PHEV,2038,1730900.9284078605,1.0,Canada Net-zero,Vehicle body,PHEV,Chromium,12789.0,22136.491973408127,No comparison,
Canada,Cars,PHEV,2038,1730900.9284078605,1.0,Canada Net-zero,Vehicle body,PHEV,Iron,902171.34,1561569.2099889633,No comparison,
Canada,Cars,PHEV,2038,1730900.9284078605,1.0,Canada Net-zero,Vehicle body,PHEV,Lead,320.0,553.8882970905154,No comparison,
Canada,Cars,PHEV,2038,1730900.9284078605,1.0,Canada Net-zero,Vehicle body,PHEV,Zinc,100.0,173.09009284078604,No comparison,
Canada,Vans,PHEV,2038,178673.6442227469,1.9577507575642077,Canada Net-zero,Vehicle body,PHEV,Aluminum,110658.0,38707.99824493812,No comparison,
Canada,Vans,PHEV,2038,178673.6442227469,1.9577507575642077,Canada Net-zero,Vehicle body,PHEV,Chromium,12789.0,4473.572534787485,No comparison,
Canada,Vans,PHEV,2038,178673.6442227469,1.9577507575642077,Canada Net-zero,Vehicle body,PHEV,Iron,902171.34,315578.14749366033,No comparison,
Canada,Vans,PHEV,2038,178673.6442227469,1.9577507575642077,Canada Net-zero,Vehicle body,PHEV,Lead,320.0,111.93550794682893,No comparison,
Canada,Vans,PHEV,2038,178673.6442227469,1.9577507575642077,Canada Net-zero,Vehicle body,PHEV,Zinc,100.0,34.979846233384045,No comparison,
Canada,2 and 3 wheelers,BEV,2039,5131.050834620323,0.09808569078889517,Canada Net-zero,Vehicle body,BEV,Aluminum,127302.0,64.06888989451447,No comparison,
Canada,2 and 3 wheelers,BEV,2039,5131.050834620323,0.09808569078889517,Canada Net-zero,Vehicle body,BEV,Chromium,11850.0,5.963899587202058,No comparison,
Canada,2 and 3 wheelers,BEV,2039,5131.050834620323,0.09808569078889517,Canada Net-zero,Vehicle body,BEV,Iron,902171.34,454.04719681109935,No comparison,
Canada,2 and 3 wheelers,BEV,2039,5131.050834620323,0.09808569078889517,Canada Net-zero,Vehicle body,BEV,Lead,310.0,0.15601762633186816,No comparison,
Canada,2 and 3 wheelers,BEV,2039,5131.050834620323,0.09808569078889517,Canada Net-zero,Vehicle body,BEV,Zinc,100.0,0.05032826655866716,No comparison,
Canada,Buses,BEV,2039,6338.356913354517,5.6752374182090595,Canada Net-zero,Vehicle body,BEV,Aluminum,127302.0,4579.266848686511,No comparison,
Canada,Buses,BEV,2039,6338.356913354517,5.6752374182090595,Canada Net-zero,Vehicle body,BEV,Chromium,11850.0,426.26441184690856,No comparison,
Canada,Buses,BEV,2039,6338.356913354517,5.6752374182090595,Canada Net-zero,Vehicle body,BEV,Iron,902171.34,32452.61904052636,No comparison,
Canada,Buses,BEV,2039,6338.356913354517,5.6752374182090595,Canada Net-zero,Vehicle body,BEV,Lead,310.0,11.151220900636426,No comparison,
Canada,Buses,BEV,2039,6338.356913354517,5.6752374182090595,Canada Net-zero,Vehicle body,BEV,Zinc,100.0,3.5971680324633635,No comparison,
Canada,Cars,BEV,2039,5734703.87398742,1.0,Canada Net-zero,Vehicle body,BEV,Aluminum,127302.0,730039.2725663466,No comparison,
Canada,Cars,BEV,2039,5734703.87398742,1.0,Canada Net-zero,Vehicle body,BEV,Chromium,11850.0,67956.24090675093,No comparison,
Canada,Cars,BEV,2039,5734703.87398742,1.0,Canada Net-zero,Vehicle body,BEV,Iron,902171.34,5173685.478498422,No comparison,
Canada,Cars,BEV,2039,5734703.87398742,1.0,Canada Net-zero,Vehicle body,BEV,Lead,310.0,1777.7582009361001,No comparison,
Canada,Cars,BEV,2039,5734703.87398742,1.0,Canada Net-zero,Vehicle body,BEV,Zinc,100.0,573.4703873987421,No comparison,
Canada,Trucks,BEV,2039,60365.303936709686,3.6892781241792854,Canada Net-zero,Vehicle body,BEV,Aluminum,127302.0,28350.714927060853,No comparison,
Canada,Trucks,BEV,2039,60365.303936709686,3.6892781241792854,Canada Net-zero,Vehicle body,BEV,Chromium,11850.0,2639.0470839866707,No comparison,
Canada,Trucks,BEV,2039,60365.303936709686,3.6892781241792854,Canada Net-zero,Vehicle body,BEV,Iron,902171.34,200917.5227074554,No comparison,
Canada,Trucks,BEV,2039,60365.303936709686,3.6892781241792854,Canada Net-zero,Vehicle body,BEV,Lead,310.0,69.03836253467237,No comparison,
Canada,Trucks,BEV,2039,60365.303936709686,3.6892781241792854,Canada Net-zero,Vehicle body,BEV,Zinc,100.0,22.270439527313673,No comparison,
Canada,Vans,BEV,2039,332009.17165190325,1.9577507575642077,Canada Net-zero,Vehicle body,BEV,Aluminum,127302.0,82745.18067422246,No comparison,
Canada,Vans,BEV,2039,332009.17165190325,1.9577507575642077,Canada Net-zero,Vehicle body,BEV,Chromium,11850.0,7702.395806739377,No comparison,
Canada,Vans,BEV,2039,332009.17165190325,1.9577507575642077,Canada Net-zero,Vehicle body,BEV,Iron,902171.34,586403.4384959025,No comparison,
Canada,Vans,BEV,2039,332009.17165190325,1.9577507575642077,Canada Net-zero,Vehicle body,BEV,Lead,310.0,201.49727426913137,No comparison,
Canada,Vans,BEV,2039,332009.17165190325,1.9577507575642077,Canada Net-zero,Vehicle body,BEV,Zinc,100.0,64.99912073197787,No comparison,
Canada,Buses,FCEV,2039,392.37447558861294,5.6752374182090595,Canada Net-zero,Vehicle body,ICEV,Aluminum,71300.0,158.77214520429956,No comparison,
Canada,Buses,FCEV,2039,392.37447558861294,5.6752374182090595,Canada Net-zero,Vehicle body,ICEV,Iron,902171.34,2008.9716548897268,No comparison,
Canada,Buses,FCEV,2039,392.37447558861294,5.6752374182090595,Canada Net-zero,Vehicle body,ICEV,Lead,300.0,0.668045491743196,No comparison,
Canada,Buses,FCEV,2039,392.37447558861294,5.6752374182090595,Canada Net-zero,Vehicle body,ICEV,Zinc,100.0,0.22268183058106533,No comparison,
Canada,Cars,FCEV,2039,603.6530393670969,1.0,Canada Net-zero,Vehicle body,ICEV,Aluminum,71300.0,43.040461706874005,No comparison,
Canada,Cars,FCEV,2039,603.6530393670969,1.0,Canada Net-zero,Vehicle body,ICEV,Iron,902171.34,544.5984714208865,No comparison,
Canada,Cars,FCEV,2039,603.6530393670969,1.0,Canada Net-zero,Vehicle body,ICEV,Lead,300.0,0.18109591181012907,No comparison,
Canada,Cars,FCEV,2039,603.6530393670969,1.0,Canada Net-zero,Vehicle body,ICEV,Zinc,100.0,0.060365303936709684,No comparison,
Canada,Trucks,FCEV,2039,181.09591181012905,3.6892781241792854,Canada Net-zero,Vehicle body,ICEV,Aluminum,71300.0,47.63647014892395,No comparison,
Canada,Trucks,FCEV,2039,181.09591181012905,3.6892781241792854,Canada Net-zero,Vehicle body,ICEV,Iron,902171.34,602.7525681223663,No comparison,
Canada,Trucks,FCEV,2039,181.09591181012905,3.6892781241792854,Canada Net-zero,Vehicle body,ICEV,Lead,300.0,0.20043395574582307,No comparison,
Canada,Trucks,FCEV,2039,181.09591181012905,3.6892781241792854,Canada Net-zero,Vehicle body,ICEV,Zinc,100.0,0.06681131858194102,No comparison,
Canada,Cars,PHEV,2039,1871324.4220380003,1.0,Canada Net-zero,Vehicle body,PHEV,Aluminum,110658.0,207077.01789388104,No comparison,
Canada,Cars,PHEV,2039,1871324.4220380003,1.0,Canada Net-zero,Vehicle body,PHEV,Chromium,12789.0,23932.368033443985,No comparison,
Canada,Cars,PHEV,2039,1871324.4220380003,1.0,Canada Net-zero,Vehicle body,PHEV,Iron,902171.34,1688255.2614047483,No comparison,
Canada,Cars,PHEV,2039,1871324.4220380003,1.0,Canada Net-zero,Vehicle body,PHEV,Lead,320.0,598.8238150521602,No comparison,
Canada,Cars,PHEV,2039,1871324.4220380003,1.0,Canada Net-zero,Vehicle body,PHEV,Zinc,100.0,187.13244220380003,No comparison,
Canada,Vans,PHEV,2039,193168.972597471,1.9577507575642077,Canada Net-zero,Vehicle body,PHEV,Aluminum,110658.0,41848.277538671755,No comparison,
Canada,Vans,PHEV,2039,193168.972597471,1.9577507575642077,Canada Net-zero,Vehicle body,PHEV,Chromium,12789.0,4836.5018475128145,No comparison,
Canada,Vans,PHEV,2039,193168.972597471,1.9577507575642077,Canada Net-zero,Vehicle body,PHEV,Iron,902171.34,341180.18239761604,No comparison,
Canada,Vans,PHEV,2039,193168.972597471,1.9577507575642077,Canada Net-zero,Vehicle body,PHEV,Lead,320.0,121.01654478099152,No comparison,
Canada,Vans,PHEV,2039,193168.972597471,1.9577507575642077,Canada Net-zero,Vehicle body,PHEV,Zinc,100.0,37.817670244059855,No comparison,
Canada,2 and 3 wheelers,BEV,2040,5501.300954443518,0.09808569078889517,Canada Net-zero,Vehicle body,BEV,Aluminum,127302.0,68.69201972209846,No comparison,
Canada,2 and 3 wheelers,BEV,2040,5501.300954443518,0.09808569078889517,Canada Net-zero,Vehicle body,BEV,Chromium,11850.0,6.39424701659728,No comparison,
Canada,2 and 3 wheelers,BEV,2040,5501.300954443518,0.09808569078889517,Canada Net-zero,Vehicle body,BEV,Iron,902171.34,486.8106666037612,No comparison,
Canada,2 and 3 wheelers,BEV,2040,5501.300954443518,0.09808569078889517,Canada Net-zero,Vehicle body,BEV,Lead,310.0,0.16727566034980226,No comparison,
Canada,2 and 3 wheelers,BEV,2040,5501.300954443518,0.09808569078889517,Canada Net-zero,Vehicle body,BEV,Zinc,100.0,0.053959890435420085,No comparison,
Canada,Buses,BEV,2040,6795.724708430228,5.6752374182090595,Canada Net-zero,Vehicle body,BEV,Aluminum,127302.0,4909.700935986685,No comparison,
Canada,Buses,BEV,2040,6795.724708430228,5.6752374182090595,Canada Net-zero,Vehicle body,BEV,Chromium,11850.0,457.0231111172033,No comparison,
Canada,Buses,BEV,2040,6795.724708430228,5.6752374182090595,Canada Net-zero,Vehicle body,BEV,Iron,902171.34,34794.35886646212,No comparison,
Canada,Buses,BEV,2040,6795.724708430228,5.6752374182090595,Canada Net-zero,Vehicle body,BEV,Lead,310.0,11.955878856230635,No comparison,
Canada,Buses,BEV,2040,6795.724708430228,5.6752374182090595,Canada Net-zero,Vehicle body,BEV,Zinc,100.0,3.856735114913108,No comparison,
Canada,Cars,BEV,2040,6148512.8314368725,1.0,Canada Net-zero,Vehicle body,BEV,Aluminum,127302.0,782717.9804675768,No comparison,
Canada,Cars,BEV,2040,6148512.8314368725,1.0,Canada Net-zero,Vehicle body,BEV,Chromium,11850.0,72859.87705252694,No comparison,
Canada,Cars,BEV,2040,6148512.8314368725,1.0,Canada Net-zero,Vehicle body,BEV,Iron,902171.34,5547012.060144598,No comparison,
Canada,Cars,BEV,2040,6148512.8314368725,1.0,Canada Net-zero,Vehicle body,BEV,Lead,310.0,1906.0389777454304,No comparison,
Canada,Cars,BEV,2040,6148512.8314368725,1.0,Canada Net-zero,Vehicle body,BEV,Zinc,100.0,614.8512831436873,No comparison,
Canada,Trucks,BEV,2040,64721.1876993355,3.6892781241792854,Canada Net-zero,Vehicle body,BEV,Aluminum,127302.0,30396.466555166528,No comparison,
Canada,Trucks,BEV,2040,64721.1876993355,3.6892781241792854,Canada Net-zero,Vehicle body,BEV,Chromium,11850.0,2829.47737410821,No comparison,
Canada,Trucks,BEV,2040,64721.1876993355,3.6892781241792854,Canada Net-zero,Vehicle body,BEV,Iron,902171.34,215415.47629526455,No comparison,
Canada,Trucks,BEV,2040,64721.1876993355,3.6892781241792854,Canada Net-zero,Vehicle body,BEV,Lead,310.0,74.02008320451857,No comparison,
Canada,Trucks,BEV,2040,64721.1876993355,3.6892781241792854,Canada Net-zero,Vehicle body,BEV,Zinc,100.0,23.87744619500599,No comparison,
Canada,Vans,BEV,2040,355966.53234634525,1.9577507575642077,Canada Net-zero,Vehicle body,BEV,Aluminum,127302.0,88715.96795481462,No comparison,
Canada,Vans,BEV,2040,355966.53234634525,1.9577507575642077,Canada Net-zero,Vehicle body,BEV,Chromium,11850.0,8258.190918167455,No comparison,
Canada,Vans,BEV,2040,355966.53234634525,1.9577507575642077,Canada Net-zero,Vehicle body,BEV,Iron,902171.34,628717.566803288,No comparison,
Canada,Vans,BEV,2040,355966.53234634525,1.9577507575642077,Canada Net-zero,Vehicle body,BEV,Lead,310.0,216.03706199425406,No comparison,
Canada,Vans,BEV,2040,355966.53234634525,1.9577507575642077,Canada Net-zero,Vehicle body,BEV,Zinc,100.0,69.68937483685616,No comparison,
Canada,Buses,FCEV,2040,420.68772004568075,5.6752374182090595,Canada Net-zero,Vehicle body,ICEV,Aluminum,71300.0,170.22894181014092,No comparison,
Canada,Buses,FCEV,2040,420.68772004568075,5.6752374182090595,Canada Net-zero,Vehicle body,ICEV,Iron,902171.34,2153.9365012571793,No comparison,
Canada,Buses,FCEV,2040,420.68772004568075,5.6752374182090595,Canada Net-zero,Vehicle body,ICEV,Lead,300.0,0.7162508070552915,No comparison,
Canada,Buses,FCEV,2040,420.68772004568075,5.6752374182090595,Canada Net-zero,Vehicle body,ICEV,Zinc,100.0,0.2387502690184305,No comparison,
Canada,Cars,FCEV,2040,647.211876993355,1.0,Canada Net-zero,Vehicle body,ICEV,Aluminum,71300.0,46.14620682962621,No comparison,
Canada,Cars,FCEV,2040,647.211876993355,1.0,Canada Net-zero,Vehicle body,ICEV,Iron,902171.34,583.8960063310102,No comparison,
Canada,Cars,FCEV,2040,647.211876993355,1.0,Canada Net-zero,Vehicle body,ICEV,Lead,300.0,0.19416356309800648,No comparison,
Canada,Cars,FCEV,2040,647.211876993355,1.0,Canada Net-zero,Vehicle body,ICEV,Zinc,100.0,0.06472118769933549,No comparison,
Canada,Trucks,FCEV,2040,194.1635630980065,3.6892781241792854,Canada Net-zero,Vehicle body,ICEV,Aluminum,71300.0,51.073857411117814,No comparison,
Canada,Trucks,FCEV,2040,194.1635630980065,3.6892781241792854,Canada Net-zero,Vehicle body,ICEV,Iron,902171.34,646.2464288857936,No comparison,
Canada,Trucks,FCEV,2040,194.1635630980065,3.6892781241792854,Canada Net-zero,Vehicle body,ICEV,Lead,300.0,0.21489701575505393,No comparison,
Canada,Trucks,FCEV,2040,194.1635630980065,3.6892781241792854,Canada Net-zero,Vehicle body,ICEV,Zinc,100.0,0.07163233858501798,No comparison,
Canada,Cars,PHEV,2040,2006356.8186794005,1.0,Canada Net-zero,Vehicle body,PHEV,Aluminum,110658.0,222019.43284142512,No comparison,
Canada,Cars,PHEV,2040,2006356.8186794005,1.0,Canada Net-zero,Vehicle body,PHEV,Chromium,12789.0,25659.297354090853,No comparison,
Canada,Cars,PHEV,2040,2006356.8186794005,1.0,Canada Net-zero,Vehicle body,PHEV,Iron,902171.34,1810077.6196261316,No comparison,
Canada,Cars,PHEV,2040,2006356.8186794005,1.0,Canada Net-zero,Vehicle body,PHEV,Lead,320.0,642.0341819774081,No comparison,
Canada,Cars,PHEV,2040,2006356.8186794005,1.0,Canada Net-zero,Vehicle body,PHEV,Zinc,100.0,200.63568186794004,No comparison,
Canada,Vans,PHEV,2040,207107.80063787362,1.9577507575642077,Canada Net-zero,Vehicle body,PHEV,Aluminum,110658.0,44867.996164054275,No comparison,
Canada,Vans,PHEV,2040,207107.80063787362,1.9577507575642077,Canada Net-zero,Vehicle body,PHEV,Chromium,12789.0,5185.497686042492,No comparison,
Canada,Vans,PHEV,2040,207107.80063787362,1.9577507575642077,Canada Net-zero,Vehicle body,PHEV,Iron,902171.34,365799.31159464025,No comparison,
Canada,Vans,PHEV,2040,207107.80063787362,1.9577507575642077,Canada Net-zero,Vehicle body,PHEV,Lead,320.0,129.74894515080126,No comparison,
Canada,Vans,PHEV,2040,207107.80063787362,1.9577507575642077,Canada Net-zero,Vehicle body,PHEV,Zinc,100.0,40.5465453596254,No comparison,
Canada,2 and 3 wheelers,BEV,2041,5854.1003201202375,0.09808569078889517,Canada Net-zero,Vehicle body,BEV,Aluminum,127302.0,73.09725062760535,No comparison,
Canada,2 and 3 wheelers,BEV,2041,5854.1003201202375,0.09808569078889517,Canada Net-zero,Vehicle body,BEV,Chromium,11850.0,6.804311165080858,No comparison,
Canada,2 and 3 wheelers,BEV,2041,5854.1003201202375,0.09808569078889517,Canada Net-zero,Vehicle body,BEV,Iron,902171.34,518.0299174327391,No comparison,
Canada,2 and 3 wheelers,BEV,2041,5854.1003201202375,0.09808569078889517,Canada Net-zero,Vehicle body,BEV,Lead,310.0,0.1780030768924106,No comparison,
Canada,2 and 3 wheelers,BEV,2041,5854.1003201202375,0.09808569078889517,Canada Net-zero,Vehicle body,BEV,Zinc,100.0,0.05742034738464859,No comparison,
Canada,Buses,BEV,2041,7231.535689560294,5.6752374182090595,Canada Net-zero,Vehicle body,BEV,Aluminum,127302.0,5224.560891881192,No comparison,
Canada,Buses,BEV,2041,7231.535689560294,5.6752374182090595,Canada Net-zero,Vehicle body,BEV,Chromium,11850.0,486.3320809476059,No comparison,
Canada,Buses,BEV,2041,7231.535689560294,5.6752374182090595,Canada Net-zero,Vehicle body,BEV,Iron,902171.34,37025.727017172154,No comparison,
Canada,Buses,BEV,2041,7231.535689560294,5.6752374182090595,Canada Net-zero,Vehicle body,BEV,Lead,310.0,12.722611400317117,No comparison,
Canada,Buses,BEV,2041,7231.535689560294,5.6752374182090595,Canada Net-zero,Vehicle body,BEV,Zinc,100.0,4.104068193650683,No comparison,
Canada,Cars,BEV,2041,6542818.004840266,1.0,Canada Net-zero,Vehicle body,BEV,Aluminum,127302.0,832913.8176521756,No comparison,
Canada,Cars,BEV,2041,6542818.004840266,1.0,Canada Net-zero,Vehicle body,BEV,Chromium,11850.0,77532.39335735714,No comparison,
Canada,Cars,BEV,2041,6542818.004840266,1.0,Canada Net-zero,Vehicle body,BEV,Iron,902171.34,5902742.886802869,No comparison,
Canada,Cars,BEV,2041,6542818.004840266,1.0,Canada Net-zero,Vehicle body,BEV,Lead,310.0,2028.2735815004826,No comparison,
Canada,Cars,BEV,2041,6542818.004840266,1.0,Canada Net-zero,Vehicle body,BEV,Zinc,100.0,654.2818004840266,No comparison,
Canada,Trucks,BEV,2041,68871.7684720028,3.6892781241792854,Canada Net-zero,Vehicle body,BEV,Aluminum,127302.0,32345.797124113953,No comparison,
Canada,Trucks,BEV,2041,68871.7684720028,3.6892781241792854,Canada Net-zero,Vehicle body,BEV,Chromium,11850.0,3010.9322392480117,No comparison,
Canada,Trucks,BEV,2041,68871.7684720028,3.6892781241792854,Canada Net-zero,Vehicle body,BEV,Iron,902171.34,229230.10742038643,No comparison,
Canada,Trucks,BEV,2041,68871.7684720028,3.6892781241792854,Canada Net-zero,Vehicle body,BEV,Lead,310.0,78.76700372716317,No comparison,
Canada,Trucks,BEV,2041,68871.7684720028,3.6892781241792854,Canada Net-zero,Vehicle body,BEV,Zinc,100.0,25.40871087973005,No comparison,
Canada,Vans,BEV,2041,378794.7265960154,1.9577507575642077,Canada Net-zero,Vehicle body,BEV,Aluminum,127302.0,94405.33806545618,No comparison,
Canada,Vans,BEV,2041,378794.7265960154,1.9577507575642077,Canada Net-zero,Vehicle body,BEV,Chromium,11850.0,8787.790106012912,No comparison,
Canada,Vans,BEV,2041,378794.7265960154,1.9577507575642077,Canada Net-zero,Vehicle body,BEV,Iron,902171.34,669037.3312726084,No comparison,
Canada,Vans,BEV,2041,378794.7265960154,1.9577507575642077,Canada Net-zero,Vehicle body,BEV,Lead,310.0,229.8915555159496,No comparison,
Canada,Vans,BEV,2041,378794.7265960154,1.9577507575642077,Canada Net-zero,Vehicle body,BEV,Zinc,100.0,74.15856629546761,No comparison,
Canada,Buses,FCEV,2041,447.6664950680182,5.6752374182090595,Canada Net-zero,Vehicle body,ICEV,Aluminum,71300.0,181.14575279499135,No comparison,
Canada,Buses,FCEV,2041,447.6664950680182,5.6752374182090595,Canada Net-zero,Vehicle body,ICEV,Iron,902171.34,2292.068815348753,No comparison,
Canada,Buses,FCEV,2041,447.6664950680182,5.6752374182090595,Canada Net-zero,Vehicle body,ICEV,Lead,300.0,0.7621840931065554,No comparison,
Canada,Buses,FCEV,2041,447.6664950680182,5.6752374182090595,Canada Net-zero,Vehicle body,ICEV,Zinc,100.0,0.2540613643688518,No comparison,
Canada,Cars,FCEV,2041,688.717684720028,1.0,Canada Net-zero,Vehicle body,ICEV,Aluminum,71300.0,49.105570920538,No comparison,
Canada,Cars,FCEV,2041,688.717684720028,1.0,Canada Net-zero,Vehicle body,ICEV,Iron,902171.34,621.3413565055652,No comparison,
Canada,Cars,FCEV,2041,688.717684720028,1.0,Canada Net-zero,Vehicle body,ICEV,Lead,300.0,0.2066153054160084,No comparison,
Canada,Cars,FCEV,2041,688.717684720028,1.0,Canada Net-zero,Vehicle body,ICEV,Zinc,100.0,0.0688717684720028,No comparison,
Canada,Trucks,FCEV,2041,206.6153054160084,3.6892781241792854,Canada Net-zero,Vehicle body,ICEV,Aluminum,71300.0,54.34923257174258,No comparison,
Canada,Trucks,FCEV,2041,206.6153054160084,3.6892781241792854,Canada Net-zero,Vehicle body,ICEV,Iron,902171.34,687.6903222611592,No comparison,
Canada,Trucks,FCEV,2041,206.6153054160084,3.6892781241792854,Canada Net-zero,Vehicle body,ICEV,Lead,300.0,0.22867839791757047,No comparison,
Canada,Trucks,FCEV,2041,206.6153054160084,3.6892781241792854,Canada Net-zero,Vehicle body,ICEV,Zinc,100.0,0.07622613263919015,No comparison,
Canada,Cars,PHEV,2041,2135024.822632087,1.0,Canada Net-zero,Vehicle body,PHEV,Aluminum,110658.0,236257.57682282146,No comparison,
Canada,Cars,PHEV,2041,2135024.822632087,1.0,Canada Net-zero,Vehicle body,PHEV,Chromium,12789.0,27304.832456641758,No comparison,
Canada,Cars,PHEV,2041,2135024.822632087,1.0,Canada Net-zero,Vehicle body,PHEV,Iron,902171.34,1926158.205167252,No comparison,
Canada,Cars,PHEV,2041,2135024.822632087,1.0,Canada Net-zero,Vehicle body,PHEV,Lead,320.0,683.2079432422679,No comparison,
Canada,Cars,PHEV,2041,2135024.822632087,1.0,Canada Net-zero,Vehicle body,PHEV,Zinc,100.0,213.5024822632087,No comparison,
Canada,Vans,PHEV,2041,220389.65911040895,1.9577507575642077,Canada Net-zero,Vehicle body,PHEV,Aluminum,110658.0,47745.38838762969,No comparison,
Canada,Vans,PHEV,2041,220389.65911040895,1.9577507575642077,Canada Net-zero,Vehicle body,PHEV,Chromium,12789.0,5518.044534415913,No comparison,
Canada,Vans,PHEV,2041,220389.65911040895,1.9577507575642077,Canada Net-zero,Vehicle body,PHEV,Iron,902171.34,389258.0836495176,No comparison,
Canada,Vans,PHEV,2041,220389.65911040895,1.9577507575642077,Canada Net-zero,Vehicle body,PHEV,Lead,320.0,138.0697670664706,No comparison,
Canada,Vans,PHEV,2041,220389.65911040895,1.9577507575642077,Canada Net-zero,Vehicle body,PHEV,Zinc,100.0,43.146802208272064,No comparison,
Canada,2 and 3 wheelers,BEV,2042,6178.169515795952,0.09808569078889517,Canada Net-zero,Vehicle body,BEV,Aluminum,127302.0,77.14374213298284,No comparison,
Canada,2 and 3 wheelers,BEV,2042,6178.169515795952,0.09808569078889517,Canada Net-zero,Vehicle body,BEV,Chromium,11850.0,7.180981793497719,No comparison,
Canada,2 and 3 wheelers,BEV,2042,6178.169515795952,0.09808569078889517,Canada Net-zero,Vehicle body,BEV,Iron,902171.34,546.7068326713451,No comparison,
Canada,2 and 3 wheelers,BEV,2042,6178.169515795952,0.09808569078889517,Canada Net-zero,Vehicle body,BEV,Lead,310.0,0.1878569076779994,No comparison,
Canada,2 and 3 wheelers,BEV,2042,6178.169515795952,0.09808569078889517,Canada Net-zero,Vehicle body,BEV,Zinc,100.0,0.060599002476774,No comparison,
Canada,Buses,BEV,2042,7631.856460689117,5.6752374182090595,Canada Net-zero,Vehicle body,BEV,Aluminum,127302.0,5513.78026862668,No comparison,
Canada,Buses,BEV,2042,7631.856460689117,5.6752374182090595,Canada Net-zero,Vehicle body,BEV,Chromium,11850.0,513.2542786698257,No comparison,
Canada,Buses,BEV,2042,7631.856460689117,5.6752374182090595,Canada Net-zero,Vehicle body,BEV,Iron,902171.34,39075.38399563629,No comparison,
Canada,Buses,BEV,2042,7631.856460689117,5.6752374182090595,Canada Net-zero,Vehicle body,BEV,Lead,310.0,13.426905180392064,No comparison,
Canada,Buses,BEV,2042,7631.856460689117,5.6752374182090595,Canada Net-zero,Vehicle body,BEV,Zinc,100.0,4.3312597356103435,No comparison,
Canada,Cars,BEV,2042,6905012.988242534,1.0,Canada Net-zero,Vehicle body,BEV,Aluminum,127302.0,879021.9634292511,No comparison,
Canada,Cars,BEV,2042,6905012.988242534,1.0,Canada Net-zero,Vehicle body,BEV,Chromium,11850.0,81824.40391067402,No comparison,
Canada,Cars,BEV,2042,6905012.988242534,1.0,Canada Net-zero,Vehicle body,BEV,Iron,902171.34,6229504.820320171,No comparison,
Canada,Cars,BEV,2042,6905012.988242534,1.0,Canada Net-zero,Vehicle body,BEV,Lead,310.0,2140.5540263551857,No comparison,
Canada,Cars,BEV,2042,6905012.988242534,1.0,Canada Net-zero,Vehicle body,BEV,Zinc,100.0,690.5012988242535,No comparison,
Canada,Trucks,BEV,2042,72684.34724465826,3.6892781241792854,Canada Net-zero,Vehicle body,BEV,Aluminum,127302.0,34136.384214238526,No comparison,
Canada,Trucks,BEV,2042,72684.34724465826,3.6892781241792854,Canada Net-zero,Vehicle body,BEV,Chromium,11850.0,3177.610351280628,No comparison,
Canada,Trucks,BEV,2042,72684.34724465826,3.6892781241792854,Canada Net-zero,Vehicle body,BEV,Iron,902171.34,241919.74587449073,No comparison,
Canada,Trucks,BEV,2042,72684.34724465826,3.6892781241792854,Canada Net-zero,Vehicle body,BEV,Lead,310.0,83.12735940059027,No comparison,
Canada,Trucks,BEV,2042,72684.34724465826,3.6892781241792854,Canada Net-zero,Vehicle body,BEV,Zinc,100.0,26.815277225996862,No comparison,
Canada,Vans,BEV,2042,399763.9098456204,1.9577507575642077,Canada Net-zero,Vehicle body,BEV,Aluminum,127302.0,99631.39506847963,No comparison,
Canada,Vans,BEV,2042,399763.9098456204,1.9577507575642077,Canada Net-zero,Vehicle body,BEV,Chromium,11850.0,9274.261453563051,No comparison,
Canada,Vans,BEV,2042,399763.9098456204,1.9577507575642077,Canada Net-zero,Vehicle body,BEV,Iron,902171.34,706073.6610186773,No comparison,
Canada,Vans,BEV,2042,399763.9098456204,1.9577507575642077,Canada Net-zero,Vehicle body,BEV,Lead,310.0,242.6178101775988,No comparison,
Canada,Vans,BEV,2042,399763.9098456204,1.9577507575642077,Canada Net-zero,Vehicle body,BEV,Zinc,100.0,78.2638097347093,No comparison,
Canada,Buses,FCEV,2042,472.4482570902787,5.6752374182090595,Canada Net-zero,Vehicle body,ICEV,Aluminum,71300.0,191.17355471129653,No comparison,
Canada,Buses,FCEV,2042,472.4482570902787,5.6752374182090595,Canada Net-zero,Vehicle body,ICEV,Iron,902171.34,2418.9523425870084,No comparison,
Canada,Buses,FCEV,2042,472.4482570902787,5.6752374182090595,Canada Net-zero,Vehicle body,ICEV,Lead,300.0,0.8043768080419209,No comparison,
Canada,Buses,FCEV,2042,472.4482570902787,5.6752374182090595,Canada Net-zero,Vehicle body,ICEV,Zinc,100.0,0.2681256026806403,No comparison,
Canada,Cars,FCEV,2042,726.8434724465826,1.0,Canada Net-zero,Vehicle body,ICEV,Aluminum,71300.0,51.823939585441344,No comparison,
Canada,Cars,FCEV,2042,726.8434724465826,1.0,Canada Net-zero,Vehicle body,ICEV,Iron,902171.34,655.7373495073864,No comparison,
Canada,Cars,FCEV,2042,726.8434724465826,1.0,Canada Net-zero,Vehicle body,ICEV,Lead,300.0,0.2180530417339748,No comparison,
Canada,Cars,FCEV,2042,726.8434724465826,1.0,Canada Net-zero,Vehicle body,ICEV,Zinc,100.0,0.07268434724465826,No comparison,
Canada,Trucks,FCEV,2042,218.05304173397477,3.6892781241792854,Canada Net-zero,Vehicle body,ICEV,Aluminum,71300.0,57.35787798640729,No comparison,
Canada,Trucks,FCEV,2042,218.05304173397477,3.6892781241792854,Canada Net-zero,Vehicle body,ICEV,Iron,902171.34,725.7592376234721,No comparison,
Canada,Trucks,FCEV,2042,218.05304173397477,3.6892781241792854,Canada Net-zero,Vehicle body,ICEV,Lead,300.0,0.24133749503397176,No comparison,
Canada,Trucks,FCEV,2042,218.05304173397477,3.6892781241792854,Canada Net-zero,Vehicle body,ICEV,Zinc,100.0,0.08044583167799059,No comparison,
Canada,Cars,PHEV,2042,2253214.764584406,1.0,Canada Net-zero,Vehicle body,PHEV,Aluminum,110658.0,249336.23941938116,No comparison,
Canada,Cars,PHEV,2042,2253214.764584406,1.0,Canada Net-zero,Vehicle body,PHEV,Chromium,12789.0,28816.363624269965,No comparison,
Canada,Cars,PHEV,2042,2253214.764584406,1.0,Canada Net-zero,Vehicle body,PHEV,Iron,902171.34,2032785.783472898,No comparison,
Canada,Cars,PHEV,2042,2253214.764584406,1.0,Canada Net-zero,Vehicle body,PHEV,Lead,320.0,721.0287246670098,No comparison,
Canada,Cars,PHEV,2042,2253214.764584406,1.0,Canada Net-zero,Vehicle body,PHEV,Zinc,100.0,225.32147645844057,No comparison,
Canada,Vans,PHEV,2042,232589.91118290642,1.9577507575642077,Canada Net-zero,Vehicle body,PHEV,Aluminum,110658.0,50388.46055344559,No comparison,
Canada,Vans,PHEV,2042,232589.91118290642,1.9577507575642077,Canada Net-zero,Vehicle body,PHEV,Chromium,12789.0,5823.510473874601,No comparison,
Canada,Vans,PHEV,2042,232589.91118290642,1.9577507575642077,Canada Net-zero,Vehicle body,PHEV,Iron,902171.34,410806.49368359405,No comparison,
Canada,Vans,PHEV,2042,232589.91118290642,1.9577507575642077,Canada Net-zero,Vehicle body,PHEV,Lead,320.0,145.71298394244056,No comparison,
Canada,Vans,PHEV,2042,232589.91118290642,1.9577507575642077,Canada Net-zero,Vehicle body,PHEV,Zinc,100.0,45.53530748201268,No comparison,
Canada,2 and 3 wheelers,BEV,2043,6483.621086515305,0.09808569078889517,Canada Net-zero,Vehicle body,BEV,Aluminum,127302.0,80.95776457853766,No comparison,
Canada,2 and 3 wheelers,BEV,2043,6483.621086515305,0.09808569078889517,Canada Net-zero,Vehicle body,BEV,Chromium,11850.0,7.536012869048964,No comparison,
Canada,2 and 3 wheelers,BEV,2043,6483.621086515305,0.09808569078889517,Canada Net-zero,Vehicle body,BEV,Iron,902171.34,573.7362724326707,No comparison,
Canada,2 and 3 wheelers,BEV,2043,6483.621086515305,0.09808569078889517,Canada Net-zero,Vehicle body,BEV,Lead,310.0,0.19714464045613322,No comparison,
Canada,2 and 3 wheelers,BEV,2043,6483.621086515305,0.09808569078889517,Canada Net-zero,Vehicle body,BEV,Zinc,100.0,0.06359504530843008,No comparison,
Canada,Buses,BEV,2043,8009.178989224789,5.6752374182090595,Canada Net-zero,Vehicle body,BEV,Aluminum,127302.0,5786.384126346569,No comparison,
Canada,Buses,BEV,2043,8009.178989224789,5.6752374182090595,Canada Net-zero,Vehicle body,BEV,Chromium,11850.0,538.6298086220706,No comparison,
Canada,Buses,BEV,2043,8009.178989224789,5.6752374182090595,Canada Net-zero,Vehicle body,BEV,Iron,902171.34,41007.289131520425,No comparison,
Canada,Buses,BEV,2043,8009.178989224789,5.6752374182090595,Canada Net-zero,Vehicle body,BEV,Lead,310.0,14.090737609522524,No comparison,
Canada,Buses,BEV,2043,8009.178989224789,5.6752374182090595,Canada Net-zero,Vehicle body,BEV,Zinc,100.0,4.5453992288782334,No comparison,
Canada,Cars,BEV,2043,7246400.037870048,1.0,Canada Net-zero,Vehicle body,BEV,Aluminum,127302.0,922481.2176209328,No comparison,
Canada,Cars,BEV,2043,7246400.037870048,1.0,Canada Net-zero,Vehicle body,BEV,Chromium,11850.0,85869.84044876006,No comparison,
Canada,Cars,BEV,2043,7246400.037870048,1.0,Canada Net-zero,Vehicle body,BEV,Iron,902171.34,6537494.432341271,No comparison,
Canada,Cars,BEV,2043,7246400.037870048,1.0,Canada Net-zero,Vehicle body,BEV,Lead,310.0,2246.3840117397144,No comparison,
Canada,Cars,BEV,2043,7246400.037870048,1.0,Canada Net-zero,Vehicle body,BEV,Zinc,100.0,724.6400037870047,No comparison,
Canada,Trucks,BEV,2043,76277.89513547419,3.6892781241792854,Canada Net-zero,Vehicle body,BEV,Aluminum,127302.0,35824.10290668608,No comparison,
Canada,Trucks,BEV,2043,76277.89513547419,3.6892781241792854,Canada Net-zero,Vehicle body,BEV,Chromium,11850.0,3334.7128830986953,No comparison,
Canada,Trucks,BEV,2043,76277.89513547419,3.6892781241792854,Canada Net-zero,Vehicle body,BEV,Iron,902171.34,253880.3704861108,No comparison,
Canada,Trucks,BEV,2043,76277.89513547419,3.6892781241792854,Canada Net-zero,Vehicle body,BEV,Lead,310.0,87.23721466334139,No comparison,
Canada,Trucks,BEV,2043,76277.89513547419,3.6892781241792854,Canada Net-zero,Vehicle body,BEV,Zinc,100.0,28.141036988174644,No comparison,
Canada,Vans,BEV,2043,419528.423245108,1.9577507575642077,Canada Net-zero,Vehicle body,BEV,Aluminum,127302.0,104557.21752103932,No comparison,
Canada,Vans,BEV,2043,419528.423245108,1.9577507575642077,Canada Net-zero,Vehicle body,BEV,Chromium,11850.0,9732.785247869759,No comparison,
Canada,Vans,BEV,2043,419528.423245108,1.9577507575642077,Canada Net-zero,Vehicle body,BEV,Iron,902171.34,740982.2708019317,No comparison,
Canada,Vans,BEV,2043,419528.423245108,1.9577507575642077,Canada Net-zero,Vehicle body,BEV,Lead,310.0,254.6129474126266,No comparison,
Canada,Vans,BEV,2043,419528.423245108,1.9577507575642077,Canada Net-zero,Vehicle body,BEV,Zinc,100.0,82.13320884278276,No comparison,
Canada,Buses,FCEV,2043,495.8063183805822,5.6752374182090595,Canada Net-zero,Vehicle body,ICEV,Aluminum,71300.0,200.62526405939212,No comparison,
Canada,Buses,FCEV,2043,495.8063183805822,5.6752374182090595,Canada Net-zero,Vehicle body,ICEV,Iron,902171.34,2538.5464700465027,No comparison,
Canada,Buses,FCEV,2043,495.8063183805822,5.6752374182090595,Canada Net-zero,Vehicle body,ICEV,Lead,300.0,0.8441455710773862,No comparison,
Canada,Buses,FCEV,2043,495.8063183805822,5.6752374182090595,Canada Net-zero,Vehicle body,ICEV,Zinc,100.0,0.2813818570257954,No comparison,
Canada,Cars,FCEV,2043,762.7789513547418,1.0,Canada Net-zero,Vehicle body,ICEV,Aluminum,71300.0,54.38613923159309,No comparison,
Canada,Cars,FCEV,2043,762.7789513547418,1.0,Canada Net-zero,Vehicle body,ICEV,Iron,902171.34,688.1573086675022,No comparison,
Canada,Cars,FCEV,2043,762.7789513547418,1.0,Canada Net-zero,Vehicle body,ICEV,Lead,300.0,0.22883368540642254,No comparison,
Canada,Cars,FCEV,2043,762.7789513547418,1.0,Canada Net-zero,Vehicle body,ICEV,Zinc,100.0,0.07627789513547419,No comparison,
Canada,Trucks,FCEV,2043,228.83368540642255,3.6892781241792854,Canada Net-zero,Vehicle body,ICEV,Aluminum,71300.0,60.19367811770556,No comparison,
Canada,Trucks,FCEV,2043,228.83368540642255,3.6892781241792854,Canada Net-zero,Vehicle body,ICEV,Iron,902171.34,761.6411114583324,No comparison,
Canada,Trucks,FCEV,2043,228.83368540642255,3.6892781241792854,Canada Net-zero,Vehicle body,ICEV,Lead,300.0,0.2532693328935718,No comparison,
Canada,Trucks,FCEV,2043,228.83368540642255,3.6892781241792854,Canada Net-zero,Vehicle body,ICEV,Zinc,100.0,0.08442311096452391,No comparison,
Canada,Cars,PHEV,2043,2364614.7491996996,1.0,Canada Net-zero,Vehicle body,PHEV,Aluminum,110658.0,261663.53891694036,No comparison,
Canada,Cars,PHEV,2043,2364614.7491996996,1.0,Canada Net-zero,Vehicle body,PHEV,Chromium,12789.0,30241.05802751496,No comparison,
Canada,Cars,PHEV,2043,2364614.7491996996,1.0,Canada Net-zero,Vehicle body,PHEV,Iron,902171.34,2133287.656869257,No comparison,
Canada,Cars,PHEV,2043,2364614.7491996996,1.0,Canada Net-zero,Vehicle body,PHEV,Lead,320.0,756.6767197439038,No comparison,
Canada,Cars,PHEV,2043,2364614.7491996996,1.0,Canada Net-zero,Vehicle body,PHEV,Zinc,100.0,236.46147491997,No comparison,
Canada,Vans,PHEV,2043,244089.26443351738,1.9577507575642077,Canada Net-zero,Vehicle body,PHEV,Aluminum,110658.0,52879.68944945255,No comparison,
Canada,Vans,PHEV,2043,244089.26443351738,1.9577507575642077,Canada Net-zero,Vehicle body,PHEV,Chromium,12789.0,6111.427536816575,No comparison,
Canada,Vans,PHEV,2043,244089.26443351738,1.9577507575642077,Canada Net-zero,Vehicle body,PHEV,Iron,902171.34,431116.9575574876,No comparison,
Canada,Vans,PHEV,2043,244089.26443351738,1.9577507575642077,Canada Net-zero,Vehicle body,PHEV,Lead,320.0,152.91710155456283,No comparison,
Canada,Vans,PHEV,2043,244089.26443351738,1.9577507575642077,Canada Net-zero,Vehicle body,PHEV,Zinc,100.0,47.786594235800884,No comparison,
Canada,2 and 3 wheelers,BEV,2044,6768.6906431399,0.09808569078889517,Canada Net-zero,Vehicle body,BEV,Aluminum,127302.0,84.51728691116149,No comparison,
Canada,2 and 3 wheelers,BEV,2044,6768.6906431399,0.09808569078889517,Canada Net-zero,Vehicle body,BEV,Chromium,11850.0,7.867353615004192,No comparison,
Canada,2 and 3 wheelers,BEV,2044,6768.6906431399,0.09808569078889517,Canada Net-zero,Vehicle body,BEV,Iron,902171.34,598.9621057470191,No comparison,
Canada,2 and 3 wheelers,BEV,2044,6768.6906431399,0.09808569078889517,Canada Net-zero,Vehicle body,BEV,Lead,310.0,0.20581262621529953,No comparison,
Canada,2 and 3 wheelers,BEV,2044,6768.6906431399,0.09808569078889517,Canada Net-zero,Vehicle body,BEV,Zinc,100.0,0.06639116974687082,No comparison,
Canada,Buses,BEV,2044,8361.323735643407,5.6752374182090595,Canada Net-zero,Vehicle body,BEV,Aluminum,127302.0,6040.797815139688,No comparison,
Canada,Buses,BEV,2044,8361.323735643407,5.6752374182090595,Canada Net-zero,Vehicle body,BEV,Chromium,11850.0,562.3120933638538,No comparison,
Canada,Buses,BEV,2044,8361.323735643407,5.6752374182090595,Canada Net-zero,Vehicle body,BEV,Iron,902171.34,42810.28310280785,No comparison,
Canada,Buses,BEV,2044,8361.323735643407,5.6752374182090595,Canada Net-zero,Vehicle body,BEV,Lead,310.0,14.710274172387736,No comparison,
Canada,Buses,BEV,2044,8361.323735643407,5.6752374182090595,Canada Net-zero,Vehicle body,BEV,Zinc,100.0,4.745249733028302,No comparison,
Canada,Cars,BEV,2044,7565007.189391654,1.0,Canada Net-zero,Vehicle body,BEV,Aluminum,127302.0,963040.5452239363,No comparison,
Canada,Cars,BEV,2044,7565007.189391654,1.0,Canada Net-zero,Vehicle body,BEV,Chromium,11850.0,89645.33519429111,No comparison,
Canada,Cars,BEV,2044,7565007.189391654,1.0,Canada Net-zero,Vehicle body,BEV,Iron,902171.34,6824932.673163102,No comparison,
Canada,Cars,BEV,2044,7565007.189391654,1.0,Canada Net-zero,Vehicle body,BEV,Lead,310.0,2345.152228711413,No comparison,
Canada,Cars,BEV,2044,7565007.189391654,1.0,Canada Net-zero,Vehicle body,BEV,Zinc,100.0,756.5007189391654,No comparison,
Canada,Trucks,BEV,2044,79631.6546251753,3.6892781241792854,Canada Net-zero,Vehicle body,BEV,Aluminum,127302.0,37399.20438097221,No comparison,
Canada,Trucks,BEV,2044,79631.6546251753,3.6892781241792854,Canada Net-zero,Vehicle body,BEV,Chromium,11850.0,3481.3323586001843,No comparison,
Canada,Trucks,BEV,2044,79631.6546251753,3.6892781241792854,Canada Net-zero,Vehicle body,BEV,Iron,902171.34,265042.89273786405,No comparison,
Canada,Trucks,BEV,2044,79631.6546251753,3.6892781241792854,Canada Net-zero,Vehicle body,BEV,Lead,310.0,91.07282963426644,No comparison,
Canada,Trucks,BEV,2044,79631.6546251753,3.6892781241792854,Canada Net-zero,Vehicle body,BEV,Zinc,100.0,29.37833214008595,No comparison,
Canada,Vans,BEV,2044,437974.10043846414,1.9577507575642077,Canada Net-zero,Vehicle body,BEV,Aluminum,127302.0,109154.35224604893,No comparison,
Canada,Vans,BEV,2044,437974.10043846414,1.9577507575642077,Canada Net-zero,Vehicle body,BEV,Chromium,11850.0,10160.712904083832,No comparison,
Canada,Vans,BEV,2044,437974.10043846414,1.9577507575642077,Canada Net-zero,Vehicle body,BEV,Iron,902171.34,773561.5169647764,No comparison,
Canada,Vans,BEV,2044,437974.10043846414,1.9577507575642077,Canada Net-zero,Vehicle body,BEV,Lead,310.0,265.80767934734075,No comparison,
Canada,Vans,BEV,2044,437974.10043846414,1.9577507575642077,Canada Net-zero,Vehicle body,BEV,Zinc,100.0,85.74441269269056,No comparison,
Canada,Buses,FCEV,2044,517.6057550636394,5.6752374182090595,Canada Net-zero,Vehicle body,ICEV,Aluminum,71300.0,209.44628464494917,No comparison,
Canada,Buses,FCEV,2044,517.6057550636394,5.6752374182090595,Canada Net-zero,Vehicle body,ICEV,Iron,902171.34,2650.1603825547713,No comparison,
Canada,Buses,FCEV,2044,517.6057550636394,5.6752374182090595,Canada Net-zero,Vehicle body,ICEV,Lead,300.0,0.8812606647052559,No comparison,
Canada,Buses,FCEV,2044,517.6057550636394,5.6752374182090595,Canada Net-zero,Vehicle body,ICEV,Zinc,100.0,0.293753554901752,No comparison,
Canada,Cars,FCEV,2044,796.316546251753,1.0,Canada Net-zero,Vehicle body,ICEV,Aluminum,71300.0,56.777369747749994,No comparison,
Canada,Cars,FCEV,2044,796.316546251753,1.0,Canada Net-zero,Vehicle body,ICEV,Iron,902171.34,718.413965596116,No comparison,
Canada,Cars,FCEV,2044,796.316546251753,1.0,Canada Net-zero,Vehicle body,ICEV,Lead,300.0,0.23889496387552592,No comparison,
Canada,Cars,FCEV,2044,796.316546251753,1.0,Canada Net-zero,Vehicle body,ICEV,Zinc,100.0,0.0796316546251753,No comparison,
Canada,Trucks,FCEV,2044,238.8949638755259,3.6892781241792854,Canada Net-zero,Vehicle body,ICEV,Aluminum,71300.0,62.840252447643834,No comparison,
Canada,Trucks,FCEV,2044,238.8949638755259,3.6892781241792854,Canada Net-zero,Vehicle body,ICEV,Iron,902171.34,795.128678213592,No comparison,
Canada,Trucks,FCEV,2044,238.8949638755259,3.6892781241792854,Canada Net-zero,Vehicle body,ICEV,Lead,300.0,0.2644049892607735,No comparison,
Canada,Trucks,FCEV,2044,238.8949638755259,3.6892781241792854,Canada Net-zero,Vehicle body,ICEV,Zinc,100.0,0.08813499642025782,No comparison,
Canada,Cars,PHEV,2044,2468581.293380434,1.0,Canada Net-zero,Vehicle body,PHEV,Aluminum,110658.0,273168.2687628921,No comparison,
Canada,Cars,PHEV,2044,2468581.293380434,1.0,Canada Net-zero,Vehicle body,PHEV,Chromium,12789.0,31570.686161042373,No comparison,
Canada,Cars,PHEV,2044,2468581.293380434,1.0,Canada Net-zero,Vehicle body,PHEV,Iron,902171.34,2227083.2933479594,No comparison,
Canada,Cars,PHEV,2044,2468581.293380434,1.0,Canada Net-zero,Vehicle body,PHEV,Lead,320.0,789.9460138817388,No comparison,
Canada,Cars,PHEV,2044,2468581.293380434,1.0,Canada Net-zero,Vehicle body,PHEV,Zinc,100.0,246.85812933804343,No comparison,
Canada,Vans,PHEV,2044,254821.29480056095,1.9577507575642077,Canada Net-zero,Vehicle body,PHEV,Aluminum,110658.0,55204.68491489601,No comparison,
Canada,Vans,PHEV,2044,254821.29480056095,1.9577507575642077,Canada Net-zero,Vehicle body,PHEV,Chromium,12789.0,6380.132619210586,No comparison,
Canada,Vans,PHEV,2044,254821.29480056095,1.9577507575642077,Canada Net-zero,Vehicle body,PHEV,Iron,902171.34,450072.1553249608,No comparison,
Canada,Vans,PHEV,2044,254821.29480056095,1.9577507575642077,Canada Net-zero,Vehicle body,PHEV,Lead,320.0,159.64050654057297,No comparison,
Canada,Vans,PHEV,2044,254821.29480056095,1.9577507575642077,Canada Net-zero,Vehicle body,PHEV,Zinc,100.0,49.88765829392905,No comparison,
Canada,2 and 3 wheelers,BEV,2045,7039.410706572229,0.09808569078889517,Canada Net-zero,Vehicle body,BEV,Aluminum,127302.0,87.89763423090605,No comparison,
Canada,2 and 3 wheelers,BEV,2045,7039.410706572229,0.09808569078889517,Canada Net-zero,Vehicle body,BEV,Chromium,11850.0,8.18201572352545,No comparison,
Canada,2 and 3 wheelers,BEV,2045,7039.410706572229,0.09808569078889517,Canada Net-zero,Vehicle body,BEV,Iron,902171.34,622.9181509868375,No comparison,
Canada,2 and 3 wheelers,BEV,2045,7039.410706572229,0.09808569078889517,Canada Net-zero,Vehicle body,BEV,Lead,310.0,0.21404429318927337,No comparison,
Canada,2 and 3 wheelers,BEV,2045,7039.410706572229,0.09808569078889517,Canada Net-zero,Vehicle body,BEV,Zinc,100.0,0.06904654619008818,No comparison,
Canada,Buses,BEV,2045,8695.7426375304,5.6752374182090595,Canada Net-zero,Vehicle body,BEV,Aluminum,127302.0,6282.405129451495,No comparison,
Canada,Buses,BEV,2045,8695.7426375304,5.6752374182090595,Canada Net-zero,Vehicle body,BEV,Chromium,11850.0,584.8022873481973,No comparison,
Canada,Buses,BEV,2045,8695.7426375304,5.6752374182090595,Canada Net-zero,Vehicle body,BEV,Iron,902171.34,44522.520102277485,No comparison,
Canada,Buses,BEV,2045,8695.7426375304,5.6752374182090595,Canada Net-zero,Vehicle body,BEV,Lead,310.0,15.298625238644826,No comparison,
Canada,Buses,BEV,2045,8695.7426375304,5.6752374182090595,Canada Net-zero,Vehicle body,BEV,Zinc,100.0,4.935040399562847,No comparison,
Canada,Cars,BEV,2045,7867576.672051314,1.0,Canada Net-zero,Vehicle body,BEV,Aluminum,127302.0,1001558.2455054765,No comparison,
Canada,Cars,BEV,2045,7867576.672051314,1.0,Canada Net-zero,Vehicle body,BEV,Chromium,11850.0,93230.78356380807,No comparison,
Canada,Cars,BEV,2045,7867576.672051314,1.0,Canada Net-zero,Vehicle body,BEV,Iron,902171.34,7097902.188777274,No comparison,
Canada,Cars,BEV,2045,7867576.672051314,1.0,Canada Net-zero,Vehicle body,BEV,Lead,310.0,2438.9487683359075,No comparison,
Canada,Cars,BEV,2045,7867576.672051314,1.0,Canada Net-zero,Vehicle body,BEV,Zinc,100.0,786.7576672051314,No comparison,
Canada,Trucks,BEV,2045,82816.59654790857,3.6892781241792854,Canada Net-zero,Vehicle body,BEV,Aluminum,127302.0,38895.02026562884,No comparison,
Canada,Trucks,BEV,2045,82816.59654790857,3.6892781241792854,Canada Net-zero,Vehicle body,BEV,Chromium,11850.0,3620.571476863692,No comparison,
Canada,Trucks,BEV,2045,82816.59654790857,3.6892781241792854,Canada Net-zero,Vehicle body,BEV,Iron,902171.34,275643.5291854764,No comparison,
Canada,Trucks,BEV,2045,82816.59654790857,3.6892781241792854,Canada Net-zero,Vehicle body,BEV,Lead,310.0,94.71537196858604,No comparison,
Canada,Trucks,BEV,2045,82816.59654790857,3.6892781241792854,Canada Net-zero,Vehicle body,BEV,Zinc,100.0,30.55334579631808,No comparison,
Canada,Vans,BEV,2045,455491.28101349715,1.9577507575642077,Canada Net-zero,Vehicle body,BEV,Aluminum,127302.0,113520.08185638566,No comparison,
Canada,Vans,BEV,2045,455491.28101349715,1.9577507575642077,Canada Net-zero,Vehicle body,BEV,Chromium,11850.0,10567.100045546576,No comparison,
Canada,Vans,BEV,2045,455491.28101349715,1.9577507575642077,Canada Net-zero,Vehicle body,BEV,Iron,902171.34,804500.8276797312,No comparison,
Canada,Vans,BEV,2045,455491.28101349715,1.9577507575642077,Canada Net-zero,Vehicle body,BEV,Lead,310.0,276.4389041451003,No comparison,
Canada,Vans,BEV,2045,455491.28101349715,1.9577507575642077,Canada Net-zero,Vehicle body,BEV,Zinc,100.0,89.17384004680655,No comparison,
Canada,Buses,FCEV,2045,538.3078775614057,5.6752374182090595,Canada Net-zero,Vehicle body,ICEV,Aluminum,71300.0,217.8232831597525,No comparison,
Canada,Buses,FCEV,2045,538.3078775614057,5.6752374182090595,Canada Net-zero,Vehicle body,ICEV,Iron,902171.34,2756.1560063314632,No comparison,
Canada,Buses,FCEV,2045,538.3078775614057,5.6752374182090595,Canada Net-zero,Vehicle body,ICEV,Lead,300.0,0.9165075027759572,No comparison,
Canada,Buses,FCEV,2045,538.3078775614057,5.6752374182090595,Canada Net-zero,Vehicle body,ICEV,Zinc,100.0,0.30550250092531905,No comparison,
Canada,Cars,FCEV,2045,828.1659654790858,1.0,Canada Net-zero,Vehicle body,ICEV,Aluminum,71300.0,59.04823333865882,No comparison,
Canada,Cars,FCEV,2045,828.1659654790858,1.0,Canada Net-zero,Vehicle body,ICEV,Iron,902171.34,747.1475988186605,No comparison,
Canada,Cars,FCEV,2045,828.1659654790858,1.0,Canada Net-zero,Vehicle body,ICEV,Lead,300.0,0.24844978964372572,No comparison,
Canada,Cars,FCEV,2045,828.1659654790858,1.0,Canada Net-zero,Vehicle body,ICEV,Zinc,100.0,0.08281659654790859,No comparison,
Canada,Trucks,FCEV,2045,248.44978964372572,3.6892781241792854,Canada Net-zero,Vehicle body,ICEV,Aluminum,71300.0,65.35360665832438,No comparison,
Canada,Trucks,FCEV,2045,248.44978964372572,3.6892781241792854,Canada Net-zero,Vehicle body,ICEV,Iron,902171.34,826.9305875564295,No comparison,
Canada,Trucks,FCEV,2045,248.44978964372572,3.6892781241792854,Canada Net-zero,Vehicle body,ICEV,Lead,300.0,0.2749801121668627,No comparison,
Canada,Trucks,FCEV,2045,248.44978964372572,3.6892781241792854,Canada Net-zero,Vehicle body,ICEV,Zinc,100.0,0.09166003738895424,No comparison,
Canada,Cars,PHEV,2045,2567314.4929851657,1.0,Canada Net-zero,Vehicle body,PHEV,Aluminum,110658.0,284093.88716475246,No comparison,
Canada,Cars,PHEV,2045,2567314.4929851657,1.0,Canada Net-zero,Vehicle body,PHEV,Chromium,12789.0,32833.385050787285,No comparison,
Canada,Cars,PHEV,2045,2567314.4929851657,1.0,Canada Net-zero,Vehicle body,PHEV,Iron,902171.34,2316157.556337848,No comparison,
Canada,Cars,PHEV,2045,2567314.4929851657,1.0,Canada Net-zero,Vehicle body,PHEV,Lead,320.0,821.5406377552531,No comparison,
Canada,Cars,PHEV,2045,2567314.4929851657,1.0,Canada Net-zero,Vehicle body,PHEV,Zinc,100.0,256.73144929851657,No comparison,
Canada,Vans,PHEV,2045,265013.10895330744,1.9577507575642077,Canada Net-zero,Vehicle body,PHEV,Aluminum,110658.0,57412.64751650629,No comparison,
Canada,Vans,PHEV,2045,265013.10895330744,1.9577507575642077,Canada Net-zero,Vehicle body,PHEV,Chromium,12789.0,6635.311943904633,No comparison,
Canada,Vans,PHEV,2045,265013.10895330744,1.9577507575642077,Canada Net-zero,Vehicle body,PHEV,Iron,902171.34,468073.2088318436,No comparison,
Canada,Vans,PHEV,2045,265013.10895330744,1.9577507575642077,Canada Net-zero,Vehicle body,PHEV,Lead,320.0,166.02547674169074,No comparison,
Canada,Vans,PHEV,2045,265013.10895330744,1.9577507575642077,Canada Net-zero,Vehicle body,PHEV,Zinc,100.0,51.88296148177835,No comparison,
Canada,2 and 3 wheelers,BEV,2046,7297.439038100818,0.09808569078889517,Canada Net-zero,Vehicle body,BEV,Aluminum,127302.0,91.11950618174079,No comparison,
Canada,2 and 3 wheelers,BEV,2046,7297.439038100818,0.09808569078889517,Canada Net-zero,Vehicle body,BEV,Chromium,11850.0,8.481926036147337,No comparison,
Canada,2 and 3 wheelers,BEV,2046,7297.439038100818,0.09808569078889517,Canada Net-zero,Vehicle body,BEV,Iron,902171.34,645.7511036128212,No comparison,
Canada,2 and 3 wheelers,BEV,2046,7297.439038100818,0.09808569078889517,Canada Net-zero,Vehicle body,BEV,Lead,310.0,0.22189004820301053,No comparison,
Canada,2 and 3 wheelers,BEV,2046,7297.439038100818,0.09808569078889517,Canada Net-zero,Vehicle body,BEV,Zinc,100.0,0.07157743490419693,No comparison,
Canada,Buses,BEV,2046,9014.483517653951,5.6752374182090595,Canada Net-zero,Vehicle body,BEV,Aluminum,127302.0,6512.685557900649,No comparison,
Canada,Buses,BEV,2046,9014.483517653951,5.6752374182090595,Canada Net-zero,Vehicle body,BEV,Chromium,11850.0,606.2381098578396,No comparison,
Canada,Buses,BEV,2046,9014.483517653951,5.6752374182090595,Canada Net-zero,Vehicle body,BEV,Iron,902171.34,46154.48505734298,No comparison,
Canada,Buses,BEV,2046,9014.483517653951,5.6752374182090595,Canada Net-zero,Vehicle body,BEV,Lead,310.0,15.859393591217744,No comparison,
Canada,Buses,BEV,2046,9014.483517653951,5.6752374182090595,Canada Net-zero,Vehicle body,BEV,Zinc,100.0,5.115933416521853,No comparison,
Canada,Cars,BEV,2046,8155961.277877385,1.0,Canada Net-zero,Vehicle body,BEV,Aluminum,127302.0,1038270.1825963468,No comparison,
Canada,Cars,BEV,2046,8155961.277877385,1.0,Canada Net-zero,Vehicle body,BEV,Chromium,11850.0,96648.14114284702,No comparison,
Canada,Cars,BEV,2046,8155961.277877385,1.0,Canada Net-zero,Vehicle body,BEV,Iron,902171.34,7358074.515050752,No comparison,
Canada,Cars,BEV,2046,8155961.277877385,1.0,Canada Net-zero,Vehicle body,BEV,Lead,310.0,2528.3479961419894,No comparison,
Canada,Cars,BEV,2046,8155961.277877385,1.0,Canada Net-zero,Vehicle body,BEV,Zinc,100.0,815.5961277877384,No comparison,
Canada,Trucks,BEV,2046,85852.22397765667,3.6892781241792854,Canada Net-zero,Vehicle body,BEV,Aluminum,127302.0,40320.71022779298,No comparison,
Canada,Trucks,BEV,2046,85852.22397765667,3.6892781241792854,Canada Net-zero,Vehicle body,BEV,Chromium,11850.0,3753.282872219972,No comparison,
Canada,Trucks,BEV,2046,85852.22397765667,3.6892781241792854,Canada Net-zero,Vehicle body,BEV,Iron,902171.34,285747.1930995562,No comparison,
Canada,Trucks,BEV,2046,85852.22397765667,3.6892781241792854,Canada Net-zero,Vehicle body,BEV,Lead,310.0,98.18714686820181,No comparison,
Canada,Trucks,BEV,2046,85852.22397765667,3.6892781241792854,Canada Net-zero,Vehicle body,BEV,Zinc,100.0,31.673273183290906,No comparison,
Canada,Vans,BEV,2046,472187.2318771117,1.9577507575642077,Canada Net-zero,Vehicle body,BEV,Aluminum,127302.0,117681.14000988203,No comparison,
Canada,Vans,BEV,2046,472187.2318771117,1.9577507575642077,Canada Net-zero,Vehicle body,BEV,Chromium,11850.0,10954.435194396805,No comparison,
Canada,Vans,BEV,2046,472187.2318771117,1.9577507575642077,Canada Net-zero,Vehicle body,BEV,Iron,902171.34,833989.6606136815,No comparison,
Canada,Vans,BEV,2046,472187.2318771117,1.9577507575642077,Canada Net-zero,Vehicle body,BEV,Lead,310.0,286.5717223850641,No comparison,
Canada,Vans,BEV,2046,472187.2318771117,1.9577507575642077,Canada Net-zero,Vehicle body,BEV,Zinc,100.0,92.44249109195617,No comparison,
Canada,Buses,FCEV,2046,558.0394558547684,5.6752374182090595,Canada Net-zero,Vehicle body,ICEV,Aluminum,71300.0,225.80755637019553,No comparison,
Canada,Buses,FCEV,2046,558.0394558547684,5.6752374182090595,Canada Net-zero,Vehicle body,ICEV,Iron,902171.34,2857.1824083117085,No comparison,
Canada,Buses,FCEV,2046,558.0394558547684,5.6752374182090595,Canada Net-zero,Vehicle body,ICEV,Lead,300.0,0.9501019202112014,No comparison,
Canada,Buses,FCEV,2046,558.0394558547684,5.6752374182090595,Canada Net-zero,Vehicle body,ICEV,Zinc,100.0,0.31670064007040044,No comparison,
Canada,Cars,FCEV,2046,858.5222397765667,1.0,Canada Net-zero,Vehicle body,ICEV,Aluminum,71300.0,61.21263569606921,No comparison,
Canada,Cars,FCEV,2046,858.5222397765667,1.0,Canada Net-zero,Vehicle body,ICEV,Iron,902171.34,774.5341594790265,No comparison,
Canada,Cars,FCEV,2046,858.5222397765667,1.0,Canada Net-zero,Vehicle body,ICEV,Lead,300.0,0.25755667193297005,No comparison,
Canada,Cars,FCEV,2046,858.5222397765667,1.0,Canada Net-zero,Vehicle body,ICEV,Zinc,100.0,0.08585222397765667,No comparison,
Canada,Trucks,FCEV,2046,257.55667193297006,3.6892781241792854,Canada Net-zero,Vehicle body,ICEV,Aluminum,71300.0,67.74913133905926,No comparison,
Canada,Trucks,FCEV,2046,257.55667193297006,3.6892781241792854,Canada Net-zero,Vehicle body,ICEV,Iron,902171.34,857.2415792986689,No comparison,
Canada,Trucks,FCEV,2046,257.55667193297006,3.6892781241792854,Canada Net-zero,Vehicle body,ICEV,Lead,300.0,0.2850594586496182,No comparison,
Canada,Trucks,FCEV,2046,257.55667193297006,3.6892781241792854,Canada Net-zero,Vehicle body,ICEV,Zinc,100.0,0.09501981954987275,No comparison,
Canada,Cars,PHEV,2046,2661418.943307357,1.0,Canada Net-zero,Vehicle body,PHEV,Aluminum,110658.0,294507.2974285055,No comparison,
Canada,Cars,PHEV,2046,2661418.943307357,1.0,Canada Net-zero,Vehicle body,PHEV,Chromium,12789.0,34036.886865957786,No comparison,
Canada,Cars,PHEV,2046,2661418.943307357,1.0,Canada Net-zero,Vehicle body,PHEV,Iron,902171.34,2401055.894384982,No comparison,
Canada,Cars,PHEV,2046,2661418.943307357,1.0,Canada Net-zero,Vehicle body,PHEV,Lead,320.0,851.6540618583542,No comparison,
Canada,Cars,PHEV,2046,2661418.943307357,1.0,Canada Net-zero,Vehicle body,PHEV,Zinc,100.0,266.1418943307357,No comparison,
Canada,Vans,PHEV,2046,274727.1167285014,1.9577507575642077,Canada Net-zero,Vehicle body,PHEV,Aluminum,110658.0,59517.09777020326,No comparison,
Canada,Vans,PHEV,2046,274727.1167285014,1.9577507575642077,Canada Net-zero,Vehicle body,PHEV,Chromium,12789.0,6878.528108072887,No comparison,
Canada,Vans,PHEV,2046,274727.1167285014,1.9577507575642077,Canada Net-zero,Vehicle body,PHEV,Iron,902171.34,485230.34799341473,No comparison,
Canada,Vans,PHEV,2046,274727.1167285014,1.9577507575642077,Canada Net-zero,Vehicle body,PHEV,Lead,320.0,172.11111068756932,No comparison,
Canada,Vans,PHEV,2046,274727.1167285014,1.9577507575642077,Canada Net-zero,Vehicle body,PHEV,Zinc,100.0,53.78472208986541,No comparison,
Canada,2 and 3 wheelers,BEV,2047,7536.313587654366,0.09808569078889517,Canada Net-zero,Vehicle body,BEV,Aluminum,127302.0,94.10221434566809,No comparison,
Canada,2 and 3 wheelers,BEV,2047,7536.313587654366,0.09808569078889517,Canada Net-zero,Vehicle body,BEV,Chromium,11850.0,8.759573612324761,No comparison,
Canada,2 and 3 wheelers,BEV,2047,7536.313587654366,0.09808569078889517,Canada Net-zero,Vehicle body,BEV,Iron,902171.34,666.889136173812,No comparison,
Canada,2 and 3 wheelers,BEV,2047,7536.313587654366,0.09808569078889517,Canada Net-zero,Vehicle body,BEV,Lead,310.0,0.22915340251651276,No comparison,
Canada,2 and 3 wheelers,BEV,2047,7536.313587654366,0.09808569078889517,Canada Net-zero,Vehicle body,BEV,Zinc,100.0,0.07392045242468154,No comparison,
Canada,Buses,BEV,2047,9309.56384357304,5.6752374182090595,Canada Net-zero,Vehicle body,BEV,Aluminum,127302.0,6725.871967667807,No comparison,
Canada,Buses,BEV,2047,9309.56384357304,5.6752374182090595,Canada Net-zero,Vehicle body,BEV,Chromium,11850.0,626.0827231061846,No comparison,
Canada,Buses,BEV,2047,9309.56384357304,5.6752374182090595,Canada Net-zero,Vehicle body,BEV,Iron,902171.34,47665.30711017346,No comparison,
Canada,Buses,BEV,2047,9309.56384357304,5.6752374182090595,Canada Net-zero,Vehicle body,BEV,Lead,310.0,16.37853537239808,No comparison,
Canada,Buses,BEV,2047,9309.56384357304,5.6752374182090595,Canada Net-zero,Vehicle body,BEV,Zinc,100.0,5.283398507225186,No comparison,
Canada,Cars,BEV,2047,8422938.715613702,1.0,Canada Net-zero,Vehicle body,BEV,Aluminum,127302.0,1072256.9443750556,No comparison,
Canada,Cars,BEV,2047,8422938.715613702,1.0,Canada Net-zero,Vehicle body,BEV,Chromium,11850.0,99811.82378002237,No comparison,
Canada,Cars,BEV,2047,8422938.715613702,1.0,Canada Net-zero,Vehicle body,BEV,Iron,902171.34,7598933.907803093,No comparison,
Canada,Cars,BEV,2047,8422938.715613702,1.0,Canada Net-zero,Vehicle body,BEV,Lead,310.0,2611.111001840248,No comparison,
Canada,Cars,BEV,2047,8422938.715613702,1.0,Canada Net-zero,Vehicle body,BEV,Zinc,100.0,842.2938715613702,No comparison,
Canada,Trucks,BEV,2047,88662.51279593371,3.6892781241792854,Canada Net-zero,Vehicle body,BEV,Aluminum,127302.0,41640.569351391765,No comparison,
Canada,Trucks,BEV,2047,88662.51279593371,3.6892781241792854,Canada Net-zero,Vehicle body,BEV,Chromium,11850.0,3876.14292637973,No comparison,
Canada,Trucks,BEV,2047,88662.51279593371,3.6892781241792854,Canada Net-zero,Vehicle body,BEV,Iron,902171.34,295100.8487699175,No comparison,
Canada,Trucks,BEV,2047,88662.51279593371,3.6892781241792854,Canada Net-zero,Vehicle body,BEV,Lead,310.0,101.40120735676929,No comparison,
Canada,Trucks,BEV,2047,88662.51279593371,3.6892781241792854,Canada Net-zero,Vehicle body,BEV,Zinc,100.0,32.71006688928042,No comparison,
Canada,Vans,BEV,2047,487643.8203776354,1.9577507575642077,Canada Net-zero,Vehicle body,BEV,Aluminum,127302.0,121533.31735100644,No comparison,
Canada,Vans,BEV,2047,487643.8203776354,1.9577507575642077,Canada Net-zero,Vehicle body,BEV,Chromium,11850.0,11313.017946374968,No comparison,
Canada,Vans,BEV,2047,487643.8203776354,1.9577507575642077,Canada Net-zero,Vehicle body,BEV,Iron,902171.34,861289.4987447386,No comparison,
Canada,Vans,BEV,2047,487643.8203776354,1.9577507575642077,Canada Net-zero,Vehicle body,BEV,Lead,310.0,295.9523682174042,No comparison,
Canada,Vans,BEV,2047,487643.8203776354,1.9577507575642077,Canada Net-zero,Vehicle body,BEV,Zinc,100.0,95.46850587658201,No comparison,
Canada,Buses,FCEV,2047,576.3063331735691,5.6752374182090595,Canada Net-zero,Vehicle body,ICEV,Aluminum,71300.0,233.1991464927155,No comparison,
Canada,Buses,FCEV,2047,576.3063331735691,5.6752374182090595,Canada Net-zero,Vehicle body,ICEV,Iron,902171.34,2950.7094877726427,No comparison,
Canada,Buses,FCEV,2047,576.3063331735691,5.6752374182090595,Canada Net-zero,Vehicle body,ICEV,Lead,300.0,0.9812025799132489,No comparison,
Canada,Buses,FCEV,2047,576.3063331735691,5.6752374182090595,Canada Net-zero,Vehicle body,ICEV,Zinc,100.0,0.32706752663774963,No comparison,
Canada,Cars,FCEV,2047,886.6251279593371,1.0,Canada Net-zero,Vehicle body,ICEV,Aluminum,71300.0,63.216371623500734,No comparison,
Canada,Cars,FCEV,2047,886.6251279593371,1.0,Canada Net-zero,Vehicle body,ICEV,Iron,902171.34,799.8877797687467,No comparison,
Canada,Cars,FCEV,2047,886.6251279593371,1.0,Canada Net-zero,Vehicle body,ICEV,Lead,300.0,0.26598753838780115,No comparison,
Canada,Cars,FCEV,2047,886.6251279593371,1.0,Canada Net-zero,Vehicle body,ICEV,Zinc,100.0,0.0886625127959337,No comparison,
Canada,Trucks,FCEV,2047,265.9875383878011,3.6892781241792854,Canada Net-zero,Vehicle body,ICEV,Aluminum,71300.0,69.96683307617081,No comparison,
Canada,Trucks,FCEV,2047,265.9875383878011,3.6892781241792854,Canada Net-zero,Vehicle body,ICEV,Iron,902171.34,885.3025463097523,No comparison,
Canada,Trucks,FCEV,2047,265.9875383878011,3.6892781241792854,Canada Net-zero,Vehicle body,ICEV,Lead,300.0,0.2943906020035238,No comparison,
Canada,Trucks,FCEV,2047,265.9875383878011,3.6892781241792854,Canada Net-zero,Vehicle body,ICEV,Zinc,100.0,0.09813020066784126,No comparison,
Canada,Cars,PHEV,2047,2748537.896673945,1.0,Canada Net-zero,Vehicle body,PHEV,Aluminum,110658.0,304147.7065701454,No comparison,
Canada,Cars,PHEV,2047,2748537.896673945,1.0,Canada Net-zero,Vehicle body,PHEV,Chromium,12789.0,35151.05116056308,No comparison,
Canada,Cars,PHEV,2047,2748537.896673945,1.0,Canada Net-zero,Vehicle body,PHEV,Iron,902171.34,2479652.117283114,No comparison,
Canada,Cars,PHEV,2047,2748537.896673945,1.0,Canada Net-zero,Vehicle body,PHEV,Lead,320.0,879.5321269356623,No comparison,
Canada,Cars,PHEV,2047,2748537.896673945,1.0,Canada Net-zero,Vehicle body,PHEV,Zinc,100.0,274.85378966739444,No comparison,
Canada,Vans,PHEV,2047,283720.04094698787,1.9577507575642077,Canada Net-zero,Vehicle body,PHEV,Aluminum,110658.0,61465.33191732837,No comparison,
Canada,Vans,PHEV,2047,283720.04094698787,1.9577507575642077,Canada Net-zero,Vehicle body,PHEV,Chromium,12789.0,7103.690016905352,No comparison,
Canada,Vans,PHEV,2047,283720.04094698787,1.9577507575642077,Canada Net-zero,Vehicle body,PHEV,Iron,902171.34,501113.8901787571,No comparison,
Canada,Vans,PHEV,2047,283720.04094698787,1.9577507575642077,Canada Net-zero,Vehicle body,PHEV,Lead,320.0,177.74500003203633,No comparison,
Canada,Vans,PHEV,2047,283720.04094698787,1.9577507575642077,Canada Net-zero,Vehicle body,PHEV,Zinc,100.0,55.54531251001136,No comparison,
Canada,2 and 3 wheelers,BEV,2048,7762.755933467062,0.09808569078889517,Canada Net-zero,Vehicle body,BEV,Aluminum,127302.0,96.92968774028762,No comparison,
Canada,2 and 3 wheelers,BEV,2048,7762.755933467062,0.09808569078889517,Canada Net-zero,Vehicle body,BEV,Chromium,11850.0,9.022771046192583,No comparison,
Canada,2 and 3 wheelers,BEV,2048,7762.755933467062,0.09808569078889517,Canada Net-zero,Vehicle body,BEV,Iron,902171.34,686.9270417938197,No comparison,
Canada,2 and 3 wheelers,BEV,2048,7762.755933467062,0.09808569078889517,Canada Net-zero,Vehicle body,BEV,Lead,310.0,0.2360387362295106,No comparison,
Canada,2 and 3 wheelers,BEV,2048,7762.755933467062,0.09808569078889517,Canada Net-zero,Vehicle body,BEV,Zinc,100.0,0.07614152781597117,No comparison,
Canada,Buses,BEV,2048,9589.286741341664,5.6752374182090595,Canada Net-zero,Vehicle body,BEV,Aluminum,127302.0,6927.963110542952,No comparison,
Canada,Buses,BEV,2048,9589.286741341664,5.6752374182090595,Canada Net-zero,Vehicle body,BEV,Chromium,11850.0,644.894525301519,No comparison,
Canada,Buses,BEV,2048,9589.286741341664,5.6752374182090595,Canada Net-zero,Vehicle body,BEV,Iron,902171.34,49097.49856961479,No comparison,
Canada,Buses,BEV,2048,9589.286741341664,5.6752374182090595,Canada Net-zero,Vehicle body,BEV,Lead,310.0,16.87065846780345,No comparison,
Canada,Buses,BEV,2048,9589.286741341664,5.6752374182090595,Canada Net-zero,Vehicle body,BEV,Zinc,100.0,5.442147892839823,No comparison,
Canada,Cars,BEV,2048,8676021.337404363,1.0,Canada Net-zero,Vehicle body,BEV,Aluminum,127302.0,1104474.8682942502,No comparison,
Canada,Cars,BEV,2048,8676021.337404363,1.0,Canada Net-zero,Vehicle body,BEV,Chromium,11850.0,102810.8528482417,No comparison,
Canada,Cars,BEV,2048,8676021.337404363,1.0,Canada Net-zero,Vehicle body,BEV,Iron,902171.34,7827257.795834686,No comparison,
Canada,Cars,BEV,2048,8676021.337404363,1.0,Canada Net-zero,Vehicle body,BEV,Lead,310.0,2689.566614595353,No comparison,
Canada,Cars,BEV,2048,8676021.337404363,1.0,Canada Net-zero,Vehicle body,BEV,Zinc,100.0,867.6021337404363,No comparison,
Canada,Trucks,BEV,2048,91326.54039373015,3.6892781241792854,Canada Net-zero,Vehicle body,BEV,Aluminum,127302.0,42891.73652951342,No comparison,
Canada,Trucks,BEV,2048,91326.54039373015,3.6892781241792854,Canada Net-zero,Vehicle body,BEV,Chromium,11850.0,3992.6087404340387,No comparison,
Canada,Trucks,BEV,2048,91326.54039373015,3.6892781241792854,Canada Net-zero,Vehicle body,BEV,Iron,902171.34,303967.69429983874,No comparison,
Canada,Trucks,BEV,2048,91326.54039373015,3.6892781241792854,Canada Net-zero,Vehicle body,BEV,Lead,310.0,104.44799236578498,No comparison,
Canada,Trucks,BEV,2048,91326.54039373015,3.6892781241792854,Canada Net-zero,Vehicle body,BEV,Zinc,100.0,33.692900763156445,No comparison,
Canada,Vans,BEV,2048,502295.97216551576,1.9577507575642077,Canada Net-zero,Vehicle body,BEV,Aluminum,127302.0,125185.00848026667,No comparison,
Canada,Vans,BEV,2048,502295.97216551576,1.9577507575642077,Canada Net-zero,Vehicle body,BEV,Chromium,11850.0,11652.93829233759,No comparison,
Canada,Vans,BEV,2048,502295.97216551576,1.9577507575642077,Canada Net-zero,Vehicle body,BEV,Iron,902171.34,887168.5193363305,No comparison,
Canada,Vans,BEV,2048,502295.97216551576,1.9577507575642077,Canada Net-zero,Vehicle body,BEV,Lead,310.0,304.8447992088315,No comparison,
Canada,Vans,BEV,2048,502295.97216551576,1.9577507575642077,Canada Net-zero,Vehicle body,BEV,Zinc,100.0,98.33703200284886,No comparison,
Canada,Buses,FCEV,2048,593.6225125592459,5.6752374182090595,Canada Net-zero,Vehicle body,ICEV,Aluminum,71300.0,240.20604199396345,No comparison,
Canada,Buses,FCEV,2048,593.6225125592459,5.6752374182090595,Canada Net-zero,Vehicle body,ICEV,Iron,902171.34,3039.368959071392,No comparison,
Canada,Buses,FCEV,2048,593.6225125592459,5.6752374182090595,Canada Net-zero,Vehicle body,ICEV,Lead,300.0,1.010684608670253,No comparison,
Canada,Buses,FCEV,2048,593.6225125592459,5.6752374182090595,Canada Net-zero,Vehicle body,ICEV,Zinc,100.0,0.33689486955675096,No comparison,
Canada,Cars,FCEV,2048,913.2654039373015,1.0,Canada Net-zero,Vehicle body,ICEV,Aluminum,71300.0,65.1158233007296,No comparison,
Canada,Cars,FCEV,2048,913.2654039373015,1.0,Canada Net-zero,Vehicle body,ICEV,Iron,902171.34,823.9218732457565,No comparison,
Canada,Cars,FCEV,2048,913.2654039373015,1.0,Canada Net-zero,Vehicle body,ICEV,Lead,300.0,0.2739796211811904,No comparison,
Canada,Cars,FCEV,2048,913.2654039373015,1.0,Canada Net-zero,Vehicle body,ICEV,Zinc,100.0,0.09132654039373014,No comparison,
Canada,Trucks,FCEV,2048,273.9796211811904,3.6892781241792854,Canada Net-zero,Vehicle body,ICEV,Aluminum,71300.0,72.06911473239164,No comparison,
Canada,Trucks,FCEV,2048,273.9796211811904,3.6892781241792854,Canada Net-zero,Vehicle body,ICEV,Iron,902171.34,911.9030828995161,No comparison,
Canada,Trucks,FCEV,2048,273.9796211811904,3.6892781241792854,Canada Net-zero,Vehicle body,ICEV,Lead,300.0,0.30323610686840796,No comparison,
Canada,Trucks,FCEV,2048,273.9796211811904,3.6892781241792854,Canada Net-zero,Vehicle body,ICEV,Zinc,100.0,0.10107870228946933,No comparison,
Canada,Cars,PHEV,2048,2831122.7522056345,1.0,Canada Net-zero,Vehicle body,PHEV,Aluminum,110658.0,313286.38151357113,No comparison,
Canada,Cars,PHEV,2048,2831122.7522056345,1.0,Canada Net-zero,Vehicle body,PHEV,Chromium,12789.0,36207.22887795786,No comparison,
Canada,Cars,PHEV,2048,2831122.7522056345,1.0,Canada Net-zero,Vehicle body,PHEV,Iron,902171.34,2554157.8070618454,No comparison,
Canada,Cars,PHEV,2048,2831122.7522056345,1.0,Canada Net-zero,Vehicle body,PHEV,Lead,320.0,905.959280705803,No comparison,
Canada,Cars,PHEV,2048,2831122.7522056345,1.0,Canada Net-zero,Vehicle body,PHEV,Zinc,100.0,283.11227522056345,No comparison,
Canada,Vans,PHEV,2048,292244.92925993644,1.9577507575642077,Canada Net-zero,Vehicle body,PHEV,Aluminum,110658.0,63312.17039925091,No comparison,
Canada,Vans,PHEV,2048,292244.92925993644,1.9577507575642077,Canada Net-zero,Vehicle body,PHEV,Chromium,12789.0,7317.133395109435,No comparison,
Canada,Vans,PHEV,2048,292244.92925993644,1.9577507575642077,Canada Net-zero,Vehicle body,PHEV,Iron,902171.34,516170.7748865923,No comparison,
Canada,Vans,PHEV,2048,292244.92925993644,1.9577507575642077,Canada Net-zero,Vehicle body,PHEV,Lead,320.0,183.08567412894044,No comparison,
Canada,Vans,PHEV,2048,292244.92925993644,1.9577507575642077,Canada Net-zero,Vehicle body,PHEV,Zinc,100.0,57.21427316529389,No comparison,
Canada,2 and 3 wheelers,BEV,2049,7976.229918520228,0.09808569078889517,Canada Net-zero,Vehicle body,BEV,Aluminum,127302.0,99.59523163851455,No comparison,
Canada,2 and 3 wheelers,BEV,2049,7976.229918520228,0.09808569078889517,Canada Net-zero,Vehicle body,BEV,Chromium,11850.0,9.27089515417195,No comparison,
Canada,2 and 3 wheelers,BEV,2049,7976.229918520228,0.09808569078889517,Canada Net-zero,Vehicle body,BEV,Iron,902171.34,705.8173758851319,No comparison,
Canada,2 and 3 wheelers,BEV,2049,7976.229918520228,0.09808569078889517,Canada Net-zero,Vehicle body,BEV,Lead,310.0,0.242529746649224,No comparison,
Canada,2 and 3 wheelers,BEV,2049,7976.229918520228,0.09808569078889517,Canada Net-zero,Vehicle body,BEV,Zinc,100.0,0.07823540214491095,No comparison,
Canada,Buses,BEV,2049,9852.989899348517,5.6752374182090595,Canada Net-zero,Vehicle body,BEV,Aluminum,127302.0,7118.4804868696865,No comparison,
Canada,Buses,BEV,2049,9852.989899348517,5.6752374182090595,Canada Net-zero,Vehicle body,BEV,Chromium,11850.0,662.6289749525206,No comparison,
Canada,Buses,BEV,2049,9852.989899348517,5.6752374182090595,Canada Net-zero,Vehicle body,BEV,Iron,902171.34,50447.66837601198,No comparison,
Canada,Buses,BEV,2049,9852.989899348517,5.6752374182090595,Canada Net-zero,Vehicle body,BEV,Lead,310.0,17.33459765698577,No comparison,
Canada,Buses,BEV,2049,9852.989899348517,5.6752374182090595,Canada Net-zero,Vehicle body,BEV,Zinc,100.0,5.591805695801861,No comparison,
Canada,Cars,BEV,2049,8914609.908934373,1.0,Canada Net-zero,Vehicle body,BEV,Aluminum,127302.0,1134847.6706271635,No comparison,
Canada,Cars,BEV,2049,8914609.908934373,1.0,Canada Net-zero,Vehicle body,BEV,Chromium,11850.0,105638.12742087233,No comparison,
Canada,Cars,BEV,2049,8914609.908934373,1.0,Canada Net-zero,Vehicle body,BEV,Iron,902171.34,8042505.567120601,No comparison,
Canada,Cars,BEV,2049,8914609.908934373,1.0,Canada Net-zero,Vehicle body,BEV,Lead,310.0,2763.5290717696557,No comparison,
Canada,Cars,BEV,2049,8914609.908934373,1.0,Canada Net-zero,Vehicle body,BEV,Zinc,100.0,891.4609908934374,No comparison,
Canada,Trucks,BEV,2049,93837.99904141446,3.6892781241792854,Canada Net-zero,Vehicle body,BEV,Aluminum,127302.0,44071.24932126961,No comparison,
Canada,Trucks,BEV,2049,93837.99904141446,3.6892781241792854,Canada Net-zero,Vehicle body,BEV,Chromium,11850.0,4102.404553400928,No comparison,
Canada,Trucks,BEV,2049,93837.99904141446,3.6892781241792854,Canada Net-zero,Vehicle body,BEV,Iron,902171.34,312326.73528808577,No comparison,
Canada,Trucks,BEV,2049,93837.99904141446,3.6892781241792854,Canada Net-zero,Vehicle body,BEV,Lead,310.0,107.3202878948766,No comparison,
Canada,Trucks,BEV,2049,93837.99904141446,3.6892781241792854,Canada Net-zero,Vehicle body,BEV,Zinc,100.0,34.61944770802471,No comparison,
Canada,Vans,BEV,2049,516108.99472777947,1.9577507575642077,Canada Net-zero,Vehicle body,BEV,Aluminum,127302.0,128627.56713575455,No comparison,
Canada,Vans,BEV,2049,516108.99472777947,1.9577507575642077,Canada Net-zero,Vehicle body,BEV,Chromium,11850.0,11973.39138865604,No comparison,
Canada,Vans,BEV,2049,516108.99472777947,1.9577507575642077,Canada Net-zero,Vehicle body,BEV,Iron,902171.34,911565.4475483781,No comparison,
Canada,Vans,BEV,2049,516108.99472777947,1.9577507575642077,Canada Net-zero,Vehicle body,BEV,Lead,310.0,313.2279603783437,No comparison,
Canada,Vans,BEV,2049,516108.99472777947,1.9577507575642077,Canada Net-zero,Vehicle body,BEV,Zinc,100.0,101.04127754140119,No comparison,
Canada,Buses,FCEV,2049,609.9469937691939,5.6752374182090595,Canada Net-zero,Vehicle body,ICEV,Aluminum,71300.0,246.811652354226,No comparison,
Canada,Buses,FCEV,2049,609.9469937691939,5.6752374182090595,Canada Net-zero,Vehicle body,ICEV,Iron,902171.34,3122.9508994674084,No comparison,
Canada,Buses,FCEV,2049,609.9469937691939,5.6752374182090595,Canada Net-zero,Vehicle body,ICEV,Lead,300.0,1.038478200648917,No comparison,
Canada,Buses,FCEV,2049,609.9469937691939,5.6752374182090595,Canada Net-zero,Vehicle body,ICEV,Zinc,100.0,0.34615940021630576,No comparison,
Canada,Cars,FCEV,2049,938.3799904141445,1.0,Canada Net-zero,Vehicle body,ICEV,Aluminum,71300.0,66.9064933165285,No comparison,
Canada,Cars,FCEV,2049,938.3799904141445,1.0,Canada Net-zero,Vehicle body,ICEV,Iron,902171.34,846.5795333811158,No comparison,
Canada,Cars,FCEV,2049,938.3799904141445,1.0,Canada Net-zero,Vehicle body,ICEV,Lead,300.0,0.28151399712424335,No comparison,
Canada,Cars,FCEV,2049,938.3799904141445,1.0,Canada Net-zero,Vehicle body,ICEV,Zinc,100.0,0.09383799904141445,No comparison,
Canada,Trucks,FCEV,2049,281.51399712424336,3.6892781241792854,Canada Net-zero,Vehicle body,ICEV,Aluminum,71300.0,74.05099864746484,No comparison,
Canada,Trucks,FCEV,2049,281.51399712424336,3.6892781241792854,Canada Net-zero,Vehicle body,ICEV,Iron,902171.34,936.9802058642573,No comparison,
Canada,Trucks,FCEV,2049,281.51399712424336,3.6892781241792854,Canada Net-zero,Vehicle body,ICEV,Lead,300.0,0.31157502937222237,No comparison,
Canada,Trucks,FCEV,2049,281.51399712424336,3.6892781241792854,Canada Net-zero,Vehicle body,ICEV,Zinc,100.0,0.10385834312407412,No comparison,
Canada,Cars,PHEV,2049,2908977.970283848,1.0,Canada Net-zero,Vehicle body,PHEV,Aluminum,110658.0,321901.68423567,No comparison,
Canada,Cars,PHEV,2049,2908977.970283848,1.0,Canada Net-zero,Vehicle body,PHEV,Chromium,12789.0,37202.91926196013,No comparison,
Canada,Cars,PHEV,2049,2908977.970283848,1.0,Canada Net-zero,Vehicle body,PHEV,Iron,902171.34,2624396.553481459,No comparison,
Canada,Cars,PHEV,2049,2908977.970283848,1.0,Canada Net-zero,Vehicle body,PHEV,Lead,320.0,930.8729504908313,No comparison,
Canada,Cars,PHEV,2049,2908977.970283848,1.0,Canada Net-zero,Vehicle body,PHEV,Zinc,100.0,290.8977970283848,No comparison,
Canada,Vans,PHEV,2049,300281.5969325262,1.9577507575642077,Canada Net-zero,Vehicle body,PHEV,Aluminum,110658.0,65053.240379207986,No comparison,
Canada,Vans,PHEV,2049,300281.5969325262,1.9577507575642077,Canada Net-zero,Vehicle body,PHEV,Chromium,12789.0,7518.352863866064,No comparison,
Canada,Vans,PHEV,2049,300281.5969325262,1.9577507575642077,Canada Net-zero,Vehicle body,PHEV,Iron,902171.34,530365.3513008746,No comparison,
Canada,Vans,PHEV,2049,300281.5969325262,1.9577507575642077,Canada Net-zero,Vehicle body,PHEV,Lead,320.0,188.12048764071787,No comparison,
Canada,Vans,PHEV,2049,300281.5969325262,1.9577507575642077,Canada Net-zero,Vehicle body,PHEV,Zinc,100.0,58.78765238772432,No comparison,
Canada,2 and 3 wheelers,BEV,2050,8180.357871940072,0.09808569078889517,Canada Net-zero,Vehicle body,BEV,Aluminum,127302.0,102.14407626967797,No comparison,
Canada,2 and 3 wheelers,BEV,2050,8180.357871940072,0.09808569078889517,Canada Net-zero,Vehicle body,BEV,Chromium,11850.0,9.50815622531998,No comparison,
Canada,2 and 3 wheelers,BEV,2050,8180.357871940072,0.09808569078889517,Canada Net-zero,Vehicle body,BEV,Iron,902171.34,723.8806787110773,No comparison,
Canada,2 and 3 wheelers,BEV,2050,8180.357871940072,0.09808569078889517,Canada Net-zero,Vehicle body,BEV,Lead,310.0,0.2487365763585817,No comparison,
Canada,2 and 3 wheelers,BEV,2050,8180.357871940072,0.09808569078889517,Canada Net-zero,Vehicle body,BEV,Zinc,100.0,0.08023760527696185,No comparison,
Canada,Buses,BEV,2050,10105.147959455382,5.6752374182090595,Canada Net-zero,Vehicle body,BEV,Aluminum,127302.0,7300.656887009538,No comparison,
Canada,Buses,BEV,2050,10105.147959455382,5.6752374182090595,Canada Net-zero,Vehicle body,BEV,Chromium,11850.0,679.5869987200753,No comparison,
Canada,Buses,BEV,2050,10105.147959455382,5.6752374182090595,Canada Net-zero,Vehicle body,BEV,Iron,902171.34,51738.72685922941,No comparison,
Canada,Buses,BEV,2050,10105.147959455382,5.6752374182090595,Canada Net-zero,Vehicle body,BEV,Lead,310.0,17.778225282972432,No comparison,
Canada,Buses,BEV,2050,10105.147959455382,5.6752374182090595,Canada Net-zero,Vehicle body,BEV,Zinc,100.0,5.734911381604011,No comparison,
Canada,Cars,BEV,2050,9142752.915697727,1.0,Canada Net-zero,Vehicle body,BEV,Aluminum,127302.0,1163890.7316741522,No comparison,
Canada,Cars,BEV,2050,9142752.915697727,1.0,Canada Net-zero,Vehicle body,BEV,Chromium,11850.0,108341.62205101807,No comparison,
Canada,Cars,BEV,2050,9142752.915697727,1.0,Canada Net-zero,Vehicle body,BEV,Iron,902171.34,8248329.649243926,No comparison,
Canada,Cars,BEV,2050,9142752.915697727,1.0,Canada Net-zero,Vehicle body,BEV,Lead,310.0,2834.2534038662952,No comparison,
Canada,Cars,BEV,2050,9142752.915697727,1.0,Canada Net-zero,Vehicle body,BEV,Zinc,100.0,914.2752915697728,No comparison,
Canada,Trucks,BEV,2050,96239.50437576555,3.6892781241792854,Canada Net-zero,Vehicle body,BEV,Aluminum,127302.0,45199.12226632075,No comparison,
Canada,Trucks,BEV,2050,96239.50437576555,3.6892781241792854,Canada Net-zero,Vehicle body,BEV,Chromium,11850.0,4207.393433378116,No comparison,
Canada,Trucks,BEV,2050,96239.50437576555,3.6892781241792854,Canada Net-zero,Vehicle body,BEV,Iron,902171.34,320319.8119576317,No comparison,
Canada,Trucks,BEV,2050,96239.50437576555,3.6892781241792854,Canada Net-zero,Vehicle body,BEV,Lead,310.0,110.06683243436423,No comparison,
Canada,Trucks,BEV,2050,96239.50437576555,3.6892781241792854,Canada Net-zero,Vehicle body,BEV,Zinc,100.0,35.50542981753684,No comparison,
Canada,Vans,BEV,2050,529317.2740667105,1.9577507575642077,Canada Net-zero,Vehicle body,BEV,Aluminum,127302.0,131919.4083064597,No comparison,
Canada,Vans,BEV,2050,529317.2740667105,1.9577507575642077,Canada Net-zero,Vehicle body,BEV,Chromium,11850.0,12279.814837406697,No comparison,
Canada,Vans,BEV,2050,529317.2740667105,1.9577507575642077,Canada Net-zero,Vehicle body,BEV,Iron,902171.34,934894.262178488,No comparison,
Canada,Vans,BEV,2050,529317.2740667105,1.9577507575642077,Canada Net-zero,Vehicle body,BEV,Lead,310.0,321.24410123173635,No comparison,
Canada,Vans,BEV,2050,529317.2740667105,1.9577507575642077,Canada Net-zero,Vehicle body,BEV,Zinc,100.0,103.62712942959237,No comparison,
Canada,Buses,FCEV,2050,625.5567784424761,5.6752374182090595,Canada Net-zero,Vehicle body,ICEV,Aluminum,71300.0,253.12806474327422,No comparison,
Canada,Buses,FCEV,2050,625.5567784424761,5.6752374182090595,Canada Net-zero,Vehicle body,ICEV,Iron,902171.34,3202.873567476107,No comparison,
Canada,Buses,FCEV,2050,625.5567784424761,5.6752374182090595,Canada Net-zero,Vehicle body,ICEV,Lead,300.0,1.0650549708693164,No comparison,
Canada,Buses,FCEV,2050,625.5567784424761,5.6752374182090595,Canada Net-zero,Vehicle body,ICEV,Zinc,100.0,0.3550183236231055,No comparison,
Canada,Cars,FCEV,2050,962.3950437576555,1.0,Canada Net-zero,Vehicle body,ICEV,Aluminum,71300.0,68.61876661992083,No comparison,
Canada,Cars,FCEV,2050,962.3950437576555,1.0,Canada Net-zero,Vehicle body,ICEV,Iron,902171.34,868.2452262362026,No comparison,
Canada,Cars,FCEV,2050,962.3950437576555,1.0,Canada Net-zero,Vehicle body,ICEV,Lead,300.0,0.2887185131272966,No comparison,
Canada,Cars,FCEV,2050,962.3950437576555,1.0,Canada Net-zero,Vehicle body,ICEV,Zinc,100.0,0.09623950437576555,No comparison,
Canada,Trucks,FCEV,2050,288.71851312729666,3.6892781241792854,Canada Net-zero,Vehicle body,ICEV,Aluminum,71300.0,75.94611437971132,No comparison,
Canada,Trucks,FCEV,2050,288.71851312729666,3.6892781241792854,Canada Net-zero,Vehicle body,ICEV,Iron,902171.34,960.9594358728953,No comparison,
Canada,Trucks,FCEV,2050,288.71851312729666,3.6892781241792854,Canada Net-zero,Vehicle body,ICEV,Lead,300.0,0.31954886835783164,No comparison,
Canada,Trucks,FCEV,2050,288.71851312729666,3.6892781241792854,Canada Net-zero,Vehicle body,ICEV,Zinc,100.0,0.10651628945261053,No comparison,
Canada,Cars,PHEV,2050,2983424.635648732,1.0,Canada Net-zero,Vehicle body,PHEV,Aluminum,110658.0,330139.8033316174,No comparison,
Canada,Cars,PHEV,2050,2983424.635648732,1.0,Canada Net-zero,Vehicle body,PHEV,Chromium,12789.0,38155.017665311636,No comparison,
Canada,Cars,PHEV,2050,2983424.635648732,1.0,Canada Net-zero,Vehicle body,PHEV,Iron,902171.34,2691560.2013322287,No comparison,
Canada,Cars,PHEV,2050,2983424.635648732,1.0,Canada Net-zero,Vehicle body,PHEV,Lead,320.0,954.6958834075942,No comparison,
Canada,Cars,PHEV,2050,2983424.635648732,1.0,Canada Net-zero,Vehicle body,PHEV,Zinc,100.0,298.34246356487324,No comparison,
Canada,Vans,PHEV,2050,307966.4140024498,1.9577507575642077,Canada Net-zero,Vehicle body,PHEV,Aluminum,110658.0,66718.08516898812,No comparison,
Canada,Vans,PHEV,2050,307966.4140024498,1.9577507575642077,Canada Net-zero,Vehicle body,PHEV,Chromium,12789.0,7710.7628117821505,No comparison,
Canada,Vans,PHEV,2050,307966.4140024498,1.9577507575642077,Canada Net-zero,Vehicle body,PHEV,Iron,902171.34,543938.4798129385,No comparison,
Canada,Vans,PHEV,2050,307966.4140024498,1.9577507575642077,Canada Net-zero,Vehicle body,PHEV,Lead,320.0,192.93487370164112,No comparison,
Canada,Vans,PHEV,2050,307966.4140024498,1.9577507575642077,Canada Net-zero,Vehicle body,PHEV,Zinc,100.0,60.29214803176285,No comparison,
Canada,2 and 3 wheelers,BEV,2024,170.0,0.09808569078889517,Global Net-zero,Vehicle body,BEV,Aluminum,127302.0,2.122705783497349,No comparison,
Canada,2 and 3 wheelers,BEV,2024,170.0,0.09808569078889517,Global Net-zero,Vehicle body,BEV,Chromium,11850.0,0.19759362409422934,No comparison,
Canada,2 and 3 wheelers,BEV,2024,170.0,0.09808569078889517,Global Net-zero,Vehicle body,BEV,Iron,902171.34,15.043316845953347,No comparison,
Canada,2 and 3 wheelers,BEV,2024,170.0,0.09808569078889517,Global Net-zero,Vehicle body,BEV,Lead,310.0,0.005169115904574776,No comparison,
Canada,2 and 3 wheelers,BEV,2024,170.0,0.09808569078889517,Global Net-zero,Vehicle body,BEV,Zinc,100.0,0.0016674567434112179,No comparison,
Canada,Buses,BEV,2024,210.0,5.6752374182090595,Global Net-zero,Vehicle body,BEV,Aluminum,127302.0,151.71850550069846,No comparison,
Canada,Buses,BEV,2024,210.0,5.6752374182090595,Global Net-zero,Vehicle body,BEV,Chromium,11850.0,14.122828315213246,No comparison,
Canada,Buses,BEV,2024,210.0,5.6752374182090595,Global Net-zero,Vehicle body,BEV,Iron,902171.34,1075.2076747447995,No comparison,
Canada,Buses,BEV,2024,210.0,5.6752374182090595,Global Net-zero,Vehicle body,BEV,Lead,310.0,0.3694579559254098,No comparison,
Canada,Buses,BEV,2024,210.0,5.6752374182090595,Global Net-zero,Vehicle body,BEV,Zinc,100.0,0.11917998578239025,No comparison,
Canada,Cars,BEV,2024,190000.0,1.0,Global Net-zero,Vehicle body,BEV,Aluminum,127302.0,24187.38,No comparison,
Canada,Cars,BEV,2024,190000.0,1.0,Global Net-zero,Vehicle body,BEV,Chromium,11850.0,2251.5,No comparison,
Canada,Cars,BEV,2024,190000.0,1.0,Global Net-zero,Vehicle body,BEV,Iron,902171.34,171412.5546,No comparison,
Canada,Cars,BEV,2024,190000.0,1.0,Global Net-zero,Vehicle body,BEV,Lead,310.0,58.9,No comparison,
Canada,Cars,BEV,2024,190000.0,1.0,Global Net-zero,Vehicle body,BEV,Zinc,100.0,19.0,No comparison,
Canada,Trucks,BEV,2024,2000.0,3.6892781241792854,Global Net-zero,Vehicle body,BEV,Aluminum,127302.0,939.3049675285428,No comparison,
Canada,Trucks,BEV,2024,2000.0,3.6892781241792854,Global Net-zero,Vehicle body,BEV,Chromium,11850.0,87.43589154304907,No comparison,
Canada,Trucks,BEV,2024,2000.0,3.6892781241792854,Global Net-zero,Vehicle body,BEV,Iron,902171.34,6656.721977847025,No comparison,
Canada,Trucks,BEV,2024,2000.0,3.6892781241792854,Global Net-zero,Vehicle body,BEV,Lead,310.0,2.287352436991157,No comparison,
Canada,Trucks,BEV,2024,2000.0,3.6892781241792854,Global Net-zero,Vehicle body,BEV,Zinc,100.0,0.7378556248358571,No comparison,
Canada,Vans,BEV,2024,11000.0,1.9577507575642077,Global Net-zero,Vehicle body,BEV,Aluminum,127302.0,2741.4814563338264,No comparison,
Canada,Vans,BEV,2024,11000.0,1.9577507575642077,Global Net-zero,Vehicle body,BEV,Chromium,11850.0,255.19281124849448,No comparison,
Canada,Vans,BEV,2024,11000.0,1.9577507575642077,Global Net-zero,Vehicle body,BEV,Iron,902171.34,19428.492867714882,No comparison,
Canada,Vans,BEV,2024,11000.0,1.9577507575642077,Global Net-zero,Vehicle body,BEV,Lead,310.0,6.675930083293948,No comparison,
Canada,Vans,BEV,2024,11000.0,1.9577507575642077,Global Net-zero,Vehicle body,BEV,Zinc,100.0,2.153525833320628,No comparison,
Canada,Buses,FCEV,2024,13.0,5.6752374182090595,Global Net-zero,Vehicle body,ICEV,Aluminum,71300.0,5.260377562937977,No comparison,
Canada,Buses,FCEV,2024,13.0,5.6752374182090595,Global Net-zero,Vehicle body,ICEV,Iron,902171.34,66.5604751032495,No comparison,
Canada,Buses,FCEV,2024,13.0,5.6752374182090595,Global Net-zero,Vehicle body,ICEV,Lead,300.0,0.022133425931015333,No comparison,
Canada,Buses,FCEV,2024,13.0,5.6752374182090595,Global Net-zero,Vehicle body,ICEV,Zinc,100.0,0.007377808643671777,No comparison,
Canada,Cars,FCEV,2024,20.0,1.0,Global Net-zero,Vehicle body,ICEV,Aluminum,71300.0,1.426,No comparison,
Canada,Cars,FCEV,2024,20.0,1.0,Global Net-zero,Vehicle body,ICEV,Iron,902171.34,18.043426800000002,No comparison,
Canada,Cars,FCEV,2024,20.0,1.0,Global Net-zero,Vehicle body,ICEV,Lead,300.0,0.006,No comparison,
Canada,Cars,FCEV,2024,20.0,1.0,Global Net-zero,Vehicle body,ICEV,Zinc,100.0,0.002,No comparison,
Canada,Trucks,FCEV,2024,6.0,3.6892781241792854,Global Net-zero,Vehicle body,ICEV,Aluminum,71300.0,1.5782731815238984,No comparison,
Canada,Trucks,FCEV,2024,6.0,3.6892781241792854,Global Net-zero,Vehicle body,ICEV,Iron,902171.34,19.970165933541075,No comparison,
Canada,Trucks,FCEV,2024,6.0,3.6892781241792854,Global Net-zero,Vehicle body,ICEV,Lead,300.0,0.006640700623522714,No comparison,
Canada,Trucks,FCEV,2024,6.0,3.6892781241792854,Global Net-zero,Vehicle body,ICEV,Zinc,100.0,0.0022135668745075715,No comparison,
Canada,Cars,PHEV,2024,62000.0,1.0,Global Net-zero,Vehicle body,PHEV,Aluminum,110658.0,6860.796,No comparison,
Canada,Cars,PHEV,2024,62000.0,1.0,Global Net-zero,Vehicle body,PHEV,Chromium,12789.0,792.918,No comparison,
Canada,Cars,PHEV,2024,62000.0,1.0,Global Net-zero,Vehicle body,PHEV,Iron,902171.34,55934.62308,No comparison,
Canada,Cars,PHEV,2024,62000.0,1.0,Global Net-zero,Vehicle body,PHEV,Lead,320.0,19.84,No comparison,
Canada,Cars,PHEV,2024,62000.0,1.0,Global Net-zero,Vehicle body,PHEV,Zinc,100.0,6.2,No comparison,
Canada,Vans,PHEV,2024,6400.0,1.9577507575642077,Global Net-zero,Vehicle body,PHEV,Aluminum,110658.0,1386.5010133154567,No comparison,
Canada,Vans,PHEV,2024,6400.0,1.9577507575642077,Global Net-zero,Vehicle body,PHEV,Chromium,12789.0,160.24111640632736,No comparison,
Canada,Vans,PHEV,2024,6400.0,1.9577507575642077,Global Net-zero,Vehicle body,PHEV,Iron,902171.34,11303.850395761385,No comparison,
Canada,Vans,PHEV,2024,6400.0,1.9577507575642077,Global Net-zero,Vehicle body,PHEV,Lead,320.0,4.009473551491497,No comparison,
Canada,Vans,PHEV,2024,6400.0,1.9577507575642077,Global Net-zero,Vehicle body,PHEV,Zinc,100.0,1.252960484841093,No comparison,
Canada,2 and 3 wheelers,BEV,2025,269.03133550334934,0.09808569078889517,Global Net-zero,Vehicle body,BEV,Aluminum,127302.0,3.359261010676325,No comparison,
Canada,2 and 3 wheelers,BEV,2025,269.03133550334934,0.09808569078889517,Global Net-zero,Vehicle body,BEV,Chromium,11850.0,0.31269927398245473,No comparison,
Canada,2 and 3 wheelers,BEV,2025,269.03133550334934,0.09808569078889517,Global Net-zero,Vehicle body,BEV,Iron,902171.34,23.806609538040362,No comparison,
Canada,2 and 3 wheelers,BEV,2025,269.03133550334934,0.09808569078889517,Global Net-zero,Vehicle body,BEV,Lead,310.0,0.008180318559878563,No comparison,
Canada,2 and 3 wheelers,BEV,2025,269.03133550334934,0.09808569078889517,Global Net-zero,Vehicle body,BEV,Zinc,100.0,0.002638812438670504,No comparison,
Canada,Buses,BEV,2025,332.3328262100198,5.6752374182090595,Global Net-zero,Vehicle body,BEV,Aluminum,127302.0,240.10018914955972,No comparison,
Canada,Buses,BEV,2025,332.3328262100198,5.6752374182090595,Global Net-zero,Vehicle body,BEV,Chromium,11850.0,22.34990213368433,No comparison,
Canada,Buses,BEV,2025,332.3328262100198,5.6752374182090595,Global Net-zero,Vehicle body,BEV,Iron,902171.34,1701.5562157649663,No comparison,
Canada,Buses,BEV,2025,332.3328262100198,5.6752374182090595,Global Net-zero,Vehicle body,BEV,Lead,310.0,0.5846809840879444,No comparison,
Canada,Buses,BEV,2025,332.3328262100198,5.6752374182090595,Global Net-zero,Vehicle body,BEV,Zinc,100.0,0.18860676906062726,No comparison,
Canada,Cars,BEV,2025,300682.08085668454,1.0,Global Net-zero,Vehicle body,BEV,Aluminum,127302.0,38277.43025721765,No comparison,
Canada,Cars,BEV,2025,300682.08085668454,1.0,Global Net-zero,Vehicle body,BEV,Chromium,11850.0,3563.082658151712,No comparison,
Canada,Cars,BEV,2025,300682.08085668454,1.0,Global Net-zero,Vehicle body,BEV,Iron,902171.34,271266.75580046343,No comparison,
Canada,Cars,BEV,2025,300682.08085668454,1.0,Global Net-zero,Vehicle body,BEV,Lead,310.0,93.2114450655722,No comparison,
Canada,Cars,BEV,2025,300682.08085668454,1.0,Global Net-zero,Vehicle body,BEV,Zinc,100.0,30.068208085668452,No comparison,
Canada,Trucks,BEV,2025,3165.0745353335215,3.6892781241792854,Global Net-zero,Vehicle body,BEV,Aluminum,127302.0,1486.4851168184355,No comparison,
Canada,Trucks,BEV,2025,3165.0745353335215,3.6892781241792854,Global Net-zero,Vehicle body,BEV,Chromium,11850.0,138.3705568985441,No comparison,
Canada,Trucks,BEV,2025,3165.0745353335215,3.6892781241792854,Global Net-zero,Vehicle body,BEV,Iron,902171.34,10534.510610439307,No comparison,
Canada,Trucks,BEV,2025,3165.0745353335215,3.6892781241792854,Global Net-zero,Vehicle body,BEV,Lead,310.0,3.619820475826892,No comparison,
Canada,Trucks,BEV,2025,3165.0745353335215,3.6892781241792854,Global Net-zero,Vehicle body,BEV,Zinc,100.0,1.1676840244602877,No comparison,
Canada,Vans,BEV,2025,17407.90994433437,1.9577507575642077,Global Net-zero,Vehicle body,BEV,Aluminum,127302.0,4338.496573265626,No comparison,
Canada,Vans,BEV,2025,17407.90994433437,1.9577507575642077,Global Net-zero,Vehicle body,BEV,Chromium,11850.0,403.85213424139187,No comparison,
Canada,Vans,BEV,2025,17407.90994433437,1.9577507575642077,Global Net-zero,Vehicle body,BEV,Iron,902171.34,30746.314017756653,No comparison,
Canada,Vans,BEV,2025,17407.90994433437,1.9577507575642077,Global Net-zero,Vehicle body,BEV,Lead,310.0,10.564908153150334,No comparison,
Canada,Vans,BEV,2025,17407.90994433437,1.9577507575642077,Global Net-zero,Vehicle body,BEV,Zinc,100.0,3.408034888113012,No comparison,
Canada,Buses,FCEV,2025,20.57298447966789,5.6752374182090595,Global Net-zero,Vehicle body,ICEV,Aluminum,71300.0,8.324743535347402,No comparison,
Canada,Buses,FCEV,2025,20.57298447966789,5.6752374182090595,Global Net-zero,Vehicle body,ICEV,Iron,902171.34,105.33443240449792,No comparison,
Canada,Buses,FCEV,2025,20.57298447966789,5.6752374182090595,Global Net-zero,Vehicle body,ICEV,Lead,300.0,0.03502697139697363,No comparison,
Canada,Buses,FCEV,2025,20.57298447966789,5.6752374182090595,Global Net-zero,Vehicle body,ICEV,Zinc,100.0,0.011675657132324544,No comparison,
Canada,Cars,FCEV,2025,31.650745353335218,1.0,Global Net-zero,Vehicle body,ICEV,Aluminum,71300.0,2.2566981436928013,No comparison,
Canada,Cars,FCEV,2025,31.650745353335218,1.0,Global Net-zero,Vehicle body,ICEV,Iron,902171.34,28.554395347417206,No comparison,
Canada,Cars,FCEV,2025,31.650745353335218,1.0,Global Net-zero,Vehicle body,ICEV,Lead,300.0,0.009495223606000565,No comparison,
Canada,Cars,FCEV,2025,31.650745353335218,1.0,Global Net-zero,Vehicle body,ICEV,Zinc,100.0,0.003165074535333522,No comparison,
Canada,Trucks,FCEV,2025,9.495223606000565,3.6892781241792854,Global Net-zero,Vehicle body,ICEV,Aluminum,71300.0,2.4976761283205553,No comparison,
Canada,Trucks,FCEV,2025,9.495223606000565,3.6892781241792854,Global Net-zero,Vehicle body,ICEV,Iron,902171.34,31.603531831317913,No comparison,
Canada,Trucks,FCEV,2025,9.495223606000565,3.6892781241792854,Global Net-zero,Vehicle body,ICEV,Lead,300.0,0.01050915622014259,No comparison,
Canada,Trucks,FCEV,2025,9.495223606000565,3.6892781241792854,Global Net-zero,Vehicle body,ICEV,Zinc,100.0,0.003503052073380863,No comparison,
Canada,Cars,PHEV,2025,98117.31059533918,1.0,Global Net-zero,Vehicle body,PHEV,Aluminum,110658.0,10857.465355859043,No comparison,
Canada,Cars,PHEV,2025,98117.31059533918,1.0,Global Net-zero,Vehicle body,PHEV,Chromium,12789.0,1254.8222852037927,No comparison,
Canada,Cars,PHEV,2025,98117.31059533918,1.0,Global Net-zero,Vehicle body,PHEV,Iron,902171.34,88518.62557699335,No comparison,
Canada,Cars,PHEV,2025,98117.31059533918,1.0,Global Net-zero,Vehicle body,PHEV,Lead,320.0,31.397539390508538,No comparison,
Canada,Cars,PHEV,2025,98117.31059533918,1.0,Global Net-zero,Vehicle body,PHEV,Zinc,100.0,9.811731059533919,No comparison,
Canada,Vans,PHEV,2025,10128.23851306727,1.9577507575642077,Global Net-zero,Vehicle body,PHEV,Aluminum,110658.0,2194.189525229438,No comparison,
Canada,Vans,PHEV,2025,10128.23851306727,1.9577507575642077,Global Net-zero,Vehicle body,PHEV,Chromium,12789.0,253.5875385255407,No comparison,
Canada,Vans,PHEV,2025,10128.23851306727,1.9577507575642077,Global Net-zero,Vehicle body,PHEV,Iron,902171.34,17888.764519422053,No comparison,
Canada,Vans,PHEV,2025,10128.23851306727,1.9577507575642077,Global Net-zero,Vehicle body,PHEV,Lead,320.0,6.345141318959499,No comparison,
Canada,Vans,PHEV,2025,10128.23851306727,1.9577507575642077,Global Net-zero,Vehicle body,PHEV,Zinc,100.0,1.9828566621748434,No comparison,
Canada,2 and 3 wheelers,BEV,2026,413.39861071799226,0.09808569078889517,Global Net-zero,Vehicle body,BEV,Aluminum,127302.0,5.161903658005007,No comparison,
Canada,2 and 3 wheelers,BEV,2026,413.39861071799226,0.09808569078889517,Global Net-zero,Vehicle body,BEV,Chromium,11850.0,0.4804995863958094,No comparison,
Canada,2 and 3 wheelers,BEV,2026,413.39861071799226,0.09808569078889517,Global Net-zero,Vehicle body,BEV,Iron,902171.34,36.58168402769225,No comparison,
Canada,2 and 3 wheelers,BEV,2026,413.39861071799226,0.09808569078889517,Global Net-zero,Vehicle body,BEV,Lead,310.0,0.012570031374067588,No comparison,
Canada,2 and 3 wheelers,BEV,2026,413.39861071799226,0.09808569078889517,Global Net-zero,Vehicle body,BEV,Zinc,100.0,0.004054848830344383,No comparison,
Canada,Buses,BEV,2026,510.6688720634022,5.6752374182090595,Global Net-zero,Vehicle body,BEV,Aluminum,127302.0,368.9424670246988,No comparison,
Canada,Buses,BEV,2026,510.6688720634022,5.6752374182090595,Global Net-zero,Vehicle body,BEV,Chromium,11850.0,34.343280028928696,No comparison,
Canada,Buses,BEV,2026,510.6688720634022,5.6752374182090595,Global Net-zero,Vehicle body,BEV,Iron,902171.34,2614.6432880754296,No comparison,
Canada,Buses,BEV,2026,510.6688720634022,5.6752374182090595,Global Net-zero,Vehicle body,BEV,Lead,310.0,0.898431798225139,No comparison,
Canada,Buses,BEV,2026,510.6688720634022,5.6752374182090595,Global Net-zero,Vehicle body,BEV,Zinc,100.0,0.2898167091048835,No comparison,
Canada,Cars,BEV,2026,462033.7413906972,1.0,Global Net-zero,Vehicle body,BEV,Aluminum,127302.0,58817.81934651853,No comparison,
Canada,Cars,BEV,2026,462033.7413906972,1.0,Global Net-zero,Vehicle body,BEV,Chromium,11850.0,5475.099835479762,No comparison,
Canada,Cars,BEV,2026,462033.7413906972,1.0,Global Net-zero,Vehicle body,BEV,Iron,902171.34,416833.5995956588,No comparison,
Canada,Cars,BEV,2026,462033.7413906972,1.0,Global Net-zero,Vehicle body,BEV,Lead,310.0,143.23045983111615,No comparison,
Canada,Cars,BEV,2026,462033.7413906972,1.0,Global Net-zero,Vehicle body,BEV,Zinc,100.0,46.20337413906972,No comparison,
Canada,Trucks,BEV,2026,4863.513067270497,3.6892781241792854,Global Net-zero,Vehicle body,BEV,Aluminum,127302.0,2284.1609918635786,No comparison,
Canada,Trucks,BEV,2026,4863.513067270497,3.6892781241792854,Global Net-zero,Vehicle body,BEV,Chromium,11850.0,212.62280053403254,No comparison,
Canada,Trucks,BEV,2026,4863.513067270497,3.6892781241792854,Global Net-zero,Vehicle body,BEV,Iron,902171.34,16187.527162222856,No comparison,
Canada,Trucks,BEV,2026,4863.513067270497,3.6892781241792854,Global Net-zero,Vehicle body,BEV,Lead,310.0,5.562284233379755,No comparison,
Canada,Trucks,BEV,2026,4863.513067270497,3.6892781241792854,Global Net-zero,Vehicle body,BEV,Zinc,100.0,1.7942852365741142,No comparison,
Canada,Vans,BEV,2026,26749.321869987732,1.9577507575642077,Global Net-zero,Vehicle body,BEV,Aluminum,127302.0,6666.615443279658,No comparison,
Canada,Vans,BEV,2026,26749.321869987732,1.9577507575642077,Global Net-zero,Vehicle body,BEV,Chromium,11850.0,620.5667860902731,No comparison,
Canada,Vans,BEV,2026,26749.321869987732,1.9577507575642077,Global Net-zero,Vehicle body,BEV,Iron,902171.34,47245.36446975148,No comparison,
Canada,Vans,BEV,2026,26749.321869987732,1.9577507575642077,Global Net-zero,Vehicle body,BEV,Lead,310.0,16.234236598142164,No comparison,
Canada,Vans,BEV,2026,26749.321869987732,1.9577507575642077,Global Net-zero,Vehicle body,BEV,Zinc,100.0,5.236850515529731,No comparison,
Canada,Buses,FCEV,2026,31.61283493725823,5.6752374182090595,Global Net-zero,Vehicle body,ICEV,Aluminum,71300.0,12.791957508062692,No comparison,
Canada,Buses,FCEV,2026,31.61283493725823,5.6752374182090595,Global Net-zero,Vehicle body,ICEV,Iron,902171.34,161.85887021419325,No comparison,
Canada,Buses,FCEV,2026,31.61283493725823,5.6752374182090595,Global Net-zero,Vehicle body,ICEV,Lead,300.0,0.05382310311947837,No comparison,
Canada,Buses,FCEV,2026,31.61283493725823,5.6752374182090595,Global Net-zero,Vehicle body,ICEV,Zinc,100.0,0.017941034373159456,No comparison,
Canada,Cars,FCEV,2026,48.63513067270497,1.0,Global Net-zero,Vehicle body,ICEV,Aluminum,71300.0,3.467684816963864,No comparison,
Canada,Cars,FCEV,2026,48.63513067270497,1.0,Global Net-zero,Vehicle body,ICEV,Iron,902171.34,43.87722101006934,No comparison,
Canada,Cars,FCEV,2026,48.63513067270497,1.0,Global Net-zero,Vehicle body,ICEV,Lead,300.0,0.01459053920181149,No comparison,
Canada,Cars,FCEV,2026,48.63513067270497,1.0,Global Net-zero,Vehicle body,ICEV,Zinc,100.0,0.004863513067270496,No comparison,
Canada,Trucks,FCEV,2026,14.590539201811492,3.6892781241792854,Global Net-zero,Vehicle body,ICEV,Aluminum,71300.0,3.8379761210320305,No comparison,
Canada,Trucks,FCEV,2026,14.590539201811492,3.6892781241792854,Global Net-zero,Vehicle body,ICEV,Iron,902171.34,48.56258148666856,No comparison,
Canada,Trucks,FCEV,2026,14.590539201811492,3.6892781241792854,Global Net-zero,Vehicle body,ICEV,Lead,300.0,0.016148567129167027,No comparison,
Canada,Trucks,FCEV,2026,14.590539201811492,3.6892781241792854,Global Net-zero,Vehicle body,ICEV,Zinc,100.0,0.005382855709722342,No comparison,
Canada,Cars,PHEV,2026,150768.9050853854,1.0,Global Net-zero,Vehicle body,PHEV,Aluminum,110658.0,16683.785498938578,No comparison,
Canada,Cars,PHEV,2026,150768.9050853854,1.0,Global Net-zero,Vehicle body,PHEV,Chromium,12789.0,1928.183527136994,No comparison,
Canada,Cars,PHEV,2026,150768.9050853854,1.0,Global Net-zero,Vehicle body,PHEV,Iron,902171.34,136019.38513121495,No comparison,
Canada,Cars,PHEV,2026,150768.9050853854,1.0,Global Net-zero,Vehicle body,PHEV,Lead,320.0,48.24604962732333,No comparison,
Canada,Cars,PHEV,2026,150768.9050853854,1.0,Global Net-zero,Vehicle body,PHEV,Zinc,100.0,15.07689050853854,No comparison,
Canada,Vans,PHEV,2026,15563.24181526559,1.9577507575642077,Global Net-zero,Vehicle body,PHEV,Aluminum,110658.0,3371.632898021754,No comparison,
Canada,Vans,PHEV,2026,15563.24181526559,1.9577507575642077,Global Net-zero,Vehicle body,PHEV,Chromium,12789.0,389.667381778093,No comparison,
Canada,Vans,PHEV,2026,15563.24181526559,1.9577507575642077,Global Net-zero,Vehicle body,PHEV,Iron,902171.34,27488.212055128137,No comparison,
Canada,Vans,PHEV,2026,15563.24181526559,1.9577507575642077,Global Net-zero,Vehicle body,PHEV,Lead,320.0,9.750063505277172,No comparison,
Canada,Vans,PHEV,2026,15563.24181526559,1.9577507575642077,Global Net-zero,Vehicle body,PHEV,Zinc,100.0,3.0468948453991165,No comparison,
Canada,2 and 3 wheelers,BEV,2027,622.1203651287857,0.09808569078889517,Global Net-zero,Vehicle body,BEV,Aluminum,127302.0,7.768108806413856,No comparison,
Canada,2 and 3 wheelers,BEV,2027,622.1203651287857,0.09808569078889517,Global Net-zero,Vehicle body,BEV,Chromium,11850.0,0.7231001033448351,No comparison,
Canada,2 and 3 wheelers,BEV,2027,622.1203651287857,0.09808569078889517,Global Net-zero,Vehicle body,BEV,Iron,902171.34,55.05149275854417,No comparison,
Canada,2 and 3 wheelers,BEV,2027,622.1203651287857,0.09808569078889517,Global Net-zero,Vehicle body,BEV,Lead,310.0,0.018916542787923957,No comparison,
Canada,2 and 3 wheelers,BEV,2027,622.1203651287857,0.09808569078889517,Global Net-zero,Vehicle body,BEV,Zinc,100.0,0.006102110576749664,No comparison,
Canada,Buses,BEV,2027,768.5016275120294,5.6752374182090595,Global Net-zero,Vehicle body,BEV,Aluminum,127302.0,555.2186590522836,No comparison,
Canada,Buses,BEV,2027,768.5016275120294,5.6752374182090595,Global Net-zero,Vehicle body,BEV,Chromium,11850.0,51.68293593006834,No comparison,
Canada,Buses,BEV,2027,768.5016275120294,5.6752374182090595,Global Net-zero,Vehicle body,BEV,Iron,902171.34,3934.7564188323963,No comparison,
Canada,Buses,BEV,2027,768.5016275120294,5.6752374182090595,Global Net-zero,Vehicle body,BEV,Lead,310.0,1.3520430496473572,No comparison,
Canada,Buses,BEV,2027,768.5016275120294,5.6752374182090595,Global Net-zero,Vehicle body,BEV,Zinc,100.0,0.436142919241083,No comparison,
Canada,Cars,BEV,2027,695310.9963204076,1.0,Global Net-zero,Vehicle body,BEV,Aluminum,127302.0,88514.48045358053,No comparison,
Canada,Cars,BEV,2027,695310.9963204076,1.0,Global Net-zero,Vehicle body,BEV,Chromium,11850.0,8239.43530639683,No comparison,
Canada,Cars,BEV,2027,695310.9963204076,1.0,Global Net-zero,Vehicle body,BEV,Iron,902171.34,627289.6532671172,No comparison,
Canada,Cars,BEV,2027,695310.9963204076,1.0,Global Net-zero,Vehicle body,BEV,Lead,310.0,215.54640885932636,No comparison,
Canada,Cars,BEV,2027,695310.9963204076,1.0,Global Net-zero,Vehicle body,BEV,Zinc,100.0,69.53109963204075,No comparison,
Canada,Trucks,BEV,2027,7319.063119162185,3.6892781241792854,Global Net-zero,Vehicle body,BEV,Aluminum,127302.0,3437.4161727419955,No comparison,
Canada,Trucks,BEV,2027,7319.063119162185,3.6892781241792854,Global Net-zero,Vehicle body,BEV,Chromium,11850.0,319.97440454189757,No comparison,
Canada,Trucks,BEV,2027,7319.063119162185,3.6892781241792854,Global Net-zero,Vehicle body,BEV,Iron,902171.34,24360.484161288256,No comparison,
Canada,Trucks,BEV,2027,7319.063119162185,3.6892781241792854,Global Net-zero,Vehicle body,BEV,Lead,310.0,8.37063843105386,No comparison,
Canada,Trucks,BEV,2027,7319.063119162185,3.6892781241792854,Global Net-zero,Vehicle body,BEV,Zinc,100.0,2.7002059455012457,No comparison,
Canada,Vans,BEV,2027,40254.84715539202,1.9577507575642077,Global Net-zero,Vehicle body,BEV,Aluminum,127302.0,10032.537909459972,No comparison,
Canada,Vans,BEV,2027,40254.84715539202,1.9577507575642077,Global Net-zero,Vehicle body,BEV,Chromium,11850.0,933.8861465420864,No comparison,
Canada,Vans,BEV,2027,40254.84715539202,1.9577507575642077,Global Net-zero,Vehicle body,BEV,Iron,902171.34,71099.18280449876,No comparison,
Canada,Vans,BEV,2027,40254.84715539202,1.9577507575642077,Global Net-zero,Vehicle body,BEV,Lead,310.0,24.430776829371034,No comparison,
Canada,Vans,BEV,2027,40254.84715539202,1.9577507575642077,Global Net-zero,Vehicle body,BEV,Zinc,100.0,7.880895751410011,No comparison,
Canada,Buses,FCEV,2027,47.5739102745542,5.6752374182090595,Global Net-zero,Vehicle body,ICEV,Aluminum,71300.0,19.2505177068838,No comparison,
Canada,Buses,FCEV,2027,47.5739102745542,5.6752374182090595,Global Net-zero,Vehicle body,ICEV,Iron,902171.34,243.58015926105313,No comparison,
Canada,Buses,FCEV,2027,47.5739102745542,5.6752374182090595,Global Net-zero,Vehicle body,ICEV,Lead,300.0,0.08099797071620113,No comparison,
Canada,Buses,FCEV,2027,47.5739102745542,5.6752374182090595,Global Net-zero,Vehicle body,ICEV,Zinc,100.0,0.026999323572067045,No comparison,
Canada,Cars,FCEV,2027,73.19063119162185,1.0,Global Net-zero,Vehicle body,ICEV,Aluminum,71300.0,5.218492003962638,No comparison,
Canada,Cars,FCEV,2027,73.19063119162185,1.0,Global Net-zero,Vehicle body,ICEV,Iron,902171.34,66.03048981759127,No comparison,
Canada,Cars,FCEV,2027,73.19063119162185,1.0,Global Net-zero,Vehicle body,ICEV,Lead,300.0,0.021957189357486553,No comparison,
Canada,Cars,FCEV,2027,73.19063119162185,1.0,Global Net-zero,Vehicle body,ICEV,Zinc,100.0,0.007319063119162185,No comparison,
Canada,Trucks,FCEV,2027,21.957189357486556,3.6892781241792854,Global Net-zero,Vehicle body,ICEV,Aluminum,71300.0,5.775740517427164,No comparison,
Canada,Trucks,FCEV,2027,21.957189357486556,3.6892781241792854,Global Net-zero,Vehicle body,ICEV,Iron,902171.34,73.08145248386477,No comparison,
Canada,Trucks,FCEV,2027,21.957189357486556,3.6892781241792854,Global Net-zero,Vehicle body,ICEV,Lead,300.0,0.024301853509511213,No comparison,
Canada,Trucks,FCEV,2027,21.957189357486556,3.6892781241792854,Global Net-zero,Vehicle body,ICEV,Zinc,100.0,0.008100617836503737,No comparison,
Canada,Cars,PHEV,2027,226890.95669402773,1.0,Global Net-zero,Vehicle body,PHEV,Aluminum,110658.0,25107.29948584772,No comparison,
Canada,Cars,PHEV,2027,226890.95669402773,1.0,Global Net-zero,Vehicle body,PHEV,Chromium,12789.0,2901.7084451599208,No comparison,
Canada,Cars,PHEV,2027,226890.95669402773,1.0,Global Net-zero,Vehicle body,PHEV,Iron,902171.34,204694.51843453295,No comparison,
Canada,Cars,PHEV,2027,226890.95669402773,1.0,Global Net-zero,Vehicle body,PHEV,Lead,320.0,72.60510614208887,No comparison,
Canada,Cars,PHEV,2027,226890.95669402773,1.0,Global Net-zero,Vehicle body,PHEV,Zinc,100.0,22.689095669402775,No comparison,
Canada,Vans,PHEV,2027,23421.00198131899,1.9577507575642077,Global Net-zero,Vehicle body,PHEV,Aluminum,110658.0,5073.944215619078,No comparison,
Canada,Vans,PHEV,2027,23421.00198131899,1.9577507575642077,Global Net-zero,Vehicle body,PHEV,Chromium,12789.0,586.4074226314625,No comparison,
Canada,Vans,PHEV,2027,23421.00198131899,1.9577507575642077,Global Net-zero,Vehicle body,PHEV,Iron,902171.34,41366.797268072005,No comparison,
Canada,Vans,PHEV,2027,23421.00198131899,1.9577507575642077,Global Net-zero,Vehicle body,PHEV,Lead,320.0,14.672794998988818,No comparison,
Canada,Vans,PHEV,2027,23421.00198131899,1.9577507575642077,Global Net-zero,Vehicle body,PHEV,Zinc,100.0,4.585248437184006,No comparison,
Canada,2 and 3 wheelers,BEV,2028,872.1722568166807,0.09808569078889517,Global Net-zero,Vehicle body,BEV,Aluminum,127302.0,10.8903829044159,No comparison,
Canada,2 and 3 wheelers,BEV,2028,872.1722568166807,0.09808569078889517,Global Net-zero,Vehicle body,BEV,Chromium,11850.0,1.0137392768167697,No comparison,
Canada,2 and 3 wheelers,BEV,2028,872.1722568166807,0.09808569078889517,Global Net-zero,Vehicle body,BEV,Iron,902171.34,77.17860943260895,No comparison,
Canada,2 and 3 wheelers,BEV,2028,872.1722568166807,0.09808569078889517,Global Net-zero,Vehicle body,BEV,Lead,310.0,0.026519761671999886,No comparison,
Canada,2 and 3 wheelers,BEV,2028,872.1722568166807,0.09808569078889517,Global Net-zero,Vehicle body,BEV,Zinc,100.0,0.008554761829677382,No comparison,
Canada,Buses,BEV,2028,1077.3892584206055,5.6752374182090595,Global Net-zero,Vehicle body,BEV,Aluminum,127302.0,778.3804196670478,No comparison,
Canada,Buses,BEV,2028,1077.3892584206055,5.6752374182090595,Global Net-zero,Vehicle body,BEV,Chromium,11850.0,72.4561120253768,No comparison,
Canada,Buses,BEV,2028,1077.3892584206055,5.6752374182090595,Global Net-zero,Vehicle body,BEV,Iron,902171.34,5516.272377816396,No comparison,
Canada,Buses,BEV,2028,1077.3892584206055,5.6752374182090595,Global Net-zero,Vehicle body,BEV,Lead,310.0,1.8954763483431905,No comparison,
Canada,Buses,BEV,2028,1077.3892584206055,5.6752374182090595,Global Net-zero,Vehicle body,BEV,Zinc,100.0,0.6114439833365131,No comparison,
Canada,Cars,BEV,2028,974780.7576186432,1.0,Global Net-zero,Vehicle body,BEV,Aluminum,127302.0,124091.54000636851,No comparison,
Canada,Cars,BEV,2028,974780.7576186432,1.0,Global Net-zero,Vehicle body,BEV,Chromium,11850.0,11551.151977780923,No comparison,
Canada,Cars,BEV,2028,974780.7576186432,1.0,Global Net-zero,Vehicle body,BEV,Iron,902171.34,879419.2623070265,No comparison,
Canada,Cars,BEV,2028,974780.7576186432,1.0,Global Net-zero,Vehicle body,BEV,Lead,310.0,302.1820348617794,No comparison,
Canada,Cars,BEV,2028,974780.7576186432,1.0,Global Net-zero,Vehicle body,BEV,Zinc,100.0,97.47807576186432,No comparison,
Canada,Trucks,BEV,2028,10260.850080196244,3.6892781241792854,Global Net-zero,Vehicle body,BEV,Aluminum,127302.0,4819.033725696989,No comparison,
Canada,Trucks,BEV,2028,10260.850080196244,3.6892781241792854,Global Net-zero,Vehicle body,BEV,Chromium,11850.0,448.58328737576244,No comparison,
Canada,Trucks,BEV,2028,10260.850080196244,3.6892781241792854,Global Net-zero,Vehicle body,BEV,Iron,902171.34,34151.81312011787,No comparison,
Canada,Trucks,BEV,2028,10260.850080196244,3.6892781241792854,Global Net-zero,Vehicle body,BEV,Lead,310.0,11.735090218268892,No comparison,
Canada,Trucks,BEV,2028,10260.850080196244,3.6892781241792854,Global Net-zero,Vehicle body,BEV,Zinc,100.0,3.7855129736351265,No comparison,
Canada,Vans,BEV,2028,56434.675441079344,1.9577507575642077,Global Net-zero,Vehicle body,BEV,Aluminum,127302.0,14064.96511053973,No comparison,
Canada,Vans,BEV,2028,56434.675441079344,1.9577507575642077,Global Net-zero,Vehicle body,BEV,Chromium,11850.0,1309.2475888823096,No comparison,
Canada,Vans,BEV,2028,56434.675441079344,1.9577507575642077,Global Net-zero,Vehicle body,BEV,Iron,902171.34,99676.42629989219,No comparison,
Canada,Vans,BEV,2028,56434.675441079344,1.9577507575642077,Global Net-zero,Vehicle body,BEV,Lead,310.0,34.250358865275615,No comparison,
Canada,Vans,BEV,2028,56434.675441079344,1.9577507575642077,Global Net-zero,Vehicle body,BEV,Zinc,100.0,11.048502859766327,No comparison,
Canada,Buses,FCEV,2028,66.69552552127558,5.6752374182090595,Global Net-zero,Vehicle body,ICEV,Aluminum,71300.0,26.987972769267333,No comparison,
Canada,Buses,FCEV,2028,66.69552552127558,5.6752374182090595,Global Net-zero,Vehicle body,ICEV,Iron,902171.34,341.48352815053886,No comparison,
Canada,Buses,FCEV,2028,66.69552552127558,5.6752374182090595,Global Net-zero,Vehicle body,ICEV,Lead,300.0,0.11355388261963814,No comparison,
Canada,Buses,FCEV,2028,66.69552552127558,5.6752374182090595,Global Net-zero,Vehicle body,ICEV,Zinc,100.0,0.03785129420654605,No comparison,
Canada,Cars,FCEV,2028,102.60850080196244,1.0,Global Net-zero,Vehicle body,ICEV,Aluminum,71300.0,7.315986107179922,No comparison,
Canada,Cars,FCEV,2028,102.60850080196244,1.0,Global Net-zero,Vehicle body,ICEV,Iron,902171.34,92.57044866389751,No comparison,
Canada,Cars,FCEV,2028,102.60850080196244,1.0,Global Net-zero,Vehicle body,ICEV,Lead,300.0,0.030782550240588732,No comparison,
Canada,Cars,FCEV,2028,102.60850080196244,1.0,Global Net-zero,Vehicle body,ICEV,Zinc,100.0,0.010260850080196244,No comparison,
Canada,Trucks,FCEV,2028,30.782550240588733,3.6892781241792854,Global Net-zero,Vehicle body,ICEV,Aluminum,71300.0,8.097212250605537,No comparison,
Canada,Trucks,FCEV,2028,30.782550240588733,3.6892781241792854,Global Net-zero,Vehicle body,ICEV,Iron,902171.34,102.45543936035361,No comparison,
Canada,Trucks,FCEV,2028,30.782550240588733,3.6892781241792854,Global Net-zero,Vehicle body,ICEV,Lead,300.0,0.034069616762716144,No comparison,
Canada,Trucks,FCEV,2028,30.782550240588733,3.6892781241792854,Global Net-zero,Vehicle body,ICEV,Zinc,100.0,0.01135653892090538,No comparison,
Canada,Cars,PHEV,2028,318086.3524860836,1.0,Global Net-zero,Vehicle body,PHEV,Aluminum,110658.0,35198.799593405034,No comparison,
Canada,Cars,PHEV,2028,318086.3524860836,1.0,Global Net-zero,Vehicle body,PHEV,Chromium,12789.0,4068.0063619445227,No comparison,
Canada,Cars,PHEV,2028,318086.3524860836,1.0,Global Net-zero,Vehicle body,PHEV,Iron,902171.34,286968.39085808233,No comparison,
Canada,Cars,PHEV,2028,318086.3524860836,1.0,Global Net-zero,Vehicle body,PHEV,Lead,320.0,101.78763279554674,No comparison,
Canada,Cars,PHEV,2028,318086.3524860836,1.0,Global Net-zero,Vehicle body,PHEV,Zinc,100.0,31.808635248608358,No comparison,
Canada,Vans,PHEV,2028,32834.72025662798,1.9577507575642077,Global Net-zero,Vehicle body,PHEV,Aluminum,110658.0,7113.339516835038,No comparison,
Canada,Vans,PHEV,2028,32834.72025662798,1.9577507575642077,Global Net-zero,Vehicle body,PHEV,Chromium,12789.0,822.1050360643,No comparison,
Canada,Vans,PHEV,2028,32834.72025662798,1.9577507575642077,Global Net-zero,Vehicle body,PHEV,Iron,902171.34,57993.55711993728,No comparison,
Canada,Vans,PHEV,2028,32834.72025662798,1.9577507575642077,Global Net-zero,Vehicle body,PHEV,Lead,320.0,20.570303506183127,No comparison,
Canada,Vans,PHEV,2028,32834.72025662798,1.9577507575642077,Global Net-zero,Vehicle body,PHEV,Zinc,100.0,6.428219845682227,No comparison,
Canada,2 and 3 wheelers,BEV,2029,1161.0461482215303,0.09808569078889517,Global Net-zero,Vehicle body,BEV,Aluminum,127302.0,14.497408080806837,No comparison,
Canada,2 and 3 wheelers,BEV,2029,1161.0461482215303,0.09808569078889517,Global Net-zero,Vehicle body,BEV,Chromium,11850.0,1.349501859810223,No comparison,
Canada,2 and 3 wheelers,BEV,2029,1161.0461482215303,0.09808569078889517,Global Net-zero,Vehicle body,BEV,Iron,902171.34,102.74108870864819,No comparison,
Canada,2 and 3 wheelers,BEV,2029,1161.0461482215303,0.09808569078889517,Global Net-zero,Vehicle body,BEV,Lead,310.0,0.03530342418068939,No comparison,
Canada,2 and 3 wheelers,BEV,2029,1161.0461482215303,0.09808569078889517,Global Net-zero,Vehicle body,BEV,Zinc,100.0,0.011388201348609479,No comparison,
Canada,Buses,BEV,2029,1434.2334772148315,5.6752374182090595,Global Net-zero,Vehicle body,BEV,Aluminum,127302.0,1036.189331914782,No comparison,
Canada,Buses,BEV,2029,1434.2334772148315,5.6752374182090595,Global Net-zero,Vehicle body,BEV,Chromium,11850.0,96.45444363160176,No comparison,
Canada,Buses,BEV,2029,1434.2334772148315,5.6752374182090595,Global Net-zero,Vehicle body,BEV,Iron,902171.34,7343.327819415749,No comparison,
Canada,Buses,BEV,2029,1434.2334772148315,5.6752374182090595,Global Net-zero,Vehicle body,BEV,Lead,310.0,2.523280803864688,No comparison,
Canada,Buses,BEV,2029,1434.2334772148315,5.6752374182090595,Global Net-zero,Vehicle body,BEV,Zinc,100.0,0.8139615496337702,No comparison,
Canada,Cars,BEV,2029,1297639.8127181807,1.0,Global Net-zero,Vehicle body,BEV,Aluminum,127302.0,165192.14343864983,No comparison,
Canada,Cars,BEV,2029,1297639.8127181807,1.0,Global Net-zero,Vehicle body,BEV,Chromium,11850.0,15377.031780710442,No comparison,
Canada,Cars,BEV,2029,1297639.8127181807,1.0,Global Net-zero,Vehicle body,BEV,Iron,902171.34,1170693.44867731,No comparison,
Canada,Cars,BEV,2029,1297639.8127181807,1.0,Global Net-zero,Vehicle body,BEV,Lead,310.0,402.268341942636,No comparison,
Canada,Cars,BEV,2029,1297639.8127181807,1.0,Global Net-zero,Vehicle body,BEV,Zinc,100.0,129.76398127181807,No comparison,
Canada,Trucks,BEV,2029,13659.366449665062,3.6892781241792854,Global Net-zero,Vehicle body,BEV,Aluminum,127302.0,6415.155379731554,No comparison,
Canada,Trucks,BEV,2029,13659.366449665062,3.6892781241792854,Global Net-zero,Vehicle body,BEV,Chromium,11850.0,597.1594417198387,No comparison,
Canada,Trucks,BEV,2029,13659.366449665062,3.6892781241792854,Global Net-zero,Vehicle body,BEV,Iron,902171.34,45463.302424475856,No comparison,
Canada,Trucks,BEV,2029,13659.366449665062,3.6892781241792854,Global Net-zero,Vehicle body,BEV,Lead,310.0,15.621892568198314,No comparison,
Canada,Trucks,BEV,2029,13659.366449665062,3.6892781241792854,Global Net-zero,Vehicle body,BEV,Zinc,100.0,5.039320183289778,No comparison,
Canada,Vans,BEV,2029,75126.51547315784,1.9577507575642077,Global Net-zero,Vehicle body,BEV,Aluminum,127302.0,18723.44991351259,No comparison,
Canada,Vans,BEV,2029,75126.51547315784,1.9577507575642077,Global Net-zero,Vehicle body,BEV,Chromium,11850.0,1742.886062081697,No comparison,
Canada,Vans,BEV,2029,75126.51547315784,1.9577507575642077,Global Net-zero,Vehicle body,BEV,Iron,902171.34,132690.45182241077,No comparison,
Canada,Vans,BEV,2029,75126.51547315784,1.9577507575642077,Global Net-zero,Vehicle body,BEV,Lead,310.0,45.59448770002752,No comparison,
Canada,Vans,BEV,2029,75126.51547315784,1.9577507575642077,Global Net-zero,Vehicle body,BEV,Zinc,100.0,14.707899258073393,No comparison,
Canada,Buses,FCEV,2029,88.7858819228229,5.6752374182090595,Global Net-zero,Vehicle body,ICEV,Aluminum,71300.0,35.92671239788293,No comparison,
Canada,Buses,FCEV,2029,88.7858819228229,5.6752374182090595,Global Net-zero,Vehicle body,ICEV,Iron,902171.34,454.58696024954634,No comparison,
Canada,Buses,FCEV,2029,88.7858819228229,5.6752374182090595,Global Net-zero,Vehicle body,ICEV,Lead,300.0,0.15116428778912874,No comparison,
Canada,Buses,FCEV,2029,88.7858819228229,5.6752374182090595,Global Net-zero,Vehicle body,ICEV,Zinc,100.0,0.050388095929709574,No comparison,
Canada,Cars,FCEV,2029,136.5936644966506,1.0,Global Net-zero,Vehicle body,ICEV,Aluminum,71300.0,9.739128278611188,No comparison,
Canada,Cars,FCEV,2029,136.5936644966506,1.0,Global Net-zero,Vehicle body,ICEV,Iron,902171.34,123.2308893344537,No comparison,
Canada,Cars,FCEV,2029,136.5936644966506,1.0,Global Net-zero,Vehicle body,ICEV,Lead,300.0,0.04097809934899518,No comparison,
Canada,Cars,FCEV,2029,136.5936644966506,1.0,Global Net-zero,Vehicle body,ICEV,Zinc,100.0,0.01365936644966506,No comparison,
Canada,Trucks,FCEV,2029,40.97809934899519,3.6892781241792854,Global Net-zero,Vehicle body,ICEV,Aluminum,71300.0,10.779105872056837,No comparison,
Canada,Trucks,FCEV,2029,40.97809934899519,3.6892781241792854,Global Net-zero,Vehicle body,ICEV,Iron,902171.34,136.38990727342755,No comparison,
Canada,Trucks,FCEV,2029,40.97809934899519,3.6892781241792854,Global Net-zero,Vehicle body,ICEV,Lead,300.0,0.045353881649608005,No comparison,
Canada,Trucks,FCEV,2029,40.97809934899519,3.6892781241792854,Global Net-zero,Vehicle body,ICEV,Zinc,100.0,0.015117960549869334,No comparison,
Canada,Cars,PHEV,2029,423440.3599396169,1.0,Global Net-zero,Vehicle body,PHEV,Aluminum,110658.0,46857.06335019812,No comparison,
Canada,Cars,PHEV,2029,423440.3599396169,1.0,Global Net-zero,Vehicle body,PHEV,Chromium,12789.0,5415.37876326776,No comparison,
Canada,Cars,PHEV,2029,423440.3599396169,1.0,Global Net-zero,Vehicle body,PHEV,Iron,902171.34,382015.7569368064,No comparison,
Canada,Cars,PHEV,2029,423440.3599396169,1.0,Global Net-zero,Vehicle body,PHEV,Lead,320.0,135.50091518067742,No comparison,
Canada,Cars,PHEV,2029,423440.3599396169,1.0,Global Net-zero,Vehicle body,PHEV,Zinc,100.0,42.34403599396168,No comparison,
Canada,Vans,PHEV,2029,43709.97263892819,1.9577507575642077,Global Net-zero,Vehicle body,PHEV,Aluminum,110658.0,9469.36271185388,No comparison,
Canada,Vans,PHEV,2029,43709.97263892819,1.9577507575642077,Global Net-zero,Vehicle body,PHEV,Chromium,12789.0,1094.3960646487308,No comparison,
Canada,Vans,PHEV,2029,43709.97263892819,1.9577507575642077,Global Net-zero,Vehicle body,PHEV,Iron,902171.34,77201.7174239481,No comparison,
Canada,Vans,PHEV,2029,43709.97263892819,1.9577507575642077,Global Net-zero,Vehicle body,PHEV,Lead,320.0,27.38343425503119,No comparison,
Canada,Vans,PHEV,2029,43709.97263892819,1.9577507575642077,Global Net-zero,Vehicle body,PHEV,Zinc,100.0,8.557323204697246,No comparison,
Canada,2 and 3 wheelers,BEV,2030,1464.6149990565148,0.09808569078889517,Global Net-zero,Vehicle body,BEV,Aluminum,127302.0,18.287921935848395,No comparison,
Canada,2 and 3 wheelers,BEV,2030,1464.6149990565148,0.09808569078889517,Global Net-zero,Vehicle body,BEV,Chromium,11850.0,1.702344620978488,No comparison,
Canada,2 and 3 wheelers,BEV,2030,1464.6149990565148,0.09808569078889517,Global Net-zero,Vehicle body,BEV,Iron,902171.34,129.60392640084007,No comparison,
Canada,2 and 3 wheelers,BEV,2030,1464.6149990565148,0.09808569078889517,Global Net-zero,Vehicle body,BEV,Lead,310.0,0.04453390991589294,No comparison,
Canada,2 and 3 wheelers,BEV,2030,1464.6149990565148,0.09808569078889517,Global Net-zero,Vehicle body,BEV,Zinc,100.0,0.01436577739222353,No comparison,
Canada,Buses,BEV,2030,1809.2302929521652,5.6752374182090595,Global Net-zero,Vehicle body,BEV,Aluminum,127302.0,1307.1129340633015,No comparison,
Canada,Buses,BEV,2030,1809.2302929521652,5.6752374182090595,Global Net-zero,Vehicle body,BEV,Chromium,11850.0,121.67356576212568,No comparison,
Canada,Buses,BEV,2030,1809.2302929521652,5.6752374182090595,Global Net-zero,Vehicle body,BEV,Iron,902171.34,9263.325220775952,No comparison,
Canada,Buses,BEV,2030,1809.2302929521652,5.6752374182090595,Global Net-zero,Vehicle body,BEV,Lead,310.0,3.1830215515830345,No comparison,
Canada,Buses,BEV,2030,1809.2302929521652,5.6752374182090595,Global Net-zero,Vehicle body,BEV,Zinc,100.0,1.0267811456719467,No comparison,
Canada,Cars,BEV,2030,1636922.64600434,1.0,Global Net-zero,Vehicle body,BEV,Aluminum,127302.0,208383.52668164446,No comparison,
Canada,Cars,BEV,2030,1636922.64600434,1.0,Global Net-zero,Vehicle body,BEV,Chromium,11850.0,19397.533355151427,No comparison,
Canada,Cars,BEV,2030,1636922.64600434,1.0,Global Net-zero,Vehicle body,BEV,Iron,902171.34,1476784.697022081,No comparison,
Canada,Cars,BEV,2030,1636922.64600434,1.0,Global Net-zero,Vehicle body,BEV,Lead,310.0,507.4460202613454,No comparison,
Canada,Cars,BEV,2030,1636922.64600434,1.0,Global Net-zero,Vehicle body,BEV,Zinc,100.0,163.69226460043402,No comparison,
Canada,Trucks,BEV,2030,17230.764694782527,3.6892781241792854,Global Net-zero,Vehicle body,BEV,Aluminum,127302.0,8092.471436062331,No comparison,
Canada,Trucks,BEV,2030,17230.764694782527,3.6892781241792854,Global Net-zero,Vehicle body,BEV,Chromium,11850.0,753.293636528402,No comparison,
Canada,Trucks,BEV,2030,17230.764694782527,3.6892781241792854,Global Net-zero,Vehicle body,BEV,Iron,902171.34,57350.20501943471,No comparison,
Canada,Trucks,BEV,2030,17230.764694782527,3.6892781241792854,Global Net-zero,Vehicle body,BEV,Lead,310.0,19.706415807916,No comparison,
Canada,Trucks,BEV,2030,17230.764694782527,3.6892781241792854,Global Net-zero,Vehicle body,BEV,Zinc,100.0,6.356908325134193,No comparison,
Canada,Vans,BEV,2030,94769.20582130388,1.9577507575642077,Global Net-zero,Vehicle body,BEV,Aluminum,127302.0,23618.910944598938,No comparison,
Canada,Vans,BEV,2030,94769.20582130388,1.9577507575642077,Global Net-zero,Vehicle body,BEV,Chromium,11850.0,2198.5836412114295,No comparison,
Canada,Vans,BEV,2030,94769.20582130388,1.9577507575642077,Global Net-zero,Vehicle body,BEV,Iron,902171.34,167383.89448892782,No comparison,
Canada,Vans,BEV,2030,94769.20582130388,1.9577507575642077,Global Net-zero,Vehicle body,BEV,Lead,310.0,57.51569019202896,No comparison,
Canada,Vans,BEV,2030,94769.20582130388,1.9577507575642077,Global Net-zero,Vehicle body,BEV,Zinc,100.0,18.5534484490416,No comparison,
Canada,Buses,FCEV,2030,111.99997051608642,5.6752374182090595,Global Net-zero,Vehicle body,ICEV,Aluminum,71300.0,45.320163996348924,No comparison,
Canada,Buses,FCEV,2030,111.99997051608642,5.6752374182090595,Global Net-zero,Vehicle body,ICEV,Iron,902171.34,573.4439422385113,No comparison,
Canada,Buses,FCEV,2030,111.99997051608642,5.6752374182090595,Global Net-zero,Vehicle body,ICEV,Lead,300.0,0.19068792705336152,No comparison,
Canada,Buses,FCEV,2030,111.99997051608642,5.6752374182090595,Global Net-zero,Vehicle body,ICEV,Zinc,100.0,0.06356264235112051,No comparison,
Canada,Cars,FCEV,2030,172.30764694782525,1.0,Global Net-zero,Vehicle body,ICEV,Aluminum,71300.0,12.28553522737994,No comparison,
Canada,Cars,FCEV,2030,172.30764694782525,1.0,Global Net-zero,Vehicle body,ICEV,Iron,902171.34,155.4510207391664,No comparison,
Canada,Cars,FCEV,2030,172.30764694782525,1.0,Global Net-zero,Vehicle body,ICEV,Lead,300.0,0.05169229408434757,No comparison,
Canada,Cars,FCEV,2030,172.30764694782525,1.0,Global Net-zero,Vehicle body,ICEV,Zinc,100.0,0.017230764694782522,No comparison,
Canada,Trucks,FCEV,2030,51.69229408434758,3.6892781241792854,Global Net-zero,Vehicle body,ICEV,Aluminum,71300.0,13.59742690746204,No comparison,
Canada,Trucks,FCEV,2030,51.69229408434758,3.6892781241792854,Global Net-zero,Vehicle body,ICEV,Iron,902171.34,172.05061505830412,No comparison,
Canada,Trucks,FCEV,2030,51.69229408434758,3.6892781241792854,Global Net-zero,Vehicle body,ICEV,Lead,300.0,0.05721217492620774,No comparison,
Canada,Trucks,FCEV,2030,51.69229408434758,3.6892781241792854,Global Net-zero,Vehicle body,ICEV,Zinc,100.0,0.01907072497540258,No comparison,
Canada,Cars,PHEV,2030,534153.7055382583,1.0,Global Net-zero,Vehicle body,PHEV,Aluminum,110658.0,59108.38074745259,No comparison,
Canada,Cars,PHEV,2030,534153.7055382583,1.0,Global Net-zero,Vehicle body,PHEV,Chromium,12789.0,6831.291740128785,No comparison,
Canada,Cars,PHEV,2030,534153.7055382583,1.0,Global Net-zero,Vehicle body,PHEV,Iron,902171.34,481898.1642914159,No comparison,
Canada,Cars,PHEV,2030,534153.7055382583,1.0,Global Net-zero,Vehicle body,PHEV,Lead,320.0,170.92918577224268,No comparison,
Canada,Cars,PHEV,2030,534153.7055382583,1.0,Global Net-zero,Vehicle body,PHEV,Zinc,100.0,53.41537055382583,No comparison,
Canada,Vans,PHEV,2030,55138.447023304085,1.9577507575642077,Global Net-zero,Vehicle body,PHEV,Aluminum,110658.0,11945.236354758083,No comparison,
Canada,Vans,PHEV,2030,55138.447023304085,1.9577507575642077,Global Net-zero,Vehicle body,PHEV,Chromium,12789.0,1380.5384856133414,No comparison,
Canada,Vans,PHEV,2030,55138.447023304085,1.9577507575642077,Global Net-zero,Vehicle body,PHEV,Iron,902171.34,97386.99315719439,No comparison,
Canada,Vans,PHEV,2030,55138.447023304085,1.9577507575642077,Global Net-zero,Vehicle body,PHEV,Lead,320.0,34.543147657852,No comparison,
Canada,Vans,PHEV,2030,55138.447023304085,1.9577507575642077,Global Net-zero,Vehicle body,PHEV,Zinc,100.0,10.79473364307875,No comparison,
Canada,2 and 3 wheelers,BEV,2031,1800.0748891404849,0.09808569078889517,Global Net-zero,Vehicle body,BEV,Aluminum,127302.0,22.476643399452094,No comparison,
Canada,2 and 3 wheelers,BEV,2031,1800.0748891404849,0.09808569078889517,Global Net-zero,Vehicle body,BEV,Chromium,11850.0,2.092254829331097,No comparison,
Canada,2 and 3 wheelers,BEV,2031,1800.0748891404849,0.09808569078889517,Global Net-zero,Vehicle body,BEV,Iron,902171.34,159.28880531638035,No comparison,
Canada,2 and 3 wheelers,BEV,2031,1800.0748891404849,0.09808569078889517,Global Net-zero,Vehicle body,BEV,Lead,310.0,0.054734092581657394,No comparison,
Canada,2 and 3 wheelers,BEV,2031,1800.0748891404849,0.09808569078889517,Global Net-zero,Vehicle body,BEV,Zinc,100.0,0.017656158897308837,No comparison,
Canada,Buses,BEV,2031,2223.6219218794226,5.6752374182090595,Global Net-zero,Vehicle body,BEV,Aluminum,127302.0,1606.4980704101754,No comparison,
Canada,Buses,BEV,2031,2223.6219218794226,5.6752374182090595,Global Net-zero,Vehicle body,BEV,Chromium,11850.0,149.5420506697505,No comparison,
Canada,Buses,BEV,2031,2223.6219218794226,5.6752374182090595,Global Net-zero,Vehicle body,BEV,Iron,902171.34,11385.025505407317,No comparison,
Canada,Buses,BEV,2031,2223.6219218794226,5.6752374182090595,Global Net-zero,Vehicle body,BEV,Lead,310.0,3.9120705238500126,No comparison,
Canada,Buses,BEV,2031,2223.6219218794226,5.6752374182090595,Global Net-zero,Vehicle body,BEV,Zinc,100.0,1.2619582335000041,No comparison,
Canada,Cars,BEV,2031,2011848.4055099536,1.0,Global Net-zero,Vehicle body,BEV,Aluminum,127302.0,256112.32571822812,No comparison,
Canada,Cars,BEV,2031,2011848.4055099536,1.0,Global Net-zero,Vehicle body,BEV,Chromium,11850.0,23840.40360529295,No comparison,
Canada,Cars,BEV,2031,2011848.4055099536,1.0,Global Net-zero,Vehicle body,BEV,Iron,902171.34,1815031.9718757782,No comparison,
Canada,Cars,BEV,2031,2011848.4055099536,1.0,Global Net-zero,Vehicle body,BEV,Lead,310.0,623.6730057080856,No comparison,
Canada,Cars,BEV,2031,2011848.4055099536,1.0,Global Net-zero,Vehicle body,BEV,Zinc,100.0,201.18484055099535,No comparison,
Canada,Trucks,BEV,2031,21177.35163694688,3.6892781241792854,Global Net-zero,Vehicle body,BEV,Aluminum,127302.0,9945.995795841462,No comparison,
Canada,Trucks,BEV,2031,21177.35163694688,3.6892781241792854,Global Net-zero,Vehicle body,BEV,Chromium,11850.0,925.8303104485501,No comparison,
Canada,Trucks,BEV,2031,21177.35163694688,3.6892781241792854,Global Net-zero,Vehicle body,BEV,Iron,902171.34,70485.87103712949,No comparison,
Canada,Trucks,BEV,2031,21177.35163694688,3.6892781241792854,Global Net-zero,Vehicle body,BEV,Lead,310.0,24.220033437894557,No comparison,
Canada,Trucks,BEV,2031,21177.35163694688,3.6892781241792854,Global Net-zero,Vehicle body,BEV,Zinc,100.0,7.812914012224051,No comparison,
Canada,Vans,BEV,2031,116475.43400320785,1.9577507575642077,Global Net-zero,Vehicle body,BEV,Aluminum,127302.0,29028.658403475343,No comparison,
Canada,Vans,BEV,2031,116475.43400320785,1.9577507575642077,Global Net-zero,Vehicle body,BEV,Chromium,11850.0,2702.1539495151906,No comparison,
Canada,Vans,BEV,2031,116475.43400320785,1.9577507575642077,Global Net-zero,Vehicle body,BEV,Iron,902171.34,205722.01261775626,No comparison,
Canada,Vans,BEV,2031,116475.43400320785,1.9577507575642077,Global Net-zero,Vehicle body,BEV,Lead,310.0,70.68925943879401,No comparison,
Canada,Vans,BEV,2031,116475.43400320785,1.9577507575642077,Global Net-zero,Vehicle body,BEV,Zinc,100.0,22.802986915740007,No comparison,
Canada,Buses,FCEV,2031,137.65278564015472,5.6752374182090595,Global Net-zero,Vehicle body,ICEV,Aluminum,71300.0,55.700432696721606,No comparison,
Canada,Buses,FCEV,2031,137.65278564015472,5.6752374182090595,Global Net-zero,Vehicle body,ICEV,Iron,902171.34,704.7872931918814,No comparison,
Canada,Buses,FCEV,2031,137.65278564015472,5.6752374182090595,Global Net-zero,Vehicle body,ICEV,Lead,300.0,0.234363671935715,No comparison,
Canada,Buses,FCEV,2031,137.65278564015472,5.6752374182090595,Global Net-zero,Vehicle body,ICEV,Zinc,100.0,0.07812122397857169,No comparison,
Canada,Cars,FCEV,2031,211.7735163694688,1.0,Global Net-zero,Vehicle body,ICEV,Aluminum,71300.0,15.099451717143126,No comparison,
Canada,Cars,FCEV,2031,211.7735163694688,1.0,Global Net-zero,Vehicle body,ICEV,Iron,902171.34,191.05599703955562,No comparison,
Canada,Cars,FCEV,2031,211.7735163694688,1.0,Global Net-zero,Vehicle body,ICEV,Lead,300.0,0.06353205491084064,No comparison,
Canada,Cars,FCEV,2031,211.7735163694688,1.0,Global Net-zero,Vehicle body,ICEV,Zinc,100.0,0.02117735163694688,No comparison,
Canada,Trucks,FCEV,2031,63.53205491084064,3.6892781241792854,Global Net-zero,Vehicle body,ICEV,Aluminum,71300.0,16.711823072147244,No comparison,
Canada,Trucks,FCEV,2031,63.53205491084064,3.6892781241792854,Global Net-zero,Vehicle body,ICEV,Iron,902171.34,211.45761311138844,No comparison,
Canada,Trucks,FCEV,2031,63.53205491084064,3.6892781241792854,Global Net-zero,Vehicle body,ICEV,Lead,300.0,0.07031622611001646,No comparison,
Canada,Trucks,FCEV,2031,63.53205491084064,3.6892781241792854,Global Net-zero,Vehicle body,ICEV,Zinc,100.0,0.023438742036672153,No comparison,
Canada,Cars,PHEV,2031,656497.9007453533,1.0,Global Net-zero,Vehicle body,PHEV,Aluminum,110658.0,72646.74470067931,No comparison,
Canada,Cars,PHEV,2031,656497.9007453533,1.0,Global Net-zero,Vehicle body,PHEV,Chromium,12789.0,8395.951652632324,No comparison,
Canada,Cars,PHEV,2031,656497.9007453533,1.0,Global Net-zero,Vehicle body,PHEV,Iron,902171.34,592273.5908226223,No comparison,
Canada,Cars,PHEV,2031,656497.9007453533,1.0,Global Net-zero,Vehicle body,PHEV,Lead,320.0,210.07932823851306,No comparison,
Canada,Cars,PHEV,2031,656497.9007453533,1.0,Global Net-zero,Vehicle body,PHEV,Zinc,100.0,65.64979007453533,No comparison,
Canada,Vans,PHEV,2031,67767.52523823002,1.9577507575642077,Global Net-zero,Vehicle body,PHEV,Aluminum,110658.0,14681.209751982298,No comparison,
Canada,Vans,PHEV,2031,67767.52523823002,1.9577507575642077,Global Net-zero,Vehicle body,PHEV,Chromium,12789.0,1696.7412344168663,No comparison,
Canada,Vans,PHEV,2031,67767.52523823002,1.9577507575642077,Global Net-zero,Vehicle body,PHEV,Iron,902171.34,119692.80734124001,No comparison,
Canada,Vans,PHEV,2031,67767.52523823002,1.9577507575642077,Global Net-zero,Vehicle body,PHEV,Lead,320.0,42.455015639486845,No comparison,
Canada,Vans,PHEV,2031,67767.52523823002,1.9577507575642077,Global Net-zero,Vehicle body,PHEV,Zinc,100.0,13.26719238733964,No comparison,
Canada,2 and 3 wheelers,BEV,2032,2170.0432234173036,0.09808569078889517,Global Net-zero,Vehicle body,BEV,Aluminum,127302.0,27.096254710512582,No comparison,
Canada,2 and 3 wheelers,BEV,2032,2170.0432234173036,0.09808569078889517,Global Net-zero,Vehicle body,BEV,Chromium,11850.0,2.522274735036167,No comparison,
Canada,2 and 3 wheelers,BEV,2032,2170.0432234173036,0.09808569078889517,Global Net-zero,Vehicle body,BEV,Iron,902171.34,192.02733987812013,No comparison,
Canada,2 and 3 wheelers,BEV,2032,2170.0432234173036,0.09808569078889517,Global Net-zero,Vehicle body,BEV,Lead,310.0,0.06598355846930057,No comparison,
Canada,2 and 3 wheelers,BEV,2032,2170.0432234173036,0.09808569078889517,Global Net-zero,Vehicle body,BEV,Zinc,100.0,0.021285018861064698,No comparison,
Canada,Buses,BEV,2032,2680.641628927257,5.6752374182090595,Global Net-zero,Vehicle body,BEV,Aluminum,127302.0,1936.6806748752442,No comparison,
Canada,Buses,BEV,2032,2680.641628927257,5.6752374182090595,Global Net-zero,Vehicle body,BEV,Chromium,11850.0,180.27734047596772,No comparison,
Canada,Buses,BEV,2032,2680.641628927257,5.6752374182090595,Global Net-zero,Vehicle body,BEV,Iron,902171.34,13724.98310791899,No comparison,
Canada,Buses,BEV,2032,2680.641628927257,5.6752374182090595,Global Net-zero,Vehicle body,BEV,Lead,310.0,4.716116079962024,No comparison,
Canada,Buses,BEV,2032,2680.641628927257,5.6752374182090595,Global Net-zero,Vehicle body,BEV,Zinc,100.0,1.5213277677296855,No comparison,
Canada,Cars,BEV,2032,2425342.42617228,1.0,Global Net-zero,Vehicle body,BEV,Aluminum,127302.0,308750.94153658365,No comparison,
Canada,Cars,BEV,2032,2425342.42617228,1.0,Global Net-zero,Vehicle body,BEV,Chromium,11850.0,28740.30775014152,No comparison,
Canada,Cars,BEV,2032,2425342.42617228,1.0,Global Net-zero,Vehicle body,BEV,Iron,902171.34,2188074.426578697,No comparison,
Canada,Cars,BEV,2032,2425342.42617228,1.0,Global Net-zero,Vehicle body,BEV,Lead,310.0,751.8561521134069,No comparison,
Canada,Cars,BEV,2032,2425342.42617228,1.0,Global Net-zero,Vehicle body,BEV,Zinc,100.0,242.53424261722802,No comparison,
Canada,Trucks,BEV,2032,25529.920275497687,3.6892781241792854,Global Net-zero,Vehicle body,BEV,Aluminum,127302.0,11990.19046769132,No comparison,
Canada,Trucks,BEV,2032,25529.920275497687,3.6892781241792854,Global Net-zero,Vehicle body,BEV,Chromium,11850.0,1116.1156701555524,No comparison,
Canada,Trucks,BEV,2032,25529.920275497687,3.6892781241792854,Global Net-zero,Vehicle body,BEV,Iron,902171.34,84972.7906952939,No comparison,
Canada,Trucks,BEV,2032,25529.920275497687,3.6892781241792854,Global Net-zero,Vehicle body,BEV,Lead,310.0,29.19796267917479,No comparison,
Canada,Trucks,BEV,2032,25529.920275497687,3.6892781241792854,Global Net-zero,Vehicle body,BEV,Zinc,100.0,9.418697638443481,No comparison,
Canada,Vans,BEV,2032,140414.5615152373,1.9577507575642077,Global Net-zero,Vehicle body,BEV,Aluminum,127302.0,34994.90150847895,No comparison,
Canada,Vans,BEV,2032,140414.5615152373,1.9577507575642077,Global Net-zero,Vehicle body,BEV,Chromium,11850.0,3257.5260630270973,No comparison,
Canada,Vans,BEV,2032,140414.5615152373,1.9577507575642077,Global Net-zero,Vehicle body,BEV,Iron,902171.34,248003.93699291817,No comparison,
Canada,Vans,BEV,2032,140414.5615152373,1.9577507575642077,Global Net-zero,Vehicle body,BEV,Lead,310.0,85.21798139564558,No comparison,
Canada,Vans,BEV,2032,140414.5615152373,1.9577507575642077,Global Net-zero,Vehicle body,BEV,Zinc,100.0,27.489671417950188,No comparison,
Canada,Buses,FCEV,2032,165.94448179073498,5.6752374182090595,Global Net-zero,Vehicle body,ICEV,Aluminum,71300.0,67.1485099004117,No comparison,
Canada,Buses,FCEV,2032,165.94448179073498,5.6752374182090595,Global Net-zero,Vehicle body,ICEV,Iron,902171.34,849.6418114426042,No comparison,
Canada,Buses,FCEV,2032,165.94448179073498,5.6752374182090595,Global Net-zero,Vehicle body,ICEV,Lead,300.0,0.28253229972122734,No comparison,
Canada,Buses,FCEV,2032,165.94448179073498,5.6752374182090595,Global Net-zero,Vehicle body,ICEV,Zinc,100.0,0.09417743324040911,No comparison,
Canada,Cars,FCEV,2032,255.29920275497687,1.0,Global Net-zero,Vehicle body,ICEV,Aluminum,71300.0,18.20283315642985,No comparison,
Canada,Cars,FCEV,2032,255.29920275497687,1.0,Global Net-zero,Vehicle body,ICEV,Iron,902171.34,230.32362385038917,No comparison,
Canada,Cars,FCEV,2032,255.29920275497687,1.0,Global Net-zero,Vehicle body,ICEV,Lead,300.0,0.07658976082649306,No comparison,
Canada,Cars,FCEV,2032,255.29920275497687,1.0,Global Net-zero,Vehicle body,ICEV,Zinc,100.0,0.025529920275497688,No comparison,
Canada,Trucks,FCEV,2032,76.58976082649306,3.6892781241792854,Global Net-zero,Vehicle body,ICEV,Aluminum,71300.0,20.146594248630606,No comparison,
Canada,Trucks,FCEV,2032,76.58976082649306,3.6892781241792854,Global Net-zero,Vehicle body,ICEV,Iron,902171.34,254.9183720858817,No comparison,
Canada,Trucks,FCEV,2032,76.58976082649306,3.6892781241792854,Global Net-zero,Vehicle body,ICEV,Lead,300.0,0.08476827874599133,No comparison,
Canada,Trucks,FCEV,2032,76.58976082649306,3.6892781241792854,Global Net-zero,Vehicle body,ICEV,Zinc,100.0,0.028256092915330443,No comparison,
Canada,Cars,PHEV,2032,791427.5285404283,1.0,Global Net-zero,Vehicle body,PHEV,Aluminum,110658.0,87577.78745322672,No comparison,
Canada,Cars,PHEV,2032,791427.5285404283,1.0,Global Net-zero,Vehicle body,PHEV,Chromium,12789.0,10121.566662503536,No comparison,
Canada,Cars,PHEV,2032,791427.5285404283,1.0,Global Net-zero,Vehicle body,PHEV,Iron,902171.34,714003.2339362064,No comparison,
Canada,Cars,PHEV,2032,791427.5285404283,1.0,Global Net-zero,Vehicle body,PHEV,Lead,320.0,253.25680913293704,No comparison,
Canada,Cars,PHEV,2032,791427.5285404283,1.0,Global Net-zero,Vehicle body,PHEV,Zinc,100.0,79.14275285404283,No comparison,
Canada,Vans,PHEV,2032,81695.7448815926,1.9577507575642077,Global Net-zero,Vehicle body,PHEV,Aluminum,110658.0,17698.630165920185,No comparison,
Canada,Vans,PHEV,2032,81695.7448815926,1.9577507575642077,Global Net-zero,Vehicle body,PHEV,Chromium,12789.0,2045.4714633551414,No comparison,
Canada,Vans,PHEV,2032,81695.7448815926,1.9577507575642077,Global Net-zero,Vehicle body,PHEV,Iron,902171.34,144293.19970497058,No comparison,
Canada,Vans,PHEV,2032,81695.7448815926,1.9577507575642077,Global Net-zero,Vehicle body,PHEV,Lead,320.0,51.18077005814725,No comparison,
Canada,Vans,PHEV,2032,81695.7448815926,1.9577507575642077,Global Net-zero,Vehicle body,PHEV,Zinc,100.0,15.993990643171019,No comparison,
Canada,2 and 3 wheelers,BEV,2033,2563.2323804132466,0.09808569078889517,Global Net-zero,Vehicle body,BEV,Aluminum,127302.0,32.00581293147573,No comparison,
Canada,2 and 3 wheelers,BEV,2033,2563.2323804132466,0.09808569078889517,Global Net-zero,Vehicle body,BEV,Chromium,11850.0,2.9792845614207746,No comparison,
Canada,2 and 3 wheelers,BEV,2033,2563.2323804132466,0.09808569078889517,Global Net-zero,Vehicle body,BEV,Iron,902171.34,226.8206873433158,No comparison,
Canada,2 and 3 wheelers,BEV,2033,2563.2323804132466,0.09808569078889517,Global Net-zero,Vehicle body,BEV,Lead,310.0,0.0779390897924422,No comparison,
Canada,2 and 3 wheelers,BEV,2033,2563.2323804132466,0.09808569078889517,Global Net-zero,Vehicle body,BEV,Zinc,100.0,0.025141641868529744,No comparison,
Canada,Buses,BEV,2033,3166.3458816869515,5.6752374182090595,Global Net-zero,Vehicle body,BEV,Aluminum,127302.0,2287.586976513503,No comparison,
Canada,Buses,BEV,2033,3166.3458816869515,5.6752374182090595,Global Net-zero,Vehicle body,BEV,Chromium,11850.0,212.94171082689203,No comparison,
Canada,Buses,BEV,2033,3166.3458816869515,5.6752374182090595,Global Net-zero,Vehicle body,BEV,Iron,902171.34,16211.806632792379,No comparison,
Canada,Buses,BEV,2033,3166.3458816869515,5.6752374182090595,Global Net-zero,Vehicle body,BEV,Lead,310.0,5.570627034290003,No comparison,
Canada,Buses,BEV,2033,3166.3458816869515,5.6752374182090595,Global Net-zero,Vehicle body,BEV,Zinc,100.0,1.7969764626741944,No comparison,
Canada,Cars,BEV,2033,2864789.1310500987,1.0,Global Net-zero,Vehicle body,BEV,Aluminum,127302.0,364693.38596093963,No comparison,
Canada,Cars,BEV,2033,2864789.1310500987,1.0,Global Net-zero,Vehicle body,BEV,Chromium,11850.0,33947.75120294367,No comparison,
Canada,Cars,BEV,2033,2864789.1310500987,1.0,Global Net-zero,Vehicle body,BEV,Iron,902171.34,2584530.6491769026,No comparison,
Canada,Cars,BEV,2033,2864789.1310500987,1.0,Global Net-zero,Vehicle body,BEV,Lead,310.0,888.0846306255306,No comparison,
Canada,Cars,BEV,2033,2864789.1310500987,1.0,Global Net-zero,Vehicle body,BEV,Zinc,100.0,286.47891310500984,No comparison,
Canada,Trucks,BEV,2033,30155.675063685252,3.6892781241792854,Global Net-zero,Vehicle body,BEV,Aluminum,127302.0,14162.68769324808,No comparison,
Canada,Trucks,BEV,2033,30155.675063685252,3.6892781241792854,Global Net-zero,Vehicle body,BEV,Chromium,11850.0,1318.3441671379067,No comparison,
Canada,Trucks,BEV,2033,30155.675063685252,3.6892781241792854,Global Net-zero,Vehicle body,BEV,Iron,902171.34,100368.97247662354,No comparison,
Canada,Trucks,BEV,2033,30155.675063685252,3.6892781241792854,Global Net-zero,Vehicle body,BEV,Lead,310.0,34.488328423016966,No comparison,
Canada,Trucks,BEV,2033,30155.675063685252,3.6892781241792854,Global Net-zero,Vehicle body,BEV,Zinc,100.0,11.125267233231279,No comparison,
Canada,Vans,BEV,2033,165856.21285026887,1.9577507575642077,Global Net-zero,Vehicle body,BEV,Aluminum,127302.0,41335.61199516075,No comparison,
Canada,Vans,BEV,2033,165856.21285026887,1.9577507575642077,Global Net-zero,Vehicle body,BEV,Chromium,11850.0,3847.7557472989806,No comparison,
Canada,Vans,BEV,2033,165856.21285026887,1.9577507575642077,Global Net-zero,Vehicle body,BEV,Iron,902171.34,292939.65894796816,No comparison,
Canada,Vans,BEV,2033,165856.21285026887,1.9577507575642077,Global Net-zero,Vehicle body,BEV,Lead,310.0,100.65858916984676,No comparison,
Canada,Vans,BEV,2033,165856.21285026887,1.9577507575642077,Global Net-zero,Vehicle body,BEV,Zinc,100.0,32.47051263543444,No comparison,
Canada,Buses,FCEV,2033,196.01188791395413,5.6752374182090595,Global Net-zero,Vehicle body,ICEV,Aluminum,71300.0,79.31511825012907,No comparison,
Canada,Buses,FCEV,2033,196.01188791395413,5.6752374182090595,Global Net-zero,Vehicle body,ICEV,Iron,902171.34,1003.5880296490519,No comparison,
Canada,Buses,FCEV,2033,196.01188791395413,5.6752374182090595,Global Net-zero,Vehicle body,ICEV,Lead,300.0,0.33372420021092175,No comparison,
Canada,Buses,FCEV,2033,196.01188791395413,5.6752374182090595,Global Net-zero,Vehicle body,ICEV,Zinc,100.0,0.11124140007030725,No comparison,
Canada,Cars,FCEV,2033,301.5567506368525,1.0,Global Net-zero,Vehicle body,ICEV,Aluminum,71300.0,21.50099632040758,No comparison,
Canada,Cars,FCEV,2033,301.5567506368525,1.0,Global Net-zero,Vehicle body,ICEV,Iron,902171.34,272.055857808095,No comparison,
Canada,Cars,FCEV,2033,301.5567506368525,1.0,Global Net-zero,Vehicle body,ICEV,Lead,300.0,0.09046702519105575,No comparison,
Canada,Cars,FCEV,2033,301.5567506368525,1.0,Global Net-zero,Vehicle body,ICEV,Zinc,100.0,0.030155675063685248,No comparison,
Canada,Trucks,FCEV,2033,90.46702519105575,3.6892781241792854,Global Net-zero,Vehicle body,ICEV,Aluminum,71300.0,23.796946611881705,No comparison,
Canada,Trucks,FCEV,2033,90.46702519105575,3.6892781241792854,Global Net-zero,Vehicle body,ICEV,Iron,902171.34,301.1069174298707,No comparison,
Canada,Trucks,FCEV,2033,90.46702519105575,3.6892781241792854,Global Net-zero,Vehicle body,ICEV,Lead,300.0,0.1001274050990815,No comparison,
Canada,Trucks,FCEV,2033,90.46702519105575,3.6892781241792854,Global Net-zero,Vehicle body,ICEV,Zinc,100.0,0.03337580169969384,No comparison,
Canada,Cars,PHEV,2033,934825.9269742428,1.0,Global Net-zero,Vehicle body,PHEV,Aluminum,110658.0,103445.96742711576,No comparison,
Canada,Cars,PHEV,2033,934825.9269742428,1.0,Global Net-zero,Vehicle body,PHEV,Chromium,12789.0,11955.48878007359,No comparison,
Canada,Cars,PHEV,2033,934825.9269742428,1.0,Global Net-zero,Vehicle body,PHEV,Iron,902171.34,843373.1592050947,No comparison,
Canada,Cars,PHEV,2033,934825.9269742428,1.0,Global Net-zero,Vehicle body,PHEV,Lead,320.0,299.1442966317577,No comparison,
Canada,Cars,PHEV,2033,934825.9269742428,1.0,Global Net-zero,Vehicle body,PHEV,Zinc,100.0,93.48259269742428,No comparison,
Canada,Vans,PHEV,2033,96498.16020379281,1.9577507575642077,Global Net-zero,Vehicle body,PHEV,Aluminum,110658.0,20905.437016505628,No comparison,
Canada,Vans,PHEV,2033,96498.16020379281,1.9577507575642077,Global Net-zero,Vehicle body,PHEV,Chromium,12789.0,2416.089519095686,No comparison,
Canada,Vans,PHEV,2033,96498.16020379281,1.9577507575642077,Global Net-zero,Vehicle body,PHEV,Iron,902171.34,170437.61975154513,No comparison,
Canada,Vans,PHEV,2033,96498.16020379281,1.9577507575642077,Global Net-zero,Vehicle body,PHEV,Lead,320.0,60.45419079760885,No comparison,
Canada,Vans,PHEV,2033,96498.16020379281,1.9577507575642077,Global Net-zero,Vehicle body,PHEV,Zinc,100.0,18.891934624252766,No comparison,
Canada,2 and 3 wheelers,BEV,2034,2967.5988890461363,0.09808569078889517,Global Net-zero,Vehicle body,BEV,Aluminum,127302.0,37.05493720516788,No comparison,
Canada,2 and 3 wheelers,BEV,2034,2967.5988890461363,0.09808569078889517,Global Net-zero,Vehicle body,BEV,Chromium,11850.0,3.4492859961449103,No comparison,
Canada,2 and 3 wheelers,BEV,2034,2967.5988890461363,0.09808569078889517,Global Net-zero,Vehicle body,BEV,Iron,902171.34,262.60311976247164,No comparison,
Canada,2 and 3 wheelers,BEV,2034,2967.5988890461363,0.09808569078889517,Global Net-zero,Vehicle body,BEV,Lead,310.0,0.09023448597509892,No comparison,
Canada,2 and 3 wheelers,BEV,2034,2967.5988890461363,0.09808569078889517,Global Net-zero,Vehicle body,BEV,Zinc,100.0,0.029107898701644815,No comparison,
Canada,Buses,BEV,2034,3665.857451174639,5.6752374182090595,Global Net-zero,Vehicle body,BEV,Aluminum,127302.0,2648.4686374800754,No comparison,
Canada,Buses,BEV,2034,3665.857451174639,5.6752374182090595,Global Net-zero,Vehicle body,BEV,Chromium,11850.0,246.5346448142126,No comparison,
Canada,Buses,BEV,2034,3665.857451174639,5.6752374182090595,Global Net-zero,Vehicle body,BEV,Iron,902171.34,18769.324123920866,No comparison,
Canada,Buses,BEV,2034,3665.857451174639,5.6752374182090595,Global Net-zero,Vehicle body,BEV,Lead,310.0,6.449429526785309,No comparison,
Canada,Buses,BEV,2034,3665.857451174639,5.6752374182090595,Global Net-zero,Vehicle body,BEV,Zinc,100.0,2.0804611376726805,No comparison,
Canada,Cars,BEV,2034,3316728.1701103877,1.0,Global Net-zero,Vehicle body,BEV,Aluminum,127302.0,422226.12951139256,No comparison,
Canada,Cars,BEV,2034,3316728.1701103877,1.0,Global Net-zero,Vehicle body,BEV,Chromium,11850.0,39303.2288158081,No comparison,
Canada,Cars,BEV,2034,3316728.1701103877,1.0,Global Net-zero,Vehicle body,BEV,Iron,902171.34,2992257.0976442364,No comparison,
Canada,Cars,BEV,2034,3316728.1701103877,1.0,Global Net-zero,Vehicle body,BEV,Lead,310.0,1028.1857327342202,No comparison,
Canada,Cars,BEV,2034,3316728.1701103877,1.0,Global Net-zero,Vehicle body,BEV,Zinc,100.0,331.6728170110388,No comparison,
Canada,Trucks,BEV,2034,34912.92810642513,3.6892781241792854,Global Net-zero,Vehicle body,BEV,Aluminum,127302.0,16396.943400666005,No comparison,
Canada,Trucks,BEV,2034,34912.92810642513,3.6892781241792854,Global Net-zero,Vehicle body,BEV,Chromium,11850.0,1526.3214976818288,No comparison,
Canada,Trucks,BEV,2034,34912.92810642513,3.6892781241792854,Global Net-zero,Vehicle body,BEV,Iron,902171.34,116202.82791851665,No comparison,
Canada,Trucks,BEV,2034,34912.92810642513,3.6892781241792854,Global Net-zero,Vehicle body,BEV,Lead,310.0,39.9290855933643,No comparison,
Canada,Trucks,BEV,2034,34912.92810642513,3.6892781241792854,Global Net-zero,Vehicle body,BEV,Zinc,100.0,12.880350191407837,No comparison,
Canada,Vans,BEV,2034,192021.10458533824,1.9577507575642077,Global Net-zero,Vehicle body,BEV,Aluminum,127302.0,47856.57249504027,No comparison,
Canada,Vans,BEV,2034,192021.10458533824,1.9577507575642077,Global Net-zero,Vehicle body,BEV,Chromium,11850.0,4454.764136197603,No comparison,
Canada,Vans,BEV,2034,192021.10458533824,1.9577507575642077,Global Net-zero,Vehicle body,BEV,Iron,902171.34,339152.7873533615,No comparison,
Canada,Vans,BEV,2034,192021.10458533824,1.9577507575642077,Global Net-zero,Vehicle body,BEV,Lead,310.0,116.53813352078117,No comparison,
Canada,Vans,BEV,2034,192021.10458533824,1.9577507575642077,Global Net-zero,Vehicle body,BEV,Zinc,100.0,37.59294629702619,No comparison,
Canada,Buses,FCEV,2034,226.93403269176338,5.6752374182090595,Global Net-zero,Vehicle body,ICEV,Aluminum,71300.0,91.82759183375273,No comparison,
Canada,Buses,FCEV,2034,226.93403269176338,5.6752374182090595,Global Net-zero,Vehicle body,ICEV,Iron,902171.34,1161.9105410046247,No comparison,
Canada,Buses,FCEV,2034,226.93403269176338,5.6752374182090595,Global Net-zero,Vehicle body,ICEV,Lead,300.0,0.38637135413921203,No comparison,
Canada,Buses,FCEV,2034,226.93403269176338,5.6752374182090595,Global Net-zero,Vehicle body,ICEV,Zinc,100.0,0.12879045137973735,No comparison,
Canada,Cars,FCEV,2034,349.12928106425136,1.0,Global Net-zero,Vehicle body,ICEV,Aluminum,71300.0,24.89291773988112,No comparison,
Canada,Cars,FCEV,2034,349.12928106425136,1.0,Global Net-zero,Vehicle body,ICEV,Iron,902171.34,314.97443133097227,No comparison,
Canada,Cars,FCEV,2034,349.12928106425136,1.0,Global Net-zero,Vehicle body,ICEV,Lead,300.0,0.10473878431927541,No comparison,
Canada,Cars,FCEV,2034,349.12928106425136,1.0,Global Net-zero,Vehicle body,ICEV,Zinc,100.0,0.034912928106425135,No comparison,
Canada,Trucks,FCEV,2034,104.7387843192754,3.6892781241792854,Global Net-zero,Vehicle body,ICEV,Aluminum,71300.0,27.551069059421366,No comparison,
Canada,Trucks,FCEV,2034,104.7387843192754,3.6892781241792854,Global Net-zero,Vehicle body,ICEV,Iron,902171.34,348.6084837555499,No comparison,
Canada,Trucks,FCEV,2034,104.7387843192754,3.6892781241792854,Global Net-zero,Vehicle body,ICEV,Lead,300.0,0.11592315172267054,No comparison,
Canada,Trucks,FCEV,2034,104.7387843192754,3.6892781241792854,Global Net-zero,Vehicle body,ICEV,Zinc,100.0,0.03864105057422351,No comparison,
Canada,Cars,PHEV,2034,1082300.7712991792,1.0,Global Net-zero,Vehicle body,PHEV,Aluminum,110658.0,119765.23875042457,No comparison,
Canada,Cars,PHEV,2034,1082300.7712991792,1.0,Global Net-zero,Vehicle body,PHEV,Chromium,12789.0,13841.544564145202,No comparison,
Canada,Cars,PHEV,2034,1082300.7712991792,1.0,Global Net-zero,Vehicle body,PHEV,Iron,902171.34,976420.7371260141,No comparison,
Canada,Cars,PHEV,2034,1082300.7712991792,1.0,Global Net-zero,Vehicle body,PHEV,Lead,320.0,346.33624681573735,No comparison,
Canada,Cars,PHEV,2034,1082300.7712991792,1.0,Global Net-zero,Vehicle body,PHEV,Zinc,100.0,108.23007712991792,No comparison,
Canada,Vans,PHEV,2034,111721.36994056043,1.9577507575642077,Global Net-zero,Vehicle body,PHEV,Aluminum,110658.0,24203.405098684067,No comparison,
Canada,Vans,PHEV,2034,111721.36994056043,1.9577507575642077,Global Net-zero,Vehicle body,PHEV,Chromium,12789.0,2797.2432883937045,No comparison,
Canada,Vans,PHEV,2034,111721.36994056043,1.9577507575642077,Global Net-zero,Vehicle body,PHEV,Iron,902171.34,197325.25809650126,No comparison,
Canada,Vans,PHEV,2034,111721.36994056043,1.9577507575642077,Global Net-zero,Vehicle body,PHEV,Lead,320.0,69.99123092391785,No comparison,
Canada,Vans,PHEV,2034,111721.36994056043,1.9577507575642077,Global Net-zero,Vehicle body,PHEV,Zinc,100.0,21.87225966372433,No comparison,
Canada,2 and 3 wheelers,BEV,2035,3335.148304085291,0.09808569078889517,Global Net-zero,Vehicle body,BEV,Aluminum,127302.0,41.644344670018945,No comparison,
Canada,2 and 3 wheelers,BEV,2035,3335.148304085291,0.09808569078889517,Global Net-zero,Vehicle body,BEV,Chromium,11850.0,3.8764943546819732,No comparison,
Canada,2 and 3 wheelers,BEV,2035,3335.148304085291,0.09808569078889517,Global Net-zero,Vehicle body,BEV,Iron,902171.34,295.12760392117053,No comparison,
Canada,2 and 3 wheelers,BEV,2035,3335.148304085291,0.09808569078889517,Global Net-zero,Vehicle body,BEV,Lead,310.0,0.10141040083978158,No comparison,
Canada,2 and 3 wheelers,BEV,2035,3335.148304085291,0.09808569078889517,Global Net-zero,Vehicle body,BEV,Zinc,100.0,0.0327130325289618,No comparison,
Canada,Buses,BEV,2035,4119.889081517124,5.6752374182090595,Global Net-zero,Vehicle body,BEV,Aluminum,127302.0,2976.492448935349,No comparison,
Canada,Buses,BEV,2035,4119.889081517124,5.6752374182090595,Global Net-zero,Vehicle body,BEV,Chromium,11850.0,277.0689817904187,No comparison,
Canada,Buses,BEV,2035,4119.889081517124,5.6752374182090595,Global Net-zero,Vehicle body,BEV,Iron,902171.34,21093.982664497693,No comparison,
Canada,Buses,BEV,2035,4119.889081517124,5.6752374182090595,Global Net-zero,Vehicle body,BEV,Lead,310.0,7.248218089032052,No comparison,
Canada,Buses,BEV,2035,4119.889081517124,5.6752374182090595,Global Net-zero,Vehicle body,BEV,Zinc,100.0,2.338134867429694,No comparison,
Canada,Cars,BEV,2035,3727518.6928012073,1.0,Global Net-zero,Vehicle body,BEV,Aluminum,127302.0,474520.5846309793,No comparison,
Canada,Cars,BEV,2035,3727518.6928012073,1.0,Global Net-zero,Vehicle body,BEV,Chromium,11850.0,44171.096509694304,No comparison,
Canada,Cars,BEV,2035,3727518.6928012073,1.0,Global Net-zero,Vehicle body,BEV,Iron,902171.34,3362860.533959513,No comparison,
Canada,Cars,BEV,2035,3727518.6928012073,1.0,Global Net-zero,Vehicle body,BEV,Lead,310.0,1155.530794768374,No comparison,
Canada,Cars,BEV,2035,3727518.6928012073,1.0,Global Net-zero,Vehicle body,BEV,Zinc,100.0,372.75186928012073,No comparison,
Canada,Trucks,BEV,2035,39237.038871591656,3.6892781241792854,Global Net-zero,Vehicle body,BEV,Aluminum,127302.0,18427.772761598284,No comparison,
Canada,Trucks,BEV,2035,39237.038871591656,3.6892781241792854,Global Net-zero,Vehicle body,BEV,Chromium,11850.0,1715.362737623444,No comparison,
Canada,Trucks,BEV,2035,39237.038871591656,3.6892781241792854,Global Net-zero,Vehicle body,BEV,Iron,902171.34,130595.02950108108,No comparison,
Canada,Trucks,BEV,2035,39237.038871591656,3.6892781241792854,Global Net-zero,Vehicle body,BEV,Lead,310.0,44.87446824162596,No comparison,
Canada,Trucks,BEV,2035,39237.038871591656,3.6892781241792854,Global Net-zero,Vehicle body,BEV,Zinc,100.0,14.475634916653537,No comparison,
Canada,Vans,BEV,2035,215803.7137937541,1.9577507575642077,Global Net-zero,Vehicle body,BEV,Aluminum,127302.0,53783.80723395902,No comparison,
Canada,Vans,BEV,2035,215803.7137937541,1.9577507575642077,Global Net-zero,Vehicle body,BEV,Chromium,11850.0,5006.505127353965,No comparison,
Canada,Vans,BEV,2035,215803.7137937541,1.9577507575642077,Global Net-zero,Vehicle body,BEV,Iron,902171.34,381158.264933485,No comparison,
Canada,Vans,BEV,2035,215803.7137937541,1.9577507575642077,Global Net-zero,Vehicle body,BEV,Lead,310.0,130.97186409111637,No comparison,
Canada,Vans,BEV,2035,215803.7137937541,1.9577507575642077,Global Net-zero,Vehicle body,BEV,Zinc,100.0,42.248988416489155,No comparison,
Canada,Buses,FCEV,2035,255.04075266534576,5.6752374182090595,Global Net-zero,Vehicle body,ICEV,Aluminum,71300.0,103.200819458123,No comparison,
Canada,Buses,FCEV,2035,255.04075266534576,5.6752374182090595,Global Net-zero,Vehicle body,ICEV,Iron,902171.34,1305.8179744689046,No comparison,
Canada,Buses,FCEV,2035,255.04075266534576,5.6752374182090595,Global Net-zero,Vehicle body,ICEV,Lead,300.0,0.43422504680837165,No comparison,
Canada,Buses,FCEV,2035,255.04075266534576,5.6752374182090595,Global Net-zero,Vehicle body,ICEV,Zinc,100.0,0.14474168226945722,No comparison,
Canada,Cars,FCEV,2035,392.3703887159166,1.0,Global Net-zero,Vehicle body,ICEV,Aluminum,71300.0,27.976008715444852,No comparison,
Canada,Cars,FCEV,2035,392.3703887159166,1.0,Global Net-zero,Vehicle body,ICEV,Iron,902171.34,353.98531936415935,No comparison,
Canada,Cars,FCEV,2035,392.3703887159166,1.0,Global Net-zero,Vehicle body,ICEV,Lead,300.0,0.11771111661477497,No comparison,
Canada,Cars,FCEV,2035,392.3703887159166,1.0,Global Net-zero,Vehicle body,ICEV,Zinc,100.0,0.039237038871591655,No comparison,
Canada,Trucks,FCEV,2035,117.71111661477497,3.6892781241792854,Global Net-zero,Vehicle body,ICEV,Aluminum,71300.0,30.96338308672191,No comparison,
Canada,Trucks,FCEV,2035,117.71111661477497,3.6892781241792854,Global Net-zero,Vehicle body,ICEV,Iron,902171.34,391.7850885032433,No comparison,
Canada,Trucks,FCEV,2035,117.71111661477497,3.6892781241792854,Global Net-zero,Vehicle body,ICEV,Lead,300.0,0.13028071424988183,No comparison,
Canada,Trucks,FCEV,2035,117.71111661477497,3.6892781241792854,Global Net-zero,Vehicle body,ICEV,Zinc,100.0,0.04342690474996061,No comparison,
Canada,Cars,PHEV,2035,1216348.2050193413,1.0,Global Net-zero,Vehicle body,PHEV,Aluminum,110658.0,134598.65967103027,No comparison,
Canada,Cars,PHEV,2035,1216348.2050193413,1.0,Global Net-zero,Vehicle body,PHEV,Chromium,12789.0,15555.877193992355,No comparison,
Canada,Cars,PHEV,2035,1216348.2050193413,1.0,Global Net-zero,Vehicle body,PHEV,Iron,902171.34,1097354.4900288938,No comparison,
Canada,Cars,PHEV,2035,1216348.2050193413,1.0,Global Net-zero,Vehicle body,PHEV,Lead,320.0,389.23142560618925,No comparison,
Canada,Cars,PHEV,2035,1216348.2050193413,1.0,Global Net-zero,Vehicle body,PHEV,Zinc,100.0,121.63482050193413,No comparison,
Canada,Vans,PHEV,2035,125558.5243890933,1.9577507575642077,Global Net-zero,Vehicle body,PHEV,Aluminum,110658.0,27201.097077479895,No comparison,
Canada,Vans,PHEV,2035,125558.5243890933,1.9577507575642077,Global Net-zero,Vehicle body,PHEV,Chromium,12789.0,3143.6934566311556,No comparison,
Canada,Vans,PHEV,2035,125558.5243890933,1.9577507575642077,Global Net-zero,Vehicle body,PHEV,Iron,902171.34,221764.80868857313,No comparison,
Canada,Vans,PHEV,2035,125558.5243890933,1.9577507575642077,Global Net-zero,Vehicle body,PHEV,Lead,320.0,78.65993479724528,No comparison,
Canada,Vans,PHEV,2035,125558.5243890933,1.9577507575642077,Global Net-zero,Vehicle body,PHEV,Zinc,100.0,24.581229624139148,No comparison,
Canada,2 and 3 wheelers,BEV,2036,3742.305642041702,0.09808569078889517,Global Net-zero,Vehicle body,BEV,Aluminum,127302.0,46.72831664692165,No comparison,
Canada,2 and 3 wheelers,BEV,2036,3742.305642041702,0.09808569078889517,Global Net-zero,Vehicle body,BEV,Chromium,11850.0,4.349739613407657,No comparison,
Canada,2 and 3 wheelers,BEV,2036,3742.305642041702,0.09808569078889517,Global Net-zero,Vehicle body,BEV,Iron,902171.34,331.15699710371877,No comparison,
Canada,2 and 3 wheelers,BEV,2036,3742.305642041702,0.09808569078889517,Global Net-zero,Vehicle body,BEV,Lead,310.0,0.11379065655328047,No comparison,
Canada,2 and 3 wheelers,BEV,2036,3742.305642041702,0.09808569078889517,Global Net-zero,Vehicle body,BEV,Zinc,100.0,0.03670666340428402,No comparison,
Canada,Buses,BEV,2036,4622.848146051514,5.6752374182090595,Global Net-zero,Vehicle body,BEV,Aluminum,127302.0,3339.864818455287,No comparison,
Canada,Buses,BEV,2036,4622.848146051514,5.6752374182090595,Global Net-zero,Vehicle body,BEV,Chromium,11850.0,310.8937652094637,No comparison,
Canada,Buses,BEV,2036,4622.848146051514,5.6752374182090595,Global Net-zero,Vehicle body,BEV,Iron,902171.34,23669.151456258838,No comparison,
Canada,Buses,BEV,2036,4622.848146051514,5.6752374182090595,Global Net-zero,Vehicle body,BEV,Lead,310.0,8.133085840922678,No comparison,
Canada,Buses,BEV,2036,4622.848146051514,5.6752374182090595,Global Net-zero,Vehicle body,BEV,Zinc,100.0,2.623576077716993,No comparison,
Canada,Cars,BEV,2036,4182576.894046608,1.0,Global Net-zero,Vehicle body,BEV,Aluminum,127302.0,532450.4037659212,No comparison,
Canada,Cars,BEV,2036,4182576.894046608,1.0,Global Net-zero,Vehicle body,BEV,Chromium,11850.0,49563.5361944523,No comparison,
Canada,Cars,BEV,2036,4182576.894046608,1.0,Global Net-zero,Vehicle body,BEV,Iron,902171.34,3773401.001155066,No comparison,
Canada,Cars,BEV,2036,4182576.894046608,1.0,Global Net-zero,Vehicle body,BEV,Lead,310.0,1296.5988371544486,No comparison,
Canada,Cars,BEV,2036,4182576.894046608,1.0,Global Net-zero,Vehicle body,BEV,Zinc,100.0,418.25768940466077,No comparison,
Canada,Trucks,BEV,2036,44027.125200490605,3.6892781241792854,Global Net-zero,Vehicle body,BEV,Aluminum,127302.0,20677.44870341096,No comparison,
Canada,Trucks,BEV,2036,44027.125200490605,3.6892781241792854,Global Net-zero,Vehicle body,BEV,Chromium,11850.0,1924.7754719911693,No comparison,
Canada,Trucks,BEV,2036,44027.125200490605,3.6892781241792854,Global Net-zero,Vehicle body,BEV,Iron,902171.34,146538.1659717642,No comparison,
Canada,Trucks,BEV,2036,44027.125200490605,3.6892781241792854,Global Net-zero,Vehicle body,BEV,Lead,310.0,50.35277606052848,No comparison,
Canada,Trucks,BEV,2036,44027.125200490605,3.6892781241792854,Global Net-zero,Vehicle body,BEV,Zinc,100.0,16.24283098726725,No comparison,
Canada,Vans,BEV,2036,242149.18860269836,1.9577507575642077,Global Net-zero,Vehicle body,BEV,Aluminum,127302.0,60349.77365641636,No comparison,
Canada,Vans,BEV,2036,242149.18860269836,1.9577507575642077,Global Net-zero,Vehicle body,BEV,Chromium,11850.0,5617.702925551317,No comparison,
Canada,Vans,BEV,2036,242149.18860269836,1.9577507575642077,Global Net-zero,Vehicle body,BEV,Iron,902171.34,427690.34397186094,No comparison,
Canada,Vans,BEV,2036,242149.18860269836,1.9577507575642077,Global Net-zero,Vehicle body,BEV,Lead,310.0,146.9610048034522,No comparison,
Canada,Vans,BEV,2036,242149.18860269836,1.9577507575642077,Global Net-zero,Vehicle body,BEV,Zinc,100.0,47.406775743049096,No comparison,
Canada,Buses,FCEV,2036,286.176313803189,5.6752374182090595,Global Net-zero,Vehicle body,ICEV,Aluminum,71300.0,115.799650782661,No comparison,
Canada,Buses,FCEV,2036,286.176313803189,5.6752374182090595,Global Net-zero,Vehicle body,ICEV,Iron,902171.34,1465.2331853874518,No comparison,
Canada,Buses,FCEV,2036,286.176313803189,5.6752374182090595,Global Net-zero,Vehicle body,ICEV,Lead,300.0,0.48723555729029877,No comparison,
Canada,Buses,FCEV,2036,286.176313803189,5.6752374182090595,Global Net-zero,Vehicle body,ICEV,Zinc,100.0,0.1624118524300996,No comparison,
Canada,Cars,FCEV,2036,440.2712520049061,1.0,Global Net-zero,Vehicle body,ICEV,Aluminum,71300.0,31.391340267949804,No comparison,
Canada,Cars,FCEV,2036,440.2712520049061,1.0,Global Net-zero,Vehicle body,ICEV,Iron,902171.34,397.20010538474384,No comparison,
Canada,Cars,FCEV,2036,440.2712520049061,1.0,Global Net-zero,Vehicle body,ICEV,Lead,300.0,0.13208137560147185,No comparison,
Canada,Cars,FCEV,2036,440.2712520049061,1.0,Global Net-zero,Vehicle body,ICEV,Zinc,100.0,0.04402712520049061,No comparison,
Canada,Trucks,FCEV,2036,132.08137560147182,3.6892781241792854,Global Net-zero,Vehicle body,ICEV,Aluminum,71300.0,34.74341548176465,No comparison,
Canada,Trucks,FCEV,2036,132.08137560147182,3.6892781241792854,Global Net-zero,Vehicle body,ICEV,Iron,902171.34,439.61449791529265,No comparison,
Canada,Trucks,FCEV,2036,132.08137560147182,3.6892781241792854,Global Net-zero,Vehicle body,ICEV,Lead,300.0,0.14618547888540528,No comparison,
Canada,Trucks,FCEV,2036,132.08137560147182,3.6892781241792854,Global Net-zero,Vehicle body,ICEV,Zinc,100.0,0.04872849296180176,No comparison,
Canada,Cars,PHEV,2036,1364840.881215209,1.0,Global Net-zero,Vehicle body,PHEV,Aluminum,110658.0,151030.56223351258,No comparison,
Canada,Cars,PHEV,2036,1364840.881215209,1.0,Global Net-zero,Vehicle body,PHEV,Chromium,12789.0,17454.950029861306,No comparison,
Canada,Cars,PHEV,2036,1364840.881215209,1.0,Global Net-zero,Vehicle body,PHEV,Iron,902171.34,1231320.3266927057,No comparison,
Canada,Cars,PHEV,2036,1364840.881215209,1.0,Global Net-zero,Vehicle body,PHEV,Lead,320.0,436.74908198886686,No comparison,
Canada,Cars,PHEV,2036,1364840.881215209,1.0,Global Net-zero,Vehicle body,PHEV,Zinc,100.0,136.48408812152087,No comparison,
Canada,Vans,PHEV,2036,140886.80064156995,1.9577507575642077,Global Net-zero,Vehicle body,PHEV,Aluminum,110658.0,30521.82685192335,No comparison,
Canada,Vans,PHEV,2036,140886.80064156995,1.9577507575642077,Global Net-zero,Vehicle body,PHEV,Chromium,12789.0,3527.477847143882,No comparison,
Canada,Vans,PHEV,2036,140886.80064156995,1.9577507575642077,Global Net-zero,Vehicle body,PHEV,Iron,902171.34,248838.01831090086,No comparison,
Canada,Vans,PHEV,2036,140886.80064156995,1.9577507575642077,Global Net-zero,Vehicle body,PHEV,Lead,320.0,88.26279701978594,No comparison,
Canada,Vans,PHEV,2036,140886.80064156995,1.9577507575642077,Global Net-zero,Vehicle body,PHEV,Zinc,100.0,27.582124068683108,No comparison,
Canada,2 and 3 wheelers,BEV,2037,4142.5009434852345,0.09808569078889517,Global Net-zero,Vehicle body,BEV,Aluminum,127302.0,51.725357122819595,No comparison,
Canada,2 and 3 wheelers,BEV,2037,4142.5009434852345,0.09808569078889517,Global Net-zero,Vehicle body,BEV,Chromium,11850.0,4.81489278962948,No comparison,
Canada,2 and 3 wheelers,BEV,2037,4142.5009434852345,0.09808569078889517,Global Net-zero,Vehicle body,BEV,Iron,902171.34,366.57031898534746,No comparison,
Canada,2 and 3 wheelers,BEV,2037,4142.5009434852345,0.09808569078889517,Global Net-zero,Vehicle body,BEV,Lead,310.0,0.12595922065697376,No comparison,
Canada,2 and 3 wheelers,BEV,2037,4142.5009434852345,0.09808569078889517,Global Net-zero,Vehicle body,BEV,Zinc,100.0,0.04063200666353993,No comparison,
Canada,Buses,BEV,2037,5117.207047834701,5.6752374182090595,Global Net-zero,Vehicle body,BEV,Aluminum,127302.0,3697.0238363577237,No comparison,
Canada,Buses,BEV,2037,5117.207047834701,5.6752374182090595,Global Net-zero,Vehicle body,BEV,Chromium,11850.0,344.1401742379462,No comparison,
Canada,Buses,BEV,2037,5117.207047834701,5.6752374182090595,Global Net-zero,Vehicle body,BEV,Iron,902171.34,26200.287100428806,No comparison,
Canada,Buses,BEV,2037,5117.207047834701,5.6752374182090595,Global Net-zero,Vehicle body,BEV,Lead,310.0,9.00282312352433,No comparison,
Canada,Buses,BEV,2037,5117.207047834701,5.6752374182090595,Global Net-zero,Vehicle body,BEV,Zinc,100.0,2.9041364914594614,No comparison,
Canada,Cars,BEV,2037,4629853.995659968,1.0,Global Net-zero,Vehicle body,BEV,Aluminum,127302.0,589389.6733555052,No comparison,
Canada,Cars,BEV,2037,4629853.995659968,1.0,Global Net-zero,Vehicle body,BEV,Chromium,11850.0,54863.76984857062,No comparison,
Canada,Cars,BEV,2037,4629853.995659968,1.0,Global Net-zero,Vehicle body,BEV,Iron,902171.34,4176921.5832689074,No comparison,
Canada,Cars,BEV,2037,4629853.995659968,1.0,Global Net-zero,Vehicle body,BEV,Lead,310.0,1435.25473865459,No comparison,
Canada,Cars,BEV,2037,4629853.995659968,1.0,Global Net-zero,Vehicle body,BEV,Zinc,100.0,462.9853995659968,No comparison,
Canada,Trucks,BEV,2037,48735.305217473346,3.6892781241792854,Global Net-zero,Vehicle body,BEV,Aluminum,127302.0,22888.657142396212,No comparison,
Canada,Trucks,BEV,2037,48735.305217473346,3.6892781241792854,Global Net-zero,Vehicle body,BEV,Chromium,11850.0,2130.6074306561964,No comparison,
Canada,Trucks,BEV,2037,48735.305217473346,3.6892781241792854,Global Net-zero,Vehicle body,BEV,Iron,902171.34,162208.6886691188,No comparison,
Canada,Trucks,BEV,2037,48735.305217473346,3.6892781241792854,Global Net-zero,Vehicle body,BEV,Lead,310.0,55.73740957834775,No comparison,
Canada,Trucks,BEV,2037,48735.305217473346,3.6892781241792854,Global Net-zero,Vehicle body,BEV,Zinc,100.0,17.9798095414025,No comparison,
Canada,Vans,BEV,2037,268044.1786961034,1.9577507575642077,Global Net-zero,Vehicle body,BEV,Aluminum,127302.0,66803.46776123617,No comparison,
Canada,Vans,BEV,2037,268044.1786961034,1.9577507575642077,Global Net-zero,Vehicle body,BEV,Chromium,11850.0,6218.449772750221,No comparison,
Canada,Vans,BEV,2037,268044.1786961034,1.9577507575642077,Global Net-zero,Vehicle body,BEV,Iron,902171.34,473426.76491179434,No comparison,
Canada,Vans,BEV,2037,268044.1786961034,1.9577507575642077,Global Net-zero,Vehicle body,BEV,Lead,310.0,162.6767451099214,No comparison,
Canada,Vans,BEV,2037,268044.1786961034,1.9577507575642077,Global Net-zero,Vehicle body,BEV,Zinc,100.0,52.47636939029723,No comparison,
Canada,Buses,FCEV,2037,316.77948391357677,5.6752374182090595,Global Net-zero,Vehicle body,ICEV,Aluminum,71300.0,128.18305304446548,No comparison,
Canada,Buses,FCEV,2037,316.77948391357677,5.6752374182090595,Global Net-zero,Vehicle body,ICEV,Iron,902171.34,1621.92253478845,No comparison,
Canada,Buses,FCEV,2037,316.77948391357677,5.6752374182090595,Global Net-zero,Vehicle body,ICEV,Lead,300.0,0.5393396341281856,No comparison,
Canada,Buses,FCEV,2037,316.77948391357677,5.6752374182090595,Global Net-zero,Vehicle body,ICEV,Zinc,100.0,0.17977987804272857,No comparison,
Canada,Cars,FCEV,2037,487.3530521747335,1.0,Global Net-zero,Vehicle body,ICEV,Aluminum,71300.0,34.7482726200585,No comparison,
Canada,Cars,FCEV,2037,487.3530521747335,1.0,Global Net-zero,Vehicle body,ICEV,Iron,902171.34,439.6759561335692,No comparison,
Canada,Cars,FCEV,2037,487.3530521747335,1.0,Global Net-zero,Vehicle body,ICEV,Lead,300.0,0.14620591565242005,No comparison,
Canada,Cars,FCEV,2037,487.3530521747335,1.0,Global Net-zero,Vehicle body,ICEV,Zinc,100.0,0.048735305217473344,No comparison,
Canada,Trucks,FCEV,2037,146.20591565242003,3.6892781241792854,Global Net-zero,Vehicle body,ICEV,Aluminum,71300.0,38.45881260905995,No comparison,
Canada,Trucks,FCEV,2037,146.20591565242003,3.6892781241792854,Global Net-zero,Vehicle body,ICEV,Iron,902171.34,486.6260660073563,No comparison,
Canada,Trucks,FCEV,2037,146.20591565242003,3.6892781241792854,Global Net-zero,Vehicle body,ICEV,Lead,300.0,0.16181828587262248,No comparison,
Canada,Trucks,FCEV,2037,146.20591565242003,3.6892781241792854,Global Net-zero,Vehicle body,ICEV,Zinc,100.0,0.053939428624207496,No comparison,
Canada,Cars,PHEV,2037,1510794.4617416738,1.0,Global Net-zero,Vehicle body,PHEV,Aluminum,110658.0,167181.49354741012,No comparison,
Canada,Cars,PHEV,2037,1510794.4617416738,1.0,Global Net-zero,Vehicle body,PHEV,Chromium,12789.0,19321.550371214264,No comparison,
Canada,Cars,PHEV,2037,1510794.4617416738,1.0,Global Net-zero,Vehicle body,PHEV,Iron,902171.34,1362995.4640140645,No comparison,
Canada,Cars,PHEV,2037,1510794.4617416738,1.0,Global Net-zero,Vehicle body,PHEV,Lead,320.0,483.4542277573356,No comparison,
Canada,Cars,PHEV,2037,1510794.4617416738,1.0,Global Net-zero,Vehicle body,PHEV,Zinc,100.0,151.07944617416737,No comparison,
Canada,Vans,PHEV,2037,155952.9766959147,1.9577507575642077,Global Net-zero,Vehicle body,PHEV,Aluminum,110658.0,33785.77503413243,No comparison,
Canada,Vans,PHEV,2037,155952.9766959147,1.9577507575642077,Global Net-zero,Vehicle body,PHEV,Chromium,12789.0,3904.69985822552,No comparison,
Canada,Vans,PHEV,2037,155952.9766959147,1.9577507575642077,Global Net-zero,Vehicle body,PHEV,Iron,902171.34,275448.2995850439,No comparison,
Canada,Vans,PHEV,2037,155952.9766959147,1.9577507575642077,Global Net-zero,Vehicle body,PHEV,Lead,320.0,97.70145864666247,No comparison,
Canada,Vans,PHEV,2037,155952.9766959147,1.9577507575642077,Global Net-zero,Vehicle body,PHEV,Zinc,100.0,30.531705827082025,No comparison,
Canada,2 and 3 wheelers,BEV,2038,4525.5131969997165,0.09808569078889517,Global Net-zero,Vehicle body,BEV,Aluminum,127302.0,56.50784139155809,No comparison,
Canada,2 and 3 wheelers,BEV,2038,4525.5131969997165,0.09808569078889517,Global Net-zero,Vehicle body,BEV,Chromium,11850.0,5.260073844008447,No comparison,
Canada,2 and 3 wheelers,BEV,2038,4525.5131969997165,0.09808569078889517,Global Net-zero,Vehicle body,BEV,Iron,902171.34,400.46311125300014,No comparison,
Canada,2 and 3 wheelers,BEV,2038,4525.5131969997165,0.09808569078889517,Global Net-zero,Vehicle body,BEV,Lead,310.0,0.13760530731161338,No comparison,
Canada,2 and 3 wheelers,BEV,2038,4525.5131969997165,0.09808569078889517,Global Net-zero,Vehicle body,BEV,Zinc,100.0,0.04438880881019786,No comparison,
Canada,Buses,BEV,2038,5590.339831587885,5.6752374182090595,Global Net-zero,Vehicle body,BEV,Aluminum,127302.0,4038.847640426381,No comparison,
Canada,Buses,BEV,2038,5590.339831587885,5.6752374182090595,Global Net-zero,Vehicle body,BEV,Chromium,11850.0,375.95909364387535,No comparison,
Canada,Buses,BEV,2038,5590.339831587885,5.6752374182090595,Global Net-zero,Vehicle body,BEV,Iron,902171.34,28622.744244546873,No comparison,
Canada,Buses,BEV,2038,5590.339831587885,5.6752374182090595,Global Net-zero,Vehicle body,BEV,Lead,310.0,9.83521679574695,No comparison,
Canada,Buses,BEV,2038,5590.339831587885,5.6752374182090595,Global Net-zero,Vehicle body,BEV,Zinc,100.0,3.1726505792732094,No comparison,
Canada,Cars,BEV,2038,5057926.514293801,1.0,Global Net-zero,Vehicle body,BEV,Aluminum,127302.0,643884.1611226295,No comparison,
Canada,Cars,BEV,2038,5057926.514293801,1.0,Global Net-zero,Vehicle body,BEV,Chromium,11850.0,59936.42919438155,No comparison,
Canada,Cars,BEV,2038,5057926.514293801,1.0,Global Net-zero,Vehicle body,BEV,Iron,902171.34,4563116.341021968,No comparison,
Canada,Cars,BEV,2038,5057926.514293801,1.0,Global Net-zero,Vehicle body,BEV,Lead,310.0,1567.9572194310783,No comparison,
Canada,Cars,BEV,2038,5057926.514293801,1.0,Global Net-zero,Vehicle body,BEV,Zinc,100.0,505.7926514293801,No comparison,
Canada,Trucks,BEV,2038,53241.331729408426,3.6892781241792854,Global Net-zero,Vehicle body,BEV,Aluminum,127302.0,25004.923685634178,No comparison,
Canada,Trucks,BEV,2038,53241.331729408426,3.6892781241792854,Global Net-zero,Vehicle body,BEV,Chromium,11850.0,2327.6016533500256,No comparison,
Canada,Trucks,BEV,2038,53241.331729408426,3.6892781241792854,Global Net-zero,Vehicle body,BEV,Iron,902171.34,177206.3715264986,No comparison,
Canada,Trucks,BEV,2038,53241.331729408426,3.6892781241792854,Global Net-zero,Vehicle body,BEV,Lead,310.0,60.890844939958484,No comparison,
Canada,Trucks,BEV,2038,53241.331729408426,3.6892781241792854,Global Net-zero,Vehicle body,BEV,Zinc,100.0,19.6422080451479,No comparison,
Canada,Vans,BEV,2038,292827.32451174635,1.9577507575642077,Global Net-zero,Vehicle body,BEV,Aluminum,127302.0,72980.06182334549,No comparison,
Canada,Vans,BEV,2038,292827.32451174635,1.9577507575642077,Global Net-zero,Vehicle body,BEV,Chromium,11850.0,6793.402559320702,No comparison,
Canada,Vans,BEV,2038,292827.32451174635,1.9577507575642077,Global Net-zero,Vehicle body,BEV,Iron,902171.34,517199.41688622674,No comparison,
Canada,Vans,BEV,2038,292827.32451174635,1.9577507575642077,Global Net-zero,Vehicle body,BEV,Lead,310.0,177.71770408349514,No comparison,
Canada,Vans,BEV,2038,292827.32451174635,1.9577507575642077,Global Net-zero,Vehicle body,BEV,Zinc,100.0,57.32829163983715,No comparison,
Canada,Buses,FCEV,2038,346.06865624115477,5.6752374182090595,Global Net-zero,Vehicle body,ICEV,Aluminum,71300.0,140.03475342515895,No comparison,
Canada,Buses,FCEV,2038,346.06865624115477,5.6752374182090595,Global Net-zero,Vehicle body,ICEV,Iron,902171.34,1771.8841675195683,No comparison,
Canada,Buses,FCEV,2038,346.06865624115477,5.6752374182090595,Global Net-zero,Vehicle body,ICEV,Lead,300.0,0.5892065361507389,No comparison,
Canada,Buses,FCEV,2038,346.06865624115477,5.6752374182090595,Global Net-zero,Vehicle body,ICEV,Zinc,100.0,0.19640217871691298,No comparison,
Canada,Cars,FCEV,2038,532.4133172940843,1.0,Global Net-zero,Vehicle body,ICEV,Aluminum,71300.0,37.96106952306821,No comparison,
Canada,Cars,FCEV,2038,532.4133172940843,1.0,Global Net-zero,Vehicle body,ICEV,Iron,902171.34,480.3280358970492,No comparison,
Canada,Cars,FCEV,2038,532.4133172940843,1.0,Global Net-zero,Vehicle body,ICEV,Lead,300.0,0.1597239951882253,No comparison,
Canada,Cars,FCEV,2038,532.4133172940843,1.0,Global Net-zero,Vehicle body,ICEV,Zinc,100.0,0.05324133172940843,No comparison,
Canada,Trucks,FCEV,2038,159.72399518822527,3.6892781241792854,Global Net-zero,Vehicle body,ICEV,Aluminum,71300.0,42.01468300857135,No comparison,
Canada,Trucks,FCEV,2038,159.72399518822527,3.6892781241792854,Global Net-zero,Vehicle body,ICEV,Iron,902171.34,531.6191145794958,No comparison,
Canada,Trucks,FCEV,2038,159.72399518822527,3.6892781241792854,Global Net-zero,Vehicle body,ICEV,Lead,300.0,0.17677987240633108,No comparison,
Canada,Trucks,FCEV,2038,159.72399518822527,3.6892781241792854,Global Net-zero,Vehicle body,ICEV,Zinc,100.0,0.058926624135443695,No comparison,
Canada,Cars,PHEV,2038,1650481.2836116613,1.0,Global Net-zero,Vehicle body,PHEV,Aluminum,110658.0,182638.9578818992,No comparison,
Canada,Cars,PHEV,2038,1650481.2836116613,1.0,Global Net-zero,Vehicle body,PHEV,Chromium,12789.0,21108.005136109536,No comparison,
Canada,Cars,PHEV,2038,1650481.2836116613,1.0,Global Net-zero,Vehicle body,PHEV,Iron,902171.34,1489016.9112808525,No comparison,
Canada,Cars,PHEV,2038,1650481.2836116613,1.0,Global Net-zero,Vehicle body,PHEV,Lead,320.0,528.1540107557316,No comparison,
Canada,Cars,PHEV,2038,1650481.2836116613,1.0,Global Net-zero,Vehicle body,PHEV,Zinc,100.0,165.0481283611661,No comparison,
Canada,Vans,PHEV,2038,170372.26153410698,1.9577507575642077,Global Net-zero,Vehicle body,PHEV,Aluminum,110658.0,36909.580196544586,No comparison,
Canada,Vans,PHEV,2038,170372.26153410698,1.9577507575642077,Global Net-zero,Vehicle body,PHEV,Chromium,12789.0,4265.725217640014,No comparison,
Canada,Vans,PHEV,2038,170372.26153410698,1.9577507575642077,Global Net-zero,Vehicle body,PHEV,Iron,902171.34,300916.02437016834,No comparison,
Canada,Vans,PHEV,2038,170372.26153410698,1.9577507575642077,Global Net-zero,Vehicle body,PHEV,Lead,320.0,106.73485570762409,No comparison,
Canada,Vans,PHEV,2038,170372.26153410698,1.9577507575642077,Global Net-zero,Vehicle body,PHEV,Zinc,100.0,33.35464240863253,No comparison,
Canada,2 and 3 wheelers,BEV,2039,4891.040664213605,0.09808569078889517,Global Net-zero,Vehicle body,BEV,Aluminum,127302.0,61.072001795570195,No comparison,
Canada,2 and 3 wheelers,BEV,2039,4891.040664213605,0.09808569078889517,Global Net-zero,Vehicle body,BEV,Chromium,11850.0,5.6849320613777214,No comparison,
Canada,2 and 3 wheelers,BEV,2039,4891.040664213605,0.09808569078889517,Global Net-zero,Vehicle body,BEV,Iron,902171.34,432.80867304827865,No comparison,
Canada,2 and 3 wheelers,BEV,2039,4891.040664213605,0.09808569078889517,Global Net-zero,Vehicle body,BEV,Lead,310.0,0.14871974169005012,No comparison,
Canada,2 and 3 wheelers,BEV,2039,4891.040664213605,0.09808569078889517,Global Net-zero,Vehicle body,BEV,Zinc,100.0,0.047974110222596816,No comparison,
Canada,Buses,BEV,2039,6041.873761675629,5.6752374182090595,Global Net-zero,Vehicle body,BEV,Aluminum,127302.0,4365.06694069195,No comparison,
Canada,Buses,BEV,2039,6041.873761675629,5.6752374182090595,Global Net-zero,Vehicle body,BEV,Chromium,11850.0,406.3254563730311,No comparison,
Canada,Buses,BEV,2039,6041.873761675629,5.6752374182090595,Global Net-zero,Vehicle body,BEV,Iron,902171.34,30934.614468537467,No comparison,
Canada,Buses,BEV,2039,6041.873761675629,5.6752374182090595,Global Net-zero,Vehicle body,BEV,Lead,310.0,10.629611094990688,No comparison,
Canada,Buses,BEV,2039,6041.873761675629,5.6752374182090595,Global Net-zero,Vehicle body,BEV,Zinc,100.0,3.4289068048357056,No comparison,
Canada,Cars,BEV,2039,5466457.212944617,1.0,Global Net-zero,Vehicle body,BEV,Aluminum,127302.0,695890.9361222757,No comparison,
Canada,Cars,BEV,2039,5466457.212944617,1.0,Global Net-zero,Vehicle body,BEV,Chromium,11850.0,64777.517973393704,No comparison,
Canada,Cars,BEV,2039,5466457.212944617,1.0,Global Net-zero,Vehicle body,BEV,Iron,902171.34,4931681.02885491,No comparison,
Canada,Cars,BEV,2039,5466457.212944617,1.0,Global Net-zero,Vehicle body,BEV,Lead,310.0,1694.6017360128312,No comparison,
Canada,Cars,BEV,2039,5466457.212944617,1.0,Global Net-zero,Vehicle body,BEV,Zinc,100.0,546.6457212944616,No comparison,
Canada,Trucks,BEV,2039,57541.65487310123,3.6892781241792854,Global Net-zero,Vehicle body,BEV,Aluminum,127302.0,27024.581131058483,No comparison,
Canada,Trucks,BEV,2039,57541.65487310123,3.6892781241792854,Global Net-zero,Vehicle body,BEV,Chromium,11850.0,2515.60294734602,No comparison,
Canada,Trucks,BEV,2039,57541.65487310123,3.6892781241792854,Global Net-zero,Vehicle body,BEV,Iron,902171.34,191519.39931773065,No comparison,
Canada,Trucks,BEV,2039,57541.65487310123,3.6892781241792854,Global Net-zero,Vehicle body,BEV,Lead,310.0,65.80902225124609,No comparison,
Canada,Trucks,BEV,2039,57541.65487310123,3.6892781241792854,Global Net-zero,Vehicle body,BEV,Zinc,100.0,21.228716855240673,No comparison,
Canada,Vans,BEV,2039,316479.1018020568,1.9577507575642077,Global Net-zero,Vehicle body,BEV,Aluminum,127302.0,78874.689900684,No comparison,
Canada,Vans,BEV,2039,316479.1018020568,1.9577507575642077,Global Net-zero,Vehicle body,BEV,Chromium,11850.0,7342.108335478667,No comparison,
Canada,Vans,BEV,2039,316479.1018020568,1.9577507575642077,Global Net-zero,Vehicle body,BEV,Iron,902171.34,558973.8156492792,No comparison,
Canada,Vans,BEV,2039,316479.1018020568,1.9577507575642077,Global Net-zero,Vehicle body,BEV,Lead,310.0,192.07203240492717,No comparison,
Canada,Vans,BEV,2039,316479.1018020568,1.9577507575642077,Global Net-zero,Vehicle body,BEV,Zinc,100.0,61.958720130621664,No comparison,
Canada,Buses,FCEV,2039,374.020756675158,5.6752374182090595,Global Net-zero,Vehicle body,ICEV,Aluminum,71300.0,151.34541511439122,No comparison,
Canada,Buses,FCEV,2039,374.020756675158,5.6752374182090595,Global Net-zero,Vehicle body,ICEV,Iron,902171.34,1914.9999432904146,No comparison,
Canada,Buses,FCEV,2039,374.020756675158,5.6752374182090595,Global Net-zero,Vehicle body,ICEV,Lead,300.0,0.6367969780409167,No comparison,
Canada,Buses,FCEV,2039,374.020756675158,5.6752374182090595,Global Net-zero,Vehicle body,ICEV,Zinc,100.0,0.21226565934697225,No comparison,
Canada,Cars,FCEV,2039,575.4165487310123,1.0,Global Net-zero,Vehicle body,ICEV,Aluminum,71300.0,41.02719992452118,No comparison,
Canada,Cars,FCEV,2039,575.4165487310123,1.0,Global Net-zero,Vehicle body,ICEV,Iron,902171.34,519.1243188268327,No comparison,
Canada,Cars,FCEV,2039,575.4165487310123,1.0,Global Net-zero,Vehicle body,ICEV,Lead,300.0,0.1726249646193037,No comparison,
Canada,Cars,FCEV,2039,575.4165487310123,1.0,Global Net-zero,Vehicle body,ICEV,Zinc,100.0,0.05754165487310123,No comparison,
Canada,Trucks,FCEV,2039,172.62496461930368,3.6892781241792854,Global Net-zero,Vehicle body,ICEV,Aluminum,71300.0,45.408225353359796,No comparison,
Canada,Trucks,FCEV,2039,172.62496461930368,3.6892781241792854,Global Net-zero,Vehicle body,ICEV,Iron,902171.34,574.5581979531919,No comparison,
Canada,Trucks,FCEV,2039,172.62496461930368,3.6892781241792854,Global Net-zero,Vehicle body,ICEV,Lead,300.0,0.19105845169716604,No comparison,
Canada,Trucks,FCEV,2039,172.62496461930368,3.6892781241792854,Global Net-zero,Vehicle body,ICEV,Zinc,100.0,0.06368615056572202,No comparison,
Canada,Cars,PHEV,2039,1783791.301066138,1.0,Global Net-zero,Vehicle body,PHEV,Aluminum,110658.0,197390.7777933767,No comparison,
Canada,Cars,PHEV,2039,1783791.301066138,1.0,Global Net-zero,Vehicle body,PHEV,Chromium,12789.0,22812.90694933484,No comparison,
Canada,Cars,PHEV,2039,1783791.301066138,1.0,Global Net-zero,Vehicle body,PHEV,Iron,902171.34,1609285.3883631811,No comparison,
Canada,Cars,PHEV,2039,1783791.301066138,1.0,Global Net-zero,Vehicle body,PHEV,Lead,320.0,570.8132163411642,No comparison,
Canada,Cars,PHEV,2039,1783791.301066138,1.0,Global Net-zero,Vehicle body,PHEV,Zinc,100.0,178.37913010661381,No comparison,
Canada,Vans,PHEV,2039,184133.29559392395,1.9577507575642077,Global Net-zero,Vehicle body,PHEV,Aluminum,110658.0,39890.78139470157,No comparison,
Canada,Vans,PHEV,2039,184133.29559392395,1.9577507575642077,Global Net-zero,Vehicle body,PHEV,Chromium,12789.0,4610.269508366665,No comparison,
Canada,Vans,PHEV,2039,184133.29559392395,1.9577507575642077,Global Net-zero,Vehicle body,PHEV,Iron,902171.34,325221.12910503516,No comparison,
Canada,Vans,PHEV,2039,184133.29559392395,1.9577507575642077,Global Net-zero,Vehicle body,PHEV,Lead,320.0,115.35587166137562,No comparison,
Canada,Vans,PHEV,2039,184133.29559392395,1.9577507575642077,Global Net-zero,Vehicle body,PHEV,Zinc,100.0,36.04870989417988,No comparison,
Canada,2 and 3 wheelers,BEV,2040,5240.222131804888,0.09808569078889517,Global Net-zero,Vehicle body,BEV,Aluminum,127302.0,65.43205779995907,No comparison,
Canada,2 and 3 wheelers,BEV,2040,5240.222131804888,0.09808569078889517,Global Net-zero,Vehicle body,BEV,Chromium,11850.0,6.090791071071271,No comparison,
Canada,2 and 3 wheelers,BEV,2040,5240.222131804888,0.09808569078889517,Global Net-zero,Vehicle body,BEV,Iron,902171.34,463.7077757171648,No comparison,
Canada,2 and 3 wheelers,BEV,2040,5240.222131804888,0.09808569078889517,Global Net-zero,Vehicle body,BEV,Lead,310.0,0.1593371503824552,No comparison,
Canada,2 and 3 wheelers,BEV,2040,5240.222131804888,0.09808569078889517,Global Net-zero,Vehicle body,BEV,Zinc,100.0,0.05139908076853393,No comparison,
Canada,Buses,BEV,2040,6473.215574582508,5.6752374182090595,Global Net-zero,Vehicle body,BEV,Aluminum,127302.0,4676.698060759539,No comparison,
Canada,Buses,BEV,2040,6473.215574582508,5.6752374182090595,Global Net-zero,Vehicle body,BEV,Chromium,11850.0,435.33386765330107,No comparison,
Canada,Buses,BEV,2040,6473.215574582508,5.6752374182090595,Global Net-zero,Vehicle body,BEV,Iron,902171.34,33143.10031461276,No comparison,
Canada,Buses,BEV,2040,6473.215574582508,5.6752374182090595,Global Net-zero,Vehicle body,BEV,Lead,310.0,11.388480925951336,No comparison,
Canada,Buses,BEV,2040,6473.215574582508,5.6752374182090595,Global Net-zero,Vehicle body,BEV,Zinc,100.0,3.6737035245004304,No comparison,
Canada,Cars,BEV,2040,5856718.8531936975,1.0,Global Net-zero,Vehicle body,BEV,Aluminum,127302.0,745572.023449264,No comparison,
Canada,Cars,BEV,2040,5856718.8531936975,1.0,Global Net-zero,Vehicle body,BEV,Chromium,11850.0,69402.11841034533,No comparison,
Canada,Cars,BEV,2040,5856718.8531936975,1.0,Global Net-zero,Vehicle body,BEV,Iron,902171.34,5283763.895789022,No comparison,
Canada,Cars,BEV,2040,5856718.8531936975,1.0,Global Net-zero,Vehicle body,BEV,Lead,310.0,1815.5828444900462,No comparison,
Canada,Cars,BEV,2040,5856718.8531936975,1.0,Global Net-zero,Vehicle body,BEV,Zinc,100.0,585.6718853193698,No comparison,
Canada,Trucks,BEV,2040,61649.67213888103,3.6892781241792854,Global Net-zero,Vehicle body,BEV,Aluminum,127302.0,28953.921643278478,No comparison,
Canada,Trucks,BEV,2040,61649.67213888103,3.6892781241792854,Global Net-zero,Vehicle body,BEV,Chromium,11850.0,2695.1970233998677,No comparison,
Canada,Trucks,BEV,2040,61649.67213888103,3.6892781241792854,Global Net-zero,Vehicle body,BEV,Iron,902171.34,205192.36372697636,No comparison,
Canada,Trucks,BEV,2040,61649.67213888103,3.6892781241792854,Global Net-zero,Vehicle body,BEV,Lead,310.0,70.50726390328768,No comparison,
Canada,Trucks,BEV,2040,61649.67213888103,3.6892781241792854,Global Net-zero,Vehicle body,BEV,Zinc,100.0,22.744278678479894,No comparison,
Canada,Vans,BEV,2040,339073.1967638457,1.9577507575642077,Global Net-zero,Vehicle body,BEV,Aluminum,127302.0,84505.71647890125,No comparison,
Canada,Vans,BEV,2040,339073.1967638457,1.9577507575642077,Global Net-zero,Vehicle body,BEV,Chromium,11850.0,7866.2765728345175,No comparison,
Canada,Vans,BEV,2040,339073.1967638457,1.9577507575642077,Global Net-zero,Vehicle body,BEV,Iron,902171.34,598880.1077236055,No comparison,
Canada,Vans,BEV,2040,339073.1967638457,1.9577507575642077,Global Net-zero,Vehicle body,BEV,Lead,310.0,205.78445042858232,No comparison,
Canada,Vans,BEV,2040,339073.1967638457,1.9577507575642077,Global Net-zero,Vehicle body,BEV,Zinc,100.0,66.38208078341366,No comparison,
Canada,Buses,FCEV,2040,400.7228689027267,5.6752374182090595,Global Net-zero,Vehicle body,ICEV,Aluminum,71300.0,162.15027604092612,No comparison,
Canada,Buses,FCEV,2040,400.7228689027267,5.6752374182090595,Global Net-zero,Vehicle body,ICEV,Iron,902171.34,2051.7157337617423,No comparison,
Canada,Buses,FCEV,2040,400.7228689027267,5.6752374182090595,Global Net-zero,Vehicle body,ICEV,Lead,300.0,0.6822592259786513,No comparison,
Canada,Buses,FCEV,2040,400.7228689027267,5.6752374182090595,Global Net-zero,Vehicle body,ICEV,Zinc,100.0,0.22741974199288378,No comparison,
Canada,Cars,FCEV,2040,616.4967213888103,1.0,Global Net-zero,Vehicle body,ICEV,Aluminum,71300.0,43.95621623502218,No comparison,
Canada,Cars,FCEV,2040,616.4967213888103,1.0,Global Net-zero,Vehicle body,ICEV,Iron,902171.34,556.1856732409497,No comparison,
Canada,Cars,FCEV,2040,616.4967213888103,1.0,Global Net-zero,Vehicle body,ICEV,Lead,300.0,0.1849490164166431,No comparison,
Canada,Cars,FCEV,2040,616.4967213888103,1.0,Global Net-zero,Vehicle body,ICEV,Zinc,100.0,0.061649672138881034,No comparison,
Canada,Trucks,FCEV,2040,184.94901641664308,3.6892781241792854,Global Net-zero,Vehicle body,ICEV,Aluminum,71300.0,48.6500120932685,No comparison,
Canada,Trucks,FCEV,2040,184.94901641664308,3.6892781241792854,Global Net-zero,Vehicle body,ICEV,Iron,902171.34,615.5770911809291,No comparison,
Canada,Trucks,FCEV,2040,184.94901641664308,3.6892781241792854,Global Net-zero,Vehicle body,ICEV,Lead,300.0,0.20469850810631907,No comparison,
Canada,Trucks,FCEV,2040,184.94901641664308,3.6892781241792854,Global Net-zero,Vehicle body,ICEV,Zinc,100.0,0.06823283603543968,No comparison,
Canada,Cars,PHEV,2040,1911139.8363053119,1.0,Global Net-zero,Vehicle body,PHEV,Aluminum,110658.0,211482.9120058732,No comparison,
Canada,Cars,PHEV,2040,1911139.8363053119,1.0,Global Net-zero,Vehicle body,PHEV,Chromium,12789.0,24441.567366508632,No comparison,
Canada,Cars,PHEV,2040,1911139.8363053119,1.0,Global Net-zero,Vehicle body,PHEV,Iron,902171.34,1724175.5870469438,No comparison,
Canada,Cars,PHEV,2040,1911139.8363053119,1.0,Global Net-zero,Vehicle body,PHEV,Lead,320.0,611.5647476176998,No comparison,
Canada,Cars,PHEV,2040,1911139.8363053119,1.0,Global Net-zero,Vehicle body,PHEV,Zinc,100.0,191.11398363053118,No comparison,
Canada,Vans,PHEV,2040,197278.9508444193,1.9577507575642077,Global Net-zero,Vehicle body,PHEV,Aluminum,110658.0,42738.66644556212,No comparison,
Canada,Vans,PHEV,2040,197278.9508444193,1.9577507575642077,Global Net-zero,Vehicle body,PHEV,Chromium,12789.0,4939.406144809176,No comparison,
Canada,Vans,PHEV,2040,197278.9508444193,1.9577507575642077,Global Net-zero,Vehicle body,PHEV,Iron,902171.34,348439.33540282503,No comparison,
Canada,Vans,PHEV,2040,197278.9508444193,1.9577507575642077,Global Net-zero,Vehicle body,PHEV,Lead,320.0,123.5913649494829,No comparison,
Canada,Vans,PHEV,2040,197278.9508444193,1.9577507575642077,Global Net-zero,Vehicle body,PHEV,Zinc,100.0,38.6223015467134,No comparison,
Canada,2 and 3 wheelers,BEV,2041,5571.3484173035185,0.09808569078889517,Global Net-zero,Vehicle body,BEV,Aluminum,127302.0,69.56666768993517,No comparison,
Canada,2 and 3 wheelers,BEV,2041,5571.3484173035185,0.09808569078889517,Global Net-zero,Vehicle body,BEV,Chromium,11850.0,6.475664263921477,No comparison,
Canada,2 and 3 wheelers,BEV,2041,5571.3484173035185,0.09808569078889517,Global Net-zero,Vehicle body,BEV,Iron,902171.34,493.00917353351497,No comparison,
Canada,2 and 3 wheelers,BEV,2041,5571.3484173035185,0.09808569078889517,Global Net-zero,Vehicle body,BEV,Lead,310.0,0.16940556302241838,No comparison,
Canada,2 and 3 wheelers,BEV,2041,5571.3484173035185,0.09808569078889517,Global Net-zero,Vehicle body,BEV,Zinc,100.0,0.054646955813683354,No comparison,
Canada,Buses,BEV,2041,6882.253927257288,5.6752374182090595,Global Net-zero,Vehicle body,BEV,Aluminum,127302.0,4972.2156205704205,No comparison,
Canada,Buses,BEV,2041,6882.253927257288,5.6752374182090595,Global Net-zero,Vehicle body,BEV,Chromium,11850.0,462.8423363636037,No comparison,
Canada,Buses,BEV,2041,6882.253927257288,5.6752374182090595,Global Net-zero,Vehicle body,BEV,Iron,902171.34,35237.391629188445,No comparison,
Canada,Buses,BEV,2041,6882.253927257288,5.6752374182090595,Global Net-zero,Vehicle body,BEV,Lead,310.0,12.108111752971912,No comparison,
Canada,Buses,BEV,2041,6882.253927257288,5.6752374182090595,Global Net-zero,Vehicle body,BEV,Zinc,100.0,3.905842500958681,No comparison,
Canada,Cars,BEV,2041,6226801.172280403,1.0,Global Net-zero,Vehicle body,BEV,Aluminum,127302.0,792684.2428336398,No comparison,
Canada,Cars,BEV,2041,6226801.172280403,1.0,Global Net-zero,Vehicle body,BEV,Chromium,11850.0,73787.59389152277,No comparison,
Canada,Cars,BEV,2041,6226801.172280403,1.0,Global Net-zero,Vehicle body,BEV,Iron,902171.34,5617641.557509781,No comparison,
Canada,Cars,BEV,2041,6226801.172280403,1.0,Global Net-zero,Vehicle body,BEV,Lead,310.0,1930.3083634069249,No comparison,
Canada,Cars,BEV,2041,6226801.172280403,1.0,Global Net-zero,Vehicle body,BEV,Zinc,100.0,622.6801172280403,No comparison,
Canada,Trucks,BEV,2041,65545.27549768845,3.6892781241792854,Global Net-zero,Vehicle body,BEV,Aluminum,127302.0,30783.501436502815,No comparison,
Canada,Trucks,BEV,2041,65545.27549768845,3.6892781241792854,Global Net-zero,Vehicle body,BEV,Chromium,11850.0,2865.504799787579,No comparison,
Canada,Trucks,BEV,2041,65545.27549768845,3.6892781241792854,Global Net-zero,Vehicle body,BEV,Iron,902171.34,218158.33797475038,No comparison,
Canada,Trucks,BEV,2041,65545.27549768845,3.6892781241792854,Global Net-zero,Vehicle body,BEV,Lead,310.0,74.96257282144721,No comparison,
Canada,Trucks,BEV,2041,65545.27549768845,3.6892781241792854,Global Net-zero,Vehicle body,BEV,Zinc,100.0,24.18147510369265,No comparison,
Canada,Vans,BEV,2041,360499.01523728645,1.9577507575642077,Global Net-zero,Vehicle body,BEV,Aluminum,127302.0,89845.57866360238,No comparison,
Canada,Vans,BEV,2041,360499.01523728645,1.9577507575642077,Global Net-zero,Vehicle body,BEV,Chromium,11850.0,8363.34155915609,No comparison,
Canada,Vans,BEV,2041,360499.01523728645,1.9577507575642077,Global Net-zero,Vehicle body,BEV,Iron,902171.34,636722.9587596235,No comparison,
Canada,Vans,BEV,2041,360499.01523728645,1.9577507575642077,Global Net-zero,Vehicle body,BEV,Lead,310.0,218.787838256404,No comparison,
Canada,Vans,BEV,2041,360499.01523728645,1.9577507575642077,Global Net-zero,Vehicle body,BEV,Zinc,100.0,70.57672201819484,No comparison,
Canada,Buses,FCEV,2041,426.04429073497494,5.6752374182090595,Global Net-zero,Vehicle body,ICEV,Aluminum,71300.0,172.39644829231435,No comparison,
Canada,Buses,FCEV,2041,426.04429073497494,5.6752374182090595,Global Net-zero,Vehicle body,ICEV,Iron,902171.34,2181.362338949761,No comparison,
Canada,Buses,FCEV,2041,426.04429073497494,5.6752374182090595,Global Net-zero,Vehicle body,ICEV,Lead,300.0,0.7253707501780408,No comparison,
Canada,Buses,FCEV,2041,426.04429073497494,5.6752374182090595,Global Net-zero,Vehicle body,ICEV,Zinc,100.0,0.2417902500593469,No comparison,
Canada,Cars,FCEV,2041,655.4527549768845,1.0,Global Net-zero,Vehicle body,ICEV,Aluminum,71300.0,46.73378142985187,No comparison,
Canada,Cars,FCEV,2041,655.4527549768845,1.0,Global Net-zero,Vehicle body,ICEV,Iron,902171.34,591.3306902641875,No comparison,
Canada,Cars,FCEV,2041,655.4527549768845,1.0,Global Net-zero,Vehicle body,ICEV,Lead,300.0,0.19663582649306538,No comparison,
Canada,Cars,FCEV,2041,655.4527549768845,1.0,Global Net-zero,Vehicle body,ICEV,Zinc,100.0,0.06554527549768845,No comparison,
Canada,Trucks,FCEV,2041,196.63582649306534,3.6892781241792854,Global Net-zero,Vehicle body,ICEV,Aluminum,71300.0,51.72417524679858,No comparison,
Canada,Trucks,FCEV,2041,196.63582649306534,3.6892781241792854,Global Net-zero,Vehicle body,ICEV,Iron,902171.34,654.4750139242511,No comparison,
Canada,Trucks,FCEV,2041,196.63582649306534,3.6892781241792854,Global Net-zero,Vehicle body,ICEV,Lead,300.0,0.21763327593323384,No comparison,
Canada,Trucks,FCEV,2041,196.63582649306534,3.6892781241792854,Global Net-zero,Vehicle body,ICEV,Zinc,100.0,0.07254442531107795,No comparison,
Canada,Cars,PHEV,2041,2031903.540428342,1.0,Global Net-zero,Vehicle body,PHEV,Aluminum,110658.0,224846.38197671948,No comparison,
Canada,Cars,PHEV,2041,2031903.540428342,1.0,Global Net-zero,Vehicle body,PHEV,Chromium,12789.0,25986.014378538068,No comparison,
Canada,Cars,PHEV,2041,2031903.540428342,1.0,Global Net-zero,Vehicle body,PHEV,Iron,902171.34,1833125.1398189815,No comparison,
Canada,Cars,PHEV,2041,2031903.540428342,1.0,Global Net-zero,Vehicle body,PHEV,Lead,320.0,650.2091329370694,No comparison,
Canada,Cars,PHEV,2041,2031903.540428342,1.0,Global Net-zero,Vehicle body,PHEV,Zinc,100.0,203.1903540428342,No comparison,
Canada,Vans,PHEV,2041,209744.88159260305,1.9577507575642077,Global Net-zero,Vehicle body,PHEV,Aluminum,110658.0,45439.29544779291,No comparison,
Canada,Vans,PHEV,2041,209744.88159260305,1.9577507575642077,Global Net-zero,Vehicle body,PHEV,Chromium,12789.0,5251.524060454946,No comparison,
Canada,Vans,PHEV,2041,209744.88159260305,1.9577507575642077,Global Net-zero,Vehicle body,PHEV,Iron,902171.34,370456.9941874173,No comparison,
Canada,Vans,PHEV,2041,209744.88159260305,1.9577507575642077,Global Net-zero,Vehicle body,PHEV,Lead,320.0,131.40102426660278,No comparison,
Canada,Vans,PHEV,2041,209744.88159260305,1.9577507575642077,Global Net-zero,Vehicle body,PHEV,Zinc,100.0,41.06282008331337,No comparison,
Canada,2 and 3 wheelers,BEV,2042,5874.540345787337,0.09808569078889517,Global Net-zero,Vehicle body,BEV,Aluminum,127302.0,73.35247510230175,No comparison,
Canada,2 and 3 wheelers,BEV,2042,5874.540345787337,0.09808569078889517,Global Net-zero,Vehicle body,BEV,Chromium,11850.0,6.828068922422865,No comparison,
Canada,2 and 3 wheelers,BEV,2042,5874.540345787337,0.09808569078889517,Global Net-zero,Vehicle body,BEV,Iron,902171.34,519.8386573295015,No comparison,
Canada,2 and 3 wheelers,BEV,2042,5874.540345787337,0.09808569078889517,Global Net-zero,Vehicle body,BEV,Lead,310.0,0.17862458784397373,No comparison,
Canada,2 and 3 wheelers,BEV,2042,5874.540345787337,0.09808569078889517,Global Net-zero,Vehicle body,BEV,Zinc,100.0,0.057620834788378615,No comparison,
Canada,Buses,BEV,2042,7256.785133031416,5.6752374182090595,Global Net-zero,Vehicle body,BEV,Aluminum,127302.0,5242.802833920065,No comparison,
Canada,Buses,BEV,2042,7256.785133031416,5.6752374182090595,Global Net-zero,Vehicle body,BEV,Chromium,11850.0,488.0301454961647,No comparison,
Canada,Buses,BEV,2042,7256.785133031416,5.6752374182090595,Global Net-zero,Vehicle body,BEV,Iron,902171.34,37155.005090520666,No comparison,
Canada,Buses,BEV,2042,7256.785133031416,5.6752374182090595,Global Net-zero,Vehicle body,BEV,Lead,310.0,12.767033342093763,No comparison,
Canada,Buses,BEV,2042,7256.785133031416,5.6752374182090595,Global Net-zero,Vehicle body,BEV,Zinc,100.0,4.11839785228831,No comparison,
Canada,Cars,BEV,2042,6565662.739409377,1.0,Global Net-zero,Vehicle body,BEV,Aluminum,127302.0,835821.9980522925,No comparison,
Canada,Cars,BEV,2042,6565662.739409377,1.0,Global Net-zero,Vehicle body,BEV,Chromium,11850.0,77803.10346200112,No comparison,
Canada,Cars,BEV,2042,6565662.739409377,1.0,Global Net-zero,Vehicle body,BEV,Iron,902171.34,5923352.751601028,No comparison,
Canada,Cars,BEV,2042,6565662.739409377,1.0,Global Net-zero,Vehicle body,BEV,Lead,310.0,2035.355449216907,No comparison,
Canada,Cars,BEV,2042,6565662.739409377,1.0,Global Net-zero,Vehicle body,BEV,Zinc,100.0,656.5662739409377,No comparison,
Canada,Trucks,BEV,2042,69112.23936220397,3.6892781241792854,Global Net-zero,Vehicle body,BEV,Aluminum,127302.0,32458.734874969938,No comparison,
Canada,Trucks,BEV,2042,69112.23936220397,3.6892781241792854,Global Net-zero,Vehicle body,BEV,Chromium,11850.0,3021.4451325854566,No comparison,
Canada,Trucks,BEV,2042,69112.23936220397,3.6892781241792854,Global Net-zero,Vehicle body,BEV,Iron,902171.34,230030.4813503037,No comparison,
Canada,Trucks,BEV,2042,69112.23936220397,3.6892781241792854,Global Net-zero,Vehicle body,BEV,Lead,310.0,79.0420245655267,No comparison,
Canada,Trucks,BEV,2042,69112.23936220397,3.6892781241792854,Global Net-zero,Vehicle body,BEV,Zinc,100.0,25.497427279202164,No comparison,
Canada,Vans,BEV,2042,380117.3164921218,1.9577507575642077,Global Net-zero,Vehicle body,BEV,Aluminum,127302.0,94734.96130859345,No comparison,
Canada,Vans,BEV,2042,380117.3164921218,1.9577507575642077,Global Net-zero,Vehicle body,BEV,Chromium,11850.0,8818.473327259842,No comparison,
Canada,Vans,BEV,2042,380117.3164921218,1.9577507575642077,Global Net-zero,Vehicle body,BEV,Iron,902171.34,671373.3247601915,No comparison,
Canada,Vans,BEV,2042,380117.3164921218,1.9577507575642077,Global Net-zero,Vehicle body,BEV,Lead,310.0,230.69423894097477,No comparison,
Canada,Vans,BEV,2042,380117.3164921218,1.9577507575642077,Global Net-zero,Vehicle body,BEV,Zinc,100.0,74.41749643257252,No comparison,
Canada,Buses,FCEV,2042,449.2295558543258,5.6752374182090595,Global Net-zero,Vehicle body,ICEV,Aluminum,71300.0,181.77823663266832,No comparison,
Canada,Buses,FCEV,2042,449.2295558543258,5.6752374182090595,Global Net-zero,Vehicle body,ICEV,Iron,902171.34,2300.071743698899,No comparison,
Canada,Buses,FCEV,2042,449.2295558543258,5.6752374182090595,Global Net-zero,Vehicle body,ICEV,Lead,300.0,0.764845315424972,No comparison,
Canada,Buses,FCEV,2042,449.2295558543258,5.6752374182090595,Global Net-zero,Vehicle body,ICEV,Zinc,100.0,0.25494843847499066,No comparison,
Canada,Cars,FCEV,2042,691.1223936220397,1.0,Global Net-zero,Vehicle body,ICEV,Aluminum,71300.0,49.27702666525143,No comparison,
Canada,Cars,FCEV,2042,691.1223936220397,1.0,Global Net-zero,Vehicle body,ICEV,Iron,902171.34,623.5108159580029,No comparison,
Canada,Cars,FCEV,2042,691.1223936220397,1.0,Global Net-zero,Vehicle body,ICEV,Lead,300.0,0.20733671808661192,No comparison,
Canada,Cars,FCEV,2042,691.1223936220397,1.0,Global Net-zero,Vehicle body,ICEV,Zinc,100.0,0.06911223936220397,No comparison,
Canada,Trucks,FCEV,2042,207.33671808661188,3.6892781241792854,Global Net-zero,Vehicle body,ICEV,Aluminum,71300.0,54.538996950213416,No comparison,
Canada,Trucks,FCEV,2042,207.33671808661188,3.6892781241792854,Global Net-zero,Vehicle body,ICEV,Iron,902171.34,690.0914440509109,No comparison,
Canada,Trucks,FCEV,2042,207.33671808661188,3.6892781241792854,Global Net-zero,Vehicle body,ICEV,Lead,300.0,0.22947684551281944,No comparison,
Canada,Trucks,FCEV,2042,207.33671808661188,3.6892781241792854,Global Net-zero,Vehicle body,ICEV,Zinc,100.0,0.07649228183760648,No comparison,
Canada,Cars,PHEV,2042,2142479.420228323,1.0,Global Net-zero,Vehicle body,PHEV,Aluminum,110658.0,237082.48768362578,No comparison,
Canada,Cars,PHEV,2042,2142479.420228323,1.0,Global Net-zero,Vehicle body,PHEV,Chromium,12789.0,27400.169305300024,No comparison,
Canada,Cars,PHEV,2042,2142479.420228323,1.0,Global Net-zero,Vehicle body,PHEV,Iron,902171.34,1932883.529469809,No comparison,
Canada,Cars,PHEV,2042,2142479.420228323,1.0,Global Net-zero,Vehicle body,PHEV,Lead,320.0,685.5934144730634,No comparison,
Canada,Cars,PHEV,2042,2142479.420228323,1.0,Global Net-zero,Vehicle body,PHEV,Zinc,100.0,214.2479420228323,No comparison,
Canada,Vans,PHEV,2042,221159.16595905268,1.9577507575642077,Global Net-zero,Vehicle body,PHEV,Aluminum,110658.0,47912.094954098095,No comparison,
Canada,Vans,PHEV,2042,221159.16595905268,1.9577507575642077,Global Net-zero,Vehicle body,PHEV,Chromium,12789.0,5537.311196370443,No comparison,
Canada,Vans,PHEV,2042,221159.16595905268,1.9577507575642077,Global Net-zero,Vehicle body,PHEV,Iron,902171.34,390617.2071332024,No comparison,
Canada,Vans,PHEV,2042,221159.16595905268,1.9577507575642077,Global Net-zero,Vehicle body,PHEV,Lead,320.0,138.55184790355318,No comparison,
Canada,Vans,PHEV,2042,221159.16595905268,1.9577507575642077,Global Net-zero,Vehicle body,PHEV,Zinc,100.0,43.297452469860374,No comparison,
Canada,2 and 3 wheelers,BEV,2043,6158.510236814795,0.09808569078889517,Global Net-zero,Vehicle body,BEV,Aluminum,127302.0,76.89826645537877,No comparison,
Canada,2 and 3 wheelers,BEV,2043,6158.510236814795,0.09808569078889517,Global Net-zero,Vehicle body,BEV,Chromium,11850.0,7.15813151008027,No comparison,
Canada,2 and 3 wheelers,BEV,2043,6158.510236814795,0.09808569078889517,Global Net-zero,Vehicle body,BEV,Iron,902171.34,544.967181126189,No comparison,
Canada,2 and 3 wheelers,BEV,2043,6158.510236814795,0.09808569078889517,Global Net-zero,Vehicle body,BEV,Lead,310.0,0.18725913655062307,No comparison,
Canada,2 and 3 wheelers,BEV,2043,6158.510236814795,0.09808569078889517,Global Net-zero,Vehicle body,BEV,Zinc,100.0,0.06040617308084616,No comparison,
Canada,Buses,BEV,2043,7607.571469006511,5.6752374182090595,Global Net-zero,Vehicle body,BEV,Aluminum,127302.0,5496.235113178194,No comparison,
Canada,Buses,BEV,2043,7607.571469006511,5.6752374182090595,Global Net-zero,Vehicle body,BEV,Chromium,11850.0,511.6210750118741,No comparison,
Canada,Buses,BEV,2043,7607.571469006511,5.6752374182090595,Global Net-zero,Vehicle body,BEV,Iron,902171.34,38951.04395069223,No comparison,
Canada,Buses,BEV,2043,7607.571469006511,5.6752374182090595,Global Net-zero,Vehicle body,BEV,Lead,310.0,13.384180021407676,No comparison,
Canada,Buses,BEV,2043,7607.571469006511,5.6752374182090595,Global Net-zero,Vehicle body,BEV,Zinc,100.0,4.317477426260541,No comparison,
Canada,Cars,BEV,2043,6883040.852910653,1.0,Global Net-zero,Vehicle body,BEV,Aluminum,127302.0,876224.8666572319,No comparison,
Canada,Cars,BEV,2043,6883040.852910653,1.0,Global Net-zero,Vehicle body,BEV,Chromium,11850.0,81564.03410699124,No comparison,
Canada,Cars,BEV,2043,6883040.852910653,1.0,Global Net-zero,Vehicle body,BEV,Iron,902171.34,6209682.189545146,No comparison,
Canada,Cars,BEV,2043,6883040.852910653,1.0,Global Net-zero,Vehicle body,BEV,Lead,310.0,2133.742664402302,No comparison,
Canada,Cars,BEV,2043,6883040.852910653,1.0,Global Net-zero,Vehicle body,BEV,Zinc,100.0,688.3040852910652,No comparison,
Canada,Trucks,BEV,2043,72453.06160958581,3.6892781241792854,Global Net-zero,Vehicle body,BEV,Aluminum,127302.0,34027.760341267756,No comparison,
Canada,Trucks,BEV,2043,72453.06160958581,3.6892781241792854,Global Net-zero,Vehicle body,BEV,Chromium,11850.0,3167.499018428798,No comparison,
Canada,Trucks,BEV,2043,72453.06160958581,3.6892781241792854,Global Net-zero,Vehicle body,BEV,Iron,902171.34,241149.9437894172,No comparison,
Canada,Trucks,BEV,2043,72453.06160958581,3.6892781241792854,Global Net-zero,Vehicle body,BEV,Lead,310.0,82.86284352007827,No comparison,
Canada,Trucks,BEV,2043,72453.06160958581,3.6892781241792854,Global Net-zero,Vehicle body,BEV,Zinc,100.0,26.729949522605892,No comparison,
Canada,Vans,BEV,2043,398491.83885272196,1.9577507575642077,Global Net-zero,Vehicle body,BEV,Aluminum,127302.0,99314.36242864588,No comparison,
Canada,Vans,BEV,2043,398491.83885272196,1.9577507575642077,Global Net-zero,Vehicle body,BEV,Chromium,11850.0,9244.750237855285,No comparison,
Canada,Vans,BEV,2043,398491.83885272196,1.9577507575642077,Global Net-zero,Vehicle body,BEV,Iron,902171.34,703826.8953629723,No comparison,
Canada,Vans,BEV,2043,398491.83885272196,1.9577507575642077,Global Net-zero,Vehicle body,BEV,Lead,310.0,241.84578681309188,No comparison,
Canada,Vans,BEV,2043,398491.83885272196,1.9577507575642077,Global Net-zero,Vehicle body,BEV,Zinc,100.0,78.01476993970705,No comparison,
Canada,Buses,FCEV,2043,470.9449004623078,5.6752374182090595,Global Net-zero,Vehicle body,ICEV,Aluminum,71300.0,190.5652298286141,No comparison,
Canada,Buses,FCEV,2043,470.9449004623078,5.6752374182090595,Global Net-zero,Vehicle body,ICEV,Iron,902171.34,2411.2551017095193,No comparison,
Canada,Buses,FCEV,2043,470.9449004623078,5.6752374182090595,Global Net-zero,Vehicle body,ICEV,Lead,300.0,0.801817236305529,No comparison,
Canada,Buses,FCEV,2043,470.9449004623078,5.6752374182090595,Global Net-zero,Vehicle body,ICEV,Zinc,100.0,0.26727241210184305,No comparison,
Canada,Cars,FCEV,2043,724.5306160958581,1.0,Global Net-zero,Vehicle body,ICEV,Aluminum,71300.0,51.659032927634684,No comparison,
Canada,Cars,FCEV,2043,724.5306160958581,1.0,Global Net-zero,Vehicle body,ICEV,Iron,902171.34,653.6507567942259,No comparison,
Canada,Cars,FCEV,2043,724.5306160958581,1.0,Global Net-zero,Vehicle body,ICEV,Lead,300.0,0.21735918482875746,No comparison,
Canada,Cars,FCEV,2043,724.5306160958581,1.0,Global Net-zero,Vehicle body,ICEV,Zinc,100.0,0.07245306160958581,No comparison,
Canada,Trucks,FCEV,2043,217.35918482875746,3.6892781241792854,Global Net-zero,Vehicle body,ICEV,Aluminum,71300.0,57.17536202885401,No comparison,
Canada,Trucks,FCEV,2043,217.35918482875746,3.6892781241792854,Global Net-zero,Vehicle body,ICEV,Iron,902171.34,723.4498313682517,No comparison,
Canada,Trucks,FCEV,2043,217.35918482875746,3.6892781241792854,Global Net-zero,Vehicle body,ICEV,Lead,300.0,0.24056954570345307,No comparison,
Canada,Trucks,FCEV,2043,217.35918482875746,3.6892781241792854,Global Net-zero,Vehicle body,ICEV,Zinc,100.0,0.08018984856781769,No comparison,
Canada,Cars,PHEV,2043,2246044.9098971603,1.0,Global Net-zero,Vehicle body,PHEV,Aluminum,110658.0,248542.83763939995,No comparison,
Canada,Cars,PHEV,2043,2246044.9098971603,1.0,Global Net-zero,Vehicle body,PHEV,Chromium,12789.0,28724.66835267478,No comparison,
Canada,Cars,PHEV,2043,2246044.9098971603,1.0,Global Net-zero,Vehicle body,PHEV,Iron,902171.34,2026317.3460621003,No comparison,
Canada,Cars,PHEV,2043,2246044.9098971603,1.0,Global Net-zero,Vehicle body,PHEV,Lead,320.0,718.7343711670912,No comparison,
Canada,Cars,PHEV,2043,2246044.9098971603,1.0,Global Net-zero,Vehicle body,PHEV,Zinc,100.0,224.60449098971603,No comparison,
Canada,Vans,PHEV,2043,231849.79715067463,1.9577507575642077,Global Net-zero,Vehicle body,PHEV,Aluminum,110658.0,50228.12166974897,No comparison,
Canada,Vans,PHEV,2043,231849.79715067463,1.9577507575642077,Global Net-zero,Vehicle body,PHEV,Chromium,12789.0,5804.979739688225,No comparison,
Canada,Vans,PHEV,2043,231849.79715067463,1.9577507575642077,Global Net-zero,Vehicle body,PHEV,Iron,902171.34,409499.2845748203,No comparison,
Canada,Vans,PHEV,2043,231849.79715067463,1.9577507575642077,Global Net-zero,Vehicle body,PHEV,Lead,320.0,145.24931712410915,No comparison,
Canada,Vans,PHEV,2043,231849.79715067463,1.9577507575642077,Global Net-zero,Vehicle body,PHEV,Zinc,100.0,45.39041160128411,No comparison,
Canada,2 and 3 wheelers,BEV,2044,6423.618973488064,0.09808569078889517,Global Net-zero,Vehicle body,BEV,Aluminum,127302.0,80.2085479176848,No comparison,
Canada,2 and 3 wheelers,BEV,2044,6423.618973488064,0.09808569078889517,Global Net-zero,Vehicle body,BEV,Chromium,11850.0,7.46627148689388,No comparison,
Canada,2 and 3 wheelers,BEV,2044,6423.618973488064,0.09808569078889517,Global Net-zero,Vehicle body,BEV,Iron,902171.34,568.4266795050502,No comparison,
Canada,2 and 3 wheelers,BEV,2044,6423.618973488064,0.09808569078889517,Global Net-zero,Vehicle body,BEV,Lead,310.0,0.19532018235756143,No comparison,
Canada,2 and 3 wheelers,BEV,2044,6423.618973488064,0.09808569078889517,Global Net-zero,Vehicle body,BEV,Zinc,100.0,0.06300651043792305,No comparison,
Canada,Buses,BEV,2044,7935.0587319558435,5.6752374182090595,Global Net-zero,Vehicle body,BEV,Aluminum,127302.0,5732.834532726703,No comparison,
Canada,Buses,BEV,2044,7935.0587319558435,5.6752374182090595,Global Net-zero,Vehicle body,BEV,Chromium,11850.0,533.6451054406956,No comparison,
Canada,Buses,BEV,2044,7935.0587319558435,5.6752374182090595,Global Net-zero,Vehicle body,BEV,Iron,902171.34,40627.790705474574,No comparison,
Canada,Buses,BEV,2044,7935.0587319558435,5.6752374182090595,Global Net-zero,Vehicle body,BEV,Lead,310.0,13.960336091697524,No comparison,
Canada,Buses,BEV,2044,7935.0587319558435,5.6752374182090595,Global Net-zero,Vehicle body,BEV,Zinc,100.0,4.503334223128233,No comparison,
Canada,Cars,BEV,2044,7179338.852721954,1.0,Global Net-zero,Vehicle body,BEV,Aluminum,127302.0,913944.1946292102,No comparison,
Canada,Cars,BEV,2044,7179338.852721954,1.0,Global Net-zero,Vehicle body,BEV,Chromium,11850.0,85075.16540475516,No comparison,
Canada,Cars,BEV,2044,7179338.852721954,1.0,Global Net-zero,Vehicle body,BEV,Iron,902171.34,6476993.753074228,No comparison,
Canada,Cars,BEV,2044,7179338.852721954,1.0,Global Net-zero,Vehicle body,BEV,Lead,310.0,2225.595044343806,No comparison,
Canada,Cars,BEV,2044,7179338.852721954,1.0,Global Net-zero,Vehicle body,BEV,Zinc,100.0,717.9338852721953,No comparison,
Canada,Trucks,BEV,2044,75571.987923389,3.6892781241792854,Global Net-zero,Vehicle body,BEV,Aluminum,127302.0,35492.57183122317,No comparison,
Canada,Trucks,BEV,2044,75571.987923389,3.6892781241792854,Global Net-zero,Vehicle body,BEV,Chromium,11850.0,3303.8520698810266,No comparison,
Canada,Trucks,BEV,2044,75571.987923389,3.6892781241792854,Global Net-zero,Vehicle body,BEV,Iron,902171.34,251530.85645960673,No comparison,
Canada,Trucks,BEV,2044,75571.987923389,3.6892781241792854,Global Net-zero,Vehicle body,BEV,Lead,310.0,86.42988537241506,No comparison,
Canada,Trucks,BEV,2044,75571.987923389,3.6892781241792854,Global Net-zero,Vehicle body,BEV,Zinc,100.0,27.880608184650015,No comparison,
Canada,Vans,BEV,2044,415645.9335786394,1.9577507575642077,Global Net-zero,Vehicle body,BEV,Aluminum,127302.0,103589.6017551274,No comparison,
Canada,Vans,BEV,2044,415645.9335786394,1.9577507575642077,Global Net-zero,Vehicle body,BEV,Chromium,11850.0,9642.714024903455,No comparison,
Canada,Vans,BEV,2044,415645.9335786394,1.9577507575642077,Global Net-zero,Vehicle body,BEV,Iron,902171.34,734124.914184299,No comparison,
Canada,Vans,BEV,2044,415645.9335786394,1.9577507575642077,Global Net-zero,Vehicle body,BEV,Lead,310.0,252.25665381603974,No comparison,
Canada,Vans,BEV,2044,415645.9335786394,1.9577507575642077,Global Net-zero,Vehicle body,BEV,Zinc,100.0,81.37311413420638,No comparison,
Canada,Buses,FCEV,2044,491.21792150202845,5.6752374182090595,Global Net-zero,Vehicle body,ICEV,Aluminum,71300.0,198.7685948294076,No comparison,
Canada,Buses,FCEV,2044,491.21792150202845,5.6752374182090595,Global Net-zero,Vehicle body,ICEV,Iron,902171.34,2515.053710338902,No comparison,
Canada,Buses,FCEV,2044,491.21792150202845,5.6752374182090595,Global Net-zero,Vehicle body,ICEV,Lead,300.0,0.8363334985809576,No comparison,
Canada,Buses,FCEV,2044,491.21792150202845,5.6752374182090595,Global Net-zero,Vehicle body,ICEV,Zinc,100.0,0.2787778328603192,No comparison,
Canada,Cars,FCEV,2044,755.7198792338899,1.0,Global Net-zero,Vehicle body,ICEV,Aluminum,71300.0,53.88282738937635,No comparison,
Canada,Cars,FCEV,2044,755.7198792338899,1.0,Global Net-zero,Vehicle body,ICEV,Iron,902171.34,681.7888161130766,No comparison,
Canada,Cars,FCEV,2044,755.7198792338899,1.0,Global Net-zero,Vehicle body,ICEV,Lead,300.0,0.22671596377016698,No comparison,
Canada,Cars,FCEV,2044,755.7198792338899,1.0,Global Net-zero,Vehicle body,ICEV,Zinc,100.0,0.07557198792338898,No comparison,
Canada,Trucks,FCEV,2044,226.71596377016698,3.6892781241792854,Global Net-zero,Vehicle body,ICEV,Aluminum,71300.0,59.636620906966385,No comparison,
Canada,Trucks,FCEV,2044,226.71596377016698,3.6892781241792854,Global Net-zero,Vehicle body,ICEV,Iron,902171.34,754.5925693788201,No comparison,
Canada,Trucks,FCEV,2044,226.71596377016698,3.6892781241792854,Global Net-zero,Vehicle body,ICEV,Lead,300.0,0.25092547366185014,No comparison,
Canada,Trucks,FCEV,2044,226.71596377016698,3.6892781241792854,Global Net-zero,Vehicle body,ICEV,Zinc,100.0,0.08364182455395006,No comparison,
Canada,Cars,PHEV,2044,2342731.6256250585,1.0,Global Net-zero,Vehicle body,PHEV,Aluminum,110658.0,259241.99622841773,No comparison,
Canada,Cars,PHEV,2044,2342731.6256250585,1.0,Global Net-zero,Vehicle body,PHEV,Chromium,12789.0,29961.194760118873,No comparison,
Canada,Cars,PHEV,2044,2342731.6256250585,1.0,Global Net-zero,Vehicle body,PHEV,Iron,902171.34,2113545.3299505375,No comparison,
Canada,Cars,PHEV,2044,2342731.6256250585,1.0,Global Net-zero,Vehicle body,PHEV,Lead,320.0,749.6741202000188,No comparison,
Canada,Cars,PHEV,2044,2342731.6256250585,1.0,Global Net-zero,Vehicle body,PHEV,Zinc,100.0,234.27316256250583,No comparison,
Canada,Vans,PHEV,2044,241830.36135484476,1.9577507575642077,Global Net-zero,Vehicle body,PHEV,Aluminum,110658.0,52390.31891702114,No comparison,
Canada,Vans,PHEV,2044,241830.36135484476,1.9577507575642077,Global Net-zero,Vehicle body,PHEV,Chromium,12789.0,6054.869856944671,No comparison,
Canada,Vans,PHEV,2044,241830.36135484476,1.9577507575642077,Global Net-zero,Vehicle body,PHEV,Iron,902171.34,427127.2227981376,No comparison,
Canada,Vans,PHEV,2044,241830.36135484476,1.9577507575642077,Global Net-zero,Vehicle body,PHEV,Lead,320.0,151.5019434062315,No comparison,
Canada,Vans,PHEV,2044,241830.36135484476,1.9577507575642077,Global Net-zero,Vehicle body,PHEV,Zinc,100.0,47.34435731444734,No comparison,
Canada,2 and 3 wheelers,BEV,2045,6665.870777903576,0.09808569078889517,Global Net-zero,Vehicle body,BEV,Aluminum,127302.0,83.23342619001112,No comparison,
Canada,2 and 3 wheelers,BEV,2045,6665.870777903576,0.09808569078889517,Global Net-zero,Vehicle body,BEV,Chromium,11850.0,7.747844498528159,No comparison,
Canada,2 and 3 wheelers,BEV,2045,6665.870777903576,0.09808569078889517,Global Net-zero,Vehicle body,BEV,Iron,902171.34,589.8635656834412,No comparison,
Canada,2 and 3 wheelers,BEV,2045,6665.870777903576,0.09808569078889517,Global Net-zero,Vehicle body,BEV,Lead,310.0,0.2026862273876565,No comparison,
Canada,2 and 3 wheelers,BEV,2045,6665.870777903576,0.09808569078889517,Global Net-zero,Vehicle body,BEV,Zinc,100.0,0.06538265399601823,No comparison,
Canada,Buses,BEV,2045,8234.31096093971,5.6752374182090595,Global Net-zero,Vehicle body,BEV,Aluminum,127302.0,5949.035013437109,No comparison,
Canada,Buses,BEV,2045,8234.31096093971,5.6752374182090595,Global Net-zero,Vehicle body,BEV,Chromium,11850.0,553.7702856925245,No comparison,
Canada,Buses,BEV,2045,8234.31096093971,5.6752374182090595,Global Net-zero,Vehicle body,BEV,Iron,902171.34,42159.973054464775,No comparison,
Canada,Buses,BEV,2045,8234.31096093971,5.6752374182090595,Global Net-zero,Vehicle body,BEV,Lead,310.0,14.486817600395154,No comparison,
Canada,Buses,BEV,2045,8234.31096093971,5.6752374182090595,Global Net-zero,Vehicle body,BEV,Zinc,100.0,4.673166967869404,No comparison,
Canada,Cars,BEV,2045,7450090.869421644,1.0,Global Net-zero,Vehicle body,BEV,Aluminum,127302.0,948411.4678591142,No comparison,
Canada,Cars,BEV,2045,7450090.869421644,1.0,Global Net-zero,Vehicle body,BEV,Chromium,11850.0,88283.57680264648,No comparison,
Canada,Cars,BEV,2045,7450090.869421644,1.0,Global Net-zero,Vehicle body,BEV,Iron,902171.34,6721258.46278789,No comparison,
Canada,Cars,BEV,2045,7450090.869421644,1.0,Global Net-zero,Vehicle body,BEV,Lead,310.0,2309.5281695207095,No comparison,
Canada,Cars,BEV,2045,7450090.869421644,1.0,Global Net-zero,Vehicle body,BEV,Zinc,100.0,745.0090869421645,No comparison,
Canada,Trucks,BEV,2045,78422.00915180678,3.6892781241792854,Global Net-zero,Vehicle body,BEV,Aluminum,127302.0,36831.091379930476,No comparison,
Canada,Trucks,BEV,2045,78422.00915180678,3.6892781241792854,Global Net-zero,Vehicle body,BEV,Chromium,11850.0,3428.449143392689,No comparison,
Canada,Trucks,BEV,2045,78422.00915180678,3.6892781241792854,Global Net-zero,Vehicle body,BEV,Iron,902171.34,261016.75593387632,No comparison,
Canada,Trucks,BEV,2045,78422.00915180678,3.6892781241792854,Global Net-zero,Vehicle body,BEV,Lead,310.0,89.68938687356402,No comparison,
Canada,Trucks,BEV,2045,78422.00915180678,3.6892781241792854,Global Net-zero,Vehicle body,BEV,Zinc,100.0,28.932060281794847,No comparison,
Canada,Vans,BEV,2045,431321.0503349373,1.9577507575642077,Global Net-zero,Vehicle body,BEV,Aluminum,127302.0,107496.24192905996,No comparison,
Canada,Vans,BEV,2045,431321.0503349373,1.9577507575642077,Global Net-zero,Vehicle body,BEV,Chromium,11850.0,10006.366489602367,No comparison,
Canada,Vans,BEV,2045,431321.0503349373,1.9577507575642077,Global Net-zero,Vehicle body,BEV,Iron,902171.34,761810.7227388745,No comparison,
Canada,Vans,BEV,2045,431321.0503349373,1.9577507575642077,Global Net-zero,Vehicle body,BEV,Lead,310.0,261.76992504445013,No comparison,
Canada,Vans,BEV,2045,431321.0503349373,1.9577507575642077,Global Net-zero,Vehicle body,BEV,Zinc,100.0,84.44191130466133,No comparison,
Canada,Buses,FCEV,2045,509.7430594867441,5.6752374182090595,Global Net-zero,Vehicle body,ICEV,Aluminum,71300.0,206.26468869134052,No comparison,
Canada,Buses,FCEV,2045,509.7430594867441,5.6752374182090595,Global Net-zero,Vehicle body,ICEV,Iron,902171.34,2609.90309384782,No comparison,
Canada,Buses,FCEV,2045,509.7430594867441,5.6752374182090595,Global Net-zero,Vehicle body,ICEV,Lead,300.0,0.867873865461461,No comparison,
Canada,Buses,FCEV,2045,509.7430594867441,5.6752374182090595,Global Net-zero,Vehicle body,ICEV,Zinc,100.0,0.28929128848715363,No comparison,
Canada,Cars,FCEV,2045,784.2200915180678,1.0,Global Net-zero,Vehicle body,ICEV,Aluminum,71300.0,55.91489252523823,No comparison,
Canada,Cars,FCEV,2045,784.2200915180678,1.0,Global Net-zero,Vehicle body,ICEV,Iron,902171.34,707.5008908197779,No comparison,
Canada,Cars,FCEV,2045,784.2200915180678,1.0,Global Net-zero,Vehicle body,ICEV,Lead,300.0,0.23526602745542033,No comparison,
Canada,Cars,FCEV,2045,784.2200915180678,1.0,Global Net-zero,Vehicle body,ICEV,Zinc,100.0,0.07842200915180678,No comparison,
Canada,Trucks,FCEV,2045,235.26602745542033,3.6892781241792854,Global Net-zero,Vehicle body,ICEV,Aluminum,71300.0,61.885676942759176,No comparison,
Canada,Trucks,FCEV,2045,235.26602745542033,3.6892781241792854,Global Net-zero,Vehicle body,ICEV,Iron,902171.34,783.0502678016289,No comparison,
Canada,Trucks,FCEV,2045,235.26602745542033,3.6892781241792854,Global Net-zero,Vehicle body,ICEV,Lead,300.0,0.2603885425361536,No comparison,
Canada,Trucks,FCEV,2045,235.26602745542033,3.6892781241792854,Global Net-zero,Vehicle body,ICEV,Zinc,100.0,0.08679618084538454,No comparison,
Canada,Cars,PHEV,2045,2431082.28370601,1.0,Global Net-zero,Vehicle body,PHEV,Aluminum,110658.0,269018.7033503396,No comparison,
Canada,Cars,PHEV,2045,2431082.28370601,1.0,Global Net-zero,Vehicle body,PHEV,Chromium,12789.0,31091.111326316157,No comparison,
Canada,Cars,PHEV,2045,2431082.28370601,1.0,Global Net-zero,Vehicle body,PHEV,Iron,902171.34,2193252.761541311,No comparison,
Canada,Cars,PHEV,2045,2431082.28370601,1.0,Global Net-zero,Vehicle body,PHEV,Lead,320.0,777.9463307859231,No comparison,
Canada,Cars,PHEV,2045,2431082.28370601,1.0,Global Net-zero,Vehicle body,PHEV,Zinc,100.0,243.108228370601,No comparison,
Canada,Vans,PHEV,2045,250950.4292857817,1.9577507575642077,Global Net-zero,Vehicle body,PHEV,Aluminum,110658.0,54366.097577607055,No comparison,
Canada,Vans,PHEV,2045,250950.4292857817,1.9577507575642077,Global Net-zero,Vehicle body,PHEV,Chromium,12789.0,6283.21514865637,No comparison,
Canada,Vans,PHEV,2045,250950.4292857817,1.9577507575642077,Global Net-zero,Vehicle body,PHEV,Iron,902171.34,443235.32959352696,No comparison,
Canada,Vans,PHEV,2045,250950.4292857817,1.9577507575642077,Global Net-zero,Vehicle body,PHEV,Lead,320.0,157.21548577449673,No comparison,
Canada,Vans,PHEV,2045,250950.4292857817,1.9577507575642077,Global Net-zero,Vehicle body,PHEV,Zinc,100.0,49.12983930453023,No comparison,
Canada,2 and 3 wheelers,BEV,2046,6894.302764411736,0.09808569078889517,Global Net-zero,Vehicle body,BEV,Aluminum,127302.0,86.08574324234442,No comparison,
Canada,2 and 3 wheelers,BEV,2046,6894.302764411736,0.09808569078889517,Global Net-zero,Vehicle body,BEV,Chromium,11850.0,8.01335452248811,No comparison,
Canada,2 and 3 wheelers,BEV,2046,6894.302764411736,0.09808569078889517,Global Net-zero,Vehicle body,BEV,Iron,902171.34,610.0775348057517,No comparison,
Canada,2 and 3 wheelers,BEV,2046,6894.302764411736,0.09808569078889517,Global Net-zero,Vehicle body,BEV,Lead,310.0,0.2096320592380856,No comparison,
Canada,2 and 3 wheelers,BEV,2046,6894.302764411736,0.09808569078889517,Global Net-zero,Vehicle body,BEV,Zinc,100.0,0.06762324491551147,No comparison,
Canada,Buses,BEV,2046,8516.491650155675,5.6752374182090595,Global Net-zero,Vehicle body,BEV,Aluminum,127302.0,6152.901834622839,No comparison,
Canada,Buses,BEV,2046,8516.491650155675,5.6752374182090595,Global Net-zero,Vehicle body,BEV,Chromium,11850.0,572.7473782052178,No comparison,
Canada,Buses,BEV,2046,8516.491650155675,5.6752374182090595,Global Net-zero,Vehicle body,BEV,Iron,902171.34,43604.74849593992,No comparison,
Canada,Buses,BEV,2046,8516.491650155675,5.6752374182090595,Global Net-zero,Vehicle body,BEV,Lead,310.0,14.983264746296836,No comparison,
Canada,Buses,BEV,2046,8516.491650155675,5.6752374182090595,Global Net-zero,Vehicle body,BEV,Zinc,100.0,4.833311208482851,No comparison,
Canada,Cars,BEV,2046,7705397.207283705,1.0,Global Net-zero,Vehicle body,BEV,Aluminum,127302.0,980912.4752816302,No comparison,
Canada,Cars,BEV,2046,7705397.207283705,1.0,Global Net-zero,Vehicle body,BEV,Chromium,11850.0,91308.9569063119,No comparison,
Canada,Cars,BEV,2046,7705397.207283705,1.0,Global Net-zero,Vehicle body,BEV,Iron,902171.34,6951588.523727397,No comparison,
Canada,Cars,BEV,2046,7705397.207283705,1.0,Global Net-zero,Vehicle body,BEV,Lead,310.0,2388.6731342579483,No comparison,
Canada,Cars,BEV,2046,7705397.207283705,1.0,Global Net-zero,Vehicle body,BEV,Zinc,100.0,770.5397207283704,No comparison,
Canada,Trucks,BEV,2046,81109.4442871969,3.6892781241792854,Global Net-zero,Vehicle body,BEV,Aluminum,127302.0,38093.25196622182,No comparison,
Canada,Trucks,BEV,2046,81109.4442871969,3.6892781241792854,Global Net-zero,Vehicle body,BEV,Chromium,11850.0,3545.938286906164,No comparison,
Canada,Trucks,BEV,2046,81109.4442871969,3.6892781241792854,Global Net-zero,Vehicle body,BEV,Iron,902171.34,269961.5101987712,No comparison,
Canada,Trucks,BEV,2046,81109.4442871969,3.6892781241792854,Global Net-zero,Vehicle body,BEV,Lead,310.0,92.76294252665915,No comparison,
Canada,Trucks,BEV,2046,81109.4442871969,3.6892781241792854,Global Net-zero,Vehicle body,BEV,Zinc,100.0,29.9235298473094,No comparison,
Canada,Vans,BEV,2046,446101.9435795829,1.9577507575642077,Global Net-zero,Vehicle body,BEV,Aluminum,127302.0,111180.01872344594,No comparison,
Canada,Vans,BEV,2046,446101.9435795829,1.9577507575642077,Global Net-zero,Vehicle body,BEV,Chromium,11850.0,10349.273553226458,No comparison,
Canada,Vans,BEV,2046,446101.9435795829,1.9577507575642077,Global Net-zero,Vehicle body,BEV,Iron,902171.34,787917.1299190611,No comparison,
Canada,Vans,BEV,2046,446101.9435795829,1.9577507575642077,Global Net-zero,Vehicle body,BEV,Lead,310.0,270.74048957807605,No comparison,
Canada,Vans,BEV,2046,446101.9435795829,1.9577507575642077,Global Net-zero,Vehicle body,BEV,Zinc,100.0,87.33564179937937,No comparison,
Canada,Buses,FCEV,2046,527.2113878667798,5.6752374182090595,Global Net-zero,Vehicle body,ICEV,Aluminum,71300.0,213.3331504353692,No comparison,
Canada,Buses,FCEV,2046,527.2113878667798,5.6752374182090595,Global Net-zero,Vehicle body,ICEV,Iron,902171.34,2699.3415735581852,No comparison,
Canada,Buses,FCEV,2046,527.2113878667798,5.6752374182090595,Global Net-zero,Vehicle body,ICEV,Lead,300.0,0.8976149387182435,No comparison,
Canada,Buses,FCEV,2046,527.2113878667798,5.6752374182090595,Global Net-zero,Vehicle body,ICEV,Zinc,100.0,0.29920497957274783,No comparison,
Canada,Cars,FCEV,2046,811.0944428719689,1.0,Global Net-zero,Vehicle body,ICEV,Aluminum,71300.0,57.831033776771385,No comparison,
Canada,Cars,FCEV,2046,811.0944428719689,1.0,Global Net-zero,Vehicle body,ICEV,Iron,902171.34,731.7461603923576,No comparison,
Canada,Cars,FCEV,2046,811.0944428719689,1.0,Global Net-zero,Vehicle body,ICEV,Lead,300.0,0.24332833286159067,No comparison,
Canada,Cars,FCEV,2046,811.0944428719689,1.0,Global Net-zero,Vehicle body,ICEV,Zinc,100.0,0.0811094442871969,No comparison,
Canada,Trucks,FCEV,2046,243.3283328615907,3.6892781241792854,Global Net-zero,Vehicle body,ICEV,Aluminum,71300.0,64.00643034339481,No comparison,
Canada,Trucks,FCEV,2046,243.3283328615907,3.6892781241792854,Global Net-zero,Vehicle body,ICEV,Iron,902171.34,809.8845305963137,No comparison,
Canada,Trucks,FCEV,2046,243.3283328615907,3.6892781241792854,Global Net-zero,Vehicle body,ICEV,Lead,300.0,0.2693117686257846,No comparison,
Canada,Trucks,FCEV,2046,243.3283328615907,3.6892781241792854,Global Net-zero,Vehicle body,ICEV,Zinc,100.0,0.08977058954192822,No comparison,
Canada,Cars,PHEV,2046,2514392.772903104,1.0,Global Net-zero,Vehicle body,PHEV,Aluminum,110658.0,278237.67546391167,No comparison,
Canada,Cars,PHEV,2046,2514392.772903104,1.0,Global Net-zero,Vehicle body,PHEV,Chromium,12789.0,32156.569172657793,No comparison,
Canada,Cars,PHEV,2046,2514392.772903104,1.0,Global Net-zero,Vehicle body,PHEV,Iron,902171.34,2268413.0972163086,No comparison,
Canada,Cars,PHEV,2046,2514392.772903104,1.0,Global Net-zero,Vehicle body,PHEV,Lead,320.0,804.6056873289932,No comparison,
Canada,Cars,PHEV,2046,2514392.772903104,1.0,Global Net-zero,Vehicle body,PHEV,Zinc,100.0,251.43927729031037,No comparison,
Canada,Vans,PHEV,2046,259550.22171903006,1.9577507575642077,Global Net-zero,Vehicle body,PHEV,Aluminum,110658.0,56229.16334682603,No comparison,
Canada,Vans,PHEV,2046,259550.22171903006,1.9577507575642077,Global Net-zero,Vehicle body,PHEV,Chromium,12789.0,6498.533951838621,No comparison,
Canada,Vans,PHEV,2046,259550.22171903006,1.9577507575642077,Global Net-zero,Vehicle body,PHEV,Iron,902171.34,458424.5119529083,No comparison,
Canada,Vans,PHEV,2046,259550.22171903006,1.9577507575642077,Global Net-zero,Vehicle body,PHEV,Lead,320.0,162.60308582284455,No comparison,
Canada,Vans,PHEV,2046,259550.22171903006,1.9577507575642077,Global Net-zero,Vehicle body,PHEV,Zinc,100.0,50.813464319638925,No comparison,
Canada,2 and 3 wheelers,BEV,2047,7115.777726672328,0.09808569078889517,Global Net-zero,Vehicle body,BEV,Aluminum,127302.0,88.85119137934686,No comparison,
Canada,2 and 3 wheelers,BEV,2047,7115.777726672328,0.09808569078889517,Global Net-zero,Vehicle body,BEV,Chromium,11850.0,8.270778289777539,No comparison,
Canada,2 and 3 wheelers,BEV,2047,7115.777726672328,0.09808569078889517,Global Net-zero,Vehicle body,BEV,Iron,902171.34,629.6758761629968,No comparison,
Canada,2 and 3 wheelers,BEV,2047,7115.777726672328,0.09808569078889517,Global Net-zero,Vehicle body,BEV,Lead,310.0,0.21636635188447573,No comparison,
Canada,2 and 3 wheelers,BEV,2047,7115.777726672328,0.09808569078889517,Global Net-zero,Vehicle body,BEV,Zinc,100.0,0.06979559738208894,No comparison,
Canada,Buses,BEV,2047,8790.078368242286,5.6752374182090595,Global Net-zero,Vehicle body,BEV,Aluminum,127302.0,6350.5597774463695,No comparison,
Canada,Buses,BEV,2047,8790.078368242286,5.6752374182090595,Global Net-zero,Vehicle body,BEV,Chromium,11850.0,591.146512723598,No comparison,
Canada,Buses,BEV,2047,8790.078368242286,5.6752374182090595,Global Net-zero,Vehicle body,BEV,Iron,902171.34,45005.52249115405,No comparison,
Canada,Buses,BEV,2047,8790.078368242286,5.6752374182090595,Global Net-zero,Vehicle body,BEV,Lead,310.0,15.464592315975983,No comparison,
Canada,Buses,BEV,2047,8790.078368242286,5.6752374182090595,Global Net-zero,Vehicle body,BEV,Zinc,100.0,4.988578166443865,No comparison,
Canada,Cars,BEV,2047,7952928.047457308,1.0,Global Net-zero,Vehicle body,BEV,Aluminum,127302.0,1012423.6462974101,No comparison,
Canada,Cars,BEV,2047,7952928.047457308,1.0,Global Net-zero,Vehicle body,BEV,Chromium,11850.0,94242.1973623691,No comparison,
Canada,Cars,BEV,2047,7952928.047457308,1.0,Global Net-zero,Vehicle body,BEV,Iron,902171.34,7174903.753498143,No comparison,
Canada,Cars,BEV,2047,7952928.047457308,1.0,Global Net-zero,Vehicle body,BEV,Lead,310.0,2465.407694711765,No comparison,
Canada,Cars,BEV,2047,7952928.047457308,1.0,Global Net-zero,Vehicle body,BEV,Zinc,100.0,795.2928047457308,No comparison,
Canada,Trucks,BEV,2047,83715.03207849797,3.6892781241792854,Global Net-zero,Vehicle body,BEV,Aluminum,127302.0,39316.97274407223,No comparison,
Canada,Trucks,BEV,2047,83715.03207849797,3.6892781241792854,Global Net-zero,Vehicle body,BEV,Chromium,11850.0,3659.849232669211,No comparison,
Canada,Trucks,BEV,2047,83715.03207849797,3.6892781241792854,Global Net-zero,Vehicle body,BEV,Iron,902171.34,278633.84695655305,No comparison,
Canada,Trucks,BEV,2047,83715.03207849797,3.6892781241792854,Global Net-zero,Vehicle body,BEV,Lead,310.0,95.74289131877259,No comparison,
Canada,Trucks,BEV,2047,83715.03207849797,3.6892781241792854,Global Net-zero,Vehicle body,BEV,Zinc,100.0,30.88480365121697,No comparison,
Canada,Vans,BEV,2047,460432.67643173883,1.9577507575642077,Global Net-zero,Vehicle body,BEV,Aluminum,127302.0,114751.6040297968,No comparison,
Canada,Vans,BEV,2047,460432.67643173883,1.9577507575642077,Global Net-zero,Vehicle body,BEV,Chromium,11850.0,10681.737189934895,No comparison,
Canada,Vans,BEV,2047,460432.67643173883,1.9577507575642077,Global Net-zero,Vehicle body,BEV,Iron,902171.34,813228.45182881,No comparison,
Canada,Vans,BEV,2047,460432.67643173883,1.9577507575642077,Global Net-zero,Vehicle body,BEV,Lead,310.0,279.4378505383812,No comparison,
Canada,Vans,BEV,2047,460432.67643173883,1.9577507575642077,Global Net-zero,Vehicle body,BEV,Zinc,100.0,90.14124210915524,No comparison,
Canada,Buses,FCEV,2047,544.1477085102368,5.6752374182090595,Global Net-zero,Vehicle body,ICEV,Aluminum,71300.0,220.18633821318187,No comparison,
Canada,Buses,FCEV,2047,544.1477085102368,5.6752374182090595,Global Net-zero,Vehicle body,ICEV,Iron,902171.34,2786.0561542142987,No comparison,
Canada,Buses,FCEV,2047,544.1477085102368,5.6752374182090595,Global Net-zero,Vehicle body,ICEV,Lead,300.0,0.9264502309110036,No comparison,
Canada,Buses,FCEV,2047,544.1477085102368,5.6752374182090595,Global Net-zero,Vehicle body,ICEV,Zinc,100.0,0.3088167436370012,No comparison,
Canada,Cars,FCEV,2047,837.1503207849797,1.0,Global Net-zero,Vehicle body,ICEV,Aluminum,71300.0,59.68881787196905,No comparison,
Canada,Cars,FCEV,2047,837.1503207849797,1.0,Global Net-zero,Vehicle body,ICEV,Iron,902171.34,755.253026684015,No comparison,
Canada,Cars,FCEV,2047,837.1503207849797,1.0,Global Net-zero,Vehicle body,ICEV,Lead,300.0,0.2511450962354939,No comparison,
Canada,Cars,FCEV,2047,837.1503207849797,1.0,Global Net-zero,Vehicle body,ICEV,Zinc,100.0,0.08371503207849797,No comparison,
Canada,Trucks,FCEV,2047,251.1450962354939,3.6892781241792854,Global Net-zero,Vehicle body,ICEV,Aluminum,71300.0,66.0625950099531,No comparison,
Canada,Trucks,FCEV,2047,251.1450962354939,3.6892781241792854,Global Net-zero,Vehicle body,ICEV,Iron,902171.34,835.901540869659,No comparison,
Canada,Trucks,FCEV,2047,251.1450962354939,3.6892781241792854,Global Net-zero,Vehicle body,ICEV,Lead,300.0,0.27796323286095276,No comparison,
Canada,Trucks,FCEV,2047,251.1450962354939,3.6892781241792854,Global Net-zero,Vehicle body,ICEV,Zinc,100.0,0.0926544109536509,No comparison,
Canada,Cars,PHEV,2047,2595165.994433437,1.0,Global Net-zero,Vehicle body,PHEV,Aluminum,110658.0,287175.8786120153,No comparison,
Canada,Cars,PHEV,2047,2595165.994433437,1.0,Global Net-zero,Vehicle body,PHEV,Chromium,12789.0,33189.57790280923,No comparison,
Canada,Cars,PHEV,2047,2595165.994433437,1.0,Global Net-zero,Vehicle body,PHEV,Iron,902171.34,2341284.382720446,No comparison,
Canada,Cars,PHEV,2047,2595165.994433437,1.0,Global Net-zero,Vehicle body,PHEV,Lead,320.0,830.4531182186998,No comparison,
Canada,Cars,PHEV,2047,2595165.994433437,1.0,Global Net-zero,Vehicle body,PHEV,Zinc,100.0,259.5165994433437,No comparison,
Canada,Vans,PHEV,2047,267888.1026511935,1.9577507575642077,Global Net-zero,Vehicle body,PHEV,Aluminum,110658.0,58035.48840328669,No comparison,
Canada,Vans,PHEV,2047,267888.1026511935,1.9577507575642077,Global Net-zero,Vehicle body,PHEV,Chromium,12789.0,6707.295100125011,No comparison,
Canada,Vans,PHEV,2047,267888.1026511935,1.9577507575642077,Global Net-zero,Vehicle body,PHEV,Iron,902171.34,473151.0992458531,No comparison,
Canada,Vans,PHEV,2047,267888.1026511935,1.9577507575642077,Global Net-zero,Vehicle body,PHEV,Lead,320.0,167.8266034904999,No comparison,
Canada,Vans,PHEV,2047,267888.1026511935,1.9577507575642077,Global Net-zero,Vehicle body,PHEV,Zinc,100.0,52.44581359078123,No comparison,
Canada,2 and 3 wheelers,BEV,2048,7328.882205868477,0.09808569078889517,Global Net-zero,Vehicle body,BEV,Aluminum,127302.0,91.5121214409872,No comparison,
Canada,2 and 3 wheelers,BEV,2048,7328.882205868477,0.09808569078889517,Global Net-zero,Vehicle body,BEV,Chromium,11850.0,8.51847291539566,No comparison,
Canada,2 and 3 wheelers,BEV,2048,7328.882205868477,0.09808569078889517,Global Net-zero,Vehicle body,BEV,Iron,902171.34,648.5335126444058,No comparison,
Canada,2 and 3 wheelers,BEV,2048,7328.882205868477,0.09808569078889517,Global Net-zero,Vehicle body,BEV,Lead,310.0,0.22284612690064595,No comparison,
Canada,2 and 3 wheelers,BEV,2048,7328.882205868477,0.09808569078889517,Global Net-zero,Vehicle body,BEV,Zinc,100.0,0.07188584738730514,No comparison,
Canada,Buses,BEV,2048,9053.325077837531,5.6752374182090595,Global Net-zero,Vehicle body,BEV,Aluminum,127302.0,6540.747383911927,No comparison,
Canada,Buses,BEV,2048,9053.325077837531,5.6752374182090595,Global Net-zero,Vehicle body,BEV,Chromium,11850.0,608.850265505305,No comparison,
Canada,Buses,BEV,2048,9053.325077837531,5.6752374182090595,Global Net-zero,Vehicle body,BEV,Iron,902171.34,46353.355265002254,No comparison,
Canada,Buses,BEV,2048,9053.325077837531,5.6752374182090595,Global Net-zero,Vehicle body,BEV,Lead,310.0,15.92772846469574,No comparison,
Canada,Buses,BEV,2048,9053.325077837531,5.6752374182090595,Global Net-zero,Vehicle body,BEV,Zinc,100.0,5.1379769240954,No comparison,
Canada,Cars,BEV,2048,8191103.641853004,1.0,Global Net-zero,Vehicle body,BEV,Aluminum,127302.0,1042743.8758151712,No comparison,
Canada,Cars,BEV,2048,8191103.641853004,1.0,Global Net-zero,Vehicle body,BEV,Chromium,11850.0,97064.5781559581,No comparison,
Canada,Cars,BEV,2048,8191103.641853004,1.0,Global Net-zero,Vehicle body,BEV,Iron,902171.34,7389778.948649405,No comparison,
Canada,Cars,BEV,2048,8191103.641853004,1.0,Global Net-zero,Vehicle body,BEV,Lead,310.0,2539.242128974431,No comparison,
Canada,Cars,BEV,2048,8191103.641853004,1.0,Global Net-zero,Vehicle body,BEV,Zinc,100.0,819.1103641853003,No comparison,
Canada,Trucks,BEV,2048,86222.14359845268,3.6892781241792854,Global Net-zero,Vehicle body,BEV,Aluminum,127302.0,40494.44389649297,No comparison,
Canada,Trucks,BEV,2048,86222.14359845268,3.6892781241792854,Global Net-zero,Vehicle body,BEV,Chromium,11850.0,3769.454998141755,No comparison,
Canada,Trucks,BEV,2048,86222.14359845268,3.6892781241792854,Global Net-zero,Vehicle body,BEV,Iron,902171.34,286978.41913445096,No comparison,
Canada,Trucks,BEV,2048,86222.14359845268,3.6892781241792854,Global Net-zero,Vehicle body,BEV,Lead,310.0,98.61021514126111,No comparison,
Canada,Trucks,BEV,2048,86222.14359845268,3.6892781241792854,Global Net-zero,Vehicle body,BEV,Zinc,100.0,31.809746819761646,No comparison,
Canada,Vans,BEV,2048,474221.7897914897,1.9577507575642077,Global Net-zero,Vehicle body,BEV,Aluminum,127302.0,118188.20390025518,No comparison,
Canada,Vans,BEV,2048,474221.7897914897,1.9577507575642077,Global Net-zero,Vehicle body,BEV,Chromium,11850.0,11001.63560838026,No comparison,
Canada,Vans,BEV,2048,474221.7897914897,1.9577507575642077,Global Net-zero,Vehicle body,BEV,Iron,902171.34,837583.150970813,No comparison,
Canada,Vans,BEV,2048,474221.7897914897,1.9577507575642077,Global Net-zero,Vehicle body,BEV,Lead,310.0,287.80650114750046,No comparison,
Canada,Vans,BEV,2048,474221.7897914897,1.9577507575642077,Global Net-zero,Vehicle body,BEV,Zinc,100.0,92.84080682177435,No comparison,
Canada,Buses,FCEV,2048,560.4439333899423,5.6752374182090595,Global Net-zero,Vehicle body,ICEV,Aluminum,71300.0,226.78051480685835,No comparison,
Canada,Buses,FCEV,2048,560.4439333899423,5.6752374182090595,Global Net-zero,Vehicle body,ICEV,Iron,902171.34,2869.4934211668055,No comparison,
Canada,Buses,FCEV,2048,560.4439333899423,5.6752374182090595,Global Net-zero,Vehicle body,ICEV,Lead,300.0,0.9541957144748598,No comparison,
Canada,Buses,FCEV,2048,560.4439333899423,5.6752374182090595,Global Net-zero,Vehicle body,ICEV,Zinc,100.0,0.3180652381582867,No comparison,
Canada,Cars,FCEV,2048,862.2214359845268,1.0,Global Net-zero,Vehicle body,ICEV,Aluminum,71300.0,61.47638838569676,No comparison,
Canada,Cars,FCEV,2048,862.2214359845268,1.0,Global Net-zero,Vehicle body,ICEV,Iron,902171.34,777.8714682788848,No comparison,
Canada,Cars,FCEV,2048,862.2214359845268,1.0,Global Net-zero,Vehicle body,ICEV,Lead,300.0,0.258666430795358,No comparison,
Canada,Cars,FCEV,2048,862.2214359845268,1.0,Global Net-zero,Vehicle body,ICEV,Zinc,100.0,0.08622214359845268,No comparison,
Canada,Trucks,FCEV,2048,258.666430795358,3.6892781241792854,Global Net-zero,Vehicle body,ICEV,Aluminum,71300.0,68.04104844747016,No comparison,
Canada,Trucks,FCEV,2048,258.666430795358,3.6892781241792854,Global Net-zero,Vehicle body,ICEV,Iron,902171.34,860.9352574033529,No comparison,
Canada,Trucks,FCEV,2048,258.666430795358,3.6892781241792854,Global Net-zero,Vehicle body,ICEV,Lead,300.0,0.28628772137785474,No comparison,
Canada,Trucks,FCEV,2048,258.666430795358,3.6892781241792854,Global Net-zero,Vehicle body,ICEV,Zinc,100.0,0.09542924045928491,No comparison,
Canada,Cars,PHEV,2048,2672886.451552033,1.0,Global Net-zero,Vehicle body,PHEV,Aluminum,110658.0,295776.26895584486,No comparison,
Canada,Cars,PHEV,2048,2672886.451552033,1.0,Global Net-zero,Vehicle body,PHEV,Chromium,12789.0,34183.54482889895,No comparison,
Canada,Cars,PHEV,2048,2672886.451552033,1.0,Global Net-zero,Vehicle body,PHEV,Iron,902171.34,2411401.5516645424,No comparison,
Canada,Cars,PHEV,2048,2672886.451552033,1.0,Global Net-zero,Vehicle body,PHEV,Lead,320.0,855.3236644966506,No comparison,
Canada,Cars,PHEV,2048,2672886.451552033,1.0,Global Net-zero,Vehicle body,PHEV,Zinc,100.0,267.28864515520326,No comparison,
Canada,Vans,PHEV,2048,275910.85951504856,1.9577507575642077,Global Net-zero,Vehicle body,PHEV,Aluminum,110658.0,59773.54473474273,No comparison,
Canada,Vans,PHEV,2048,275910.85951504856,1.9577507575642077,Global Net-zero,Vehicle body,PHEV,Chromium,12789.0,6908.1662745813655,No comparison,
Canada,Vans,PHEV,2048,275910.85951504856,1.9577507575642077,Global Net-zero,Vehicle body,PHEV,Iron,902171.34,487321.10601938213,No comparison,
Canada,Vans,PHEV,2048,275910.85951504856,1.9577507575642077,Global Net-zero,Vehicle body,PHEV,Lead,320.0,172.85270215544898,No comparison,
Canada,Vans,PHEV,2048,275910.85951504856,1.9577507575642077,Global Net-zero,Vehicle body,PHEV,Zinc,100.0,54.01646942357781,No comparison,
Canada,2 and 3 wheelers,BEV,2049,7533.350551938862,0.09808569078889517,Global Net-zero,Vehicle body,BEV,Aluminum,127302.0,94.06521638655038,No comparison,
Canada,2 and 3 wheelers,BEV,2049,7533.350551938862,0.09808569078889517,Global Net-zero,Vehicle body,BEV,Chromium,11850.0,8.75612963017566,No comparison,
Canada,2 and 3 wheelers,BEV,2049,7533.350551938862,0.09808569078889517,Global Net-zero,Vehicle body,BEV,Iron,902171.34,666.6269368497284,No comparison,
Canada,2 and 3 wheelers,BEV,2049,7533.350551938862,0.09808569078889517,Global Net-zero,Vehicle body,BEV,Lead,310.0,0.22906330678096667,No comparison,
Canada,2 and 3 wheelers,BEV,2049,7533.350551938862,0.09808569078889517,Global Net-zero,Vehicle body,BEV,Zinc,100.0,0.0738913892841828,No comparison,
Canada,Buses,BEV,2049,9305.9036229833,5.6752374182090595,Global Net-zero,Vehicle body,BEV,Aluminum,127302.0,6723.227571488387,No comparison,
Canada,Buses,BEV,2049,9305.9036229833,5.6752374182090595,Global Net-zero,Vehicle body,BEV,Chromium,11850.0,625.8365675491145,No comparison,
Canada,Buses,BEV,2049,9305.9036229833,5.6752374182090595,Global Net-zero,Vehicle body,BEV,Iron,902171.34,47646.56664698609,No comparison,
Canada,Buses,BEV,2049,9305.9036229833,5.6752374182090595,Global Net-zero,Vehicle body,BEV,Lead,310.0,16.372095859934642,No comparison,
Canada,Buses,BEV,2049,9305.9036229833,5.6752374182090595,Global Net-zero,Vehicle body,BEV,Zinc,100.0,5.281321245140208,No comparison,
Canada,Cars,BEV,2049,8419627.08746108,1.0,Global Net-zero,Vehicle body,BEV,Aluminum,127302.0,1071835.3674879705,No comparison,
Canada,Cars,BEV,2049,8419627.08746108,1.0,Global Net-zero,Vehicle body,BEV,Chromium,11850.0,99772.5809864138,No comparison,
Canada,Cars,BEV,2049,8419627.08746108,1.0,Global Net-zero,Vehicle body,BEV,Iron,902171.34,7595946.25179506,No comparison,
Canada,Cars,BEV,2049,8419627.08746108,1.0,Global Net-zero,Vehicle body,BEV,Lead,310.0,2610.084397112935,No comparison,
Canada,Cars,BEV,2049,8419627.08746108,1.0,Global Net-zero,Vehicle body,BEV,Zinc,100.0,841.9627087461081,No comparison,
Canada,Trucks,BEV,2049,88627.6535522219,3.6892781241792854,Global Net-zero,Vehicle body,BEV,Aluminum,127302.0,41624.19762100036,No comparison,
Canada,Trucks,BEV,2049,88627.6535522219,3.6892781241792854,Global Net-zero,Vehicle body,BEV,Chromium,11850.0,3874.6189518535,No comparison,
Canada,Trucks,BEV,2049,88627.6535522219,3.6892781241792854,Global Net-zero,Vehicle body,BEV,Iron,902171.34,294984.8246230437,No comparison,
Canada,Trucks,BEV,2049,88627.6535522219,3.6892781241792854,Global Net-zero,Vehicle body,BEV,Lead,310.0,101.36133966874137,No comparison,
Canada,Trucks,BEV,2049,88627.6535522219,3.6892781241792854,Global Net-zero,Vehicle body,BEV,Zinc,100.0,32.69720634475528,No comparison,
Canada,Vans,BEV,2049,487452.09453722043,1.9577507575642077,Global Net-zero,Vehicle body,BEV,Aluminum,127302.0,121485.53436589755,No comparison,
Canada,Vans,BEV,2049,487452.09453722043,1.9577507575642077,Global Net-zero,Vehicle body,BEV,Chromium,11850.0,11308.570032174563,No comparison,
Canada,Vans,BEV,2049,487452.09453722043,1.9577507575642077,Global Net-zero,Vehicle body,BEV,Iron,902171.34,860950.8674608242,No comparison,
Canada,Vans,BEV,2049,487452.09453722043,1.9577507575642077,Global Net-zero,Vehicle body,BEV,Lead,310.0,295.83600928051595,No comparison,
Canada,Vans,BEV,2049,487452.09453722043,1.9577507575642077,Global Net-zero,Vehicle body,BEV,Zinc,100.0,95.43097073565032,No comparison,
Canada,Buses,FCEV,2049,576.0797480894423,5.6752374182090595,Global Net-zero,Vehicle body,ICEV,Aluminum,71300.0,233.10746010097418,No comparison,
Canada,Buses,FCEV,2049,576.0797480894423,5.6752374182090595,Global Net-zero,Vehicle body,ICEV,Iron,902171.34,2949.5493638610433,No comparison,
Canada,Buses,FCEV,2049,576.0797480894423,5.6752374182090595,Global Net-zero,Vehicle body,ICEV,Lead,300.0,0.9808168026688956,No comparison,
Canada,Buses,FCEV,2049,576.0797480894423,5.6752374182090595,Global Net-zero,Vehicle body,ICEV,Zinc,100.0,0.3269389342229652,No comparison,
Canada,Cars,FCEV,2049,886.276535522219,1.0,Global Net-zero,Vehicle body,ICEV,Aluminum,71300.0,63.191516982734214,No comparison,
Canada,Cars,FCEV,2049,886.276535522219,1.0,Global Net-zero,Vehicle body,ICEV,Iron,902171.34,799.5732896626379,No comparison,
Canada,Cars,FCEV,2049,886.276535522219,1.0,Global Net-zero,Vehicle body,ICEV,Lead,300.0,0.26588296065666567,No comparison,
Canada,Cars,FCEV,2049,886.276535522219,1.0,Global Net-zero,Vehicle body,ICEV,Zinc,100.0,0.0886276535522219,No comparison,
Canada,Trucks,FCEV,2049,265.8829606566657,3.6892781241792854,Global Net-zero,Vehicle body,ICEV,Aluminum,71300.0,69.93932437143154,No comparison,
Canada,Trucks,FCEV,2049,265.8829606566657,3.6892781241792854,Global Net-zero,Vehicle body,ICEV,Iron,902171.34,884.9544738691312,No comparison,
Canada,Trucks,FCEV,2049,265.8829606566657,3.6892781241792854,Global Net-zero,Vehicle body,ICEV,Lead,300.0,0.29427485710279755,No comparison,
Canada,Trucks,FCEV,2049,265.8829606566657,3.6892781241792854,Global Net-zero,Vehicle body,ICEV,Zinc,100.0,0.09809161903426583,No comparison,
Canada,Cars,PHEV,2049,2747457.260118879,1.0,Global Net-zero,Vehicle body,PHEV,Aluminum,110658.0,304028.12549023493,No comparison,
Canada,Cars,PHEV,2049,2747457.260118879,1.0,Global Net-zero,Vehicle body,PHEV,Chromium,12789.0,35137.23089966034,No comparison,
Canada,Cars,PHEV,2049,2747457.260118879,1.0,Global Net-zero,Vehicle body,PHEV,Iron,902171.34,2478677.1979541774,No comparison,
Canada,Cars,PHEV,2049,2747457.260118879,1.0,Global Net-zero,Vehicle body,PHEV,Lead,320.0,879.1863232380413,No comparison,
Canada,Cars,PHEV,2049,2747457.260118879,1.0,Global Net-zero,Vehicle body,PHEV,Zinc,100.0,274.7457260118879,No comparison,
Canada,Vans,PHEV,2049,283608.4913671101,1.9577507575642077,Global Net-zero,Vehicle body,PHEV,Aluminum,110658.0,61441.16572896345,No comparison,
Canada,Vans,PHEV,2049,283608.4913671101,1.9577507575642077,Global Net-zero,Vehicle body,PHEV,Chromium,12789.0,7100.897074840622,No comparison,
Canada,Vans,PHEV,2049,283608.4913671101,1.9577507575642077,Global Net-zero,Vehicle body,PHEV,Iron,902171.34,500916.86834084324,No comparison,
Canada,Vans,PHEV,2049,283608.4913671101,1.9577507575642077,Global Net-zero,Vehicle body,PHEV,Lead,320.0,177.6751164241926,No comparison,
Canada,Vans,PHEV,2049,283608.4913671101,1.9577507575642077,Global Net-zero,Vehicle body,PHEV,Zinc,100.0,55.52347388256019,No comparison,
Canada,2 and 3 wheelers,BEV,2050,7730.068933389943,0.09808569078889517,Global Net-zero,Vehicle body,BEV,Aluminum,127302.0,96.52154136317655,No comparison,
Canada,2 and 3 wheelers,BEV,2050,7730.068933389943,0.09808569078889517,Global Net-zero,Vehicle body,BEV,Chromium,11850.0,8.984778441451368,No comparison,
Canada,2 and 3 wheelers,BEV,2050,7730.068933389943,0.09808569078889517,Global Net-zero,Vehicle body,BEV,Iron,902171.34,684.034565917915,No comparison,
Canada,2 and 3 wheelers,BEV,2050,7730.068933389943,0.09808569078889517,Global Net-zero,Vehicle body,BEV,Lead,310.0,0.23504483686497252,No comparison,
Canada,2 and 3 wheelers,BEV,2050,7730.068933389943,0.09808569078889517,Global Net-zero,Vehicle body,BEV,Zinc,100.0,0.07582091511773306,No comparison,
Canada,Buses,BEV,2050,9548.90868242287,5.6752374182090595,Global Net-zero,Vehicle body,BEV,Aluminum,127302.0,6898.791211713529,No comparison,
Canada,Buses,BEV,2050,9548.90868242287,5.6752374182090595,Global Net-zero,Vehicle body,BEV,Chromium,11850.0,642.1790377119396,No comparison,
Canada,Buses,BEV,2050,9548.90868242287,5.6752374182090595,Global Net-zero,Vehicle body,BEV,Iron,902171.34,48890.76143227772,No comparison,
Canada,Buses,BEV,2050,9548.90868242287,5.6752374182090595,Global Net-zero,Vehicle body,BEV,Lead,310.0,16.79962039583977,No comparison,
Canada,Buses,BEV,2050,9548.90868242287,5.6752374182090595,Global Net-zero,Vehicle body,BEV,Zinc,100.0,5.419232385754764,No comparison,
Canada,Cars,BEV,2050,8639488.807906406,1.0,Global Net-zero,Vehicle body,BEV,Aluminum,127302.0,1099824.2042241013,No comparison,
Canada,Cars,BEV,2050,8639488.807906406,1.0,Global Net-zero,Vehicle body,BEV,Chromium,11850.0,102377.94237369092,No comparison,
Canada,Cars,BEV,2050,8639488.807906406,1.0,Global Net-zero,Vehicle body,BEV,Iron,902171.34,7794299.194743925,No comparison,
Canada,Cars,BEV,2050,8639488.807906406,1.0,Global Net-zero,Vehicle body,BEV,Lead,310.0,2678.241530450986,No comparison,
Canada,Cars,BEV,2050,8639488.807906406,1.0,Global Net-zero,Vehicle body,BEV,Zinc,100.0,863.9488807906406,No comparison,
Canada,Trucks,BEV,2050,90941.98745164639,3.6892781241792854,Global Net-zero,Vehicle body,BEV,Aluminum,127302.0,42711.130285124935,No comparison,
Canada,Trucks,BEV,2050,90941.98745164639,3.6892781241792854,Global Net-zero,Vehicle body,BEV,Chromium,11850.0,3975.7968757657413,No comparison,
Canada,Trucks,BEV,2050,90941.98745164639,3.6892781241792854,Global Net-zero,Vehicle body,BEV,Iron,902171.34,302687.76328923146,No comparison,
Canada,Trucks,BEV,2050,90941.98745164639,3.6892781241792854,Global Net-zero,Vehicle body,BEV,Lead,310.0,104.0081883111713,No comparison,
Canada,Trucks,BEV,2050,90941.98745164639,3.6892781241792854,Global Net-zero,Vehicle body,BEV,Zinc,100.0,33.55102848747461,No comparison,
Canada,Vans,BEV,2050,500180.9309840551,1.9577507575642077,Global Net-zero,Vehicle body,BEV,Aluminum,127302.0,124657.88610041604,No comparison,
Canada,Vans,BEV,2050,500180.9309840551,1.9577507575642077,Global Net-zero,Vehicle body,BEV,Chromium,11850.0,11603.870719155473,No comparison,
Canada,Vans,BEV,2050,500180.9309840551,1.9577507575642077,Global Net-zero,Vehicle body,BEV,Iron,902171.34,883432.877290064,No comparison,
Canada,Vans,BEV,2050,500180.9309840551,1.9577507575642077,Global Net-zero,Vehicle body,BEV,Lead,310.0,303.5611749314934,No comparison,
Canada,Vans,BEV,2050,500180.9309840551,1.9577507575642077,Global Net-zero,Vehicle body,BEV,Zinc,100.0,97.92295965532047,No comparison,
Canada,Buses,FCEV,2050,591.1229184357015,5.6752374182090595,Global Net-zero,Vehicle body,ICEV,Aluminum,71300.0,239.19459515981387,No comparison,
Canada,Buses,FCEV,2050,591.1229184357015,5.6752374182090595,Global Net-zero,Vehicle body,ICEV,Iron,902171.34,3026.5709458076685,No comparison,
Canada,Buses,FCEV,2050,591.1229184357015,5.6752374182090595,Global Net-zero,Vehicle body,ICEV,Lead,300.0,1.0064288716401706,No comparison,
Canada,Buses,FCEV,2050,591.1229184357015,5.6752374182090595,Global Net-zero,Vehicle body,ICEV,Zinc,100.0,0.3354762905467235,No comparison,
Canada,Cars,FCEV,2050,909.4198745164638,1.0,Global Net-zero,Vehicle body,ICEV,Aluminum,71300.0,64.84163705302387,No comparison,
Canada,Cars,FCEV,2050,909.4198745164638,1.0,Global Net-zero,Vehicle body,ICEV,Iron,902171.34,820.45254681515,No comparison,
Canada,Cars,FCEV,2050,909.4198745164638,1.0,Global Net-zero,Vehicle body,ICEV,Lead,300.0,0.27282596235493917,No comparison,
Canada,Cars,FCEV,2050,909.4198745164638,1.0,Global Net-zero,Vehicle body,ICEV,Zinc,100.0,0.09094198745164637,No comparison,
Canada,Trucks,FCEV,2050,272.8259623549392,3.6892781241792854,Global Net-zero,Vehicle body,ICEV,Aluminum,71300.0,71.7656499347082,No comparison,
Canada,Trucks,FCEV,2050,272.8259623549392,3.6892781241792854,Global Net-zero,Vehicle body,ICEV,Iron,902171.34,908.0632898676943,No comparison,
Canada,Trucks,FCEV,2050,272.8259623549392,3.6892781241792854,Global Net-zero,Vehicle body,ICEV,Lead,300.0,0.3019592563872715,No comparison,
Canada,Trucks,FCEV,2050,272.8259623549392,3.6892781241792854,Global Net-zero,Vehicle body,ICEV,Zinc,100.0,0.10065308546242384,No comparison,
Canada,Cars,PHEV,2050,2819201.611001038,1.0,Global Net-zero,Vehicle body,PHEV,Aluminum,110658.0,311967.21187015285,No comparison,
Canada,Cars,PHEV,2050,2819201.611001038,1.0,Global Net-zero,Vehicle body,PHEV,Chromium,12789.0,36054.76940309228,No comparison,
Canada,Cars,PHEV,2050,2819201.611001038,1.0,Global Net-zero,Vehicle body,PHEV,Iron,902171.34,2543402.8951269654,No comparison,
Canada,Cars,PHEV,2050,2819201.611001038,1.0,Global Net-zero,Vehicle body,PHEV,Lead,320.0,902.1445155203321,No comparison,
Canada,Cars,PHEV,2050,2819201.611001038,1.0,Global Net-zero,Vehicle body,PHEV,Zinc,100.0,281.92016110010377,No comparison,
Canada,Vans,PHEV,2050,291014.3598452684,1.9577507575642077,Global Net-zero,Vehicle body,PHEV,Aluminum,110658.0,63045.57887731462,No comparison,
Canada,Vans,PHEV,2050,291014.3598452684,1.9577507575642077,Global Net-zero,Vehicle body,PHEV,Chromium,12789.0,7286.322798731016,No comparison,
Canada,Vans,PHEV,2050,291014.3598452684,1.9577507575642077,Global Net-zero,Vehicle body,PHEV,Iron,902171.34,513997.31042330986,No comparison,
Canada,Vans,PHEV,2050,291014.3598452684,1.9577507575642077,Global Net-zero,Vehicle body,PHEV,Lead,320.0,182.3147467037239,No comparison,
Canada,Vans,PHEV,2050,291014.3598452684,1.9577507575642077,Global Net-zero,Vehicle body,PHEV,Zinc,100.0,56.97335834491371,No comparison,
