Country,Mode,Powertrain,Year,EV_sales,Mass_vehicule,Scenario,Technology,Sub-technology,Metal,Metal intensity (g/vehicle),Metal_demand_t,Fiability_used,Comment
Canada,2 and 3 wheelers,BEV,2024,170.0,0.09808569078889517,Current Measures,Vehicle motor,PM,Copper,13884.5,0.23151803153893058,No comparison,
Canada,2 and 3 wheelers,BEV,2024,170.0,0.09808569078889517,Current Measures,Vehicle motor,PM,Dysprosium,83.0,0.0013839890970313111,Variability in data,
Canada,2 and 3 wheelers,BEV,2024,170.0,0.09808569078889517,Current Measures,Vehicle motor,PM,Neodymium,695.0,0.011588824366707965,Small variability in data,
Canada,2 and 3 wheelers,BEV,2024,170.0,0.09808569078889517,Current Measures,Vehicle motor,PM,Praesodymium,1.0,1.667456743411218e-05,No comparison,
Canada,Buses,BEV,2024,210.0,5.6752374182090595,Current Measures,Vehicle motor,PM,Copper,13884.5,16.547545125955974,No comparison,
Canada,Buses,BEV,2024,210.0,5.6752374182090595,Current Measures,Vehicle motor,PM,Dysprosium,83.0,0.09891938819938392,Variability in data,
Canada,Buses,BEV,2024,210.0,5.6752374182090595,Current Measures,Vehicle motor,PM,Neodymium,695.0,0.8283009011876123,Small variability in data,
Canada,Buses,BEV,2024,210.0,5.6752374182090595,Current Measures,Vehicle motor,PM,Praesodymium,1.0,0.0011917998578239025,No comparison,
Canada,Cars,BEV,2024,190000.0,1.0,Current Measures,Vehicle motor,PM,Copper,13884.5,2638.055,No comparison,
Canada,Cars,BEV,2024,190000.0,1.0,Current Measures,Vehicle motor,PM,Dysprosium,83.0,15.77,Variability in data,
Canada,Cars,BEV,2024,190000.0,1.0,Current Measures,Vehicle motor,PM,Neodymium,695.0,132.05,Small variability in data,
Canada,Cars,BEV,2024,190000.0,1.0,Current Measures,Vehicle motor,PM,Praesodymium,1.0,0.19,No comparison,
Canada,Trucks,BEV,2024,2000.0,3.6892781241792854,Current Measures,Vehicle motor,PM,Copper,13884.5,102.44756423033458,No comparison,
Canada,Trucks,BEV,2024,2000.0,3.6892781241792854,Current Measures,Vehicle motor,PM,Dysprosium,83.0,0.6124201686137615,Variability in data,
Canada,Trucks,BEV,2024,2000.0,3.6892781241792854,Current Measures,Vehicle motor,PM,Neodymium,695.0,5.128096592609207,Small variability in data,
Canada,Trucks,BEV,2024,2000.0,3.6892781241792854,Current Measures,Vehicle motor,PM,Praesodymium,1.0,0.007378556248358571,No comparison,
Canada,Vans,BEV,2024,11000.0,1.9577507575642077,Current Measures,Vehicle motor,PM,Copper,13884.5,299.00629432740266,No comparison,
Canada,Vans,BEV,2024,11000.0,1.9577507575642077,Current Measures,Vehicle motor,PM,Dysprosium,83.0,1.7874264416561219,Variability in data,
Canada,Vans,BEV,2024,11000.0,1.9577507575642077,Current Measures,Vehicle motor,PM,Neodymium,695.0,14.967004541578369,Small variability in data,
Canada,Vans,BEV,2024,11000.0,1.9577507575642077,Current Measures,Vehicle motor,PM,Praesodymium,1.0,0.021535258333206287,No comparison,
Canada,Buses,FCEV,2024,13.0,5.6752374182090595,Current Measures,Vehicle motor,PM,Copper,13884.5,1.024371841130608,No comparison,
Canada,Buses,FCEV,2024,13.0,5.6752374182090595,Current Measures,Vehicle motor,PM,Dysprosium,83.0,0.006123581174247575,Variability in data,
Canada,Buses,FCEV,2024,13.0,5.6752374182090595,Current Measures,Vehicle motor,PM,Neodymium,695.0,0.05127577007351885,Small variability in data,
Canada,Buses,FCEV,2024,13.0,5.6752374182090595,Current Measures,Vehicle motor,PM,Praesodymium,1.0,7.377808643671777e-05,No comparison,
Canada,Cars,FCEV,2024,20.0,1.0,Current Measures,Vehicle motor,PM,Copper,13884.5,0.27769,No comparison,
Canada,Cars,FCEV,2024,20.0,1.0,Current Measures,Vehicle motor,PM,Dysprosium,83.0,0.00166,Variability in data,
Canada,Cars,FCEV,2024,20.0,1.0,Current Measures,Vehicle motor,PM,Neodymium,695.0,0.0139,Small variability in data,
Canada,Cars,FCEV,2024,20.0,1.0,Current Measures,Vehicle motor,PM,Praesodymium,1.0,2e-05,No comparison,
Canada,Trucks,FCEV,2024,6.0,3.6892781241792854,Current Measures,Vehicle motor,PM,Copper,13884.5,0.3073426926910037,No comparison,
Canada,Trucks,FCEV,2024,6.0,3.6892781241792854,Current Measures,Vehicle motor,PM,Dysprosium,83.0,0.001837260505841284,Variability in data,
Canada,Trucks,FCEV,2024,6.0,3.6892781241792854,Current Measures,Vehicle motor,PM,Neodymium,695.0,0.01538428977782762,Small variability in data,
Canada,Trucks,FCEV,2024,6.0,3.6892781241792854,Current Measures,Vehicle motor,PM,Praesodymium,1.0,2.213566874507571e-05,No comparison,
Canada,Cars,PHEV,2024,62000.0,1.0,Current Measures,Vehicle motor,PM,Copper,13884.5,860.839,No comparison,
Canada,Cars,PHEV,2024,62000.0,1.0,Current Measures,Vehicle motor,PM,Dysprosium,83.0,5.146,Variability in data,
Canada,Cars,PHEV,2024,62000.0,1.0,Current Measures,Vehicle motor,PM,Neodymium,695.0,43.09,Small variability in data,
Canada,Cars,PHEV,2024,62000.0,1.0,Current Measures,Vehicle motor,PM,Praesodymium,1.0,0.062,No comparison,
Canada,Vans,PHEV,2024,6400.0,1.9577507575642077,Current Measures,Vehicle motor,PM,Copper,13884.5,173.96729851776152,No comparison,
Canada,Vans,PHEV,2024,6400.0,1.9577507575642077,Current Measures,Vehicle motor,PM,Dysprosium,83.0,1.039957202418107,Variability in data,
Canada,Vans,PHEV,2024,6400.0,1.9577507575642077,Current Measures,Vehicle motor,PM,Neodymium,695.0,8.708075369645595,Small variability in data,
Canada,Vans,PHEV,2024,6400.0,1.9577507575642077,Current Measures,Vehicle motor,PM,Praesodymium,1.0,0.012529604848410928,No comparison,
Canada,2 and 3 wheelers,BEV,2025,243.2677962581561,0.09808569078889517,Current Measures,Vehicle motor,PM,Copper,13884.5,0.33129930192059953,No comparison,
Canada,2 and 3 wheelers,BEV,2025,243.2677962581561,0.09808569078889517,Current Measures,Vehicle motor,PM,Dysprosium,83.0,0.0019804704569418964,Variability in data,
Canada,2 and 3 wheelers,BEV,2025,243.2677962581561,0.09808569078889517,Current Measures,Vehicle motor,PM,Neodymium,695.0,0.016583457440658048,Small variability in data,
Canada,2 and 3 wheelers,BEV,2025,243.2677962581561,0.09808569078889517,Current Measures,Vehicle motor,PM,Praesodymium,1.0,2.386108984267345e-05,No comparison,
Canada,Buses,BEV,2025,300.5072777306634,5.6752374182090595,Current Measures,Vehicle motor,PM,Copper,13884.5,23.679322566315893,No comparison,
Canada,Buses,BEV,2025,300.5072777306634,5.6752374182090595,Current Measures,Vehicle motor,PM,Dysprosium,83.0,0.14155236220275985,Variability in data,
Canada,Buses,BEV,2025,300.5072777306634,5.6752374182090595,Current Measures,Vehicle motor,PM,Neodymium,695.0,1.185287852179736,Small variability in data,
Canada,Buses,BEV,2025,300.5072777306634,5.6752374182090595,Current Measures,Vehicle motor,PM,Praesodymium,1.0,0.001705450147021203,No comparison,
Canada,Cars,BEV,2025,271887.53699440975,1.0,Current Measures,Vehicle motor,PM,Copper,13884.5,3775.0225073988818,No comparison,
Canada,Cars,BEV,2025,271887.53699440975,1.0,Current Measures,Vehicle motor,PM,Dysprosium,83.0,22.56666557053601,Variability in data,
Canada,Cars,BEV,2025,271887.53699440975,1.0,Current Measures,Vehicle motor,PM,Neodymium,695.0,188.96183821111475,Small variability in data,
Canada,Cars,BEV,2025,271887.53699440975,1.0,Current Measures,Vehicle motor,PM,Praesodymium,1.0,0.27188753699440976,No comparison,
Canada,Trucks,BEV,2025,2861.9740736253657,3.6892781241792854,Current Measures,Vehicle motor,PM,Copper,13884.5,146.6011363666435,No comparison,
Canada,Trucks,BEV,2025,2861.9740736253657,3.6892781241792854,Current Measures,Vehicle motor,PM,Dysprosium,83.0,0.8763653223689299,Variability in data,
Canada,Trucks,BEV,2025,2861.9740736253657,3.6892781241792854,Current Measures,Vehicle motor,PM,Neodymium,695.0,7.338239747547065,Small variability in data,
Canada,Trucks,BEV,2025,2861.9740736253657,3.6892781241792854,Current Measures,Vehicle motor,PM,Praesodymium,1.0,0.010558618341794338,No comparison,
Canada,Vans,BEV,2025,15740.857404939512,1.9577507575642077,Current Measures,Vehicle motor,PM,Copper,13884.5,427.8741311079109,No comparison,
Canada,Vans,BEV,2025,15740.857404939512,1.9577507575642077,Current Measures,Vehicle motor,PM,Dysprosium,83.0,2.557784067266131,Variability in data,
Canada,Vans,BEV,2025,15740.857404939512,1.9577507575642077,Current Measures,Vehicle motor,PM,Neodymium,695.0,21.417589478915197,Small variability in data,
Canada,Vans,BEV,2025,15740.857404939512,1.9577507575642077,Current Measures,Vehicle motor,PM,Praesodymium,1.0,0.0308166755092305,No comparison,
Canada,Buses,FCEV,2025,18.602831478564877,5.6752374182090595,Current Measures,Vehicle motor,PM,Copper,13884.5,1.465862825533841,No comparison,
Canada,Buses,FCEV,2025,18.602831478564877,5.6752374182090595,Current Measures,Vehicle motor,PM,Dysprosium,83.0,0.008762765279218467,Variability in data,
Canada,Buses,FCEV,2025,18.602831478564877,5.6752374182090595,Current Measures,Vehicle motor,PM,Neodymium,695.0,0.07337496227779318,Small variability in data,
Canada,Buses,FCEV,2025,18.602831478564877,5.6752374182090595,Current Measures,Vehicle motor,PM,Praesodymium,1.0,0.00010557548529178875,No comparison,
Canada,Cars,FCEV,2025,28.619740736253657,1.0,Current Measures,Vehicle motor,PM,Copper,13884.5,0.3973707902525139,No comparison,
Canada,Cars,FCEV,2025,28.619740736253657,1.0,Current Measures,Vehicle motor,PM,Dysprosium,83.0,0.0023754384811090538,Variability in data,
Canada,Cars,FCEV,2025,28.619740736253657,1.0,Current Measures,Vehicle motor,PM,Neodymium,695.0,0.019890719811696295,Small variability in data,
Canada,Cars,FCEV,2025,28.619740736253657,1.0,Current Measures,Vehicle motor,PM,Praesodymium,1.0,2.8619740736253658e-05,No comparison,
Canada,Trucks,FCEV,2025,8.585922220876098,3.6892781241792854,Current Measures,Vehicle motor,PM,Copper,13884.5,0.4398034090999305,No comparison,
Canada,Trucks,FCEV,2025,8.585922220876098,3.6892781241792854,Current Measures,Vehicle motor,PM,Dysprosium,83.0,0.00262909596710679,Variability in data,
Canada,Trucks,FCEV,2025,8.585922220876098,3.6892781241792854,Current Measures,Vehicle motor,PM,Neodymium,695.0,0.022014719242641197,Small variability in data,
Canada,Trucks,FCEV,2025,8.585922220876098,3.6892781241792854,Current Measures,Vehicle motor,PM,Praesodymium,1.0,3.167585502538301e-05,No comparison,
Canada,Cars,PHEV,2025,88721.19628238634,1.0,Current Measures,Vehicle motor,PM,Copper,13884.5,1231.8494497827933,No comparison,
Canada,Cars,PHEV,2025,88721.19628238634,1.0,Current Measures,Vehicle motor,PM,Dysprosium,83.0,7.363859291438066,Variability in data,
Canada,Cars,PHEV,2025,88721.19628238634,1.0,Current Measures,Vehicle motor,PM,Neodymium,695.0,61.66123141625851,Small variability in data,
Canada,Cars,PHEV,2025,88721.19628238634,1.0,Current Measures,Vehicle motor,PM,Praesodymium,1.0,0.08872119628238634,No comparison,
Canada,Vans,PHEV,2025,9158.31703560117,1.9577507575642077,Current Measures,Vehicle motor,PM,Copper,13884.5,248.94494900823904,No comparison,
Canada,Vans,PHEV,2025,9158.31703560117,1.9577507575642077,Current Measures,Vehicle motor,PM,Dysprosium,83.0,1.4881652755002945,Variability in data,
Canada,Vans,PHEV,2025,9158.31703560117,1.9577507575642077,Current Measures,Vehicle motor,PM,Neodymium,695.0,12.461142969550657,Small variability in data,
Canada,Vans,PHEV,2025,9158.31703560117,1.9577507575642077,Current Measures,Vehicle motor,PM,Praesodymium,1.0,0.01792970211446138,No comparison,
Canada,2 and 3 wheelers,BEV,2026,327.92208241748733,0.09808569078889517,Current Measures,Vehicle motor,PM,Copper,13884.5,0.4465875001143742,No comparison,
Canada,2 and 3 wheelers,BEV,2026,327.92208241748733,0.09808569078889517,Current Measures,Vehicle motor,PM,Dysprosium,83.0,0.0026696505102447375,Variability in data,
Canada,2 and 3 wheelers,BEV,2026,327.92208241748733,0.09808569078889517,Current Measures,Vehicle motor,PM,Neodymium,695.0,0.02235430246530232,Small variability in data,
Canada,2 and 3 wheelers,BEV,2026,327.92208241748733,0.09808569078889517,Current Measures,Vehicle motor,PM,Praesodymium,1.0,3.216446397885226e-05,No comparison,
Canada,Buses,BEV,2026,405.08021945689615,5.6752374182090595,Current Measures,Vehicle motor,PM,Copper,13884.5,31.9194438623578,No comparison,
Canada,Buses,BEV,2026,405.08021945689615,5.6752374182090595,Current Measures,Vehicle motor,PM,Dysprosium,83.0,0.1908108927635635,Variability in data,
Canada,Buses,BEV,2026,405.08021945689615,5.6752374182090595,Current Measures,Vehicle motor,PM,Neodymium,695.0,1.5977538610924895,Small variability in data,
Canada,Buses,BEV,2026,405.08021945689615,5.6752374182090595,Current Measures,Vehicle motor,PM,Praesodymium,1.0,0.0022989264188381145,No comparison,
Canada,Cars,BEV,2026,366501.15093719173,1.0,Current Measures,Vehicle motor,PM,Copper,13884.5,5088.685230187439,No comparison,
Canada,Cars,BEV,2026,366501.15093719173,1.0,Current Measures,Vehicle motor,PM,Dysprosium,83.0,30.419595527786914,Variability in data,
Canada,Cars,BEV,2026,366501.15093719173,1.0,Current Measures,Vehicle motor,PM,Neodymium,695.0,254.71829990134827,Small variability in data,
Canada,Cars,BEV,2026,366501.15093719173,1.0,Current Measures,Vehicle motor,PM,Praesodymium,1.0,0.3665011509371917,No comparison,
Canada,Trucks,BEV,2026,3857.906851970439,3.6892781241792854,Current Measures,Vehicle motor,PM,Copper,13884.5,197.61658000594474,No comparison,
Canada,Trucks,BEV,2026,3857.906851970439,3.6892781241792854,Current Measures,Vehicle motor,PM,Dysprosium,83.0,1.181329982389961,Variability in data,
Canada,Trucks,BEV,2026,3857.906851970439,3.6892781241792854,Current Measures,Vehicle motor,PM,Neodymium,695.0,9.89185949109666,Small variability in data,
Canada,Trucks,BEV,2026,3857.906851970439,3.6892781241792854,Current Measures,Vehicle motor,PM,Praesodymium,1.0,0.014232891354095915,No comparison,
Canada,Vans,BEV,2026,21218.487685837415,1.9577507575642077,Current Measures,Vehicle motor,PM,Copper,13884.5,576.7692158339883,No comparison,
Canada,Vans,BEV,2026,21218.487685837415,1.9577507575642077,Current Measures,Vehicle motor,PM,Dysprosium,83.0,3.447862358329146,Variability in data,
Canada,Vans,BEV,2026,21218.487685837415,1.9577507575642077,Current Measures,Vehicle motor,PM,Neodymium,695.0,28.870654687213936,Small variability in data,
Canada,Vans,BEV,2026,21218.487685837415,1.9577507575642077,Current Measures,Vehicle motor,PM,Praesodymium,1.0,0.041540510341315014,No comparison,
Canada,Buses,FCEV,2026,25.076394537807857,5.6752374182090595,Current Measures,Vehicle motor,PM,Copper,13884.5,1.9759655724316734,No comparison,
Canada,Buses,FCEV,2026,25.076394537807857,5.6752374182090595,Current Measures,Vehicle motor,PM,Dysprosium,83.0,0.011812102885363454,Variability in data,
Canada,Buses,FCEV,2026,25.076394537807857,5.6752374182090595,Current Measures,Vehicle motor,PM,Neodymium,695.0,0.09890857235334459,Small variability in data,
Canada,Buses,FCEV,2026,25.076394537807857,5.6752374182090595,Current Measures,Vehicle motor,PM,Praesodymium,1.0,0.0001423144925947404,No comparison,
Canada,Cars,FCEV,2026,38.57906851970439,1.0,Current Measures,Vehicle motor,PM,Copper,13884.5,0.5356510768618357,No comparison,
Canada,Cars,FCEV,2026,38.57906851970439,1.0,Current Measures,Vehicle motor,PM,Dysprosium,83.0,0.0032020626871354647,Variability in data,
Canada,Cars,FCEV,2026,38.57906851970439,1.0,Current Measures,Vehicle motor,PM,Neodymium,695.0,0.02681245262119455,Small variability in data,
Canada,Cars,FCEV,2026,38.57906851970439,1.0,Current Measures,Vehicle motor,PM,Praesodymium,1.0,3.8579068519704394e-05,No comparison,
Canada,Trucks,FCEV,2026,11.573720555911319,3.6892781241792854,Current Measures,Vehicle motor,PM,Copper,13884.5,0.5928497400178341,No comparison,
Canada,Trucks,FCEV,2026,11.573720555911319,3.6892781241792854,Current Measures,Vehicle motor,PM,Dysprosium,83.0,0.003543989947169883,Variability in data,
Canada,Trucks,FCEV,2026,11.573720555911319,3.6892781241792854,Current Measures,Vehicle motor,PM,Neodymium,695.0,0.02967557847328998,Small variability in data,
Canada,Trucks,FCEV,2026,11.573720555911319,3.6892781241792854,Current Measures,Vehicle motor,PM,Praesodymium,1.0,4.269867406228774e-05,No comparison,
Canada,Cars,PHEV,2026,119595.11241108362,1.0,Current Measures,Vehicle motor,PM,Copper,13884.5,1660.5183382716907,No comparison,
Canada,Cars,PHEV,2026,119595.11241108362,1.0,Current Measures,Vehicle motor,PM,Dysprosium,83.0,9.926394330119942,Variability in data,
Canada,Cars,PHEV,2026,119595.11241108362,1.0,Current Measures,Vehicle motor,PM,Neodymium,695.0,83.11860312570313,Small variability in data,
Canada,Cars,PHEV,2026,119595.11241108362,1.0,Current Measures,Vehicle motor,PM,Praesodymium,1.0,0.11959511241108363,No comparison,
Canada,Vans,PHEV,2026,12345.301926305407,1.9577507575642077,Current Measures,Vehicle motor,PM,Copper,13884.5,335.57481648522963,No comparison,
Canada,Vans,PHEV,2026,12345.301926305407,1.9577507575642077,Current Measures,Vehicle motor,PM,Dysprosium,83.0,2.0060290084824124,Variability in data,
Canada,Vans,PHEV,2026,12345.301926305407,1.9577507575642077,Current Measures,Vehicle motor,PM,Neodymium,695.0,16.79747181801538,Small variability in data,
Canada,Vans,PHEV,2026,12345.301926305407,1.9577507575642077,Current Measures,Vehicle motor,PM,Praesodymium,1.0,0.024169024198583283,No comparison,
Canada,2 and 3 wheelers,BEV,2027,416.5631111649561,0.09808569078889517,Current Measures,Vehicle motor,PM,Copper,13884.5,0.5673051265214315,No comparison,
Canada,2 and 3 wheelers,BEV,2027,416.5631111649561,0.09808569078889517,Current Measures,Vehicle motor,PM,Dysprosium,83.0,0.003391287082810243,Variability in data,
Canada,2 and 3 wheelers,BEV,2027,416.5631111649561,0.09808569078889517,Current Measures,Vehicle motor,PM,Neodymium,695.0,0.028396921958471308,Small variability in data,
Canada,2 and 3 wheelers,BEV,2027,416.5631111649561,0.09808569078889517,Current Measures,Vehicle motor,PM,Praesodymium,1.0,4.085888051578606e-05,No comparison,
Canada,Buses,BEV,2027,514.5779608508282,5.6752374182090595,Current Measures,Vehicle motor,PM,Copper,13884.5,40.547628704768975,No comparison,
Canada,Buses,BEV,2027,514.5779608508282,5.6752374182090595,Current Measures,Vehicle motor,PM,Dysprosium,83.0,0.24238922413452593,Variability in data,
Canada,Buses,BEV,2027,514.5779608508282,5.6752374182090595,Current Measures,Vehicle motor,PM,Neodymium,695.0,2.029644708114404,Small variability in data,
Canada,Buses,BEV,2027,514.5779608508282,5.6752374182090595,Current Measures,Vehicle motor,PM,Praesodymium,1.0,0.0029203520980063363,No comparison,
Canada,Cars,BEV,2027,465570.53600789217,1.0,Current Measures,Vehicle motor,PM,Copper,13884.5,6464.214107201579,No comparison,
Canada,Cars,BEV,2027,465570.53600789217,1.0,Current Measures,Vehicle motor,PM,Dysprosium,83.0,38.64235448865505,Variability in data,
Canada,Cars,BEV,2027,465570.53600789217,1.0,Current Measures,Vehicle motor,PM,Neodymium,695.0,323.571522525485,Small variability in data,
Canada,Cars,BEV,2027,465570.53600789217,1.0,Current Measures,Vehicle motor,PM,Praesodymium,1.0,0.46557053600789217,No comparison,
Canada,Trucks,BEV,2027,4900.742484293602,3.6892781241792854,Current Measures,Vehicle motor,PM,Copper,13884.5,251.03456521799907,No comparison,
Canada,Trucks,BEV,2027,4900.742484293602,3.6892781241792854,Current Measures,Vehicle motor,PM,Dysprosium,83.0,1.5006567692818555,Variability in data,
Canada,Trucks,BEV,2027,4900.742484293602,3.6892781241792854,Current Measures,Vehicle motor,PM,Neodymium,695.0,12.565740417480598,Small variability in data,
Canada,Trucks,BEV,2027,4900.742484293602,3.6892781241792854,Current Measures,Vehicle motor,PM,Praesodymium,1.0,0.01808020203954043,No comparison,
Canada,Vans,BEV,2027,26954.08366361481,1.9577507575642077,Current Measures,Vehicle motor,PM,Copper,13884.5,732.6764248407496,No comparison,
Canada,Vans,BEV,2027,26954.08366361481,1.9577507575642077,Current Measures,Vehicle motor,PM,Dysprosium,83.0,4.379858350086947,Variability in data,
Canada,Vans,BEV,2027,26954.08366361481,1.9577507575642077,Current Measures,Vehicle motor,PM,Neodymium,695.0,36.67471750976419,Small variability in data,
Canada,Vans,BEV,2027,26954.08366361481,1.9577507575642077,Current Measures,Vehicle motor,PM,Praesodymium,1.0,0.05276937771189093,No comparison,
Canada,Buses,FCEV,2027,31.854826147908412,5.6752374182090595,Current Measures,Vehicle motor,PM,Copper,13884.5,2.510091300771413,No comparison,
Canada,Buses,FCEV,2027,31.854826147908412,5.6752374182090595,Current Measures,Vehicle motor,PM,Dysprosium,83.0,0.015005047208327797,Variability in data,
Canada,Buses,FCEV,2027,31.854826147908412,5.6752374182090595,Current Measures,Vehicle motor,PM,Neodymium,695.0,0.12564467240708216,Small variability in data,
Canada,Buses,FCEV,2027,31.854826147908412,5.6752374182090595,Current Measures,Vehicle motor,PM,Praesodymium,1.0,0.00018078370130515417,No comparison,
Canada,Cars,FCEV,2027,49.00742484293602,1.0,Current Measures,Vehicle motor,PM,Copper,13884.5,0.6804435902317452,No comparison,
Canada,Cars,FCEV,2027,49.00742484293602,1.0,Current Measures,Vehicle motor,PM,Dysprosium,83.0,0.004067616261963689,Variability in data,
Canada,Cars,FCEV,2027,49.00742484293602,1.0,Current Measures,Vehicle motor,PM,Neodymium,695.0,0.03406016026584053,Small variability in data,
Canada,Cars,FCEV,2027,49.00742484293602,1.0,Current Measures,Vehicle motor,PM,Praesodymium,1.0,4.900742484293602e-05,No comparison,
Canada,Trucks,FCEV,2027,14.702227452880805,3.6892781241792854,Current Measures,Vehicle motor,PM,Copper,13884.5,0.7531036956539974,No comparison,
Canada,Trucks,FCEV,2027,14.702227452880805,3.6892781241792854,Current Measures,Vehicle motor,PM,Dysprosium,83.0,0.004501970307845568,Variability in data,
Canada,Trucks,FCEV,2027,14.702227452880805,3.6892781241792854,Current Measures,Vehicle motor,PM,Neodymium,695.0,0.0376972212524418,Small variability in data,
Canada,Trucks,FCEV,2027,14.702227452880805,3.6892781241792854,Current Measures,Vehicle motor,PM,Praesodymium,1.0,5.424060611862129e-05,No comparison,
Canada,Cars,PHEV,2027,151923.01701310166,1.0,Current Measures,Vehicle motor,PM,Copper,13884.5,2109.37512971841,No comparison,
Canada,Cars,PHEV,2027,151923.01701310166,1.0,Current Measures,Vehicle motor,PM,Dysprosium,83.0,12.609610412087438,Variability in data,
Canada,Cars,PHEV,2027,151923.01701310166,1.0,Current Measures,Vehicle motor,PM,Neodymium,695.0,105.58649682410565,Small variability in data,
Canada,Cars,PHEV,2027,151923.01701310166,1.0,Current Measures,Vehicle motor,PM,Praesodymium,1.0,0.15192301701310165,No comparison,
Canada,Vans,PHEV,2027,15682.375949739526,1.9577507575642077,Current Measures,Vehicle motor,PM,Copper,13884.5,426.2844653618907,No comparison,
Canada,Vans,PHEV,2027,15682.375949739526,1.9577507575642077,Current Measures,Vehicle motor,PM,Dysprosium,83.0,2.5482812218687694,Variability in data,
Canada,Vans,PHEV,2027,15682.375949739526,1.9577507575642077,Current Measures,Vehicle motor,PM,Neodymium,695.0,21.33801746022644,Small variability in data,
Canada,Vans,PHEV,2027,15682.375949739526,1.9577507575642077,Current Measures,Vehicle motor,PM,Praesodymium,1.0,0.030702183396009268,No comparison,
Canada,2 and 3 wheelers,BEV,2028,512.018380380415,0.09808569078889517,Current Measures,Vehicle motor,PM,Copper,13884.5,0.6973028678672063,No comparison,
Canada,2 and 3 wheelers,BEV,2028,512.018380380415,0.09808569078889517,Current Measures,Vehicle motor,PM,Dysprosium,83.0,0.004168399152506616,Variability in data,
Canada,2 and 3 wheelers,BEV,2028,512.018380380415,0.09808569078889517,Current Measures,Vehicle motor,PM,Neodymium,695.0,0.03490406519267589,Small variability in data,
Canada,2 and 3 wheelers,BEV,2028,512.018380380415,0.09808569078889517,Current Measures,Vehicle motor,PM,Praesodymium,1.0,5.02216765362243e-05,No comparison,
Canada,Buses,BEV,2028,632.4932934111009,5.6752374182090595,Current Measures,Vehicle motor,PM,Copper,13884.5,49.8391014980224,No comparison,
Canada,Buses,BEV,2028,632.4932934111009,5.6752374182090595,Current Measures,Vehicle motor,PM,Dysprosium,83.0,0.29793261725923575,Variability in data,
Canada,Buses,BEV,2028,632.4932934111009,5.6752374182090595,Current Measures,Vehicle motor,PM,Neodymium,695.0,2.494736975845408,Small variability in data,
Canada,Buses,BEV,2028,632.4932934111009,5.6752374182090595,Current Measures,Vehicle motor,PM,Praesodymium,1.0,0.0035895496055329615,No comparison,
Canada,Cars,BEV,2028,572255.836895758,1.0,Current Measures,Vehicle motor,PM,Copper,13884.5,7945.486167379152,No comparison,
Canada,Cars,BEV,2028,572255.836895758,1.0,Current Measures,Vehicle motor,PM,Dysprosium,83.0,47.49723446234792,Variability in data,
Canada,Cars,BEV,2028,572255.836895758,1.0,Current Measures,Vehicle motor,PM,Neodymium,695.0,397.71780664255186,Small variability in data,
Canada,Cars,BEV,2028,572255.836895758,1.0,Current Measures,Vehicle motor,PM,Praesodymium,1.0,0.5722558368957581,No comparison,
Canada,Trucks,BEV,2028,6023.745651534295,3.6892781241792854,Current Measures,Vehicle motor,PM,Copper,13884.5,308.5590347713791,No comparison,
Canada,Trucks,BEV,2028,6023.745651534295,3.6892781241792854,Current Measures,Vehicle motor,PM,Dysprosium,83.0,1.8445316637995222,Variability in data,
Canada,Trucks,BEV,2028,6023.745651534295,3.6892781241792854,Current Measures,Vehicle motor,PM,Neodymium,695.0,15.44517477518877,Small variability in data,
Canada,Trucks,BEV,2028,6023.745651534295,3.6892781241792854,Current Measures,Vehicle motor,PM,Praesodymium,1.0,0.02222327305782557,No comparison,
Canada,Vans,BEV,2028,33130.601083438625,1.9577507575642077,Current Measures,Vehicle motor,PM,Copper,13884.5,900.5689326180377,No comparison,
Canada,Vans,BEV,2028,33130.601083438625,1.9577507575642077,Current Measures,Vehicle motor,PM,Dysprosium,83.0,5.383501127681741,Variability in data,
Canada,Vans,BEV,2028,33130.601083438625,1.9577507575642077,Current Measures,Vehicle motor,PM,Neodymium,695.0,45.078714261913376,Small variability in data,
Canada,Vans,BEV,2028,33130.601083438625,1.9577507575642077,Current Measures,Vehicle motor,PM,Praesodymium,1.0,0.06486145936965952,No comparison,
Canada,Buses,FCEV,2028,39.15434673497292,5.6752374182090595,Current Measures,Vehicle motor,PM,Copper,13884.5,3.0852777117823393,No comparison,
Canada,Buses,FCEV,2028,39.15434673497292,5.6752374182090595,Current Measures,Vehicle motor,PM,Dysprosium,83.0,0.01844344773509555,Variability in data,
Canada,Buses,FCEV,2028,39.15434673497292,5.6752374182090595,Current Measures,Vehicle motor,PM,Neodymium,695.0,0.15443609850471576,Small variability in data,
Canada,Buses,FCEV,2028,39.15434673497292,5.6752374182090595,Current Measures,Vehicle motor,PM,Praesodymium,1.0,0.00022221021367585002,No comparison,
Canada,Cars,FCEV,2028,60.23745651534295,1.0,Current Measures,Vehicle motor,PM,Copper,13884.5,0.8363669649872791,No comparison,
Canada,Cars,FCEV,2028,60.23745651534295,1.0,Current Measures,Vehicle motor,PM,Dysprosium,83.0,0.004999708890773465,Variability in data,
Canada,Cars,FCEV,2028,60.23745651534295,1.0,Current Measures,Vehicle motor,PM,Neodymium,695.0,0.04186503227816335,Small variability in data,
Canada,Cars,FCEV,2028,60.23745651534295,1.0,Current Measures,Vehicle motor,PM,Praesodymium,1.0,6.023745651534295e-05,No comparison,
Canada,Trucks,FCEV,2028,18.071236954602885,3.6892781241792854,Current Measures,Vehicle motor,PM,Copper,13884.5,0.9256771043141374,No comparison,
Canada,Trucks,FCEV,2028,18.071236954602885,3.6892781241792854,Current Measures,Vehicle motor,PM,Dysprosium,83.0,0.005533594991398567,Variability in data,
Canada,Trucks,FCEV,2028,18.071236954602885,3.6892781241792854,Current Measures,Vehicle motor,PM,Neodymium,695.0,0.04633552432556631,Small variability in data,
Canada,Trucks,FCEV,2028,18.071236954602885,3.6892781241792854,Current Measures,Vehicle motor,PM,Praesodymium,1.0,6.666981917347671e-05,No comparison,
Canada,Cars,PHEV,2028,186736.11519756314,1.0,Current Measures,Vehicle motor,PM,Copper,13884.5,2592.7375914605655,No comparison,
Canada,Cars,PHEV,2028,186736.11519756314,1.0,Current Measures,Vehicle motor,PM,Dysprosium,83.0,15.49909756139774,Variability in data,
Canada,Cars,PHEV,2028,186736.11519756314,1.0,Current Measures,Vehicle motor,PM,Neodymium,695.0,129.78160006230638,Small variability in data,
Canada,Cars,PHEV,2028,186736.11519756314,1.0,Current Measures,Vehicle motor,PM,Praesodymium,1.0,0.18673611519756314,No comparison,
Canada,Vans,PHEV,2028,19275.986084909742,1.9577507575642077,Current Measures,Vehicle motor,PM,Copper,13884.5,523.9673789777673,No comparison,
Canada,Vans,PHEV,2028,19275.986084909742,1.9577507575642077,Current Measures,Vehicle motor,PM,Dysprosium,83.0,3.1322188379239213,Variability in data,
Canada,Vans,PHEV,2028,19275.986084909742,1.9577507575642077,Current Measures,Vehicle motor,PM,Neodymium,695.0,26.227615570567774,Small variability in data,
Canada,Vans,PHEV,2028,19275.986084909742,1.9577507575642077,Current Measures,Vehicle motor,PM,Praesodymium,1.0,0.03773757636052917,No comparison,
Canada,2 and 3 wheelers,BEV,2029,615.5692379584278,0.09808569078889517,Current Measures,Vehicle motor,PM,Copper,13884.5,0.838325754400322,No comparison,
Canada,2 and 3 wheelers,BEV,2029,615.5692379584278,0.09808569078889517,Current Measures,Vehicle motor,PM,Dysprosium,83.0,0.005011418316484334,Variability in data,
Canada,2 and 3 wheelers,BEV,2029,615.5692379584278,0.09808569078889517,Current Measures,Vehicle motor,PM,Neodymium,695.0,0.0419630810838146,Small variability in data,
Canada,2 and 3 wheelers,BEV,2029,615.5692379584278,0.09808569078889517,Current Measures,Vehicle motor,PM,Praesodymium,1.0,6.037853393354619e-05,No comparison,
Canada,Buses,BEV,2029,760.4090586545285,5.6752374182090595,Current Measures,Vehicle motor,PM,Copper,13884.5,59.918586725102436,No comparison,
Canada,Buses,BEV,2029,760.4090586545285,5.6752374182090595,Current Measures,Vehicle motor,PM,Dysprosium,83.0,0.3581866612541685,Variability in data,
Canada,Buses,BEV,2029,760.4090586545285,5.6752374182090595,Current Measures,Vehicle motor,PM,Neodymium,695.0,2.9992738502608085,Small variability in data,
Canada,Buses,BEV,2029,760.4090586545285,5.6752374182090595,Current Measures,Vehicle motor,PM,Praesodymium,1.0,0.004315501942821307,No comparison,
Canada,Cars,BEV,2029,687989.1483064782,1.0,Current Measures,Vehicle motor,PM,Copper,13884.5,9552.385329661296,No comparison,
Canada,Cars,BEV,2029,687989.1483064782,1.0,Current Measures,Vehicle motor,PM,Dysprosium,83.0,57.10309930943769,Variability in data,
Canada,Cars,BEV,2029,687989.1483064782,1.0,Current Measures,Vehicle motor,PM,Neodymium,695.0,478.1524580730023,Small variability in data,
Canada,Cars,BEV,2029,687989.1483064782,1.0,Current Measures,Vehicle motor,PM,Praesodymium,1.0,0.6879891483064782,No comparison,
Canada,Trucks,BEV,2029,7241.991034805033,3.6892781241792854,Current Measures,Vehicle motor,PM,Copper,13884.5,370.9621708468479,No comparison,
Canada,Trucks,BEV,2029,7241.991034805033,3.6892781241792854,Current Measures,Vehicle motor,PM,Dysprosium,83.0,2.2175706853173236,Variability in data,
Canada,Trucks,BEV,2029,7241.991034805033,3.6892781241792854,Current Measures,Vehicle motor,PM,Neodymium,695.0,18.568814774645055,Small variability in data,
Canada,Trucks,BEV,2029,7241.991034805033,3.6892781241792854,Current Measures,Vehicle motor,PM,Praesodymium,1.0,0.026717719100208717,No comparison,
Canada,Vans,BEV,2029,39830.95069142768,1.9577507575642077,Current Measures,Vehicle motor,PM,Copper,13884.5,1082.7004514346627,No comparison,
Canada,Vans,BEV,2029,39830.95069142768,1.9577507575642077,Current Measures,Vehicle motor,PM,Dysprosium,83.0,6.472263132923548,Variability in data,
Canada,Vans,BEV,2029,39830.95069142768,1.9577507575642077,Current Measures,Vehicle motor,PM,Neodymium,695.0,54.19545635399838,Small variability in data,
Canada,Vans,BEV,2029,39830.95069142768,1.9577507575642077,Current Measures,Vehicle motor,PM,Praesodymium,1.0,0.07797907389064515,No comparison,
Canada,Buses,FCEV,2029,47.07294172623271,5.6752374182090595,Current Measures,Vehicle motor,PM,Copper,13884.5,3.7092458448872945,No comparison,
Canada,Buses,FCEV,2029,47.07294172623271,5.6752374182090595,Current Measures,Vehicle motor,PM,Dysprosium,83.0,0.02217345998240091,Variability in data,
Canada,Buses,FCEV,2029,47.07294172623271,5.6752374182090595,Current Measures,Vehicle motor,PM,Neodymium,695.0,0.18566933358757387,Small variability in data,
Canada,Buses,FCEV,2029,47.07294172623271,5.6752374182090595,Current Measures,Vehicle motor,PM,Praesodymium,1.0,0.00026715012026989047,No comparison,
Canada,Cars,FCEV,2029,72.41991034805034,1.0,Current Measures,Vehicle motor,PM,Copper,13884.5,1.0055142452275048,No comparison,
Canada,Cars,FCEV,2029,72.41991034805034,1.0,Current Measures,Vehicle motor,PM,Dysprosium,83.0,0.006010852558888178,Variability in data,
Canada,Cars,FCEV,2029,72.41991034805034,1.0,Current Measures,Vehicle motor,PM,Neodymium,695.0,0.05033183769189499,Small variability in data,
Canada,Cars,FCEV,2029,72.41991034805034,1.0,Current Measures,Vehicle motor,PM,Praesodymium,1.0,7.241991034805033e-05,No comparison,
Canada,Trucks,FCEV,2029,21.7259731044151,3.6892781241792854,Current Measures,Vehicle motor,PM,Copper,13884.5,1.1128865125405436,No comparison,
Canada,Trucks,FCEV,2029,21.7259731044151,3.6892781241792854,Current Measures,Vehicle motor,PM,Dysprosium,83.0,0.0066527120559519695,Variability in data,
Canada,Trucks,FCEV,2029,21.7259731044151,3.6892781241792854,Current Measures,Vehicle motor,PM,Neodymium,695.0,0.05570644432393518,Small variability in data,
Canada,Trucks,FCEV,2029,21.7259731044151,3.6892781241792854,Current Measures,Vehicle motor,PM,Praesodymium,1.0,8.015315730062615e-05,No comparison,
Canada,Cars,PHEV,2029,224501.72207895602,1.0,Current Measures,Vehicle motor,PM,Copper,13884.5,3117.094160205265,No comparison,
Canada,Cars,PHEV,2029,224501.72207895602,1.0,Current Measures,Vehicle motor,PM,Dysprosium,83.0,18.63364293255335,Variability in data,
Canada,Cars,PHEV,2029,224501.72207895602,1.0,Current Measures,Vehicle motor,PM,Neodymium,695.0,156.02869684487445,Small variability in data,
Canada,Cars,PHEV,2029,224501.72207895602,1.0,Current Measures,Vehicle motor,PM,Praesodymium,1.0,0.22450172207895602,No comparison,
Canada,Vans,PHEV,2029,23174.371311376108,1.9577507575642077,Current Measures,Vehicle motor,PM,Copper,13884.5,629.9348081074401,No comparison,
Canada,Vans,PHEV,2029,23174.371311376108,1.9577507575642077,Current Measures,Vehicle motor,PM,Dysprosium,83.0,3.7656803682464277,Variability in data,
Canada,Vans,PHEV,2029,23174.371311376108,1.9577507575642077,Current Measures,Vehicle motor,PM,Neodymium,695.0,31.53190187868997,Small variability in data,
Canada,Vans,PHEV,2029,23174.371311376108,1.9577507575642077,Current Measures,Vehicle motor,PM,Praesodymium,1.0,0.04536964299092082,No comparison,
Canada,2 and 3 wheelers,BEV,2030,725.7048408591357,0.09808569078889517,Current Measures,Vehicle motor,PM,Copper,13884.5,0.9883162131410587,No comparison,
Canada,2 and 3 wheelers,BEV,2030,725.7048408591357,0.09808569078889517,Current Measures,Vehicle motor,PM,Dysprosium,83.0,0.005908044631834627,Variability in data,
Canada,2 and 3 wheelers,BEV,2030,725.7048408591357,0.09808569078889517,Current Measures,Vehicle motor,PM,Neodymium,695.0,0.04947097613403693,Small variability in data,
Canada,2 and 3 wheelers,BEV,2030,725.7048408591357,0.09808569078889517,Current Measures,Vehicle motor,PM,Praesodymium,1.0,7.118126062451357e-05,No comparison,
Canada,Buses,BEV,2030,896.4589210612853,5.6752374182090595,Current Measures,Vehicle motor,PM,Copper,13884.5,70.6390211896544,No comparison,
Canada,Buses,BEV,2030,896.4589210612853,5.6752374182090595,Current Measures,Vehicle motor,PM,Dysprosium,83.0,0.4222722286536292,Variability in data,
Canada,Buses,BEV,2030,896.4589210612853,5.6752374182090595,Current Measures,Vehicle motor,PM,Neodymium,695.0,3.5358939628225574,Small variability in data,
Canada,Buses,BEV,2030,896.4589210612853,5.6752374182090595,Current Measures,Vehicle motor,PM,Praesodymium,1.0,0.0050876172126943274,No comparison,
Canada,Cars,BEV,2030,811081.8809602105,1.0,Current Measures,Vehicle motor,PM,Copper,13884.5,11261.466376192042,No comparison,
Canada,Cars,BEV,2030,811081.8809602105,1.0,Current Measures,Vehicle motor,PM,Dysprosium,83.0,67.31979611969747,Variability in data,
Canada,Cars,BEV,2030,811081.8809602105,1.0,Current Measures,Vehicle motor,PM,Neodymium,695.0,563.7019072673463,Small variability in data,
Canada,Cars,BEV,2030,811081.8809602105,1.0,Current Measures,Vehicle motor,PM,Praesodymium,1.0,0.8110818809602105,No comparison,
Canada,Trucks,BEV,2030,8537.70401010748,3.6892781241792854,Current Measures,Vehicle motor,PM,Copper,13884.5,437.3334899775355,No comparison,
Canada,Trucks,BEV,2030,8537.70401010748,3.6892781241792854,Current Measures,Vehicle motor,PM,Dysprosium,83.0,2.6143310647222044,Variability in data,
Canada,Trucks,BEV,2030,8537.70401010748,3.6892781241792854,Current Measures,Vehicle motor,PM,Neodymium,695.0,21.89108542146906,Small variability in data,
Canada,Trucks,BEV,2030,8537.70401010748,3.6892781241792854,Current Measures,Vehicle motor,PM,Praesodymium,1.0,0.031497964635207286,No comparison,
Canada,Vans,BEV,2030,46957.372055591135,1.9577507575642077,Current Measures,Vehicle motor,PM,Copper,13884.5,1276.4136190632214,No comparison,
Canada,Vans,BEV,2030,46957.372055591135,1.9577507575642077,Current Measures,Vehicle motor,PM,Dysprosium,83.0,7.630258949349805,Variability in data,
Canada,Vans,BEV,2030,46957.372055591135,1.9577507575642077,Current Measures,Vehicle motor,PM,Neodymium,695.0,63.89192734696525,Small variability in data,
Canada,Vans,BEV,2030,46957.372055591135,1.9577507575642077,Current Measures,Vehicle motor,PM,Praesodymium,1.0,0.0919308307150579,No comparison,
Canada,Buses,FCEV,2030,55.49507606569861,5.6752374182090595,Current Measures,Vehicle motor,PM,Copper,13884.5,4.372891787930986,No comparison,
Canada,Buses,FCEV,2030,55.49507606569861,5.6752374182090595,Current Measures,Vehicle motor,PM,Dysprosium,83.0,0.026140661773796092,Variability in data,
Canada,Buses,FCEV,2030,55.49507606569861,5.6752374182090595,Current Measures,Vehicle motor,PM,Neodymium,695.0,0.21888867388901545,Small variability in data,
Canada,Buses,FCEV,2030,55.49507606569861,5.6752374182090595,Current Measures,Vehicle motor,PM,Praesodymium,1.0,0.00031494773221441073,No comparison,
Canada,Cars,FCEV,2030,85.37704010107478,1.0,Current Measures,Vehicle motor,PM,Copper,13884.5,1.1854175132833729,No comparison,
Canada,Cars,FCEV,2030,85.37704010107478,1.0,Current Measures,Vehicle motor,PM,Dysprosium,83.0,0.007086294328389207,Variability in data,
Canada,Cars,FCEV,2030,85.37704010107478,1.0,Current Measures,Vehicle motor,PM,Neodymium,695.0,0.05933704287024697,Small variability in data,
Canada,Cars,FCEV,2030,85.37704010107478,1.0,Current Measures,Vehicle motor,PM,Praesodymium,1.0,8.537704010107478e-05,No comparison,
Canada,Trucks,FCEV,2030,25.613112030322437,3.6892781241792854,Current Measures,Vehicle motor,PM,Copper,13884.5,1.3120004699326064,No comparison,
Canada,Trucks,FCEV,2030,25.613112030322437,3.6892781241792854,Current Measures,Vehicle motor,PM,Dysprosium,83.0,0.007842993194166613,Variability in data,
Canada,Trucks,FCEV,2030,25.613112030322437,3.6892781241792854,Current Measures,Vehicle motor,PM,Neodymium,695.0,0.06567325626440719,Small variability in data,
Canada,Trucks,FCEV,2030,25.613112030322437,3.6892781241792854,Current Measures,Vehicle motor,PM,Praesodymium,1.0,9.449389390562185e-05,No comparison,
Canada,Cars,PHEV,2030,264668.82431333186,1.0,Current Measures,Vehicle motor,PM,Copper,13884.5,3674.794291178456,No comparison,
Canada,Cars,PHEV,2030,264668.82431333186,1.0,Current Measures,Vehicle motor,PM,Dysprosium,83.0,21.967512418006542,Variability in data,
Canada,Cars,PHEV,2030,264668.82431333186,1.0,Current Measures,Vehicle motor,PM,Neodymium,695.0,183.94483289776565,Small variability in data,
Canada,Cars,PHEV,2030,264668.82431333186,1.0,Current Measures,Vehicle motor,PM,Praesodymium,1.0,0.2646688243133319,No comparison,
Canada,Vans,PHEV,2030,27320.652832343934,1.9577507575642077,Current Measures,Vehicle motor,PM,Copper,13884.5,742.6406510913289,No comparison,
Canada,Vans,PHEV,2030,27320.652832343934,1.9577507575642077,Current Measures,Vehicle motor,PM,Dysprosium,83.0,4.439423388712614,Variability in data,
Canada,Vans,PHEV,2030,27320.652832343934,1.9577507575642077,Current Measures,Vehicle motor,PM,Neodymium,695.0,37.17348500187068,Small variability in data,
Canada,Vans,PHEV,2030,27320.652832343934,1.9577507575642077,Current Measures,Vehicle motor,PM,Praesodymium,1.0,0.05348702877967005,No comparison,
Canada,2 and 3 wheelers,BEV,2031,826.3031551255646,0.09808569078889517,Current Measures,Vehicle motor,PM,Copper,13884.5,1.1253181172298723,No comparison,
Canada,2 and 3 wheelers,BEV,2031,826.3031551255646,0.09808569078889517,Current Measures,Vehicle motor,PM,Dysprosium,83.0,0.006727026809037373,Variability in data,
Canada,2 and 3 wheelers,BEV,2031,826.3031551255646,0.09808569078889517,Current Measures,Vehicle motor,PM,Neodymium,695.0,0.05632871846121655,Small variability in data,
Canada,2 and 3 wheelers,BEV,2031,826.3031551255646,0.09808569078889517,Current Measures,Vehicle motor,PM,Praesodymium,1.0,8.104851577153461e-05,No comparison,
Canada,Buses,BEV,2031,1020.7274269198151,5.6752374182090595,Current Measures,Vehicle motor,PM,Copper,13884.5,80.43111027741223,No comparison,
Canada,Buses,BEV,2031,1020.7274269198151,5.6752374182090595,Current Measures,Vehicle motor,PM,Dysprosium,83.0,0.4808082504249498,Variability in data,
Canada,Buses,BEV,2031,1020.7274269198151,5.6752374182090595,Current Measures,Vehicle motor,PM,Neodymium,695.0,4.026044988498073,Small variability in data,
Canada,Buses,BEV,2031,1020.7274269198151,5.6752374182090595,Current Measures,Vehicle motor,PM,Praesodymium,1.0,0.0057928704870475875,No comparison,
Canada,Cars,BEV,2031,923515.2910226899,1.0,Current Measures,Vehicle motor,PM,Copper,13884.5,12822.548058204538,No comparison,
Canada,Cars,BEV,2031,923515.2910226899,1.0,Current Measures,Vehicle motor,PM,Dysprosium,83.0,76.65176915488327,Variability in data,
Canada,Cars,BEV,2031,923515.2910226899,1.0,Current Measures,Vehicle motor,PM,Neodymium,695.0,641.8431272607695,Small variability in data,
Canada,Cars,BEV,2031,923515.2910226899,1.0,Current Measures,Vehicle motor,PM,Praesodymium,1.0,0.9235152910226899,No comparison,
Canada,Trucks,BEV,2031,9721.213589712524,3.6892781241792854,Current Measures,Vehicle motor,PM,Copper,13884.5,497.95732681443764,No comparison,
Canada,Trucks,BEV,2031,9721.213589712524,3.6892781241792854,Current Measures,Vehicle motor,PM,Dysprosium,83.0,2.976733632871066,Variability in data,
Canada,Trucks,BEV,2031,9721.213589712524,3.6892781241792854,Current Measures,Vehicle motor,PM,Neodymium,695.0,24.925661142715555,Small variability in data,
Canada,Trucks,BEV,2031,9721.213589712524,3.6892781241792854,Current Measures,Vehicle motor,PM,Praesodymium,1.0,0.0358642606370008,No comparison,
Canada,Vans,BEV,2031,53466.67474341889,1.9577507575642077,Current Measures,Vehicle motor,PM,Copper,13884.5,1453.352025912565,No comparison,
Canada,Vans,BEV,2031,53466.67474341889,1.9577507575642077,Current Measures,Vehicle motor,PM,Dysprosium,83.0,8.687977107619496,Variability in data,
Canada,Vans,BEV,2031,53466.67474341889,1.9577507575642077,Current Measures,Vehicle motor,PM,Neodymium,695.0,72.74872397344035,Small variability in data,
Canada,Vans,BEV,2031,53466.67474341889,1.9577507575642077,Current Measures,Vehicle motor,PM,Praesodymium,1.0,0.10467442298336742,No comparison,
Canada,Buses,FCEV,2031,63.18788833313141,5.6752374182090595,Current Measures,Vehicle motor,PM,Copper,13884.5,4.979068731458852,No comparison,
Canada,Buses,FCEV,2031,63.18788833313141,5.6752374182090595,Current Measures,Vehicle motor,PM,Dysprosium,83.0,0.029764320264401654,Variability in data,
Canada,Buses,FCEV,2031,63.18788833313141,5.6752374182090595,Current Measures,Vehicle motor,PM,Neodymium,695.0,0.2492313564308331,Small variability in data,
Canada,Buses,FCEV,2031,63.18788833313141,5.6752374182090595,Current Measures,Vehicle motor,PM,Praesodymium,1.0,0.00035860626824580304,No comparison,
Canada,Cars,FCEV,2031,97.21213589712525,1.0,Current Measures,Vehicle motor,PM,Copper,13884.5,1.3497419008636355,No comparison,
Canada,Cars,FCEV,2031,97.21213589712525,1.0,Current Measures,Vehicle motor,PM,Dysprosium,83.0,0.008068607279461395,Variability in data,
Canada,Cars,FCEV,2031,97.21213589712525,1.0,Current Measures,Vehicle motor,PM,Neodymium,695.0,0.06756243444850206,Small variability in data,
Canada,Cars,FCEV,2031,97.21213589712525,1.0,Current Measures,Vehicle motor,PM,Praesodymium,1.0,9.721213589712525e-05,No comparison,
Canada,Trucks,FCEV,2031,29.163640769137572,3.6892781241792854,Current Measures,Vehicle motor,PM,Copper,13884.5,1.4938719804433127,No comparison,
Canada,Trucks,FCEV,2031,29.163640769137572,3.6892781241792854,Current Measures,Vehicle motor,PM,Dysprosium,83.0,0.008930200898613199,Variability in data,
Canada,Trucks,FCEV,2031,29.163640769137572,3.6892781241792854,Current Measures,Vehicle motor,PM,Neodymium,695.0,0.07477698342814666,Small variability in data,
Canada,Trucks,FCEV,2031,29.163640769137572,3.6892781241792854,Current Measures,Vehicle motor,PM,Praesodymium,1.0,0.00010759278191100239,No comparison,
Canada,Cars,PHEV,2031,301357.6212810883,1.0,Current Measures,Vehicle motor,PM,Copper,13884.5,4184.19989267727,No comparison,
Canada,Cars,PHEV,2031,301357.6212810883,1.0,Current Measures,Vehicle motor,PM,Dysprosium,83.0,25.012682566330326,Variability in data,
Canada,Cars,PHEV,2031,301357.6212810883,1.0,Current Measures,Vehicle motor,PM,Neodymium,695.0,209.44354679035635,Small variability in data,
Canada,Cars,PHEV,2031,301357.6212810883,1.0,Current Measures,Vehicle motor,PM,Praesodymium,1.0,0.3013576212810883,No comparison,
Canada,Vans,PHEV,2031,31107.88348708008,1.9577507575642077,Current Measures,Vehicle motor,PM,Copper,13884.5,845.5866332582196,No comparison,
Canada,Vans,PHEV,2031,31107.88348708008,1.9577507575642077,Current Measures,Vehicle motor,PM,Dysprosium,83.0,5.054823044433161,Variability in data,
Canada,Vans,PHEV,2031,31107.88348708008,1.9577507575642077,Current Measures,Vehicle motor,PM,Neodymium,695.0,42.326530311819845,Small variability in data,
Canada,Vans,PHEV,2031,31107.88348708008,1.9577507575642077,Current Measures,Vehicle motor,PM,Praesodymium,1.0,0.06090148246305013,No comparison,
Canada,2 and 3 wheelers,BEV,2032,936.853614635075,0.09808569078889517,Current Measures,Vehicle motor,PM,Copper,13884.5,1.2758735570614377,No comparison,
Canada,2 and 3 wheelers,BEV,2032,936.853614635075,0.09808569078889517,Current Measures,Vehicle motor,PM,Dysprosium,83.0,0.007627030518643043,Variability in data,
Canada,2 and 3 wheelers,BEV,2032,936.853614635075,0.09808569078889517,Current Measures,Vehicle motor,PM,Neodymium,695.0,0.06386489410189054,Small variability in data,
Canada,2 and 3 wheelers,BEV,2032,936.853614635075,0.09808569078889517,Current Measures,Vehicle motor,PM,Praesodymium,1.0,9.189193395955473e-05,No comparison,
Canada,Buses,BEV,2032,1157.2897592550928,5.6752374182090595,Current Measures,Vehicle motor,PM,Copper,13884.5,91.1919262622875,No comparison,
Canada,Buses,BEV,2032,1157.2897592550928,5.6752374182090595,Current Measures,Vehicle motor,PM,Dysprosium,83.0,0.5451352140710765,Variability in data,
Canada,Buses,BEV,2032,1157.2897592550928,5.6752374182090595,Current Measures,Vehicle motor,PM,Neodymium,695.0,4.564686431077086,Small variability in data,
Canada,Buses,BEV,2032,1157.2897592550928,5.6752374182090595,Current Measures,Vehicle motor,PM,Praesodymium,1.0,0.006567894145434657,No comparison,
Canada,Cars,BEV,2032,1047071.6869450839,1.0,Current Measures,Vehicle motor,PM,Copper,13884.5,14538.066837389017,No comparison,
Canada,Cars,BEV,2032,1047071.6869450839,1.0,Current Measures,Vehicle motor,PM,Dysprosium,83.0,86.90695001644197,Variability in data,
Canada,Cars,BEV,2032,1047071.6869450839,1.0,Current Measures,Vehicle motor,PM,Neodymium,695.0,727.7148224268333,Small variability in data,
Canada,Cars,BEV,2032,1047071.6869450839,1.0,Current Measures,Vehicle motor,PM,Praesodymium,1.0,1.0470716869450838,No comparison,
Canada,Trucks,BEV,2032,11021.807231000883,3.6892781241792854,Current Measures,Vehicle motor,PM,Copper,13884.5,564.5786521161644,No comparison,
Canada,Trucks,BEV,2032,11021.807231000883,3.6892781241792854,Current Measures,Vehicle motor,PM,Dysprosium,83.0,3.374988521418967,Variability in data,
Canada,Trucks,BEV,2032,11021.807231000883,3.6892781241792854,Current Measures,Vehicle motor,PM,Neodymium,695.0,28.26044605284557,Small variability in data,
Canada,Trucks,BEV,2032,11021.807231000883,3.6892781241792854,Current Measures,Vehicle motor,PM,Praesodymium,1.0,0.04066251230625262,No comparison,
Canada,Vans,BEV,2032,60619.939770504854,1.9577507575642077,Current Measures,Vehicle motor,PM,Copper,13884.5,1647.7948684662724,No comparison,
Canada,Vans,BEV,2032,60619.939770504854,1.9577507575642077,Current Measures,Vehicle motor,PM,Dysprosium,83.0,9.850334839763809,Variability in data,
Canada,Vans,BEV,2032,60619.939770504854,1.9577507575642077,Current Measures,Vehicle motor,PM,Neodymium,695.0,82.48171944139575,Small variability in data,
Canada,Vans,BEV,2032,60619.939770504854,1.9577507575642077,Current Measures,Vehicle motor,PM,Praesodymium,1.0,0.11867873300920252,No comparison,
Canada,Buses,FCEV,2032,71.64174700150573,5.6752374182090595,Current Measures,Vehicle motor,PM,Copper,13884.5,5.645214482903511,No comparison,
Canada,Buses,FCEV,2032,71.64174700150573,5.6752374182090595,Current Measures,Vehicle motor,PM,Dysprosium,83.0,0.0337464656329714,Variability in data,
Canada,Buses,FCEV,2032,71.64174700150573,5.6752374182090595,Current Measures,Vehicle motor,PM,Neodymium,695.0,0.2825758266857244,Small variability in data,
Canada,Buses,FCEV,2032,71.64174700150573,5.6752374182090595,Current Measures,Vehicle motor,PM,Praesodymium,1.0,0.00040658392328881207,No comparison,
Canada,Cars,FCEV,2032,110.21807231000884,1.0,Current Measures,Vehicle motor,PM,Copper,13884.5,1.5303228249883176,No comparison,
Canada,Cars,FCEV,2032,110.21807231000884,1.0,Current Measures,Vehicle motor,PM,Dysprosium,83.0,0.009148100001730735,Variability in data,
Canada,Cars,FCEV,2032,110.21807231000884,1.0,Current Measures,Vehicle motor,PM,Neodymium,695.0,0.07660156025545613,Small variability in data,
Canada,Cars,FCEV,2032,110.21807231000884,1.0,Current Measures,Vehicle motor,PM,Praesodymium,1.0,0.00011021807231000883,No comparison,
Canada,Trucks,FCEV,2032,33.06542169300265,3.6892781241792854,Current Measures,Vehicle motor,PM,Copper,13884.5,1.6937359563484935,No comparison,
Canada,Trucks,FCEV,2032,33.06542169300265,3.6892781241792854,Current Measures,Vehicle motor,PM,Dysprosium,83.0,0.010124965564256901,Variability in data,
Canada,Trucks,FCEV,2032,33.06542169300265,3.6892781241792854,Current Measures,Vehicle motor,PM,Neodymium,695.0,0.08478133815853671,Small variability in data,
Canada,Trucks,FCEV,2032,33.06542169300265,3.6892781241792854,Current Measures,Vehicle motor,PM,Praesodymium,1.0,0.00012198753691875785,No comparison,
Canada,Cars,PHEV,2032,341676.0241610274,1.0,Current Measures,Vehicle motor,PM,Copper,13884.5,4744.000757463785,No comparison,
Canada,Cars,PHEV,2032,341676.0241610274,1.0,Current Measures,Vehicle motor,PM,Dysprosium,83.0,28.359110005365274,Variability in data,
Canada,Cars,PHEV,2032,341676.0241610274,1.0,Current Measures,Vehicle motor,PM,Neodymium,695.0,237.46483679191405,Small variability in data,
Canada,Cars,PHEV,2032,341676.0241610274,1.0,Current Measures,Vehicle motor,PM,Praesodymium,1.0,0.3416760241610274,No comparison,
Canada,Vans,PHEV,2032,35269.783139202824,1.9577507575642077,Current Measures,Vehicle motor,PM,Copper,13884.5,958.7170143803766,No comparison,
Canada,Vans,PHEV,2032,35269.783139202824,1.9577507575642077,Current Measures,Vehicle motor,PM,Dysprosium,83.0,5.73110390677167,Variability in data,
Canada,Vans,PHEV,2032,35269.783139202824,1.9577507575642077,Current Measures,Vehicle motor,PM,Neodymium,695.0,47.98936403863026,Small variability in data,
Canada,Vans,PHEV,2032,35269.783139202824,1.9577507575642077,Current Measures,Vehicle motor,PM,Praesodymium,1.0,0.06904944465989965,No comparison,
Canada,2 and 3 wheelers,BEV,2033,1056.485314733727,0.09808569078889517,Current Measures,Vehicle motor,PM,Copper,13884.5,1.4387964730408234,No comparison,
Canada,2 and 3 wheelers,BEV,2033,1056.485314733727,0.09808569078889517,Current Measures,Vehicle motor,PM,Dysprosium,83.0,0.008600965628030416,Variability in data,
Canada,2 and 3 wheelers,BEV,2033,1056.485314733727,0.09808569078889517,Current Measures,Vehicle motor,PM,Neodymium,695.0,0.07202013387326675,Small variability in data,
Canada,2 and 3 wheelers,BEV,2033,1056.485314733727,0.09808569078889517,Current Measures,Vehicle motor,PM,Praesodymium,1.0,0.00010362609190398094,No comparison,
Canada,Buses,BEV,2033,1305.0700946710742,5.6752374182090595,Current Measures,Vehicle motor,PM,Copper,13884.5,102.83669659097731,No comparison,
Canada,Buses,BEV,2033,1305.0700946710742,5.6752374182090595,Current Measures,Vehicle motor,PM,Dysprosium,83.0,0.6147463586770224,Variability in data,
Canada,Buses,BEV,2033,1305.0700946710742,5.6752374182090595,Current Measures,Vehicle motor,PM,Neodymium,695.0,5.1475749310907295,Small variability in data,
Canada,Buses,BEV,2033,1305.0700946710742,5.6752374182090595,Current Measures,Vehicle motor,PM,Praesodymium,1.0,0.00740658263466292,No comparison,
Canada,Cars,BEV,2033,1180777.7047024006,1.0,Current Measures,Vehicle motor,PM,Copper,13884.5,16394.50804094048,No comparison,
Canada,Cars,BEV,2033,1180777.7047024006,1.0,Current Measures,Vehicle motor,PM,Dysprosium,83.0,98.00454949029925,Variability in data,
Canada,Cars,BEV,2033,1180777.7047024006,1.0,Current Measures,Vehicle motor,PM,Neodymium,695.0,820.6405047681684,Small variability in data,
Canada,Cars,BEV,2033,1180777.7047024006,1.0,Current Measures,Vehicle motor,PM,Praesodymium,1.0,1.1807777047024006,No comparison,
Canada,Trucks,BEV,2033,12429.238996867374,3.6892781241792854,Current Measures,Vehicle motor,PM,Copper,13884.5,636.6726302328749,No comparison,
Canada,Trucks,BEV,2033,12429.238996867374,3.6892781241792854,Current Measures,Vehicle motor,PM,Dysprosium,83.0,3.8059583211011283,Variability in data,
Canada,Trucks,BEV,2033,12429.238996867374,3.6892781241792854,Current Measures,Vehicle motor,PM,Neodymium,695.0,31.86916907428053,Small variability in data,
Canada,Trucks,BEV,2033,12429.238996867374,3.6892781241792854,Current Measures,Vehicle motor,PM,Praesodymium,1.0,0.04585491953133889,No comparison,
Canada,Vans,BEV,2033,68360.81448277055,1.9577507575642077,Current Measures,Vehicle motor,PM,Copper,13884.5,1858.2103468814785,No comparison,
Canada,Vans,BEV,2033,68360.81448277055,1.9577507575642077,Current Measures,Vehicle motor,PM,Dysprosium,83.0,11.108175216332077,Variability in data,
Canada,Vans,BEV,2033,68360.81448277055,1.9577507575642077,Current Measures,Vehicle motor,PM,Neodymium,695.0,93.01423825723846,Small variability in data,
Canada,Vans,BEV,2033,68360.81448277055,1.9577507575642077,Current Measures,Vehicle motor,PM,Praesodymium,1.0,0.1338334363413503,No comparison,
Canada,Buses,FCEV,2033,80.79005347963793,5.6752374182090595,Current Measures,Vehicle motor,PM,Copper,13884.5,6.366081217536691,No comparison,
Canada,Buses,FCEV,2033,80.79005347963793,5.6752374182090595,Current Measures,Vehicle motor,PM,Dysprosium,83.0,0.03805572696572044,Variability in data,
Canada,Buses,FCEV,2033,80.79005347963793,5.6752374182090595,Current Measures,Vehicle motor,PM,Neodymium,695.0,0.3186594004960928,Small variability in data,
Canada,Buses,FCEV,2033,80.79005347963793,5.6752374182090595,Current Measures,Vehicle motor,PM,Praesodymium,1.0,0.00045850273452675226,No comparison,
Canada,Cars,FCEV,2033,124.29238996867375,1.0,Current Measures,Vehicle motor,PM,Copper,13884.5,1.7257376885200506,No comparison,
Canada,Cars,FCEV,2033,124.29238996867375,1.0,Current Measures,Vehicle motor,PM,Dysprosium,83.0,0.010316268367399921,Variability in data,
Canada,Cars,FCEV,2033,124.29238996867375,1.0,Current Measures,Vehicle motor,PM,Neodymium,695.0,0.08638321102822825,Small variability in data,
Canada,Cars,FCEV,2033,124.29238996867375,1.0,Current Measures,Vehicle motor,PM,Praesodymium,1.0,0.00012429238996867375,No comparison,
Canada,Trucks,FCEV,2033,37.28771699060212,3.6892781241792854,Current Measures,Vehicle motor,PM,Copper,13884.5,1.9100178906986243,No comparison,
Canada,Trucks,FCEV,2033,37.28771699060212,3.6892781241792854,Current Measures,Vehicle motor,PM,Dysprosium,83.0,0.011417874963303385,Variability in data,
Canada,Trucks,FCEV,2033,37.28771699060212,3.6892781241792854,Current Measures,Vehicle motor,PM,Neodymium,695.0,0.09560750722284159,Small variability in data,
Canada,Trucks,FCEV,2033,37.28771699060212,3.6892781241792854,Current Measures,Vehicle motor,PM,Praesodymium,1.0,0.00013756475859401666,No comparison,
Canada,Cars,PHEV,2033,385306.4089028886,1.0,Current Measures,Vehicle motor,PM,Copper,13884.5,5349.786834412157,No comparison,
Canada,Cars,PHEV,2033,385306.4089028886,1.0,Current Measures,Vehicle motor,PM,Dysprosium,83.0,31.980431938939756,Variability in data,
Canada,Cars,PHEV,2033,385306.4089028886,1.0,Current Measures,Vehicle motor,PM,Neodymium,695.0,267.7879541875076,Small variability in data,
Canada,Cars,PHEV,2033,385306.4089028886,1.0,Current Measures,Vehicle motor,PM,Praesodymium,1.0,0.3853064089028886,No comparison,
Canada,Vans,PHEV,2033,39773.5647899756,1.9577507575642077,Current Measures,Vehicle motor,PM,Copper,13884.5,1081.140565458315,No comparison,
Canada,Vans,PHEV,2033,39773.5647899756,1.9577507575642077,Current Measures,Vehicle motor,PM,Dysprosium,83.0,6.462938307684118,Variability in data,
Canada,Vans,PHEV,2033,39773.5647899756,1.9577507575642077,Current Measures,Vehicle motor,PM,Neodymium,695.0,54.11737498602966,Small variability in data,
Canada,Vans,PHEV,2033,39773.5647899756,1.9577507575642077,Current Measures,Vehicle motor,PM,Praesodymium,1.0,0.07786672659860383,No comparison,
Canada,2 and 3 wheelers,BEV,2034,1185.0246629398225,0.09808569078889517,Current Measures,Vehicle motor,PM,Copper,13884.5,1.6138504546406611,No comparison,
Canada,2 and 3 wheelers,BEV,2034,1185.0246629398225,0.09808569078889517,Current Measures,Vehicle motor,PM,Dysprosium,83.0,0.009647418901305403,Variability in data,
Canada,2 and 3 wheelers,BEV,2034,1185.0246629398225,0.09808569078889517,Current Measures,Vehicle motor,PM,Neodymium,695.0,0.08078260405309946,Small variability in data,
Canada,2 and 3 wheelers,BEV,2034,1185.0246629398225,0.09808569078889517,Current Measures,Vehicle motor,PM,Praesodymium,1.0,0.00011623396266633015,No comparison,
Canada,Buses,BEV,2034,1463.8539953962515,5.6752374182090595,Current Measures,Vehicle motor,PM,Copper,13884.5,115.34852403157345,No comparison,
Canada,Buses,BEV,2034,1463.8539953962515,5.6752374182090595,Current Measures,Vehicle motor,PM,Dysprosium,83.0,0.6895406744658141,Variability in data,
Canada,Buses,BEV,2034,1463.8539953962515,5.6752374182090595,Current Measures,Vehicle motor,PM,Neodymium,695.0,5.77386468378001,Small variability in data,
Canada,Buses,BEV,2034,1463.8539953962515,5.6752374182090595,Current Measures,Vehicle motor,PM,Praesodymium,1.0,0.00830771896946764,No comparison,
Canada,Cars,BEV,2034,1324439.329168037,1.0,Current Measures,Vehicle motor,PM,Copper,13884.5,18389.17786583361,No comparison,
Canada,Cars,BEV,2034,1324439.329168037,1.0,Current Measures,Vehicle motor,PM,Dysprosium,83.0,109.92846432094709,Variability in data,
Canada,Cars,BEV,2034,1324439.329168037,1.0,Current Measures,Vehicle motor,PM,Neodymium,695.0,920.4853337717857,Small variability in data,
Canada,Cars,BEV,2034,1324439.329168037,1.0,Current Measures,Vehicle motor,PM,Praesodymium,1.0,1.324439329168037,No comparison,
Canada,Trucks,BEV,2034,13941.466622821443,3.6892781241792854,Current Measures,Vehicle motor,PM,Copper,13884.5,714.1346486532827,No comparison,
Canada,Trucks,BEV,2034,13941.466622821443,3.6892781241792854,Current Measures,Vehicle motor,PM,Dysprosium,83.0,4.269017669935717,Variability in data,
Canada,Trucks,BEV,2034,13941.466622821443,3.6892781241792854,Current Measures,Vehicle motor,PM,Neodymium,695.0,35.74659374223281,Small variability in data,
Canada,Trucks,BEV,2034,13941.466622821443,3.6892781241792854,Current Measures,Vehicle motor,PM,Praesodymium,1.0,0.05143394783055081,No comparison,
Canada,Vans,BEV,2034,76678.06642551793,1.9577507575642077,Current Measures,Vehicle motor,PM,Copper,13884.5,2084.2931361895044,No comparison,
Canada,Vans,BEV,2034,76678.06642551793,1.9577507575642077,Current Measures,Vehicle motor,PM,Dysprosium,83.0,12.459673038548658,Variability in data,
Canada,Vans,BEV,2034,76678.06642551793,1.9577507575642077,Current Measures,Vehicle motor,PM,Neodymium,695.0,104.33099713001586,Small variability in data,
Canada,Vans,BEV,2034,76678.06642551793,1.9577507575642077,Current Measures,Vehicle motor,PM,Praesodymium,1.0,0.15011654263311636,No comparison,
Canada,Buses,FCEV,2034,90.61953304833938,5.6752374182090595,Current Measures,Vehicle motor,PM,Copper,13884.5,7.14062291624026,No comparison,
Canada,Buses,FCEV,2034,90.61953304833938,5.6752374182090595,Current Measures,Vehicle motor,PM,Dysprosium,83.0,0.04268585127645515,Variability in data,
Canada,Buses,FCEV,2034,90.61953304833938,5.6752374182090595,Current Measures,Vehicle motor,PM,Neodymium,695.0,0.35742971851971483,Small variability in data,
Canada,Buses,FCEV,2034,90.61953304833938,5.6752374182090595,Current Measures,Vehicle motor,PM,Praesodymium,1.0,0.0005142873647765681,No comparison,
Canada,Cars,FCEV,2034,139.41466622821443,1.0,Current Measures,Vehicle motor,PM,Copper,13884.5,1.9357029332456432,No comparison,
Canada,Cars,FCEV,2034,139.41466622821443,1.0,Current Measures,Vehicle motor,PM,Dysprosium,83.0,0.011571417296941798,Variability in data,
Canada,Cars,FCEV,2034,139.41466622821443,1.0,Current Measures,Vehicle motor,PM,Neodymium,695.0,0.09689319302860902,Small variability in data,
Canada,Cars,FCEV,2034,139.41466622821443,1.0,Current Measures,Vehicle motor,PM,Praesodymium,1.0,0.00013941466622821442,No comparison,
Canada,Trucks,FCEV,2034,41.824399868464326,3.6892781241792854,Current Measures,Vehicle motor,PM,Copper,13884.5,2.142403945959848,No comparison,
Canada,Trucks,FCEV,2034,41.824399868464326,3.6892781241792854,Current Measures,Vehicle motor,PM,Dysprosium,83.0,0.01280705300980715,Variability in data,
Canada,Trucks,FCEV,2034,41.824399868464326,3.6892781241792854,Current Measures,Vehicle motor,PM,Neodymium,695.0,0.10723978122669843,Small variability in data,
Canada,Trucks,FCEV,2034,41.824399868464326,3.6892781241792854,Current Measures,Vehicle motor,PM,Praesodymium,1.0,0.00015430184349165242,No comparison,
Canada,Cars,PHEV,2034,432185.4653074647,1.0,Current Measures,Vehicle motor,PM,Copper,13884.5,6000.679093061494,No comparison,
Canada,Cars,PHEV,2034,432185.4653074647,1.0,Current Measures,Vehicle motor,PM,Dysprosium,83.0,35.87139362051957,Variability in data,
Canada,Cars,PHEV,2034,432185.4653074647,1.0,Current Measures,Vehicle motor,PM,Neodymium,695.0,300.36889838868797,Small variability in data,
Canada,Cars,PHEV,2034,432185.4653074647,1.0,Current Measures,Vehicle motor,PM,Praesodymium,1.0,0.4321854653074647,No comparison,
Canada,Vans,PHEV,2034,44612.693193028615,1.9577507575642077,Current Measures,Vehicle motor,PM,Copper,13884.5,1212.6796428738935,No comparison,
Canada,Vans,PHEV,2034,44612.693193028615,1.9577507575642077,Current Measures,Vehicle motor,PM,Dysprosium,83.0,7.249264313337402,Variability in data,
Canada,Vans,PHEV,2034,44612.693193028615,1.9577507575642077,Current Measures,Vehicle motor,PM,Neodymium,695.0,60.701671057463784,Small variability in data,
Canada,Vans,PHEV,2034,44612.693193028615,1.9577507575642077,Current Measures,Vehicle motor,PM,Praesodymium,1.0,0.08734053389563134,No comparison,
Canada,2 and 3 wheelers,BEV,2035,1320.9740563180394,0.09808569078889517,Current Measures,Vehicle motor,PM,Copper,13884.5,1.7989959601926404,No comparison,
Canada,2 and 3 wheelers,BEV,2035,1320.9740563180394,0.09808569078889517,Current Measures,Vehicle motor,PM,Dysprosium,83.0,0.010754198184737596,Variability in data,
Canada,2 and 3 wheelers,BEV,2035,1320.9740563180394,0.09808569078889517,Current Measures,Vehicle motor,PM,Neodymium,695.0,0.09005021371557384,Small variability in data,
Canada,2 and 3 wheelers,BEV,2035,1320.9740563180394,0.09808569078889517,Current Measures,Vehicle motor,PM,Praesodymium,1.0,0.0001295686528281638,No comparison,
Canada,Buses,BEV,2035,1631.7914813340487,5.6752374182090595,Current Measures,Vehicle motor,PM,Copper,13884.5,128.58163415964628,No comparison,
Canada,Buses,BEV,2035,1631.7914813340487,5.6752374182090595,Current Measures,Vehicle motor,PM,Dysprosium,83.0,0.768646738107288,Variability in data,
Canada,Buses,BEV,2035,1631.7914813340487,5.6752374182090595,Current Measures,Vehicle motor,PM,Neodymium,695.0,6.436258831139339,Small variability in data,
Canada,Buses,BEV,2035,1631.7914813340487,5.6752374182090595,Current Measures,Vehicle motor,PM,Praesodymium,1.0,0.009260804073581782,No comparison,
Canada,Cars,BEV,2035,1476382.7688260442,1.0,Current Measures,Vehicle motor,PM,Copper,13884.5,20498.83655376521,No comparison,
Canada,Cars,BEV,2035,1476382.7688260442,1.0,Current Measures,Vehicle motor,PM,Dysprosium,83.0,122.53976981256166,Variability in data,
Canada,Cars,BEV,2035,1476382.7688260442,1.0,Current Measures,Vehicle motor,PM,Neodymium,695.0,1026.0860243341008,Small variability in data,
Canada,Cars,BEV,2035,1476382.7688260442,1.0,Current Measures,Vehicle motor,PM,Praesodymium,1.0,1.4763827688260442,No comparison,
Canada,Trucks,BEV,2035,15540.871250800465,3.6892781241792854,Current Measures,Vehicle motor,PM,Copper,13884.5,796.0622028308703,No comparison,
Canada,Trucks,BEV,2035,15540.871250800465,3.6892781241792854,Current Measures,Vehicle motor,PM,Dysprosium,83.0,4.758771495909988,Variability in data,
Canada,Trucks,BEV,2035,15540.871250800465,3.6892781241792854,Current Measures,Vehicle motor,PM,Neodymium,695.0,39.84754445370412,Small variability in data,
Canada,Trucks,BEV,2035,15540.871250800465,3.6892781241792854,Current Measures,Vehicle motor,PM,Praesodymium,1.0,0.05733459633626492,No comparison,
Canada,Vans,BEV,2035,85474.79187940255,1.9577507575642077,Current Measures,Vehicle motor,PM,Copper,13884.5,2323.409161660557,No comparison,
Canada,Vans,BEV,2035,85474.79187940255,1.9577507575642077,Current Measures,Vehicle motor,PM,Dysprosium,83.0,13.889082100027096,Variability in data,
Canada,Vans,BEV,2035,85474.79187940255,1.9577507575642077,Current Measures,Vehicle motor,PM,Neodymium,695.0,116.3001452954076,Small variability in data,
Canada,Vans,BEV,2035,85474.79187940255,1.9577507575642077,Current Measures,Vehicle motor,PM,Praesodymium,1.0,0.16733833855454333,No comparison,
Canada,Buses,FCEV,2035,101.01566313020302,5.6752374182090595,Current Measures,Vehicle motor,PM,Copper,13884.5,7.9598154479781025,No comparison,
Canada,Buses,FCEV,2035,101.01566313020302,5.6752374182090595,Current Measures,Vehicle motor,PM,Dysprosium,83.0,0.04758289331140354,Variability in data,
Canada,Buses,FCEV,2035,101.01566313020302,5.6752374182090595,Current Measures,Vehicle motor,PM,Neodymium,695.0,0.398435070499102,Small variability in data,
Canada,Buses,FCEV,2035,101.01566313020302,5.6752374182090595,Current Measures,Vehicle motor,PM,Praesodymium,1.0,0.0005732878712217294,No comparison,
Canada,Cars,FCEV,2035,155.40871250800464,1.0,Current Measures,Vehicle motor,PM,Copper,13884.5,2.15777226881739,No comparison,
Canada,Cars,FCEV,2035,155.40871250800464,1.0,Current Measures,Vehicle motor,PM,Dysprosium,83.0,0.012898923138164386,Variability in data,
Canada,Cars,FCEV,2035,155.40871250800464,1.0,Current Measures,Vehicle motor,PM,Neodymium,695.0,0.10800905519306322,Small variability in data,
Canada,Cars,FCEV,2035,155.40871250800464,1.0,Current Measures,Vehicle motor,PM,Praesodymium,1.0,0.00015540871250800464,No comparison,
Canada,Trucks,FCEV,2035,46.62261375240139,3.6892781241792854,Current Measures,Vehicle motor,PM,Copper,13884.5,2.388186608492611,No comparison,
Canada,Trucks,FCEV,2035,46.62261375240139,3.6892781241792854,Current Measures,Vehicle motor,PM,Dysprosium,83.0,0.014276314487729966,Variability in data,
Canada,Trucks,FCEV,2035,46.62261375240139,3.6892781241792854,Current Measures,Vehicle motor,PM,Neodymium,695.0,0.11954263336111237,Small variability in data,
Canada,Trucks,FCEV,2035,46.62261375240139,3.6892781241792854,Current Measures,Vehicle motor,PM,Praesodymium,1.0,0.00017200378900879477,No comparison,
Canada,Cars,PHEV,2035,481767.00877481437,1.0,Current Measures,Vehicle motor,PM,Copper,13884.5,6689.09403333391,No comparison,
Canada,Cars,PHEV,2035,481767.00877481437,1.0,Current Measures,Vehicle motor,PM,Dysprosium,83.0,39.98666172830959,Variability in data,
Canada,Cars,PHEV,2035,481767.00877481437,1.0,Current Measures,Vehicle motor,PM,Neodymium,695.0,334.82807109849597,Small variability in data,
Canada,Cars,PHEV,2035,481767.00877481437,1.0,Current Measures,Vehicle motor,PM,Praesodymium,1.0,0.4817670087748144,No comparison,
Canada,Vans,PHEV,2035,49730.78800256149,1.9577507575642077,Current Measures,Vehicle motor,PM,Copper,13884.5,1351.8016940570515,No comparison,
Canada,Vans,PHEV,2035,49730.78800256149,1.9577507575642077,Current Measures,Vehicle motor,PM,Dysprosium,83.0,8.080920494561221,Variability in data,
Canada,Vans,PHEV,2035,49730.78800256149,1.9577507575642077,Current Measures,Vehicle motor,PM,Neodymium,695.0,67.66553908096444,Small variability in data,
Canada,Vans,PHEV,2035,49730.78800256149,1.9577507575642077,Current Measures,Vehicle motor,PM,Praesodymium,1.0,0.09736048788627977,No comparison,
Canada,2 and 3 wheelers,BEV,2036,1459.4890877308367,0.09808569078889517,Current Measures,Vehicle motor,PM,Copper,13884.5,1.987635533199958,No comparison,
Canada,2 and 3 wheelers,BEV,2036,1459.4890877308367,0.09808569078889517,Current Measures,Vehicle motor,PM,Dysprosium,83.0,0.011881864615621485,Variability in data,
Canada,2 and 3 wheelers,BEV,2036,1459.4890877308367,0.09808569078889517,Current Measures,Vehicle motor,PM,Neodymium,695.0,0.09949272178140882,Small variability in data,
Canada,2 and 3 wheelers,BEV,2036,1459.4890877308367,0.09808569078889517,Current Measures,Vehicle motor,PM,Praesodymium,1.0,0.00014315499536893356,No comparison,
Canada,Buses,BEV,2036,1802.8982848439746,5.6752374182090595,Current Measures,Vehicle motor,PM,Copper,13884.5,142.06447964744905,No comparison,
Canada,Buses,BEV,2036,1802.8982848439746,5.6752374182090595,Current Measures,Vehicle motor,PM,Dysprosium,83.0,0.8492456920118312,Variability in data,
Canada,Buses,BEV,2036,1802.8982848439746,5.6752374182090595,Current Measures,Vehicle motor,PM,Neodymium,695.0,7.111153686123164,Small variability in data,
Canada,Buses,BEV,2036,1802.8982848439746,5.6752374182090595,Current Measures,Vehicle motor,PM,Praesodymium,1.0,0.01023187580737146,No comparison,
Canada,Cars,BEV,2036,1631193.6862874057,1.0,Current Measures,Vehicle motor,PM,Copper,13884.5,22648.308737257485,No comparison,
Canada,Cars,BEV,2036,1631193.6862874057,1.0,Current Measures,Vehicle motor,PM,Dysprosium,83.0,135.38907596185467,Variability in data,
Canada,Cars,BEV,2036,1631193.6862874057,1.0,Current Measures,Vehicle motor,PM,Neodymium,695.0,1133.679611969747,Small variability in data,
Canada,Cars,BEV,2036,1631193.6862874057,1.0,Current Measures,Vehicle motor,PM,Praesodymium,1.0,1.6311936862874057,No comparison,
Canada,Trucks,BEV,2036,17170.4598556569,3.6892781241792854,Current Measures,Vehicle motor,PM,Copper,13884.5,879.5358944633958,No comparison,
Canada,Trucks,BEV,2036,17170.4598556569,3.6892781241792854,Current Measures,Vehicle motor,PM,Dysprosium,83.0,5.25776795998861,Variability in data,
Canada,Trucks,BEV,2036,17170.4598556569,3.6892781241792854,Current Measures,Vehicle motor,PM,Neodymium,695.0,44.02588833966366,Small variability in data,
Canada,Trucks,BEV,2036,17170.4598556569,3.6892781241792854,Current Measures,Vehicle motor,PM,Praesodymium,1.0,0.06334660192757362,No comparison,
Canada,Vans,BEV,2036,94437.52920611296,1.9577507575642077,Current Measures,Vehicle motor,PM,Copper,13884.5,2567.0377866687,No comparison,
Canada,Vans,BEV,2036,94437.52920611296,1.9577507575642077,Current Measures,Vehicle motor,PM,Dysprosium,83.0,15.34546698069805,Variability in data,
Canada,Vans,BEV,2036,94437.52920611296,1.9577507575642077,Current Measures,Vehicle motor,PM,Neodymium,695.0,128.49517532030296,Small variability in data,
Canada,Vans,BEV,2036,94437.52920611296,1.9577507575642077,Current Measures,Vehicle motor,PM,Praesodymium,1.0,0.18488514434575964,No comparison,
Canada,Buses,FCEV,2036,111.60798906176986,5.6752374182090595,Current Measures,Vehicle motor,PM,Copper,13884.5,8.794467787699226,No comparison,
Canada,Buses,FCEV,2036,111.60798906176986,5.6752374182090595,Current Measures,Vehicle motor,PM,Dysprosium,83.0,0.05257235236263717,Variability in data,
Canada,Buses,FCEV,2036,111.60798906176986,5.6752374182090595,Current Measures,Vehicle motor,PM,Neodymium,695.0,0.4402142758076245,Small variability in data,
Canada,Buses,FCEV,2036,111.60798906176986,5.6752374182090595,Current Measures,Vehicle motor,PM,Praesodymium,1.0,0.0006334018356944237,No comparison,
Canada,Cars,FCEV,2036,171.704598556569,1.0,Current Measures,Vehicle motor,PM,Copper,13884.5,2.3840324986586823,No comparison,
Canada,Cars,FCEV,2036,171.704598556569,1.0,Current Measures,Vehicle motor,PM,Dysprosium,83.0,0.014251481680195228,Variability in data,
Canada,Cars,FCEV,2036,171.704598556569,1.0,Current Measures,Vehicle motor,PM,Neodymium,695.0,0.11933469599681545,Small variability in data,
Canada,Cars,FCEV,2036,171.704598556569,1.0,Current Measures,Vehicle motor,PM,Praesodymium,1.0,0.000171704598556569,No comparison,
Canada,Trucks,FCEV,2036,51.5113795669707,3.6892781241792854,Current Measures,Vehicle motor,PM,Copper,13884.5,2.6386076833901875,No comparison,
Canada,Trucks,FCEV,2036,51.5113795669707,3.6892781241792854,Current Measures,Vehicle motor,PM,Dysprosium,83.0,0.01577330387996583,Variability in data,
Canada,Trucks,FCEV,2036,51.5113795669707,3.6892781241792854,Current Measures,Vehicle motor,PM,Neodymium,695.0,0.132077665018991,Small variability in data,
Canada,Trucks,FCEV,2036,51.5113795669707,3.6892781241792854,Current Measures,Vehicle motor,PM,Praesodymium,1.0,0.00019003980578272082,No comparison,
Canada,Cars,PHEV,2036,532284.255525364,1.0,Current Measures,Vehicle motor,PM,Copper,13884.5,7390.500745841916,No comparison,
Canada,Cars,PHEV,2036,532284.255525364,1.0,Current Measures,Vehicle motor,PM,Dysprosium,83.0,44.179593208605205,Variability in data,
Canada,Cars,PHEV,2036,532284.255525364,1.0,Current Measures,Vehicle motor,PM,Neodymium,695.0,369.93755759012794,Small variability in data,
Canada,Cars,PHEV,2036,532284.255525364,1.0,Current Measures,Vehicle motor,PM,Praesodymium,1.0,0.532284255525364,No comparison,
Canada,Vans,PHEV,2036,54945.47153810208,1.9577507575642077,Current Measures,Vehicle motor,PM,Copper,13884.5,1493.5492576981524,No comparison,
Canada,Vans,PHEV,2036,54945.47153810208,1.9577507575642077,Current Measures,Vehicle motor,PM,Dysprosium,83.0,8.928271697860682,Variability in data,
Canada,Vans,PHEV,2036,54945.47153810208,1.9577507575642077,Current Measures,Vehicle motor,PM,Neodymium,695.0,74.76082927726716,Small variability in data,
Canada,Vans,PHEV,2036,54945.47153810208,1.9577507575642077,Current Measures,Vehicle motor,PM,Praesodymium,1.0,0.10756953852844196,No comparison,
Canada,2 and 3 wheelers,BEV,2037,1600.2431679329861,0.09808569078889517,Current Measures,Vehicle motor,PM,Copper,13884.5,2.1793244013145134,No comparison,
Canada,2 and 3 wheelers,BEV,2037,1600.2431679329861,0.09808569078889517,Current Measures,Vehicle motor,PM,Dysprosium,83.0,0.013027759394224106,Variability in data,
Canada,2 and 3 wheelers,BEV,2037,1600.2431679329861,0.09808569078889517,Current Measures,Vehicle motor,PM,Neodymium,695.0,0.10908786480705726,Small variability in data,
Canada,2 and 3 wheelers,BEV,2037,1600.2431679329861,0.09808569078889517,Current Measures,Vehicle motor,PM,Praesodymium,1.0,0.00015696095655691692,No comparison,
Canada,Buses,BEV,2037,1976.7709721525123,5.6752374182090595,Current Measures,Vehicle motor,PM,Copper,13884.5,155.7652707874931,No comparison,
Canada,Buses,BEV,2037,1976.7709721525123,5.6752374182090595,Current Measures,Vehicle motor,PM,Dysprosium,83.0,0.9311475008363231,Variability in data,
Canada,Buses,BEV,2037,1976.7709721525123,5.6752374182090595,Current Measures,Vehicle motor,PM,Neodymium,695.0,7.796957988930657,Small variability in data,
Canada,Buses,BEV,2037,1976.7709721525123,5.6752374182090595,Current Measures,Vehicle motor,PM,Praesodymium,1.0,0.011218644588389436,No comparison,
Canada,Cars,BEV,2037,1788507.0700427492,1.0,Current Measures,Vehicle motor,PM,Copper,13884.5,24832.526414008553,No comparison,
Canada,Cars,BEV,2037,1788507.0700427492,1.0,Current Measures,Vehicle motor,PM,Dysprosium,83.0,148.4460868135482,Variability in data,
Canada,Cars,BEV,2037,1788507.0700427492,1.0,Current Measures,Vehicle motor,PM,Neodymium,695.0,1243.0124136797106,Small variability in data,
Canada,Cars,BEV,2037,1788507.0700427492,1.0,Current Measures,Vehicle motor,PM,Praesodymium,1.0,1.7885070700427492,No comparison,
Canada,Trucks,BEV,2037,18826.390210976308,3.6892781241792854,Current Measures,Vehicle motor,PM,Copper,13884.5,964.3589101821688,No comparison,
Canada,Trucks,BEV,2037,18826.390210976308,3.6892781241792854,Current Measures,Vehicle motor,PM,Dysprosium,83.0,5.764830533697288,Variability in data,
Canada,Trucks,BEV,2037,18826.390210976308,3.6892781241792854,Current Measures,Vehicle motor,PM,Neodymium,695.0,48.27177374601947,Small variability in data,
Canada,Trucks,BEV,2037,18826.390210976308,3.6892781241792854,Current Measures,Vehicle motor,PM,Praesodymium,1.0,0.06945578956261794,No comparison,
Canada,Vans,BEV,2037,103545.14616036968,1.9577507575642077,Current Measures,Vehicle motor,PM,Copper,13884.5,2814.6045862728565,No comparison,
Canada,Vans,BEV,2037,103545.14616036968,1.9577507575642077,Current Measures,Vehicle motor,PM,Dysprosium,83.0,16.82539383201751,Variability in data,
Canada,Vans,BEV,2037,103545.14616036968,1.9577507575642077,Current Measures,Vehicle motor,PM,Neodymium,695.0,140.88733389460444,Small variability in data,
Canada,Vans,BEV,2037,103545.14616036968,1.9577507575642077,Current Measures,Vehicle motor,PM,Praesodymium,1.0,0.20271558833756037,No comparison,
Canada,Buses,FCEV,2037,122.371536371346,5.6752374182090595,Current Measures,Vehicle motor,PM,Copper,13884.5,9.642612001130527,No comparison,
Canada,Buses,FCEV,2037,122.371536371346,5.6752374182090595,Current Measures,Vehicle motor,PM,Dysprosium,83.0,0.057642464337486675,Variability in data,
Canada,Buses,FCEV,2037,122.371536371346,5.6752374182090595,Current Measures,Vehicle motor,PM,Neodymium,695.0,0.4826688278861836,Small variability in data,
Canada,Buses,FCEV,2037,122.371536371346,5.6752374182090595,Current Measures,Vehicle motor,PM,Praesodymium,1.0,0.0006944875221383936,No comparison,
Canada,Cars,FCEV,2037,188.26390210976308,1.0,Current Measures,Vehicle motor,PM,Copper,13884.5,2.6139501488430055,No comparison,
Canada,Cars,FCEV,2037,188.26390210976308,1.0,Current Measures,Vehicle motor,PM,Dysprosium,83.0,0.015625903875110335,Variability in data,
Canada,Cars,FCEV,2037,188.26390210976308,1.0,Current Measures,Vehicle motor,PM,Neodymium,695.0,0.13084341196628532,Small variability in data,
Canada,Cars,FCEV,2037,188.26390210976308,1.0,Current Measures,Vehicle motor,PM,Praesodymium,1.0,0.0001882639021097631,No comparison,
Canada,Trucks,FCEV,2037,56.47917063292892,3.6892781241792854,Current Measures,Vehicle motor,PM,Copper,13884.5,2.893076730546506,No comparison,
Canada,Trucks,FCEV,2037,56.47917063292892,3.6892781241792854,Current Measures,Vehicle motor,PM,Dysprosium,83.0,0.017294491601091862,Variability in data,
Canada,Trucks,FCEV,2037,56.47917063292892,3.6892781241792854,Current Measures,Vehicle motor,PM,Neodymium,695.0,0.14481532123805838,Small variability in data,
Canada,Trucks,FCEV,2037,56.47917063292892,3.6892781241792854,Current Measures,Vehicle motor,PM,Praesodymium,1.0,0.00020836736868785379,No comparison,
Canada,Cars,PHEV,2037,583618.0965402655,1.0,Current Measures,Vehicle motor,PM,Copper,13884.5,8103.245461413316,No comparison,
Canada,Cars,PHEV,2037,583618.0965402655,1.0,Current Measures,Vehicle motor,PM,Dysprosium,83.0,48.44030201284204,Variability in data,
Canada,Cars,PHEV,2037,583618.0965402655,1.0,Current Measures,Vehicle motor,PM,Neodymium,695.0,405.6145770954845,Small variability in data,
Canada,Cars,PHEV,2037,583618.0965402655,1.0,Current Measures,Vehicle motor,PM,Praesodymium,1.0,0.5836180965402655,No comparison,
Canada,Vans,PHEV,2037,60244.44867512418,1.9577507575642077,Current Measures,Vehicle motor,PM,Copper,13884.5,1637.5881229223894,No comparison,
Canada,Vans,PHEV,2037,60244.44867512418,1.9577507575642077,Current Measures,Vehicle motor,PM,Dysprosium,83.0,9.78932004771928,Variability in data,
Canada,Vans,PHEV,2037,60244.44867512418,1.9577507575642077,Current Measures,Vehicle motor,PM,Neodymium,695.0,81.97081244776986,Small variability in data,
Canada,Vans,PHEV,2037,60244.44867512418,1.9577507575642077,Current Measures,Vehicle motor,PM,Praesodymium,1.0,0.11794361503276239,No comparison,
Canada,2 and 3 wheelers,BEV,2038,1742.6816836566918,0.09808569078889517,Current Measures,Vehicle motor,PM,Copper,13884.5,2.3733072529361565,No comparison,
Canada,2 and 3 wheelers,BEV,2038,1742.6816836566918,0.09808569078889517,Current Measures,Vehicle motor,PM,Dysprosium,83.0,0.014187367351629586,Variability in data,
Canada,2 and 3 wheelers,BEV,2038,1742.6816836566918,0.09808569078889517,Current Measures,Vehicle motor,PM,Neodymium,695.0,0.11879783505280195,Small variability in data,
Canada,2 and 3 wheelers,BEV,2038,1742.6816836566918,0.09808569078889517,Current Measures,Vehicle motor,PM,Praesodymium,1.0,0.00017093213676662152,No comparison,
Canada,Buses,BEV,2038,2152.724432752384,5.6752374182090595,Current Measures,Vehicle motor,PM,Copper,13884.5,169.63002235580024,No comparison,
Canada,Buses,BEV,2038,2152.724432752384,5.6752374182090595,Current Measures,Vehicle motor,PM,Dysprosium,83.0,1.0140294469034836,Variability in data,
Canada,Buses,BEV,2038,2152.724432752384,5.6752374182090595,Current Measures,Vehicle motor,PM,Neodymium,695.0,8.490969465035194,Small variability in data,
Canada,Buses,BEV,2038,2152.724432752384,5.6752374182090595,Current Measures,Vehicle motor,PM,Praesodymium,1.0,0.012217222251849201,No comparison,
Canada,Cars,BEV,2038,1947703.058204538,1.0,Current Measures,Vehicle motor,PM,Copper,13884.5,27042.883111640906,No comparison,
Canada,Cars,BEV,2038,1947703.058204538,1.0,Current Measures,Vehicle motor,PM,Dysprosium,83.0,161.65935383097667,Variability in data,
Canada,Cars,BEV,2038,1947703.058204538,1.0,Current Measures,Vehicle motor,PM,Neodymium,695.0,1353.6536254521538,Small variability in data,
Canada,Cars,BEV,2038,1947703.058204538,1.0,Current Measures,Vehicle motor,PM,Praesodymium,1.0,1.947703058204538,No comparison,
Canada,Trucks,BEV,2038,20502.13745478461,3.6892781241792854,Current Measures,Vehicle motor,PM,Copper,13884.5,1050.1970218790973,No comparison,
Canada,Trucks,BEV,2038,20502.13745478461,3.6892781241792854,Current Measures,Vehicle motor,PM,Dysprosium,83.0,6.277961238500851,Variability in data,
Canada,Trucks,BEV,2038,20502.13745478461,3.6892781241792854,Current Measures,Vehicle motor,PM,Neodymium,695.0,52.56847061154327,Small variability in data,
Canada,Trucks,BEV,2038,20502.13745478461,3.6892781241792854,Current Measures,Vehicle motor,PM,Praesodymium,1.0,0.07563808721085363,No comparison,
Canada,Vans,BEV,2038,112761.75600131536,1.9577507575642077,Current Measures,Vehicle motor,PM,Copper,13884.5,3065.1340730730967,No comparison,
Canada,Vans,BEV,2038,112761.75600131536,1.9577507575642077,Current Measures,Vehicle motor,PM,Dysprosium,83.0,18.323031298575174,Variability in data,
Canada,Vans,BEV,2038,112761.75600131536,1.9577507575642077,Current Measures,Vehicle motor,PM,Neodymium,695.0,153.4277921989126,Small variability in data,
Canada,Vans,BEV,2038,112761.75600131536,1.9577507575642077,Current Measures,Vehicle motor,PM,Praesodymium,1.0,0.22075941323584547,No comparison,
Canada,Buses,FCEV,2038,133.26389345609996,5.6752374182090595,Current Measures,Vehicle motor,PM,Copper,13884.5,10.500906145835252,No comparison,
Canada,Buses,FCEV,2038,133.26389345609996,5.6752374182090595,Current Measures,Vehicle motor,PM,Dysprosium,83.0,0.06277325147497756,Variability in data,
Canada,Buses,FCEV,2038,133.26389345609996,5.6752374182090595,Current Measures,Vehicle motor,PM,Neodymium,695.0,0.5256314430736073,Small variability in data,
Canada,Buses,FCEV,2038,133.26389345609996,5.6752374182090595,Current Measures,Vehicle motor,PM,Praesodymium,1.0,0.0007563042346382839,No comparison,
Canada,Cars,FCEV,2038,205.0213745478461,1.0,Current Measures,Vehicle motor,PM,Copper,13884.5,2.8466192749095693,No comparison,
Canada,Cars,FCEV,2038,205.0213745478461,1.0,Current Measures,Vehicle motor,PM,Dysprosium,83.0,0.017016774087471227,Variability in data,
Canada,Cars,FCEV,2038,205.0213745478461,1.0,Current Measures,Vehicle motor,PM,Neodymium,695.0,0.14248985531075303,Small variability in data,
Canada,Cars,FCEV,2038,205.0213745478461,1.0,Current Measures,Vehicle motor,PM,Praesodymium,1.0,0.0002050213745478461,No comparison,
Canada,Trucks,FCEV,2038,61.50641236435383,3.6892781241792854,Current Measures,Vehicle motor,PM,Copper,13884.5,3.150591065637292,No comparison,
Canada,Trucks,FCEV,2038,61.50641236435383,3.6892781241792854,Current Measures,Vehicle motor,PM,Dysprosium,83.0,0.018833883715502556,Variability in data,
Canada,Trucks,FCEV,2038,61.50641236435383,3.6892781241792854,Current Measures,Vehicle motor,PM,Neodymium,695.0,0.15770541183462983,Small variability in data,
Canada,Trucks,FCEV,2038,61.50641236435383,3.6892781241792854,Current Measures,Vehicle motor,PM,Praesodymium,1.0,0.0002269142616325609,No comparison,
Canada,Cars,PHEV,2038,635566.2610983229,1.0,Current Measures,Vehicle motor,PM,Copper,13884.5,8824.519752219665,No comparison,
Canada,Cars,PHEV,2038,635566.2610983229,1.0,Current Measures,Vehicle motor,PM,Dysprosium,83.0,52.7519996711608,Variability in data,
Canada,Cars,PHEV,2038,635566.2610983229,1.0,Current Measures,Vehicle motor,PM,Neodymium,695.0,441.71855146333445,Small variability in data,
Canada,Cars,PHEV,2038,635566.2610983229,1.0,Current Measures,Vehicle motor,PM,Praesodymium,1.0,0.6355662610983229,No comparison,
Canada,Vans,PHEV,2038,65606.83985531075,1.9577507575642077,Current Measures,Vehicle motor,PM,Copper,13884.5,1783.3507334243473,No comparison,
Canada,Vans,PHEV,2038,65606.83985531075,1.9577507575642077,Current Measures,Vehicle motor,PM,Dysprosium,83.0,10.660672755534646,Variability in data,
Canada,Vans,PHEV,2038,65606.83985531075,1.9577507575642077,Current Measures,Vehicle motor,PM,Neodymium,695.0,89.26707909754916,Small variability in data,
Canada,Vans,PHEV,2038,65606.83985531075,1.9577507575642077,Current Measures,Vehicle motor,PM,Praesodymium,1.0,0.12844184042812828,No comparison,
Canada,2 and 3 wheelers,BEV,2039,1886.0190553661364,0.09808569078889517,Current Measures,Vehicle motor,PM,Copper,13884.5,2.5685142302545954,No comparison,
Canada,2 and 3 wheelers,BEV,2039,1886.0190553661364,0.09808569078889517,Current Measures,Vehicle motor,PM,Dysprosium,83.0,0.015354292996588383,Variability in data,
Canada,2 and 3 wheelers,BEV,2039,1886.0190553661364,0.09808569078889517,Current Measures,Vehicle motor,PM,Neodymium,695.0,0.1285690799111919,Small variability in data,
Canada,2 and 3 wheelers,BEV,2039,1886.0190553661364,0.09808569078889517,Current Measures,Vehicle motor,PM,Praesodymium,1.0,0.00018499148188660702,No comparison,
Canada,Buses,BEV,2039,2329.7882448640507,5.6752374182090595,Current Measures,Vehicle motor,PM,Copper,13884.5,183.58226721814117,No comparison,
Canada,Buses,BEV,2039,2329.7882448640507,5.6752374182090595,Current Measures,Vehicle motor,PM,Dysprosium,83.0,1.097434418171754,Variability in data,
Canada,Buses,BEV,2039,2329.7882448640507,5.6752374182090595,Current Measures,Vehicle motor,PM,Neodymium,695.0,9.18936048951047,Small variability in data,
Canada,Buses,BEV,2039,2329.7882448640507,5.6752374182090595,Current Measures,Vehicle motor,PM,Praesodymium,1.0,0.013222101423756072,No comparison,
Canada,Cars,BEV,2039,2107903.6501150937,1.0,Current Measures,Vehicle motor,PM,Copper,13884.5,29267.188230023017,No comparison,
Canada,Cars,BEV,2039,2107903.6501150937,1.0,Current Measures,Vehicle motor,PM,Dysprosium,83.0,174.95600295955276,Variability in data,
Canada,Cars,BEV,2039,2107903.6501150937,1.0,Current Measures,Vehicle motor,PM,Neodymium,695.0,1464.9930368299902,Small variability in data,
Canada,Cars,BEV,2039,2107903.6501150937,1.0,Current Measures,Vehicle motor,PM,Praesodymium,1.0,2.1079036501150936,No comparison,
Canada,Trucks,BEV,2039,22188.459474895724,3.6892781241792854,Current Measures,Vehicle motor,PM,Copper,13884.5,1136.5768136132776,No comparison,
Canada,Trucks,BEV,2039,22188.459474895724,3.6892781241792854,Current Measures,Vehicle motor,PM,Dysprosium,83.0,6.794330046447626,Variability in data,
Canada,Trucks,BEV,2039,22188.459474895724,3.6892781241792854,Current Measures,Vehicle motor,PM,Neodymium,695.0,56.892281714230116,Small variability in data,
Canada,Trucks,BEV,2039,22188.459474895724,3.6892781241792854,Current Measures,Vehicle motor,PM,Praesodymium,1.0,0.08185939814997138,No comparison,
Canada,Vans,BEV,2039,122036.52711192648,1.9577507575642077,Current Measures,Vehicle motor,PM,Copper,13884.5,3317.2445222111583,No comparison,
Canada,Vans,BEV,2039,122036.52711192648,1.9577507575642077,Current Measures,Vehicle motor,PM,Dysprosium,83.0,19.83011958252196,Variability in data,
Canada,Vans,BEV,2039,122036.52711192648,1.9577507575642077,Current Measures,Vehicle motor,PM,Neodymium,695.0,166.04738686569593,Small variability in data,
Canada,Vans,BEV,2039,122036.52711192648,1.9577507575642077,Current Measures,Vehicle motor,PM,Praesodymium,1.0,0.23891710340387903,No comparison,
Canada,Buses,FCEV,2039,144.22498658682218,5.6752374182090595,Current Measures,Vehicle motor,PM,Copper,13884.5,11.364616542075405,No comparison,
Canada,Buses,FCEV,2039,144.22498658682218,5.6752374182090595,Current Measures,Vehicle motor,PM,Dysprosium,83.0,0.06793641636301333,Variability in data,
Canada,Buses,FCEV,2039,144.22498658682218,5.6752374182090595,Current Measures,Vehicle motor,PM,Neodymium,695.0,0.5688651731601718,Small variability in data,
Canada,Buses,FCEV,2039,144.22498658682218,5.6752374182090595,Current Measures,Vehicle motor,PM,Praesodymium,1.0,0.0008185110405182329,No comparison,
Canada,Cars,FCEV,2039,221.88459474895723,1.0,Current Measures,Vehicle motor,PM,Copper,13884.5,3.0807566557918964,No comparison,
Canada,Cars,FCEV,2039,221.88459474895723,1.0,Current Measures,Vehicle motor,PM,Dysprosium,83.0,0.018416421364163448,Variability in data,
Canada,Cars,FCEV,2039,221.88459474895723,1.0,Current Measures,Vehicle motor,PM,Neodymium,695.0,0.15420979335052526,Small variability in data,
Canada,Cars,FCEV,2039,221.88459474895723,1.0,Current Measures,Vehicle motor,PM,Praesodymium,1.0,0.00022188459474895721,No comparison,
Canada,Trucks,FCEV,2039,66.56537842468717,3.6892781241792854,Current Measures,Vehicle motor,PM,Copper,13884.5,3.4097304408398332,No comparison,
Canada,Trucks,FCEV,2039,66.56537842468717,3.6892781241792854,Current Measures,Vehicle motor,PM,Dysprosium,83.0,0.020382990139342874,Variability in data,
Canada,Trucks,FCEV,2039,66.56537842468717,3.6892781241792854,Current Measures,Vehicle motor,PM,Neodymium,695.0,0.17067684514269035,Small variability in data,
Canada,Trucks,FCEV,2039,66.56537842468717,3.6892781241792854,Current Measures,Vehicle motor,PM,Praesodymium,1.0,0.00024557819444991416,No comparison,
Canada,Cars,PHEV,2039,687842.2437217674,1.0,Current Measures,Vehicle motor,PM,Copper,13884.5,9550.345632954879,No comparison,
Canada,Cars,PHEV,2039,687842.2437217674,1.0,Current Measures,Vehicle motor,PM,Dysprosium,83.0,57.0909062289067,Variability in data,
Canada,Cars,PHEV,2039,687842.2437217674,1.0,Current Measures,Vehicle motor,PM,Neodymium,695.0,478.0503593866284,Small variability in data,
Canada,Cars,PHEV,2039,687842.2437217674,1.0,Current Measures,Vehicle motor,PM,Praesodymium,1.0,0.6878422437217675,No comparison,
Canada,Vans,PHEV,2039,71003.07031966631,1.9577507575642077,Current Measures,Vehicle motor,PM,Copper,13884.5,1930.0331765592193,No comparison,
Canada,Vans,PHEV,2039,71003.07031966631,1.9577507575642077,Current Measures,Vehicle motor,PM,Dysprosium,83.0,11.537524120740049,Variability in data,
Canada,Vans,PHEV,2039,71003.07031966631,1.9577507575642077,Current Measures,Vehicle motor,PM,Neodymium,695.0,96.60938872185945,Small variability in data,
Canada,Vans,PHEV,2039,71003.07031966631,1.9577507575642077,Current Measures,Vehicle motor,PM,Praesodymium,1.0,0.13900631470771144,No comparison,
Canada,2 and 3 wheelers,BEV,2040,2029.3476003392236,0.09808569078889517,Current Measures,Vehicle motor,PM,Copper,13884.5,2.7637091866987613,No comparison,
Canada,2 and 3 wheelers,BEV,2040,2029.3476003392236,0.09808569078889517,Current Measures,Vehicle motor,PM,Dysprosium,83.0,0.01652114678209494,Variability in data,
Canada,2 and 3 wheelers,BEV,2040,2029.3476003392236,0.09808569078889517,Current Measures,Vehicle motor,PM,Neodymium,695.0,0.13833972305489137,Small variability in data,
Canada,2 and 3 wheelers,BEV,2040,2029.3476003392236,0.09808569078889517,Current Measures,Vehicle motor,PM,Praesodymium,1.0,0.00019904996123005952,No comparison,
Canada,Buses,BEV,2040,2506.8411533602175,5.6752374182090595,Current Measures,Vehicle motor,PM,Copper,13884.5,197.53365289919864,No comparison,
Canada,Buses,BEV,2040,2506.8411533602175,5.6752374182090595,Current Measures,Vehicle motor,PM,Dysprosium,83.0,1.1808342533496698,Variability in data,
Canada,Buses,BEV,2040,2506.8411533602175,5.6752374182090595,Current Measures,Vehicle motor,PM,Neodymium,695.0,9.887708506964103,Small variability in data,
Canada,Buses,BEV,2040,2506.8411533602175,5.6752374182090595,Current Measures,Vehicle motor,PM,Praesodymium,1.0,0.01422691871505626,No comparison,
Canada,Cars,BEV,2040,2268094.3768497207,1.0,Current Measures,Vehicle motor,PM,Copper,13884.5,31491.356375369945,No comparison,
Canada,Cars,BEV,2040,2268094.3768497207,1.0,Current Measures,Vehicle motor,PM,Dysprosium,83.0,188.25183327852682,Variability in data,
Canada,Cars,BEV,2040,2268094.3768497207,1.0,Current Measures,Vehicle motor,PM,Neodymium,695.0,1576.3255919105559,Small variability in data,
Canada,Cars,BEV,2040,2268094.3768497207,1.0,Current Measures,Vehicle motor,PM,Praesodymium,1.0,2.268094376849721,No comparison,
Canada,Trucks,BEV,2040,23874.67765104969,3.6892781241792854,Current Measures,Vehicle motor,PM,Copper,13884.5,1222.951286067223,No comparison,
Canada,Trucks,BEV,2040,23874.67765104969,3.6892781241792854,Current Measures,Vehicle motor,PM,Dysprosium,83.0,7.310667056327525,Variability in data,
Canada,Trucks,BEV,2040,23874.67765104969,3.6892781241792854,Current Measures,Vehicle motor,PM,Neodymium,695.0,61.21582655599555,Small variability in data,
Canada,Trucks,BEV,2040,23874.67765104969,3.6892781241792854,Current Measures,Vehicle motor,PM,Praesodymium,1.0,0.0880803259798497,No comparison,
Canada,Vans,BEV,2040,131310.7270807733,1.9577507575642077,Current Measures,Vehicle motor,PM,Copper,13884.5,3569.339446350813,No comparison,
Canada,Vans,BEV,2040,131310.7270807733,1.9577507575642077,Current Measures,Vehicle motor,PM,Dysprosium,83.0,21.33711505975134,Variability in data,
Canada,Vans,BEV,2040,131310.7270807733,1.9577507575642077,Current Measures,Vehicle motor,PM,Neodymium,695.0,178.66620441599014,Small variability in data,
Canada,Vans,BEV,2040,131310.7270807733,1.9577507575642077,Current Measures,Vehicle motor,PM,Praesodymium,1.0,0.25707367541869086,No comparison,
Canada,Buses,FCEV,2040,155.18540473182298,5.6752374182090595,Current Measures,Vehicle motor,PM,Copper,13884.5,12.228273750902774,No comparison,
Canada,Buses,FCEV,2040,155.18540473182298,5.6752374182090595,Current Measures,Vehicle motor,PM,Dysprosium,83.0,0.0730992633025986,Variability in data,
Canada,Buses,FCEV,2040,155.18540473182298,5.6752374182090595,Current Measures,Vehicle motor,PM,Neodymium,695.0,0.6120962409073015,Small variability in data,
Canada,Buses,FCEV,2040,155.18540473182298,5.6752374182090595,Current Measures,Vehicle motor,PM,Praesodymium,1.0,0.000880714015693959,No comparison,
Canada,Cars,FCEV,2040,238.74677651049691,1.0,Current Measures,Vehicle motor,PM,Copper,13884.5,3.3148796184599942,No comparison,
Canada,Cars,FCEV,2040,238.74677651049691,1.0,Current Measures,Vehicle motor,PM,Dysprosium,83.0,0.019815982450371243,Variability in data,
Canada,Cars,FCEV,2040,238.74677651049691,1.0,Current Measures,Vehicle motor,PM,Neodymium,695.0,0.16592900967479535,Small variability in data,
Canada,Cars,FCEV,2040,238.74677651049691,1.0,Current Measures,Vehicle motor,PM,Praesodymium,1.0,0.0002387467765104969,No comparison,
Canada,Trucks,FCEV,2040,71.62403295314907,3.6892781241792854,Current Measures,Vehicle motor,PM,Copper,13884.5,3.6688538582016696,No comparison,
Canada,Trucks,FCEV,2040,71.62403295314907,3.6892781241792854,Current Measures,Vehicle motor,PM,Dysprosium,83.0,0.021932001168982578,Variability in data,
Canada,Trucks,FCEV,2040,71.62403295314907,3.6892781241792854,Current Measures,Vehicle motor,PM,Neodymium,695.0,0.18364747966798664,Small variability in data,
Canada,Trucks,FCEV,2040,71.62403295314907,3.6892781241792854,Current Measures,Vehicle motor,PM,Praesodymium,1.0,0.0002642409779395491,No comparison,
Canada,Cars,PHEV,2040,740115.0071825404,1.0,Current Measures,Vehicle motor,PM,Copper,13884.5,10276.126817225982,No comparison,
Canada,Cars,PHEV,2040,740115.0071825404,1.0,Current Measures,Vehicle motor,PM,Dysprosium,83.0,61.42954559615085,Variability in data,
Canada,Cars,PHEV,2040,740115.0071825404,1.0,Current Measures,Vehicle motor,PM,Neodymium,695.0,514.3799299918655,Small variability in data,
Canada,Cars,PHEV,2040,740115.0071825404,1.0,Current Measures,Vehicle motor,PM,Praesodymium,1.0,0.7401150071825404,No comparison,
Canada,Vans,PHEV,2040,76398.96848335901,1.9577507575642077,Current Measures,Vehicle motor,PM,Copper,13884.5,2076.706586967746,No comparison,
Canada,Vans,PHEV,2040,76398.96848335901,1.9577507575642077,Current Measures,Vehicle motor,PM,Dysprosium,83.0,12.41432148930987,Variability in data,
Canada,Vans,PHEV,2040,76398.96848335901,1.9577507575642077,Current Measures,Vehicle motor,PM,Neodymium,695.0,103.95124620566699,Small variability in data,
Canada,Vans,PHEV,2040,76398.96848335901,1.9577507575642077,Current Measures,Vehicle motor,PM,Praesodymium,1.0,0.14957013842542013,No comparison,
Canada,2 and 3 wheelers,BEV,2041,2163.297737932467,0.09808569078889517,Current Measures,Vehicle motor,PM,Copper,13884.5,2.9461319642279182,No comparison,
Canada,2 and 3 wheelers,BEV,2041,2163.297737932467,0.09808569078889517,Current Measures,Vehicle motor,PM,Dysprosium,83.0,0.01761164989959431,Variability in data,
Canada,2 and 3 wheelers,BEV,2041,2163.297737932467,0.09808569078889517,Current Measures,Vehicle motor,PM,Neodymium,695.0,0.14747104433997646,Small variability in data,
Canada,2 and 3 wheelers,BEV,2041,2163.297737932467,0.09808569078889517,Current Measures,Vehicle motor,PM,Praesodymium,1.0,0.00021218855300716036,No comparison,
Canada,Buses,BEV,2041,2672.308970387165,5.6752374182090595,Current Measures,Vehicle motor,PM,Copper,13884.5,210.57215846656456,No comparison,
Canada,Buses,BEV,2041,2672.308970387165,5.6752374182090595,Current Measures,Vehicle motor,PM,Dysprosium,83.0,1.258776992525828,Variability in data,
Canada,Buses,BEV,2041,2672.308970387165,5.6752374182090595,Current Measures,Vehicle motor,PM,Neodymium,695.0,10.54036156392109,Small variability in data,
Canada,Buses,BEV,2041,2672.308970387165,5.6752374182090595,Current Measures,Vehicle motor,PM,Praesodymium,1.0,0.015165987861756965,No comparison,
Canada,Cars,BEV,2041,2417803.354159816,1.0,Current Measures,Vehicle motor,PM,Copper,13884.5,33569.99067083197,No comparison,
Canada,Cars,BEV,2041,2417803.354159816,1.0,Current Measures,Vehicle motor,PM,Dysprosium,83.0,200.67767839526473,Variability in data,
Canada,Cars,BEV,2041,2417803.354159816,1.0,Current Measures,Vehicle motor,PM,Neodymium,695.0,1680.3733311410722,Small variability in data,
Canada,Cars,BEV,2041,2417803.354159816,1.0,Current Measures,Vehicle motor,PM,Praesodymium,1.0,2.4178033541598163,No comparison,
Canada,Trucks,BEV,2041,25450.561622734906,3.6892781241792854,Current Measures,Vehicle motor,PM,Copper,13884.5,1303.6740232716113,No comparison,
Canada,Trucks,BEV,2041,25450.561622734906,3.6892781241792854,Current Measures,Vehicle motor,PM,Dysprosium,83.0,7.793218620155118,Variability in data,
Canada,Trucks,BEV,2041,25450.561622734906,3.6892781241792854,Current Measures,Vehicle motor,PM,Neodymium,695.0,65.25646916876876,Small variability in data,
Canada,Trucks,BEV,2041,25450.561622734906,3.6892781241792854,Current Measures,Vehicle motor,PM,Praesodymium,1.0,0.09389420024283274,No comparison,
Canada,Vans,BEV,2041,139978.088925042,1.9577507575642077,Current Measures,Vehicle motor,PM,Copper,13884.5,3804.9390596825856,No comparison,
Canada,Vans,BEV,2041,139978.088925042,1.9577507575642077,Current Measures,Vehicle motor,PM,Dysprosium,83.0,22.74550339973745,Variability in data,
Canada,Vans,BEV,2041,139978.088925042,1.9577507575642077,Current Measures,Vehicle motor,PM,Neodymium,695.0,190.45933569659672,Small variability in data,
Canada,Vans,BEV,2041,139978.088925042,1.9577507575642077,Current Measures,Vehicle motor,PM,Praesodymium,1.0,0.27404220963539094,No comparison,
Canada,Buses,FCEV,2041,165.4286505477769,5.6752374182090595,Current Measures,Vehicle motor,PM,Copper,13884.5,13.035419333644477,No comparison,
Canada,Buses,FCEV,2041,165.4286505477769,5.6752374182090595,Current Measures,Vehicle motor,PM,Dysprosium,83.0,0.07792429001350365,Variability in data,
Canada,Buses,FCEV,2041,165.4286505477769,5.6752374182090595,Current Measures,Vehicle motor,PM,Neodymium,695.0,0.652498573004639,Small variability in data,
Canada,Buses,FCEV,2041,165.4286505477769,5.6752374182090595,Current Measures,Vehicle motor,PM,Praesodymium,1.0,0.0009388468676325741,No comparison,
Canada,Cars,FCEV,2041,254.50561622734907,1.0,Current Measures,Vehicle motor,PM,Copper,13884.5,3.533683228508628,No comparison,
Canada,Cars,FCEV,2041,254.50561622734907,1.0,Current Measures,Vehicle motor,PM,Dysprosium,83.0,0.021123966146869975,Variability in data,
Canada,Cars,FCEV,2041,254.50561622734907,1.0,Current Measures,Vehicle motor,PM,Neodymium,695.0,0.1768814032780076,Small variability in data,
Canada,Cars,FCEV,2041,254.50561622734907,1.0,Current Measures,Vehicle motor,PM,Praesodymium,1.0,0.00025450561622734907,No comparison,
Canada,Trucks,FCEV,2041,76.35168486820471,3.6892781241792854,Current Measures,Vehicle motor,PM,Copper,13884.5,3.911022069814833,No comparison,
Canada,Trucks,FCEV,2041,76.35168486820471,3.6892781241792854,Current Measures,Vehicle motor,PM,Dysprosium,83.0,0.02337965586046535,Variability in data,
Canada,Trucks,FCEV,2041,76.35168486820471,3.6892781241792854,Current Measures,Vehicle motor,PM,Neodymium,695.0,0.19576940750630625,Small variability in data,
Canada,Trucks,FCEV,2041,76.35168486820471,3.6892781241792854,Current Measures,Vehicle motor,PM,Praesodymium,1.0,0.0002816826007284982,No comparison,
Canada,Cars,PHEV,2041,788967.4103047821,1.0,Current Measures,Vehicle motor,PM,Copper,13884.5,10954.418008376748,No comparison,
Canada,Cars,PHEV,2041,788967.4103047821,1.0,Current Measures,Vehicle motor,PM,Dysprosium,83.0,65.48429505529691,Variability in data,
Canada,Cars,PHEV,2041,788967.4103047821,1.0,Current Measures,Vehicle motor,PM,Neodymium,695.0,548.3323501618235,Small variability in data,
Canada,Cars,PHEV,2041,788967.4103047821,1.0,Current Measures,Vehicle motor,PM,Praesodymium,1.0,0.7889674103047821,No comparison,
Canada,Vans,PHEV,2041,81441.79719275169,1.9577507575642077,Current Measures,Vehicle motor,PM,Copper,13884.5,2213.7827256335045,No comparison,
Canada,Vans,PHEV,2041,81441.79719275169,1.9577507575642077,Current Measures,Vehicle motor,PM,Dysprosium,83.0,13.233747432574516,Variability in data,
Canada,Vans,PHEV,2041,81441.79719275169,1.9577507575642077,Current Measures,Vehicle motor,PM,Neodymium,695.0,110.81270440529264,Small variability in data,
Canada,Vans,PHEV,2041,81441.79719275169,1.9577507575642077,Current Measures,Vehicle motor,PM,Praesodymium,1.0,0.15944274015150017,No comparison,
Canada,2 and 3 wheelers,BEV,2042,2288.4888108136174,0.09808569078889517,Current Measures,Vehicle motor,PM,Copper,13884.5,3.116626027520216,No comparison,
Canada,2 and 3 wheelers,BEV,2042,2288.4888108136174,0.09808569078889517,Current Measures,Vehicle motor,PM,Dysprosium,83.0,0.018630844487318804,Variability in data,
Canada,2 and 3 wheelers,BEV,2042,2288.4888108136174,0.09808569078889517,Current Measures,Vehicle motor,PM,Neodymium,695.0,0.1560052640805611,Small variability in data,
Canada,2 and 3 wheelers,BEV,2042,2288.4888108136174,0.09808569078889517,Current Measures,Vehicle motor,PM,Praesodymium,1.0,0.00022446800587131092,No comparison,
Canada,Buses,BEV,2042,2826.9567662991744,5.6752374182090595,Current Measures,Vehicle motor,PM,Copper,13884.5,222.7580698069627,No comparison,
Canada,Buses,BEV,2042,2826.9567662991744,5.6752374182090595,Current Measures,Vehicle motor,PM,Dysprosium,83.0,1.3316230180401096,Variability in data,
Canada,Buses,BEV,2042,2826.9567662991744,5.6752374182090595,Current Measures,Vehicle motor,PM,Neodymium,695.0,11.150337319733449,Small variability in data,
Canada,Buses,BEV,2042,2826.9567662991744,5.6752374182090595,Current Measures,Vehicle motor,PM,Praesodymium,1.0,0.016043650819760356,No comparison,
Canada,Cars,BEV,2042,2557722.788556396,1.0,Current Measures,Vehicle motor,PM,Copper,13884.5,35512.70205771128,No comparison,
Canada,Cars,BEV,2042,2557722.788556396,1.0,Current Measures,Vehicle motor,PM,Dysprosium,83.0,212.29099145018085,Variability in data,
Canada,Cars,BEV,2042,2557722.788556396,1.0,Current Measures,Vehicle motor,PM,Neodymium,695.0,1777.6173380466953,Small variability in data,
Canada,Cars,BEV,2042,2557722.788556396,1.0,Current Measures,Vehicle motor,PM,Praesodymium,1.0,2.5577227885563962,No comparison,
Canada,Trucks,BEV,2042,26923.39777427785,3.6892781241792854,Current Measures,Vehicle motor,PM,Copper,13884.5,1379.1182613895885,No comparison,
Canada,Trucks,BEV,2042,26923.39777427785,3.6892781241792854,Current Measures,Vehicle motor,PM,Dysprosium,83.0,8.244215902289305,Variability in data,
Canada,Trucks,BEV,2042,26923.39777427785,3.6892781241792854,Current Measures,Vehicle motor,PM,Neodymium,695.0,69.03289219386828,Small variability in data,
Canada,Trucks,BEV,2042,26923.39777427785,3.6892781241792854,Current Measures,Vehicle motor,PM,Praesodymium,1.0,0.09932790243722055,No comparison,
Canada,Vans,BEV,2042,148078.6877585282,1.9577507575642077,Current Measures,Vehicle motor,PM,Copper,13884.5,4025.1326995947306,No comparison,
Canada,Vans,BEV,2042,148078.6877585282,1.9577507575642077,Current Measures,Vehicle motor,PM,Dysprosium,83.0,24.061796540484906,Variability in data,
Canada,Vans,BEV,2042,148078.6877585282,1.9577507575642077,Current Measures,Vehicle motor,PM,Neodymium,695.0,201.4813083811688,Small variability in data,
Canada,Vans,BEV,2042,148078.6877585282,1.9577507575642077,Current Measures,Vehicle motor,PM,Praesodymium,1.0,0.28990116313837233,No comparison,
Canada,Buses,FCEV,2042,175.00208553280603,5.6752374182090595,Current Measures,Vehicle motor,PM,Copper,13884.5,13.789785273764357,No comparison,
Canada,Buses,FCEV,2042,175.00208553280603,5.6752374182090595,Current Measures,Vehicle motor,PM,Dysprosium,83.0,0.08243380587867347,Variability in data,
Canada,Buses,FCEV,2042,175.00208553280603,5.6752374182090595,Current Measures,Vehicle motor,PM,Neodymium,695.0,0.6902589769358801,Small variability in data,
Canada,Buses,FCEV,2042,175.00208553280603,5.6752374182090595,Current Measures,Vehicle motor,PM,Praesodymium,1.0,0.000993178384080403,No comparison,
Canada,Cars,FCEV,2042,269.2339777427785,1.0,Current Measures,Vehicle motor,PM,Copper,13884.5,3.738179163969608,No comparison,
Canada,Cars,FCEV,2042,269.2339777427785,1.0,Current Measures,Vehicle motor,PM,Dysprosium,83.0,0.022346420152650617,Variability in data,
Canada,Cars,FCEV,2042,269.2339777427785,1.0,Current Measures,Vehicle motor,PM,Neodymium,695.0,0.18711761453123105,Small variability in data,
Canada,Cars,FCEV,2042,269.2339777427785,1.0,Current Measures,Vehicle motor,PM,Praesodymium,1.0,0.0002692339777427785,No comparison,
Canada,Trucks,FCEV,2042,80.77019332283356,3.6892781241792854,Current Measures,Vehicle motor,PM,Copper,13884.5,4.137354784168767,No comparison,
Canada,Trucks,FCEV,2042,80.77019332283356,3.6892781241792854,Current Measures,Vehicle motor,PM,Dysprosium,83.0,0.024732647706867915,Variability in data,
Canada,Trucks,FCEV,2042,80.77019332283356,3.6892781241792854,Current Measures,Vehicle motor,PM,Neodymium,695.0,0.20709867658160483,Small variability in data,
Canada,Trucks,FCEV,2042,80.77019332283356,3.6892781241792854,Current Measures,Vehicle motor,PM,Praesodymium,1.0,0.00029798370731166164,No comparison,
Canada,Cars,PHEV,2042,834625.3310026134,1.0,Current Measures,Vehicle motor,PM,Copper,13884.5,11588.355408305786,No comparison,
Canada,Cars,PHEV,2042,834625.3310026134,1.0,Current Measures,Vehicle motor,PM,Dysprosium,83.0,69.2739024732169,Variability in data,
Canada,Cars,PHEV,2042,834625.3310026134,1.0,Current Measures,Vehicle motor,PM,Neodymium,695.0,580.0646050468164,Small variability in data,
Canada,Cars,PHEV,2042,834625.3310026134,1.0,Current Measures,Vehicle motor,PM,Praesodymium,1.0,0.8346253310026134,No comparison,
Canada,Vans,PHEV,2042,86154.87287768912,1.9577507575642077,Current Measures,Vehicle motor,PM,Copper,13884.5,2341.895388855116,No comparison,
Canada,Vans,PHEV,2042,86154.87287768912,1.9577507575642077,Current Measures,Vehicle motor,PM,Dysprosium,83.0,13.999590714463944,Variability in data,
Canada,Vans,PHEV,2042,86154.87287768912,1.9577507575642077,Current Measures,Vehicle motor,PM,Neodymium,695.0,117.22548851268,Small variability in data,
Canada,Vans,PHEV,2042,86154.87287768912,1.9577507575642077,Current Measures,Vehicle motor,PM,Praesodymium,1.0,0.1686697676441439,No comparison,
Canada,2 and 3 wheelers,BEV,2043,2405.3091953824055,0.09808569078889517,Current Measures,Vehicle motor,PM,Copper,13884.5,3.2757202950436675,No comparison,
Canada,2 and 3 wheelers,BEV,2043,2405.3091953824055,0.09808569078889517,Current Measures,Vehicle motor,PM,Dysprosium,83.0,0.019581892361167086,Variability in data,
Canada,2 and 3 wheelers,BEV,2043,2405.3091953824055,0.09808569078889517,Current Measures,Vehicle motor,PM,Neodymium,695.0,0.1639688577230256,Small variability in data,
Canada,2 and 3 wheelers,BEV,2043,2405.3091953824055,0.09808569078889517,Current Measures,Vehicle motor,PM,Praesodymium,1.0,0.00023592641398996489,No comparison,
Canada,Buses,BEV,2043,2971.264300178266,5.6752374182090595,Current Measures,Vehicle motor,PM,Copper,13884.5,234.12919089686594,No comparison,
Canada,Buses,BEV,2043,2971.264300178266,5.6752374182090595,Current Measures,Vehicle motor,PM,Dysprosium,83.0,1.3995983178681173,Variability in data,
Canada,Buses,BEV,2043,2971.264300178266,5.6752374182090595,Current Measures,Vehicle motor,PM,Neodymium,695.0,11.719528083353511,Small variability in data,
Canada,Buses,BEV,2043,2971.264300178266,5.6752374182090595,Current Measures,Vehicle motor,PM,Praesodymium,1.0,0.016862630335760447,No comparison,
Canada,Cars,BEV,2043,2688286.7477803356,1.0,Current Measures,Vehicle motor,PM,Copper,13884.5,37325.51734955607,No comparison,
Canada,Cars,BEV,2043,2688286.7477803356,1.0,Current Measures,Vehicle motor,PM,Dysprosium,83.0,223.12780006576784,Variability in data,
Canada,Cars,BEV,2043,2688286.7477803356,1.0,Current Measures,Vehicle motor,PM,Neodymium,695.0,1868.3592897073333,Small variability in data,
Canada,Cars,BEV,2043,2688286.7477803356,1.0,Current Measures,Vehicle motor,PM,Praesodymium,1.0,2.6882867477803356,No comparison,
Canada,Trucks,BEV,2043,28297.755239793005,3.6892781241792854,Current Measures,Vehicle motor,PM,Copper,13884.5,1449.5180487514904,No comparison,
Canada,Trucks,BEV,2043,28297.755239793005,3.6892781241792854,Current Measures,Vehicle motor,PM,Dysprosium,83.0,8.665058017672491,Variability in data,
Canada,Trucks,BEV,2043,28297.755239793005,3.6892781241792854,Current Measures,Vehicle motor,PM,Neodymium,695.0,72.55681111183591,Small variability in data,
Canada,Trucks,BEV,2043,28297.755239793005,3.6892781241792854,Current Measures,Vehicle motor,PM,Praesodymium,1.0,0.10439828936954808,No comparison,
Canada,Vans,BEV,2043,155637.65381886152,1.9577507575642077,Current Measures,Vehicle motor,PM,Copper,13884.5,4230.603466017174,No comparison,
Canada,Vans,BEV,2043,155637.65381886152,1.9577507575642077,Current Measures,Vehicle motor,PM,Dysprosium,83.0,25.29007797755954,Variability in data,
Canada,Vans,BEV,2043,155637.65381886152,1.9577507575642077,Current Measures,Vehicle motor,PM,Neodymium,695.0,211.76631559522747,Small variability in data,
Canada,Vans,BEV,2043,155637.65381886152,1.9577507575642077,Current Measures,Vehicle motor,PM,Praesodymium,1.0,0.30469973466939204,No comparison,
Canada,Buses,FCEV,2043,183.93540905865453,5.6752374182090595,Current Measures,Vehicle motor,PM,Copper,13884.5,14.493711817425034,No comparison,
Canada,Buses,FCEV,2043,183.93540905865453,5.6752374182090595,Current Measures,Vehicle motor,PM,Dysprosium,83.0,0.08664180062993106,Variability in data,
Canada,Buses,FCEV,2043,183.93540905865453,5.6752374182090595,Current Measures,Vehicle motor,PM,Neodymium,695.0,0.7254945956361697,Small variability in data,
Canada,Buses,FCEV,2043,183.93540905865453,5.6752374182090595,Current Measures,Vehicle motor,PM,Praesodymium,1.0,0.0010438771160232658,No comparison,
Canada,Cars,FCEV,2043,282.97755239793,1.0,Current Measures,Vehicle motor,PM,Copper,13884.5,3.9290018262690594,No comparison,
Canada,Cars,FCEV,2043,282.97755239793,1.0,Current Measures,Vehicle motor,PM,Dysprosium,83.0,0.023487136849028194,Variability in data,
Canada,Cars,FCEV,2043,282.97755239793,1.0,Current Measures,Vehicle motor,PM,Neodymium,695.0,0.19666939891656135,Small variability in data,
Canada,Cars,FCEV,2043,282.97755239793,1.0,Current Measures,Vehicle motor,PM,Praesodymium,1.0,0.00028297755239793004,No comparison,
Canada,Trucks,FCEV,2043,84.89326571937902,3.6892781241792854,Current Measures,Vehicle motor,PM,Copper,13884.5,4.348554146254471,No comparison,
Canada,Trucks,FCEV,2043,84.89326571937902,3.6892781241792854,Current Measures,Vehicle motor,PM,Dysprosium,83.0,0.02599517405301747,Variability in data,
Canada,Trucks,FCEV,2043,84.89326571937902,3.6892781241792854,Current Measures,Vehicle motor,PM,Neodymium,695.0,0.21767043333550776,Small variability in data,
Canada,Trucks,FCEV,2043,84.89326571937902,3.6892781241792854,Current Measures,Vehicle motor,PM,Praesodymium,1.0,0.00031319486810864425,No comparison,
Canada,Cars,PHEV,2043,877230.4124335832,1.0,Current Measures,Vehicle motor,PM,Copper,13884.5,12179.905661434086,No comparison,
Canada,Cars,PHEV,2043,877230.4124335832,1.0,Current Measures,Vehicle motor,PM,Dysprosium,83.0,72.8101242319874,Variability in data,
Canada,Cars,PHEV,2043,877230.4124335832,1.0,Current Measures,Vehicle motor,PM,Neodymium,695.0,609.6751366413403,Small variability in data,
Canada,Cars,PHEV,2043,877230.4124335832,1.0,Current Measures,Vehicle motor,PM,Praesodymium,1.0,0.8772304124335831,No comparison,
Canada,Vans,PHEV,2043,90552.81676733762,1.9577507575642077,Current Measures,Vehicle motor,PM,Copper,13884.5,2461.4420165918104,No comparison,
Canada,Vans,PHEV,2043,90552.81676733762,1.9577507575642077,Current Measures,Vehicle motor,PM,Dysprosium,83.0,14.714227186943733,Variability in data,
Canada,Vans,PHEV,2043,90552.81676733762,1.9577507575642077,Current Measures,Vehicle motor,PM,Neodymium,695.0,123.20949270995054,Small variability in data,
Canada,Vans,PHEV,2043,90552.81676733762,1.9577507575642077,Current Measures,Vehicle motor,PM,Praesodymium,1.0,0.1772798456258281,No comparison,
Canada,2 and 3 wheelers,BEV,2044,2514.531231070112,0.09808569078889517,Current Measures,Vehicle motor,PM,Copper,13884.5,3.4244665932971534,No comparison,
Canada,2 and 3 wheelers,BEV,2044,2514.531231070112,0.09808569078889517,Current Measures,Vehicle motor,PM,Dysprosium,83.0,0.020471081223210324,Variability in data,
Canada,2 and 3 wheelers,BEV,2044,2514.531231070112,0.09808569078889517,Current Measures,Vehicle motor,PM,Neodymium,695.0,0.17141447530278522,Small variability in data,
Canada,2 and 3 wheelers,BEV,2044,2514.531231070112,0.09808569078889517,Current Measures,Vehicle motor,PM,Praesodymium,1.0,0.00024663953280976294,No comparison,
Canada,Buses,BEV,2044,3106.1856383807267,5.6752374182090595,Current Measures,Vehicle motor,PM,Copper,13884.5,244.7607000985783,No comparison,
Canada,Buses,BEV,2044,3106.1856383807267,5.6752374182090595,Current Measures,Vehicle motor,PM,Dysprosium,83.0,1.4631522999158775,Variability in data,
Canada,Buses,BEV,2044,3106.1856383807267,5.6752374182090595,Current Measures,Vehicle motor,PM,Neodymium,695.0,12.251696969175118,Small variability in data,
Canada,Buses,BEV,2044,3106.1856383807267,5.6752374182090595,Current Measures,Vehicle motor,PM,Praesodymium,1.0,0.017628340962841896,No comparison,
Canada,Cars,BEV,2044,2810358.434725419,1.0,Current Measures,Vehicle motor,PM,Copper,13884.5,39020.42168694508,No comparison,
Canada,Cars,BEV,2044,2810358.434725419,1.0,Current Measures,Vehicle motor,PM,Dysprosium,83.0,233.2597500822098,Variability in data,
Canada,Cars,BEV,2044,2810358.434725419,1.0,Current Measures,Vehicle motor,PM,Neodymium,695.0,1953.1991121341662,Small variability in data,
Canada,Cars,BEV,2044,2810358.434725419,1.0,Current Measures,Vehicle motor,PM,Praesodymium,1.0,2.810358434725419,No comparison,
Canada,Trucks,BEV,2044,29582.720365530728,3.6892781241792854,Current Measures,Vehicle motor,PM,Copper,13884.5,1515.338822377868,No comparison,
Canada,Trucks,BEV,2044,29582.720365530728,3.6892781241792854,Current Measures,Vehicle motor,PM,Dysprosium,83.0,9.058527297156042,Variability in data,
Canada,Trucks,BEV,2044,29582.720365530728,3.6892781241792854,Current Measures,Vehicle motor,PM,Neodymium,695.0,75.85152375329456,Small variability in data,
Canada,Trucks,BEV,2044,29582.720365530728,3.6892781241792854,Current Measures,Vehicle motor,PM,Praesodymium,1.0,0.10913888309826555,No comparison,
Canada,Vans,BEV,2044,162704.96201041903,1.9577507575642077,Current Measures,Vehicle motor,PM,Copper,13884.5,4422.709796310566,No comparison,
Canada,Vans,BEV,2044,162704.96201041903,1.9577507575642077,Current Measures,Vehicle motor,PM,Dysprosium,83.0,26.438468298734342,Variability in data,
Canada,Vans,BEV,2044,162704.96201041903,1.9577507575642077,Current Measures,Vehicle motor,PM,Neodymium,695.0,221.38235503157068,Small variability in data,
Canada,Vans,BEV,2044,162704.96201041903,1.9577507575642077,Current Measures,Vehicle motor,PM,Praesodymium,1.0,0.3185357626353535,No comparison,
Canada,Buses,FCEV,2044,192.28768237594974,5.6752374182090595,Current Measures,Vehicle motor,PM,Copper,13884.5,15.151852863245322,No comparison,
Canada,Buses,FCEV,2044,192.28768237594974,5.6752374182090595,Current Measures,Vehicle motor,PM,Dysprosium,83.0,0.09057609475669716,Variability in data,
Canada,Buses,FCEV,2044,192.28768237594974,5.6752374182090595,Current Measures,Vehicle motor,PM,Neodymium,695.0,0.7584383838060785,Small variability in data,
Canada,Buses,FCEV,2044,192.28768237594974,5.6752374182090595,Current Measures,Vehicle motor,PM,Praesodymium,1.0,0.0010912782500806886,No comparison,
Canada,Cars,FCEV,2044,295.8272036553073,1.0,Current Measures,Vehicle motor,PM,Copper,13884.5,4.107412809152114,No comparison,
Canada,Cars,FCEV,2044,295.8272036553073,1.0,Current Measures,Vehicle motor,PM,Dysprosium,83.0,0.024553657903390508,Variability in data,
Canada,Cars,FCEV,2044,295.8272036553073,1.0,Current Measures,Vehicle motor,PM,Neodymium,695.0,0.20559990654043855,Small variability in data,
Canada,Cars,FCEV,2044,295.8272036553073,1.0,Current Measures,Vehicle motor,PM,Praesodymium,1.0,0.0002958272036553073,No comparison,
Canada,Trucks,FCEV,2044,88.74816109659218,3.6892781241792854,Current Measures,Vehicle motor,PM,Copper,13884.5,4.546016467133604,No comparison,
Canada,Trucks,FCEV,2044,88.74816109659218,3.6892781241792854,Current Measures,Vehicle motor,PM,Dysprosium,83.0,0.02717558189146812,Variability in data,
Canada,Trucks,FCEV,2044,88.74816109659218,3.6892781241792854,Current Measures,Vehicle motor,PM,Neodymium,695.0,0.22755457125988368,Small variability in data,
Canada,Trucks,FCEV,2044,88.74816109659218,3.6892781241792854,Current Measures,Vehicle motor,PM,Praesodymium,1.0,0.0003274166492947966,No comparison,
Canada,Cars,PHEV,2044,917064.3313314526,1.0,Current Measures,Vehicle motor,PM,Copper,13884.5,12732.979708371553,No comparison,
Canada,Cars,PHEV,2044,917064.3313314526,1.0,Current Measures,Vehicle motor,PM,Dysprosium,83.0,76.11633950051056,Variability in data,
Canada,Cars,PHEV,2044,917064.3313314526,1.0,Current Measures,Vehicle motor,PM,Neodymium,695.0,637.3597102753595,Small variability in data,
Canada,Cars,PHEV,2044,917064.3313314526,1.0,Current Measures,Vehicle motor,PM,Praesodymium,1.0,0.9170643313314526,No comparison,
Canada,Vans,PHEV,2044,94664.70516969834,1.9577507575642077,Current Measures,Vehicle motor,PM,Copper,13884.5,2573.212972398874,No comparison,
Canada,Vans,PHEV,2044,94664.70516969834,1.9577507575642077,Current Measures,Vehicle motor,PM,Dysprosium,83.0,15.382381555627251,Variability in data,
Canada,Vans,PHEV,2044,94664.70516969834,1.9577507575642077,Current Measures,Vehicle motor,PM,Neodymium,695.0,128.80427929109567,Small variability in data,
Canada,Vans,PHEV,2044,94664.70516969834,1.9577507575642077,Current Measures,Vehicle motor,PM,Praesodymium,1.0,0.18532989826056928,No comparison,
Canada,2 and 3 wheelers,BEV,2045,2616.594783571886,0.09808569078889517,Current Measures,Vehicle motor,PM,Copper,13884.5,3.5634639625152773,No comparison,
Canada,2 and 3 wheelers,BEV,2045,2616.594783571886,0.09808569078889517,Current Measures,Vehicle motor,PM,Dysprosium,83.0,0.021301992069485257,Variability in data,
Canada,2 and 3 wheelers,BEV,2045,2616.594783571886,0.09808569078889517,Current Measures,Vehicle motor,PM,Neodymium,695.0,0.17837210226858133,Small variability in data,
Canada,2 and 3 wheelers,BEV,2045,2616.594783571886,0.09808569078889517,Current Measures,Vehicle motor,PM,Praesodymium,1.0,0.0002566505068612681,No comparison,
Canada,Buses,BEV,2045,3232.26414441233,5.6752374182090595,Current Measures,Vehicle motor,PM,Copper,13884.5,254.69541327939294,No comparison,
Canada,Buses,BEV,2045,3232.26414441233,5.6752374182090595,Current Measures,Vehicle motor,PM,Dysprosium,83.0,1.522540912686061,Variability in data,
Canada,Buses,BEV,2045,3232.26414441233,5.6752374182090595,Current Measures,Vehicle motor,PM,Neodymium,695.0,12.748987160443521,Small variability in data,
Canada,Buses,BEV,2045,3232.26414441233,5.6752374182090595,Current Measures,Vehicle motor,PM,Praesodymium,1.0,0.018343866417904347,No comparison,
Canada,Cars,BEV,2045,2924429.463992108,1.0,Current Measures,Vehicle motor,PM,Copper,13884.5,40604.24089279842,No comparison,
Canada,Cars,BEV,2045,2924429.463992108,1.0,Current Measures,Vehicle motor,PM,Dysprosium,83.0,242.72764551134497,Variability in data,
Canada,Cars,BEV,2045,2924429.463992108,1.0,Current Measures,Vehicle motor,PM,Neodymium,695.0,2032.478477474515,Small variability in data,
Canada,Cars,BEV,2045,2924429.463992108,1.0,Current Measures,Vehicle motor,PM,Praesodymium,1.0,2.9244294639921082,No comparison,
Canada,Trucks,BEV,2045,30783.46804202219,3.6892781241792854,Current Measures,Vehicle motor,PM,Copper,13884.5,1576.84565973376,No comparison,
Canada,Trucks,BEV,2045,30783.46804202219,3.6892781241792854,Current Measures,Vehicle motor,PM,Dysprosium,83.0,9.426208344405781,Variability in data,
Canada,Trucks,BEV,2045,30783.46804202219,3.6892781241792854,Current Measures,Vehicle motor,PM,Neodymium,695.0,78.9302987874942,Small variability in data,
Canada,Trucks,BEV,2045,30783.46804202219,3.6892781241792854,Current Measures,Vehicle motor,PM,Praesodymium,1.0,0.1135687752338046,No comparison,
Canada,Vans,BEV,2045,169309.07423112204,1.9577507575642077,Current Measures,Vehicle motor,PM,Copper,13884.5,4602.225352895539,No comparison,
Canada,Vans,BEV,2045,169309.07423112204,1.9577507575642077,Current Measures,Vehicle motor,PM,Dysprosium,83.0,27.51159237209333,Variability in data,
Canada,Vans,BEV,2045,169309.07423112204,1.9577507575642077,Current Measures,Vehicle motor,PM,Neodymium,695.0,230.36815299523929,Small variability in data,
Canada,Vans,BEV,2045,169309.07423112204,1.9577507575642077,Current Measures,Vehicle motor,PM,Praesodymium,1.0,0.33146496833847383,No comparison,
Canada,Buses,FCEV,2045,200.09254227314423,5.6752374182090595,Current Measures,Vehicle motor,PM,Copper,13884.5,15.76685891729575,No comparison,
Canada,Buses,FCEV,2045,200.09254227314423,5.6752374182090595,Current Measures,Vehicle motor,PM,Dysprosium,83.0,0.09425253269008947,Variability in data,
Canada,Buses,FCEV,2045,200.09254227314423,5.6752374182090595,Current Measures,Vehicle motor,PM,Neodymium,695.0,0.7892230146941227,Small variability in data,
Canada,Buses,FCEV,2045,200.09254227314423,5.6752374182090595,Current Measures,Vehicle motor,PM,Praesodymium,1.0,0.0011355726830131261,No comparison,
Canada,Cars,FCEV,2045,307.8346804202219,1.0,Current Measures,Vehicle motor,PM,Copper,13884.5,4.274130620294571,No comparison,
Canada,Cars,FCEV,2045,307.8346804202219,1.0,Current Measures,Vehicle motor,PM,Dysprosium,83.0,0.025550278474878417,Variability in data,
Canada,Cars,FCEV,2045,307.8346804202219,1.0,Current Measures,Vehicle motor,PM,Neodymium,695.0,0.2139451028920542,Small variability in data,
Canada,Cars,FCEV,2045,307.8346804202219,1.0,Current Measures,Vehicle motor,PM,Praesodymium,1.0,0.0003078346804202219,No comparison,
Canada,Trucks,FCEV,2045,92.35040412606656,3.6892781241792854,Current Measures,Vehicle motor,PM,Copper,13884.5,4.73053697920128,No comparison,
Canada,Trucks,FCEV,2045,92.35040412606656,3.6892781241792854,Current Measures,Vehicle motor,PM,Dysprosium,83.0,0.028278625033217344,Variability in data,
Canada,Trucks,FCEV,2045,92.35040412606656,3.6892781241792854,Current Measures,Vehicle motor,PM,Neodymium,695.0,0.23679089636248257,Small variability in data,
Canada,Trucks,FCEV,2045,92.35040412606656,3.6892781241792854,Current Measures,Vehicle motor,PM,Praesodymium,1.0,0.0003407063257014138,No comparison,
Canada,Cars,PHEV,2045,954287.5093026878,1.0,Current Measures,Vehicle motor,PM,Copper,13884.5,13249.80492291317,No comparison,
Canada,Cars,PHEV,2045,954287.5093026878,1.0,Current Measures,Vehicle motor,PM,Dysprosium,83.0,79.20586327212308,Variability in data,
Canada,Cars,PHEV,2045,954287.5093026878,1.0,Current Measures,Vehicle motor,PM,Neodymium,695.0,663.229818965368,Small variability in data,
Canada,Cars,PHEV,2045,954287.5093026878,1.0,Current Measures,Vehicle motor,PM,Praesodymium,1.0,0.9542875093026878,No comparison,
Canada,Vans,PHEV,2045,98507.09773447101,1.9577507575642077,Current Measures,Vehicle motor,PM,Copper,13884.5,2677.6583871392236,No comparison,
Canada,Vans,PHEV,2045,98507.09773447101,1.9577507575642077,Current Measures,Vehicle motor,PM,Dysprosium,83.0,16.0067446528543,Variability in data,
Canada,Vans,PHEV,2045,98507.09773447101,1.9577507575642077,Current Measures,Vehicle motor,PM,Neodymium,695.0,134.0323799245029,Small variability in data,
Canada,Vans,PHEV,2045,98507.09773447101,1.9577507575642077,Current Measures,Vehicle motor,PM,Praesodymium,1.0,0.19285234521511205,No comparison,
Canada,2 and 3 wheelers,BEV,2046,2712.5428789006387,0.09808569078889517,Current Measures,Vehicle motor,PM,Copper,13884.5,3.694132869341292,No comparison,
Canada,2 and 3 wheelers,BEV,2046,2712.5428789006387,0.09808569078889517,Current Measures,Vehicle motor,PM,Dysprosium,83.0,0.02208311629193181,Variability in data,
Canada,2 and 3 wheelers,BEV,2046,2712.5428789006387,0.09808569078889517,Current Measures,Vehicle motor,PM,Neodymium,695.0,0.18491284123966997,Small variability in data,
Canada,2 and 3 wheelers,BEV,2046,2712.5428789006387,0.09808569078889517,Current Measures,Vehicle motor,PM,Praesodymium,1.0,0.0002660616420714676,No comparison,
Canada,Buses,BEV,2046,3350.7882621713775,5.6752374182090595,Current Measures,Vehicle motor,PM,Copper,13884.5,264.03485702764027,No comparison,
Canada,Buses,BEV,2046,3350.7882621713775,5.6752374182090595,Current Measures,Vehicle motor,PM,Dysprosium,83.0,1.5783710708555687,Variability in data,
Canada,Buses,BEV,2046,3350.7882621713775,5.6752374182090595,Current Measures,Vehicle motor,PM,Neodymium,695.0,13.216480653549642,Small variability in data,
Canada,Buses,BEV,2046,3350.7882621713775,5.6752374182090595,Current Measures,Vehicle motor,PM,Praesodymium,1.0,0.019016518925970706,No comparison,
Canada,Cars,BEV,2046,3031665.570536008,1.0,Current Measures,Vehicle motor,PM,Copper,13884.5,42093.16061410721,No comparison,
Canada,Cars,BEV,2046,3031665.570536008,1.0,Current Measures,Vehicle motor,PM,Dysprosium,83.0,251.62824235448866,Variability in data,
Canada,Cars,BEV,2046,3031665.570536008,1.0,Current Measures,Vehicle motor,PM,Neodymium,695.0,2107.0075715225257,Small variability in data,
Canada,Cars,BEV,2046,3031665.570536008,1.0,Current Measures,Vehicle motor,PM,Praesodymium,1.0,3.031665570536008,No comparison,
Canada,Trucks,BEV,2046,31912.269163536926,3.6892781241792854,Current Measures,Vehicle motor,PM,Copper,13884.5,1634.6671224335873,No comparison,
Canada,Trucks,BEV,2046,31912.269163536926,3.6892781241792854,Current Measures,Vehicle motor,PM,Dysprosium,83.0,9.771858630990511,Variability in data,
Canada,Trucks,BEV,2046,31912.269163536926,3.6892781241792854,Current Measures,Vehicle motor,PM,Neodymium,695.0,81.82459937998078,Small variability in data,
Canada,Trucks,BEV,2046,31912.269163536926,3.6892781241792854,Current Measures,Vehicle motor,PM,Praesodymium,1.0,0.11773323651795796,No comparison,
Canada,Vans,BEV,2046,175517.48039945308,1.9577507575642077,Current Measures,Vehicle motor,PM,Copper,13884.5,4770.984673083908,No comparison,
Canada,Vans,BEV,2046,175517.48039945308,1.9577507575642077,Current Measures,Vehicle motor,PM,Dysprosium,83.0,28.520416858076587,Variability in data,
Canada,Vans,BEV,2046,175517.48039945308,1.9577507575642077,Current Measures,Vehicle motor,PM,Neodymium,695.0,238.81553875136422,Small variability in data,
Canada,Vans,BEV,2046,175517.48039945308,1.9577507575642077,Current Measures,Vehicle motor,PM,Praesodymium,1.0,0.3436194802177902,No comparison,
Canada,Buses,FCEV,2046,207.42974956299003,5.6752374182090595,Current Measures,Vehicle motor,PM,Copper,13884.5,16.345014958853923,No comparison,
Canada,Buses,FCEV,2046,207.42974956299003,5.6752374182090595,Current Measures,Vehicle motor,PM,Dysprosium,83.0,0.09770868533867808,Variability in data,
Canada,Buses,FCEV,2046,207.42974956299003,5.6752374182090595,Current Measures,Vehicle motor,PM,Neodymium,695.0,0.8181630880768826,Small variability in data,
Canada,Buses,FCEV,2046,207.42974956299003,5.6752374182090595,Current Measures,Vehicle motor,PM,Praesodymium,1.0,0.0011772130763696151,No comparison,
Canada,Cars,FCEV,2046,319.1226916353693,1.0,Current Measures,Vehicle motor,PM,Copper,13884.5,4.430859012011285,No comparison,
Canada,Cars,FCEV,2046,319.1226916353693,1.0,Current Measures,Vehicle motor,PM,Dysprosium,83.0,0.02648718340573565,Variability in data,
Canada,Cars,FCEV,2046,319.1226916353693,1.0,Current Measures,Vehicle motor,PM,Neodymium,695.0,0.22179027068658164,Small variability in data,
Canada,Cars,FCEV,2046,319.1226916353693,1.0,Current Measures,Vehicle motor,PM,Praesodymium,1.0,0.0003191226916353693,No comparison,
Canada,Trucks,FCEV,2046,95.73680749061077,3.6892781241792854,Current Measures,Vehicle motor,PM,Copper,13884.5,4.904001367300762,No comparison,
Canada,Trucks,FCEV,2046,95.73680749061077,3.6892781241792854,Current Measures,Vehicle motor,PM,Dysprosium,83.0,0.02931557589297153,Variability in data,
Canada,Trucks,FCEV,2046,95.73680749061077,3.6892781241792854,Current Measures,Vehicle motor,PM,Neodymium,695.0,0.24547379813994233,Small variability in data,
Canada,Trucks,FCEV,2046,95.73680749061077,3.6892781241792854,Current Measures,Vehicle motor,PM,Praesodymium,1.0,0.00035319970955387383,No comparison,
Canada,Cars,PHEV,2046,989280.3440696447,1.0,Current Measures,Vehicle motor,PM,Copper,13884.5,13735.662937234982,No comparison,
Canada,Cars,PHEV,2046,989280.3440696447,1.0,Current Measures,Vehicle motor,PM,Dysprosium,83.0,82.1102685577805,Variability in data,
Canada,Cars,PHEV,2046,989280.3440696447,1.0,Current Measures,Vehicle motor,PM,Neodymium,695.0,687.549839128403,Small variability in data,
Canada,Cars,PHEV,2046,989280.3440696447,1.0,Current Measures,Vehicle motor,PM,Praesodymium,1.0,0.9892803440696447,No comparison,
Canada,Vans,PHEV,2046,102119.26132331816,1.9577507575642077,Current Measures,Vehicle motor,PM,Copper,13884.5,2775.845627976092,No comparison,
Canada,Vans,PHEV,2046,102119.26132331816,1.9577507575642077,Current Measures,Vehicle motor,PM,Dysprosium,83.0,16.593697081062743,Variability in data,
Canada,Vans,PHEV,2046,102119.26132331816,1.9577507575642077,Current Measures,Vehicle motor,PM,Neodymium,695.0,138.9472225462483,Small variability in data,
Canada,Vans,PHEV,2046,102119.26132331816,1.9577507575642077,Current Measures,Vehicle motor,PM,Praesodymium,1.0,0.1999240612176234,No comparison,
Canada,2 and 3 wheelers,BEV,2047,2802.7815469288153,0.09808569078889517,Current Measures,Vehicle motor,PM,Copper,13884.5,3.8170262739917535,No comparison,
Canada,2 and 3 wheelers,BEV,2047,2802.7815469288153,0.09808569078889517,Current Measures,Vehicle motor,PM,Dysprosium,83.0,0.022817759425353128,Variability in data,
Canada,2 and 3 wheelers,BEV,2047,2802.7815469288153,0.09808569078889517,Current Measures,Vehicle motor,PM,Neodymium,695.0,0.19106437109181235,Small variability in data,
Canada,2 and 3 wheelers,BEV,2047,2802.7815469288153,0.09808569078889517,Current Measures,Vehicle motor,PM,Praesodymium,1.0,0.00027491276416088104,No comparison,
Canada,Buses,BEV,2047,3462.259557970889,5.6752374182090595,Current Measures,Vehicle motor,PM,Copper,13884.5,272.8185536823603,No comparison,
Canada,Buses,BEV,2047,3462.259557970889,5.6752374182090595,Current Measures,Vehicle motor,PM,Dysprosium,83.0,1.6308790345807127,Variability in data,
Canada,Buses,BEV,2047,3462.259557970889,5.6752374182090595,Current Measures,Vehicle motor,PM,Neodymium,695.0,13.6561557714891,Small variability in data,
Canada,Buses,BEV,2047,3462.259557970889,5.6752374182090595,Current Measures,Vehicle motor,PM,Praesodymium,1.0,0.019649144994948346,No comparison,
Canada,Cars,BEV,2047,3132520.552449852,1.0,Current Measures,Vehicle motor,PM,Copper,13884.5,43493.48161048997,No comparison,
Canada,Cars,BEV,2047,3132520.552449852,1.0,Current Measures,Vehicle motor,PM,Dysprosium,83.0,259.99920585333774,Variability in data,
Canada,Cars,BEV,2047,3132520.552449852,1.0,Current Measures,Vehicle motor,PM,Neodymium,695.0,2177.101783952647,Small variability in data,
Canada,Cars,BEV,2047,3132520.552449852,1.0,Current Measures,Vehicle motor,PM,Praesodymium,1.0,3.132520552449852,No comparison,
Canada,Trucks,BEV,2047,32973.90055210371,3.6892781241792854,Current Measures,Vehicle motor,PM,Copper,13884.5,1689.0478973681547,No comparison,
Canada,Trucks,BEV,2047,32973.90055210371,3.6892781241792854,Current Measures,Vehicle motor,PM,Dysprosium,83.0,10.096940867986378,Variability in data,
Canada,Trucks,BEV,2047,32973.90055210371,3.6892781241792854,Current Measures,Vehicle motor,PM,Neodymium,695.0,84.54667353313894,Small variability in data,
Canada,Trucks,BEV,2047,32973.90055210371,3.6892781241792854,Current Measures,Vehicle motor,PM,Praesodymium,1.0,0.12164988997573949,No comparison,
Canada,Vans,BEV,2047,181356.4530365704,1.9577507575642077,Current Measures,Vehicle motor,PM,Copper,13884.5,4929.701906802413,No comparison,
Canada,Vans,BEV,2047,181356.4530365704,1.9577507575642077,Current Measures,Vehicle motor,PM,Dysprosium,83.0,29.469210865684776,Variability in data,
Canada,Vans,BEV,2047,181356.4530365704,1.9577507575642077,Current Measures,Vehicle motor,PM,Neodymium,695.0,246.76025965844482,Small variability in data,
Canada,Vans,BEV,2047,181356.4530365704,1.9577507575642077,Current Measures,Vehicle motor,PM,Praesodymium,1.0,0.35505073332150333,No comparison,
Canada,Buses,FCEV,2047,214.3303535886741,5.6752374182090595,Current Measures,Vehicle motor,PM,Copper,13884.5,16.88876760890802,No comparison,
Canada,Buses,FCEV,2047,214.3303535886741,5.6752374182090595,Current Measures,Vehicle motor,PM,Dysprosium,83.0,0.10095917833118698,Variability in data,
Canada,Buses,FCEV,2047,214.3303535886741,5.6752374182090595,Current Measures,Vehicle motor,PM,Neodymium,695.0,0.8453810715683729,Small variability in data,
Canada,Buses,FCEV,2047,214.3303535886741,5.6752374182090595,Current Measures,Vehicle motor,PM,Praesodymium,1.0,0.0012163756425444215,No comparison,
Canada,Cars,FCEV,2047,329.7390055210371,1.0,Current Measures,Vehicle motor,PM,Copper,13884.5,4.578261222156839,No comparison,
Canada,Cars,FCEV,2047,329.7390055210371,1.0,Current Measures,Vehicle motor,PM,Dysprosium,83.0,0.02736833745824608,Variability in data,
Canada,Cars,FCEV,2047,329.7390055210371,1.0,Current Measures,Vehicle motor,PM,Neodymium,695.0,0.22916860883712079,Small variability in data,
Canada,Cars,FCEV,2047,329.7390055210371,1.0,Current Measures,Vehicle motor,PM,Praesodymium,1.0,0.0003297390055210371,No comparison,
Canada,Trucks,FCEV,2047,98.92170165631111,3.6892781241792854,Current Measures,Vehicle motor,PM,Copper,13884.5,5.067143692104463,No comparison,
Canada,Trucks,FCEV,2047,98.92170165631111,3.6892781241792854,Current Measures,Vehicle motor,PM,Dysprosium,83.0,0.030290822603959128,Variability in data,
Canada,Trucks,FCEV,2047,98.92170165631111,3.6892781241792854,Current Measures,Vehicle motor,PM,Neodymium,695.0,0.25364002059941676,Small variability in data,
Canada,Trucks,FCEV,2047,98.92170165631111,3.6892781241792854,Current Measures,Vehicle motor,PM,Praesodymium,1.0,0.0003649496699272184,No comparison,
Canada,Cars,PHEV,2047,1022190.917115215,1.0,Current Measures,Vehicle motor,PM,Copper,13884.5,14192.609788686203,No comparison,
Canada,Cars,PHEV,2047,1022190.917115215,1.0,Current Measures,Vehicle motor,PM,Dysprosium,83.0,84.84184612056283,Variability in data,
Canada,Cars,PHEV,2047,1022190.917115215,1.0,Current Measures,Vehicle motor,PM,Neodymium,695.0,710.4226873950744,Small variability in data,
Canada,Cars,PHEV,2047,1022190.917115215,1.0,Current Measures,Vehicle motor,PM,Praesodymium,1.0,1.022190917115215,No comparison,
Canada,Vans,PHEV,2047,105516.48176673186,1.9577507575642077,Current Measures,Vehicle motor,PM,Copper,13884.5,2868.1902003214036,No comparison,
Canada,Vans,PHEV,2047,105516.48176673186,1.9577507575642077,Current Measures,Vehicle motor,PM,Dysprosium,83.0,17.14572268548932,Variability in data,
Canada,Vans,PHEV,2047,105516.48176673186,1.9577507575642077,Current Measures,Vehicle motor,PM,Neodymium,695.0,143.5696056194588,Small variability in data,
Canada,Vans,PHEV,2047,105516.48176673186,1.9577507575642077,Current Measures,Vehicle motor,PM,Praesodymium,1.0,0.2065749721143292,No comparison,
Canada,2 and 3 wheelers,BEV,2048,2887.7712490697313,0.09808569078889517,Current Measures,Vehicle motor,PM,Copper,13884.5,3.9327712654079,No comparison,
Canada,2 and 3 wheelers,BEV,2048,2887.7712490697313,0.09808569078889517,Current Measures,Vehicle motor,PM,Dysprosium,83.0,0.023509670137841165,Variability in data,
Canada,2 and 3 wheelers,BEV,2048,2887.7712490697313,0.09808569078889517,Current Measures,Vehicle motor,PM,Neodymium,695.0,0.1968580812746941,Small variability in data,
Canada,2 and 3 wheelers,BEV,2048,2887.7712490697313,0.09808569078889517,Current Measures,Vehicle motor,PM,Praesodymium,1.0,0.00028324903780531526,No comparison,
Canada,Buses,BEV,2048,3567.246837086139,5.6752374182090595,Current Measures,Vehicle motor,PM,Copper,13884.5,281.09132386717425,No comparison,
Canada,Buses,BEV,2048,3567.246837086139,5.6752374182090595,Current Measures,Vehicle motor,PM,Dysprosium,83.0,1.6803327365749914,Variability in data,
Canada,Buses,BEV,2048,3567.246837086139,5.6752374182090595,Current Measures,Vehicle motor,PM,Neodymium,695.0,14.070256047224325,Small variability in data,
Canada,Buses,BEV,2048,3567.246837086139,5.6752374182090595,Current Measures,Vehicle motor,PM,Praesodymium,1.0,0.02024497272981917,No comparison,
Canada,Cars,BEV,2048,3227509.043077935,1.0,Current Measures,Vehicle motor,PM,Copper,13884.5,44812.34930861559,No comparison,
Canada,Cars,BEV,2048,3227509.043077935,1.0,Current Measures,Vehicle motor,PM,Dysprosium,83.0,267.8832505754686,Variability in data,
Canada,Cars,BEV,2048,3227509.043077935,1.0,Current Measures,Vehicle motor,PM,Neodymium,695.0,2243.1187849391645,Small variability in data,
Canada,Cars,BEV,2048,3227509.043077935,1.0,Current Measures,Vehicle motor,PM,Praesodymium,1.0,3.227509043077935,No comparison,
Canada,Trucks,BEV,2048,33973.77940082037,3.6892781241792854,Current Measures,Vehicle motor,PM,Copper,13884.5,1740.2654736563813,No comparison,
Canada,Trucks,BEV,2048,33973.77940082037,3.6892781241792854,Current Measures,Vehicle motor,PM,Dysprosium,83.0,10.403113854548572,Variability in data,
Canada,Trucks,BEV,2048,33973.77940082037,3.6892781241792854,Current Measures,Vehicle motor,PM,Neodymium,695.0,87.1104111917019,Small variability in data,
Canada,Trucks,BEV,2048,33973.77940082037,3.6892781241792854,Current Measures,Vehicle motor,PM,Praesodymium,1.0,0.12533872113913944,No comparison,
Canada,Vans,BEV,2048,186855.78670451202,1.9577507575642077,Current Measures,Vehicle motor,PM,Copper,13884.5,5079.186941467973,No comparison,
Canada,Vans,BEV,2048,186855.78670451202,1.9577507575642077,Current Measures,Vehicle motor,PM,Dysprosium,83.0,30.3628158120092,Variability in data,
Canada,Vans,BEV,2048,186855.78670451202,1.9577507575642077,Current Measures,Vehicle motor,PM,Neodymium,695.0,254.24285529333005,Small variability in data,
Canada,Vans,BEV,2048,186855.78670451202,1.9577507575642077,Current Measures,Vehicle motor,PM,Praesodymium,1.0,0.36581705797601444,No comparison,
Canada,Buses,FCEV,2048,220.8295661053324,5.6752374182090595,Current Measures,Vehicle motor,PM,Copper,13884.5,17.40089147749174,No comparison,
Canada,Buses,FCEV,2048,220.8295661053324,5.6752374182090595,Current Measures,Vehicle motor,PM,Dysprosium,83.0,0.10402059797845183,Variability in data,
Canada,Buses,FCEV,2048,220.8295661053324,5.6752374182090595,Current Measures,Vehicle motor,PM,Neodymium,695.0,0.8710158505424581,Small variability in data,
Canada,Buses,FCEV,2048,220.8295661053324,5.6752374182090595,Current Measures,Vehicle motor,PM,Praesodymium,1.0,0.0012532602166078534,No comparison,
Canada,Cars,FCEV,2048,339.7377940082037,1.0,Current Measures,Vehicle motor,PM,Copper,13884.5,4.717089400906905,No comparison,
Canada,Cars,FCEV,2048,339.7377940082037,1.0,Current Measures,Vehicle motor,PM,Dysprosium,83.0,0.028198236902680907,Variability in data,
Canada,Cars,FCEV,2048,339.7377940082037,1.0,Current Measures,Vehicle motor,PM,Neodymium,695.0,0.23611776683570157,Small variability in data,
Canada,Cars,FCEV,2048,339.7377940082037,1.0,Current Measures,Vehicle motor,PM,Praesodymium,1.0,0.0003397377940082037,No comparison,
Canada,Trucks,FCEV,2048,101.9213382024611,3.6892781241792854,Current Measures,Vehicle motor,PM,Copper,13884.5,5.220796420969143,No comparison,
Canada,Trucks,FCEV,2048,101.9213382024611,3.6892781241792854,Current Measures,Vehicle motor,PM,Dysprosium,83.0,0.031209341563645715,Variability in data,
Canada,Trucks,FCEV,2048,101.9213382024611,3.6892781241792854,Current Measures,Vehicle motor,PM,Neodymium,695.0,0.2613312335751057,Small variability in data,
Canada,Trucks,FCEV,2048,101.9213382024611,3.6892781241792854,Current Measures,Vehicle motor,PM,Praesodymium,1.0,0.00037601616341741823,No comparison,
Canada,Cars,PHEV,2048,1053187.1614254315,1.0,Current Measures,Vehicle motor,PM,Copper,13884.5,14622.977142811404,No comparison,
Canada,Cars,PHEV,2048,1053187.1614254315,1.0,Current Measures,Vehicle motor,PM,Dysprosium,83.0,87.4145343983108,Variability in data,
Canada,Cars,PHEV,2048,1053187.1614254315,1.0,Current Measures,Vehicle motor,PM,Neodymium,695.0,731.965077190675,Small variability in data,
Canada,Cars,PHEV,2048,1053187.1614254315,1.0,Current Measures,Vehicle motor,PM,Praesodymium,1.0,1.0531871614254316,No comparison,
Canada,Vans,PHEV,2048,108716.09408262518,1.9577507575642077,Current Measures,Vehicle motor,PM,Copper,13884.5,2955.1633113995476,No comparison,
Canada,Vans,PHEV,2048,108716.09408262518,1.9577507575642077,Current Measures,Vehicle motor,PM,Dysprosium,83.0,17.665638290623534,Variability in data,
Canada,Vans,PHEV,2048,108716.09408262518,1.9577507575642077,Current Measures,Vehicle motor,PM,Neodymium,695.0,147.92311580702838,Small variability in data,
Canada,Vans,PHEV,2048,108716.09408262518,1.9577507575642077,Current Measures,Vehicle motor,PM,Praesodymium,1.0,0.21283901554968113,No comparison,
Canada,2 and 3 wheelers,BEV,2049,2967.845930182246,0.09808569078889517,Current Measures,Vehicle motor,PM,Copper,13884.5,4.041822633333058,No comparison,
Canada,2 and 3 wheelers,BEV,2049,2967.845930182246,0.09808569078889517,Current Measures,Vehicle motor,PM,Dysprosium,83.0,0.02416156711200575,Variability in data,
Canada,2 and 3 wheelers,BEV,2049,2967.845930182246,0.09808569078889517,Current Measures,Vehicle motor,PM,Neodymium,695.0,0.20231673666077105,Small variability in data,
Canada,2 and 3 wheelers,BEV,2049,2967.845930182246,0.09808569078889517,Current Measures,Vehicle motor,PM,Praesodymium,1.0,0.00029110321821693673,No comparison,
Canada,Buses,BEV,2049,3666.162619636892,5.6752374182090595,Current Measures,Vehicle motor,PM,Copper,13884.5,288.8856732739735,No comparison,
Canada,Buses,BEV,2049,3666.162619636892,5.6752374182090595,Current Measures,Vehicle motor,PM,Dysprosium,83.0,1.7269264922568188,Variability in data,
Canada,Buses,BEV,2049,3666.162619636892,5.6752374182090595,Current Measures,Vehicle motor,PM,Neodymium,695.0,14.460408579740832,Small variability in data,
Canada,Buses,BEV,2049,3666.162619636892,5.6752374182090595,Current Measures,Vehicle motor,PM,Praesodymium,1.0,0.020806343280202637,No comparison,
Canada,Cars,BEV,2049,3317004.274909569,1.0,Current Measures,Vehicle motor,PM,Copper,13884.5,46054.94585498191,No comparison,
Canada,Cars,BEV,2049,3317004.274909569,1.0,Current Measures,Vehicle motor,PM,Dysprosium,83.0,275.3113548174942,Variability in data,
Canada,Cars,BEV,2049,3317004.274909569,1.0,Current Measures,Vehicle motor,PM,Neodymium,695.0,2305.3179710621503,Small variability in data,
Canada,Cars,BEV,2049,3317004.274909569,1.0,Current Measures,Vehicle motor,PM,Praesodymium,1.0,3.317004274909569,No comparison,
Canada,Trucks,BEV,2049,34915.834472732306,3.6892781241792854,Current Measures,Vehicle motor,PM,Copper,13884.5,1788.5210974004865,No comparison,
Canada,Trucks,BEV,2049,34915.834472732306,3.6892781241792854,Current Measures,Vehicle motor,PM,Dysprosium,83.0,10.69158061754045,Variability in data,
Canada,Trucks,BEV,2049,34915.834472732306,3.6892781241792854,Current Measures,Vehicle motor,PM,Neodymium,695.0,89.52588589386282,Small variability in data,
Canada,Trucks,BEV,2049,34915.834472732306,3.6892781241792854,Current Measures,Vehicle motor,PM,Praesodymium,1.0,0.12881422430771627,No comparison,
Canada,Vans,BEV,2049,192037.08960002768,1.9577507575642077,Current Measures,Vehicle motor,PM,Copper,13884.5,5220.027139520334,No comparison,
Canada,Vans,BEV,2049,192037.08960002768,1.9577507575642077,Current Measures,Vehicle motor,PM,Dysprosium,83.0,31.20474288452502,Variability in data,
Canada,Vans,BEV,2049,192037.08960002768,1.9577507575642077,Current Measures,Vehicle motor,PM,Neodymium,695.0,261.2927265631915,Small variability in data,
Canada,Vans,BEV,2049,192037.08960002768,1.9577507575642077,Current Measures,Vehicle motor,PM,Praesodymium,1.0,0.3759607576448798,No comparison,
Canada,Buses,FCEV,2049,226.95292407276,5.6752374182090595,Current Measures,Vehicle motor,PM,Copper,13884.5,17.88339882172217,No comparison,
Canada,Buses,FCEV,2049,226.95292407276,5.6752374182090595,Current Measures,Vehicle motor,PM,Dysprosium,83.0,0.10690497333018403,Variability in data,
Canada,Buses,FCEV,2049,226.95292407276,5.6752374182090595,Current Measures,Vehicle motor,PM,Neodymium,695.0,0.8951681501744326,Small variability in data,
Canada,Buses,FCEV,2049,226.95292407276,5.6752374182090595,Current Measures,Vehicle motor,PM,Praesodymium,1.0,0.0012880117268696872,No comparison,
Canada,Cars,FCEV,2049,349.1583447273231,1.0,Current Measures,Vehicle motor,PM,Copper,13884.5,4.847889037366517,No comparison,
Canada,Cars,FCEV,2049,349.1583447273231,1.0,Current Measures,Vehicle motor,PM,Dysprosium,83.0,0.028980142612367817,Variability in data,
Canada,Cars,FCEV,2049,349.1583447273231,1.0,Current Measures,Vehicle motor,PM,Neodymium,695.0,0.24266504958548957,Small variability in data,
Canada,Cars,FCEV,2049,349.1583447273231,1.0,Current Measures,Vehicle motor,PM,Praesodymium,1.0,0.0003491583447273231,No comparison,
Canada,Trucks,FCEV,2049,104.74750341819691,3.6892781241792854,Current Measures,Vehicle motor,PM,Copper,13884.5,5.365563292201459,No comparison,
Canada,Trucks,FCEV,2049,104.74750341819691,3.6892781241792854,Current Measures,Vehicle motor,PM,Dysprosium,83.0,0.03207474185262135,Variability in data,
Canada,Trucks,FCEV,2049,104.74750341819691,3.6892781241792854,Current Measures,Vehicle motor,PM,Neodymium,695.0,0.2685776576815884,Small variability in data,
Canada,Trucks,FCEV,2049,104.74750341819691,3.6892781241792854,Current Measures,Vehicle motor,PM,Praesodymium,1.0,0.0003864426729231488,No comparison,
Canada,Cars,PHEV,2049,1082390.8686547016,1.0,Current Measures,Vehicle motor,PM,Copper,13884.5,15028.456015836204,No comparison,
Canada,Cars,PHEV,2049,1082390.8686547016,1.0,Current Measures,Vehicle motor,PM,Dysprosium,83.0,89.83844209834022,Variability in data,
Canada,Cars,PHEV,2049,1082390.8686547016,1.0,Current Measures,Vehicle motor,PM,Neodymium,695.0,752.2616537150177,Small variability in data,
Canada,Cars,PHEV,2049,1082390.8686547016,1.0,Current Measures,Vehicle motor,PM,Praesodymium,1.0,1.0823908686547017,No comparison,
Canada,Vans,PHEV,2049,111730.67031274339,1.9577507575642077,Current Measures,Vehicle motor,PM,Copper,13884.5,3037.1066993572854,No comparison,
Canada,Vans,PHEV,2049,111730.67031274339,1.9577507575642077,Current Measures,Vehicle motor,PM,Dysprosium,83.0,18.155486769178196,Variability in data,
Canada,Vans,PHEV,2049,111730.67031274339,1.9577507575642077,Current Measures,Vehicle motor,PM,Neodymium,695.0,152.0248590913114,Small variability in data,
Canada,Vans,PHEV,2049,111730.67031274339,1.9577507575642077,Current Measures,Vehicle motor,PM,Praesodymium,1.0,0.2187408044479301,No comparison,
Canada,2 and 3 wheelers,BEV,2050,3043.2689212343585,0.09808569078889517,Current Measures,Vehicle motor,PM,Copper,13884.5,4.144539000516373,No comparison,
Canada,2 and 3 wheelers,BEV,2050,3043.2689212343585,0.09808569078889517,Current Measures,Vehicle motor,PM,Dysprosium,83.0,0.024775594154838772,Variability in data,
Canada,2 and 3 wheelers,BEV,2050,3043.2689212343585,0.09808569078889517,Current Measures,Vehicle motor,PM,Neodymium,695.0,0.20745828840497527,Small variability in data,
Canada,2 and 3 wheelers,BEV,2050,3043.2689212343585,0.09808569078889517,Current Measures,Vehicle motor,PM,Praesodymium,1.0,0.00029850113439564783,No comparison,
Canada,Buses,BEV,2050,3759.3321968189134,5.6752374182090595,Current Measures,Vehicle motor,PM,Copper,13884.5,296.2272341443818,No comparison,
Canada,Buses,BEV,2050,3759.3321968189134,5.6752374182090595,Current Measures,Vehicle motor,PM,Dysprosium,83.0,1.7708135283217752,Variability in data,
Canada,Buses,BEV,2050,3759.3321968189134,5.6752374182090595,Current Measures,Vehicle motor,PM,Neodymium,695.0,14.827896411851007,Small variability in data,
Canada,Buses,BEV,2050,3759.3321968189134,5.6752374182090595,Current Measures,Vehicle motor,PM,Praesodymium,1.0,0.02133510275086476,No comparison,
Canada,Cars,BEV,2050,3401300.5590266357,1.0,Current Measures,Vehicle motor,PM,Copper,13884.5,47225.357611805324,No comparison,
Canada,Cars,BEV,2050,3401300.5590266357,1.0,Current Measures,Vehicle motor,PM,Dysprosium,83.0,282.3079463992108,Variability in data,
Canada,Cars,BEV,2050,3401300.5590266357,1.0,Current Measures,Vehicle motor,PM,Neodymium,695.0,2363.903888523512,Small variability in data,
Canada,Cars,BEV,2050,3401300.5590266357,1.0,Current Measures,Vehicle motor,PM,Praesodymium,1.0,3.4013005590266356,No comparison,
Canada,Trucks,BEV,2050,35803.16377922775,3.6892781241792854,Current Measures,Vehicle motor,PM,Copper,13884.5,1833.9734604608116,No comparison,
Canada,Trucks,BEV,2050,35803.16377922775,3.6892781241792854,Current Measures,Vehicle motor,PM,Dysprosium,83.0,10.963289799290386,Variability in data,
Canada,Trucks,BEV,2050,35803.16377922775,3.6892781241792854,Current Measures,Vehicle motor,PM,Neodymium,695.0,91.80104109044359,Small variability in data,
Canada,Trucks,BEV,2050,35803.16377922775,3.6892781241792854,Current Measures,Vehicle motor,PM,Praesodymium,1.0,0.1320878289071131,No comparison,
Canada,Vans,BEV,2050,196917.4007857526,1.9577507575642077,Current Measures,Vehicle motor,PM,Copper,13884.5,5352.685663411987,No comparison,
Canada,Vans,BEV,2050,196917.4007857526,1.9577507575642077,Current Measures,Vehicle motor,PM,Dysprosium,83.0,31.997760816968192,Variability in data,
Canada,Vans,BEV,2050,196917.4007857526,1.9577507575642077,Current Measures,Vehicle motor,PM,Neodymium,695.0,267.9330574432879,Small variability in data,
Canada,Vans,BEV,2050,196917.4007857526,1.9577507575642077,Current Measures,Vehicle motor,PM,Praesodymium,1.0,0.38551519056588185,No comparison,
Canada,Buses,FCEV,2050,232.72056456498035,5.6752374182090595,Current Measures,Vehicle motor,PM,Copper,13884.5,18.33787639941411,No comparison,
Canada,Buses,FCEV,2050,232.72056456498035,5.6752374182090595,Current Measures,Vehicle motor,PM,Dysprosium,83.0,0.10962178984849084,Variability in data,
Canada,Buses,FCEV,2050,232.72056456498035,5.6752374182090595,Current Measures,Vehicle motor,PM,Neodymium,695.0,0.9179173969241101,Small variability in data,
Canada,Buses,FCEV,2050,232.72056456498035,5.6752374182090595,Current Measures,Vehicle motor,PM,Praesodymium,1.0,0.0013207444560059138,No comparison,
Canada,Cars,FCEV,2050,358.0316377922775,1.0,Current Measures,Vehicle motor,PM,Copper,13884.5,4.971090274926877,No comparison,
Canada,Cars,FCEV,2050,358.0316377922775,1.0,Current Measures,Vehicle motor,PM,Dysprosium,83.0,0.02971662593675903,Variability in data,
Canada,Cars,FCEV,2050,358.0316377922775,1.0,Current Measures,Vehicle motor,PM,Neodymium,695.0,0.24883198826563285,Small variability in data,
Canada,Cars,FCEV,2050,358.0316377922775,1.0,Current Measures,Vehicle motor,PM,Praesodymium,1.0,0.00035803163779227746,No comparison,
Canada,Trucks,FCEV,2050,107.40949133768324,3.6892781241792854,Current Measures,Vehicle motor,PM,Copper,13884.5,5.501920381382433,No comparison,
Canada,Trucks,FCEV,2050,107.40949133768324,3.6892781241792854,Current Measures,Vehicle motor,PM,Dysprosium,83.0,0.032889869397871155,Variability in data,
Canada,Trucks,FCEV,2050,107.40949133768324,3.6892781241792854,Current Measures,Vehicle motor,PM,Neodymium,695.0,0.2754031232713307,Small variability in data,
Canada,Trucks,FCEV,2050,107.40949133768324,3.6892781241792854,Current Measures,Vehicle motor,PM,Praesodymium,1.0,0.0003962634867213392,No comparison,
Canada,Cars,PHEV,2050,1109898.0771560601,1.0,Current Measures,Vehicle motor,PM,Copper,13884.5,15410.379852273318,No comparison,
Canada,Cars,PHEV,2050,1109898.0771560601,1.0,Current Measures,Vehicle motor,PM,Dysprosium,83.0,92.12154040395299,Variability in data,
Canada,Cars,PHEV,2050,1109898.0771560601,1.0,Current Measures,Vehicle motor,PM,Neodymium,695.0,771.3791636234619,Small variability in data,
Canada,Cars,PHEV,2050,1109898.0771560601,1.0,Current Measures,Vehicle motor,PM,Praesodymium,1.0,1.10989807715606,No comparison,
Canada,Vans,PHEV,2050,114570.12409352878,1.9577507575642077,Current Measures,Vehicle motor,PM,Copper,13884.5,3114.28984053061,No comparison,
Canada,Vans,PHEV,2050,114570.12409352878,1.9577507575642077,Current Measures,Vehicle motor,PM,Dysprosium,83.0,18.616879020781493,Variability in data,
Canada,Vans,PHEV,2050,114570.12409352878,1.9577507575642077,Current Measures,Vehicle motor,PM,Neodymium,695.0,155.88832433064022,Small variability in data,
Canada,Vans,PHEV,2050,114570.12409352878,1.9577507575642077,Current Measures,Vehicle motor,PM,Praesodymium,1.0,0.22429974723833124,No comparison,
Canada,2 and 3 wheelers,BEV,2024,170.0,0.09808569078889517,Canada Net-zero,Vehicle motor,PM,Copper,13884.5,0.23151803153893058,No comparison,
Canada,2 and 3 wheelers,BEV,2024,170.0,0.09808569078889517,Canada Net-zero,Vehicle motor,PM,Dysprosium,83.0,0.0013839890970313111,Variability in data,
Canada,2 and 3 wheelers,BEV,2024,170.0,0.09808569078889517,Canada Net-zero,Vehicle motor,PM,Neodymium,695.0,0.011588824366707965,Small variability in data,
Canada,2 and 3 wheelers,BEV,2024,170.0,0.09808569078889517,Canada Net-zero,Vehicle motor,PM,Praesodymium,1.0,1.667456743411218e-05,No comparison,
Canada,Buses,BEV,2024,210.0,5.6752374182090595,Canada Net-zero,Vehicle motor,PM,Copper,13884.5,16.547545125955974,No comparison,
Canada,Buses,BEV,2024,210.0,5.6752374182090595,Canada Net-zero,Vehicle motor,PM,Dysprosium,83.0,0.09891938819938392,Variability in data,
Canada,Buses,BEV,2024,210.0,5.6752374182090595,Canada Net-zero,Vehicle motor,PM,Neodymium,695.0,0.8283009011876123,Small variability in data,
Canada,Buses,BEV,2024,210.0,5.6752374182090595,Canada Net-zero,Vehicle motor,PM,Praesodymium,1.0,0.0011917998578239025,No comparison,
Canada,Cars,BEV,2024,190000.0,1.0,Canada Net-zero,Vehicle motor,PM,Copper,13884.5,2638.055,No comparison,
Canada,Cars,BEV,2024,190000.0,1.0,Canada Net-zero,Vehicle motor,PM,Dysprosium,83.0,15.77,Variability in data,
Canada,Cars,BEV,2024,190000.0,1.0,Canada Net-zero,Vehicle motor,PM,Neodymium,695.0,132.05,Small variability in data,
Canada,Cars,BEV,2024,190000.0,1.0,Canada Net-zero,Vehicle motor,PM,Praesodymium,1.0,0.19,No comparison,
Canada,Trucks,BEV,2024,2000.0,3.6892781241792854,Canada Net-zero,Vehicle motor,PM,Copper,13884.5,102.44756423033458,No comparison,
Canada,Trucks,BEV,2024,2000.0,3.6892781241792854,Canada Net-zero,Vehicle motor,PM,Dysprosium,83.0,0.6124201686137615,Variability in data,
Canada,Trucks,BEV,2024,2000.0,3.6892781241792854,Canada Net-zero,Vehicle motor,PM,Neodymium,695.0,5.128096592609207,Small variability in data,
Canada,Trucks,BEV,2024,2000.0,3.6892781241792854,Canada Net-zero,Vehicle motor,PM,Praesodymium,1.0,0.007378556248358571,No comparison,
Canada,Vans,BEV,2024,11000.0,1.9577507575642077,Canada Net-zero,Vehicle motor,PM,Copper,13884.5,299.00629432740266,No comparison,
Canada,Vans,BEV,2024,11000.0,1.9577507575642077,Canada Net-zero,Vehicle motor,PM,Dysprosium,83.0,1.7874264416561219,Variability in data,
Canada,Vans,BEV,2024,11000.0,1.9577507575642077,Canada Net-zero,Vehicle motor,PM,Neodymium,695.0,14.967004541578369,Small variability in data,
Canada,Vans,BEV,2024,11000.0,1.9577507575642077,Canada Net-zero,Vehicle motor,PM,Praesodymium,1.0,0.021535258333206287,No comparison,
Canada,Buses,FCEV,2024,13.0,5.6752374182090595,Canada Net-zero,Vehicle motor,PM,Copper,13884.5,1.024371841130608,No comparison,
Canada,Buses,FCEV,2024,13.0,5.6752374182090595,Canada Net-zero,Vehicle motor,PM,Dysprosium,83.0,0.006123581174247575,Variability in data,
Canada,Buses,FCEV,2024,13.0,5.6752374182090595,Canada Net-zero,Vehicle motor,PM,Neodymium,695.0,0.05127577007351885,Small variability in data,
Canada,Buses,FCEV,2024,13.0,5.6752374182090595,Canada Net-zero,Vehicle motor,PM,Praesodymium,1.0,7.377808643671777e-05,No comparison,
Canada,Cars,FCEV,2024,20.0,1.0,Canada Net-zero,Vehicle motor,PM,Copper,13884.5,0.27769,No comparison,
Canada,Cars,FCEV,2024,20.0,1.0,Canada Net-zero,Vehicle motor,PM,Dysprosium,83.0,0.00166,Variability in data,
Canada,Cars,FCEV,2024,20.0,1.0,Canada Net-zero,Vehicle motor,PM,Neodymium,695.0,0.0139,Small variability in data,
Canada,Cars,FCEV,2024,20.0,1.0,Canada Net-zero,Vehicle motor,PM,Praesodymium,1.0,2e-05,No comparison,
Canada,Trucks,FCEV,2024,6.0,3.6892781241792854,Canada Net-zero,Vehicle motor,PM,Copper,13884.5,0.3073426926910037,No comparison,
Canada,Trucks,FCEV,2024,6.0,3.6892781241792854,Canada Net-zero,Vehicle motor,PM,Dysprosium,83.0,0.001837260505841284,Variability in data,
Canada,Trucks,FCEV,2024,6.0,3.6892781241792854,Canada Net-zero,Vehicle motor,PM,Neodymium,695.0,0.01538428977782762,Small variability in data,
Canada,Trucks,FCEV,2024,6.0,3.6892781241792854,Canada Net-zero,Vehicle motor,PM,Praesodymium,1.0,2.213566874507571e-05,No comparison,
Canada,Cars,PHEV,2024,62000.0,1.0,Canada Net-zero,Vehicle motor,PM,Copper,13884.5,860.839,No comparison,
Canada,Cars,PHEV,2024,62000.0,1.0,Canada Net-zero,Vehicle motor,PM,Dysprosium,83.0,5.146,Variability in data,
Canada,Cars,PHEV,2024,62000.0,1.0,Canada Net-zero,Vehicle motor,PM,Neodymium,695.0,43.09,Small variability in data,
Canada,Cars,PHEV,2024,62000.0,1.0,Canada Net-zero,Vehicle motor,PM,Praesodymium,1.0,0.062,No comparison,
Canada,Vans,PHEV,2024,6400.0,1.9577507575642077,Canada Net-zero,Vehicle motor,PM,Copper,13884.5,173.96729851776152,No comparison,
Canada,Vans,PHEV,2024,6400.0,1.9577507575642077,Canada Net-zero,Vehicle motor,PM,Dysprosium,83.0,1.039957202418107,Variability in data,
Canada,Vans,PHEV,2024,6400.0,1.9577507575642077,Canada Net-zero,Vehicle motor,PM,Neodymium,695.0,8.708075369645595,Small variability in data,
Canada,Vans,PHEV,2024,6400.0,1.9577507575642077,Canada Net-zero,Vehicle motor,PM,Praesodymium,1.0,0.012529604848410928,No comparison,
Canada,2 and 3 wheelers,BEV,2025,270.0108876383884,0.09808569078889517,Canada Net-zero,Vehicle motor,PM,Copper,13884.5,0.3677199364712884,No comparison,
Canada,2 and 3 wheelers,BEV,2025,270.0108876383884,0.09808569078889517,Canada Net-zero,Vehicle motor,PM,Dysprosium,83.0,0.0021981889680663287,Variability in data,
Canada,2 and 3 wheelers,BEV,2025,270.0108876383884,0.09808569078889517,Canada Net-zero,Vehicle motor,PM,Neodymium,695.0,0.018406522082001185,Small variability in data,
Canada,2 and 3 wheelers,BEV,2025,270.0108876383884,0.09808569078889517,Canada Net-zero,Vehicle motor,PM,Praesodymium,1.0,2.6484204434534082e-05,No comparison,
Canada,Buses,BEV,2025,333.54286120036215,5.6752374182090595,Canada Net-zero,Vehicle motor,PM,Copper,13884.5,26.28245498644506,No comparison,
Canada,Buses,BEV,2025,333.54286120036215,5.6752374182090595,Canada Net-zero,Vehicle motor,PM,Dysprosium,83.0,0.1571135988962469,Variability in data,
Canada,Buses,BEV,2025,333.54286120036215,5.6752374182090595,Canada Net-zero,Vehicle motor,PM,Neodymium,695.0,1.3155897738902602,Small variability in data,
Canada,Buses,BEV,2025,333.54286120036215,5.6752374182090595,Canada Net-zero,Vehicle motor,PM,Praesodymium,1.0,0.001892934926460806,No comparison,
Canada,Cars,BEV,2025,301776.87441937526,1.0,Canada Net-zero,Vehicle motor,PM,Copper,13884.5,4190.021012875816,No comparison,
Canada,Cars,BEV,2025,301776.87441937526,1.0,Canada Net-zero,Vehicle motor,PM,Dysprosium,83.0,25.047480576808148,Variability in data,
Canada,Cars,BEV,2025,301776.87441937526,1.0,Canada Net-zero,Vehicle motor,PM,Neodymium,695.0,209.7349277214658,Small variability in data,
Canada,Cars,BEV,2025,301776.87441937526,1.0,Canada Net-zero,Vehicle motor,PM,Praesodymium,1.0,0.3017768744193753,No comparison,
Canada,Trucks,BEV,2025,3176.5986780986873,3.6892781241792854,Canada Net-zero,Vehicle motor,PM,Copper,13884.5,162.71739855425557,No comparison,
Canada,Trucks,BEV,2025,3176.5986780986873,3.6892781241792854,Canada Net-zero,Vehicle motor,PM,Dysprosium,83.0,0.9727065490297248,Variability in data,
Canada,Trucks,BEV,2025,3176.5986780986873,3.6892781241792854,Canada Net-zero,Vehicle motor,PM,Neodymium,695.0,8.144952428622394,Small variability in data,
Canada,Trucks,BEV,2025,3176.5986780986873,3.6892781241792854,Canada Net-zero,Vehicle motor,PM,Praesodymium,1.0,0.011719356012406323,No comparison,
Canada,Vans,BEV,2025,17471.29272954278,1.9577507575642077,Canada Net-zero,Vehicle motor,PM,Copper,13884.5,474.9114996518071,No comparison,
Canada,Vans,BEV,2025,17471.29272954278,1.9577507575642077,Canada Net-zero,Vehicle motor,PM,Dysprosium,83.0,2.838968235881738,Variability in data,
Canada,Vans,BEV,2025,17471.29272954278,1.9577507575642077,Canada Net-zero,Vehicle motor,PM,Neodymium,695.0,23.772083420937445,Small variability in data,
Canada,Vans,BEV,2025,17471.29272954278,1.9577507575642077,Canada Net-zero,Vehicle motor,PM,Praesodymium,1.0,0.03420443657688841,No comparison,
Canada,Buses,FCEV,2025,20.647891407641467,5.6752374182090595,Canada Net-zero,Vehicle motor,PM,Copper,13884.5,1.6270091182085038,No comparison,
Canada,Buses,FCEV,2025,20.647891407641467,5.6752374182090595,Canada Net-zero,Vehicle motor,PM,Dysprosium,83.0,0.009726079931672425,Variability in data,
Canada,Buses,FCEV,2025,20.647891407641467,5.6752374182090595,Canada Net-zero,Vehicle motor,PM,Neodymium,695.0,0.08144127171701611,Small variability in data,
Canada,Buses,FCEV,2025,20.647891407641467,5.6752374182090595,Canada Net-zero,Vehicle motor,PM,Praesodymium,1.0,0.00011718168592376417,No comparison,
Canada,Cars,FCEV,2025,31.76598678098687,1.0,Canada Net-zero,Vehicle motor,PM,Copper,13884.5,0.44105484346061224,No comparison,
Canada,Cars,FCEV,2025,31.76598678098687,1.0,Canada Net-zero,Vehicle motor,PM,Dysprosium,83.0,0.00263657690282191,Variability in data,
Canada,Cars,FCEV,2025,31.76598678098687,1.0,Canada Net-zero,Vehicle motor,PM,Neodymium,695.0,0.022077360812785874,Small variability in data,
Canada,Cars,FCEV,2025,31.76598678098687,1.0,Canada Net-zero,Vehicle motor,PM,Praesodymium,1.0,3.176598678098687e-05,No comparison,
Canada,Trucks,FCEV,2025,9.529796034296062,3.6892781241792854,Canada Net-zero,Vehicle motor,PM,Copper,13884.5,0.48815219566276674,No comparison,
Canada,Trucks,FCEV,2025,9.529796034296062,3.6892781241792854,Canada Net-zero,Vehicle motor,PM,Dysprosium,83.0,0.002918119647089174,Variability in data,
Canada,Trucks,FCEV,2025,9.529796034296062,3.6892781241792854,Canada Net-zero,Vehicle motor,PM,Neodymium,695.0,0.024434857285867185,Small variability in data,
Canada,Trucks,FCEV,2025,9.529796034296062,3.6892781241792854,Canada Net-zero,Vehicle motor,PM,Praesodymium,1.0,3.515806803721897e-05,No comparison,
Canada,Cars,PHEV,2025,98474.5590210593,1.0,Canada Net-zero,Vehicle motor,PM,Copper,13884.5,1367.270014727898,No comparison,
Canada,Cars,PHEV,2025,98474.5590210593,1.0,Canada Net-zero,Vehicle motor,PM,Dysprosium,83.0,8.173388398747923,Variability in data,
Canada,Cars,PHEV,2025,98474.5590210593,1.0,Canada Net-zero,Vehicle motor,PM,Neodymium,695.0,68.43981851963622,Small variability in data,
Canada,Cars,PHEV,2025,98474.5590210593,1.0,Canada Net-zero,Vehicle motor,PM,Praesodymium,1.0,0.09847455902105931,No comparison,
Canada,Vans,PHEV,2025,10165.1157699158,1.9577507575642077,Canada Net-zero,Vehicle motor,PM,Copper,13884.5,276.31214525196054,No comparison,
Canada,Vans,PHEV,2025,10165.1157699158,1.9577507575642077,Canada Net-zero,Vehicle motor,PM,Dysprosium,83.0,1.651763337240284,Variability in data,
Canada,Vans,PHEV,2025,10165.1157699158,1.9577507575642077,Canada Net-zero,Vehicle motor,PM,Neodymium,695.0,13.831030353999969,Small variability in data,
Canada,Vans,PHEV,2025,10165.1157699158,1.9577507575642077,Canada Net-zero,Vehicle motor,PM,Praesodymium,1.0,0.01990076309928053,No comparison,
Canada,2 and 3 wheelers,BEV,2026,418.67022881792207,0.09808569078889517,Canada Net-zero,Vehicle motor,PM,Copper,13884.5,0.5701747484698761,No comparison,
Canada,2 and 3 wheelers,BEV,2026,418.67022881792207,0.09808569078889517,Canada Net-zero,Vehicle motor,PM,Dysprosium,83.0,0.0034084413643271074,Variability in data,
Canada,2 and 3 wheelers,BEV,2026,418.67022881792207,0.09808569078889517,Canada Net-zero,Vehicle motor,PM,Neodymium,695.0,0.02854056323141373,Small variability in data,
Canada,2 and 3 wheelers,BEV,2026,418.67022881792207,0.09808569078889517,Canada Net-zero,Vehicle motor,PM,Praesodymium,1.0,4.106555860635069e-05,No comparison,
Canada,Buses,BEV,2026,517.1808708927273,5.6752374182090595,Canada Net-zero,Vehicle motor,PM,Copper,13884.5,40.752732377993404,No comparison,
Canada,Buses,BEV,2026,517.1808708927273,5.6752374182090595,Canada Net-zero,Vehicle motor,PM,Dysprosium,83.0,0.24361531112920543,Variability in data,
Canada,Buses,BEV,2026,517.1808708927273,5.6752374182090595,Canada Net-zero,Vehicle motor,PM,Neodymium,695.0,2.0399113401782865,Small variability in data,
Canada,Buses,BEV,2026,517.1808708927273,5.6752374182090595,Canada Net-zero,Vehicle motor,PM,Praesodymium,1.0,0.0029351242304723546,No comparison,
Canada,Cars,BEV,2026,467925.5498553247,1.0,Canada Net-zero,Vehicle motor,PM,Copper,13884.5,6496.912296966255,No comparison,
Canada,Cars,BEV,2026,467925.5498553247,1.0,Canada Net-zero,Vehicle motor,PM,Dysprosium,83.0,38.83782063799195,Variability in data,
Canada,Cars,BEV,2026,467925.5498553247,1.0,Canada Net-zero,Vehicle motor,PM,Neodymium,695.0,325.2082571494507,Small variability in data,
Canada,Cars,BEV,2026,467925.5498553247,1.0,Canada Net-zero,Vehicle motor,PM,Praesodymium,1.0,0.4679255498553247,No comparison,
Canada,Trucks,BEV,2026,4925.532103740259,3.6892781241792854,Canada Net-zero,Vehicle motor,PM,Copper,13884.5,252.3043832832526,No comparison,
Canada,Trucks,BEV,2026,4925.532103740259,3.6892781241792854,Canada Net-zero,Vehicle motor,PM,Dysprosium,83.0,1.5082476007425523,Variability in data,
Canada,Trucks,BEV,2026,4925.532103740259,3.6892781241792854,Canada Net-zero,Vehicle motor,PM,Neodymium,695.0,12.62930219898884,Small variability in data,
Canada,Trucks,BEV,2026,4925.532103740259,3.6892781241792854,Canada Net-zero,Vehicle motor,PM,Praesodymium,1.0,0.018171657840271714,No comparison,
Canada,Vans,BEV,2026,27090.426570571428,1.9577507575642077,Canada Net-zero,Vehicle motor,PM,Copper,13884.5,736.3825509650154,No comparison,
Canada,Vans,BEV,2026,27090.426570571428,1.9577507575642077,Canada Net-zero,Vehicle motor,PM,Dysprosium,83.0,4.402013160725722,Variability in data,
Canada,Vans,BEV,2026,27090.426570571428,1.9577507575642077,Canada Net-zero,Vehicle motor,PM,Neodymium,695.0,36.86023068318526,Small variability in data,
Canada,Vans,BEV,2026,27090.426570571428,1.9577507575642077,Canada Net-zero,Vehicle motor,PM,Praesodymium,1.0,0.053036303141273757,No comparison,
Canada,Buses,FCEV,2026,32.01595867431169,5.6752374182090595,Canada Net-zero,Vehicle motor,PM,Copper,13884.5,2.522788194828163,No comparison,
Canada,Buses,FCEV,2026,32.01595867431169,5.6752374182090595,Canada Net-zero,Vehicle motor,PM,Dysprosium,83.0,0.015080947831807957,Variability in data,
Canada,Buses,FCEV,2026,32.01595867431169,5.6752374182090595,Canada Net-zero,Vehicle motor,PM,Neodymium,695.0,0.12628022582056062,Small variability in data,
Canada,Buses,FCEV,2026,32.01595867431169,5.6752374182090595,Canada Net-zero,Vehicle motor,PM,Praesodymium,1.0,0.00018169816664828864,No comparison,
Canada,Cars,FCEV,2026,49.255321037402595,1.0,Canada Net-zero,Vehicle motor,PM,Copper,13884.5,0.6838855049438164,No comparison,
Canada,Cars,FCEV,2026,49.255321037402595,1.0,Canada Net-zero,Vehicle motor,PM,Dysprosium,83.0,0.004088191646104415,Variability in data,
Canada,Cars,FCEV,2026,49.255321037402595,1.0,Canada Net-zero,Vehicle motor,PM,Neodymium,695.0,0.0342324481209948,Small variability in data,
Canada,Cars,FCEV,2026,49.255321037402595,1.0,Canada Net-zero,Vehicle motor,PM,Praesodymium,1.0,4.9255321037402596e-05,No comparison,
Canada,Trucks,FCEV,2026,14.776596311220779,3.6892781241792854,Canada Net-zero,Vehicle motor,PM,Copper,13884.5,0.7569131498497578,No comparison,
Canada,Trucks,FCEV,2026,14.776596311220779,3.6892781241792854,Canada Net-zero,Vehicle motor,PM,Dysprosium,83.0,0.004524742802227657,Variability in data,
Canada,Trucks,FCEV,2026,14.776596311220779,3.6892781241792854,Canada Net-zero,Vehicle motor,PM,Neodymium,695.0,0.037887906596966524,Small variability in data,
Canada,Trucks,FCEV,2026,14.776596311220779,3.6892781241792854,Canada Net-zero,Vehicle motor,PM,Praesodymium,1.0,5.4514973520815137e-05,No comparison,
Canada,Cars,PHEV,2026,152691.49521594803,1.0,Canada Net-zero,Vehicle motor,PM,Copper,13884.5,2120.0450653258304,No comparison,
Canada,Cars,PHEV,2026,152691.49521594803,1.0,Canada Net-zero,Vehicle motor,PM,Dysprosium,83.0,12.673394102923686,Variability in data,
Canada,Cars,PHEV,2026,152691.49521594803,1.0,Canada Net-zero,Vehicle motor,PM,Neodymium,695.0,106.12058917508388,Small variability in data,
Canada,Cars,PHEV,2026,152691.49521594803,1.0,Canada Net-zero,Vehicle motor,PM,Praesodymium,1.0,0.15269149521594802,No comparison,
Canada,Vans,PHEV,2026,15761.702731968831,1.9577507575642077,Canada Net-zero,Vehicle motor,PM,Copper,13884.5,428.4407569250999,No comparison,
Canada,Vans,PHEV,2026,15761.702731968831,1.9577507575642077,Canada Net-zero,Vehicle motor,PM,Dysprosium,83.0,2.561171293513147,Variability in data,
Canada,Vans,PHEV,2026,15761.702731968831,1.9577507575642077,Canada Net-zero,Vehicle motor,PM,Neodymium,695.0,21.445952397489606,Small variability in data,
Canada,Vans,PHEV,2026,15761.702731968831,1.9577507575642077,Canada Net-zero,Vehicle motor,PM,Praesodymium,1.0,0.03085748546401382,No comparison,
Canada,2 and 3 wheelers,BEV,2027,636.9776744241091,0.09808569078889517,Canada Net-zero,Vehicle motor,PM,Copper,13884.5,0.8674812783347972,No comparison,
Canada,2 and 3 wheelers,BEV,2027,636.9776744241091,0.09808569078889517,Canada Net-zero,Vehicle motor,PM,Dysprosium,83.0,0.005185706802678394,Variability in data,
Canada,2 and 3 wheelers,BEV,2027,636.9776744241091,0.09808569078889517,Canada Net-zero,Vehicle motor,PM,Neodymium,695.0,0.04342248467302993,Small variability in data,
Canada,2 and 3 wheelers,BEV,2027,636.9776744241091,0.09808569078889517,Canada Net-zero,Vehicle motor,PM,Praesodymium,1.0,6.24783952129927e-05,No comparison,
Canada,Buses,BEV,2027,786.8547742886053,5.6752374182090595,Canada Net-zero,Vehicle motor,PM,Copper,13884.5,62.002451833879036,No comparison,
Canada,Buses,BEV,2027,786.8547742886053,5.6752374182090595,Canada Net-zero,Vehicle motor,PM,Dysprosium,83.0,0.3706437755923483,Variability in data,
Canada,Buses,BEV,2027,786.8547742886053,5.6752374182090595,Canada Net-zero,Vehicle motor,PM,Neodymium,695.0,3.1035834221286995,Small variability in data,
Canada,Buses,BEV,2027,786.8547742886053,5.6752374182090595,Canada Net-zero,Vehicle motor,PM,Praesodymium,1.0,0.004465587657739137,No comparison,
Canada,Cars,BEV,2027,711916.2243563571,1.0,Canada Net-zero,Vehicle motor,PM,Copper,13884.5,9884.60081707584,No comparison,
Canada,Cars,BEV,2027,711916.2243563571,1.0,Canada Net-zero,Vehicle motor,PM,Dysprosium,83.0,59.089046621577644,Variability in data,
Canada,Cars,BEV,2027,711916.2243563571,1.0,Canada Net-zero,Vehicle motor,PM,Neodymium,695.0,494.7817759276682,Small variability in data,
Canada,Cars,BEV,2027,711916.2243563571,1.0,Canada Net-zero,Vehicle motor,PM,Praesodymium,1.0,0.7119162243563572,No comparison,
Canada,Trucks,BEV,2027,7493.8549932248125,3.6892781241792854,Canada Net-zero,Vehicle motor,PM,Copper,13884.5,383.8635953756062,No comparison,
Canada,Trucks,BEV,2027,7493.8549932248125,3.6892781241792854,Canada Net-zero,Vehicle motor,PM,Dysprosium,83.0,2.294693969258909,Variability in data,
Canada,Trucks,BEV,2027,7493.8549932248125,3.6892781241792854,Canada Net-zero,Vehicle motor,PM,Neodymium,695.0,19.214606128131827,Small variability in data,
Canada,Trucks,BEV,2027,7493.8549932248125,3.6892781241792854,Canada Net-zero,Vehicle motor,PM,Praesodymium,1.0,0.027646915292276007,No comparison,
Canada,Vans,BEV,2027,41216.202462736466,1.9577507575642077,Canada Net-zero,Vehicle motor,PM,Copper,13884.5,1120.354905875527,No comparison,
Canada,Vans,BEV,2027,41216.202462736466,1.9577507575642077,Canada Net-zero,Vehicle motor,PM,Dysprosium,83.0,6.697357282413393,Variability in data,
Canada,Vans,BEV,2027,41216.202462736466,1.9577507575642077,Canada Net-zero,Vehicle motor,PM,Neodymium,695.0,56.08028085876275,Small variability in data,
Canada,Vans,BEV,2027,41216.202462736466,1.9577507575642077,Canada Net-zero,Vehicle motor,PM,Praesodymium,1.0,0.08069105159534208,No comparison,
Canada,Buses,FCEV,2027,48.710057455961284,5.6752374182090595,Canada Net-zero,Vehicle motor,PM,Copper,13884.5,3.838247018287751,No comparison,
Canada,Buses,FCEV,2027,48.710057455961284,5.6752374182090595,Canada Net-zero,Vehicle motor,PM,Dysprosium,83.0,0.022944614679526326,Variability in data,
Canada,Buses,FCEV,2027,48.710057455961284,5.6752374182090595,Canada Net-zero,Vehicle motor,PM,Neodymium,695.0,0.19212659279844335,Small variability in data,
Canada,Buses,FCEV,2027,48.710057455961284,5.6752374182090595,Canada Net-zero,Vehicle motor,PM,Praesodymium,1.0,0.0002764411407171847,No comparison,
Canada,Cars,FCEV,2027,74.93854993224812,1.0,Canada Net-zero,Vehicle motor,PM,Copper,13884.5,1.040484296534299,No comparison,
Canada,Cars,FCEV,2027,74.93854993224812,1.0,Canada Net-zero,Vehicle motor,PM,Dysprosium,83.0,0.006219899644376595,Variability in data,
Canada,Cars,FCEV,2027,74.93854993224812,1.0,Canada Net-zero,Vehicle motor,PM,Neodymium,695.0,0.052082292202912446,Small variability in data,
Canada,Cars,FCEV,2027,74.93854993224812,1.0,Canada Net-zero,Vehicle motor,PM,Praesodymium,1.0,7.493854993224812e-05,No comparison,
Canada,Trucks,FCEV,2027,22.481564979674438,3.6892781241792854,Canada Net-zero,Vehicle motor,PM,Copper,13884.5,1.1515907861268184,No comparison,
Canada,Trucks,FCEV,2027,22.481564979674438,3.6892781241792854,Canada Net-zero,Vehicle motor,PM,Dysprosium,83.0,0.0068840819077767255,Variability in data,
Canada,Trucks,FCEV,2027,22.481564979674438,3.6892781241792854,Canada Net-zero,Vehicle motor,PM,Neodymium,695.0,0.05764381838439547,Small variability in data,
Canada,Trucks,FCEV,2027,22.481564979674438,3.6892781241792854,Canada Net-zero,Vehicle motor,PM,Praesodymium,1.0,8.294074587682802e-05,No comparison,
Canada,Cars,PHEV,2027,232309.50478996919,1.0,Canada Net-zero,Vehicle motor,PM,Copper,13884.5,3225.501319256327,No comparison,
Canada,Cars,PHEV,2027,232309.50478996919,1.0,Canada Net-zero,Vehicle motor,PM,Dysprosium,83.0,19.281688897567445,Variability in data,
Canada,Cars,PHEV,2027,232309.50478996919,1.0,Canada Net-zero,Vehicle motor,PM,Neodymium,695.0,161.45510582902858,Small variability in data,
Canada,Cars,PHEV,2027,232309.50478996919,1.0,Canada Net-zero,Vehicle motor,PM,Praesodymium,1.0,0.23230950478996917,No comparison,
Canada,Vans,PHEV,2027,23980.3359783194,1.9577507575642077,Canada Net-zero,Vehicle motor,PM,Copper,13884.5,651.8428543275795,No comparison,
Canada,Vans,PHEV,2027,23980.3359783194,1.9577507575642077,Canada Net-zero,Vehicle motor,PM,Dysprosium,83.0,3.89664423704052,Variability in data,
Canada,Vans,PHEV,2027,23980.3359783194,1.9577507575642077,Canada Net-zero,Vehicle motor,PM,Neodymium,695.0,32.62852704509833,Small variability in data,
Canada,Vans,PHEV,2027,23980.3359783194,1.9577507575642077,Canada Net-zero,Vehicle motor,PM,Praesodymium,1.0,0.04694752092819903,No comparison,
Canada,2 and 3 wheelers,BEV,2028,901.4469316386487,0.09808569078889517,Canada Net-zero,Vehicle motor,PM,Copper,13884.5,1.2276542302928755,No comparison,
Canada,2 and 3 wheelers,BEV,2028,901.4469316386487,0.09808569078889517,Canada Net-zero,Vehicle motor,PM,Dysprosium,83.0,0.007338780734942466,Variability in data,
Canada,2 and 3 wheelers,BEV,2028,901.4469316386487,0.09808569078889517,Canada Net-zero,Vehicle motor,PM,Neodymium,695.0,0.06145123627451824,Small variability in data,
Canada,2 and 3 wheelers,BEV,2028,901.4469316386487,0.09808569078889517,Canada Net-zero,Vehicle motor,PM,Praesodymium,1.0,8.841904499930682e-05,No comparison,
Canada,Buses,BEV,2028,1113.5520920242132,5.6752374182090595,Canada Net-zero,Vehicle motor,PM,Copper,13884.5,87.7454928232064,No comparison,
Canada,Buses,BEV,2028,1113.5520920242132,5.6752374182090595,Canada Net-zero,Vehicle motor,PM,Dysprosium,83.0,0.5245328174818058,Variability in data,
Canada,Buses,BEV,2028,1113.5520920242132,5.6752374182090595,Canada Net-zero,Vehicle motor,PM,Neodymium,695.0,4.39217238734765,Small variability in data,
Canada,Buses,BEV,2028,1113.5520920242132,5.6752374182090595,Canada Net-zero,Vehicle motor,PM,Praesodymium,1.0,0.006319672499780792,No comparison,
Canada,Cars,BEV,2028,1007499.511831431,1.0,Canada Net-zero,Vehicle motor,PM,Copper,13884.5,13988.626972023503,No comparison,
Canada,Cars,BEV,2028,1007499.511831431,1.0,Canada Net-zero,Vehicle motor,PM,Dysprosium,83.0,83.62245948200876,Variability in data,
Canada,Cars,BEV,2028,1007499.511831431,1.0,Canada Net-zero,Vehicle motor,PM,Neodymium,695.0,700.2121607228445,Small variability in data,
Canada,Cars,BEV,2028,1007499.511831431,1.0,Canada Net-zero,Vehicle motor,PM,Praesodymium,1.0,1.007499511831431,No comparison,
Canada,Trucks,BEV,2028,10605.25801927822,3.6892781241792854,Canada Net-zero,Vehicle motor,PM,Copper,13884.5,543.2414260546382,No comparison,
Canada,Trucks,BEV,2028,10605.25801927822,3.6892781241792854,Canada Net-zero,Vehicle motor,PM,Dysprosium,83.0,3.247436952179407,Variability in data,
Canada,Trucks,BEV,2028,10605.25801927822,3.6892781241792854,Canada Net-zero,Vehicle motor,PM,Neodymium,695.0,27.192393756201056,Small variability in data,
Canada,Trucks,BEV,2028,10605.25801927822,3.6892781241792854,Canada Net-zero,Vehicle motor,PM,Praesodymium,1.0,0.039125746411800076,No comparison,
Canada,Vans,BEV,2028,58328.91910603022,1.9577507575642077,Canada Net-zero,Vehicle motor,PM,Copper,13884.5,1585.5194503651755,No comparison,
Canada,Vans,BEV,2028,58328.91910603022,1.9577507575642077,Canada Net-zero,Vehicle motor,PM,Dysprosium,83.0,9.47805930212176,Variability in data,
Canada,Vans,BEV,2028,58328.91910603022,1.9577507575642077,Canada Net-zero,Vehicle motor,PM,Neodymium,695.0,79.36447246957377,Small variability in data,
Canada,Vans,BEV,2028,58328.91910603022,1.9577507575642077,Canada Net-zero,Vehicle motor,PM,Praesodymium,1.0,0.11419348556773204,No comparison,
Canada,Buses,FCEV,2028,68.93417712530844,5.6752374182090595,Canada Net-zero,Vehicle motor,PM,Copper,13884.5,5.431863841436588,No comparison,
Canada,Buses,FCEV,2028,68.93417712530844,5.6752374182090595,Canada Net-zero,Vehicle motor,PM,Dysprosium,83.0,0.03247107917744513,Variability in data,
Canada,Buses,FCEV,2028,68.93417712530844,5.6752374182090595,Canada Net-zero,Vehicle motor,PM,Neodymium,695.0,0.271896385883426,Small variability in data,
Canada,Buses,FCEV,2028,68.93417712530844,5.6752374182090595,Canada Net-zero,Vehicle motor,PM,Praesodymium,1.0,0.00039121782141500147,No comparison,
Canada,Cars,FCEV,2028,106.05258019278222,1.0,Canada Net-zero,Vehicle motor,PM,Copper,13884.5,1.4724870496866846,No comparison,
Canada,Cars,FCEV,2028,106.05258019278222,1.0,Canada Net-zero,Vehicle motor,PM,Dysprosium,83.0,0.008802364156000924,Variability in data,
Canada,Cars,FCEV,2028,106.05258019278222,1.0,Canada Net-zero,Vehicle motor,PM,Neodymium,695.0,0.07370654323398364,Small variability in data,
Canada,Cars,FCEV,2028,106.05258019278222,1.0,Canada Net-zero,Vehicle motor,PM,Praesodymium,1.0,0.00010605258019278221,No comparison,
Canada,Trucks,FCEV,2028,31.815774057834663,3.6892781241792854,Canada Net-zero,Vehicle motor,PM,Copper,13884.5,1.6297242781639145,No comparison,
Canada,Trucks,FCEV,2028,31.815774057834663,3.6892781241792854,Canada Net-zero,Vehicle motor,PM,Dysprosium,83.0,0.00974231085653822,Variability in data,
Canada,Trucks,FCEV,2028,31.815774057834663,3.6892781241792854,Canada Net-zero,Vehicle motor,PM,Neodymium,695.0,0.08157718126860317,Small variability in data,
Canada,Trucks,FCEV,2028,31.815774057834663,3.6892781241792854,Canada Net-zero,Vehicle motor,PM,Praesodymium,1.0,0.00011737723923540023,No comparison,
Canada,Cars,PHEV,2028,328762.9985976248,1.0,Canada Net-zero,Vehicle motor,PM,Copper,13884.5,4564.709854028722,No comparison,
Canada,Cars,PHEV,2028,328762.9985976248,1.0,Canada Net-zero,Vehicle motor,PM,Dysprosium,83.0,27.28732888360286,Variability in data,
Canada,Cars,PHEV,2028,328762.9985976248,1.0,Canada Net-zero,Vehicle motor,PM,Neodymium,695.0,228.49028402534927,Small variability in data,
Canada,Cars,PHEV,2028,328762.9985976248,1.0,Canada Net-zero,Vehicle motor,PM,Praesodymium,1.0,0.3287629985976248,No comparison,
Canada,Vans,PHEV,2028,33936.82566169031,1.9577507575642077,Canada Net-zero,Vehicle motor,PM,Copper,13884.5,922.4840438488295,No comparison,
Canada,Vans,PHEV,2028,33936.82566169031,1.9577507575642077,Canada Net-zero,Vehicle motor,PM,Dysprosium,83.0,5.514507230325388,Variability in data,
Canada,Vans,PHEV,2028,33936.82566169031,1.9577507575642077,Canada Net-zero,Vehicle motor,PM,Neodymium,695.0,46.17569307320656,Small variability in data,
Canada,Vans,PHEV,2028,33936.82566169031,1.9577507575642077,Canada Net-zero,Vehicle motor,PM,Praesodymium,1.0,0.06643984614849864,No comparison,
Canada,2 and 3 wheelers,BEV,2029,1212.3777655489087,0.09808569078889517,Canada Net-zero,Vehicle motor,PM,Copper,13884.5,1.6511018456555906,No comparison,
Canada,2 and 3 wheelers,BEV,2029,1212.3777655489087,0.09808569078889517,Canada Net-zero,Vehicle motor,PM,Dysprosium,83.0,0.009870103582369838,Variability in data,
Canada,2 and 3 wheelers,BEV,2029,1212.3777655489087,0.09808569078889517,Canada Net-zero,Vehicle motor,PM,Neodymium,695.0,0.08264725288851853,Small variability in data,
Canada,2 and 3 wheelers,BEV,2029,1212.3777655489087,0.09808569078889517,Canada Net-zero,Vehicle motor,PM,Praesodymium,1.0,0.00011891691063096191,No comparison,
Canada,Buses,BEV,2029,1497.6431221486519,5.6752374182090595,Canada Net-zero,Vehicle motor,PM,Copper,13884.5,118.01103403015435,No comparison,
Canada,Buses,BEV,2029,1497.6431221486519,5.6752374182090595,Canada Net-zero,Vehicle motor,PM,Dysprosium,83.0,0.705456863733142,Variability in data,
Canada,Buses,BEV,2029,1497.6431221486519,5.6752374182090595,Canada Net-zero,Vehicle motor,PM,Neodymium,695.0,5.907138798729322,Small variability in data,
Canada,Buses,BEV,2029,1497.6431221486519,5.6752374182090595,Canada Net-zero,Vehicle motor,PM,Praesodymium,1.0,0.00849948028594147,No comparison,
Canada,Cars,BEV,2029,1355010.4438487804,1.0,Canada Net-zero,Vehicle motor,PM,Copper,13884.5,18813.642507618388,No comparison,
Canada,Cars,BEV,2029,1355010.4438487804,1.0,Canada Net-zero,Vehicle motor,PM,Dysprosium,83.0,112.46586683944876,Variability in data,
Canada,Cars,BEV,2029,1355010.4438487804,1.0,Canada Net-zero,Vehicle motor,PM,Neodymium,695.0,941.7322584749024,Small variability in data,
Canada,Cars,BEV,2029,1355010.4438487804,1.0,Canada Net-zero,Vehicle motor,PM,Praesodymium,1.0,1.3550104438487804,No comparison,
Canada,Trucks,BEV,2029,14263.26782998716,3.6892781241792854,Canada Net-zero,Vehicle motor,PM,Copper,13884.5,730.6185235735372,No comparison,
Canada,Trucks,BEV,2029,14263.26782998716,3.6892781241792854,Canada Net-zero,Vehicle motor,PM,Dysprosium,83.0,4.367556444711988,Variability in data,
Canada,Trucks,BEV,2029,14263.26782998716,3.6892781241792854,Canada Net-zero,Vehicle motor,PM,Neodymium,695.0,36.57170757921483,Small variability in data,
Canada,Trucks,BEV,2029,14263.26782998716,3.6892781241792854,Canada Net-zero,Vehicle motor,PM,Praesodymium,1.0,0.052621161984481774,No comparison,
Canada,Vans,BEV,2029,78447.97306492938,1.9577507575642077,Canada Net-zero,Vehicle motor,PM,Copper,13884.5,2132.4034294218573,No comparison,
Canada,Vans,BEV,2029,78447.97306492938,1.9577507575642077,Canada Net-zero,Vehicle motor,PM,Dysprosium,83.0,12.74727103187109,Variability in data,
Canada,Vans,BEV,2029,78447.97306492938,1.9577507575642077,Canada Net-zero,Vehicle motor,PM,Neodymium,695.0,106.73919719458323,Small variability in data,
Canada,Vans,BEV,2029,78447.97306492938,1.9577507575642077,Canada Net-zero,Vehicle motor,PM,Praesodymium,1.0,0.15358157869724204,No comparison,
Canada,Buses,FCEV,2029,92.71124089491654,5.6752374182090595,Canada Net-zero,Vehicle motor,PM,Copper,13884.5,7.30544496377146,No comparison,
Canada,Buses,FCEV,2029,92.71124089491654,5.6752374182090595,Canada Net-zero,Vehicle motor,PM,Dysprosium,83.0,0.04367113918348022,Variability in data,
Canada,Buses,FCEV,2029,92.71124089491654,5.6752374182090595,Canada Net-zero,Vehicle motor,PM,Neodymium,695.0,0.3656800208737199,Small variability in data,
Canada,Buses,FCEV,2029,92.71124089491654,5.6752374182090595,Canada Net-zero,Vehicle motor,PM,Praesodymium,1.0,0.0005261583034154244,No comparison,
Canada,Cars,FCEV,2029,142.6326782998716,1.0,Canada Net-zero,Vehicle motor,PM,Copper,13884.5,1.9803834218545673,No comparison,
Canada,Cars,FCEV,2029,142.6326782998716,1.0,Canada Net-zero,Vehicle motor,PM,Dysprosium,83.0,0.011838512298889343,Variability in data,
Canada,Cars,FCEV,2029,142.6326782998716,1.0,Canada Net-zero,Vehicle motor,PM,Neodymium,695.0,0.09912971141841076,Small variability in data,
Canada,Cars,FCEV,2029,142.6326782998716,1.0,Canada Net-zero,Vehicle motor,PM,Praesodymium,1.0,0.0001426326782998716,No comparison,
Canada,Trucks,FCEV,2029,42.789803489961486,3.6892781241792854,Canada Net-zero,Vehicle motor,PM,Copper,13884.5,2.191855570720612,No comparison,
Canada,Trucks,FCEV,2029,42.789803489961486,3.6892781241792854,Canada Net-zero,Vehicle motor,PM,Dysprosium,83.0,0.013102669334135965,Variability in data,
Canada,Trucks,FCEV,2029,42.789803489961486,3.6892781241792854,Canada Net-zero,Vehicle motor,PM,Neodymium,695.0,0.10971512273764451,Small variability in data,
Canada,Trucks,FCEV,2029,42.789803489961486,3.6892781241792854,Canada Net-zero,Vehicle motor,PM,Praesodymium,1.0,0.00015786348595344535,No comparison,
Canada,Cars,PHEV,2029,442161.302729602,1.0,Canada Net-zero,Vehicle motor,PM,Copper,13884.5,6139.188607749159,No comparison,
Canada,Cars,PHEV,2029,442161.302729602,1.0,Canada Net-zero,Vehicle motor,PM,Dysprosium,83.0,36.69938812655696,Variability in data,
Canada,Cars,PHEV,2029,442161.302729602,1.0,Canada Net-zero,Vehicle motor,PM,Neodymium,695.0,307.3021053970734,Small variability in data,
Canada,Cars,PHEV,2029,442161.302729602,1.0,Canada Net-zero,Vehicle motor,PM,Praesodymium,1.0,0.44216130272960197,No comparison,
Canada,Vans,PHEV,2029,45642.45705595891,1.9577507575642077,Canada Net-zero,Vehicle motor,PM,Copper,13884.5,1240.6710862090804,No comparison,
Canada,Vans,PHEV,2029,45642.45705595891,1.9577507575642077,Canada Net-zero,Vehicle motor,PM,Dysprosium,83.0,7.416594054906816,Variability in data,
Canada,Vans,PHEV,2029,45642.45705595891,1.9577507575642077,Canada Net-zero,Vehicle motor,PM,Neodymium,695.0,62.10280564048478,Small variability in data,
Canada,Vans,PHEV,2029,45642.45705595891,1.9577507575642077,Canada Net-zero,Vehicle motor,PM,Praesodymium,1.0,0.08935655487839538,No comparison,
Canada,2 and 3 wheelers,BEV,2030,1542.5388315907194,0.09808569078889517,Canada Net-zero,Vehicle motor,PM,Copper,13884.5,2.100738552130854,No comparison,
Canada,2 and 3 wheelers,BEV,2030,1542.5388315907194,0.09808569078889517,Canada Net-zero,Vehicle motor,PM,Dysprosium,83.0,0.012557981909817488,Variability in data,
Canada,2 and 3 wheelers,BEV,2030,1542.5388315907194,0.09808569078889517,Canada Net-zero,Vehicle motor,PM,Neodymium,695.0,0.10515418587136331,Small variability in data,
Canada,2 and 3 wheelers,BEV,2030,1542.5388315907194,0.09808569078889517,Canada Net-zero,Vehicle motor,PM,Praesodymium,1.0,0.00015130098686527094,No comparison,
Canada,Buses,BEV,2030,1905.489144906183,5.6752374182090595,Canada Net-zero,Vehicle motor,PM,Copper,13884.5,150.14841720168724,No comparison,
Canada,Buses,BEV,2030,1905.489144906183,5.6752374182090595,Canada Net-zero,Vehicle motor,PM,Dysprosium,83.0,0.8975705734985086,Variability in data,
Canada,Buses,BEV,2030,1905.489144906183,5.6752374182090595,Canada Net-zero,Vehicle motor,PM,Neodymium,695.0,7.515801790138113,Small variability in data,
Canada,Buses,BEV,2030,1905.489144906183,5.6752374182090595,Canada Net-zero,Vehicle motor,PM,Praesodymium,1.0,0.010814103295162754,No comparison,
Canada,Cars,BEV,2030,1724013.9882484511,1.0,Canada Net-zero,Vehicle motor,PM,Copper,13884.5,23937.07221983562,No comparison,
Canada,Cars,BEV,2030,1724013.9882484511,1.0,Canada Net-zero,Vehicle motor,PM,Dysprosium,83.0,143.09316102462145,Variability in data,
Canada,Cars,BEV,2030,1724013.9882484511,1.0,Canada Net-zero,Vehicle motor,PM,Neodymium,695.0,1198.1897218326735,Small variability in data,
Canada,Cars,BEV,2030,1724013.9882484511,1.0,Canada Net-zero,Vehicle motor,PM,Praesodymium,1.0,1.724013988248451,No comparison,
Canada,Trucks,BEV,2030,18147.51566577317,3.6892781241792854,Canada Net-zero,Vehicle motor,PM,Copper,13884.5,929.58438839515,No comparison,
Canada,Trucks,BEV,2030,18147.51566577317,3.6892781241792854,Canada Net-zero,Vehicle motor,PM,Dysprosium,83.0,5.55695230197684,Variability in data,
Canada,Trucks,BEV,2030,18147.51566577317,3.6892781241792854,Canada Net-zero,Vehicle motor,PM,Neodymium,695.0,46.5311066249868,Small variability in data,
Canada,Trucks,BEV,2030,18147.51566577317,3.6892781241792854,Canada Net-zero,Vehicle motor,PM,Praesodymium,1.0,0.06695123255393784,No comparison,
Canada,Vans,BEV,2030,99811.33616175244,1.9577507575642077,Canada Net-zero,Vehicle motor,PM,Copper,13884.5,2713.1107052356615,No comparison,
Canada,Vans,BEV,2030,99811.33616175244,1.9577507575642077,Canada Net-zero,Vehicle motor,PM,Dysprosium,83.0,16.21867467568583,Variability in data,
Canada,Vans,BEV,2030,99811.33616175244,1.9577507575642077,Canada Net-zero,Vehicle motor,PM,Neodymium,695.0,135.8069746939958,Small variability in data,
Canada,Vans,BEV,2030,99811.33616175244,1.9577507575642077,Canada Net-zero,Vehicle motor,PM,Praesodymium,1.0,0.19540571898416662,No comparison,
Canada,Buses,FCEV,2030,117.9588518275256,5.6752374182090595,Canada Net-zero,Vehicle motor,PM,Copper,13884.5,9.294902017247306,No comparison,
Canada,Buses,FCEV,2030,117.9588518275256,5.6752374182090595,Canada Net-zero,Vehicle motor,PM,Dysprosium,83.0,0.055563892645145774,Variability in data,
Canada,Buses,FCEV,2030,117.9588518275256,5.6752374182090595,Canada Net-zero,Vehicle motor,PM,Neodymium,695.0,0.46526392034188324,Small variability in data,
Canada,Buses,FCEV,2030,117.9588518275256,5.6752374182090595,Canada Net-zero,Vehicle motor,PM,Praesodymium,1.0,0.0006694444897005514,No comparison,
Canada,Cars,FCEV,2030,181.4751566577317,1.0,Canada Net-zero,Vehicle motor,PM,Copper,13884.5,2.5196918126142758,No comparison,
Canada,Cars,FCEV,2030,181.4751566577317,1.0,Canada Net-zero,Vehicle motor,PM,Dysprosium,83.0,0.015062438002591732,Variability in data,
Canada,Cars,FCEV,2030,181.4751566577317,1.0,Canada Net-zero,Vehicle motor,PM,Neodymium,695.0,0.12612523387712354,Small variability in data,
Canada,Cars,FCEV,2030,181.4751566577317,1.0,Canada Net-zero,Vehicle motor,PM,Praesodymium,1.0,0.00018147515665773172,No comparison,
Canada,Trucks,FCEV,2030,54.44254699731951,3.6892781241792854,Canada Net-zero,Vehicle motor,PM,Copper,13884.5,2.7887531651854496,No comparison,
Canada,Trucks,FCEV,2030,54.44254699731951,3.6892781241792854,Canada Net-zero,Vehicle motor,PM,Dysprosium,83.0,0.01667085690593052,Variability in data,
Canada,Trucks,FCEV,2030,54.44254699731951,3.6892781241792854,Canada Net-zero,Vehicle motor,PM,Neodymium,695.0,0.13959331987496038,Small variability in data,
Canada,Trucks,FCEV,2030,54.44254699731951,3.6892781241792854,Canada Net-zero,Vehicle motor,PM,Praesodymium,1.0,0.0002008536976618135,No comparison,
Canada,Cars,PHEV,2030,562572.9856389683,1.0,Canada Net-zero,Vehicle motor,PM,Copper,13884.5,7811.044619104256,No comparison,
Canada,Cars,PHEV,2030,562572.9856389683,1.0,Canada Net-zero,Vehicle motor,PM,Dysprosium,83.0,46.69355780803437,Variability in data,
Canada,Cars,PHEV,2030,562572.9856389683,1.0,Canada Net-zero,Vehicle motor,PM,Neodymium,695.0,390.98822501908296,Small variability in data,
Canada,Cars,PHEV,2030,562572.9856389683,1.0,Canada Net-zero,Vehicle motor,PM,Praesodymium,1.0,0.5625729856389683,No comparison,
Canada,Vans,PHEV,2030,58072.05013047415,1.9577507575642077,Canada Net-zero,Vehicle motor,PM,Copper,13884.5,1578.537137591658,No comparison,
Canada,Vans,PHEV,2030,58072.05013047415,1.9577507575642077,Canada Net-zero,Vehicle motor,PM,Dysprosium,83.0,9.436319811308119,Variability in data,
Canada,Vans,PHEV,2030,58072.05013047415,1.9577507575642077,Canada Net-zero,Vehicle motor,PM,Neodymium,695.0,79.01496709468847,Small variability in data,
Canada,Vans,PHEV,2030,58072.05013047415,1.9577507575642077,Canada Net-zero,Vehicle motor,PM,Praesodymium,1.0,0.11369060013624241,No comparison,
Canada,2 and 3 wheelers,BEV,2031,1899.1053793217714,0.09808569078889517,Canada Net-zero,Vehicle motor,PM,Copper,13884.5,2.586336112385709,No comparison,
Canada,2 and 3 wheelers,BEV,2031,1899.1053793217714,0.09808569078889517,Canada Net-zero,Vehicle motor,PM,Dysprosium,83.0,0.015460830229969667,Variability in data,
Canada,2 and 3 wheelers,BEV,2031,1899.1053793217714,0.09808569078889517,Canada Net-zero,Vehicle motor,PM,Neodymium,695.0,0.1294611687931195,Small variability in data,
Canada,2 and 3 wheelers,BEV,2031,1899.1053793217714,0.09808569078889517,Canada Net-zero,Vehicle motor,PM,Praesodymium,1.0,0.00018627506301168272,No comparison,
Canada,Buses,BEV,2031,2345.9537038680705,5.6752374182090595,Canada Net-zero,Vehicle motor,PM,Copper,13884.5,184.85607037219262,No comparison,
Canada,Buses,BEV,2031,2345.9537038680705,5.6752374182090595,Canada Net-zero,Vehicle motor,PM,Dysprosium,83.0,1.1050490720509913,Variability in data,
Canada,Buses,BEV,2031,2345.9537038680705,5.6752374182090595,Canada Net-zero,Vehicle motor,PM,Neodymium,695.0,9.253121747896856,Small variability in data,
Canada,Buses,BEV,2031,2345.9537038680705,5.6752374182090595,Canada Net-zero,Vehicle motor,PM,Praesodymium,1.0,0.013313844241578209,No comparison,
Canada,Cars,BEV,2031,2122529.5415949207,1.0,Canada Net-zero,Vehicle motor,PM,Copper,13884.5,29470.261420274677,No comparison,
Canada,Cars,BEV,2031,2122529.5415949207,1.0,Canada Net-zero,Vehicle motor,PM,Dysprosium,83.0,176.16995195237843,Variability in data,
Canada,Cars,BEV,2031,2122529.5415949207,1.0,Canada Net-zero,Vehicle motor,PM,Neodymium,695.0,1475.15803140847,Small variability in data,
Canada,Cars,BEV,2031,2122529.5415949207,1.0,Canada Net-zero,Vehicle motor,PM,Praesodymium,1.0,2.1225295415949206,No comparison,
Canada,Trucks,BEV,2031,22342.416227314956,3.6892781241792854,Canada Net-zero,Vehicle motor,PM,Copper,13884.5,1144.4630607543593,No comparison,
Canada,Trucks,BEV,2031,22342.416227314956,3.6892781241792854,Canada Net-zero,Vehicle motor,PM,Dysprosium,83.0,6.841473156585533,Variability in data,
Canada,Trucks,BEV,2031,22342.416227314956,3.6892781241792854,Canada Net-zero,Vehicle motor,PM,Neodymium,695.0,57.28703426297524,Small variability in data,
Canada,Trucks,BEV,2031,22342.416227314956,3.6892781241792854,Canada Net-zero,Vehicle motor,PM,Praesodymium,1.0,0.08242738742874135,No comparison,
Canada,Vans,BEV,2031,122883.28925023226,1.9577507575642077,Canada Net-zero,Vehicle motor,PM,Copper,13884.5,3340.2615412249365,No comparison,
Canada,Vans,BEV,2031,122883.28925023226,1.9577507575642077,Canada Net-zero,Vehicle motor,PM,Dysprosium,83.0,19.96771276759478,Variability in data,
Canada,Vans,BEV,2031,122883.28925023226,1.9577507575642077,Canada Net-zero,Vehicle motor,PM,Neodymium,695.0,167.19952257202857,Small variability in data,
Canada,Vans,BEV,2031,122883.28925023226,1.9577507575642077,Canada Net-zero,Vehicle motor,PM,Praesodymium,1.0,0.24057485262162387,No comparison,
Canada,Buses,FCEV,2031,145.22570547754722,5.6752374182090595,Canada Net-zero,Vehicle motor,PM,Copper,13884.5,11.443471023040496,No comparison,
Canada,Buses,FCEV,2031,145.22570547754722,5.6752374182090595,Canada Net-zero,Vehicle motor,PM,Dysprosium,83.0,0.0684077996983947,Variability in data,
Canada,Buses,FCEV,2031,145.22570547754722,5.6752374182090595,Canada Net-zero,Vehicle motor,PM,Neodymium,695.0,0.5728122986793291,Small variability in data,
Canada,Buses,FCEV,2031,145.22570547754722,5.6752374182090595,Canada Net-zero,Vehicle motor,PM,Praesodymium,1.0,0.0008241903578119843,No comparison,
Canada,Cars,FCEV,2031,223.42416227314956,1.0,Canada Net-zero,Vehicle motor,PM,Copper,13884.5,3.1021327810815453,No comparison,
Canada,Cars,FCEV,2031,223.42416227314956,1.0,Canada Net-zero,Vehicle motor,PM,Dysprosium,83.0,0.018544205468671415,Variability in data,
Canada,Cars,FCEV,2031,223.42416227314956,1.0,Canada Net-zero,Vehicle motor,PM,Neodymium,695.0,0.15527979277983897,Small variability in data,
Canada,Cars,FCEV,2031,223.42416227314956,1.0,Canada Net-zero,Vehicle motor,PM,Praesodymium,1.0,0.00022342416227314957,No comparison,
Canada,Trucks,FCEV,2031,67.02724868194487,3.6892781241792854,Canada Net-zero,Vehicle motor,PM,Copper,13884.5,3.4333891822630775,No comparison,
Canada,Trucks,FCEV,2031,67.02724868194487,3.6892781241792854,Canada Net-zero,Vehicle motor,PM,Dysprosium,83.0,0.020524419469756593,Variability in data,
Canada,Trucks,FCEV,2031,67.02724868194487,3.6892781241792854,Canada Net-zero,Vehicle motor,PM,Neodymium,695.0,0.1718611027889257,Small variability in data,
Canada,Trucks,FCEV,2031,67.02724868194487,3.6892781241792854,Canada Net-zero,Vehicle motor,PM,Praesodymium,1.0,0.00024728216228622405,No comparison,
Canada,Cars,PHEV,2031,692614.9030467636,1.0,Canada Net-zero,Vehicle motor,PM,Copper,13884.5,9616.61162135279,No comparison,
Canada,Cars,PHEV,2031,692614.9030467636,1.0,Canada Net-zero,Vehicle motor,PM,Dysprosium,83.0,57.48703695288138,Variability in data,
Canada,Cars,PHEV,2031,692614.9030467636,1.0,Canada Net-zero,Vehicle motor,PM,Neodymium,695.0,481.3673576175007,Small variability in data,
Canada,Cars,PHEV,2031,692614.9030467636,1.0,Canada Net-zero,Vehicle motor,PM,Praesodymium,1.0,0.6926149030467637,No comparison,
Canada,Vans,PHEV,2031,71495.73192740786,1.9577507575642077,Canada Net-zero,Vehicle motor,PM,Copper,13884.5,1943.4248967126903,No comparison,
Canada,Vans,PHEV,2031,71495.73192740786,1.9577507575642077,Canada Net-zero,Vehicle motor,PM,Dysprosium,83.0,11.617578337509691,Variability in data,
Canada,Vans,PHEV,2031,71495.73192740786,1.9577507575642077,Canada Net-zero,Vehicle motor,PM,Neodymium,695.0,97.27972222372573,Small variability in data,
Canada,Vans,PHEV,2031,71495.73192740786,1.9577507575642077,Canada Net-zero,Vehicle motor,PM,Praesodymium,1.0,0.13997082334349026,No comparison,
Canada,2 and 3 wheelers,BEV,2032,2286.967200989355,0.09808569078889517,Canada Net-zero,Vehicle motor,PM,Copper,13884.5,3.11455379157149,No comparison,
Canada,2 and 3 wheelers,BEV,2032,2286.967200989355,0.09808569078889517,Canada Net-zero,Vehicle motor,PM,Dysprosium,83.0,0.01861845689080872,Variability in data,
Canada,2 and 3 wheelers,BEV,2032,2286.967200989355,0.09808569078889517,Canada Net-zero,Vehicle motor,PM,Neodymium,695.0,0.15590153661580794,Small variability in data,
Canada,2 and 3 wheelers,BEV,2032,2286.967200989355,0.09808569078889517,Canada Net-zero,Vehicle motor,PM,Praesodymium,1.0,0.00022431875772058697,No comparison,
Canada,Buses,BEV,2032,2825.0771306339093,5.6752374182090595,Canada Net-zero,Vehicle motor,PM,Copper,13884.5,222.60995858795633,No comparison,
Canada,Buses,BEV,2032,2825.0771306339093,5.6752374182090595,Canada Net-zero,Vehicle motor,PM,Dysprosium,83.0,1.3307376256113204,Variability in data,
Canada,Buses,BEV,2032,2825.0771306339093,5.6752374182090595,Canada Net-zero,Vehicle motor,PM,Neodymium,695.0,11.142923491564671,Small variability in data,
Canada,Buses,BEV,2032,2825.0771306339093,5.6752374182090595,Canada Net-zero,Vehicle motor,PM,Praesodymium,1.0,0.016032983441100244,No comparison,
Canada,Cars,BEV,2032,2556022.1658116323,1.0,Canada Net-zero,Vehicle motor,PM,Copper,13884.5,35489.08976121161,No comparison,
Canada,Cars,BEV,2032,2556022.1658116323,1.0,Canada Net-zero,Vehicle motor,PM,Dysprosium,83.0,212.1498397623655,Variability in data,
Canada,Cars,BEV,2032,2556022.1658116323,1.0,Canada Net-zero,Vehicle motor,PM,Neodymium,695.0,1776.4354052390845,Small variability in data,
Canada,Cars,BEV,2032,2556022.1658116323,1.0,Canada Net-zero,Vehicle motor,PM,Praesodymium,1.0,2.5560221658116324,No comparison,
Canada,Trucks,BEV,2032,26905.496482227707,3.6892781241792854,Canada Net-zero,Vehicle motor,PM,Copper,13884.5,1378.201289506032,No comparison,
Canada,Trucks,BEV,2032,26905.496482227707,3.6892781241792854,Canada Net-zero,Vehicle motor,PM,Dysprosium,83.0,8.238734346141428,Variability in data,
Canada,Trucks,BEV,2032,26905.496482227707,3.6892781241792854,Canada Net-zero,Vehicle motor,PM,Neodymium,695.0,68.98699241648545,Small variability in data,
Canada,Trucks,BEV,2032,26905.496482227707,3.6892781241792854,Canada Net-zero,Vehicle motor,PM,Praesodymium,1.0,0.09926185959206539,No comparison,
Canada,Vans,BEV,2032,147980.2306522524,1.9577507575642077,Canada Net-zero,Vehicle motor,PM,Copper,13884.5,4022.4564000949367,No comparison,
Canada,Vans,BEV,2032,147980.2306522524,1.9577507575642077,Canada Net-zero,Vehicle motor,PM,Dysprosium,83.0,24.04579791910978,Variability in data,
Canada,Vans,BEV,2032,147980.2306522524,1.9577507575642077,Canada Net-zero,Vehicle motor,PM,Neodymium,695.0,201.34734402146142,Small variability in data,
Canada,Vans,BEV,2032,147980.2306522524,1.9577507575642077,Canada Net-zero,Vehicle motor,PM,Praesodymium,1.0,0.2897084086639733,No comparison,
Canada,Buses,FCEV,2032,174.8857271344801,5.6752374182090595,Canada Net-zero,Vehicle motor,PM,Copper,13884.5,13.780616484016345,No comparison,
Canada,Buses,FCEV,2032,174.8857271344801,5.6752374182090595,Canada Net-zero,Vehicle motor,PM,Dysprosium,83.0,0.08237899587117697,Variability in data,
Canada,Buses,FCEV,2032,174.8857271344801,5.6752374182090595,Canada Net-zero,Vehicle motor,PM,Neodymium,695.0,0.6898000256682891,Small variability in data,
Canada,Buses,FCEV,2032,174.8857271344801,5.6752374182090595,Canada Net-zero,Vehicle motor,PM,Praesodymium,1.0,0.000992518022544301,No comparison,
Canada,Cars,FCEV,2032,269.0549648222771,1.0,Canada Net-zero,Vehicle motor,PM,Copper,13884.5,3.735693659074906,No comparison,
Canada,Cars,FCEV,2032,269.0549648222771,1.0,Canada Net-zero,Vehicle motor,PM,Dysprosium,83.0,0.022331562080248998,Variability in data,
Canada,Cars,FCEV,2032,269.0549648222771,1.0,Canada Net-zero,Vehicle motor,PM,Neodymium,695.0,0.18699320055148258,Small variability in data,
Canada,Cars,FCEV,2032,269.0549648222771,1.0,Canada Net-zero,Vehicle motor,PM,Praesodymium,1.0,0.0002690549648222771,No comparison,
Canada,Trucks,FCEV,2032,80.71648944668313,3.6892781241792854,Canada Net-zero,Vehicle motor,PM,Copper,13884.5,4.134603868518096,No comparison,
Canada,Trucks,FCEV,2032,80.71648944668313,3.6892781241792854,Canada Net-zero,Vehicle motor,PM,Dysprosium,83.0,0.024716203038424284,Variability in data,
Canada,Trucks,FCEV,2032,80.71648944668313,3.6892781241792854,Canada Net-zero,Vehicle motor,PM,Neodymium,695.0,0.20696097724945636,Small variability in data,
Canada,Trucks,FCEV,2032,80.71648944668313,3.6892781241792854,Canada Net-zero,Vehicle motor,PM,Praesodymium,1.0,0.0002977855787761962,No comparison,
Canada,Cars,PHEV,2032,834070.3909490589,1.0,Canada Net-zero,Vehicle motor,PM,Copper,13884.5,11580.650343132207,No comparison,
Canada,Cars,PHEV,2032,834070.3909490589,1.0,Canada Net-zero,Vehicle motor,PM,Dysprosium,83.0,69.2278424487719,Variability in data,
Canada,Cars,PHEV,2032,834070.3909490589,1.0,Canada Net-zero,Vehicle motor,PM,Neodymium,695.0,579.6789217095959,Small variability in data,
Canada,Cars,PHEV,2032,834070.3909490589,1.0,Canada Net-zero,Vehicle motor,PM,Praesodymium,1.0,0.8340703909490589,No comparison,
Canada,Vans,PHEV,2032,86097.58874312867,1.9577507575642077,Canada Net-zero,Vehicle motor,PM,Copper,13884.5,2340.338269146145,No comparison,
Canada,Vans,PHEV,2032,86097.58874312867,1.9577507575642077,Canada Net-zero,Vehicle motor,PM,Dysprosium,83.0,13.990282425663876,Variability in data,
Canada,Vans,PHEV,2032,86097.58874312867,1.9577507575642077,Canada Net-zero,Vehicle motor,PM,Neodymium,695.0,117.14754561248667,Small variability in data,
Canada,Vans,PHEV,2032,86097.58874312867,1.9577507575642077,Canada Net-zero,Vehicle motor,PM,Praesodymium,1.0,0.16855761958631174,No comparison,
Canada,2 and 3 wheelers,BEV,2033,2696.2883804046182,0.09808569078889517,Canada Net-zero,Vehicle motor,PM,Copper,13884.5,3.671996342897461,No comparison,
Canada,2 and 3 wheelers,BEV,2033,2696.2883804046182,0.09808569078889517,Canada Net-zero,Vehicle motor,PM,Dysprosium,83.0,0.021950786593718845,Variability in data,
Canada,2 and 3 wheelers,BEV,2033,2696.2883804046182,0.09808569078889517,Canada Net-zero,Vehicle motor,PM,Neodymium,695.0,0.18380477930885056,Small variability in data,
Canada,2 and 3 wheelers,BEV,2033,2696.2883804046182,0.09808569078889517,Canada Net-zero,Vehicle motor,PM,Praesodymium,1.0,0.0002644673083580583,No comparison,
Canada,Buses,BEV,2033,3330.70917579394,5.6752374182090595,Canada Net-zero,Vehicle motor,PM,Copper,13884.5,262.4526685137422,No comparison,
Canada,Buses,BEV,2033,3330.70917579394,5.6752374182090595,Canada Net-zero,Vehicle motor,PM,Dysprosium,83.0,1.568912923521956,Variability in data,
Canada,Buses,BEV,2033,3330.70917579394,5.6752374182090595,Canada Net-zero,Vehicle motor,PM,Neodymium,695.0,13.137282913828429,Small variability in data,
Canada,Buses,BEV,2033,3330.70917579394,5.6752374182090595,Canada Net-zero,Vehicle motor,PM,Praesodymium,1.0,0.018902565343638027,No comparison,
Canada,Cars,BEV,2033,3013498.778099279,1.0,Canada Net-zero,Vehicle motor,PM,Copper,13884.5,41840.92378451944,No comparison,
Canada,Cars,BEV,2033,3013498.778099279,1.0,Canada Net-zero,Vehicle motor,PM,Dysprosium,83.0,250.12039858224017,Variability in data,
Canada,Cars,BEV,2033,3013498.778099279,1.0,Canada Net-zero,Vehicle motor,PM,Neodymium,695.0,2094.381650778999,Small variability in data,
Canada,Cars,BEV,2033,3013498.778099279,1.0,Canada Net-zero,Vehicle motor,PM,Praesodymium,1.0,3.013498778099279,No comparison,
Canada,Trucks,BEV,2033,31721.039769466097,3.6892781241792854,Canada Net-zero,Vehicle motor,PM,Copper,13884.5,1624.8716296176876,No comparison,
Canada,Trucks,BEV,2033,31721.039769466097,3.6892781241792854,Canada Net-zero,Vehicle motor,PM,Dysprosium,83.0,9.71330226211013,Variability in data,
Canada,Trucks,BEV,2033,31721.039769466097,3.6892781241792854,Canada Net-zero,Vehicle motor,PM,Neodymium,695.0,81.33427797791012,Small variability in data,
Canada,Trucks,BEV,2033,31721.039769466097,3.6892781241792854,Canada Net-zero,Vehicle motor,PM,Praesodymium,1.0,0.1170277380977124,No comparison,
Canada,Vans,BEV,2033,174465.7187320635,1.9577507575642077,Canada Net-zero,Vehicle motor,PM,Copper,13884.5,4742.395276840111,No comparison,
Canada,Vans,BEV,2033,174465.7187320635,1.9577507575642077,Canada Net-zero,Vehicle motor,PM,Dysprosium,83.0,28.349512620384548,Variability in data,
Canada,Vans,BEV,2033,174465.7187320635,1.9577507575642077,Canada Net-zero,Vehicle motor,PM,Neodymium,695.0,237.3844731465935,Small variability in data,
Canada,Vans,BEV,2033,174465.7187320635,1.9577507575642077,Canada Net-zero,Vehicle motor,PM,Praesodymium,1.0,0.3415603930166813,No comparison,
Canada,Buses,FCEV,2033,206.18675850152962,5.6752374182090595,Canada Net-zero,Vehicle motor,PM,Copper,13884.5,16.247069955612613,No comparison,
Canada,Buses,FCEV,2033,206.18675850152962,5.6752374182090595,Canada Net-zero,Vehicle motor,PM,Dysprosium,83.0,0.09712318097993063,Variability in data,
Canada,Buses,FCEV,2033,206.18675850152962,5.6752374182090595,Canada Net-zero,Vehicle motor,PM,Neodymium,695.0,0.8132603708560455,Small variability in data,
Canada,Buses,FCEV,2033,206.18675850152962,5.6752374182090595,Canada Net-zero,Vehicle motor,PM,Praesodymium,1.0,0.001170158806987116,No comparison,
Canada,Cars,FCEV,2033,317.21039769466097,1.0,Canada Net-zero,Vehicle motor,PM,Copper,13884.5,4.40430776679152,No comparison,
Canada,Cars,FCEV,2033,317.21039769466097,1.0,Canada Net-zero,Vehicle motor,PM,Dysprosium,83.0,0.02632846300865686,Variability in data,
Canada,Cars,FCEV,2033,317.21039769466097,1.0,Canada Net-zero,Vehicle motor,PM,Neodymium,695.0,0.22046122639778937,Small variability in data,
Canada,Cars,FCEV,2033,317.21039769466097,1.0,Canada Net-zero,Vehicle motor,PM,Praesodymium,1.0,0.00031721039769466096,No comparison,
Canada,Trucks,FCEV,2033,95.16311930839828,3.6892781241792854,Canada Net-zero,Vehicle motor,PM,Copper,13884.5,4.8746148888530625,No comparison,
Canada,Trucks,FCEV,2033,95.16311930839828,3.6892781241792854,Canada Net-zero,Vehicle motor,PM,Dysprosium,83.0,0.029139906786330383,Variability in data,
Canada,Trucks,FCEV,2033,95.16311930839828,3.6892781241792854,Canada Net-zero,Vehicle motor,PM,Neodymium,695.0,0.24400283393373032,Small variability in data,
Canada,Trucks,FCEV,2033,95.16311930839828,3.6892781241792854,Canada Net-zero,Vehicle motor,PM,Praesodymium,1.0,0.00035108321429313714,No comparison,
Canada,Cars,PHEV,2033,983352.232853449,1.0,Canada Net-zero,Vehicle motor,PM,Copper,13884.5,13653.354077053713,No comparison,
Canada,Cars,PHEV,2033,983352.232853449,1.0,Canada Net-zero,Vehicle motor,PM,Dysprosium,83.0,81.61823532683626,Variability in data,
Canada,Cars,PHEV,2033,983352.232853449,1.0,Canada Net-zero,Vehicle motor,PM,Neodymium,695.0,683.429801833147,Small variability in data,
Canada,Cars,PHEV,2033,983352.232853449,1.0,Canada Net-zero,Vehicle motor,PM,Praesodymium,1.0,0.983352232853449,No comparison,
Canada,Vans,PHEV,2033,101507.32726229151,1.9577507575642077,Canada Net-zero,Vehicle motor,PM,Copper,13884.5,2759.2117974342473,No comparison,
Canada,Vans,PHEV,2033,101507.32726229151,1.9577507575642077,Canada Net-zero,Vehicle motor,PM,Dysprosium,83.0,16.49426188822374,Variability in data,
Canada,Vans,PHEV,2033,101507.32726229151,1.9577507575642077,Canada Net-zero,Vehicle motor,PM,Neodymium,695.0,138.11460255801805,Small variability in data,
Canada,Vans,PHEV,2033,101507.32726229151,1.9577507575642077,Canada Net-zero,Vehicle motor,PM,Praesodymium,1.0,0.19872604684606918,No comparison,
Canada,2 and 3 wheelers,BEV,2034,3120.600831957586,0.09808569078889517,Canada Net-zero,Vehicle motor,PM,Copper,13884.5,4.249855069609231,No comparison,
Canada,2 and 3 wheelers,BEV,2034,3120.600831957586,0.09808569078889517,Canada Net-zero,Vehicle motor,PM,Dysprosium,83.0,0.025405161927153745,Variability in data,
Canada,2 and 3 wheelers,BEV,2034,3120.600831957586,0.09808569078889517,Canada Net-zero,Vehicle motor,PM,Neodymium,695.0,0.21272997035387775,Small variability in data,
Canada,2 and 3 wheelers,BEV,2034,3120.600831957586,0.09808569078889517,Canada Net-zero,Vehicle motor,PM,Praesodymium,1.0,0.0003060862882789608,No comparison,
Canada,Buses,BEV,2034,3854.8598512417234,5.6752374182090595,Canada Net-zero,Vehicle motor,PM,Copper,13884.5,303.7546063936112,No comparison,
Canada,Buses,BEV,2034,3854.8598512417234,5.6752374182090595,Canada Net-zero,Vehicle motor,PM,Dysprosium,83.0,1.8158113241866636,Variability in data,
Canada,Buses,BEV,2034,3854.8598512417234,5.6752374182090595,Canada Net-zero,Vehicle motor,PM,Neodymium,695.0,15.204685184454592,Small variability in data,
Canada,Buses,BEV,2034,3854.8598512417234,5.6752374182090595,Canada Net-zero,Vehicle motor,PM,Praesodymium,1.0,0.02187724486971884,No comparison,
Canada,Cars,BEV,2034,3487730.3415996544,1.0,Canada Net-zero,Vehicle motor,PM,Copper,13884.5,48425.3919279404,No comparison,
Canada,Cars,BEV,2034,3487730.3415996544,1.0,Canada Net-zero,Vehicle motor,PM,Dysprosium,83.0,289.48161835277136,Variability in data,
Canada,Cars,BEV,2034,3487730.3415996544,1.0,Canada Net-zero,Vehicle motor,PM,Neodymium,695.0,2423.97258741176,Small variability in data,
Canada,Cars,BEV,2034,3487730.3415996544,1.0,Canada Net-zero,Vehicle motor,PM,Praesodymium,1.0,3.4877303415996543,No comparison,
Canada,Trucks,BEV,2034,36712.95096420689,3.6892781241792854,Canada Net-zero,Vehicle motor,PM,Copper,13884.5,1880.5762009953542,No comparison,
Canada,Trucks,BEV,2034,36712.95096420689,3.6892781241792854,Canada Net-zero,Vehicle motor,PM,Dysprosium,83.0,11.241875809904167,Variability in data,
Canada,Trucks,BEV,2034,36712.95096420689,3.6892781241792854,Canada Net-zero,Vehicle motor,PM,Neodymium,695.0,94.13377937208911,Small variability in data,
Canada,Trucks,BEV,2034,36712.95096420689,3.6892781241792854,Canada Net-zero,Vehicle motor,PM,Praesodymium,1.0,0.13544428686631527,No comparison,
Canada,Vans,BEV,2034,201921.23030313788,1.9577507575642077,Canada Net-zero,Vehicle motor,PM,Copper,13884.5,5488.701710815572,No comparison,
Canada,Vans,BEV,2034,201921.23030313788,1.9577507575642077,Canada Net-zero,Vehicle motor,PM,Dysprosium,83.0,32.810849652323995,Variability in data,
Canada,Vans,BEV,2034,201921.23030313788,1.9577507575642077,Canada Net-zero,Vehicle motor,PM,Neodymium,695.0,274.74145190801426,Small variability in data,
Canada,Vans,BEV,2034,201921.23030313788,1.9577507575642077,Canada Net-zero,Vehicle motor,PM,Praesodymium,1.0,0.39531144159426507,No comparison,
Canada,Buses,FCEV,2034,238.6341812673448,5.6752374182090595,Canada Net-zero,Vehicle motor,PM,Copper,13884.5,18.80385658627117,No comparison,
Canada,Buses,FCEV,2034,238.6341812673448,5.6752374182090595,Canada Net-zero,Vehicle motor,PM,Dysprosium,83.0,0.11240736768774584,Variability in data,
Canada,Buses,FCEV,2034,238.6341812673448,5.6752374182090595,Canada Net-zero,Vehicle motor,PM,Neodymium,695.0,0.9412424161805224,Small variability in data,
Canada,Buses,FCEV,2034,238.6341812673448,5.6752374182090595,Canada Net-zero,Vehicle motor,PM,Praesodymium,1.0,0.0013543056347921185,No comparison,
Canada,Cars,FCEV,2034,367.1295096420689,1.0,Canada Net-zero,Vehicle motor,PM,Copper,13884.5,5.097409676625306,No comparison,
Canada,Cars,FCEV,2034,367.1295096420689,1.0,Canada Net-zero,Vehicle motor,PM,Dysprosium,83.0,0.030471749300291718,Variability in data,
Canada,Cars,FCEV,2034,367.1295096420689,1.0,Canada Net-zero,Vehicle motor,PM,Neodymium,695.0,0.2551550092012379,Small variability in data,
Canada,Cars,FCEV,2034,367.1295096420689,1.0,Canada Net-zero,Vehicle motor,PM,Praesodymium,1.0,0.0003671295096420689,No comparison,
Canada,Trucks,FCEV,2034,110.13885289262066,3.6892781241792854,Canada Net-zero,Vehicle motor,PM,Copper,13884.5,5.6417286029860625,No comparison,
Canada,Trucks,FCEV,2034,110.13885289262066,3.6892781241792854,Canada Net-zero,Vehicle motor,PM,Dysprosium,83.0,0.033725627429712496,Variability in data,
Canada,Trucks,FCEV,2034,110.13885289262066,3.6892781241792854,Canada Net-zero,Vehicle motor,PM,Neodymium,695.0,0.28240133811626733,Small variability in data,
Canada,Trucks,FCEV,2034,110.13885289262066,3.6892781241792854,Canada Net-zero,Vehicle motor,PM,Praesodymium,1.0,0.0004063328605989458,No comparison,
Canada,Cars,PHEV,2034,1138101.4798904136,1.0,Canada Net-zero,Vehicle motor,PM,Copper,13884.5,15801.969997538448,No comparison,
Canada,Cars,PHEV,2034,1138101.4798904136,1.0,Canada Net-zero,Vehicle motor,PM,Dysprosium,83.0,94.46242283090433,Variability in data,
Canada,Cars,PHEV,2034,1138101.4798904136,1.0,Canada Net-zero,Vehicle motor,PM,Neodymium,695.0,790.9805285238374,Small variability in data,
Canada,Cars,PHEV,2034,1138101.4798904136,1.0,Canada Net-zero,Vehicle motor,PM,Praesodymium,1.0,1.1381014798904137,No comparison,
Canada,Vans,PHEV,2034,117481.44308546204,1.9577507575642077,Canada Net-zero,Vehicle motor,PM,Copper,13884.5,3193.4264499290603,No comparison,
Canada,Vans,PHEV,2034,117481.44308546204,1.9577507575642077,Canada Net-zero,Vehicle motor,PM,Dysprosium,83.0,19.089948888624875,Variability in data,
Canada,Vans,PHEV,2034,117481.44308546204,1.9577507575642077,Canada Net-zero,Vehicle motor,PM,Neodymium,695.0,159.84957201920824,Small variability in data,
Canada,Vans,PHEV,2034,117481.44308546204,1.9577507575642077,Canada Net-zero,Vehicle motor,PM,Praesodymium,1.0,0.22999938420029967,No comparison,
Canada,2 and 3 wheelers,BEV,2035,3504.9057095012404,0.09808569078889517,Canada Net-zero,Vehicle motor,PM,Copper,13884.5,4.773228650548742,No comparison,
Canada,2 and 3 wheelers,BEV,2035,3504.9057095012404,0.09808569078889517,Canada Net-zero,Vehicle motor,PM,Dysprosium,83.0,0.02853383110630887,Variability in data,
Canada,2 and 3 wheelers,BEV,2035,3504.9057095012404,0.09808569078889517,Canada Net-zero,Vehicle motor,PM,Neodymium,695.0,0.23892786287812848,Small variability in data,
Canada,2 and 3 wheelers,BEV,2035,3504.9057095012404,0.09808569078889517,Canada Net-zero,Vehicle motor,PM,Praesodymium,1.0,0.00034378109766637193,No comparison,
Canada,Buses,BEV,2035,4329.589405854474,5.6752374182090595,Canada Net-zero,Vehicle motor,PM,Copper,13884.5,341.1622670011324,No comparison,
Canada,Buses,BEV,2035,4329.589405854474,5.6752374182090595,Canada Net-zero,Vehicle motor,PM,Dysprosium,83.0,2.0394301675317075,Variability in data,
Canada,Buses,BEV,2035,4329.589405854474,5.6752374182090595,Canada Net-zero,Vehicle motor,PM,Neodymium,695.0,17.07715622210285,Small variability in data,
Canada,Buses,BEV,2035,4329.589405854474,5.6752374182090595,Canada Net-zero,Vehicle motor,PM,Praesodymium,1.0,0.02457144780158684,No comparison,
Canada,Cars,BEV,2035,3917247.5576778566,1.0,Canada Net-zero,Vehicle motor,PM,Copper,13884.5,54389.0237145782,No comparison,
Canada,Cars,BEV,2035,3917247.5576778566,1.0,Canada Net-zero,Vehicle motor,PM,Dysprosium,83.0,325.1315472872621,Variability in data,
Canada,Cars,BEV,2035,3917247.5576778566,1.0,Canada Net-zero,Vehicle motor,PM,Neodymium,695.0,2722.4870525861106,Small variability in data,
Canada,Cars,BEV,2035,3917247.5576778566,1.0,Canada Net-zero,Vehicle motor,PM,Praesodymium,1.0,3.9172475576778565,No comparison,
Canada,Trucks,BEV,2035,41234.18481766165,3.6892781241792854,Canada Net-zero,Vehicle motor,PM,Copper,13884.5,2112.1708987964394,No comparison,
Canada,Trucks,BEV,2035,41234.18481766165,3.6892781241792854,Canada Net-zero,Vehicle motor,PM,Dysprosium,83.0,12.626323209341672,Variability in data,
Canada,Trucks,BEV,2035,41234.18481766165,3.6892781241792854,Canada Net-zero,Vehicle motor,PM,Neodymium,695.0,105.72644133123448,Small variability in data,
Canada,Trucks,BEV,2035,41234.18481766165,3.6892781241792854,Canada Net-zero,Vehicle motor,PM,Praesodymium,1.0,0.15212437601616471,No comparison,
Canada,Vans,BEV,2035,226788.01649713906,1.9577507575642077,Canada Net-zero,Vehicle motor,PM,Copper,13884.5,6164.640400970128,No comparison,
Canada,Vans,BEV,2035,226788.01649713906,1.9577507575642077,Canada Net-zero,Vehicle motor,PM,Dysprosium,83.0,36.851536121611915,Variability in data,
Canada,Vans,BEV,2035,226788.01649713906,1.9577507575642077,Canada Net-zero,Vehicle motor,PM,Neodymium,695.0,308.5761157171118,Small variability in data,
Canada,Vans,BEV,2035,226788.01649713906,1.9577507575642077,Canada Net-zero,Vehicle motor,PM,Praesodymium,1.0,0.44399441110375804,No comparison,
Canada,Buses,FCEV,2035,268.0222013148007,5.6752374182090595,Canada Net-zero,Vehicle motor,PM,Copper,13884.5,21.119568909593912,No comparison,
Canada,Buses,FCEV,2035,268.0222013148007,5.6752374182090595,Canada Net-zero,Vehicle motor,PM,Dysprosium,83.0,0.12625043894243904,Variability in data,
Canada,Buses,FCEV,2035,268.0222013148007,5.6752374182090595,Canada Net-zero,Vehicle motor,PM,Neodymium,695.0,1.0571572899397004,Small variability in data,
Canada,Buses,FCEV,2035,268.0222013148007,5.6752374182090595,Canada Net-zero,Vehicle motor,PM,Praesodymium,1.0,0.0015210896258125186,No comparison,
Canada,Cars,FCEV,2035,412.3418481766165,1.0,Canada Net-zero,Vehicle motor,PM,Copper,13884.5,5.725160391008232,No comparison,
Canada,Cars,FCEV,2035,412.3418481766165,1.0,Canada Net-zero,Vehicle motor,PM,Dysprosium,83.0,0.03422437339865917,Variability in data,
Canada,Cars,FCEV,2035,412.3418481766165,1.0,Canada Net-zero,Vehicle motor,PM,Neodymium,695.0,0.28657758448274845,Small variability in data,
Canada,Cars,FCEV,2035,412.3418481766165,1.0,Canada Net-zero,Vehicle motor,PM,Praesodymium,1.0,0.0004123418481766165,No comparison,
Canada,Trucks,FCEV,2035,123.70255445298494,3.6892781241792854,Canada Net-zero,Vehicle motor,PM,Copper,13884.5,6.336512696389318,No comparison,
Canada,Trucks,FCEV,2035,123.70255445298494,3.6892781241792854,Canada Net-zero,Vehicle motor,PM,Dysprosium,83.0,0.03787896962802502,Variability in data,
Canada,Trucks,FCEV,2035,123.70255445298494,3.6892781241792854,Canada Net-zero,Vehicle motor,PM,Neodymium,695.0,0.31717932399370347,Small variability in data,
Canada,Trucks,FCEV,2035,123.70255445298494,3.6892781241792854,Canada Net-zero,Vehicle motor,PM,Praesodymium,1.0,0.0004563731280484942,No comparison,
Canada,Cars,PHEV,2035,1278259.7293475112,1.0,Canada Net-zero,Vehicle motor,PM,Copper,13884.5,17747.99721212552,No comparison,
Canada,Cars,PHEV,2035,1278259.7293475112,1.0,Canada Net-zero,Vehicle motor,PM,Dysprosium,83.0,106.09555753584343,Variability in data,
Canada,Cars,PHEV,2035,1278259.7293475112,1.0,Canada Net-zero,Vehicle motor,PM,Neodymium,695.0,888.3905118965203,Small variability in data,
Canada,Cars,PHEV,2035,1278259.7293475112,1.0,Canada Net-zero,Vehicle motor,PM,Praesodymium,1.0,1.278259729347511,No comparison,
Canada,Vans,PHEV,2035,131949.3914165173,1.9577507575642077,Canada Net-zero,Vehicle motor,PM,Copper,13884.5,3586.699869655348,No comparison,
Canada,Vans,PHEV,2035,131949.3914165173,1.9577507575642077,Canada Net-zero,Vehicle motor,PM,Dysprosium,83.0,21.4408937434833,Variability in data,
Canada,Vans,PHEV,2035,131949.3914165173,1.9577507575642077,Canada Net-zero,Vehicle motor,PM,Neodymium,695.0,179.53519459904692,Small variability in data,
Canada,Vans,PHEV,2035,131949.3914165173,1.9577507575642077,Canada Net-zero,Vehicle motor,PM,Praesodymium,1.0,0.2583240210058229,No comparison,
Canada,2 and 3 wheelers,BEV,2036,3928.340996100569,0.09808569078889517,Canada Net-zero,Vehicle motor,PM,Copper,13884.5,5.3498927919463855,No comparison,
Canada,2 and 3 wheelers,BEV,2036,3928.340996100569,0.09808569078889517,Canada Net-zero,Vehicle motor,PM,Dysprosium,83.0,0.031981065341319455,Variability in data,
Canada,2 and 3 wheelers,BEV,2036,3928.340996100569,0.09808569078889517,Canada Net-zero,Vehicle motor,PM,Neodymium,695.0,0.26779325797851833,Small variability in data,
Canada,2 and 3 wheelers,BEV,2036,3928.340996100569,0.09808569078889517,Canada Net-zero,Vehicle motor,PM,Praesodymium,1.0,0.0003853140402568609,No comparison,
Canada,Buses,BEV,2036,4852.65652459482,5.6752374182090595,Canada Net-zero,Vehicle motor,PM,Copper,13884.5,382.37882295951175,No comparison,
Canada,Buses,BEV,2036,4852.65652459482,5.6752374182090595,Canada Net-zero,Vehicle motor,PM,Dysprosium,83.0,2.285818164546039,Variability in data,
Canada,Buses,BEV,2036,4852.65652459482,5.6752374182090595,Canada Net-zero,Vehicle motor,PM,Neodymium,695.0,19.140284630837314,Small variability in data,
Canada,Buses,BEV,2036,4852.65652459482,5.6752374182090595,Canada Net-zero,Vehicle motor,PM,Praesodymium,1.0,0.027539977886096856,No comparison,
Canada,Cars,BEV,2036,4390498.760347695,1.0,Canada Net-zero,Vehicle motor,PM,Copper,13884.5,60959.880038047566,No comparison,
Canada,Cars,BEV,2036,4390498.760347695,1.0,Canada Net-zero,Vehicle motor,PM,Dysprosium,83.0,364.4113971088587,Variability in data,
Canada,Cars,BEV,2036,4390498.760347695,1.0,Canada Net-zero,Vehicle motor,PM,Neodymium,695.0,3051.396638441648,Small variability in data,
Canada,Cars,BEV,2036,4390498.760347695,1.0,Canada Net-zero,Vehicle motor,PM,Praesodymium,1.0,4.390498760347695,No comparison,
Canada,Trucks,BEV,2036,46215.77642471258,3.6892781241792854,Canada Net-zero,Vehicle motor,PM,Copper,13884.5,2367.3468618627626,No comparison,
Canada,Trucks,BEV,2036,46215.77642471258,3.6892781241792854,Canada Net-zero,Vehicle motor,PM,Dysprosium,83.0,14.151736795319188,Variability in data,
Canada,Trucks,BEV,2036,46215.77642471258,3.6892781241792854,Canada Net-zero,Vehicle motor,PM,Neodymium,695.0,118.49948280417874,Small variability in data,
Canada,Trucks,BEV,2036,46215.77642471258,3.6892781241792854,Canada Net-zero,Vehicle motor,PM,Praesodymium,1.0,0.17050285295565287,No comparison,
Canada,Vans,BEV,2036,254186.7703359192,1.9577507575642077,Canada Net-zero,Vehicle motor,PM,Copper,13884.5,6909.404024108523,No comparison,
Canada,Vans,BEV,2036,254186.7703359192,1.9577507575642077,Canada Net-zero,Vehicle motor,PM,Dysprosium,83.0,41.30365040159944,Variability in data,
Canada,Vans,BEV,2036,254186.7703359192,1.9577507575642077,Canada Net-zero,Vehicle motor,PM,Neodymium,695.0,345.8558678206218,Small variability in data,
Canada,Vans,BEV,2036,254186.7703359192,1.9577507575642077,Canada Net-zero,Vehicle motor,PM,Praesodymium,1.0,0.4976343421879451,No comparison,
Canada,Buses,FCEV,2036,300.40254676063176,5.6752374182090595,Canada Net-zero,Vehicle motor,PM,Copper,13884.5,23.671069992731685,No comparison,
Canada,Buses,FCEV,2036,300.40254676063176,5.6752374182090595,Canada Net-zero,Vehicle motor,PM,Dysprosium,83.0,0.14150302923380242,Variability in data,
Canada,Buses,FCEV,2036,300.40254676063176,5.6752374182090595,Canada Net-zero,Vehicle motor,PM,Neodymium,695.0,1.1848747628613576,Small variability in data,
Canada,Buses,FCEV,2036,300.40254676063176,5.6752374182090595,Canada Net-zero,Vehicle motor,PM,Praesodymium,1.0,0.001704855773901234,No comparison,
Canada,Cars,FCEV,2036,462.1577642471258,1.0,Canada Net-zero,Vehicle motor,PM,Copper,13884.5,6.416829477689218,No comparison,
Canada,Cars,FCEV,2036,462.1577642471258,1.0,Canada Net-zero,Vehicle motor,PM,Dysprosium,83.0,0.03835909443251144,Variability in data,
Canada,Cars,FCEV,2036,462.1577642471258,1.0,Canada Net-zero,Vehicle motor,PM,Neodymium,695.0,0.32119964615175245,Small variability in data,
Canada,Cars,FCEV,2036,462.1577642471258,1.0,Canada Net-zero,Vehicle motor,PM,Praesodymium,1.0,0.0004621577642471258,No comparison,
Canada,Trucks,FCEV,2036,138.64732927413775,3.6892781241792854,Canada Net-zero,Vehicle motor,PM,Copper,13884.5,7.102040585588287,No comparison,
Canada,Trucks,FCEV,2036,138.64732927413775,3.6892781241792854,Canada Net-zero,Vehicle motor,PM,Dysprosium,83.0,0.042455210385957565,Variability in data,
Canada,Trucks,FCEV,2036,138.64732927413775,3.6892781241792854,Canada Net-zero,Vehicle motor,PM,Neodymium,695.0,0.35549844841253625,Small variability in data,
Canada,Trucks,FCEV,2036,138.64732927413775,3.6892781241792854,Canada Net-zero,Vehicle motor,PM,Praesodymium,1.0,0.0005115085588669586,No comparison,
Canada,Cars,PHEV,2036,1432689.0691660899,1.0,Canada Net-zero,Vehicle motor,PM,Copper,13884.5,19892.171380836575,No comparison,
Canada,Cars,PHEV,2036,1432689.0691660899,1.0,Canada Net-zero,Vehicle motor,PM,Dysprosium,83.0,118.91319274078546,Variability in data,
Canada,Cars,PHEV,2036,1432689.0691660899,1.0,Canada Net-zero,Vehicle motor,PM,Neodymium,695.0,995.7189030704325,Small variability in data,
Canada,Cars,PHEV,2036,1432689.0691660899,1.0,Canada Net-zero,Vehicle motor,PM,Praesodymium,1.0,1.4326890691660898,No comparison,
Canada,Vans,PHEV,2036,147890.48455908024,1.9577507575642077,Canada Net-zero,Vehicle motor,PM,Copper,13884.5,4020.016886754049,No comparison,
Canada,Vans,PHEV,2036,147890.48455908024,1.9577507575642077,Canada Net-zero,Vehicle motor,PM,Dysprosium,83.0,24.0312147791124,Variability in data,
Canada,Vans,PHEV,2036,147890.48455908024,1.9577507575642077,Canada Net-zero,Vehicle motor,PM,Neodymium,695.0,201.2252321865436,Small variability in data,
Canada,Vans,PHEV,2036,147890.48455908024,1.9577507575642077,Canada Net-zero,Vehicle motor,PM,Praesodymium,1.0,0.2895327081820771,No comparison,
Canada,2 and 3 wheelers,BEV,2037,4344.210734974763,0.09808569078889517,Canada Net-zero,Vehicle motor,PM,Copper,13884.5,5.916253635009694,No comparison,
Canada,2 and 3 wheelers,BEV,2037,4344.210734974763,0.09808569078889517,Canada Net-zero,Vehicle motor,PM,Dysprosium,83.0,0.03536670760242029,Variability in data,
Canada,2 and 3 wheelers,BEV,2037,4344.210734974763,0.09808569078889517,Canada Net-zero,Vehicle motor,PM,Neodymium,695.0,0.2961429130564109,Small variability in data,
Canada,2 and 3 wheelers,BEV,2037,4344.210734974763,0.09808569078889517,Canada Net-zero,Vehicle motor,PM,Praesodymium,1.0,0.00042610491087253366,No comparison,
Canada,Buses,BEV,2037,5366.377966733531,5.6752374182090595,Canada Net-zero,Vehicle motor,PM,Copper,13884.5,422.85895984504276,No comparison,
Canada,Buses,BEV,2037,5366.377966733531,5.6752374182090595,Canada Net-zero,Vehicle motor,PM,Dysprosium,83.0,2.52780393007588,Variability in data,
Canada,Buses,BEV,2037,5366.377966733531,5.6752374182090595,Canada Net-zero,Vehicle motor,PM,Neodymium,695.0,21.166550980755858,Small variability in data,
Canada,Buses,BEV,2037,5366.377966733531,5.6752374182090595,Canada Net-zero,Vehicle motor,PM,Praesodymium,1.0,0.03045546903705879,No comparison,
Canada,Cars,BEV,2037,4855294.350854147,1.0,Canada Net-zero,Vehicle motor,PM,Copper,13884.5,67413.33441443442,No comparison,
Canada,Cars,BEV,2037,4855294.350854147,1.0,Canada Net-zero,Vehicle motor,PM,Dysprosium,83.0,402.9894311208942,Variability in data,
Canada,Cars,BEV,2037,4855294.350854147,1.0,Canada Net-zero,Vehicle motor,PM,Neodymium,695.0,3374.429573843632,Small variability in data,
Canada,Cars,BEV,2037,4855294.350854147,1.0,Canada Net-zero,Vehicle motor,PM,Praesodymium,1.0,4.855294350854147,No comparison,
Canada,Trucks,BEV,2037,51108.36158793839,3.6892781241792854,Canada Net-zero,Vehicle motor,PM,Copper,13884.5,2617.963578243741,No comparison,
Canada,Trucks,BEV,2037,51108.36158793839,3.6892781241792854,Canada Net-zero,Vehicle motor,PM,Dysprosium,83.0,15.649895710629156,Variability in data,
Canada,Trucks,BEV,2037,51108.36158793839,3.6892781241792854,Canada Net-zero,Vehicle motor,PM,Neodymium,695.0,131.04430745647306,Small variability in data,
Canada,Trucks,BEV,2037,51108.36158793839,3.6892781241792854,Canada Net-zero,Vehicle motor,PM,Praesodymium,1.0,0.18855296036902597,No comparison,
Canada,Vans,BEV,2037,281095.9887336611,1.9577507575642077,Canada Net-zero,Vehicle motor,PM,Copper,13884.5,7640.860903777213,No comparison,
Canada,Vans,BEV,2037,281095.9887336611,1.9577507575642077,Canada Net-zero,Vehicle motor,PM,Dysprosium,83.0,45.676218446001556,Variability in data,
Canada,Vans,BEV,2037,281095.9887336611,1.9577507575642077,Canada Net-zero,Vehicle motor,PM,Neodymium,695.0,382.46953999965166,Small variability in data,
Canada,Vans,BEV,2037,281095.9887336611,1.9577507575642077,Canada Net-zero,Vehicle motor,PM,Praesodymium,1.0,0.5503158848915851,No comparison,
Canada,Buses,FCEV,2037,332.2043503215995,5.6752374182090595,Canada Net-zero,Vehicle motor,PM,Copper,13884.5,26.176983228502642,No comparison,
Canada,Buses,FCEV,2037,332.2043503215995,5.6752374182090595,Canada Net-zero,Vehicle motor,PM,Dysprosium,83.0,0.1564831004332687,Variability in data,
Canada,Buses,FCEV,2037,332.2043503215995,5.6752374182090595,Canada Net-zero,Vehicle motor,PM,Neodymium,695.0,1.3103102988086957,Small variability in data,
Canada,Buses,FCEV,2037,332.2043503215995,5.6752374182090595,Canada Net-zero,Vehicle motor,PM,Praesodymium,1.0,0.0018853385594369725,No comparison,
Canada,Cars,FCEV,2037,511.0836158793839,1.0,Canada Net-zero,Vehicle motor,PM,Copper,13884.5,7.096140464677306,No comparison,
Canada,Cars,FCEV,2037,511.0836158793839,1.0,Canada Net-zero,Vehicle motor,PM,Dysprosium,83.0,0.042419940117988865,Variability in data,
Canada,Cars,FCEV,2037,511.0836158793839,1.0,Canada Net-zero,Vehicle motor,PM,Neodymium,695.0,0.3552031130361718,Small variability in data,
Canada,Cars,FCEV,2037,511.0836158793839,1.0,Canada Net-zero,Vehicle motor,PM,Praesodymium,1.0,0.0005110836158793839,No comparison,
Canada,Trucks,FCEV,2037,153.32508476381517,3.6892781241792854,Canada Net-zero,Vehicle motor,PM,Copper,13884.5,7.853890734731223,No comparison,
Canada,Trucks,FCEV,2037,153.32508476381517,3.6892781241792854,Canada Net-zero,Vehicle motor,PM,Dysprosium,83.0,0.04694968713188747,Variability in data,
Canada,Trucks,FCEV,2037,153.32508476381517,3.6892781241792854,Canada Net-zero,Vehicle motor,PM,Neodymium,695.0,0.3931329223694192,Small variability in data,
Canada,Trucks,FCEV,2037,153.32508476381517,3.6892781241792854,Canada Net-zero,Vehicle motor,PM,Praesodymium,1.0,0.000565658881107078,No comparison,
Canada,Cars,PHEV,2037,1584359.20922609,1.0,Canada Net-zero,Vehicle motor,PM,Copper,13884.5,21998.035440499647,No comparison,
Canada,Cars,PHEV,2037,1584359.20922609,1.0,Canada Net-zero,Vehicle motor,PM,Dysprosium,83.0,131.50181436576545,Variability in data,
Canada,Cars,PHEV,2037,1584359.20922609,1.0,Canada Net-zero,Vehicle motor,PM,Neodymium,695.0,1101.1296504121326,Small variability in data,
Canada,Cars,PHEV,2037,1584359.20922609,1.0,Canada Net-zero,Vehicle motor,PM,Praesodymium,1.0,1.58435920922609,No comparison,
Canada,Vans,PHEV,2037,163546.75708140284,1.9577507575642077,Canada Net-zero,Vehicle motor,PM,Copper,13884.5,4445.591798561288,No comparison,
Canada,Vans,PHEV,2037,163546.75708140284,1.9577507575642077,Canada Net-zero,Vehicle motor,PM,Dysprosium,83.0,26.575254368582726,Variability in data,
Canada,Vans,PHEV,2037,163546.75708140284,1.9577507575642077,Canada Net-zero,Vehicle motor,PM,Neodymium,695.0,222.5277323634337,Small variability in data,
Canada,Vans,PHEV,2037,163546.75708140284,1.9577507575642077,Canada Net-zero,Vehicle motor,PM,Praesodymium,1.0,0.32018378757328586,No comparison,
Canada,2 and 3 wheelers,BEV,2038,4746.018674666714,0.09808569078889517,Canada Net-zero,Vehicle motor,PM,Copper,13884.5,6.463464124740246,No comparison,
Canada,2 and 3 wheelers,BEV,2038,4746.018674666714,0.09808569078889517,Canada Net-zero,Vehicle motor,PM,Dysprosium,83.0,0.03863787117673956,Variability in data,
Canada,2 and 3 wheelers,BEV,2038,4746.018674666714,0.09808569078889517,Canada Net-zero,Vehicle motor,PM,Neodymium,695.0,0.3235339815401686,Small variability in data,
Canada,2 and 3 wheelers,BEV,2038,4746.018674666714,0.09808569078889517,Canada Net-zero,Vehicle motor,PM,Praesodymium,1.0,0.00046551652020168145,No comparison,
Canada,Buses,BEV,2038,5862.728951058883,5.6752374182090595,Canada Net-zero,Vehicle motor,PM,Copper,13884.5,461.9703422804543,No comparison,
Canada,Buses,BEV,2038,5862.728951058883,5.6752374182090595,Canada Net-zero,Vehicle motor,PM,Dysprosium,83.0,2.761607433416955,Variability in data,
Canada,Buses,BEV,2038,5862.728951058883,5.6752374182090595,Canada Net-zero,Vehicle motor,PM,Neodymium,695.0,23.12430320752751,Small variability in data,
Canada,Buses,BEV,2038,5862.728951058883,5.6752374182090595,Canada Net-zero,Vehicle motor,PM,Praesodymium,1.0,0.03327237871586692,No comparison,
Canada,Cars,BEV,2038,5304373.812862799,1.0,Canada Net-zero,Vehicle motor,PM,Copper,13884.5,73648.57820469352,No comparison,
Canada,Cars,BEV,2038,5304373.812862799,1.0,Canada Net-zero,Vehicle motor,PM,Dysprosium,83.0,440.2630264676123,Variability in data,
Canada,Cars,BEV,2038,5304373.812862799,1.0,Canada Net-zero,Vehicle motor,PM,Neodymium,695.0,3686.539799939645,Small variability in data,
Canada,Cars,BEV,2038,5304373.812862799,1.0,Canada Net-zero,Vehicle motor,PM,Praesodymium,1.0,5.304373812862798,No comparison,
Canada,Trucks,BEV,2038,55835.5138196084,3.6892781241792854,Canada Net-zero,Vehicle motor,PM,Copper,13884.5,2860.1061941840326,No comparison,
Canada,Trucks,BEV,2038,55835.5138196084,3.6892781241792854,Canada Net-zero,Vehicle motor,PM,Dysprosium,83.0,17.097397394020287,Variability in data,
Canada,Trucks,BEV,2038,55835.5138196084,3.6892781241792854,Canada Net-zero,Vehicle motor,PM,Neodymium,695.0,143.16495408245908,Small variability in data,
Canada,Trucks,BEV,2038,55835.5138196084,3.6892781241792854,Canada Net-zero,Vehicle motor,PM,Praesodymium,1.0,0.20599273968699144,No comparison,
Canada,Vans,BEV,2038,307095.3260078462,1.9577507575642077,Canada Net-zero,Vehicle motor,PM,Copper,13884.5,8347.585039533795,No comparison,
Canada,Vans,BEV,2038,307095.3260078462,1.9577507575642077,Canada Net-zero,Vehicle motor,PM,Dysprosium,83.0,49.90093689231193,Variability in data,
Canada,Vans,BEV,2038,307095.3260078462,1.9577507575642077,Canada Net-zero,Vehicle motor,PM,Neodymium,695.0,417.84519445972035,Small variability in data,
Canada,Vans,BEV,2038,307095.3260078462,1.9577507575642077,Canada Net-zero,Vehicle motor,PM,Praesodymium,1.0,0.6012161071362883,No comparison,
Canada,Buses,FCEV,2038,362.93083982745463,5.6752374182090595,Canada Net-zero,Vehicle motor,PM,Copper,13884.5,28.598164045932883,No comparison,
Canada,Buses,FCEV,2038,362.93083982745463,5.6752374182090595,Canada Net-zero,Vehicle motor,PM,Dysprosium,83.0,0.17095665064009719,Variability in data,
Canada,Buses,FCEV,2038,362.93083982745463,5.6752374182090595,Canada Net-zero,Vehicle motor,PM,Neodymium,695.0,1.4315044842755127,Small variability in data,
Canada,Buses,FCEV,2038,362.93083982745463,5.6752374182090595,Canada Net-zero,Vehicle motor,PM,Praesodymium,1.0,0.002059718682410809,No comparison,
Canada,Cars,FCEV,2038,558.355138196084,1.0,Canada Net-zero,Vehicle motor,PM,Copper,13884.5,7.752481916283529,No comparison,
Canada,Cars,FCEV,2038,558.355138196084,1.0,Canada Net-zero,Vehicle motor,PM,Dysprosium,83.0,0.04634347647027497,Variability in data,
Canada,Cars,FCEV,2038,558.355138196084,1.0,Canada Net-zero,Vehicle motor,PM,Neodymium,695.0,0.3880568210462784,Small variability in data,
Canada,Cars,FCEV,2038,558.355138196084,1.0,Canada Net-zero,Vehicle motor,PM,Praesodymium,1.0,0.000558355138196084,No comparison,
Canada,Trucks,FCEV,2038,167.5065414588252,3.6892781241792854,Canada Net-zero,Vehicle motor,PM,Copper,13884.5,8.580318582552097,No comparison,
Canada,Trucks,FCEV,2038,167.5065414588252,3.6892781241792854,Canada Net-zero,Vehicle motor,PM,Dysprosium,83.0,0.05129219218206087,Variability in data,
Canada,Trucks,FCEV,2038,167.5065414588252,3.6892781241792854,Canada Net-zero,Vehicle motor,PM,Neodymium,695.0,0.42949486224737715,Small variability in data,
Canada,Trucks,FCEV,2038,167.5065414588252,3.6892781241792854,Canada Net-zero,Vehicle motor,PM,Praesodymium,1.0,0.0006179782190609743,No comparison,
Canada,Cars,PHEV,2038,1730900.9284078605,1.0,Canada Net-zero,Vehicle motor,PM,Copper,13884.5,24032.693940478937,No comparison,
Canada,Cars,PHEV,2038,1730900.9284078605,1.0,Canada Net-zero,Vehicle motor,PM,Dysprosium,83.0,143.6647770578524,Variability in data,
Canada,Cars,PHEV,2038,1730900.9284078605,1.0,Canada Net-zero,Vehicle motor,PM,Neodymium,695.0,1202.976145243463,Small variability in data,
Canada,Cars,PHEV,2038,1730900.9284078605,1.0,Canada Net-zero,Vehicle motor,PM,Praesodymium,1.0,1.7309009284078605,No comparison,
Canada,Vans,PHEV,2038,178673.6442227469,1.9577507575642077,Canada Net-zero,Vehicle motor,PM,Copper,13884.5,4856.776750274207,No comparison,
Canada,Vans,PHEV,2038,178673.6442227469,1.9577507575642077,Canada Net-zero,Vehicle motor,PM,Dysprosium,83.0,29.033272373708755,Variability in data,
Canada,Vans,PHEV,2038,178673.6442227469,1.9577507575642077,Canada Net-zero,Vehicle motor,PM,Neodymium,695.0,243.1099313220191,Small variability in data,
Canada,Vans,PHEV,2038,178673.6442227469,1.9577507575642077,Canada Net-zero,Vehicle motor,PM,Praesodymium,1.0,0.34979846233384043,No comparison,
Canada,2 and 3 wheelers,BEV,2039,5131.050834620323,0.09808569078889517,Canada Net-zero,Vehicle motor,PM,Copper,13884.5,6.98782817033814,No comparison,
Canada,2 and 3 wheelers,BEV,2039,5131.050834620323,0.09808569078889517,Canada Net-zero,Vehicle motor,PM,Dysprosium,83.0,0.041772461243693736,Variability in data,
Canada,2 and 3 wheelers,BEV,2039,5131.050834620323,0.09808569078889517,Canada Net-zero,Vehicle motor,PM,Neodymium,695.0,0.34978145258273674,Small variability in data,
Canada,2 and 3 wheelers,BEV,2039,5131.050834620323,0.09808569078889517,Canada Net-zero,Vehicle motor,PM,Praesodymium,1.0,0.0005032826655866716,No comparison,
Canada,Buses,BEV,2039,6338.356913354517,5.6752374182090595,Canada Net-zero,Vehicle motor,PM,Copper,13884.5,499.4487954673757,No comparison,
Canada,Buses,BEV,2039,6338.356913354517,5.6752374182090595,Canada Net-zero,Vehicle motor,PM,Dysprosium,83.0,2.9856494669445914,Variability in data,
Canada,Buses,BEV,2039,6338.356913354517,5.6752374182090595,Canada Net-zero,Vehicle motor,PM,Neodymium,695.0,25.000317825620375,Small variability in data,
Canada,Buses,BEV,2039,6338.356913354517,5.6752374182090595,Canada Net-zero,Vehicle motor,PM,Praesodymium,1.0,0.03597168032463364,No comparison,
Canada,Cars,BEV,2039,5734703.87398742,1.0,Canada Net-zero,Vehicle motor,PM,Copper,13884.5,79623.49593837834,No comparison,
Canada,Cars,BEV,2039,5734703.87398742,1.0,Canada Net-zero,Vehicle motor,PM,Dysprosium,83.0,475.9804215409559,Variability in data,
Canada,Cars,BEV,2039,5734703.87398742,1.0,Canada Net-zero,Vehicle motor,PM,Neodymium,695.0,3985.619192421257,Small variability in data,
Canada,Cars,BEV,2039,5734703.87398742,1.0,Canada Net-zero,Vehicle motor,PM,Praesodymium,1.0,5.734703873987421,No comparison,
Canada,Trucks,BEV,2039,60365.303936709686,3.6892781241792854,Canada Net-zero,Vehicle motor,PM,Copper,13884.5,3092.139176169867,No comparison,
Canada,Trucks,BEV,2039,60365.303936709686,3.6892781241792854,Canada Net-zero,Vehicle motor,PM,Dysprosium,83.0,18.484464807670346,Variability in data,
Canada,Trucks,BEV,2039,60365.303936709686,3.6892781241792854,Canada Net-zero,Vehicle motor,PM,Neodymium,695.0,154.77955471483003,Small variability in data,
Canada,Trucks,BEV,2039,60365.303936709686,3.6892781241792854,Canada Net-zero,Vehicle motor,PM,Praesodymium,1.0,0.22270439527313673,No comparison,
Canada,Vans,BEV,2039,332009.17165190325,1.9577507575642077,Canada Net-zero,Vehicle motor,PM,Copper,13884.5,9024.802918031466,No comparison,
Canada,Vans,BEV,2039,332009.17165190325,1.9577507575642077,Canada Net-zero,Vehicle motor,PM,Dysprosium,83.0,53.94927020754162,Variability in data,
Canada,Vans,BEV,2039,332009.17165190325,1.9577507575642077,Canada Net-zero,Vehicle motor,PM,Neodymium,695.0,451.74388908724615,Small variability in data,
Canada,Vans,BEV,2039,332009.17165190325,1.9577507575642077,Canada Net-zero,Vehicle motor,PM,Praesodymium,1.0,0.6499912073197787,No comparison,
Canada,Buses,FCEV,2039,392.37447558861294,5.6752374182090595,Canada Net-zero,Vehicle motor,PM,Copper,13884.5,30.918258767028014,No comparison,
Canada,Buses,FCEV,2039,392.37447558861294,5.6752374182090595,Canada Net-zero,Vehicle motor,PM,Dysprosium,83.0,0.1848259193822842,Variability in data,
Canada,Buses,FCEV,2039,392.37447558861294,5.6752374182090595,Canada Net-zero,Vehicle motor,PM,Neodymium,695.0,1.547638722538404,Small variability in data,
Canada,Buses,FCEV,2039,392.37447558861294,5.6752374182090595,Canada Net-zero,Vehicle motor,PM,Praesodymium,1.0,0.0022268183058106535,No comparison,
Canada,Cars,FCEV,2039,603.6530393670969,1.0,Canada Net-zero,Vehicle motor,PM,Copper,13884.5,8.381420625092456,No comparison,
Canada,Cars,FCEV,2039,603.6530393670969,1.0,Canada Net-zero,Vehicle motor,PM,Dysprosium,83.0,0.05010320226746904,Variability in data,
Canada,Cars,FCEV,2039,603.6530393670969,1.0,Canada Net-zero,Vehicle motor,PM,Neodymium,695.0,0.4195388623601323,Small variability in data,
Canada,Cars,FCEV,2039,603.6530393670969,1.0,Canada Net-zero,Vehicle motor,PM,Praesodymium,1.0,0.0006036530393670969,No comparison,
Canada,Trucks,FCEV,2039,181.09591181012905,3.6892781241792854,Canada Net-zero,Vehicle motor,PM,Copper,13884.5,9.2764175285096,No comparison,
Canada,Trucks,FCEV,2039,181.09591181012905,3.6892781241792854,Canada Net-zero,Vehicle motor,PM,Dysprosium,83.0,0.05545339442301105,Variability in data,
Canada,Trucks,FCEV,2039,181.09591181012905,3.6892781241792854,Canada Net-zero,Vehicle motor,PM,Neodymium,695.0,0.4643386641444901,Small variability in data,
Canada,Trucks,FCEV,2039,181.09591181012905,3.6892781241792854,Canada Net-zero,Vehicle motor,PM,Praesodymium,1.0,0.0006681131858194102,No comparison,
Canada,Cars,PHEV,2039,1871324.4220380003,1.0,Canada Net-zero,Vehicle motor,PM,Copper,13884.5,25982.403937786614,No comparison,
Canada,Cars,PHEV,2039,1871324.4220380003,1.0,Canada Net-zero,Vehicle motor,PM,Dysprosium,83.0,155.31992702915403,Variability in data,
Canada,Cars,PHEV,2039,1871324.4220380003,1.0,Canada Net-zero,Vehicle motor,PM,Neodymium,695.0,1300.5704733164102,Small variability in data,
Canada,Cars,PHEV,2039,1871324.4220380003,1.0,Canada Net-zero,Vehicle motor,PM,Praesodymium,1.0,1.8713244220380003,No comparison,
Canada,Vans,PHEV,2039,193168.972597471,1.9577507575642077,Canada Net-zero,Vehicle motor,PM,Copper,13884.5,5250.794425036491,No comparison,
Canada,Vans,PHEV,2039,193168.972597471,1.9577507575642077,Canada Net-zero,Vehicle motor,PM,Dysprosium,83.0,31.388666302569675,Variability in data,
Canada,Vans,PHEV,2039,193168.972597471,1.9577507575642077,Canada Net-zero,Vehicle motor,PM,Neodymium,695.0,262.832808196216,Small variability in data,
Canada,Vans,PHEV,2039,193168.972597471,1.9577507575642077,Canada Net-zero,Vehicle motor,PM,Praesodymium,1.0,0.37817670244059853,No comparison,
Canada,2 and 3 wheelers,BEV,2040,5501.300954443518,0.09808569078889517,Canada Net-zero,Vehicle motor,PM,Copper,13884.5,7.492060987505901,No comparison,
Canada,2 and 3 wheelers,BEV,2040,5501.300954443518,0.09808569078889517,Canada Net-zero,Vehicle motor,PM,Dysprosium,83.0,0.04478670906139867,Variability in data,
Canada,2 and 3 wheelers,BEV,2040,5501.300954443518,0.09808569078889517,Canada Net-zero,Vehicle motor,PM,Neodymium,695.0,0.3750212385261696,Small variability in data,
Canada,2 and 3 wheelers,BEV,2040,5501.300954443518,0.09808569078889517,Canada Net-zero,Vehicle motor,PM,Praesodymium,1.0,0.0005395989043542009,No comparison,
Canada,Buses,BEV,2040,6795.724708430228,5.6752374182090595,Canada Net-zero,Vehicle motor,PM,Copper,13884.5,535.4883870301105,No comparison,
Canada,Buses,BEV,2040,6795.724708430228,5.6752374182090595,Canada Net-zero,Vehicle motor,PM,Dysprosium,83.0,3.2010901453778793,Variability in data,
Canada,Buses,BEV,2040,6795.724708430228,5.6752374182090595,Canada Net-zero,Vehicle motor,PM,Neodymium,695.0,26.8043090486461,Small variability in data,
Canada,Buses,BEV,2040,6795.724708430228,5.6752374182090595,Canada Net-zero,Vehicle motor,PM,Praesodymium,1.0,0.038567351149131075,No comparison,
Canada,Cars,BEV,2040,6148512.8314368725,1.0,Canada Net-zero,Vehicle motor,PM,Copper,13884.5,85369.02640808525,No comparison,
Canada,Cars,BEV,2040,6148512.8314368725,1.0,Canada Net-zero,Vehicle motor,PM,Dysprosium,83.0,510.32656500926043,Variability in data,
Canada,Cars,BEV,2040,6148512.8314368725,1.0,Canada Net-zero,Vehicle motor,PM,Neodymium,695.0,4273.216417848626,Small variability in data,
Canada,Cars,BEV,2040,6148512.8314368725,1.0,Canada Net-zero,Vehicle motor,PM,Praesodymium,1.0,6.148512831436872,No comparison,
Canada,Trucks,BEV,2040,64721.1876993355,3.6892781241792854,Canada Net-zero,Vehicle motor,PM,Copper,13884.5,3315.264016945607,No comparison,
Canada,Trucks,BEV,2040,64721.1876993355,3.6892781241792854,Canada Net-zero,Vehicle motor,PM,Dysprosium,83.0,19.818280341854976,Variability in data,
Canada,Trucks,BEV,2040,64721.1876993355,3.6892781241792854,Canada Net-zero,Vehicle motor,PM,Neodymium,695.0,165.94825105529165,Small variability in data,
Canada,Trucks,BEV,2040,64721.1876993355,3.6892781241792854,Canada Net-zero,Vehicle motor,PM,Praesodymium,1.0,0.2387744619500599,No comparison,
Canada,Vans,BEV,2040,355966.53234634525,1.9577507575642077,Canada Net-zero,Vehicle motor,PM,Copper,13884.5,9676.021249223291,No comparison,
Canada,Vans,BEV,2040,355966.53234634525,1.9577507575642077,Canada Net-zero,Vehicle motor,PM,Dysprosium,83.0,57.84218111459061,Variability in data,
Canada,Vans,BEV,2040,355966.53234634525,1.9577507575642077,Canada Net-zero,Vehicle motor,PM,Neodymium,695.0,484.3411551161503,Small variability in data,
Canada,Vans,BEV,2040,355966.53234634525,1.9577507575642077,Canada Net-zero,Vehicle motor,PM,Praesodymium,1.0,0.6968937483685615,No comparison,
Canada,Buses,FCEV,2040,420.68772004568075,5.6752374182090595,Canada Net-zero,Vehicle motor,PM,Copper,13884.5,33.14928110186398,No comparison,
Canada,Buses,FCEV,2040,420.68772004568075,5.6752374182090595,Canada Net-zero,Vehicle motor,PM,Dysprosium,83.0,0.1981627232852973,Variability in data,
Canada,Buses,FCEV,2040,420.68772004568075,5.6752374182090595,Canada Net-zero,Vehicle motor,PM,Neodymium,695.0,1.6593143696780919,Small variability in data,
Canada,Buses,FCEV,2040,420.68772004568075,5.6752374182090595,Canada Net-zero,Vehicle motor,PM,Praesodymium,1.0,0.002387502690184305,No comparison,
Canada,Cars,FCEV,2040,647.211876993355,1.0,Canada Net-zero,Vehicle motor,PM,Copper,13884.5,8.986213306114237,No comparison,
Canada,Cars,FCEV,2040,647.211876993355,1.0,Canada Net-zero,Vehicle motor,PM,Dysprosium,83.0,0.053718585790448456,Variability in data,
Canada,Cars,FCEV,2040,647.211876993355,1.0,Canada Net-zero,Vehicle motor,PM,Neodymium,695.0,0.4498122545103817,Small variability in data,
Canada,Cars,FCEV,2040,647.211876993355,1.0,Canada Net-zero,Vehicle motor,PM,Praesodymium,1.0,0.000647211876993355,No comparison,
Canada,Trucks,FCEV,2040,194.1635630980065,3.6892781241792854,Canada Net-zero,Vehicle motor,PM,Copper,13884.5,9.94579205083682,No comparison,
Canada,Trucks,FCEV,2040,194.1635630980065,3.6892781241792854,Canada Net-zero,Vehicle motor,PM,Dysprosium,83.0,0.05945484102556492,Variability in data,
Canada,Trucks,FCEV,2040,194.1635630980065,3.6892781241792854,Canada Net-zero,Vehicle motor,PM,Neodymium,695.0,0.4978447531658749,Small variability in data,
Canada,Trucks,FCEV,2040,194.1635630980065,3.6892781241792854,Canada Net-zero,Vehicle motor,PM,Praesodymium,1.0,0.0007163233858501798,No comparison,
Canada,Cars,PHEV,2040,2006356.8186794005,1.0,Canada Net-zero,Vehicle motor,PM,Copper,13884.5,27857.261248954135,No comparison,
Canada,Cars,PHEV,2040,2006356.8186794005,1.0,Canada Net-zero,Vehicle motor,PM,Dysprosium,83.0,166.52761595039024,Variability in data,
Canada,Cars,PHEV,2040,2006356.8186794005,1.0,Canada Net-zero,Vehicle motor,PM,Neodymium,695.0,1394.4179889821835,Small variability in data,
Canada,Cars,PHEV,2040,2006356.8186794005,1.0,Canada Net-zero,Vehicle motor,PM,Praesodymium,1.0,2.0063568186794005,No comparison,
Canada,Vans,PHEV,2040,207107.80063787362,1.9577507575642077,Canada Net-zero,Vehicle motor,PM,Copper,13884.5,5629.685090457188,No comparison,
Canada,Vans,PHEV,2040,207107.80063787362,1.9577507575642077,Canada Net-zero,Vehicle motor,PM,Dysprosium,83.0,33.65363264848908,Variability in data,
Canada,Vans,PHEV,2040,207107.80063787362,1.9577507575642077,Canada Net-zero,Vehicle motor,PM,Neodymium,695.0,281.7984902493965,Small variability in data,
Canada,Vans,PHEV,2040,207107.80063787362,1.9577507575642077,Canada Net-zero,Vehicle motor,PM,Praesodymium,1.0,0.405465453596254,No comparison,
Canada,2 and 3 wheelers,BEV,2041,5854.1003201202375,0.09808569078889517,Canada Net-zero,Vehicle motor,PM,Copper,13884.5,7.972528132621533,No comparison,
Canada,2 and 3 wheelers,BEV,2041,5854.1003201202375,0.09808569078889517,Canada Net-zero,Vehicle motor,PM,Dysprosium,83.0,0.047658888329258325,Variability in data,
Canada,2 and 3 wheelers,BEV,2041,5854.1003201202375,0.09808569078889517,Canada Net-zero,Vehicle motor,PM,Neodymium,695.0,0.39907141432330767,Small variability in data,
Canada,2 and 3 wheelers,BEV,2041,5854.1003201202375,0.09808569078889517,Canada Net-zero,Vehicle motor,PM,Praesodymium,1.0,0.0005742034738464858,No comparison,
Canada,Buses,BEV,2041,7231.535689560294,5.6752374182090595,Canada Net-zero,Vehicle motor,PM,Copper,13884.5,569.829348347429,No comparison,
Canada,Buses,BEV,2041,7231.535689560294,5.6752374182090595,Canada Net-zero,Vehicle motor,PM,Dysprosium,83.0,3.406376600730067,Variability in data,
Canada,Buses,BEV,2041,7231.535689560294,5.6752374182090595,Canada Net-zero,Vehicle motor,PM,Neodymium,695.0,28.523273945872248,Small variability in data,
Canada,Buses,BEV,2041,7231.535689560294,5.6752374182090595,Canada Net-zero,Vehicle motor,PM,Praesodymium,1.0,0.04104068193650683,No comparison,
Canada,Cars,BEV,2041,6542818.004840266,1.0,Canada Net-zero,Vehicle motor,PM,Copper,13884.5,90843.75658820466,No comparison,
Canada,Cars,BEV,2041,6542818.004840266,1.0,Canada Net-zero,Vehicle motor,PM,Dysprosium,83.0,543.0538944017421,Variability in data,
Canada,Cars,BEV,2041,6542818.004840266,1.0,Canada Net-zero,Vehicle motor,PM,Neodymium,695.0,4547.258513363985,Small variability in data,
Canada,Cars,BEV,2041,6542818.004840266,1.0,Canada Net-zero,Vehicle motor,PM,Praesodymium,1.0,6.5428180048402655,No comparison,
Canada,Trucks,BEV,2041,68871.7684720028,3.6892781241792854,Canada Net-zero,Vehicle motor,PM,Copper,13884.5,3527.8724620961193,No comparison,
Canada,Trucks,BEV,2041,68871.7684720028,3.6892781241792854,Canada Net-zero,Vehicle motor,PM,Dysprosium,83.0,21.089230030175948,Variability in data,
Canada,Trucks,BEV,2041,68871.7684720028,3.6892781241792854,Canada Net-zero,Vehicle motor,PM,Neodymium,695.0,176.59054061412388,Small variability in data,
Canada,Trucks,BEV,2041,68871.7684720028,3.6892781241792854,Canada Net-zero,Vehicle motor,PM,Praesodymium,1.0,0.25408710879730056,No comparison,
Canada,Vans,BEV,2041,378794.7265960154,1.9577507575642077,Canada Net-zero,Vehicle motor,PM,Copper,13884.5,10296.5461372942,No comparison,
Canada,Vans,BEV,2041,378794.7265960154,1.9577507575642077,Canada Net-zero,Vehicle motor,PM,Dysprosium,83.0,61.55161002523811,Variability in data,
Canada,Vans,BEV,2041,378794.7265960154,1.9577507575642077,Canada Net-zero,Vehicle motor,PM,Neodymium,695.0,515.4020357534998,Small variability in data,
Canada,Vans,BEV,2041,378794.7265960154,1.9577507575642077,Canada Net-zero,Vehicle motor,PM,Praesodymium,1.0,0.7415856629546761,No comparison,
Canada,Buses,FCEV,2041,447.6664950680182,5.6752374182090595,Canada Net-zero,Vehicle motor,PM,Copper,13884.5,35.27515013579323,No comparison,
Canada,Buses,FCEV,2041,447.6664950680182,5.6752374182090595,Canada Net-zero,Vehicle motor,PM,Dysprosium,83.0,0.210870932426147,Variability in data,
Canada,Buses,FCEV,2041,447.6664950680182,5.6752374182090595,Canada Net-zero,Vehicle motor,PM,Neodymium,695.0,1.7657264823635201,Small variability in data,
Canada,Buses,FCEV,2041,447.6664950680182,5.6752374182090595,Canada Net-zero,Vehicle motor,PM,Praesodymium,1.0,0.002540613643688518,No comparison,
Canada,Cars,FCEV,2041,688.717684720028,1.0,Canada Net-zero,Vehicle motor,PM,Copper,13884.5,9.56250069349523,No comparison,
Canada,Cars,FCEV,2041,688.717684720028,1.0,Canada Net-zero,Vehicle motor,PM,Dysprosium,83.0,0.057163567831762324,Variability in data,
Canada,Cars,FCEV,2041,688.717684720028,1.0,Canada Net-zero,Vehicle motor,PM,Neodymium,695.0,0.4786587908804195,Small variability in data,
Canada,Cars,FCEV,2041,688.717684720028,1.0,Canada Net-zero,Vehicle motor,PM,Praesodymium,1.0,0.000688717684720028,No comparison,
Canada,Trucks,FCEV,2041,206.6153054160084,3.6892781241792854,Canada Net-zero,Vehicle motor,PM,Copper,13884.5,10.583617386288358,No comparison,
Canada,Trucks,FCEV,2041,206.6153054160084,3.6892781241792854,Canada Net-zero,Vehicle motor,PM,Dysprosium,83.0,0.06326769009052784,Variability in data,
Canada,Trucks,FCEV,2041,206.6153054160084,3.6892781241792854,Canada Net-zero,Vehicle motor,PM,Neodymium,695.0,0.5297716218423716,Small variability in data,
Canada,Trucks,FCEV,2041,206.6153054160084,3.6892781241792854,Canada Net-zero,Vehicle motor,PM,Praesodymium,1.0,0.0007622613263919015,No comparison,
Canada,Cars,PHEV,2041,2135024.822632087,1.0,Canada Net-zero,Vehicle motor,PM,Copper,13884.5,29643.752149835214,No comparison,
Canada,Cars,PHEV,2041,2135024.822632087,1.0,Canada Net-zero,Vehicle motor,PM,Dysprosium,83.0,177.20706027846322,Variability in data,
Canada,Cars,PHEV,2041,2135024.822632087,1.0,Canada Net-zero,Vehicle motor,PM,Neodymium,695.0,1483.8422517293004,Small variability in data,
Canada,Cars,PHEV,2041,2135024.822632087,1.0,Canada Net-zero,Vehicle motor,PM,Praesodymium,1.0,2.135024822632087,No comparison,
Canada,Vans,PHEV,2041,220389.65911040895,1.9577507575642077,Canada Net-zero,Vehicle motor,PM,Copper,13884.5,5990.717752607535,No comparison,
Canada,Vans,PHEV,2041,220389.65911040895,1.9577507575642077,Canada Net-zero,Vehicle motor,PM,Dysprosium,83.0,35.811845832865814,Variability in data,
Canada,Vans,PHEV,2041,220389.65911040895,1.9577507575642077,Canada Net-zero,Vehicle motor,PM,Neodymium,695.0,299.8702753474908,Small variability in data,
Canada,Vans,PHEV,2041,220389.65911040895,1.9577507575642077,Canada Net-zero,Vehicle motor,PM,Praesodymium,1.0,0.4314680220827206,No comparison,
Canada,2 and 3 wheelers,BEV,2042,6178.169515795952,0.09808569078889517,Canada Net-zero,Vehicle motor,PM,Copper,13884.5,8.413868498887686,No comparison,
Canada,2 and 3 wheelers,BEV,2042,6178.169515795952,0.09808569078889517,Canada Net-zero,Vehicle motor,PM,Dysprosium,83.0,0.05029717205572242,Variability in data,
Canada,2 and 3 wheelers,BEV,2042,6178.169515795952,0.09808569078889517,Canada Net-zero,Vehicle motor,PM,Neodymium,695.0,0.4211630672135793,Small variability in data,
Canada,2 and 3 wheelers,BEV,2042,6178.169515795952,0.09808569078889517,Canada Net-zero,Vehicle motor,PM,Praesodymium,1.0,0.00060599002476774,No comparison,
Canada,Buses,BEV,2042,7631.856460689117,5.6752374182090595,Canada Net-zero,Vehicle motor,PM,Copper,13884.5,601.3737579908181,No comparison,
Canada,Buses,BEV,2042,7631.856460689117,5.6752374182090595,Canada Net-zero,Vehicle motor,PM,Dysprosium,83.0,3.594945580556585,Variability in data,
Canada,Buses,BEV,2042,7631.856460689117,5.6752374182090595,Canada Net-zero,Vehicle motor,PM,Neodymium,695.0,30.102255162491886,Small variability in data,
Canada,Buses,BEV,2042,7631.856460689117,5.6752374182090595,Canada Net-zero,Vehicle motor,PM,Praesodymium,1.0,0.04331259735610343,No comparison,
Canada,Cars,BEV,2042,6905012.988242534,1.0,Canada Net-zero,Vehicle motor,PM,Copper,13884.5,95872.65283525347,No comparison,
Canada,Cars,BEV,2042,6905012.988242534,1.0,Canada Net-zero,Vehicle motor,PM,Dysprosium,83.0,573.1160780241304,Variability in data,
Canada,Cars,BEV,2042,6905012.988242534,1.0,Canada Net-zero,Vehicle motor,PM,Neodymium,695.0,4798.984026828561,Small variability in data,
Canada,Cars,BEV,2042,6905012.988242534,1.0,Canada Net-zero,Vehicle motor,PM,Praesodymium,1.0,6.905012988242534,No comparison,
Canada,Trucks,BEV,2042,72684.34724465826,3.6892781241792854,Canada Net-zero,Vehicle motor,PM,Copper,13884.5,3723.1671664435344,No comparison,
Canada,Trucks,BEV,2042,72684.34724465826,3.6892781241792854,Canada Net-zero,Vehicle motor,PM,Dysprosium,83.0,22.256680097577398,Variability in data,
Canada,Trucks,BEV,2042,72684.34724465826,3.6892781241792854,Canada Net-zero,Vehicle motor,PM,Neodymium,695.0,186.36617672067817,Small variability in data,
Canada,Trucks,BEV,2042,72684.34724465826,3.6892781241792854,Canada Net-zero,Vehicle motor,PM,Praesodymium,1.0,0.26815277225996864,No comparison,
Canada,Vans,BEV,2042,399763.9098456204,1.9577507575642077,Canada Net-zero,Vehicle motor,PM,Copper,13884.5,10866.53866261571,No comparison,
Canada,Vans,BEV,2042,399763.9098456204,1.9577507575642077,Canada Net-zero,Vehicle motor,PM,Dysprosium,83.0,64.95896207980871,Variability in data,
Canada,Vans,BEV,2042,399763.9098456204,1.9577507575642077,Canada Net-zero,Vehicle motor,PM,Neodymium,695.0,543.9334776562296,Small variability in data,
Canada,Vans,BEV,2042,399763.9098456204,1.9577507575642077,Canada Net-zero,Vehicle motor,PM,Praesodymium,1.0,0.7826380973470929,No comparison,
Canada,Buses,FCEV,2042,472.4482570902787,5.6752374182090595,Canada Net-zero,Vehicle motor,PM,Copper,13884.5,37.22789930419351,No comparison,
Canada,Buses,FCEV,2042,472.4482570902787,5.6752374182090595,Canada Net-zero,Vehicle motor,PM,Dysprosium,83.0,0.22254425022493146,Variability in data,
Canada,Buses,FCEV,2042,472.4482570902787,5.6752374182090595,Canada Net-zero,Vehicle motor,PM,Neodymium,695.0,1.86347293863045,Small variability in data,
Canada,Buses,FCEV,2042,472.4482570902787,5.6752374182090595,Canada Net-zero,Vehicle motor,PM,Praesodymium,1.0,0.002681256026806403,No comparison,
Canada,Cars,FCEV,2042,726.8434724465826,1.0,Canada Net-zero,Vehicle motor,PM,Copper,13884.5,10.091858193184576,No comparison,
Canada,Cars,FCEV,2042,726.8434724465826,1.0,Canada Net-zero,Vehicle motor,PM,Dysprosium,83.0,0.06032800821306636,Variability in data,
Canada,Cars,FCEV,2042,726.8434724465826,1.0,Canada Net-zero,Vehicle motor,PM,Neodymium,695.0,0.5051562133503749,Small variability in data,
Canada,Cars,FCEV,2042,726.8434724465826,1.0,Canada Net-zero,Vehicle motor,PM,Praesodymium,1.0,0.0007268434724465826,No comparison,
Canada,Trucks,FCEV,2042,218.05304173397477,3.6892781241792854,Canada Net-zero,Vehicle motor,PM,Copper,13884.5,11.169501499330602,No comparison,
Canada,Trucks,FCEV,2042,218.05304173397477,3.6892781241792854,Canada Net-zero,Vehicle motor,PM,Dysprosium,83.0,0.06677004029273219,Variability in data,
Canada,Trucks,FCEV,2042,218.05304173397477,3.6892781241792854,Canada Net-zero,Vehicle motor,PM,Neodymium,695.0,0.5590985301620346,Small variability in data,
Canada,Trucks,FCEV,2042,218.05304173397477,3.6892781241792854,Canada Net-zero,Vehicle motor,PM,Praesodymium,1.0,0.0008044583167799059,No comparison,
Canada,Cars,PHEV,2042,2253214.764584406,1.0,Canada Net-zero,Vehicle motor,PM,Copper,13884.5,31284.760398872182,No comparison,
Canada,Cars,PHEV,2042,2253214.764584406,1.0,Canada Net-zero,Vehicle motor,PM,Dysprosium,83.0,187.0168254605057,Variability in data,
Canada,Cars,PHEV,2042,2253214.764584406,1.0,Canada Net-zero,Vehicle motor,PM,Neodymium,695.0,1565.984261386162,Small variability in data,
Canada,Cars,PHEV,2042,2253214.764584406,1.0,Canada Net-zero,Vehicle motor,PM,Praesodymium,1.0,2.253214764584406,No comparison,
Canada,Vans,PHEV,2042,232589.91118290642,1.9577507575642077,Canada Net-zero,Vehicle motor,PM,Copper,13884.5,6322.349767340051,No comparison,
Canada,Vans,PHEV,2042,232589.91118290642,1.9577507575642077,Canada Net-zero,Vehicle motor,PM,Dysprosium,83.0,37.794305210070526,Variability in data,
Canada,Vans,PHEV,2042,232589.91118290642,1.9577507575642077,Canada Net-zero,Vehicle motor,PM,Neodymium,695.0,316.47038699998814,Small variability in data,
Canada,Vans,PHEV,2042,232589.91118290642,1.9577507575642077,Canada Net-zero,Vehicle motor,PM,Praesodymium,1.0,0.4553530748201268,No comparison,
Canada,2 and 3 wheelers,BEV,2043,6483.621086515305,0.09808569078889517,Canada Net-zero,Vehicle motor,PM,Copper,13884.5,8.829854065848975,No comparison,
Canada,2 and 3 wheelers,BEV,2043,6483.621086515305,0.09808569078889517,Canada Net-zero,Vehicle motor,PM,Dysprosium,83.0,0.05278388760599696,Variability in data,
Canada,2 and 3 wheelers,BEV,2043,6483.621086515305,0.09808569078889517,Canada Net-zero,Vehicle motor,PM,Neodymium,695.0,0.44198556489358903,Small variability in data,
Canada,2 and 3 wheelers,BEV,2043,6483.621086515305,0.09808569078889517,Canada Net-zero,Vehicle motor,PM,Praesodymium,1.0,0.0006359504530843008,No comparison,
Canada,Buses,BEV,2043,8009.178989224789,5.6752374182090595,Canada Net-zero,Vehicle motor,PM,Copper,13884.5,631.1059559335982,No comparison,
Canada,Buses,BEV,2043,8009.178989224789,5.6752374182090595,Canada Net-zero,Vehicle motor,PM,Dysprosium,83.0,3.7726813599689337,Variability in data,
Canada,Buses,BEV,2043,8009.178989224789,5.6752374182090595,Canada Net-zero,Vehicle motor,PM,Neodymium,695.0,31.590524640703723,Small variability in data,
Canada,Buses,BEV,2043,8009.178989224789,5.6752374182090595,Canada Net-zero,Vehicle motor,PM,Praesodymium,1.0,0.04545399228878234,No comparison,
Canada,Cars,BEV,2043,7246400.037870048,1.0,Canada Net-zero,Vehicle motor,PM,Copper,13884.5,100612.64132580668,No comparison,
Canada,Cars,BEV,2043,7246400.037870048,1.0,Canada Net-zero,Vehicle motor,PM,Dysprosium,83.0,601.451203143214,Variability in data,
Canada,Cars,BEV,2043,7246400.037870048,1.0,Canada Net-zero,Vehicle motor,PM,Neodymium,695.0,5036.248026319683,Small variability in data,
Canada,Cars,BEV,2043,7246400.037870048,1.0,Canada Net-zero,Vehicle motor,PM,Praesodymium,1.0,7.246400037870048,No comparison,
Canada,Trucks,BEV,2043,76277.89513547419,3.6892781241792854,Canada Net-zero,Vehicle motor,PM,Copper,13884.5,3907.242280623108,No comparison,
Canada,Trucks,BEV,2043,76277.89513547419,3.6892781241792854,Canada Net-zero,Vehicle motor,PM,Dysprosium,83.0,23.357060700184952,Variability in data,
Canada,Trucks,BEV,2043,76277.89513547419,3.6892781241792854,Canada Net-zero,Vehicle motor,PM,Neodymium,695.0,195.58020706781375,Small variability in data,
Canada,Trucks,BEV,2043,76277.89513547419,3.6892781241792854,Canada Net-zero,Vehicle motor,PM,Praesodymium,1.0,0.2814103698817464,No comparison,
Canada,Vans,BEV,2043,419528.423245108,1.9577507575642077,Canada Net-zero,Vehicle motor,PM,Copper,13884.5,11403.785381776175,No comparison,
Canada,Vans,BEV,2043,419528.423245108,1.9577507575642077,Canada Net-zero,Vehicle motor,PM,Dysprosium,83.0,68.1705633395097,Variability in data,
Canada,Vans,BEV,2043,419528.423245108,1.9577507575642077,Canada Net-zero,Vehicle motor,PM,Neodymium,695.0,570.8258014573403,Small variability in data,
Canada,Vans,BEV,2043,419528.423245108,1.9577507575642077,Canada Net-zero,Vehicle motor,PM,Praesodymium,1.0,0.8213320884278277,No comparison,
Canada,Buses,FCEV,2043,495.8063183805822,5.6752374182090595,Canada Net-zero,Vehicle motor,PM,Copper,13884.5,39.06846393874656,No comparison,
Canada,Buses,FCEV,2043,495.8063183805822,5.6752374182090595,Canada Net-zero,Vehicle motor,PM,Dysprosium,83.0,0.23354694133141016,Variability in data,
Canada,Buses,FCEV,2043,495.8063183805822,5.6752374182090595,Canada Net-zero,Vehicle motor,PM,Neodymium,695.0,1.9556039063292778,Small variability in data,
Canada,Buses,FCEV,2043,495.8063183805822,5.6752374182090595,Canada Net-zero,Vehicle motor,PM,Praesodymium,1.0,0.002813818570257954,No comparison,
Canada,Cars,FCEV,2043,762.7789513547418,1.0,Canada Net-zero,Vehicle motor,PM,Copper,13884.5,10.590804350084912,No comparison,
Canada,Cars,FCEV,2043,762.7789513547418,1.0,Canada Net-zero,Vehicle motor,PM,Dysprosium,83.0,0.06331065296244358,Variability in data,
Canada,Cars,FCEV,2043,762.7789513547418,1.0,Canada Net-zero,Vehicle motor,PM,Neodymium,695.0,0.5301313711915456,Small variability in data,
Canada,Cars,FCEV,2043,762.7789513547418,1.0,Canada Net-zero,Vehicle motor,PM,Praesodymium,1.0,0.0007627789513547418,No comparison,
Canada,Trucks,FCEV,2043,228.83368540642255,3.6892781241792854,Canada Net-zero,Vehicle motor,PM,Copper,13884.5,11.721726841869325,No comparison,
Canada,Trucks,FCEV,2043,228.83368540642255,3.6892781241792854,Canada Net-zero,Vehicle motor,PM,Dysprosium,83.0,0.07007118210055485,Variability in data,
Canada,Trucks,FCEV,2043,228.83368540642255,3.6892781241792854,Canada Net-zero,Vehicle motor,PM,Neodymium,695.0,0.5867406212034413,Small variability in data,
Canada,Trucks,FCEV,2043,228.83368540642255,3.6892781241792854,Canada Net-zero,Vehicle motor,PM,Praesodymium,1.0,0.0008442311096452393,No comparison,
Canada,Cars,PHEV,2043,2364614.7491996996,1.0,Canada Net-zero,Vehicle motor,PM,Copper,13884.5,32831.49348526323,No comparison,
Canada,Cars,PHEV,2043,2364614.7491996996,1.0,Canada Net-zero,Vehicle motor,PM,Dysprosium,83.0,196.26302418357506,Variability in data,
Canada,Cars,PHEV,2043,2364614.7491996996,1.0,Canada Net-zero,Vehicle motor,PM,Neodymium,695.0,1643.4072506937912,Small variability in data,
Canada,Cars,PHEV,2043,2364614.7491996996,1.0,Canada Net-zero,Vehicle motor,PM,Praesodymium,1.0,2.3646147491996996,No comparison,
Canada,Vans,PHEV,2043,244089.26443351738,1.9577507575642077,Canada Net-zero,Vehicle motor,PM,Copper,13884.5,6634.929676669774,No comparison,
Canada,Vans,PHEV,2043,244089.26443351738,1.9577507575642077,Canada Net-zero,Vehicle motor,PM,Dysprosium,83.0,39.66287321571474,Variability in data,
Canada,Vans,PHEV,2043,244089.26443351738,1.9577507575642077,Canada Net-zero,Vehicle motor,PM,Neodymium,695.0,332.1168299388162,Small variability in data,
Canada,Vans,PHEV,2043,244089.26443351738,1.9577507575642077,Canada Net-zero,Vehicle motor,PM,Praesodymium,1.0,0.4778659423580089,No comparison,
Canada,2 and 3 wheelers,BEV,2044,6768.6906431399,0.09808569078889517,Canada Net-zero,Vehicle motor,PM,Copper,13884.5,9.218081963504279,No comparison,
Canada,2 and 3 wheelers,BEV,2044,6768.6906431399,0.09808569078889517,Canada Net-zero,Vehicle motor,PM,Dysprosium,83.0,0.05510467088990278,Variability in data,
Canada,2 and 3 wheelers,BEV,2044,6768.6906431399,0.09808569078889517,Canada Net-zero,Vehicle motor,PM,Neodymium,695.0,0.4614186297407522,Small variability in data,
Canada,2 and 3 wheelers,BEV,2044,6768.6906431399,0.09808569078889517,Canada Net-zero,Vehicle motor,PM,Praesodymium,1.0,0.0006639116974687082,No comparison,
Canada,Buses,BEV,2044,8361.323735643407,5.6752374182090595,Canada Net-zero,Vehicle motor,PM,Copper,13884.5,658.8541991823145,No comparison,
Canada,Buses,BEV,2044,8361.323735643407,5.6752374182090595,Canada Net-zero,Vehicle motor,PM,Dysprosium,83.0,3.9385572784134903,Variability in data,
Canada,Buses,BEV,2044,8361.323735643407,5.6752374182090595,Canada Net-zero,Vehicle motor,PM,Neodymium,695.0,32.9794856445467,Small variability in data,
Canada,Buses,BEV,2044,8361.323735643407,5.6752374182090595,Canada Net-zero,Vehicle motor,PM,Praesodymium,1.0,0.04745249733028302,No comparison,
Canada,Cars,BEV,2044,7565007.189391654,1.0,Canada Net-zero,Vehicle motor,PM,Copper,13884.5,105036.34232110842,No comparison,
Canada,Cars,BEV,2044,7565007.189391654,1.0,Canada Net-zero,Vehicle motor,PM,Dysprosium,83.0,627.8955967195074,Variability in data,
Canada,Cars,BEV,2044,7565007.189391654,1.0,Canada Net-zero,Vehicle motor,PM,Neodymium,695.0,5257.679996627199,Small variability in data,
Canada,Cars,BEV,2044,7565007.189391654,1.0,Canada Net-zero,Vehicle motor,PM,Praesodymium,1.0,7.565007189391654,No comparison,
Canada,Trucks,BEV,2044,79631.6546251753,3.6892781241792854,Canada Net-zero,Vehicle motor,PM,Copper,13884.5,4079.034525990233,No comparison,
Canada,Trucks,BEV,2044,79631.6546251753,3.6892781241792854,Canada Net-zero,Vehicle motor,PM,Dysprosium,83.0,24.384015676271336,Variability in data,
Canada,Trucks,BEV,2044,79631.6546251753,3.6892781241792854,Canada Net-zero,Vehicle motor,PM,Neodymium,695.0,204.1794083735973,Small variability in data,
Canada,Trucks,BEV,2044,79631.6546251753,3.6892781241792854,Canada Net-zero,Vehicle motor,PM,Praesodymium,1.0,0.29378332140085944,No comparison,
Canada,Vans,BEV,2044,437974.10043846414,1.9577507575642077,Canada Net-zero,Vehicle motor,PM,Copper,13884.5,11905.18298031662,No comparison,
Canada,Vans,BEV,2044,437974.10043846414,1.9577507575642077,Canada Net-zero,Vehicle motor,PM,Dysprosium,83.0,71.16786253493316,Variability in data,
Canada,Vans,BEV,2044,437974.10043846414,1.9577507575642077,Canada Net-zero,Vehicle motor,PM,Neodymium,695.0,595.9236682141994,Small variability in data,
Canada,Vans,BEV,2044,437974.10043846414,1.9577507575642077,Canada Net-zero,Vehicle motor,PM,Praesodymium,1.0,0.8574441269269056,No comparison,
Canada,Buses,FCEV,2044,517.6057550636394,5.6752374182090595,Canada Net-zero,Vehicle motor,PM,Copper,13884.5,40.786212330333754,No comparison,
Canada,Buses,FCEV,2044,517.6057550636394,5.6752374182090595,Canada Net-zero,Vehicle motor,PM,Dysprosium,83.0,0.24381545056845413,Variability in data,
Canada,Buses,FCEV,2044,517.6057550636394,5.6752374182090595,Canada Net-zero,Vehicle motor,PM,Neodymium,695.0,2.041587206567176,Small variability in data,
Canada,Buses,FCEV,2044,517.6057550636394,5.6752374182090595,Canada Net-zero,Vehicle motor,PM,Praesodymium,1.0,0.0029375355490175196,No comparison,
Canada,Cars,FCEV,2044,796.316546251753,1.0,Canada Net-zero,Vehicle motor,PM,Copper,13884.5,11.056457086432465,No comparison,
Canada,Cars,FCEV,2044,796.316546251753,1.0,Canada Net-zero,Vehicle motor,PM,Dysprosium,83.0,0.0660942733388955,Variability in data,
Canada,Cars,FCEV,2044,796.316546251753,1.0,Canada Net-zero,Vehicle motor,PM,Neodymium,695.0,0.5534399996449683,Small variability in data,
Canada,Cars,FCEV,2044,796.316546251753,1.0,Canada Net-zero,Vehicle motor,PM,Praesodymium,1.0,0.0007963165462517531,No comparison,
Canada,Trucks,FCEV,2044,238.8949638755259,3.6892781241792854,Canada Net-zero,Vehicle motor,PM,Copper,13884.5,12.237103577970696,No comparison,
Canada,Trucks,FCEV,2044,238.8949638755259,3.6892781241792854,Canada Net-zero,Vehicle motor,PM,Dysprosium,83.0,0.07315204702881399,Variability in data,
Canada,Trucks,FCEV,2044,238.8949638755259,3.6892781241792854,Canada Net-zero,Vehicle motor,PM,Neodymium,695.0,0.6125382251207918,Small variability in data,
Canada,Trucks,FCEV,2044,238.8949638755259,3.6892781241792854,Canada Net-zero,Vehicle motor,PM,Praesodymium,1.0,0.0008813499642025783,No comparison,
Canada,Cars,PHEV,2044,2468581.293380434,1.0,Canada Net-zero,Vehicle motor,PM,Copper,13884.5,34275.01696794064,No comparison,
Canada,Cars,PHEV,2044,2468581.293380434,1.0,Canada Net-zero,Vehicle motor,PM,Dysprosium,83.0,204.89224735057604,Variability in data,
Canada,Cars,PHEV,2044,2468581.293380434,1.0,Canada Net-zero,Vehicle motor,PM,Neodymium,695.0,1715.6639988994016,Small variability in data,
Canada,Cars,PHEV,2044,2468581.293380434,1.0,Canada Net-zero,Vehicle motor,PM,Praesodymium,1.0,2.468581293380434,No comparison,
Canada,Vans,PHEV,2044,254821.29480056095,1.9577507575642077,Canada Net-zero,Vehicle motor,PM,Copper,13884.5,6926.651915820578,No comparison,
Canada,Vans,PHEV,2044,254821.29480056095,1.9577507575642077,Canada Net-zero,Vehicle motor,PM,Dysprosium,83.0,41.40675638396111,Variability in data,
Canada,Vans,PHEV,2044,254821.29480056095,1.9577507575642077,Canada Net-zero,Vehicle motor,PM,Neodymium,695.0,346.71922514280686,Small variability in data,
Canada,Vans,PHEV,2044,254821.29480056095,1.9577507575642077,Canada Net-zero,Vehicle motor,PM,Praesodymium,1.0,0.4988765829392905,No comparison,
Canada,2 and 3 wheelers,BEV,2045,7039.410706572229,0.09808569078889517,Canada Net-zero,Vehicle motor,PM,Copper,13884.5,9.586767705762792,No comparison,
Canada,2 and 3 wheelers,BEV,2045,7039.410706572229,0.09808569078889517,Canada Net-zero,Vehicle motor,PM,Dysprosium,83.0,0.05730863333777319,Variability in data,
Canada,2 and 3 wheelers,BEV,2045,7039.410706572229,0.09808569078889517,Canada Net-zero,Vehicle motor,PM,Neodymium,695.0,0.47987349602111284,Small variability in data,
Canada,2 and 3 wheelers,BEV,2045,7039.410706572229,0.09808569078889517,Canada Net-zero,Vehicle motor,PM,Praesodymium,1.0,0.0006904654619008818,No comparison,
Canada,Buses,BEV,2045,8695.7426375304,5.6752374182090595,Canada Net-zero,Vehicle motor,PM,Copper,13884.5,685.2056842773035,No comparison,
Canada,Buses,BEV,2045,8695.7426375304,5.6752374182090595,Canada Net-zero,Vehicle motor,PM,Dysprosium,83.0,4.096083531637163,Variability in data,
Canada,Buses,BEV,2045,8695.7426375304,5.6752374182090595,Canada Net-zero,Vehicle motor,PM,Neodymium,695.0,34.29853077696179,Small variability in data,
Canada,Buses,BEV,2045,8695.7426375304,5.6752374182090595,Canada Net-zero,Vehicle motor,PM,Praesodymium,1.0,0.04935040399562847,No comparison,
Canada,Cars,BEV,2045,7867576.672051314,1.0,Canada Net-zero,Vehicle motor,PM,Copper,13884.5,109237.36830309646,No comparison,
Canada,Cars,BEV,2045,7867576.672051314,1.0,Canada Net-zero,Vehicle motor,PM,Dysprosium,83.0,653.0088637802592,Variability in data,
Canada,Cars,BEV,2045,7867576.672051314,1.0,Canada Net-zero,Vehicle motor,PM,Neodymium,695.0,5467.965787075664,Small variability in data,
Canada,Cars,BEV,2045,7867576.672051314,1.0,Canada Net-zero,Vehicle motor,PM,Praesodymium,1.0,7.867576672051314,No comparison,
Canada,Trucks,BEV,2045,82816.59654790857,3.6892781241792854,Canada Net-zero,Vehicle motor,PM,Copper,13884.5,4242.179297089784,No comparison,
Canada,Trucks,BEV,2045,82816.59654790857,3.6892781241792854,Canada Net-zero,Vehicle motor,PM,Dysprosium,83.0,25.359277010944005,Variability in data,
Canada,Trucks,BEV,2045,82816.59654790857,3.6892781241792854,Canada Net-zero,Vehicle motor,PM,Neodymium,695.0,212.34575328441065,Small variability in data,
Canada,Trucks,BEV,2045,82816.59654790857,3.6892781241792854,Canada Net-zero,Vehicle motor,PM,Praesodymium,1.0,0.30553345796318077,No comparison,
Canada,Vans,BEV,2045,455491.28101349715,1.9577507575642077,Canada Net-zero,Vehicle motor,PM,Copper,13884.5,12381.341821298854,No comparison,
Canada,Vans,BEV,2045,455491.28101349715,1.9577507575642077,Canada Net-zero,Vehicle motor,PM,Dysprosium,83.0,74.01428723884943,Variability in data,
Canada,Vans,BEV,2045,455491.28101349715,1.9577507575642077,Canada Net-zero,Vehicle motor,PM,Neodymium,695.0,619.7581883253055,Small variability in data,
Canada,Vans,BEV,2045,455491.28101349715,1.9577507575642077,Canada Net-zero,Vehicle motor,PM,Praesodymium,1.0,0.8917384004680654,No comparison,
Canada,Buses,FCEV,2045,538.3078775614057,5.6752374182090595,Canada Net-zero,Vehicle motor,PM,Copper,13884.5,42.417494740975926,No comparison,
Canada,Buses,FCEV,2045,538.3078775614057,5.6752374182090595,Canada Net-zero,Vehicle motor,PM,Dysprosium,83.0,0.25356707576801485,Variability in data,
Canada,Buses,FCEV,2045,538.3078775614057,5.6752374182090595,Canada Net-zero,Vehicle motor,PM,Neodymium,695.0,2.123242381430967,Small variability in data,
Canada,Buses,FCEV,2045,538.3078775614057,5.6752374182090595,Canada Net-zero,Vehicle motor,PM,Praesodymium,1.0,0.0030550250092531905,No comparison,
Canada,Cars,FCEV,2045,828.1659654790858,1.0,Canada Net-zero,Vehicle motor,PM,Copper,13884.5,11.498670347694366,No comparison,
Canada,Cars,FCEV,2045,828.1659654790858,1.0,Canada Net-zero,Vehicle motor,PM,Dysprosium,83.0,0.06873777513476412,Variability in data,
Canada,Cars,FCEV,2045,828.1659654790858,1.0,Canada Net-zero,Vehicle motor,PM,Neodymium,695.0,0.5755753460079646,Small variability in data,
Canada,Cars,FCEV,2045,828.1659654790858,1.0,Canada Net-zero,Vehicle motor,PM,Praesodymium,1.0,0.0008281659654790858,No comparison,
Canada,Trucks,FCEV,2045,248.44978964372572,3.6892781241792854,Canada Net-zero,Vehicle motor,PM,Copper,13884.5,12.726537891269352,No comparison,
Canada,Trucks,FCEV,2045,248.44978964372572,3.6892781241792854,Canada Net-zero,Vehicle motor,PM,Dysprosium,83.0,0.07607783103283203,Variability in data,
Canada,Trucks,FCEV,2045,248.44978964372572,3.6892781241792854,Canada Net-zero,Vehicle motor,PM,Neodymium,695.0,0.637037259853232,Small variability in data,
Canada,Trucks,FCEV,2045,248.44978964372572,3.6892781241792854,Canada Net-zero,Vehicle motor,PM,Praesodymium,1.0,0.0009166003738895424,No comparison,
Canada,Cars,PHEV,2045,2567314.4929851657,1.0,Canada Net-zero,Vehicle motor,PM,Copper,13884.5,35645.87807785253,No comparison,
Canada,Cars,PHEV,2045,2567314.4929851657,1.0,Canada Net-zero,Vehicle motor,PM,Dysprosium,83.0,213.08710291776876,Variability in data,
Canada,Cars,PHEV,2045,2567314.4929851657,1.0,Canada Net-zero,Vehicle motor,PM,Neodymium,695.0,1784.2835726246901,Small variability in data,
Canada,Cars,PHEV,2045,2567314.4929851657,1.0,Canada Net-zero,Vehicle motor,PM,Praesodymium,1.0,2.5673144929851657,No comparison,
Canada,Vans,PHEV,2045,265013.10895330744,1.9577507575642077,Canada Net-zero,Vehicle motor,PM,Copper,13884.5,7203.689786937515,No comparison,
Canada,Vans,PHEV,2045,265013.10895330744,1.9577507575642077,Canada Net-zero,Vehicle motor,PM,Dysprosium,83.0,43.06285802987603,Variability in data,
Canada,Vans,PHEV,2045,265013.10895330744,1.9577507575642077,Canada Net-zero,Vehicle motor,PM,Neodymium,695.0,360.5865822983596,Small variability in data,
Canada,Vans,PHEV,2045,265013.10895330744,1.9577507575642077,Canada Net-zero,Vehicle motor,PM,Praesodymium,1.0,0.5188296148177836,No comparison,
Canada,2 and 3 wheelers,BEV,2046,7297.439038100818,0.09808569078889517,Canada Net-zero,Vehicle motor,PM,Copper,13884.5,9.938168949273225,No comparison,
Canada,2 and 3 wheelers,BEV,2046,7297.439038100818,0.09808569078889517,Canada Net-zero,Vehicle motor,PM,Dysprosium,83.0,0.059409270970483465,Variability in data,
Canada,2 and 3 wheelers,BEV,2046,7297.439038100818,0.09808569078889517,Canada Net-zero,Vehicle motor,PM,Neodymium,695.0,0.4974631725841688,Small variability in data,
Canada,2 and 3 wheelers,BEV,2046,7297.439038100818,0.09808569078889517,Canada Net-zero,Vehicle motor,PM,Praesodymium,1.0,0.0007157743490419694,No comparison,
Canada,Buses,BEV,2046,9014.483517653951,5.6752374182090595,Canada Net-zero,Vehicle motor,PM,Copper,13884.5,710.3217752169767,No comparison,
Canada,Buses,BEV,2046,9014.483517653951,5.6752374182090595,Canada Net-zero,Vehicle motor,PM,Dysprosium,83.0,4.246224735713137,Variability in data,
Canada,Buses,BEV,2046,9014.483517653951,5.6752374182090595,Canada Net-zero,Vehicle motor,PM,Neodymium,695.0,35.55573724482687,Small variability in data,
Canada,Buses,BEV,2046,9014.483517653951,5.6752374182090595,Canada Net-zero,Vehicle motor,PM,Praesodymium,1.0,0.05115933416521853,No comparison,
Canada,Cars,BEV,2046,8155961.277877385,1.0,Canada Net-zero,Vehicle motor,PM,Copper,13884.5,113241.44436268855,No comparison,
Canada,Cars,BEV,2046,8155961.277877385,1.0,Canada Net-zero,Vehicle motor,PM,Dysprosium,83.0,676.944786063823,Variability in data,
Canada,Cars,BEV,2046,8155961.277877385,1.0,Canada Net-zero,Vehicle motor,PM,Neodymium,695.0,5668.3930881247825,Small variability in data,
Canada,Cars,BEV,2046,8155961.277877385,1.0,Canada Net-zero,Vehicle motor,PM,Praesodymium,1.0,8.155961277877385,No comparison,
Canada,Trucks,BEV,2046,85852.22397765667,3.6892781241792854,Canada Net-zero,Vehicle motor,PM,Copper,13884.5,4397.675615134026,No comparison,
Canada,Trucks,BEV,2046,85852.22397765667,3.6892781241792854,Canada Net-zero,Vehicle motor,PM,Dysprosium,83.0,26.28881674213145,Variability in data,
Canada,Trucks,BEV,2046,85852.22397765667,3.6892781241792854,Canada Net-zero,Vehicle motor,PM,Neodymium,695.0,220.1292486238718,Small variability in data,
Canada,Trucks,BEV,2046,85852.22397765667,3.6892781241792854,Canada Net-zero,Vehicle motor,PM,Praesodymium,1.0,0.31673273183290906,No comparison,
Canada,Vans,BEV,2046,472187.2318771117,1.9577507575642077,Canada Net-zero,Vehicle motor,PM,Copper,13884.5,12835.177675662653,No comparison,
Canada,Vans,BEV,2046,472187.2318771117,1.9577507575642077,Canada Net-zero,Vehicle motor,PM,Dysprosium,83.0,76.72726760632361,Variability in data,
Canada,Vans,BEV,2046,472187.2318771117,1.9577507575642077,Canada Net-zero,Vehicle motor,PM,Neodymium,695.0,642.4753130890954,Small variability in data,
Canada,Vans,BEV,2046,472187.2318771117,1.9577507575642077,Canada Net-zero,Vehicle motor,PM,Praesodymium,1.0,0.9244249109195616,No comparison,
Canada,Buses,FCEV,2046,558.0394558547684,5.6752374182090595,Canada Net-zero,Vehicle motor,PM,Copper,13884.5,43.97230037057475,No comparison,
Canada,Buses,FCEV,2046,558.0394558547684,5.6752374182090595,Canada Net-zero,Vehicle motor,PM,Dysprosium,83.0,0.26286153125843237,Variability in data,
Canada,Buses,FCEV,2046,558.0394558547684,5.6752374182090595,Canada Net-zero,Vehicle motor,PM,Neodymium,695.0,2.2010694484892834,Small variability in data,
Canada,Buses,FCEV,2046,558.0394558547684,5.6752374182090595,Canada Net-zero,Vehicle motor,PM,Praesodymium,1.0,0.0031670064007040047,No comparison,
Canada,Cars,FCEV,2046,858.5222397765667,1.0,Canada Net-zero,Vehicle motor,PM,Copper,13884.5,11.92015203817774,No comparison,
Canada,Cars,FCEV,2046,858.5222397765667,1.0,Canada Net-zero,Vehicle motor,PM,Dysprosium,83.0,0.07125734590145504,Variability in data,
Canada,Cars,FCEV,2046,858.5222397765667,1.0,Canada Net-zero,Vehicle motor,PM,Neodymium,695.0,0.5966729566447139,Small variability in data,
Canada,Cars,FCEV,2046,858.5222397765667,1.0,Canada Net-zero,Vehicle motor,PM,Praesodymium,1.0,0.0008585222397765667,No comparison,
Canada,Trucks,FCEV,2046,257.55667193297006,3.6892781241792854,Canada Net-zero,Vehicle motor,PM,Copper,13884.5,13.19302684540208,No comparison,
Canada,Trucks,FCEV,2046,257.55667193297006,3.6892781241792854,Canada Net-zero,Vehicle motor,PM,Dysprosium,83.0,0.07886645022639437,Variability in data,
Canada,Trucks,FCEV,2046,257.55667193297006,3.6892781241792854,Canada Net-zero,Vehicle motor,PM,Neodymium,695.0,0.6603877458716155,Small variability in data,
Canada,Trucks,FCEV,2046,257.55667193297006,3.6892781241792854,Canada Net-zero,Vehicle motor,PM,Praesodymium,1.0,0.0009501981954987274,No comparison,
Canada,Cars,PHEV,2046,2661418.943307357,1.0,Canada Net-zero,Vehicle motor,PM,Copper,13884.5,36952.471318350996,No comparison,
Canada,Cars,PHEV,2046,2661418.943307357,1.0,Canada Net-zero,Vehicle motor,PM,Dysprosium,83.0,220.89777229451064,Variability in data,
Canada,Cars,PHEV,2046,2661418.943307357,1.0,Canada Net-zero,Vehicle motor,PM,Neodymium,695.0,1849.6861655986131,Small variability in data,
Canada,Cars,PHEV,2046,2661418.943307357,1.0,Canada Net-zero,Vehicle motor,PM,Praesodymium,1.0,2.661418943307357,No comparison,
Canada,Vans,PHEV,2046,274727.1167285014,1.9577507575642077,Canada Net-zero,Vehicle motor,PM,Copper,13884.5,7467.739738567363,No comparison,
Canada,Vans,PHEV,2046,274727.1167285014,1.9577507575642077,Canada Net-zero,Vehicle motor,PM,Dysprosium,83.0,44.64131933458829,Variability in data,
Canada,Vans,PHEV,2046,274727.1167285014,1.9577507575642077,Canada Net-zero,Vehicle motor,PM,Neodymium,695.0,373.8038185245646,Small variability in data,
Canada,Vans,PHEV,2046,274727.1167285014,1.9577507575642077,Canada Net-zero,Vehicle motor,PM,Praesodymium,1.0,0.5378472208986541,No comparison,
Canada,2 and 3 wheelers,BEV,2047,7536.313587654366,0.09808569078889517,Canada Net-zero,Vehicle motor,PM,Copper,13884.5,10.263485216904908,No comparison,
Canada,2 and 3 wheelers,BEV,2047,7536.313587654366,0.09808569078889517,Canada Net-zero,Vehicle motor,PM,Dysprosium,83.0,0.06135397551248568,Variability in data,
Canada,2 and 3 wheelers,BEV,2047,7536.313587654366,0.09808569078889517,Canada Net-zero,Vehicle motor,PM,Neodymium,695.0,0.5137471443515367,Small variability in data,
Canada,2 and 3 wheelers,BEV,2047,7536.313587654366,0.09808569078889517,Canada Net-zero,Vehicle motor,PM,Praesodymium,1.0,0.0007392045242468154,No comparison,
Canada,Buses,BEV,2047,9309.56384357304,5.6752374182090595,Canada Net-zero,Vehicle motor,PM,Copper,13884.5,733.5734657356811,No comparison,
Canada,Buses,BEV,2047,9309.56384357304,5.6752374182090595,Canada Net-zero,Vehicle motor,PM,Dysprosium,83.0,4.385220760996905,Variability in data,
Canada,Buses,BEV,2047,9309.56384357304,5.6752374182090595,Canada Net-zero,Vehicle motor,PM,Neodymium,695.0,36.719619625215046,Small variability in data,
Canada,Buses,BEV,2047,9309.56384357304,5.6752374182090595,Canada Net-zero,Vehicle motor,PM,Praesodymium,1.0,0.05283398507225187,No comparison,
Canada,Cars,BEV,2047,8422938.715613702,1.0,Canada Net-zero,Vehicle motor,PM,Copper,13884.5,116948.29259693845,No comparison,
Canada,Cars,BEV,2047,8422938.715613702,1.0,Canada Net-zero,Vehicle motor,PM,Dysprosium,83.0,699.1039133959373,Variability in data,
Canada,Cars,BEV,2047,8422938.715613702,1.0,Canada Net-zero,Vehicle motor,PM,Neodymium,695.0,5853.942407351524,Small variability in data,
Canada,Cars,BEV,2047,8422938.715613702,1.0,Canada Net-zero,Vehicle motor,PM,Praesodymium,1.0,8.422938715613702,No comparison,
Canada,Trucks,BEV,2047,88662.51279593371,3.6892781241792854,Canada Net-zero,Vehicle motor,PM,Copper,13884.5,4541.629237242139,No comparison,
Canada,Trucks,BEV,2047,88662.51279593371,3.6892781241792854,Canada Net-zero,Vehicle motor,PM,Dysprosium,83.0,27.149355518102748,Variability in data,
Canada,Trucks,BEV,2047,88662.51279593371,3.6892781241792854,Canada Net-zero,Vehicle motor,PM,Neodymium,695.0,227.33496488049892,Small variability in data,
Canada,Trucks,BEV,2047,88662.51279593371,3.6892781241792854,Canada Net-zero,Vehicle motor,PM,Praesodymium,1.0,0.3271006688928042,No comparison,
Canada,Vans,BEV,2047,487643.8203776354,1.9577507575642077,Canada Net-zero,Vehicle motor,PM,Copper,13884.5,13255.32469843403,No comparison,
Canada,Vans,BEV,2047,487643.8203776354,1.9577507575642077,Canada Net-zero,Vehicle motor,PM,Dysprosium,83.0,79.23885987756307,Variability in data,
Canada,Vans,BEV,2047,487643.8203776354,1.9577507575642077,Canada Net-zero,Vehicle motor,PM,Neodymium,695.0,663.506115842245,Small variability in data,
Canada,Vans,BEV,2047,487643.8203776354,1.9577507575642077,Canada Net-zero,Vehicle motor,PM,Praesodymium,1.0,0.9546850587658201,No comparison,
Canada,Buses,FCEV,2047,576.3063331735691,5.6752374182090595,Canada Net-zero,Vehicle motor,PM,Copper,13884.5,45.41169073601835,No comparison,
Canada,Buses,FCEV,2047,576.3063331735691,5.6752374182090595,Canada Net-zero,Vehicle motor,PM,Dysprosium,83.0,0.27146604710933225,Variability in data,
Canada,Buses,FCEV,2047,576.3063331735691,5.6752374182090595,Canada Net-zero,Vehicle motor,PM,Neodymium,695.0,2.27311931013236,Small variability in data,
Canada,Buses,FCEV,2047,576.3063331735691,5.6752374182090595,Canada Net-zero,Vehicle motor,PM,Praesodymium,1.0,0.0032706752663774962,No comparison,
Canada,Cars,FCEV,2047,886.6251279593371,1.0,Canada Net-zero,Vehicle motor,PM,Copper,13884.5,12.310346589151417,No comparison,
Canada,Cars,FCEV,2047,886.6251279593371,1.0,Canada Net-zero,Vehicle motor,PM,Dysprosium,83.0,0.07358988562062498,Variability in data,
Canada,Cars,FCEV,2047,886.6251279593371,1.0,Canada Net-zero,Vehicle motor,PM,Neodymium,695.0,0.6162044639317392,Small variability in data,
Canada,Cars,FCEV,2047,886.6251279593371,1.0,Canada Net-zero,Vehicle motor,PM,Praesodymium,1.0,0.0008866251279593371,No comparison,
Canada,Trucks,FCEV,2047,265.9875383878011,3.6892781241792854,Canada Net-zero,Vehicle motor,PM,Copper,13884.5,13.62488771172642,No comparison,
Canada,Trucks,FCEV,2047,265.9875383878011,3.6892781241792854,Canada Net-zero,Vehicle motor,PM,Dysprosium,83.0,0.08144806655430824,Variability in data,
Canada,Trucks,FCEV,2047,265.9875383878011,3.6892781241792854,Canada Net-zero,Vehicle motor,PM,Neodymium,695.0,0.6820048946414967,Small variability in data,
Canada,Trucks,FCEV,2047,265.9875383878011,3.6892781241792854,Canada Net-zero,Vehicle motor,PM,Praesodymium,1.0,0.0009813020066784125,No comparison,
Canada,Cars,PHEV,2047,2748537.896673945,1.0,Canada Net-zero,Vehicle motor,PM,Copper,13884.5,38162.074426369385,No comparison,
Canada,Cars,PHEV,2047,2748537.896673945,1.0,Canada Net-zero,Vehicle motor,PM,Dysprosium,83.0,228.1286454239374,Variability in data,
Canada,Cars,PHEV,2047,2748537.896673945,1.0,Canada Net-zero,Vehicle motor,PM,Neodymium,695.0,1910.2338381883917,Small variability in data,
Canada,Cars,PHEV,2047,2748537.896673945,1.0,Canada Net-zero,Vehicle motor,PM,Praesodymium,1.0,2.7485378966739447,No comparison,
Canada,Vans,PHEV,2047,283720.04094698787,1.9577507575642077,Canada Net-zero,Vehicle motor,PM,Copper,13884.5,7712.188915452527,No comparison,
Canada,Vans,PHEV,2047,283720.04094698787,1.9577507575642077,Canada Net-zero,Vehicle motor,PM,Dysprosium,83.0,46.10260938330942,Variability in data,
Canada,Vans,PHEV,2047,283720.04094698787,1.9577507575642077,Canada Net-zero,Vehicle motor,PM,Neodymium,695.0,386.03992194457896,Small variability in data,
Canada,Vans,PHEV,2047,283720.04094698787,1.9577507575642077,Canada Net-zero,Vehicle motor,PM,Praesodymium,1.0,0.5554531251001136,No comparison,
Canada,2 and 3 wheelers,BEV,2048,7762.755933467062,0.09808569078889517,Canada Net-zero,Vehicle motor,PM,Copper,13884.5,10.571870429608516,No comparison,
Canada,2 and 3 wheelers,BEV,2048,7762.755933467062,0.09808569078889517,Canada Net-zero,Vehicle motor,PM,Dysprosium,83.0,0.06319746808725607,Variability in data,
Canada,2 and 3 wheelers,BEV,2048,7762.755933467062,0.09808569078889517,Canada Net-zero,Vehicle motor,PM,Neodymium,695.0,0.5291836183209996,Small variability in data,
Canada,2 and 3 wheelers,BEV,2048,7762.755933467062,0.09808569078889517,Canada Net-zero,Vehicle motor,PM,Praesodymium,1.0,0.0007614152781597116,No comparison,
Canada,Buses,BEV,2048,9589.286741341664,5.6752374182090595,Canada Net-zero,Vehicle motor,PM,Copper,13884.5,755.6150241813452,No comparison,
Canada,Buses,BEV,2048,9589.286741341664,5.6752374182090595,Canada Net-zero,Vehicle motor,PM,Dysprosium,83.0,4.516982751057053,Variability in data,
Canada,Buses,BEV,2048,9589.286741341664,5.6752374182090595,Canada Net-zero,Vehicle motor,PM,Neodymium,695.0,37.82292785523677,Small variability in data,
Canada,Buses,BEV,2048,9589.286741341664,5.6752374182090595,Canada Net-zero,Vehicle motor,PM,Praesodymium,1.0,0.05442147892839823,No comparison,
Canada,Cars,BEV,2048,8676021.337404363,1.0,Canada Net-zero,Vehicle motor,PM,Copper,13884.5,120462.21825919088,No comparison,
Canada,Cars,BEV,2048,8676021.337404363,1.0,Canada Net-zero,Vehicle motor,PM,Dysprosium,83.0,720.1097710045622,Variability in data,
Canada,Cars,BEV,2048,8676021.337404363,1.0,Canada Net-zero,Vehicle motor,PM,Neodymium,695.0,6029.8348294960315,Small variability in data,
Canada,Cars,BEV,2048,8676021.337404363,1.0,Canada Net-zero,Vehicle motor,PM,Praesodymium,1.0,8.676021337404363,No comparison,
Canada,Trucks,BEV,2048,91326.54039373015,3.6892781241792854,Canada Net-zero,Vehicle motor,PM,Copper,13884.5,4678.090806460456,No comparison,
Canada,Trucks,BEV,2048,91326.54039373015,3.6892781241792854,Canada Net-zero,Vehicle motor,PM,Dysprosium,83.0,27.965107633419848,Variability in data,
Canada,Trucks,BEV,2048,91326.54039373015,3.6892781241792854,Canada Net-zero,Vehicle motor,PM,Neodymium,695.0,234.16566030393727,Small variability in data,
Canada,Trucks,BEV,2048,91326.54039373015,3.6892781241792854,Canada Net-zero,Vehicle motor,PM,Praesodymium,1.0,0.33692900763156447,No comparison,
Canada,Vans,BEV,2048,502295.97216551576,1.9577507575642077,Canada Net-zero,Vehicle motor,PM,Copper,13884.5,13653.60520843555,No comparison,
Canada,Vans,BEV,2048,502295.97216551576,1.9577507575642077,Canada Net-zero,Vehicle motor,PM,Dysprosium,83.0,81.61973656236457,Variability in data,
Canada,Vans,BEV,2048,502295.97216551576,1.9577507575642077,Canada Net-zero,Vehicle motor,PM,Neodymium,695.0,683.4423724197995,Small variability in data,
Canada,Vans,BEV,2048,502295.97216551576,1.9577507575642077,Canada Net-zero,Vehicle motor,PM,Praesodymium,1.0,0.9833703200284887,No comparison,
Canada,Buses,FCEV,2048,593.6225125592459,5.6752374182090595,Canada Net-zero,Vehicle motor,PM,Copper,13884.5,46.77616816360709,No comparison,
Canada,Buses,FCEV,2048,593.6225125592459,5.6752374182090595,Canada Net-zero,Vehicle motor,PM,Dysprosium,83.0,0.2796227417321033,Variability in data,
Canada,Buses,FCEV,2048,593.6225125592459,5.6752374182090595,Canada Net-zero,Vehicle motor,PM,Neodymium,695.0,2.3414193434194193,Small variability in data,
Canada,Buses,FCEV,2048,593.6225125592459,5.6752374182090595,Canada Net-zero,Vehicle motor,PM,Praesodymium,1.0,0.00336894869556751,No comparison,
Canada,Cars,FCEV,2048,913.2654039373015,1.0,Canada Net-zero,Vehicle motor,PM,Copper,13884.5,12.680233500967462,No comparison,
Canada,Cars,FCEV,2048,913.2654039373015,1.0,Canada Net-zero,Vehicle motor,PM,Dysprosium,83.0,0.07580102852679603,Variability in data,
Canada,Cars,FCEV,2048,913.2654039373015,1.0,Canada Net-zero,Vehicle motor,PM,Neodymium,695.0,0.6347194557364245,Small variability in data,
Canada,Cars,FCEV,2048,913.2654039373015,1.0,Canada Net-zero,Vehicle motor,PM,Praesodymium,1.0,0.0009132654039373015,No comparison,
Canada,Trucks,FCEV,2048,273.9796211811904,3.6892781241792854,Canada Net-zero,Vehicle motor,PM,Copper,13884.5,14.034272419381368,No comparison,
Canada,Trucks,FCEV,2048,273.9796211811904,3.6892781241792854,Canada Net-zero,Vehicle motor,PM,Dysprosium,83.0,0.08389532290025954,Variability in data,
Canada,Trucks,FCEV,2048,273.9796211811904,3.6892781241792854,Canada Net-zero,Vehicle motor,PM,Neodymium,695.0,0.7024969809118118,Small variability in data,
Canada,Trucks,FCEV,2048,273.9796211811904,3.6892781241792854,Canada Net-zero,Vehicle motor,PM,Praesodymium,1.0,0.0010107870228946933,No comparison,
Canada,Cars,PHEV,2048,2831122.7522056345,1.0,Canada Net-zero,Vehicle motor,PM,Copper,13884.5,39308.72385299913,No comparison,
Canada,Cars,PHEV,2048,2831122.7522056345,1.0,Canada Net-zero,Vehicle motor,PM,Dysprosium,83.0,234.98318843306765,Variability in data,
Canada,Cars,PHEV,2048,2831122.7522056345,1.0,Canada Net-zero,Vehicle motor,PM,Neodymium,695.0,1967.630312782916,Small variability in data,
Canada,Cars,PHEV,2048,2831122.7522056345,1.0,Canada Net-zero,Vehicle motor,PM,Praesodymium,1.0,2.8311227522056344,No comparison,
Canada,Vans,PHEV,2048,292244.92925993644,1.9577507575642077,Canada Net-zero,Vehicle motor,PM,Copper,13884.5,7943.91575763523,No comparison,
Canada,Vans,PHEV,2048,292244.92925993644,1.9577507575642077,Canada Net-zero,Vehicle motor,PM,Dysprosium,83.0,47.487846727193926,Variability in data,
Canada,Vans,PHEV,2048,292244.92925993644,1.9577507575642077,Canada Net-zero,Vehicle motor,PM,Neodymium,695.0,397.63919849879255,Small variability in data,
Canada,Vans,PHEV,2048,292244.92925993644,1.9577507575642077,Canada Net-zero,Vehicle motor,PM,Praesodymium,1.0,0.5721427316529388,No comparison,
Canada,2 and 3 wheelers,BEV,2049,7976.229918520228,0.09808569078889517,Canada Net-zero,Vehicle motor,PM,Copper,13884.5,10.862594410810162,No comparison,
Canada,2 and 3 wheelers,BEV,2049,7976.229918520228,0.09808569078889517,Canada Net-zero,Vehicle motor,PM,Dysprosium,83.0,0.06493538378027609,Variability in data,
Canada,2 and 3 wheelers,BEV,2049,7976.229918520228,0.09808569078889517,Canada Net-zero,Vehicle motor,PM,Neodymium,695.0,0.5437360449071312,Small variability in data,
Canada,2 and 3 wheelers,BEV,2049,7976.229918520228,0.09808569078889517,Canada Net-zero,Vehicle motor,PM,Praesodymium,1.0,0.0007823540214491096,No comparison,
Canada,Buses,BEV,2049,9852.989899348517,5.6752374182090595,Canada Net-zero,Vehicle motor,PM,Copper,13884.5,776.3942618336096,No comparison,
Canada,Buses,BEV,2049,9852.989899348517,5.6752374182090595,Canada Net-zero,Vehicle motor,PM,Dysprosium,83.0,4.641198727515546,Variability in data,
Canada,Buses,BEV,2049,9852.989899348517,5.6752374182090595,Canada Net-zero,Vehicle motor,PM,Neodymium,695.0,38.86304958582294,Small variability in data,
Canada,Buses,BEV,2049,9852.989899348517,5.6752374182090595,Canada Net-zero,Vehicle motor,PM,Praesodymium,1.0,0.055918056958018623,No comparison,
Canada,Cars,BEV,2049,8914609.908934373,1.0,Canada Net-zero,Vehicle motor,PM,Copper,13884.5,123774.9012805993,No comparison,
Canada,Cars,BEV,2049,8914609.908934373,1.0,Canada Net-zero,Vehicle motor,PM,Dysprosium,83.0,739.912622441553,Variability in data,
Canada,Cars,BEV,2049,8914609.908934373,1.0,Canada Net-zero,Vehicle motor,PM,Neodymium,695.0,6195.65388670939,Small variability in data,
Canada,Cars,BEV,2049,8914609.908934373,1.0,Canada Net-zero,Vehicle motor,PM,Praesodymium,1.0,8.914609908934374,No comparison,
Canada,Trucks,BEV,2049,93837.99904141446,3.6892781241792854,Canada Net-zero,Vehicle motor,PM,Copper,13884.5,4806.737217020691,No comparison,
Canada,Trucks,BEV,2049,93837.99904141446,3.6892781241792854,Canada Net-zero,Vehicle motor,PM,Dysprosium,83.0,28.734141597660507,Variability in data,
Canada,Trucks,BEV,2049,93837.99904141446,3.6892781241792854,Canada Net-zero,Vehicle motor,PM,Neodymium,695.0,240.6051615707717,Small variability in data,
Canada,Trucks,BEV,2049,93837.99904141446,3.6892781241792854,Canada Net-zero,Vehicle motor,PM,Praesodymium,1.0,0.3461944770802471,No comparison,
Canada,Vans,BEV,2049,516108.99472777947,1.9577507575642077,Canada Net-zero,Vehicle motor,PM,Copper,13884.5,14029.076180235848,No comparison,
Canada,Vans,BEV,2049,516108.99472777947,1.9577507575642077,Canada Net-zero,Vehicle motor,PM,Dysprosium,83.0,83.86426035936299,Variability in data,
Canada,Vans,BEV,2049,516108.99472777947,1.9577507575642077,Canada Net-zero,Vehicle motor,PM,Neodymium,695.0,702.2368789127383,Small variability in data,
Canada,Vans,BEV,2049,516108.99472777947,1.9577507575642077,Canada Net-zero,Vehicle motor,PM,Praesodymium,1.0,1.010412775414012,No comparison,
Canada,Buses,FCEV,2049,609.9469937691939,5.6752374182090595,Canada Net-zero,Vehicle motor,PM,Copper,13884.5,48.06250192303297,No comparison,
Canada,Buses,FCEV,2049,609.9469937691939,5.6752374182090595,Canada Net-zero,Vehicle motor,PM,Dysprosium,83.0,0.28731230217953374,Variability in data,
Canada,Buses,FCEV,2049,609.9469937691939,5.6752374182090595,Canada Net-zero,Vehicle motor,PM,Neodymium,695.0,2.4058078315033247,Small variability in data,
Canada,Buses,FCEV,2049,609.9469937691939,5.6752374182090595,Canada Net-zero,Vehicle motor,PM,Praesodymium,1.0,0.003461594002163057,No comparison,
Canada,Cars,FCEV,2049,938.3799904141445,1.0,Canada Net-zero,Vehicle motor,PM,Copper,13884.5,13.02893697690519,No comparison,
Canada,Cars,FCEV,2049,938.3799904141445,1.0,Canada Net-zero,Vehicle motor,PM,Dysprosium,83.0,0.07788553920437398,Variability in data,
Canada,Cars,FCEV,2049,938.3799904141445,1.0,Canada Net-zero,Vehicle motor,PM,Neodymium,695.0,0.6521740933378304,Small variability in data,
Canada,Cars,FCEV,2049,938.3799904141445,1.0,Canada Net-zero,Vehicle motor,PM,Praesodymium,1.0,0.0009383799904141445,No comparison,
Canada,Trucks,FCEV,2049,281.51399712424336,3.6892781241792854,Canada Net-zero,Vehicle motor,PM,Copper,13884.5,14.420211651062072,No comparison,
Canada,Trucks,FCEV,2049,281.51399712424336,3.6892781241792854,Canada Net-zero,Vehicle motor,PM,Dysprosium,83.0,0.08620242479298151,Variability in data,
Canada,Trucks,FCEV,2049,281.51399712424336,3.6892781241792854,Canada Net-zero,Vehicle motor,PM,Neodymium,695.0,0.7218154847123152,Small variability in data,
Canada,Trucks,FCEV,2049,281.51399712424336,3.6892781241792854,Canada Net-zero,Vehicle motor,PM,Praesodymium,1.0,0.0010385834312407413,No comparison,
Canada,Cars,PHEV,2049,2908977.970283848,1.0,Canada Net-zero,Vehicle motor,PM,Copper,13884.5,40389.704628406085,No comparison,
Canada,Cars,PHEV,2049,2908977.970283848,1.0,Canada Net-zero,Vehicle motor,PM,Dysprosium,83.0,241.44517153355935,Variability in data,
Canada,Cars,PHEV,2049,2908977.970283848,1.0,Canada Net-zero,Vehicle motor,PM,Neodymium,695.0,2021.7396893472744,Small variability in data,
Canada,Cars,PHEV,2049,2908977.970283848,1.0,Canada Net-zero,Vehicle motor,PM,Praesodymium,1.0,2.9089779702838476,No comparison,
Canada,Vans,PHEV,2049,300281.5969325262,1.9577507575642077,Canada Net-zero,Vehicle motor,PM,Copper,13884.5,8162.371595773584,No comparison,
Canada,Vans,PHEV,2049,300281.5969325262,1.9577507575642077,Canada Net-zero,Vehicle motor,PM,Dysprosium,83.0,48.79375148181119,Variability in data,
Canada,Vans,PHEV,2049,300281.5969325262,1.9577507575642077,Canada Net-zero,Vehicle motor,PM,Neodymium,695.0,408.5741840946841,Small variability in data,
Canada,Vans,PHEV,2049,300281.5969325262,1.9577507575642077,Canada Net-zero,Vehicle motor,PM,Praesodymium,1.0,0.5878765238772433,No comparison,
Canada,2 and 3 wheelers,BEV,2050,8180.357871940072,0.09808569078889517,Canada Net-zero,Vehicle motor,PM,Copper,13884.5,11.140590304679769,No comparison,
Canada,2 and 3 wheelers,BEV,2050,8180.357871940072,0.09808569078889517,Canada Net-zero,Vehicle motor,PM,Dysprosium,83.0,0.06659721237987833,Variability in data,
Canada,2 and 3 wheelers,BEV,2050,8180.357871940072,0.09808569078889517,Canada Net-zero,Vehicle motor,PM,Neodymium,695.0,0.5576513566748847,Small variability in data,
Canada,2 and 3 wheelers,BEV,2050,8180.357871940072,0.09808569078889517,Canada Net-zero,Vehicle motor,PM,Praesodymium,1.0,0.0008023760527696185,No comparison,
Canada,Buses,BEV,2050,10105.147959455382,5.6752374182090595,Canada Net-zero,Vehicle motor,PM,Copper,13884.5,796.263770778809,No comparison,
Canada,Buses,BEV,2050,10105.147959455382,5.6752374182090595,Canada Net-zero,Vehicle motor,PM,Dysprosium,83.0,4.759976446731329,Variability in data,
Canada,Buses,BEV,2050,10105.147959455382,5.6752374182090595,Canada Net-zero,Vehicle motor,PM,Neodymium,695.0,39.85763410214788,Small variability in data,
Canada,Buses,BEV,2050,10105.147959455382,5.6752374182090595,Canada Net-zero,Vehicle motor,PM,Praesodymium,1.0,0.05734911381604011,No comparison,
Canada,Cars,BEV,2050,9142752.915697727,1.0,Canada Net-zero,Vehicle motor,PM,Copper,13884.5,126942.5528580051,No comparison,
Canada,Cars,BEV,2050,9142752.915697727,1.0,Canada Net-zero,Vehicle motor,PM,Dysprosium,83.0,758.8484920029114,Variability in data,
Canada,Cars,BEV,2050,9142752.915697727,1.0,Canada Net-zero,Vehicle motor,PM,Neodymium,695.0,6354.213276409921,Small variability in data,
Canada,Cars,BEV,2050,9142752.915697727,1.0,Canada Net-zero,Vehicle motor,PM,Praesodymium,1.0,9.142752915697727,No comparison,
Canada,Trucks,BEV,2050,96239.50437576555,3.6892781241792854,Canada Net-zero,Vehicle motor,PM,Copper,13884.5,4929.751403015904,No comparison,
Canada,Trucks,BEV,2050,96239.50437576555,3.6892781241792854,Canada Net-zero,Vehicle motor,PM,Dysprosium,83.0,29.46950674855558,Variability in data,
Canada,Trucks,BEV,2050,96239.50437576555,3.6892781241792854,Canada Net-zero,Vehicle motor,PM,Neodymium,695.0,246.7627372318811,Small variability in data,
Canada,Trucks,BEV,2050,96239.50437576555,3.6892781241792854,Canada Net-zero,Vehicle motor,PM,Praesodymium,1.0,0.35505429817536843,No comparison,
Canada,Vans,BEV,2050,529317.2740667105,1.9577507575642077,Canada Net-zero,Vehicle motor,PM,Copper,13884.5,14388.108785651755,No comparison,
Canada,Vans,BEV,2050,529317.2740667105,1.9577507575642077,Canada Net-zero,Vehicle motor,PM,Dysprosium,83.0,86.01051742656166,Variability in data,
Canada,Vans,BEV,2050,529317.2740667105,1.9577507575642077,Canada Net-zero,Vehicle motor,PM,Neodymium,695.0,720.2085495356671,Small variability in data,
Canada,Vans,BEV,2050,529317.2740667105,1.9577507575642077,Canada Net-zero,Vehicle motor,PM,Praesodymium,1.0,1.0362712942959238,No comparison,
Canada,Buses,FCEV,2050,625.5567784424761,5.6752374182090595,Canada Net-zero,Vehicle motor,PM,Copper,13884.5,49.29251914345008,No comparison,
Canada,Buses,FCEV,2050,625.5567784424761,5.6752374182090595,Canada Net-zero,Vehicle motor,PM,Dysprosium,83.0,0.29466520860717754,Variability in data,
Canada,Buses,FCEV,2050,625.5567784424761,5.6752374182090595,Canada Net-zero,Vehicle motor,PM,Neodymium,695.0,2.467377349180583,Small variability in data,
Canada,Buses,FCEV,2050,625.5567784424761,5.6752374182090595,Canada Net-zero,Vehicle motor,PM,Praesodymium,1.0,0.003550183236231055,No comparison,
Canada,Cars,FCEV,2050,962.3950437576555,1.0,Canada Net-zero,Vehicle motor,PM,Copper,13884.5,13.362373985053166,No comparison,
Canada,Cars,FCEV,2050,962.3950437576555,1.0,Canada Net-zero,Vehicle motor,PM,Dysprosium,83.0,0.0798787886318854,Variability in data,
Canada,Cars,FCEV,2050,962.3950437576555,1.0,Canada Net-zero,Vehicle motor,PM,Neodymium,695.0,0.6688645554115706,Small variability in data,
Canada,Cars,FCEV,2050,962.3950437576555,1.0,Canada Net-zero,Vehicle motor,PM,Praesodymium,1.0,0.0009623950437576555,No comparison,
Canada,Trucks,FCEV,2050,288.71851312729666,3.6892781241792854,Canada Net-zero,Vehicle motor,PM,Copper,13884.5,14.78925420904771,No comparison,
Canada,Trucks,FCEV,2050,288.71851312729666,3.6892781241792854,Canada Net-zero,Vehicle motor,PM,Dysprosium,83.0,0.08840852024566674,Variability in data,
Canada,Trucks,FCEV,2050,288.71851312729666,3.6892781241792854,Canada Net-zero,Vehicle motor,PM,Neodymium,695.0,0.7402882116956433,Small variability in data,
Canada,Trucks,FCEV,2050,288.71851312729666,3.6892781241792854,Canada Net-zero,Vehicle motor,PM,Praesodymium,1.0,0.0010651628945261055,No comparison,
Canada,Cars,PHEV,2050,2983424.635648732,1.0,Canada Net-zero,Vehicle motor,PM,Copper,13884.5,41423.35935366482,No comparison,
Canada,Cars,PHEV,2050,2983424.635648732,1.0,Canada Net-zero,Vehicle motor,PM,Dysprosium,83.0,247.62424475884475,Variability in data,
Canada,Cars,PHEV,2050,2983424.635648732,1.0,Canada Net-zero,Vehicle motor,PM,Neodymium,695.0,2073.480121775869,Small variability in data,
Canada,Cars,PHEV,2050,2983424.635648732,1.0,Canada Net-zero,Vehicle motor,PM,Praesodymium,1.0,2.983424635648732,No comparison,
Canada,Vans,PHEV,2050,307966.4140024498,1.9577507575642077,Canada Net-zero,Vehicle motor,PM,Copper,13884.5,8371.263293470112,No comparison,
Canada,Vans,PHEV,2050,307966.4140024498,1.9577507575642077,Canada Net-zero,Vehicle motor,PM,Dysprosium,83.0,50.04248286636316,Variability in data,
Canada,Vans,PHEV,2050,307966.4140024498,1.9577507575642077,Canada Net-zero,Vehicle motor,PM,Neodymium,695.0,419.0304288207518,Small variability in data,
Canada,Vans,PHEV,2050,307966.4140024498,1.9577507575642077,Canada Net-zero,Vehicle motor,PM,Praesodymium,1.0,0.6029214803176285,No comparison,
Canada,2 and 3 wheelers,BEV,2024,170.0,0.09808569078889517,Global Net-zero,Vehicle motor,PM,Copper,13884.5,0.23151803153893058,No comparison,
Canada,2 and 3 wheelers,BEV,2024,170.0,0.09808569078889517,Global Net-zero,Vehicle motor,PM,Dysprosium,83.0,0.0013839890970313111,Variability in data,
Canada,2 and 3 wheelers,BEV,2024,170.0,0.09808569078889517,Global Net-zero,Vehicle motor,PM,Neodymium,695.0,0.011588824366707965,Small variability in data,
Canada,2 and 3 wheelers,BEV,2024,170.0,0.09808569078889517,Global Net-zero,Vehicle motor,PM,Praesodymium,1.0,1.667456743411218e-05,No comparison,
Canada,Buses,BEV,2024,210.0,5.6752374182090595,Global Net-zero,Vehicle motor,PM,Copper,13884.5,16.547545125955974,No comparison,
Canada,Buses,BEV,2024,210.0,5.6752374182090595,Global Net-zero,Vehicle motor,PM,Dysprosium,83.0,0.09891938819938392,Variability in data,
Canada,Buses,BEV,2024,210.0,5.6752374182090595,Global Net-zero,Vehicle motor,PM,Neodymium,695.0,0.8283009011876123,Small variability in data,
Canada,Buses,BEV,2024,210.0,5.6752374182090595,Global Net-zero,Vehicle motor,PM,Praesodymium,1.0,0.0011917998578239025,No comparison,
Canada,Cars,BEV,2024,190000.0,1.0,Global Net-zero,Vehicle motor,PM,Copper,13884.5,2638.055,No comparison,
Canada,Cars,BEV,2024,190000.0,1.0,Global Net-zero,Vehicle motor,PM,Dysprosium,83.0,15.77,Variability in data,
Canada,Cars,BEV,2024,190000.0,1.0,Global Net-zero,Vehicle motor,PM,Neodymium,695.0,132.05,Small variability in data,
Canada,Cars,BEV,2024,190000.0,1.0,Global Net-zero,Vehicle motor,PM,Praesodymium,1.0,0.19,No comparison,
Canada,Trucks,BEV,2024,2000.0,3.6892781241792854,Global Net-zero,Vehicle motor,PM,Copper,13884.5,102.44756423033458,No comparison,
Canada,Trucks,BEV,2024,2000.0,3.6892781241792854,Global Net-zero,Vehicle motor,PM,Dysprosium,83.0,0.6124201686137615,Variability in data,
Canada,Trucks,BEV,2024,2000.0,3.6892781241792854,Global Net-zero,Vehicle motor,PM,Neodymium,695.0,5.128096592609207,Small variability in data,
Canada,Trucks,BEV,2024,2000.0,3.6892781241792854,Global Net-zero,Vehicle motor,PM,Praesodymium,1.0,0.007378556248358571,No comparison,
Canada,Vans,BEV,2024,11000.0,1.9577507575642077,Global Net-zero,Vehicle motor,PM,Copper,13884.5,299.00629432740266,No comparison,
Canada,Vans,BEV,2024,11000.0,1.9577507575642077,Global Net-zero,Vehicle motor,PM,Dysprosium,83.0,1.7874264416561219,Variability in data,
Canada,Vans,BEV,2024,11000.0,1.9577507575642077,Global Net-zero,Vehicle motor,PM,Neodymium,695.0,14.967004541578369,Small variability in data,
Canada,Vans,BEV,2024,11000.0,1.9577507575642077,Global Net-zero,Vehicle motor,PM,Praesodymium,1.0,0.021535258333206287,No comparison,
Canada,Buses,FCEV,2024,13.0,5.6752374182090595,Global Net-zero,Vehicle motor,PM,Copper,13884.5,1.024371841130608,No comparison,
Canada,Buses,FCEV,2024,13.0,5.6752374182090595,Global Net-zero,Vehicle motor,PM,Dysprosium,83.0,0.006123581174247575,Variability in data,
Canada,Buses,FCEV,2024,13.0,5.6752374182090595,Global Net-zero,Vehicle motor,PM,Neodymium,695.0,0.05127577007351885,Small variability in data,
Canada,Buses,FCEV,2024,13.0,5.6752374182090595,Global Net-zero,Vehicle motor,PM,Praesodymium,1.0,7.377808643671777e-05,No comparison,
Canada,Cars,FCEV,2024,20.0,1.0,Global Net-zero,Vehicle motor,PM,Copper,13884.5,0.27769,No comparison,
Canada,Cars,FCEV,2024,20.0,1.0,Global Net-zero,Vehicle motor,PM,Dysprosium,83.0,0.00166,Variability in data,
Canada,Cars,FCEV,2024,20.0,1.0,Global Net-zero,Vehicle motor,PM,Neodymium,695.0,0.0139,Small variability in data,
Canada,Cars,FCEV,2024,20.0,1.0,Global Net-zero,Vehicle motor,PM,Praesodymium,1.0,2e-05,No comparison,
Canada,Trucks,FCEV,2024,6.0,3.6892781241792854,Global Net-zero,Vehicle motor,PM,Copper,13884.5,0.3073426926910037,No comparison,
Canada,Trucks,FCEV,2024,6.0,3.6892781241792854,Global Net-zero,Vehicle motor,PM,Dysprosium,83.0,0.001837260505841284,Variability in data,
Canada,Trucks,FCEV,2024,6.0,3.6892781241792854,Global Net-zero,Vehicle motor,PM,Neodymium,695.0,0.01538428977782762,Small variability in data,
Canada,Trucks,FCEV,2024,6.0,3.6892781241792854,Global Net-zero,Vehicle motor,PM,Praesodymium,1.0,2.213566874507571e-05,No comparison,
Canada,Cars,PHEV,2024,62000.0,1.0,Global Net-zero,Vehicle motor,PM,Copper,13884.5,860.839,No comparison,
Canada,Cars,PHEV,2024,62000.0,1.0,Global Net-zero,Vehicle motor,PM,Dysprosium,83.0,5.146,Variability in data,
Canada,Cars,PHEV,2024,62000.0,1.0,Global Net-zero,Vehicle motor,PM,Neodymium,695.0,43.09,Small variability in data,
Canada,Cars,PHEV,2024,62000.0,1.0,Global Net-zero,Vehicle motor,PM,Praesodymium,1.0,0.062,No comparison,
Canada,Vans,PHEV,2024,6400.0,1.9577507575642077,Global Net-zero,Vehicle motor,PM,Copper,13884.5,173.96729851776152,No comparison,
Canada,Vans,PHEV,2024,6400.0,1.9577507575642077,Global Net-zero,Vehicle motor,PM,Dysprosium,83.0,1.039957202418107,Variability in data,
Canada,Vans,PHEV,2024,6400.0,1.9577507575642077,Global Net-zero,Vehicle motor,PM,Neodymium,695.0,8.708075369645595,Small variability in data,
Canada,Vans,PHEV,2024,6400.0,1.9577507575642077,Global Net-zero,Vehicle motor,PM,Praesodymium,1.0,0.012529604848410928,No comparison,
Canada,2 and 3 wheelers,BEV,2025,269.03133550334934,0.09808569078889517,Global Net-zero,Vehicle motor,PM,Copper,13884.5,0.36638591304720614,No comparison,
Canada,2 and 3 wheelers,BEV,2025,269.03133550334934,0.09808569078889517,Global Net-zero,Vehicle motor,PM,Dysprosium,83.0,0.0021902143240965185,Variability in data,
Canada,2 and 3 wheelers,BEV,2025,269.03133550334934,0.09808569078889517,Global Net-zero,Vehicle motor,PM,Neodymium,695.0,0.018339746448760005,Small variability in data,
Canada,2 and 3 wheelers,BEV,2025,269.03133550334934,0.09808569078889517,Global Net-zero,Vehicle motor,PM,Praesodymium,1.0,2.638812438670504e-05,No comparison,
Canada,Buses,BEV,2025,332.3328262100198,5.6752374182090595,Global Net-zero,Vehicle motor,PM,Copper,13884.5,26.187106850222793,No comparison,
Canada,Buses,BEV,2025,332.3328262100198,5.6752374182090595,Global Net-zero,Vehicle motor,PM,Dysprosium,83.0,0.15654361832032063,Variability in data,
Canada,Buses,BEV,2025,332.3328262100198,5.6752374182090595,Global Net-zero,Vehicle motor,PM,Neodymium,695.0,1.3108170449713594,Small variability in data,
Canada,Buses,BEV,2025,332.3328262100198,5.6752374182090595,Global Net-zero,Vehicle motor,PM,Praesodymium,1.0,0.0018860676906062726,No comparison,
Canada,Cars,BEV,2025,300682.08085668454,1.0,Global Net-zero,Vehicle motor,PM,Copper,13884.5,4174.820351654636,No comparison,
Canada,Cars,BEV,2025,300682.08085668454,1.0,Global Net-zero,Vehicle motor,PM,Dysprosium,83.0,24.956612711104817,Variability in data,
Canada,Cars,BEV,2025,300682.08085668454,1.0,Global Net-zero,Vehicle motor,PM,Neodymium,695.0,208.97404619539577,Small variability in data,
Canada,Cars,BEV,2025,300682.08085668454,1.0,Global Net-zero,Vehicle motor,PM,Praesodymium,1.0,0.3006820808566845,No comparison,
Canada,Trucks,BEV,2025,3165.0745353335215,3.6892781241792854,Global Net-zero,Vehicle motor,PM,Copper,13884.5,162.12708837618865,No comparison,
Canada,Trucks,BEV,2025,3165.0745353335215,3.6892781241792854,Global Net-zero,Vehicle motor,PM,Dysprosium,83.0,0.9691777403020388,Variability in data,
Canada,Trucks,BEV,2025,3165.0745353335215,3.6892781241792854,Global Net-zero,Vehicle motor,PM,Neodymium,695.0,8.115403969999,Small variability in data,
Canada,Trucks,BEV,2025,3165.0745353335215,3.6892781241792854,Global Net-zero,Vehicle motor,PM,Praesodymium,1.0,0.011676840244602877,No comparison,
Canada,Vans,BEV,2025,17407.90994433437,1.9577507575642077,Global Net-zero,Vehicle motor,PM,Copper,13884.5,473.188604040051,No comparison,
Canada,Vans,BEV,2025,17407.90994433437,1.9577507575642077,Global Net-zero,Vehicle motor,PM,Dysprosium,83.0,2.8286689571337993,Variability in data,
Canada,Vans,BEV,2025,17407.90994433437,1.9577507575642077,Global Net-zero,Vehicle motor,PM,Neodymium,695.0,23.685842472385428,Small variability in data,
Canada,Vans,BEV,2025,17407.90994433437,1.9577507575642077,Global Net-zero,Vehicle motor,PM,Praesodymium,1.0,0.03408034888113012,No comparison,
Canada,Buses,FCEV,2025,20.57298447966789,5.6752374182090595,Global Net-zero,Vehicle motor,PM,Copper,13884.5,1.6211066145376016,No comparison,
Canada,Buses,FCEV,2025,20.57298447966789,5.6752374182090595,Global Net-zero,Vehicle motor,PM,Dysprosium,83.0,0.009690795419829371,Variability in data,
Canada,Buses,FCEV,2025,20.57298447966789,5.6752374182090595,Global Net-zero,Vehicle motor,PM,Neodymium,695.0,0.0811458170696556,Small variability in data,
Canada,Buses,FCEV,2025,20.57298447966789,5.6752374182090595,Global Net-zero,Vehicle motor,PM,Praesodymium,1.0,0.00011675657132324546,No comparison,
Canada,Cars,FCEV,2025,31.650745353335218,1.0,Global Net-zero,Vehicle motor,PM,Copper,13884.5,0.43945477385838283,No comparison,
Canada,Cars,FCEV,2025,31.650745353335218,1.0,Global Net-zero,Vehicle motor,PM,Dysprosium,83.0,0.002627011864326823,Variability in data,
Canada,Cars,FCEV,2025,31.650745353335218,1.0,Global Net-zero,Vehicle motor,PM,Neodymium,695.0,0.021997268020567975,Small variability in data,
Canada,Cars,FCEV,2025,31.650745353335218,1.0,Global Net-zero,Vehicle motor,PM,Praesodymium,1.0,3.1650745353335215e-05,No comparison,
Canada,Trucks,FCEV,2025,9.495223606000565,3.6892781241792854,Global Net-zero,Vehicle motor,PM,Copper,13884.5,0.4863812651285659,No comparison,
Canada,Trucks,FCEV,2025,9.495223606000565,3.6892781241792854,Global Net-zero,Vehicle motor,PM,Dysprosium,83.0,0.0029075332209061162,Variability in data,
Canada,Trucks,FCEV,2025,9.495223606000565,3.6892781241792854,Global Net-zero,Vehicle motor,PM,Neodymium,695.0,0.024346211909996997,Small variability in data,
Canada,Trucks,FCEV,2025,9.495223606000565,3.6892781241792854,Global Net-zero,Vehicle motor,PM,Praesodymium,1.0,3.503052073380863e-05,No comparison,
Canada,Cars,PHEV,2025,98117.31059533918,1.0,Global Net-zero,Vehicle motor,PM,Copper,13884.5,1362.3097989609869,No comparison,
Canada,Cars,PHEV,2025,98117.31059533918,1.0,Global Net-zero,Vehicle motor,PM,Dysprosium,83.0,8.143736779413151,Variability in data,
Canada,Cars,PHEV,2025,98117.31059533918,1.0,Global Net-zero,Vehicle motor,PM,Neodymium,695.0,68.19153086376072,Small variability in data,
Canada,Cars,PHEV,2025,98117.31059533918,1.0,Global Net-zero,Vehicle motor,PM,Praesodymium,1.0,0.09811731059533918,No comparison,
Canada,Vans,PHEV,2025,10128.23851306727,1.9577507575642077,Global Net-zero,Vehicle motor,PM,Copper,13884.5,275.3097332596661,No comparison,
Canada,Vans,PHEV,2025,10128.23851306727,1.9577507575642077,Global Net-zero,Vehicle motor,PM,Dysprosium,83.0,1.64577102960512,Variability in data,
Canada,Vans,PHEV,2025,10128.23851306727,1.9577507575642077,Global Net-zero,Vehicle motor,PM,Neodymium,695.0,13.78085380211516,Small variability in data,
Canada,Vans,PHEV,2025,10128.23851306727,1.9577507575642077,Global Net-zero,Vehicle motor,PM,Praesodymium,1.0,0.019828566621748433,No comparison,
Canada,2 and 3 wheelers,BEV,2026,413.39861071799226,0.09808569078889517,Global Net-zero,Vehicle motor,PM,Copper,13884.5,0.5629954858491659,No comparison,
Canada,2 and 3 wheelers,BEV,2026,413.39861071799226,0.09808569078889517,Global Net-zero,Vehicle motor,PM,Dysprosium,83.0,0.0033655245291858383,Variability in data,
Canada,2 and 3 wheelers,BEV,2026,413.39861071799226,0.09808569078889517,Global Net-zero,Vehicle motor,PM,Neodymium,695.0,0.028181199370893466,Small variability in data,
Canada,2 and 3 wheelers,BEV,2026,413.39861071799226,0.09808569078889517,Global Net-zero,Vehicle motor,PM,Praesodymium,1.0,4.0548488303443835e-05,No comparison,
Canada,Buses,BEV,2026,510.6688720634022,5.6752374182090595,Global Net-zero,Vehicle motor,PM,Copper,13884.5,40.23960097566755,No comparison,
Canada,Buses,BEV,2026,510.6688720634022,5.6752374182090595,Global Net-zero,Vehicle motor,PM,Dysprosium,83.0,0.24054786855705332,Variability in data,
Canada,Buses,BEV,2026,510.6688720634022,5.6752374182090595,Global Net-zero,Vehicle motor,PM,Neodymium,695.0,2.0142261282789407,Small variability in data,
Canada,Buses,BEV,2026,510.6688720634022,5.6752374182090595,Global Net-zero,Vehicle motor,PM,Praesodymium,1.0,0.0028981670910488352,No comparison,
Canada,Cars,BEV,2026,462033.7413906972,1.0,Global Net-zero,Vehicle motor,PM,Copper,13884.5,6415.1074823391355,No comparison,
Canada,Cars,BEV,2026,462033.7413906972,1.0,Global Net-zero,Vehicle motor,PM,Dysprosium,83.0,38.34880053542787,Variability in data,
Canada,Cars,BEV,2026,462033.7413906972,1.0,Global Net-zero,Vehicle motor,PM,Neodymium,695.0,321.1134502665346,Small variability in data,
Canada,Cars,BEV,2026,462033.7413906972,1.0,Global Net-zero,Vehicle motor,PM,Praesodymium,1.0,0.4620337413906972,No comparison,
Canada,Trucks,BEV,2026,4863.513067270497,3.6892781241792854,Global Net-zero,Vehicle motor,PM,Copper,13884.5,249.12753367213287,No comparison,
Canada,Trucks,BEV,2026,4863.513067270497,3.6892781241792854,Global Net-zero,Vehicle motor,PM,Dysprosium,83.0,1.4892567463565147,Variability in data,
Canada,Trucks,BEV,2026,4863.513067270497,3.6892781241792854,Global Net-zero,Vehicle motor,PM,Neodymium,695.0,12.470282394190093,Small variability in data,
Canada,Trucks,BEV,2026,4863.513067270497,3.6892781241792854,Global Net-zero,Vehicle motor,PM,Praesodymium,1.0,0.01794285236574114,No comparison,
Canada,Vans,BEV,2026,26749.321869987732,1.9577507575642077,Global Net-zero,Vehicle motor,PM,Copper,13884.5,727.1105098287254,No comparison,
Canada,Vans,BEV,2026,26749.321869987732,1.9577507575642077,Global Net-zero,Vehicle motor,PM,Dysprosium,83.0,4.346585927889676,Variability in data,
Canada,Vans,BEV,2026,26749.321869987732,1.9577507575642077,Global Net-zero,Vehicle motor,PM,Neodymium,695.0,36.39611108293163,Small variability in data,
Canada,Vans,BEV,2026,26749.321869987732,1.9577507575642077,Global Net-zero,Vehicle motor,PM,Praesodymium,1.0,0.05236850515529731,No comparison,
Canada,Buses,FCEV,2026,31.61283493725823,5.6752374182090595,Global Net-zero,Vehicle motor,PM,Copper,13884.5,2.4910229175413248,No comparison,
Canada,Buses,FCEV,2026,31.61283493725823,5.6752374182090595,Global Net-zero,Vehicle motor,PM,Dysprosium,83.0,0.01489105852972235,Variability in data,
Canada,Buses,FCEV,2026,31.61283493725823,5.6752374182090595,Global Net-zero,Vehicle motor,PM,Neodymium,695.0,0.12469018889345822,Small variability in data,
Canada,Buses,FCEV,2026,31.61283493725823,5.6752374182090595,Global Net-zero,Vehicle motor,PM,Praesodymium,1.0,0.00017941034373159456,No comparison,
Canada,Cars,FCEV,2026,48.63513067270497,1.0,Global Net-zero,Vehicle motor,PM,Copper,13884.5,0.6752744718251721,No comparison,
Canada,Cars,FCEV,2026,48.63513067270497,1.0,Global Net-zero,Vehicle motor,PM,Dysprosium,83.0,0.004036715845834512,Variability in data,
Canada,Cars,FCEV,2026,48.63513067270497,1.0,Global Net-zero,Vehicle motor,PM,Neodymium,695.0,0.033801415817529955,Small variability in data,
Canada,Cars,FCEV,2026,48.63513067270497,1.0,Global Net-zero,Vehicle motor,PM,Praesodymium,1.0,4.863513067270497e-05,No comparison,
Canada,Trucks,FCEV,2026,14.590539201811492,3.6892781241792854,Global Net-zero,Vehicle motor,PM,Copper,13884.5,0.7473826010163986,No comparison,
Canada,Trucks,FCEV,2026,14.590539201811492,3.6892781241792854,Global Net-zero,Vehicle motor,PM,Dysprosium,83.0,0.004467770239069544,Variability in data,
Canada,Trucks,FCEV,2026,14.590539201811492,3.6892781241792854,Global Net-zero,Vehicle motor,PM,Neodymium,695.0,0.03741084718257028,Small variability in data,
Canada,Trucks,FCEV,2026,14.590539201811492,3.6892781241792854,Global Net-zero,Vehicle motor,PM,Praesodymium,1.0,5.382855709722342e-05,No comparison,
Canada,Cars,PHEV,2026,150768.9050853854,1.0,Global Net-zero,Vehicle motor,PM,Copper,13884.5,2093.3508626580337,No comparison,
Canada,Cars,PHEV,2026,150768.9050853854,1.0,Global Net-zero,Vehicle motor,PM,Dysprosium,83.0,12.51381912208699,Variability in data,
Canada,Cars,PHEV,2026,150768.9050853854,1.0,Global Net-zero,Vehicle motor,PM,Neodymium,695.0,104.78438903434285,Small variability in data,
Canada,Cars,PHEV,2026,150768.9050853854,1.0,Global Net-zero,Vehicle motor,PM,Praesodymium,1.0,0.1507689050853854,No comparison,
Canada,Vans,PHEV,2026,15563.24181526559,1.9577507575642077,Global Net-zero,Vehicle motor,PM,Copper,13884.5,423.0461148094403,No comparison,
Canada,Vans,PHEV,2026,15563.24181526559,1.9577507575642077,Global Net-zero,Vehicle motor,PM,Dysprosium,83.0,2.5289227216812664,Variability in data,
Canada,Vans,PHEV,2026,15563.24181526559,1.9577507575642077,Global Net-zero,Vehicle motor,PM,Neodymium,695.0,21.17591917552386,Small variability in data,
Canada,Vans,PHEV,2026,15563.24181526559,1.9577507575642077,Global Net-zero,Vehicle motor,PM,Praesodymium,1.0,0.030468948453991163,No comparison,
Canada,2 and 3 wheelers,BEV,2027,622.1203651287857,0.09808569078889517,Global Net-zero,Vehicle motor,PM,Copper,13884.5,0.847247543028807,No comparison,
Canada,2 and 3 wheelers,BEV,2027,622.1203651287857,0.09808569078889517,Global Net-zero,Vehicle motor,PM,Dysprosium,83.0,0.005064751778702221,Variability in data,
Canada,2 and 3 wheelers,BEV,2027,622.1203651287857,0.09808569078889517,Global Net-zero,Vehicle motor,PM,Neodymium,695.0,0.042409668508410166,Small variability in data,
Canada,2 and 3 wheelers,BEV,2027,622.1203651287857,0.09808569078889517,Global Net-zero,Vehicle motor,PM,Praesodymium,1.0,6.102110576749663e-05,No comparison,
Canada,Buses,BEV,2027,768.5016275120294,5.6752374182090595,Global Net-zero,Vehicle motor,PM,Copper,13884.5,60.55626362202817,No comparison,
Canada,Buses,BEV,2027,768.5016275120294,5.6752374182090595,Global Net-zero,Vehicle motor,PM,Dysprosium,83.0,0.36199862297009894,Variability in data,
Canada,Buses,BEV,2027,768.5016275120294,5.6752374182090595,Global Net-zero,Vehicle motor,PM,Neodymium,695.0,3.031193288725527,Small variability in data,
Canada,Buses,BEV,2027,768.5016275120294,5.6752374182090595,Global Net-zero,Vehicle motor,PM,Praesodymium,1.0,0.00436142919241083,No comparison,
Canada,Cars,BEV,2027,695310.9963204076,1.0,Global Net-zero,Vehicle motor,PM,Copper,13884.5,9654.0455284107,No comparison,
Canada,Cars,BEV,2027,695310.9963204076,1.0,Global Net-zero,Vehicle motor,PM,Dysprosium,83.0,57.710812694593834,Variability in data,
Canada,Cars,BEV,2027,695310.9963204076,1.0,Global Net-zero,Vehicle motor,PM,Neodymium,695.0,483.24114244268327,Small variability in data,
Canada,Cars,BEV,2027,695310.9963204076,1.0,Global Net-zero,Vehicle motor,PM,Praesodymium,1.0,0.6953109963204076,No comparison,
Canada,Trucks,BEV,2027,7319.063119162185,3.6892781241792854,Global Net-zero,Vehicle motor,PM,Copper,13884.5,374.91009450312043,No comparison,
Canada,Trucks,BEV,2027,7319.063119162185,3.6892781241792854,Global Net-zero,Vehicle motor,PM,Dysprosium,83.0,2.241170934766034,Variability in data,
Canada,Trucks,BEV,2027,7319.063119162185,3.6892781241792854,Global Net-zero,Vehicle motor,PM,Neodymium,695.0,18.766431321233657,Small variability in data,
Canada,Trucks,BEV,2027,7319.063119162185,3.6892781241792854,Global Net-zero,Vehicle motor,PM,Praesodymium,1.0,0.027002059455012457,No comparison,
Canada,Vans,BEV,2027,40254.84715539202,1.9577507575642077,Global Net-zero,Vehicle motor,PM,Copper,13884.5,1094.222970604523,No comparison,
Canada,Vans,BEV,2027,40254.84715539202,1.9577507575642077,Global Net-zero,Vehicle motor,PM,Dysprosium,83.0,6.541143473670309,Variability in data,
Canada,Vans,BEV,2027,40254.84715539202,1.9577507575642077,Global Net-zero,Vehicle motor,PM,Neodymium,695.0,54.772225472299574,Small variability in data,
Canada,Vans,BEV,2027,40254.84715539202,1.9577507575642077,Global Net-zero,Vehicle motor,PM,Praesodymium,1.0,0.07880895751410011,No comparison,
Canada,Buses,FCEV,2027,47.5739102745542,5.6752374182090595,Global Net-zero,Vehicle motor,PM,Copper,13884.5,3.7487210813636485,No comparison,
Canada,Buses,FCEV,2027,47.5739102745542,5.6752374182090595,Global Net-zero,Vehicle motor,PM,Dysprosium,83.0,0.022409438564815646,Variability in data,
Canada,Buses,FCEV,2027,47.5739102745542,5.6752374182090595,Global Net-zero,Vehicle motor,PM,Neodymium,695.0,0.18764529882586595,Small variability in data,
Canada,Buses,FCEV,2027,47.5739102745542,5.6752374182090595,Global Net-zero,Vehicle motor,PM,Praesodymium,1.0,0.0002699932357206704,No comparison,
Canada,Cars,FCEV,2027,73.19063119162185,1.0,Global Net-zero,Vehicle motor,PM,Copper,13884.5,1.0162153187800735,No comparison,
Canada,Cars,FCEV,2027,73.19063119162185,1.0,Global Net-zero,Vehicle motor,PM,Dysprosium,83.0,0.006074822388904613,Variability in data,
Canada,Cars,FCEV,2027,73.19063119162185,1.0,Global Net-zero,Vehicle motor,PM,Neodymium,695.0,0.05086748867817718,Small variability in data,
Canada,Cars,FCEV,2027,73.19063119162185,1.0,Global Net-zero,Vehicle motor,PM,Praesodymium,1.0,7.319063119162185e-05,No comparison,
Canada,Trucks,FCEV,2027,21.957189357486556,3.6892781241792854,Global Net-zero,Vehicle motor,PM,Copper,13884.5,1.1247302835093613,No comparison,
Canada,Trucks,FCEV,2027,21.957189357486556,3.6892781241792854,Global Net-zero,Vehicle motor,PM,Dysprosium,83.0,0.006723512804298101,Variability in data,
Canada,Trucks,FCEV,2027,21.957189357486556,3.6892781241792854,Global Net-zero,Vehicle motor,PM,Neodymium,695.0,0.056299293963700967,Small variability in data,
Canada,Trucks,FCEV,2027,21.957189357486556,3.6892781241792854,Global Net-zero,Vehicle motor,PM,Praesodymium,1.0,8.100617836503737e-05,No comparison,
Canada,Cars,PHEV,2027,226890.95669402773,1.0,Global Net-zero,Vehicle motor,PM,Copper,13884.5,3150.2674882182278,No comparison,
Canada,Cars,PHEV,2027,226890.95669402773,1.0,Global Net-zero,Vehicle motor,PM,Dysprosium,83.0,18.831949405604302,Variability in data,
Canada,Cars,PHEV,2027,226890.95669402773,1.0,Global Net-zero,Vehicle motor,PM,Neodymium,695.0,157.68921490234925,Small variability in data,
Canada,Cars,PHEV,2027,226890.95669402773,1.0,Global Net-zero,Vehicle motor,PM,Praesodymium,1.0,0.22689095669402773,No comparison,
Canada,Vans,PHEV,2027,23421.00198131899,1.9577507575642077,Global Net-zero,Vehicle motor,PM,Copper,13884.5,636.6388192608133,No comparison,
Canada,Vans,PHEV,2027,23421.00198131899,1.9577507575642077,Global Net-zero,Vehicle motor,PM,Dysprosium,83.0,3.8057562028627245,Variability in data,
Canada,Vans,PHEV,2027,23421.00198131899,1.9577507575642077,Global Net-zero,Vehicle motor,PM,Neodymium,695.0,31.86747663842884,Small variability in data,
Canada,Vans,PHEV,2027,23421.00198131899,1.9577507575642077,Global Net-zero,Vehicle motor,PM,Praesodymium,1.0,0.04585248437184006,No comparison,
Canada,2 and 3 wheelers,BEV,2028,872.1722568166807,0.09808569078889517,Global Net-zero,Vehicle motor,PM,Copper,13884.5,1.187785906241556,No comparison,
Canada,2 and 3 wheelers,BEV,2028,872.1722568166807,0.09808569078889517,Global Net-zero,Vehicle motor,PM,Dysprosium,83.0,0.007100452318632227,Variability in data,
Canada,2 and 3 wheelers,BEV,2028,872.1722568166807,0.09808569078889517,Global Net-zero,Vehicle motor,PM,Neodymium,695.0,0.059455594716257804,Small variability in data,
Canada,2 and 3 wheelers,BEV,2028,872.1722568166807,0.09808569078889517,Global Net-zero,Vehicle motor,PM,Praesodymium,1.0,8.554761829677382e-05,No comparison,
Canada,Buses,BEV,2028,1077.3892584206055,5.6752374182090595,Global Net-zero,Vehicle motor,PM,Copper,13884.5,84.89593986635816,No comparison,
Canada,Buses,BEV,2028,1077.3892584206055,5.6752374182090595,Global Net-zero,Vehicle motor,PM,Dysprosium,83.0,0.5074985061693058,Variability in data,
Canada,Buses,BEV,2028,1077.3892584206055,5.6752374182090595,Global Net-zero,Vehicle motor,PM,Neodymium,695.0,4.249535684188765,Small variability in data,
Canada,Buses,BEV,2028,1077.3892584206055,5.6752374182090595,Global Net-zero,Vehicle motor,PM,Praesodymium,1.0,0.0061144398333651305,No comparison,
Canada,Cars,BEV,2028,974780.7576186432,1.0,Global Net-zero,Vehicle motor,PM,Copper,13884.5,13534.343429156052,No comparison,
Canada,Cars,BEV,2028,974780.7576186432,1.0,Global Net-zero,Vehicle motor,PM,Dysprosium,83.0,80.90680288234739,Variability in data,
Canada,Cars,BEV,2028,974780.7576186432,1.0,Global Net-zero,Vehicle motor,PM,Neodymium,695.0,677.472626544957,Small variability in data,
Canada,Cars,BEV,2028,974780.7576186432,1.0,Global Net-zero,Vehicle motor,PM,Praesodymium,1.0,0.9747807576186432,No comparison,
Canada,Trucks,BEV,2028,10260.850080196244,3.6892781241792854,Global Net-zero,Vehicle motor,PM,Copper,13884.5,525.5995488243691,No comparison,
Canada,Trucks,BEV,2028,10260.850080196244,3.6892781241792854,Global Net-zero,Vehicle motor,PM,Dysprosium,83.0,3.1419757681171547,Variability in data,
Canada,Trucks,BEV,2028,10260.850080196244,3.6892781241792854,Global Net-zero,Vehicle motor,PM,Neodymium,695.0,26.30931516676413,Small variability in data,
Canada,Trucks,BEV,2028,10260.850080196244,3.6892781241792854,Global Net-zero,Vehicle motor,PM,Praesodymium,1.0,0.037855129736351266,No comparison,
Canada,Vans,BEV,2028,56434.675441079344,1.9577507575642077,Global Net-zero,Vehicle motor,PM,Copper,13884.5,1534.0293795642558,No comparison,
Canada,Vans,BEV,2028,56434.675441079344,1.9577507575642077,Global Net-zero,Vehicle motor,PM,Dysprosium,83.0,9.170257373606052,Variability in data,
Canada,Vans,BEV,2028,56434.675441079344,1.9577507575642077,Global Net-zero,Vehicle motor,PM,Neodymium,695.0,76.78709487537597,Small variability in data,
Canada,Vans,BEV,2028,56434.675441079344,1.9577507575642077,Global Net-zero,Vehicle motor,PM,Praesodymium,1.0,0.11048502859766328,No comparison,
Canada,Buses,FCEV,2028,66.69552552127558,5.6752374182090595,Global Net-zero,Vehicle motor,PM,Copper,13884.5,5.255462944107887,No comparison,
Canada,Buses,FCEV,2028,66.69552552127558,5.6752374182090595,Global Net-zero,Vehicle motor,PM,Dysprosium,83.0,0.03141657419143322,Variability in data,
Canada,Buses,FCEV,2028,66.69552552127558,5.6752374182090595,Global Net-zero,Vehicle motor,PM,Neodymium,695.0,0.2630664947354951,Small variability in data,
Canada,Buses,FCEV,2028,66.69552552127558,5.6752374182090595,Global Net-zero,Vehicle motor,PM,Praesodymium,1.0,0.0003785129420654605,No comparison,
Canada,Cars,FCEV,2028,102.60850080196244,1.0,Global Net-zero,Vehicle motor,PM,Copper,13884.5,1.4246677293848475,No comparison,
Canada,Cars,FCEV,2028,102.60850080196244,1.0,Global Net-zero,Vehicle motor,PM,Dysprosium,83.0,0.008516505566562882,Variability in data,
Canada,Cars,FCEV,2028,102.60850080196244,1.0,Global Net-zero,Vehicle motor,PM,Neodymium,695.0,0.0713129080573639,Small variability in data,
Canada,Cars,FCEV,2028,102.60850080196244,1.0,Global Net-zero,Vehicle motor,PM,Praesodymium,1.0,0.00010260850080196243,No comparison,
Canada,Trucks,FCEV,2028,30.782550240588733,3.6892781241792854,Global Net-zero,Vehicle motor,PM,Copper,13884.5,1.5767986464731076,No comparison,
Canada,Trucks,FCEV,2028,30.782550240588733,3.6892781241792854,Global Net-zero,Vehicle motor,PM,Dysprosium,83.0,0.009425927304351467,Variability in data,
Canada,Trucks,FCEV,2028,30.782550240588733,3.6892781241792854,Global Net-zero,Vehicle motor,PM,Neodymium,695.0,0.07892794550029239,Small variability in data,
Canada,Trucks,FCEV,2028,30.782550240588733,3.6892781241792854,Global Net-zero,Vehicle motor,PM,Praesodymium,1.0,0.00011356538920905381,No comparison,
Canada,Cars,PHEV,2028,318086.3524860836,1.0,Global Net-zero,Vehicle motor,PM,Copper,13884.5,4416.469961093027,No comparison,
Canada,Cars,PHEV,2028,318086.3524860836,1.0,Global Net-zero,Vehicle motor,PM,Dysprosium,83.0,26.401167256344937,Variability in data,
Canada,Cars,PHEV,2028,318086.3524860836,1.0,Global Net-zero,Vehicle motor,PM,Neodymium,695.0,221.0700149778281,Small variability in data,
Canada,Cars,PHEV,2028,318086.3524860836,1.0,Global Net-zero,Vehicle motor,PM,Praesodymium,1.0,0.3180863524860836,No comparison,
Canada,Vans,PHEV,2028,32834.72025662798,1.9577507575642077,Global Net-zero,Vehicle motor,PM,Copper,13884.5,892.5261844737488,No comparison,
Canada,Vans,PHEV,2028,32834.72025662798,1.9577507575642077,Global Net-zero,Vehicle motor,PM,Dysprosium,83.0,5.335422471916248,Variability in data,
Canada,Vans,PHEV,2028,32834.72025662798,1.9577507575642077,Global Net-zero,Vehicle motor,PM,Neodymium,695.0,44.67612792749148,Small variability in data,
Canada,Vans,PHEV,2028,32834.72025662798,1.9577507575642077,Global Net-zero,Vehicle motor,PM,Praesodymium,1.0,0.06428219845682227,No comparison,
Canada,2 and 3 wheelers,BEV,2029,1161.0461482215303,0.09808569078889517,Global Net-zero,Vehicle motor,PM,Copper,13884.5,1.581194816247683,No comparison,
Canada,2 and 3 wheelers,BEV,2029,1161.0461482215303,0.09808569078889517,Global Net-zero,Vehicle motor,PM,Dysprosium,83.0,0.009452207119345867,Variability in data,
Canada,2 and 3 wheelers,BEV,2029,1161.0461482215303,0.09808569078889517,Global Net-zero,Vehicle motor,PM,Neodymium,695.0,0.07914799937283587,Small variability in data,
Canada,2 and 3 wheelers,BEV,2029,1161.0461482215303,0.09808569078889517,Global Net-zero,Vehicle motor,PM,Praesodymium,1.0,0.00011388201348609477,No comparison,
Canada,Buses,BEV,2029,1434.2334772148315,5.6752374182090595,Global Net-zero,Vehicle motor,PM,Copper,13884.5,113.01449135890083,No comparison,
Canada,Buses,BEV,2029,1434.2334772148315,5.6752374182090595,Global Net-zero,Vehicle motor,PM,Dysprosium,83.0,0.6755880861960293,Variability in data,
Canada,Buses,BEV,2029,1434.2334772148315,5.6752374182090595,Global Net-zero,Vehicle motor,PM,Neodymium,695.0,5.657032769954703,Small variability in data,
Canada,Buses,BEV,2029,1434.2334772148315,5.6752374182090595,Global Net-zero,Vehicle motor,PM,Praesodymium,1.0,0.008139615496337703,No comparison,
Canada,Cars,BEV,2029,1297639.8127181807,1.0,Global Net-zero,Vehicle motor,PM,Copper,13884.5,18017.079979685583,No comparison,
Canada,Cars,BEV,2029,1297639.8127181807,1.0,Global Net-zero,Vehicle motor,PM,Dysprosium,83.0,107.704104455609,Variability in data,
Canada,Cars,BEV,2029,1297639.8127181807,1.0,Global Net-zero,Vehicle motor,PM,Neodymium,695.0,901.8596698391357,Small variability in data,
Canada,Cars,BEV,2029,1297639.8127181807,1.0,Global Net-zero,Vehicle motor,PM,Praesodymium,1.0,1.2976398127181807,No comparison,
Canada,Trucks,BEV,2029,13659.366449665062,3.6892781241792854,Global Net-zero,Vehicle motor,PM,Copper,13884.5,699.6844108488693,No comparison,
Canada,Trucks,BEV,2029,13659.366449665062,3.6892781241792854,Global Net-zero,Vehicle motor,PM,Dysprosium,83.0,4.182635752130516,Variability in data,
Canada,Trucks,BEV,2029,13659.366449665062,3.6892781241792854,Global Net-zero,Vehicle motor,PM,Neodymium,695.0,35.023275273863966,Small variability in data,
Canada,Trucks,BEV,2029,13659.366449665062,3.6892781241792854,Global Net-zero,Vehicle motor,PM,Praesodymium,1.0,0.050393201832897784,No comparison,
Canada,Vans,BEV,2029,75126.51547315784,1.9577507575642077,Global Net-zero,Vehicle motor,PM,Copper,13884.5,2042.1182724872003,No comparison,
Canada,Vans,BEV,2029,75126.51547315784,1.9577507575642077,Global Net-zero,Vehicle motor,PM,Dysprosium,83.0,12.207556384200915,Variability in data,
Canada,Vans,BEV,2029,75126.51547315784,1.9577507575642077,Global Net-zero,Vehicle motor,PM,Neodymium,695.0,102.21989984361008,Small variability in data,
Canada,Vans,BEV,2029,75126.51547315784,1.9577507575642077,Global Net-zero,Vehicle motor,PM,Praesodymium,1.0,0.14707899258073392,No comparison,
Canada,Buses,FCEV,2029,88.7858819228229,5.6752374182090595,Global Net-zero,Vehicle motor,PM,Copper,13884.5,6.996135179360526,No comparison,
Canada,Buses,FCEV,2029,88.7858819228229,5.6752374182090595,Global Net-zero,Vehicle motor,PM,Dysprosium,83.0,0.04182211962165895,Variability in data,
Canada,Buses,FCEV,2029,88.7858819228229,5.6752374182090595,Global Net-zero,Vehicle motor,PM,Neodymium,695.0,0.35019726671148155,Small variability in data,
Canada,Buses,FCEV,2029,88.7858819228229,5.6752374182090595,Global Net-zero,Vehicle motor,PM,Praesodymium,1.0,0.0005038809592970958,No comparison,
Canada,Cars,FCEV,2029,136.5936644966506,1.0,Global Net-zero,Vehicle motor,PM,Copper,13884.5,1.8965347347037451,No comparison,
Canada,Cars,FCEV,2029,136.5936644966506,1.0,Global Net-zero,Vehicle motor,PM,Dysprosium,83.0,0.011337274153222,Variability in data,
Canada,Cars,FCEV,2029,136.5936644966506,1.0,Global Net-zero,Vehicle motor,PM,Neodymium,695.0,0.09493259682517216,Small variability in data,
Canada,Cars,FCEV,2029,136.5936644966506,1.0,Global Net-zero,Vehicle motor,PM,Praesodymium,1.0,0.00013659366449665061,No comparison,
Canada,Trucks,FCEV,2029,40.97809934899519,3.6892781241792854,Global Net-zero,Vehicle motor,PM,Copper,13884.5,2.099053232546608,No comparison,
Canada,Trucks,FCEV,2029,40.97809934899519,3.6892781241792854,Global Net-zero,Vehicle motor,PM,Dysprosium,83.0,0.012547907256391549,Variability in data,
Canada,Trucks,FCEV,2029,40.97809934899519,3.6892781241792854,Global Net-zero,Vehicle motor,PM,Neodymium,695.0,0.10506982582159187,Small variability in data,
Canada,Trucks,FCEV,2029,40.97809934899519,3.6892781241792854,Global Net-zero,Vehicle motor,PM,Praesodymium,1.0,0.00015117960549869335,No comparison,
Canada,Cars,PHEV,2029,423440.3599396169,1.0,Global Net-zero,Vehicle motor,PM,Copper,13884.5,5879.257677581611,No comparison,
Canada,Cars,PHEV,2029,423440.3599396169,1.0,Global Net-zero,Vehicle motor,PM,Dysprosium,83.0,35.1455498749882,Variability in data,
Canada,Cars,PHEV,2029,423440.3599396169,1.0,Global Net-zero,Vehicle motor,PM,Neodymium,695.0,294.2910501580337,Small variability in data,
Canada,Cars,PHEV,2029,423440.3599396169,1.0,Global Net-zero,Vehicle motor,PM,Praesodymium,1.0,0.4234403599396169,No comparison,
Canada,Vans,PHEV,2029,43709.97263892819,1.9577507575642077,Global Net-zero,Vehicle motor,PM,Copper,13884.5,1188.1415403561894,No comparison,
Canada,Vans,PHEV,2029,43709.97263892819,1.9577507575642077,Global Net-zero,Vehicle motor,PM,Dysprosium,83.0,7.102578259898714,Variability in data,
Canada,Vans,PHEV,2029,43709.97263892819,1.9577507575642077,Global Net-zero,Vehicle motor,PM,Neodymium,695.0,59.473396272645864,Small variability in data,
Canada,Vans,PHEV,2029,43709.97263892819,1.9577507575642077,Global Net-zero,Vehicle motor,PM,Praesodymium,1.0,0.08557323204697247,No comparison,
Canada,2 and 3 wheelers,BEV,2030,1464.6149990565148,0.09808569078889517,Global Net-zero,Vehicle motor,PM,Copper,13884.5,1.994616362023276,No comparison,
Canada,2 and 3 wheelers,BEV,2030,1464.6149990565148,0.09808569078889517,Global Net-zero,Vehicle motor,PM,Dysprosium,83.0,0.01192359523554553,Variability in data,
Canada,2 and 3 wheelers,BEV,2030,1464.6149990565148,0.09808569078889517,Global Net-zero,Vehicle motor,PM,Neodymium,695.0,0.09984215287595354,Small variability in data,
Canada,2 and 3 wheelers,BEV,2030,1464.6149990565148,0.09808569078889517,Global Net-zero,Vehicle motor,PM,Praesodymium,1.0,0.0001436577739222353,No comparison,
Canada,Buses,BEV,2030,1809.2302929521652,5.6752374182090595,Global Net-zero,Vehicle motor,PM,Copper,13884.5,142.56342817082142,No comparison,
Canada,Buses,BEV,2030,1809.2302929521652,5.6752374182090595,Global Net-zero,Vehicle motor,PM,Dysprosium,83.0,0.8522283509077158,Variability in data,
Canada,Buses,BEV,2030,1809.2302929521652,5.6752374182090595,Global Net-zero,Vehicle motor,PM,Neodymium,695.0,7.136128962420028,Small variability in data,
Canada,Buses,BEV,2030,1809.2302929521652,5.6752374182090595,Global Net-zero,Vehicle motor,PM,Praesodymium,1.0,0.010267811456719466,No comparison,
Canada,Cars,BEV,2030,1636922.64600434,1.0,Global Net-zero,Vehicle motor,PM,Copper,13884.5,22727.852478447257,No comparison,
Canada,Cars,BEV,2030,1636922.64600434,1.0,Global Net-zero,Vehicle motor,PM,Dysprosium,83.0,135.8645796183602,Variability in data,
Canada,Cars,BEV,2030,1636922.64600434,1.0,Global Net-zero,Vehicle motor,PM,Neodymium,695.0,1137.6612389730162,Small variability in data,
Canada,Cars,BEV,2030,1636922.64600434,1.0,Global Net-zero,Vehicle motor,PM,Praesodymium,1.0,1.63692264600434,No comparison,
Canada,Trucks,BEV,2030,17230.764694782527,3.6892781241792854,Global Net-zero,Vehicle motor,PM,Copper,13884.5,882.6249364032572,No comparison,
Canada,Trucks,BEV,2030,17230.764694782527,3.6892781241792854,Global Net-zero,Vehicle motor,PM,Dysprosium,83.0,5.276233909861381,Variability in data,
Canada,Trucks,BEV,2030,17230.764694782527,3.6892781241792854,Global Net-zero,Vehicle motor,PM,Neodymium,695.0,44.18051285968265,Small variability in data,
Canada,Trucks,BEV,2030,17230.764694782527,3.6892781241792854,Global Net-zero,Vehicle motor,PM,Praesodymium,1.0,0.06356908325134193,No comparison,
Canada,Vans,BEV,2030,94769.20582130388,1.9577507575642077,Global Net-zero,Vehicle motor,PM,Copper,13884.5,2576.053549907181,No comparison,
Canada,Vans,BEV,2030,94769.20582130388,1.9577507575642077,Global Net-zero,Vehicle motor,PM,Dysprosium,83.0,15.399362212704528,Variability in data,
Canada,Vans,BEV,2030,94769.20582130388,1.9577507575642077,Global Net-zero,Vehicle motor,PM,Neodymium,695.0,128.94646672083914,Small variability in data,
Canada,Vans,BEV,2030,94769.20582130388,1.9577507575642077,Global Net-zero,Vehicle motor,PM,Praesodymium,1.0,0.185534484490416,No comparison,
Canada,Buses,FCEV,2030,111.99997051608642,5.6752374182090595,Global Net-zero,Vehicle motor,PM,Copper,13884.5,8.825355077241328,No comparison,
Canada,Buses,FCEV,2030,111.99997051608642,5.6752374182090595,Global Net-zero,Vehicle motor,PM,Dysprosium,83.0,0.052756993151430016,Variability in data,
Canada,Buses,FCEV,2030,111.99997051608642,5.6752374182090595,Global Net-zero,Vehicle motor,PM,Neodymium,695.0,0.44176036434028754,Small variability in data,
Canada,Buses,FCEV,2030,111.99997051608642,5.6752374182090595,Global Net-zero,Vehicle motor,PM,Praesodymium,1.0,0.0006356264235112051,No comparison,
Canada,Cars,FCEV,2030,172.30764694782525,1.0,Global Net-zero,Vehicle motor,PM,Copper,13884.5,2.3924055240470796,No comparison,
Canada,Cars,FCEV,2030,172.30764694782525,1.0,Global Net-zero,Vehicle motor,PM,Dysprosium,83.0,0.014301534696669496,Variability in data,
Canada,Cars,FCEV,2030,172.30764694782525,1.0,Global Net-zero,Vehicle motor,PM,Neodymium,695.0,0.11975381462873855,Small variability in data,
Canada,Cars,FCEV,2030,172.30764694782525,1.0,Global Net-zero,Vehicle motor,PM,Praesodymium,1.0,0.00017230764694782524,No comparison,
Canada,Trucks,FCEV,2030,51.69229408434758,3.6892781241792854,Global Net-zero,Vehicle motor,PM,Copper,13884.5,2.6478748092097715,No comparison,
Canada,Trucks,FCEV,2030,51.69229408434758,3.6892781241792854,Global Net-zero,Vehicle motor,PM,Dysprosium,83.0,0.01582870172958414,Variability in data,
Canada,Trucks,FCEV,2030,51.69229408434758,3.6892781241792854,Global Net-zero,Vehicle motor,PM,Neodymium,695.0,0.13254153857904794,Small variability in data,
Canada,Trucks,FCEV,2030,51.69229408434758,3.6892781241792854,Global Net-zero,Vehicle motor,PM,Praesodymium,1.0,0.0001907072497540258,No comparison,
Canada,Cars,PHEV,2030,534153.7055382583,1.0,Global Net-zero,Vehicle motor,PM,Copper,13884.5,7416.457124545947,No comparison,
Canada,Cars,PHEV,2030,534153.7055382583,1.0,Global Net-zero,Vehicle motor,PM,Dysprosium,83.0,44.33475755967544,Variability in data,
Canada,Cars,PHEV,2030,534153.7055382583,1.0,Global Net-zero,Vehicle motor,PM,Neodymium,695.0,371.2368253490895,Small variability in data,
Canada,Cars,PHEV,2030,534153.7055382583,1.0,Global Net-zero,Vehicle motor,PM,Praesodymium,1.0,0.5341537055382584,No comparison,
Canada,Vans,PHEV,2030,55138.447023304085,1.9577507575642077,Global Net-zero,Vehicle motor,PM,Copper,13884.5,1498.794792673269,No comparison,
Canada,Vans,PHEV,2030,55138.447023304085,1.9577507575642077,Global Net-zero,Vehicle motor,PM,Dysprosium,83.0,8.959628923755362,Variability in data,
Canada,Vans,PHEV,2030,55138.447023304085,1.9577507575642077,Global Net-zero,Vehicle motor,PM,Neodymium,695.0,75.02339881939731,Small variability in data,
Canada,Vans,PHEV,2030,55138.447023304085,1.9577507575642077,Global Net-zero,Vehicle motor,PM,Praesodymium,1.0,0.10794733643078751,No comparison,
Canada,2 and 3 wheelers,BEV,2031,1800.0748891404849,0.09808569078889517,Global Net-zero,Vehicle motor,PM,Copper,13884.5,2.451469382096845,No comparison,
Canada,2 and 3 wheelers,BEV,2031,1800.0748891404849,0.09808569078889517,Global Net-zero,Vehicle motor,PM,Dysprosium,83.0,0.014654611884766335,Variability in data,
Canada,2 and 3 wheelers,BEV,2031,1800.0748891404849,0.09808569078889517,Global Net-zero,Vehicle motor,PM,Neodymium,695.0,0.12271030433629641,Small variability in data,
Canada,2 and 3 wheelers,BEV,2031,1800.0748891404849,0.09808569078889517,Global Net-zero,Vehicle motor,PM,Praesodymium,1.0,0.00017656158897308836,No comparison,
Canada,Buses,BEV,2031,2223.6219218794226,5.6752374182090595,Global Net-zero,Vehicle motor,PM,Copper,13884.5,175.2165909303081,No comparison,
Canada,Buses,BEV,2031,2223.6219218794226,5.6752374182090595,Global Net-zero,Vehicle motor,PM,Dysprosium,83.0,1.0474253338050035,Variability in data,
Canada,Buses,BEV,2031,2223.6219218794226,5.6752374182090595,Global Net-zero,Vehicle motor,PM,Neodymium,695.0,8.770609722825029,Small variability in data,
Canada,Buses,BEV,2031,2223.6219218794226,5.6752374182090595,Global Net-zero,Vehicle motor,PM,Praesodymium,1.0,0.01261958233500004,No comparison,
Canada,Cars,BEV,2031,2011848.4055099536,1.0,Global Net-zero,Vehicle motor,PM,Copper,13884.5,27933.509186302952,No comparison,
Canada,Cars,BEV,2031,2011848.4055099536,1.0,Global Net-zero,Vehicle motor,PM,Dysprosium,83.0,166.98341765732616,Variability in data,
Canada,Cars,BEV,2031,2011848.4055099536,1.0,Global Net-zero,Vehicle motor,PM,Neodymium,695.0,1398.2346418294178,Small variability in data,
Canada,Cars,BEV,2031,2011848.4055099536,1.0,Global Net-zero,Vehicle motor,PM,Praesodymium,1.0,2.0118484055099537,No comparison,
Canada,Trucks,BEV,2031,21177.35163694688,3.6892781241792854,Global Net-zero,Vehicle motor,PM,Copper,13884.5,1084.7840460272485,No comparison,
Canada,Trucks,BEV,2031,21177.35163694688,3.6892781241792854,Global Net-zero,Vehicle motor,PM,Dysprosium,83.0,6.484718630145962,Variability in data,
Canada,Trucks,BEV,2031,21177.35163694688,3.6892781241792854,Global Net-zero,Vehicle motor,PM,Neodymium,695.0,54.29975238495716,Small variability in data,
Canada,Trucks,BEV,2031,21177.35163694688,3.6892781241792854,Global Net-zero,Vehicle motor,PM,Praesodymium,1.0,0.07812914012224051,No comparison,
Canada,Vans,BEV,2031,116475.43400320785,1.9577507575642077,Global Net-zero,Vehicle motor,PM,Copper,13884.5,3166.080718315921,No comparison,
Canada,Vans,BEV,2031,116475.43400320785,1.9577507575642077,Global Net-zero,Vehicle motor,PM,Dysprosium,83.0,18.926479140064203,Variability in data,
Canada,Vans,BEV,2031,116475.43400320785,1.9577507575642077,Global Net-zero,Vehicle motor,PM,Neodymium,695.0,158.48075906439303,Small variability in data,
Canada,Vans,BEV,2031,116475.43400320785,1.9577507575642077,Global Net-zero,Vehicle motor,PM,Praesodymium,1.0,0.22802986915740003,No comparison,
Canada,Buses,FCEV,2031,137.65278564015472,5.6752374182090595,Global Net-zero,Vehicle motor,PM,Copper,13884.5,10.846741343304785,No comparison,
Canada,Buses,FCEV,2031,137.65278564015472,5.6752374182090595,Global Net-zero,Vehicle motor,PM,Dysprosium,83.0,0.06484061590221449,Variability in data,
Canada,Buses,FCEV,2031,137.65278564015472,5.6752374182090595,Global Net-zero,Vehicle motor,PM,Neodymium,695.0,0.5429425066510731,Small variability in data,
Canada,Buses,FCEV,2031,137.65278564015472,5.6752374182090595,Global Net-zero,Vehicle motor,PM,Praesodymium,1.0,0.0007812122397857168,No comparison,
Canada,Cars,FCEV,2031,211.7735163694688,1.0,Global Net-zero,Vehicle motor,PM,Copper,13884.5,2.9403693880318897,No comparison,
Canada,Cars,FCEV,2031,211.7735163694688,1.0,Global Net-zero,Vehicle motor,PM,Dysprosium,83.0,0.01757720185866591,Variability in data,
Canada,Cars,FCEV,2031,211.7735163694688,1.0,Global Net-zero,Vehicle motor,PM,Neodymium,695.0,0.14718259387678082,Small variability in data,
Canada,Cars,FCEV,2031,211.7735163694688,1.0,Global Net-zero,Vehicle motor,PM,Praesodymium,1.0,0.0002117735163694688,No comparison,
Canada,Trucks,FCEV,2031,63.53205491084064,3.6892781241792854,Global Net-zero,Vehicle motor,PM,Copper,13884.5,3.254352138081745,No comparison,
Canada,Trucks,FCEV,2031,63.53205491084064,3.6892781241792854,Global Net-zero,Vehicle motor,PM,Dysprosium,83.0,0.019454155890437887,Variability in data,
Canada,Trucks,FCEV,2031,63.53205491084064,3.6892781241792854,Global Net-zero,Vehicle motor,PM,Neodymium,695.0,0.16289925715487144,Small variability in data,
Canada,Trucks,FCEV,2031,63.53205491084064,3.6892781241792854,Global Net-zero,Vehicle motor,PM,Praesodymium,1.0,0.00023438742036672154,No comparison,
Canada,Cars,PHEV,2031,656497.9007453533,1.0,Global Net-zero,Vehicle motor,PM,Copper,13884.5,9115.145102898858,No comparison,
Canada,Cars,PHEV,2031,656497.9007453533,1.0,Global Net-zero,Vehicle motor,PM,Dysprosium,83.0,54.48932576186433,Variability in data,
Canada,Cars,PHEV,2031,656497.9007453533,1.0,Global Net-zero,Vehicle motor,PM,Neodymium,695.0,456.2660410180206,Small variability in data,
Canada,Cars,PHEV,2031,656497.9007453533,1.0,Global Net-zero,Vehicle motor,PM,Praesodymium,1.0,0.6564979007453533,No comparison,
Canada,Vans,PHEV,2031,67767.52523823002,1.9577507575642077,Global Net-zero,Vehicle motor,PM,Copper,13884.5,1842.0833270201722,No comparison,
Canada,Vans,PHEV,2031,67767.52523823002,1.9577507575642077,Global Net-zero,Vehicle motor,PM,Dysprosium,83.0,11.0117696814919,Variability in data,
Canada,Vans,PHEV,2031,67767.52523823002,1.9577507575642077,Global Net-zero,Vehicle motor,PM,Neodymium,695.0,92.20698709201048,Small variability in data,
Canada,Vans,PHEV,2031,67767.52523823002,1.9577507575642077,Global Net-zero,Vehicle motor,PM,Praesodymium,1.0,0.13267192387339638,No comparison,
Canada,2 and 3 wheelers,BEV,2032,2170.0432234173036,0.09808569078889517,Global Net-zero,Vehicle motor,PM,Copper,13884.5,2.9553184437645283,No comparison,
Canada,2 and 3 wheelers,BEV,2032,2170.0432234173036,0.09808569078889517,Global Net-zero,Vehicle motor,PM,Dysprosium,83.0,0.017666565654683702,Variability in data,
Canada,2 and 3 wheelers,BEV,2032,2170.0432234173036,0.09808569078889517,Global Net-zero,Vehicle motor,PM,Neodymium,695.0,0.14793088108439967,Small variability in data,
Canada,2 and 3 wheelers,BEV,2032,2170.0432234173036,0.09808569078889517,Global Net-zero,Vehicle motor,PM,Praesodymium,1.0,0.000212850188610647,No comparison,
Canada,Buses,BEV,2032,2680.641628927257,5.6752374182090595,Global Net-zero,Vehicle motor,PM,Copper,13884.5,211.22875391042817,No comparison,
Canada,Buses,BEV,2032,2680.641628927257,5.6752374182090595,Global Net-zero,Vehicle motor,PM,Dysprosium,83.0,1.262702047215639,Variability in data,
Canada,Buses,BEV,2032,2680.641628927257,5.6752374182090595,Global Net-zero,Vehicle motor,PM,Neodymium,695.0,10.573227985721312,Small variability in data,
Canada,Buses,BEV,2032,2680.641628927257,5.6752374182090595,Global Net-zero,Vehicle motor,PM,Praesodymium,1.0,0.015213277677296853,No comparison,
Canada,Cars,BEV,2032,2425342.42617228,1.0,Global Net-zero,Vehicle motor,PM,Copper,13884.5,33674.666916189024,No comparison,
Canada,Cars,BEV,2032,2425342.42617228,1.0,Global Net-zero,Vehicle motor,PM,Dysprosium,83.0,201.30342137229925,Variability in data,
Canada,Cars,BEV,2032,2425342.42617228,1.0,Global Net-zero,Vehicle motor,PM,Neodymium,695.0,1685.6129861897348,Small variability in data,
Canada,Cars,BEV,2032,2425342.42617228,1.0,Global Net-zero,Vehicle motor,PM,Praesodymium,1.0,2.4253424261722802,No comparison,
Canada,Trucks,BEV,2032,25529.920275497687,3.6892781241792854,Global Net-zero,Vehicle motor,PM,Copper,13884.5,1307.739073609685,No comparison,
Canada,Trucks,BEV,2032,25529.920275497687,3.6892781241792854,Global Net-zero,Vehicle motor,PM,Dysprosium,83.0,7.817519039908089,Variability in data,
Canada,Trucks,BEV,2032,25529.920275497687,3.6892781241792854,Global Net-zero,Vehicle motor,PM,Neodymium,695.0,65.45994858718218,Small variability in data,
Canada,Trucks,BEV,2032,25529.920275497687,3.6892781241792854,Global Net-zero,Vehicle motor,PM,Praesodymium,1.0,0.09418697638443481,No comparison,
Canada,Vans,BEV,2032,140414.5615152373,1.9577507575642077,Global Net-zero,Vehicle motor,PM,Copper,13884.5,3816.8034280252937,No comparison,
Canada,Vans,BEV,2032,140414.5615152373,1.9577507575642077,Global Net-zero,Vehicle motor,PM,Dysprosium,83.0,22.816427276898658,Variability in data,
Canada,Vans,BEV,2032,140414.5615152373,1.9577507575642077,Global Net-zero,Vehicle motor,PM,Neodymium,695.0,191.0532163547538,Small variability in data,
Canada,Vans,BEV,2032,140414.5615152373,1.9577507575642077,Global Net-zero,Vehicle motor,PM,Praesodymium,1.0,0.27489671417950184,No comparison,
Canada,Buses,FCEV,2032,165.94448179073498,5.6752374182090595,Global Net-zero,Vehicle motor,PM,Copper,13884.5,13.076065718264601,No comparison,
Canada,Buses,FCEV,2032,165.94448179073498,5.6752374182090595,Global Net-zero,Vehicle motor,PM,Dysprosium,83.0,0.07816726958953955,Variability in data,
Canada,Buses,FCEV,2032,165.94448179073498,5.6752374182090595,Global Net-zero,Vehicle motor,PM,Neodymium,695.0,0.6545331610208434,Small variability in data,
Canada,Buses,FCEV,2032,165.94448179073498,5.6752374182090595,Global Net-zero,Vehicle motor,PM,Praesodymium,1.0,0.0009417743324040911,No comparison,
Canada,Cars,FCEV,2032,255.29920275497687,1.0,Global Net-zero,Vehicle motor,PM,Copper,13884.5,3.5447017806514762,No comparison,
Canada,Cars,FCEV,2032,255.29920275497687,1.0,Global Net-zero,Vehicle motor,PM,Dysprosium,83.0,0.02118983382866308,Variability in data,
Canada,Cars,FCEV,2032,255.29920275497687,1.0,Global Net-zero,Vehicle motor,PM,Neodymium,695.0,0.17743294591470893,Small variability in data,
Canada,Cars,FCEV,2032,255.29920275497687,1.0,Global Net-zero,Vehicle motor,PM,Praesodymium,1.0,0.0002552992027549769,No comparison,
Canada,Trucks,FCEV,2032,76.58976082649306,3.6892781241792854,Global Net-zero,Vehicle motor,PM,Copper,13884.5,3.923217220829055,No comparison,
Canada,Trucks,FCEV,2032,76.58976082649306,3.6892781241792854,Global Net-zero,Vehicle motor,PM,Dysprosium,83.0,0.023452557119724268,Variability in data,
Canada,Trucks,FCEV,2032,76.58976082649306,3.6892781241792854,Global Net-zero,Vehicle motor,PM,Neodymium,695.0,0.19637984576154657,Small variability in data,
Canada,Trucks,FCEV,2032,76.58976082649306,3.6892781241792854,Global Net-zero,Vehicle motor,PM,Praesodymium,1.0,0.00028256092915330443,No comparison,
Canada,Cars,PHEV,2032,791427.5285404283,1.0,Global Net-zero,Vehicle motor,PM,Copper,13884.5,10988.575520019576,No comparison,
Canada,Cars,PHEV,2032,791427.5285404283,1.0,Global Net-zero,Vehicle motor,PM,Dysprosium,83.0,65.68848486885554,Variability in data,
Canada,Cars,PHEV,2032,791427.5285404283,1.0,Global Net-zero,Vehicle motor,PM,Neodymium,695.0,550.0421323355977,Small variability in data,
Canada,Cars,PHEV,2032,791427.5285404283,1.0,Global Net-zero,Vehicle motor,PM,Praesodymium,1.0,0.7914275285404283,No comparison,
Canada,Vans,PHEV,2032,81695.7448815926,1.9577507575642077,Global Net-zero,Vehicle motor,PM,Copper,13884.5,2220.68563085108,No comparison,
Canada,Vans,PHEV,2032,81695.7448815926,1.9577507575642077,Global Net-zero,Vehicle motor,PM,Dysprosium,83.0,13.275012233831944,Variability in data,
Canada,Vans,PHEV,2032,81695.7448815926,1.9577507575642077,Global Net-zero,Vehicle motor,PM,Neodymium,695.0,111.15823497003856,Small variability in data,
Canada,Vans,PHEV,2032,81695.7448815926,1.9577507575642077,Global Net-zero,Vehicle motor,PM,Praesodymium,1.0,0.15993990643171016,No comparison,
Canada,2 and 3 wheelers,BEV,2033,2563.2323804132466,0.09808569078889517,Global Net-zero,Vehicle motor,PM,Copper,13884.5,3.490791265236012,No comparison,
Canada,2 and 3 wheelers,BEV,2033,2563.2323804132466,0.09808569078889517,Global Net-zero,Vehicle motor,PM,Dysprosium,83.0,0.020867562750879688,Variability in data,
Canada,2 and 3 wheelers,BEV,2033,2563.2323804132466,0.09808569078889517,Global Net-zero,Vehicle motor,PM,Neodymium,695.0,0.17473441098628173,Small variability in data,
Canada,2 and 3 wheelers,BEV,2033,2563.2323804132466,0.09808569078889517,Global Net-zero,Vehicle motor,PM,Praesodymium,1.0,0.00025141641868529744,No comparison,
Canada,Buses,BEV,2033,3166.3458816869515,5.6752374182090595,Global Net-zero,Vehicle motor,PM,Copper,13884.5,249.5011969599985,No comparison,
Canada,Buses,BEV,2033,3166.3458816869515,5.6752374182090595,Global Net-zero,Vehicle motor,PM,Dysprosium,83.0,1.4914904640195814,Variability in data,
Canada,Buses,BEV,2033,3166.3458816869515,5.6752374182090595,Global Net-zero,Vehicle motor,PM,Neodymium,695.0,12.488986415585652,Small variability in data,
Canada,Buses,BEV,2033,3166.3458816869515,5.6752374182090595,Global Net-zero,Vehicle motor,PM,Praesodymium,1.0,0.017969764626741946,No comparison,
Canada,Cars,BEV,2033,2864789.1310500987,1.0,Global Net-zero,Vehicle motor,PM,Copper,13884.5,39776.164690065096,No comparison,
Canada,Cars,BEV,2033,2864789.1310500987,1.0,Global Net-zero,Vehicle motor,PM,Dysprosium,83.0,237.7774978771582,Variability in data,
Canada,Cars,BEV,2033,2864789.1310500987,1.0,Global Net-zero,Vehicle motor,PM,Neodymium,695.0,1991.0284460798184,Small variability in data,
Canada,Cars,BEV,2033,2864789.1310500987,1.0,Global Net-zero,Vehicle motor,PM,Praesodymium,1.0,2.864789131050099,No comparison,
Canada,Trucks,BEV,2033,30155.675063685252,3.6892781241792854,Global Net-zero,Vehicle motor,PM,Copper,13884.5,1544.6877289979968,No comparison,
Canada,Trucks,BEV,2033,30155.675063685252,3.6892781241792854,Global Net-zero,Vehicle motor,PM,Dysprosium,83.0,9.23397180358196,Variability in data,
Canada,Trucks,BEV,2033,30155.675063685252,3.6892781241792854,Global Net-zero,Vehicle motor,PM,Neodymium,695.0,77.32060727095738,Small variability in data,
Canada,Trucks,BEV,2033,30155.675063685252,3.6892781241792854,Global Net-zero,Vehicle motor,PM,Praesodymium,1.0,0.11125267233231279,No comparison,
Canada,Vans,BEV,2033,165856.21285026887,1.9577507575642077,Global Net-zero,Vehicle motor,PM,Copper,13884.5,4508.368326866895,No comparison,
Canada,Vans,BEV,2033,165856.21285026887,1.9577507575642077,Global Net-zero,Vehicle motor,PM,Dysprosium,83.0,26.950525487410584,Variability in data,
Canada,Vans,BEV,2033,165856.21285026887,1.9577507575642077,Global Net-zero,Vehicle motor,PM,Neodymium,695.0,225.67006281626934,Small variability in data,
Canada,Vans,BEV,2033,165856.21285026887,1.9577507575642077,Global Net-zero,Vehicle motor,PM,Praesodymium,1.0,0.32470512635434434,No comparison,
Canada,Buses,FCEV,2033,196.01188791395413,5.6752374182090595,Global Net-zero,Vehicle motor,PM,Copper,13884.5,15.445312192761811,No comparison,
Canada,Buses,FCEV,2033,196.01188791395413,5.6752374182090595,Global Net-zero,Vehicle motor,PM,Dysprosium,83.0,0.09233036205835503,Variability in data,
Canada,Buses,FCEV,2033,196.01188791395413,5.6752374182090595,Global Net-zero,Vehicle motor,PM,Neodymium,695.0,0.7731277304886355,Small variability in data,
Canada,Buses,FCEV,2033,196.01188791395413,5.6752374182090595,Global Net-zero,Vehicle motor,PM,Praesodymium,1.0,0.0011124140007030725,No comparison,
Canada,Cars,FCEV,2033,301.5567506368525,1.0,Global Net-zero,Vehicle motor,PM,Copper,13884.5,4.186964704217378,No comparison,
Canada,Cars,FCEV,2033,301.5567506368525,1.0,Global Net-zero,Vehicle motor,PM,Dysprosium,83.0,0.025029210302858755,Variability in data,
Canada,Cars,FCEV,2033,301.5567506368525,1.0,Global Net-zero,Vehicle motor,PM,Neodymium,695.0,0.2095819416926125,Small variability in data,
Canada,Cars,FCEV,2033,301.5567506368525,1.0,Global Net-zero,Vehicle motor,PM,Praesodymium,1.0,0.0003015567506368525,No comparison,
Canada,Trucks,FCEV,2033,90.46702519105575,3.6892781241792854,Global Net-zero,Vehicle motor,PM,Copper,13884.5,4.63406318699399,No comparison,
Canada,Trucks,FCEV,2033,90.46702519105575,3.6892781241792854,Global Net-zero,Vehicle motor,PM,Dysprosium,83.0,0.027701915410745882,Variability in data,
Canada,Trucks,FCEV,2033,90.46702519105575,3.6892781241792854,Global Net-zero,Vehicle motor,PM,Neodymium,695.0,0.23196182181287217,Small variability in data,
Canada,Trucks,FCEV,2033,90.46702519105575,3.6892781241792854,Global Net-zero,Vehicle motor,PM,Praesodymium,1.0,0.00033375801699693833,No comparison,
Canada,Cars,PHEV,2033,934825.9269742428,1.0,Global Net-zero,Vehicle motor,PM,Copper,13884.5,12979.590583073874,No comparison,
Canada,Cars,PHEV,2033,934825.9269742428,1.0,Global Net-zero,Vehicle motor,PM,Dysprosium,83.0,77.59055193886215,Variability in data,
Canada,Cars,PHEV,2033,934825.9269742428,1.0,Global Net-zero,Vehicle motor,PM,Neodymium,695.0,649.7040192470987,Small variability in data,
Canada,Cars,PHEV,2033,934825.9269742428,1.0,Global Net-zero,Vehicle motor,PM,Praesodymium,1.0,0.9348259269742428,No comparison,
Canada,Vans,PHEV,2033,96498.16020379281,1.9577507575642077,Global Net-zero,Vehicle motor,PM,Copper,13884.5,2623.0506629043753,No comparison,
Canada,Vans,PHEV,2033,96498.16020379281,1.9577507575642077,Global Net-zero,Vehicle motor,PM,Dysprosium,83.0,15.680305738129794,Variability in data,
Canada,Vans,PHEV,2033,96498.16020379281,1.9577507575642077,Global Net-zero,Vehicle motor,PM,Neodymium,695.0,131.29894563855672,Small variability in data,
Canada,Vans,PHEV,2033,96498.16020379281,1.9577507575642077,Global Net-zero,Vehicle motor,PM,Praesodymium,1.0,0.18891934624252765,No comparison,
Canada,2 and 3 wheelers,BEV,2034,2967.5988890461363,0.09808569078889517,Global Net-zero,Vehicle motor,PM,Copper,13884.5,4.041486195229874,No comparison,
Canada,2 and 3 wheelers,BEV,2034,2967.5988890461363,0.09808569078889517,Global Net-zero,Vehicle motor,PM,Dysprosium,83.0,0.024159555922365194,Variability in data,
Canada,2 and 3 wheelers,BEV,2034,2967.5988890461363,0.09808569078889517,Global Net-zero,Vehicle motor,PM,Neodymium,695.0,0.20229989597643147,Small variability in data,
Canada,2 and 3 wheelers,BEV,2034,2967.5988890461363,0.09808569078889517,Global Net-zero,Vehicle motor,PM,Praesodymium,1.0,0.0002910789870164481,No comparison,
Canada,Buses,BEV,2034,3665.857451174639,5.6752374182090595,Global Net-zero,Vehicle motor,PM,Copper,13884.5,288.86162666016327,No comparison,
Canada,Buses,BEV,2034,3665.857451174639,5.6752374182090595,Global Net-zero,Vehicle motor,PM,Dysprosium,83.0,1.7267827442683248,Variability in data,
Canada,Buses,BEV,2034,3665.857451174639,5.6752374182090595,Global Net-zero,Vehicle motor,PM,Neodymium,695.0,14.459204906825128,Small variability in data,
Canada,Buses,BEV,2034,3665.857451174639,5.6752374182090595,Global Net-zero,Vehicle motor,PM,Praesodymium,1.0,0.020804611376726803,No comparison,
Canada,Cars,BEV,2034,3316728.1701103877,1.0,Global Net-zero,Vehicle motor,PM,Copper,13884.5,46051.11227789768,No comparison,
Canada,Cars,BEV,2034,3316728.1701103877,1.0,Global Net-zero,Vehicle motor,PM,Dysprosium,83.0,275.2884381191622,Variability in data,
Canada,Cars,BEV,2034,3316728.1701103877,1.0,Global Net-zero,Vehicle motor,PM,Neodymium,695.0,2305.1260782267195,Small variability in data,
Canada,Cars,BEV,2034,3316728.1701103877,1.0,Global Net-zero,Vehicle motor,PM,Praesodymium,1.0,3.316728170110388,No comparison,
Canada,Trucks,BEV,2034,34912.92810642513,3.6892781241792854,Global Net-zero,Vehicle motor,PM,Copper,13884.5,1788.3722223260213,No comparison,
Canada,Trucks,BEV,2034,34912.92810642513,3.6892781241792854,Global Net-zero,Vehicle motor,PM,Dysprosium,83.0,10.690690658868505,Variability in data,
Canada,Trucks,BEV,2034,34912.92810642513,3.6892781241792854,Global Net-zero,Vehicle motor,PM,Neodymium,695.0,89.51843383028447,Small variability in data,
Canada,Trucks,BEV,2034,34912.92810642513,3.6892781241792854,Global Net-zero,Vehicle motor,PM,Praesodymium,1.0,0.12880350191407838,No comparison,
Canada,Vans,BEV,2034,192021.10458533824,1.9577507575642077,Global Net-zero,Vehicle motor,PM,Copper,13884.5,5219.5926286106005,No comparison,
Canada,Vans,BEV,2034,192021.10458533824,1.9577507575642077,Global Net-zero,Vehicle motor,PM,Dysprosium,83.0,31.202145426531736,Variability in data,
Canada,Vans,BEV,2034,192021.10458533824,1.9577507575642077,Global Net-zero,Vehicle motor,PM,Neodymium,695.0,261.270976764332,Small variability in data,
Canada,Vans,BEV,2034,192021.10458533824,1.9577507575642077,Global Net-zero,Vehicle motor,PM,Praesodymium,1.0,0.37592946297026186,No comparison,
Canada,Buses,FCEV,2034,226.93403269176338,5.6752374182090595,Global Net-zero,Vehicle motor,PM,Copper,13884.5,17.88191022181963,No comparison,
Canada,Buses,FCEV,2034,226.93403269176338,5.6752374182090595,Global Net-zero,Vehicle motor,PM,Dysprosium,83.0,0.106896074645182,Variability in data,
Canada,Buses,FCEV,2034,226.93403269176338,5.6752374182090595,Global Net-zero,Vehicle motor,PM,Neodymium,695.0,0.8950936370891746,Small variability in data,
Canada,Buses,FCEV,2034,226.93403269176338,5.6752374182090595,Global Net-zero,Vehicle motor,PM,Praesodymium,1.0,0.0012879045137973734,No comparison,
Canada,Cars,FCEV,2034,349.12928106425136,1.0,Global Net-zero,Vehicle motor,PM,Copper,13884.5,4.847485502936598,No comparison,
Canada,Cars,FCEV,2034,349.12928106425136,1.0,Global Net-zero,Vehicle motor,PM,Dysprosium,83.0,0.02897773032833286,Variability in data,
Canada,Cars,FCEV,2034,349.12928106425136,1.0,Global Net-zero,Vehicle motor,PM,Neodymium,695.0,0.2426448503396547,Small variability in data,
Canada,Cars,FCEV,2034,349.12928106425136,1.0,Global Net-zero,Vehicle motor,PM,Praesodymium,1.0,0.00034912928106425135,No comparison,
Canada,Trucks,FCEV,2034,104.7387843192754,3.6892781241792854,Global Net-zero,Vehicle motor,PM,Copper,13884.5,5.365116666978063,No comparison,
Canada,Trucks,FCEV,2034,104.7387843192754,3.6892781241792854,Global Net-zero,Vehicle motor,PM,Dysprosium,83.0,0.03207207197660551,Variability in data,
Canada,Trucks,FCEV,2034,104.7387843192754,3.6892781241792854,Global Net-zero,Vehicle motor,PM,Neodymium,695.0,0.26855530149085344,Small variability in data,
Canada,Trucks,FCEV,2034,104.7387843192754,3.6892781241792854,Global Net-zero,Vehicle motor,PM,Praesodymium,1.0,0.0003864105057422351,No comparison,
Canada,Cars,PHEV,2034,1082300.7712991792,1.0,Global Net-zero,Vehicle motor,PM,Copper,13884.5,15027.205059103453,No comparison,
Canada,Cars,PHEV,2034,1082300.7712991792,1.0,Global Net-zero,Vehicle motor,PM,Dysprosium,83.0,89.83096401783187,Variability in data,
Canada,Cars,PHEV,2034,1082300.7712991792,1.0,Global Net-zero,Vehicle motor,PM,Neodymium,695.0,752.1990360529295,Small variability in data,
Canada,Cars,PHEV,2034,1082300.7712991792,1.0,Global Net-zero,Vehicle motor,PM,Praesodymium,1.0,1.0823007712991792,No comparison,
Canada,Vans,PHEV,2034,111721.36994056043,1.9577507575642077,Global Net-zero,Vehicle motor,PM,Copper,13884.5,3036.8538930098043,No comparison,
Canada,Vans,PHEV,2034,111721.36994056043,1.9577507575642077,Global Net-zero,Vehicle motor,PM,Dysprosium,83.0,18.153975520891194,Variability in data,
Canada,Vans,PHEV,2034,111721.36994056043,1.9577507575642077,Global Net-zero,Vehicle motor,PM,Neodymium,695.0,152.01220466288407,Small variability in data,
Canada,Vans,PHEV,2034,111721.36994056043,1.9577507575642077,Global Net-zero,Vehicle motor,PM,Praesodymium,1.0,0.21872259663724328,No comparison,
Canada,2 and 3 wheelers,BEV,2035,3335.148304085291,0.09808569078889517,Global Net-zero,Vehicle motor,PM,Copper,13884.5,4.542041001483701,No comparison,
Canada,2 and 3 wheelers,BEV,2035,3335.148304085291,0.09808569078889517,Global Net-zero,Vehicle motor,PM,Dysprosium,83.0,0.027151816999038292,Variability in data,
Canada,2 and 3 wheelers,BEV,2035,3335.148304085291,0.09808569078889517,Global Net-zero,Vehicle motor,PM,Neodymium,695.0,0.22735557607628448,Small variability in data,
Canada,2 and 3 wheelers,BEV,2035,3335.148304085291,0.09808569078889517,Global Net-zero,Vehicle motor,PM,Praesodymium,1.0,0.00032713032528961796,No comparison,
Canada,Buses,BEV,2035,4119.889081517124,5.6752374182090595,Global Net-zero,Vehicle motor,PM,Copper,13884.5,324.63833566827583,No comparison,
Canada,Buses,BEV,2035,4119.889081517124,5.6752374182090595,Global Net-zero,Vehicle motor,PM,Dysprosium,83.0,1.940651939966646,Variability in data,
Canada,Buses,BEV,2035,4119.889081517124,5.6752374182090595,Global Net-zero,Vehicle motor,PM,Neodymium,695.0,16.250037328636374,Small variability in data,
Canada,Buses,BEV,2035,4119.889081517124,5.6752374182090595,Global Net-zero,Vehicle motor,PM,Praesodymium,1.0,0.02338134867429694,No comparison,
Canada,Cars,BEV,2035,3727518.6928012073,1.0,Global Net-zero,Vehicle motor,PM,Copper,13884.5,51754.73329019836,No comparison,
Canada,Cars,BEV,2035,3727518.6928012073,1.0,Global Net-zero,Vehicle motor,PM,Dysprosium,83.0,309.3840515025002,Variability in data,
Canada,Cars,BEV,2035,3727518.6928012073,1.0,Global Net-zero,Vehicle motor,PM,Neodymium,695.0,2590.625491496839,Small variability in data,
Canada,Cars,BEV,2035,3727518.6928012073,1.0,Global Net-zero,Vehicle motor,PM,Praesodymium,1.0,3.7275186928012074,No comparison,
Canada,Trucks,BEV,2035,39237.038871591656,3.6892781241792854,Global Net-zero,Vehicle motor,PM,Copper,13884.5,2009.8695300027603,No comparison,
Canada,Trucks,BEV,2035,39237.038871591656,3.6892781241792854,Global Net-zero,Vehicle motor,PM,Dysprosium,83.0,12.014776980822434,Variability in data,
Canada,Trucks,BEV,2035,39237.038871591656,3.6892781241792854,Global Net-zero,Vehicle motor,PM,Neodymium,695.0,100.60566267074208,Small variability in data,
Canada,Trucks,BEV,2035,39237.038871591656,3.6892781241792854,Global Net-zero,Vehicle motor,PM,Praesodymium,1.0,0.14475634916653538,No comparison,
Canada,Vans,BEV,2035,215803.7137937541,1.9577507575642077,Global Net-zero,Vehicle motor,PM,Copper,13884.5,5866.060796687437,No comparison,
Canada,Vans,BEV,2035,215803.7137937541,1.9577507575642077,Global Net-zero,Vehicle motor,PM,Dysprosium,83.0,35.066660385686,Variability in data,
Canada,Vans,BEV,2035,215803.7137937541,1.9577507575642077,Global Net-zero,Vehicle motor,PM,Neodymium,695.0,293.63046949459965,Small variability in data,
Canada,Vans,BEV,2035,215803.7137937541,1.9577507575642077,Global Net-zero,Vehicle motor,PM,Praesodymium,1.0,0.4224898841648916,No comparison,
Canada,Buses,FCEV,2035,255.04075266534576,5.6752374182090595,Global Net-zero,Vehicle motor,PM,Copper,13884.5,20.096658874702786,No comparison,
Canada,Buses,FCEV,2035,255.04075266534576,5.6752374182090595,Global Net-zero,Vehicle motor,PM,Dysprosium,83.0,0.12013559628364949,Variability in data,
Canada,Buses,FCEV,2035,255.04075266534576,5.6752374182090595,Global Net-zero,Vehicle motor,PM,Neodymium,695.0,1.0059546917727276,Small variability in data,
Canada,Buses,FCEV,2035,255.04075266534576,5.6752374182090595,Global Net-zero,Vehicle motor,PM,Praesodymium,1.0,0.0014474168226945722,No comparison,
Canada,Cars,FCEV,2035,392.3703887159166,1.0,Global Net-zero,Vehicle motor,PM,Copper,13884.5,5.447866662126144,No comparison,
Canada,Cars,FCEV,2035,392.3703887159166,1.0,Global Net-zero,Vehicle motor,PM,Dysprosium,83.0,0.03256674226342108,Variability in data,
Canada,Cars,FCEV,2035,392.3703887159166,1.0,Global Net-zero,Vehicle motor,PM,Neodymium,695.0,0.272697420157562,Small variability in data,
Canada,Cars,FCEV,2035,392.3703887159166,1.0,Global Net-zero,Vehicle motor,PM,Praesodymium,1.0,0.00039237038871591656,No comparison,
Canada,Trucks,FCEV,2035,117.71111661477497,3.6892781241792854,Global Net-zero,Vehicle motor,PM,Copper,13884.5,6.02960859000828,No comparison,
Canada,Trucks,FCEV,2035,117.71111661477497,3.6892781241792854,Global Net-zero,Vehicle motor,PM,Dysprosium,83.0,0.036044330942467305,Variability in data,
Canada,Trucks,FCEV,2035,117.71111661477497,3.6892781241792854,Global Net-zero,Vehicle motor,PM,Neodymium,695.0,0.30181698801222623,Small variability in data,
Canada,Trucks,FCEV,2035,117.71111661477497,3.6892781241792854,Global Net-zero,Vehicle motor,PM,Praesodymium,1.0,0.00043426904749960607,No comparison,
Canada,Cars,PHEV,2035,1216348.2050193413,1.0,Global Net-zero,Vehicle motor,PM,Copper,13884.5,16888.386652591045,No comparison,
Canada,Cars,PHEV,2035,1216348.2050193413,1.0,Global Net-zero,Vehicle motor,PM,Dysprosium,83.0,100.95690101660533,Variability in data,
Canada,Cars,PHEV,2035,1216348.2050193413,1.0,Global Net-zero,Vehicle motor,PM,Neodymium,695.0,845.3620024884422,Small variability in data,
Canada,Cars,PHEV,2035,1216348.2050193413,1.0,Global Net-zero,Vehicle motor,PM,Praesodymium,1.0,1.2163482050193413,No comparison,
Canada,Vans,PHEV,2035,125558.5243890933,1.9577507575642077,Global Net-zero,Vehicle motor,PM,Copper,13884.5,3412.9808271635998,No comparison,
Canada,Vans,PHEV,2035,125558.5243890933,1.9577507575642077,Global Net-zero,Vehicle motor,PM,Dysprosium,83.0,20.402420588035493,Variability in data,
Canada,Vans,PHEV,2035,125558.5243890933,1.9577507575642077,Global Net-zero,Vehicle motor,PM,Neodymium,695.0,170.8395458877671,Small variability in data,
Canada,Vans,PHEV,2035,125558.5243890933,1.9577507575642077,Global Net-zero,Vehicle motor,PM,Praesodymium,1.0,0.24581229624139148,No comparison,
Canada,2 and 3 wheelers,BEV,2036,3742.305642041702,0.09808569078889517,Global Net-zero,Vehicle motor,PM,Copper,13884.5,5.096536680367815,No comparison,
Canada,2 and 3 wheelers,BEV,2036,3742.305642041702,0.09808569078889517,Global Net-zero,Vehicle motor,PM,Dysprosium,83.0,0.03046653062555574,Variability in data,
Canada,2 and 3 wheelers,BEV,2036,3742.305642041702,0.09808569078889517,Global Net-zero,Vehicle motor,PM,Neodymium,695.0,0.255111310659774,Small variability in data,
Canada,2 and 3 wheelers,BEV,2036,3742.305642041702,0.09808569078889517,Global Net-zero,Vehicle motor,PM,Praesodymium,1.0,0.00036706663404284024,No comparison,
Canada,Buses,BEV,2036,4622.848146051514,5.6752374182090595,Global Net-zero,Vehicle motor,PM,Copper,13884.5,364.27042051061596,No comparison,
Canada,Buses,BEV,2036,4622.848146051514,5.6752374182090595,Global Net-zero,Vehicle motor,PM,Dysprosium,83.0,2.1775681445051047,Variability in data,
Canada,Buses,BEV,2036,4622.848146051514,5.6752374182090595,Global Net-zero,Vehicle motor,PM,Neodymium,695.0,18.233853740133103,Small variability in data,
Canada,Buses,BEV,2036,4622.848146051514,5.6752374182090595,Global Net-zero,Vehicle motor,PM,Praesodymium,1.0,0.026235760777169933,No comparison,
Canada,Cars,BEV,2036,4182576.894046608,1.0,Global Net-zero,Vehicle motor,PM,Copper,13884.5,58072.98888539013,No comparison,
Canada,Cars,BEV,2036,4182576.894046608,1.0,Global Net-zero,Vehicle motor,PM,Dysprosium,83.0,347.15388220586846,Variability in data,
Canada,Cars,BEV,2036,4182576.894046608,1.0,Global Net-zero,Vehicle motor,PM,Neodymium,695.0,2906.8909413623924,Small variability in data,
Canada,Cars,BEV,2036,4182576.894046608,1.0,Global Net-zero,Vehicle motor,PM,Praesodymium,1.0,4.1825768940466075,No comparison,
Canada,Trucks,BEV,2036,44027.125200490605,3.6892781241792854,Global Net-zero,Vehicle motor,PM,Copper,13884.5,2255.2358684271217,No comparison,
Canada,Trucks,BEV,2036,44027.125200490605,3.6892781241792854,Global Net-zero,Vehicle motor,PM,Dysprosium,83.0,13.48154971943182,Variability in data,
Canada,Trucks,BEV,2036,44027.125200490605,3.6892781241792854,Global Net-zero,Vehicle motor,PM,Neodymium,695.0,112.8876753615074,Small variability in data,
Canada,Trucks,BEV,2036,44027.125200490605,3.6892781241792854,Global Net-zero,Vehicle motor,PM,Praesodymium,1.0,0.1624283098726725,No comparison,
Canada,Vans,BEV,2036,242149.18860269836,1.9577507575642077,Global Net-zero,Vehicle motor,PM,Copper,13884.5,6582.193778043652,No comparison,
Canada,Vans,BEV,2036,242149.18860269836,1.9577507575642077,Global Net-zero,Vehicle motor,PM,Dysprosium,83.0,39.34762386673075,Variability in data,
Canada,Vans,BEV,2036,242149.18860269836,1.9577507575642077,Global Net-zero,Vehicle motor,PM,Neodymium,695.0,329.4770914141912,Small variability in data,
Canada,Vans,BEV,2036,242149.18860269836,1.9577507575642077,Global Net-zero,Vehicle motor,PM,Praesodymium,1.0,0.4740677574304909,No comparison,
Canada,Buses,FCEV,2036,286.176313803189,5.6752374182090595,Global Net-zero,Vehicle motor,PM,Copper,13884.5,22.550073650657176,No comparison,
Canada,Buses,FCEV,2036,286.176313803189,5.6752374182090595,Global Net-zero,Vehicle motor,PM,Dysprosium,83.0,0.13480183751698266,Variability in data,
Canada,Buses,FCEV,2036,286.176313803189,5.6752374182090595,Global Net-zero,Vehicle motor,PM,Neodymium,695.0,1.1287623743891921,Small variability in data,
Canada,Buses,FCEV,2036,286.176313803189,5.6752374182090595,Global Net-zero,Vehicle motor,PM,Praesodymium,1.0,0.001624118524300996,No comparison,
Canada,Cars,FCEV,2036,440.2712520049061,1.0,Global Net-zero,Vehicle motor,PM,Copper,13884.5,6.112946198462119,No comparison,
Canada,Cars,FCEV,2036,440.2712520049061,1.0,Global Net-zero,Vehicle motor,PM,Dysprosium,83.0,0.03654251391640721,Variability in data,
Canada,Cars,FCEV,2036,440.2712520049061,1.0,Global Net-zero,Vehicle motor,PM,Neodymium,695.0,0.3059885201434097,Small variability in data,
Canada,Cars,FCEV,2036,440.2712520049061,1.0,Global Net-zero,Vehicle motor,PM,Praesodymium,1.0,0.0004402712520049061,No comparison,
Canada,Trucks,FCEV,2036,132.08137560147182,3.6892781241792854,Global Net-zero,Vehicle motor,PM,Copper,13884.5,6.765707605281365,No comparison,
Canada,Trucks,FCEV,2036,132.08137560147182,3.6892781241792854,Global Net-zero,Vehicle motor,PM,Dysprosium,83.0,0.04044464915829546,Variability in data,
Canada,Trucks,FCEV,2036,132.08137560147182,3.6892781241792854,Global Net-zero,Vehicle motor,PM,Neodymium,695.0,0.33866302608452226,Small variability in data,
Canada,Trucks,FCEV,2036,132.08137560147182,3.6892781241792854,Global Net-zero,Vehicle motor,PM,Praesodymium,1.0,0.0004872849296180176,No comparison,
Canada,Cars,PHEV,2036,1364840.881215209,1.0,Global Net-zero,Vehicle motor,PM,Copper,13884.5,18950.133215232567,No comparison,
Canada,Cars,PHEV,2036,1364840.881215209,1.0,Global Net-zero,Vehicle motor,PM,Dysprosium,83.0,113.28179314086235,Variability in data,
Canada,Cars,PHEV,2036,1364840.881215209,1.0,Global Net-zero,Vehicle motor,PM,Neodymium,695.0,948.5644124445702,Small variability in data,
Canada,Cars,PHEV,2036,1364840.881215209,1.0,Global Net-zero,Vehicle motor,PM,Praesodymium,1.0,1.3648408812152089,No comparison,
Canada,Vans,PHEV,2036,140886.80064156995,1.9577507575642077,Global Net-zero,Vehicle motor,PM,Copper,13884.5,3829.640016316306,No comparison,
Canada,Vans,PHEV,2036,140886.80064156995,1.9577507575642077,Global Net-zero,Vehicle motor,PM,Dysprosium,83.0,22.89316297700698,Variability in data,
Canada,Vans,PHEV,2036,140886.80064156995,1.9577507575642077,Global Net-zero,Vehicle motor,PM,Neodymium,695.0,191.6957622773476,Small variability in data,
Canada,Vans,PHEV,2036,140886.80064156995,1.9577507575642077,Global Net-zero,Vehicle motor,PM,Praesodymium,1.0,0.27582124068683106,No comparison,
Canada,2 and 3 wheelers,BEV,2037,4142.5009434852345,0.09808569078889517,Global Net-zero,Vehicle motor,PM,Copper,13884.5,5.641550965199201,No comparison,
Canada,2 and 3 wheelers,BEV,2037,4142.5009434852345,0.09808569078889517,Global Net-zero,Vehicle motor,PM,Dysprosium,83.0,0.03372456553073814,Variability in data,
Canada,2 and 3 wheelers,BEV,2037,4142.5009434852345,0.09808569078889517,Global Net-zero,Vehicle motor,PM,Neodymium,695.0,0.2823924463116025,Small variability in data,
Canada,2 and 3 wheelers,BEV,2037,4142.5009434852345,0.09808569078889517,Global Net-zero,Vehicle motor,PM,Praesodymium,1.0,0.00040632006663539924,No comparison,
Canada,Buses,BEV,2037,5117.207047834701,5.6752374182090595,Global Net-zero,Vehicle motor,PM,Copper,13884.5,403.22483115668894,No comparison,
Canada,Buses,BEV,2037,5117.207047834701,5.6752374182090595,Global Net-zero,Vehicle motor,PM,Dysprosium,83.0,2.4104332879113533,Variability in data,
Canada,Buses,BEV,2037,5117.207047834701,5.6752374182090595,Global Net-zero,Vehicle motor,PM,Neodymium,695.0,20.183748615643257,Small variability in data,
Canada,Buses,BEV,2037,5117.207047834701,5.6752374182090595,Global Net-zero,Vehicle motor,PM,Praesodymium,1.0,0.029041364914594615,No comparison,
Canada,Cars,BEV,2037,4629853.995659968,1.0,Global Net-zero,Vehicle motor,PM,Copper,13884.5,64283.20780274082,No comparison,
Canada,Cars,BEV,2037,4629853.995659968,1.0,Global Net-zero,Vehicle motor,PM,Dysprosium,83.0,384.2778816397774,Variability in data,
Canada,Cars,BEV,2037,4629853.995659968,1.0,Global Net-zero,Vehicle motor,PM,Neodymium,695.0,3217.748526983678,Small variability in data,
Canada,Cars,BEV,2037,4629853.995659968,1.0,Global Net-zero,Vehicle motor,PM,Praesodymium,1.0,4.629853995659968,No comparison,
Canada,Trucks,BEV,2037,48735.305217473346,3.6892781241792854,Global Net-zero,Vehicle motor,PM,Copper,13884.5,2496.40665577603,No comparison,
Canada,Trucks,BEV,2037,48735.305217473346,3.6892781241792854,Global Net-zero,Vehicle motor,PM,Dysprosium,83.0,14.923241919364076,Variability in data,
Canada,Trucks,BEV,2037,48735.305217473346,3.6892781241792854,Global Net-zero,Vehicle motor,PM,Neodymium,695.0,124.95967631274739,Small variability in data,
Canada,Trucks,BEV,2037,48735.305217473346,3.6892781241792854,Global Net-zero,Vehicle motor,PM,Praesodymium,1.0,0.179798095414025,No comparison,
Canada,Vans,BEV,2037,268044.1786961034,1.9577507575642077,Global Net-zero,Vehicle motor,PM,Copper,13884.5,7286.081507995818,No comparison,
Canada,Vans,BEV,2037,268044.1786961034,1.9577507575642077,Global Net-zero,Vehicle motor,PM,Dysprosium,83.0,43.55538659394669,Variability in data,
Canada,Vans,BEV,2037,268044.1786961034,1.9577507575642077,Global Net-zero,Vehicle motor,PM,Neodymium,695.0,364.71076726256575,Small variability in data,
Canada,Vans,BEV,2037,268044.1786961034,1.9577507575642077,Global Net-zero,Vehicle motor,PM,Praesodymium,1.0,0.5247636939029723,No comparison,
Canada,Buses,FCEV,2037,316.77948391357677,5.6752374182090595,Global Net-zero,Vehicle motor,PM,Copper,13884.5,24.961537166842646,No comparison,
Canada,Buses,FCEV,2037,316.77948391357677,5.6752374182090595,Global Net-zero,Vehicle motor,PM,Dysprosium,83.0,0.1492172987754647,Variability in data,
Canada,Buses,FCEV,2037,316.77948391357677,5.6752374182090595,Global Net-zero,Vehicle motor,PM,Neodymium,695.0,1.2494701523969634,Small variability in data,
Canada,Buses,FCEV,2037,316.77948391357677,5.6752374182090595,Global Net-zero,Vehicle motor,PM,Praesodymium,1.0,0.0017977987804272857,No comparison,
Canada,Cars,FCEV,2037,487.3530521747335,1.0,Global Net-zero,Vehicle motor,PM,Copper,13884.5,6.766653452920087,No comparison,
Canada,Cars,FCEV,2037,487.3530521747335,1.0,Global Net-zero,Vehicle motor,PM,Dysprosium,83.0,0.04045030333050288,Variability in data,
Canada,Cars,FCEV,2037,487.3530521747335,1.0,Global Net-zero,Vehicle motor,PM,Neodymium,695.0,0.33871037126143977,Small variability in data,
Canada,Cars,FCEV,2037,487.3530521747335,1.0,Global Net-zero,Vehicle motor,PM,Praesodymium,1.0,0.0004873530521747335,No comparison,
Canada,Trucks,FCEV,2037,146.20591565242003,3.6892781241792854,Global Net-zero,Vehicle motor,PM,Copper,13884.5,7.489219967328089,No comparison,
Canada,Trucks,FCEV,2037,146.20591565242003,3.6892781241792854,Global Net-zero,Vehicle motor,PM,Dysprosium,83.0,0.044769725758092224,Variability in data,
Canada,Trucks,FCEV,2037,146.20591565242003,3.6892781241792854,Global Net-zero,Vehicle motor,PM,Neodymium,695.0,0.37487902893824204,Small variability in data,
Canada,Trucks,FCEV,2037,146.20591565242003,3.6892781241792854,Global Net-zero,Vehicle motor,PM,Praesodymium,1.0,0.000539394286242075,No comparison,
Canada,Cars,PHEV,2037,1510794.4617416738,1.0,Global Net-zero,Vehicle motor,PM,Copper,13884.5,20976.62570405227,No comparison,
Canada,Cars,PHEV,2037,1510794.4617416738,1.0,Global Net-zero,Vehicle motor,PM,Dysprosium,83.0,125.39594032455894,Variability in data,
Canada,Cars,PHEV,2037,1510794.4617416738,1.0,Global Net-zero,Vehicle motor,PM,Neodymium,695.0,1050.0021509104631,Small variability in data,
Canada,Cars,PHEV,2037,1510794.4617416738,1.0,Global Net-zero,Vehicle motor,PM,Praesodymium,1.0,1.5107944617416738,No comparison,
Canada,Vans,PHEV,2037,155952.9766959147,1.9577507575642077,Global Net-zero,Vehicle motor,PM,Copper,13884.5,4239.174695561203,No comparison,
Canada,Vans,PHEV,2037,155952.9766959147,1.9577507575642077,Global Net-zero,Vehicle motor,PM,Dysprosium,83.0,25.34131583647808,Variability in data,
Canada,Vans,PHEV,2037,155952.9766959147,1.9577507575642077,Global Net-zero,Vehicle motor,PM,Neodymium,695.0,212.19535549822007,Small variability in data,
Canada,Vans,PHEV,2037,155952.9766959147,1.9577507575642077,Global Net-zero,Vehicle motor,PM,Praesodymium,1.0,0.30531705827082023,No comparison,
Canada,2 and 3 wheelers,BEV,2038,4525.5131969997165,0.09808569078889517,Global Net-zero,Vehicle motor,PM,Copper,13884.5,6.163164159251923,No comparison,
Canada,2 and 3 wheelers,BEV,2038,4525.5131969997165,0.09808569078889517,Global Net-zero,Vehicle motor,PM,Dysprosium,83.0,0.03684271131246423,Variability in data,
Canada,2 and 3 wheelers,BEV,2038,4525.5131969997165,0.09808569078889517,Global Net-zero,Vehicle motor,PM,Neodymium,695.0,0.3085022212308752,Small variability in data,
Canada,2 and 3 wheelers,BEV,2038,4525.5131969997165,0.09808569078889517,Global Net-zero,Vehicle motor,PM,Praesodymium,1.0,0.00044388808810197865,No comparison,
Canada,Buses,BEV,2038,5590.339831587885,5.6752374182090595,Global Net-zero,Vehicle motor,PM,Copper,13884.5,440.5066696791888,No comparison,
Canada,Buses,BEV,2038,5590.339831587885,5.6752374182090595,Global Net-zero,Vehicle motor,PM,Dysprosium,83.0,2.6332999807967643,Variability in data,
Canada,Buses,BEV,2038,5590.339831587885,5.6752374182090595,Global Net-zero,Vehicle motor,PM,Neodymium,695.0,22.049921525948807,Small variability in data,
Canada,Buses,BEV,2038,5590.339831587885,5.6752374182090595,Global Net-zero,Vehicle motor,PM,Praesodymium,1.0,0.0317265057927321,No comparison,
Canada,Cars,BEV,2038,5057926.514293801,1.0,Global Net-zero,Vehicle motor,PM,Copper,13884.5,70226.78068771228,No comparison,
Canada,Cars,BEV,2038,5057926.514293801,1.0,Global Net-zero,Vehicle motor,PM,Dysprosium,83.0,419.8079006863855,Variability in data,
Canada,Cars,BEV,2038,5057926.514293801,1.0,Global Net-zero,Vehicle motor,PM,Neodymium,695.0,3515.2589274341917,Small variability in data,
Canada,Cars,BEV,2038,5057926.514293801,1.0,Global Net-zero,Vehicle motor,PM,Praesodymium,1.0,5.0579265142938015,No comparison,
Canada,Trucks,BEV,2038,53241.331729408426,3.6892781241792854,Global Net-zero,Vehicle motor,PM,Copper,13884.5,2727.2223760285597,No comparison,
Canada,Trucks,BEV,2038,53241.331729408426,3.6892781241792854,Global Net-zero,Vehicle motor,PM,Dysprosium,83.0,16.303032677472757,Variability in data,
Canada,Trucks,BEV,2038,53241.331729408426,3.6892781241792854,Global Net-zero,Vehicle motor,PM,Neodymium,695.0,136.5133459137779,Small variability in data,
Canada,Trucks,BEV,2038,53241.331729408426,3.6892781241792854,Global Net-zero,Vehicle motor,PM,Praesodymium,1.0,0.19642208045147896,No comparison,
Canada,Vans,BEV,2038,292827.32451174635,1.9577507575642077,Global Net-zero,Vehicle motor,PM,Copper,13884.5,7959.746652733189,No comparison,
Canada,Vans,BEV,2038,292827.32451174635,1.9577507575642077,Global Net-zero,Vehicle motor,PM,Dysprosium,83.0,47.58248206106483,Variability in data,
Canada,Vans,BEV,2038,292827.32451174635,1.9577507575642077,Global Net-zero,Vehicle motor,PM,Neodymium,695.0,398.4316268968682,Small variability in data,
Canada,Vans,BEV,2038,292827.32451174635,1.9577507575642077,Global Net-zero,Vehicle motor,PM,Praesodymium,1.0,0.5732829163983715,No comparison,
Canada,Buses,FCEV,2038,346.06865624115477,5.6752374182090595,Global Net-zero,Vehicle motor,PM,Copper,13884.5,27.269460503949784,No comparison,
Canada,Buses,FCEV,2038,346.06865624115477,5.6752374182090595,Global Net-zero,Vehicle motor,PM,Dysprosium,83.0,0.16301380833503776,Variability in data,
Canada,Buses,FCEV,2038,346.06865624115477,5.6752374182090595,Global Net-zero,Vehicle motor,PM,Neodymium,695.0,1.3649951420825452,Small variability in data,
Canada,Buses,FCEV,2038,346.06865624115477,5.6752374182090595,Global Net-zero,Vehicle motor,PM,Praesodymium,1.0,0.0019640217871691296,No comparison,
Canada,Cars,FCEV,2038,532.4133172940843,1.0,Global Net-zero,Vehicle motor,PM,Copper,13884.5,7.392292703969714,No comparison,
Canada,Cars,FCEV,2038,532.4133172940843,1.0,Global Net-zero,Vehicle motor,PM,Dysprosium,83.0,0.044190305335409,Variability in data,
Canada,Cars,FCEV,2038,532.4133172940843,1.0,Global Net-zero,Vehicle motor,PM,Neodymium,695.0,0.3700272555193886,Small variability in data,
Canada,Cars,FCEV,2038,532.4133172940843,1.0,Global Net-zero,Vehicle motor,PM,Praesodymium,1.0,0.0005324133172940844,No comparison,
Canada,Trucks,FCEV,2038,159.72399518822527,3.6892781241792854,Global Net-zero,Vehicle motor,PM,Copper,13884.5,8.18166712808568,No comparison,
Canada,Trucks,FCEV,2038,159.72399518822527,3.6892781241792854,Global Net-zero,Vehicle motor,PM,Dysprosium,83.0,0.04890909803241827,Variability in data,
Canada,Trucks,FCEV,2038,159.72399518822527,3.6892781241792854,Global Net-zero,Vehicle motor,PM,Neodymium,695.0,0.40954003774133363,Small variability in data,
Canada,Trucks,FCEV,2038,159.72399518822527,3.6892781241792854,Global Net-zero,Vehicle motor,PM,Praesodymium,1.0,0.0005892662413544369,No comparison,
Canada,Cars,PHEV,2038,1650481.2836116613,1.0,Global Net-zero,Vehicle motor,PM,Copper,13884.5,22916.10738230611,No comparison,
Canada,Cars,PHEV,2038,1650481.2836116613,1.0,Global Net-zero,Vehicle motor,PM,Dysprosium,83.0,136.98994653976789,Variability in data,
Canada,Cars,PHEV,2038,1650481.2836116613,1.0,Global Net-zero,Vehicle motor,PM,Neodymium,695.0,1147.0844921101045,Small variability in data,
Canada,Cars,PHEV,2038,1650481.2836116613,1.0,Global Net-zero,Vehicle motor,PM,Praesodymium,1.0,1.6504812836116614,No comparison,
Canada,Vans,PHEV,2038,170372.26153410698,1.9577507575642077,Global Net-zero,Vehicle motor,PM,Copper,13884.5,4631.125325226583,No comparison,
Canada,Vans,PHEV,2038,170372.26153410698,1.9577507575642077,Global Net-zero,Vehicle motor,PM,Dysprosium,83.0,27.684353199165,Variability in data,
Canada,Vans,PHEV,2038,170372.26153410698,1.9577507575642077,Global Net-zero,Vehicle motor,PM,Neodymium,695.0,231.81476473999606,Small variability in data,
Canada,Vans,PHEV,2038,170372.26153410698,1.9577507575642077,Global Net-zero,Vehicle motor,PM,Praesodymium,1.0,0.3335464240863253,No comparison,
Canada,2 and 3 wheelers,BEV,2039,4891.040664213605,0.09808569078889517,Global Net-zero,Vehicle motor,PM,Copper,13884.5,6.6609653338564545,No comparison,
Canada,2 and 3 wheelers,BEV,2039,4891.040664213605,0.09808569078889517,Global Net-zero,Vehicle motor,PM,Dysprosium,83.0,0.039818511484755355,Variability in data,
Canada,2 and 3 wheelers,BEV,2039,4891.040664213605,0.09808569078889517,Global Net-zero,Vehicle motor,PM,Neodymium,695.0,0.3334200660470478,Small variability in data,
Canada,2 and 3 wheelers,BEV,2039,4891.040664213605,0.09808569078889517,Global Net-zero,Vehicle motor,PM,Praesodymium,1.0,0.00047974110222596814,No comparison,
Canada,Buses,BEV,2039,6041.873761675629,5.6752374182090595,Global Net-zero,Vehicle motor,PM,Copper,13884.5,476.0865653174135,No comparison,
Canada,Buses,BEV,2039,6041.873761675629,5.6752374182090595,Global Net-zero,Vehicle motor,PM,Dysprosium,83.0,2.8459926480136355,Variability in data,
Canada,Buses,BEV,2039,6041.873761675629,5.6752374182090595,Global Net-zero,Vehicle motor,PM,Neodymium,695.0,23.83090229360815,Small variability in data,
Canada,Buses,BEV,2039,6041.873761675629,5.6752374182090595,Global Net-zero,Vehicle motor,PM,Praesodymium,1.0,0.03428906804835705,No comparison,
Canada,Cars,BEV,2039,5466457.212944617,1.0,Global Net-zero,Vehicle motor,PM,Copper,13884.5,75899.02517312953,No comparison,
Canada,Cars,BEV,2039,5466457.212944617,1.0,Global Net-zero,Vehicle motor,PM,Dysprosium,83.0,453.7159486744032,Variability in data,
Canada,Cars,BEV,2039,5466457.212944617,1.0,Global Net-zero,Vehicle motor,PM,Neodymium,695.0,3799.187762996509,Small variability in data,
Canada,Cars,BEV,2039,5466457.212944617,1.0,Global Net-zero,Vehicle motor,PM,Praesodymium,1.0,5.466457212944617,No comparison,
Canada,Trucks,BEV,2039,57541.65487310123,3.6892781241792854,Global Net-zero,Vehicle motor,PM,Copper,13884.5,2947.5011917658917,No comparison,
Canada,Trucks,BEV,2039,57541.65487310123,3.6892781241792854,Global Net-zero,Vehicle motor,PM,Dysprosium,83.0,17.61983498984976,Variability in data,
Canada,Trucks,BEV,2039,57541.65487310123,3.6892781241792854,Global Net-zero,Vehicle motor,PM,Neodymium,695.0,147.5395821439227,Small variability in data,
Canada,Trucks,BEV,2039,57541.65487310123,3.6892781241792854,Global Net-zero,Vehicle motor,PM,Praesodymium,1.0,0.21228716855240673,No comparison,
Canada,Vans,BEV,2039,316479.1018020568,1.9577507575642077,Global Net-zero,Vehicle motor,PM,Copper,13884.5,8602.658496536165,No comparison,
Canada,Vans,BEV,2039,316479.1018020568,1.9577507575642077,Global Net-zero,Vehicle motor,PM,Dysprosium,83.0,51.42573770841599,Variability in data,
Canada,Vans,BEV,2039,316479.1018020568,1.9577507575642077,Global Net-zero,Vehicle motor,PM,Neodymium,695.0,430.61310490782057,Small variability in data,
Canada,Vans,BEV,2039,316479.1018020568,1.9577507575642077,Global Net-zero,Vehicle motor,PM,Praesodymium,1.0,0.6195872013062167,No comparison,
Canada,Buses,FCEV,2039,374.020756675158,5.6752374182090595,Global Net-zero,Vehicle motor,PM,Copper,13884.5,29.47202547203036,No comparison,
Canada,Buses,FCEV,2039,374.020756675158,5.6752374182090595,Global Net-zero,Vehicle motor,PM,Dysprosium,83.0,0.17618049725798696,Variability in data,
Canada,Buses,FCEV,2039,374.020756675158,5.6752374182090595,Global Net-zero,Vehicle motor,PM,Neodymium,695.0,1.475246332461457,Small variability in data,
Canada,Buses,FCEV,2039,374.020756675158,5.6752374182090595,Global Net-zero,Vehicle motor,PM,Praesodymium,1.0,0.0021226565934697223,No comparison,
Canada,Cars,FCEV,2039,575.4165487310123,1.0,Global Net-zero,Vehicle motor,PM,Copper,13884.5,7.98937107085574,No comparison,
Canada,Cars,FCEV,2039,575.4165487310123,1.0,Global Net-zero,Vehicle motor,PM,Dysprosium,83.0,0.04775957354467402,Variability in data,
Canada,Cars,FCEV,2039,575.4165487310123,1.0,Global Net-zero,Vehicle motor,PM,Neodymium,695.0,0.39991450136805357,Small variability in data,
Canada,Cars,FCEV,2039,575.4165487310123,1.0,Global Net-zero,Vehicle motor,PM,Praesodymium,1.0,0.0005754165487310123,No comparison,
Canada,Trucks,FCEV,2039,172.62496461930368,3.6892781241792854,Global Net-zero,Vehicle motor,PM,Copper,13884.5,8.842503575297673,No comparison,
Canada,Trucks,FCEV,2039,172.62496461930368,3.6892781241792854,Global Net-zero,Vehicle motor,PM,Dysprosium,83.0,0.05285950496954927,Variability in data,
Canada,Trucks,FCEV,2039,172.62496461930368,3.6892781241792854,Global Net-zero,Vehicle motor,PM,Neodymium,695.0,0.442618746431768,Small variability in data,
Canada,Trucks,FCEV,2039,172.62496461930368,3.6892781241792854,Global Net-zero,Vehicle motor,PM,Praesodymium,1.0,0.0006368615056572202,No comparison,
Canada,Cars,PHEV,2039,1783791.301066138,1.0,Global Net-zero,Vehicle motor,PM,Copper,13884.5,24767.050319652793,No comparison,
Canada,Cars,PHEV,2039,1783791.301066138,1.0,Global Net-zero,Vehicle motor,PM,Dysprosium,83.0,148.05467798848946,Variability in data,
Canada,Cars,PHEV,2039,1783791.301066138,1.0,Global Net-zero,Vehicle motor,PM,Neodymium,695.0,1239.734954240966,Small variability in data,
Canada,Cars,PHEV,2039,1783791.301066138,1.0,Global Net-zero,Vehicle motor,PM,Praesodymium,1.0,1.7837913010661381,No comparison,
Canada,Vans,PHEV,2039,184133.29559392395,1.9577507575642077,Global Net-zero,Vehicle motor,PM,Copper,13884.5,5005.183125257406,No comparison,
Canada,Vans,PHEV,2039,184133.29559392395,1.9577507575642077,Global Net-zero,Vehicle motor,PM,Dysprosium,83.0,29.9204292121693,Variability in data,
Canada,Vans,PHEV,2039,184133.29559392395,1.9577507575642077,Global Net-zero,Vehicle motor,PM,Neodymium,695.0,250.53853376455015,Small variability in data,
Canada,Vans,PHEV,2039,184133.29559392395,1.9577507575642077,Global Net-zero,Vehicle motor,PM,Praesodymium,1.0,0.3604870989417988,No comparison,
Canada,2 and 3 wheelers,BEV,2040,5240.222131804888,0.09808569078889517,Global Net-zero,Vehicle motor,PM,Copper,13884.5,7.136505369307093,No comparison,
Canada,2 and 3 wheelers,BEV,2040,5240.222131804888,0.09808569078889517,Global Net-zero,Vehicle motor,PM,Dysprosium,83.0,0.04266123703788316,Variability in data,
Canada,2 and 3 wheelers,BEV,2040,5240.222131804888,0.09808569078889517,Global Net-zero,Vehicle motor,PM,Neodymium,695.0,0.35722361134131075,Small variability in data,
Canada,2 and 3 wheelers,BEV,2040,5240.222131804888,0.09808569078889517,Global Net-zero,Vehicle motor,PM,Praesodymium,1.0,0.0005139908076853393,No comparison,
Canada,Buses,BEV,2040,6473.215574582508,5.6752374182090595,Global Net-zero,Vehicle motor,PM,Copper,13884.5,510.07536585926226,No comparison,
Canada,Buses,BEV,2040,6473.215574582508,5.6752374182090595,Global Net-zero,Vehicle motor,PM,Dysprosium,83.0,3.0491739253353574,Variability in data,
Canada,Buses,BEV,2040,6473.215574582508,5.6752374182090595,Global Net-zero,Vehicle motor,PM,Neodymium,695.0,25.53223949527799,Small variability in data,
Canada,Buses,BEV,2040,6473.215574582508,5.6752374182090595,Global Net-zero,Vehicle motor,PM,Praesodymium,1.0,0.03673703524500431,No comparison,
Canada,Cars,BEV,2040,5856718.8531936975,1.0,Global Net-zero,Vehicle motor,PM,Copper,13884.5,81317.61291716789,No comparison,
Canada,Cars,BEV,2040,5856718.8531936975,1.0,Global Net-zero,Vehicle motor,PM,Dysprosium,83.0,486.1076648150769,Variability in data,
Canada,Cars,BEV,2040,5856718.8531936975,1.0,Global Net-zero,Vehicle motor,PM,Neodymium,695.0,4070.41960296962,Small variability in data,
Canada,Cars,BEV,2040,5856718.8531936975,1.0,Global Net-zero,Vehicle motor,PM,Praesodymium,1.0,5.856718853193698,No comparison,
Canada,Trucks,BEV,2040,61649.67213888103,3.6892781241792854,Global Net-zero,Vehicle motor,PM,Copper,13884.5,3157.9293731135413,No comparison,
Canada,Trucks,BEV,2040,61649.67213888103,3.6892781241792854,Global Net-zero,Vehicle motor,PM,Dysprosium,83.0,18.87775130313831,Variability in data,
Canada,Trucks,BEV,2040,61649.67213888103,3.6892781241792854,Global Net-zero,Vehicle motor,PM,Neodymium,695.0,158.07273681543526,Small variability in data,
Canada,Trucks,BEV,2040,61649.67213888103,3.6892781241792854,Global Net-zero,Vehicle motor,PM,Praesodymium,1.0,0.22744278678479896,No comparison,
Canada,Vans,BEV,2040,339073.1967638457,1.9577507575642077,Global Net-zero,Vehicle motor,PM,Copper,13884.5,9216.820006373067,No comparison,
Canada,Vans,BEV,2040,339073.1967638457,1.9577507575642077,Global Net-zero,Vehicle motor,PM,Dysprosium,83.0,55.09712705023333,Variability in data,
Canada,Vans,BEV,2040,339073.1967638457,1.9577507575642077,Global Net-zero,Vehicle motor,PM,Neodymium,695.0,461.35546144472494,Small variability in data,
Canada,Vans,BEV,2040,339073.1967638457,1.9577507575642077,Global Net-zero,Vehicle motor,PM,Praesodymium,1.0,0.6638208078341366,No comparison,
Canada,Buses,FCEV,2040,400.7228689027267,5.6752374182090595,Global Net-zero,Vehicle motor,PM,Copper,13884.5,31.57609407700195,No comparison,
Canada,Buses,FCEV,2040,400.7228689027267,5.6752374182090595,Global Net-zero,Vehicle motor,PM,Dysprosium,83.0,0.18875838585409352,Variability in data,
Canada,Buses,FCEV,2040,400.7228689027267,5.6752374182090595,Global Net-zero,Vehicle motor,PM,Neodymium,695.0,1.5805672068505425,Small variability in data,
Canada,Buses,FCEV,2040,400.7228689027267,5.6752374182090595,Global Net-zero,Vehicle motor,PM,Praesodymium,1.0,0.0022741974199288377,No comparison,
Canada,Cars,FCEV,2040,616.4967213888103,1.0,Global Net-zero,Vehicle motor,PM,Copper,13884.5,8.559748728122937,No comparison,
Canada,Cars,FCEV,2040,616.4967213888103,1.0,Global Net-zero,Vehicle motor,PM,Dysprosium,83.0,0.051169227875271256,Variability in data,
Canada,Cars,FCEV,2040,616.4967213888103,1.0,Global Net-zero,Vehicle motor,PM,Neodymium,695.0,0.4284652213652232,Small variability in data,
Canada,Cars,FCEV,2040,616.4967213888103,1.0,Global Net-zero,Vehicle motor,PM,Praesodymium,1.0,0.0006164967213888104,No comparison,
Canada,Trucks,FCEV,2040,184.94901641664308,3.6892781241792854,Global Net-zero,Vehicle motor,PM,Copper,13884.5,9.473788119340623,No comparison,
Canada,Trucks,FCEV,2040,184.94901641664308,3.6892781241792854,Global Net-zero,Vehicle motor,PM,Dysprosium,83.0,0.05663325390941494,Variability in data,
Canada,Trucks,FCEV,2040,184.94901641664308,3.6892781241792854,Global Net-zero,Vehicle motor,PM,Neodymium,695.0,0.4742182104463058,Small variability in data,
Canada,Trucks,FCEV,2040,184.94901641664308,3.6892781241792854,Global Net-zero,Vehicle motor,PM,Praesodymium,1.0,0.0006823283603543969,No comparison,
Canada,Cars,PHEV,2040,1911139.8363053119,1.0,Global Net-zero,Vehicle motor,PM,Copper,13884.5,26535.2210571811,No comparison,
Canada,Cars,PHEV,2040,1911139.8363053119,1.0,Global Net-zero,Vehicle motor,PM,Dysprosium,83.0,158.6246064133409,Variability in data,
Canada,Cars,PHEV,2040,1911139.8363053119,1.0,Global Net-zero,Vehicle motor,PM,Neodymium,695.0,1328.242186232192,Small variability in data,
Canada,Cars,PHEV,2040,1911139.8363053119,1.0,Global Net-zero,Vehicle motor,PM,Praesodymium,1.0,1.9111398363053118,No comparison,
Canada,Vans,PHEV,2040,197278.9508444193,1.9577507575642077,Global Net-zero,Vehicle motor,PM,Copper,13884.5,5362.513458253422,No comparison,
Canada,Vans,PHEV,2040,197278.9508444193,1.9577507575642077,Global Net-zero,Vehicle motor,PM,Dysprosium,83.0,32.05651028377212,Variability in data,
Canada,Vans,PHEV,2040,197278.9508444193,1.9577507575642077,Global Net-zero,Vehicle motor,PM,Neodymium,695.0,268.42499574965814,Small variability in data,
Canada,Vans,PHEV,2040,197278.9508444193,1.9577507575642077,Global Net-zero,Vehicle motor,PM,Praesodymium,1.0,0.386223015467134,No comparison,
Canada,2 and 3 wheelers,BEV,2041,5571.3484173035185,0.09808569078889517,Global Net-zero,Vehicle motor,PM,Copper,13884.5,7.587456579950865,No comparison,
Canada,2 and 3 wheelers,BEV,2041,5571.3484173035185,0.09808569078889517,Global Net-zero,Vehicle motor,PM,Dysprosium,83.0,0.045356973325357174,Variability in data,
Canada,2 and 3 wheelers,BEV,2041,5571.3484173035185,0.09808569078889517,Global Net-zero,Vehicle motor,PM,Neodymium,695.0,0.3797963429050993,Small variability in data,
Canada,2 and 3 wheelers,BEV,2041,5571.3484173035185,0.09808569078889517,Global Net-zero,Vehicle motor,PM,Praesodymium,1.0,0.0005464695581368335,No comparison,
Canada,Buses,BEV,2041,6882.253927257288,5.6752374182090595,Global Net-zero,Vehicle motor,PM,Copper,13884.5,542.3067020456081,No comparison,
Canada,Buses,BEV,2041,6882.253927257288,5.6752374182090595,Global Net-zero,Vehicle motor,PM,Dysprosium,83.0,3.2418492757957056,Variability in data,
Canada,Buses,BEV,2041,6882.253927257288,5.6752374182090595,Global Net-zero,Vehicle motor,PM,Neodymium,695.0,27.145605381662836,Small variability in data,
Canada,Buses,BEV,2041,6882.253927257288,5.6752374182090595,Global Net-zero,Vehicle motor,PM,Praesodymium,1.0,0.03905842500958681,No comparison,
Canada,Cars,BEV,2041,6226801.172280403,1.0,Global Net-zero,Vehicle motor,PM,Copper,13884.5,86456.02087652725,No comparison,
Canada,Cars,BEV,2041,6226801.172280403,1.0,Global Net-zero,Vehicle motor,PM,Dysprosium,83.0,516.8244972992734,Variability in data,
Canada,Cars,BEV,2041,6226801.172280403,1.0,Global Net-zero,Vehicle motor,PM,Neodymium,695.0,4327.62681473488,Small variability in data,
Canada,Cars,BEV,2041,6226801.172280403,1.0,Global Net-zero,Vehicle motor,PM,Praesodymium,1.0,6.226801172280402,No comparison,
Canada,Trucks,BEV,2041,65545.27549768845,3.6892781241792854,Global Net-zero,Vehicle motor,PM,Copper,13884.5,3357.476910772206,No comparison,
Canada,Trucks,BEV,2041,65545.27549768845,3.6892781241792854,Global Net-zero,Vehicle motor,PM,Dysprosium,83.0,20.0706243360649,Variability in data,
Canada,Trucks,BEV,2041,65545.27549768845,3.6892781241792854,Global Net-zero,Vehicle motor,PM,Neodymium,695.0,168.0612519706639,Small variability in data,
Canada,Trucks,BEV,2041,65545.27549768845,3.6892781241792854,Global Net-zero,Vehicle motor,PM,Praesodymium,1.0,0.24181475103692648,No comparison,
Canada,Vans,BEV,2041,360499.01523728645,1.9577507575642077,Global Net-zero,Vehicle motor,PM,Copper,13884.5,9799.224968616263,No comparison,
Canada,Vans,BEV,2041,360499.01523728645,1.9577507575642077,Global Net-zero,Vehicle motor,PM,Dysprosium,83.0,58.57867927510171,Variability in data,
Canada,Vans,BEV,2041,360499.01523728645,1.9577507575642077,Global Net-zero,Vehicle motor,PM,Neodymium,695.0,490.50821802645413,Small variability in data,
Canada,Vans,BEV,2041,360499.01523728645,1.9577507575642077,Global Net-zero,Vehicle motor,PM,Praesodymium,1.0,0.7057672201819484,No comparison,
Canada,Buses,FCEV,2041,426.04429073497494,5.6752374182090595,Global Net-zero,Vehicle motor,PM,Copper,13884.5,33.57136726949002,No comparison,
Canada,Buses,FCEV,2041,426.04429073497494,5.6752374182090595,Global Net-zero,Vehicle motor,PM,Dysprosium,83.0,0.20068590754925794,Variability in data,
Canada,Buses,FCEV,2041,426.04429073497494,5.6752374182090595,Global Net-zero,Vehicle motor,PM,Neodymium,695.0,1.6804422379124608,Small variability in data,
Canada,Buses,FCEV,2041,426.04429073497494,5.6752374182090595,Global Net-zero,Vehicle motor,PM,Praesodymium,1.0,0.002417902500593469,No comparison,
Canada,Cars,FCEV,2041,655.4527549768845,1.0,Global Net-zero,Vehicle motor,PM,Copper,13884.5,9.100633776476553,No comparison,
Canada,Cars,FCEV,2041,655.4527549768845,1.0,Global Net-zero,Vehicle motor,PM,Dysprosium,83.0,0.054402578663081416,Variability in data,
Canada,Cars,FCEV,2041,655.4527549768845,1.0,Global Net-zero,Vehicle motor,PM,Neodymium,695.0,0.4555396647089347,Small variability in data,
Canada,Cars,FCEV,2041,655.4527549768845,1.0,Global Net-zero,Vehicle motor,PM,Praesodymium,1.0,0.0006554527549768846,No comparison,
Canada,Trucks,FCEV,2041,196.63582649306534,3.6892781241792854,Global Net-zero,Vehicle motor,PM,Copper,13884.5,10.072430732316619,No comparison,
Canada,Trucks,FCEV,2041,196.63582649306534,3.6892781241792854,Global Net-zero,Vehicle motor,PM,Dysprosium,83.0,0.0602118730081947,Variability in data,
Canada,Trucks,FCEV,2041,196.63582649306534,3.6892781241792854,Global Net-zero,Vehicle motor,PM,Neodymium,695.0,0.5041837559119917,Small variability in data,
Canada,Trucks,FCEV,2041,196.63582649306534,3.6892781241792854,Global Net-zero,Vehicle motor,PM,Praesodymium,1.0,0.0007254442531107795,No comparison,
Canada,Cars,PHEV,2041,2031903.540428342,1.0,Global Net-zero,Vehicle motor,PM,Copper,13884.5,28211.964707077317,No comparison,
Canada,Cars,PHEV,2041,2031903.540428342,1.0,Global Net-zero,Vehicle motor,PM,Dysprosium,83.0,168.64799385555241,Variability in data,
Canada,Cars,PHEV,2041,2031903.540428342,1.0,Global Net-zero,Vehicle motor,PM,Neodymium,695.0,1412.1729605976977,Small variability in data,
Canada,Cars,PHEV,2041,2031903.540428342,1.0,Global Net-zero,Vehicle motor,PM,Praesodymium,1.0,2.031903540428342,No comparison,
Canada,Vans,PHEV,2041,209744.88159260305,1.9577507575642077,Global Net-zero,Vehicle motor,PM,Copper,13884.5,5701.367254467645,No comparison,
Canada,Vans,PHEV,2041,209744.88159260305,1.9577507575642077,Global Net-zero,Vehicle motor,PM,Dysprosium,83.0,34.08214066915009,Variability in data,
Canada,Vans,PHEV,2041,209744.88159260305,1.9577507575642077,Global Net-zero,Vehicle motor,PM,Neodymium,695.0,285.3865995790279,Small variability in data,
Canada,Vans,PHEV,2041,209744.88159260305,1.9577507575642077,Global Net-zero,Vehicle motor,PM,Praesodymium,1.0,0.41062820083313367,No comparison,
Canada,2 and 3 wheelers,BEV,2042,5874.540345787337,0.09808569078889517,Global Net-zero,Vehicle motor,PM,Copper,13884.5,8.00036480619243,No comparison,
Canada,2 and 3 wheelers,BEV,2042,5874.540345787337,0.09808569078889517,Global Net-zero,Vehicle motor,PM,Dysprosium,83.0,0.047825292874354254,Variability in data,
Canada,2 and 3 wheelers,BEV,2042,5874.540345787337,0.09808569078889517,Global Net-zero,Vehicle motor,PM,Neodymium,695.0,0.4004648017792313,Small variability in data,
Canada,2 and 3 wheelers,BEV,2042,5874.540345787337,0.09808569078889517,Global Net-zero,Vehicle motor,PM,Praesodymium,1.0,0.0005762083478837862,No comparison,
Canada,Buses,BEV,2042,7256.785133031416,5.6752374182090595,Global Net-zero,Vehicle motor,PM,Copper,13884.5,571.8189498009705,No comparison,
Canada,Buses,BEV,2042,7256.785133031416,5.6752374182090595,Global Net-zero,Vehicle motor,PM,Dysprosium,83.0,3.4182702173992974,Variability in data,
Canada,Buses,BEV,2042,7256.785133031416,5.6752374182090595,Global Net-zero,Vehicle motor,PM,Neodymium,695.0,28.62286507340376,Small variability in data,
Canada,Buses,BEV,2042,7256.785133031416,5.6752374182090595,Global Net-zero,Vehicle motor,PM,Praesodymium,1.0,0.0411839785228831,No comparison,
Canada,Cars,BEV,2042,6565662.739409377,1.0,Global Net-zero,Vehicle motor,PM,Copper,13884.5,91160.9443053295,No comparison,
Canada,Cars,BEV,2042,6565662.739409377,1.0,Global Net-zero,Vehicle motor,PM,Dysprosium,83.0,544.9500073709783,Variability in data,
Canada,Cars,BEV,2042,6565662.739409377,1.0,Global Net-zero,Vehicle motor,PM,Neodymium,695.0,4563.1356038895165,Small variability in data,
Canada,Cars,BEV,2042,6565662.739409377,1.0,Global Net-zero,Vehicle motor,PM,Praesodymium,1.0,6.565662739409377,No comparison,
Canada,Trucks,BEV,2042,69112.23936220397,3.6892781241792854,Global Net-zero,Vehicle motor,PM,Copper,13884.5,3540.1902905808242,No comparison,
Canada,Trucks,BEV,2042,69112.23936220397,3.6892781241792854,Global Net-zero,Vehicle motor,PM,Dysprosium,83.0,21.162864641737798,Variability in data,
Canada,Trucks,BEV,2042,69112.23936220397,3.6892781241792854,Global Net-zero,Vehicle motor,PM,Neodymium,695.0,177.20711959045502,Small variability in data,
Canada,Trucks,BEV,2042,69112.23936220397,3.6892781241792854,Global Net-zero,Vehicle motor,PM,Praesodymium,1.0,0.2549742727920216,No comparison,
Canada,Vans,BEV,2042,380117.3164921218,1.9577507575642077,Global Net-zero,Vehicle motor,PM,Copper,13884.5,10332.497292180531,No comparison,
Canada,Vans,BEV,2042,380117.3164921218,1.9577507575642077,Global Net-zero,Vehicle motor,PM,Dysprosium,83.0,61.76652203903519,Variability in data,
Canada,Vans,BEV,2042,380117.3164921218,1.9577507575642077,Global Net-zero,Vehicle motor,PM,Neodymium,695.0,517.2016002063789,Small variability in data,
Canada,Vans,BEV,2042,380117.3164921218,1.9577507575642077,Global Net-zero,Vehicle motor,PM,Praesodymium,1.0,0.744174964325725,No comparison,
Canada,Buses,FCEV,2042,449.2295558543258,5.6752374182090595,Global Net-zero,Vehicle motor,PM,Copper,13884.5,35.39831594006008,No comparison,
Canada,Buses,FCEV,2042,449.2295558543258,5.6752374182090595,Global Net-zero,Vehicle motor,PM,Dysprosium,83.0,0.21160720393424223,Variability in data,
Canada,Buses,FCEV,2042,449.2295558543258,5.6752374182090595,Global Net-zero,Vehicle motor,PM,Neodymium,695.0,1.771891647401185,Small variability in data,
Canada,Buses,FCEV,2042,449.2295558543258,5.6752374182090595,Global Net-zero,Vehicle motor,PM,Praesodymium,1.0,0.0025494843847499063,No comparison,
Canada,Cars,FCEV,2042,691.1223936220397,1.0,Global Net-zero,Vehicle motor,PM,Copper,13884.5,9.59588887424521,No comparison,
Canada,Cars,FCEV,2042,691.1223936220397,1.0,Global Net-zero,Vehicle motor,PM,Dysprosium,83.0,0.05736315867062929,Variability in data,
Canada,Cars,FCEV,2042,691.1223936220397,1.0,Global Net-zero,Vehicle motor,PM,Neodymium,695.0,0.48033006356731756,Small variability in data,
Canada,Cars,FCEV,2042,691.1223936220397,1.0,Global Net-zero,Vehicle motor,PM,Praesodymium,1.0,0.0006911223936220397,No comparison,
Canada,Trucks,FCEV,2042,207.33671808661188,3.6892781241792854,Global Net-zero,Vehicle motor,PM,Copper,13884.5,10.620570871742473,No comparison,
Canada,Trucks,FCEV,2042,207.33671808661188,3.6892781241792854,Global Net-zero,Vehicle motor,PM,Dysprosium,83.0,0.06348859392521337,Variability in data,
Canada,Trucks,FCEV,2042,207.33671808661188,3.6892781241792854,Global Net-zero,Vehicle motor,PM,Neodymium,695.0,0.5316213587713651,Small variability in data,
Canada,Trucks,FCEV,2042,207.33671808661188,3.6892781241792854,Global Net-zero,Vehicle motor,PM,Praesodymium,1.0,0.0007649228183760649,No comparison,
Canada,Cars,PHEV,2042,2142479.420228323,1.0,Global Net-zero,Vehicle motor,PM,Copper,13884.5,29747.25551016015,No comparison,
Canada,Cars,PHEV,2042,2142479.420228323,1.0,Global Net-zero,Vehicle motor,PM,Dysprosium,83.0,177.8257918789508,Variability in data,
Canada,Cars,PHEV,2042,2142479.420228323,1.0,Global Net-zero,Vehicle motor,PM,Neodymium,695.0,1489.0231970586844,Small variability in data,
Canada,Cars,PHEV,2042,2142479.420228323,1.0,Global Net-zero,Vehicle motor,PM,Praesodymium,1.0,2.142479420228323,No comparison,
Canada,Vans,PHEV,2042,221159.16595905268,1.9577507575642077,Global Net-zero,Vehicle motor,PM,Copper,13884.5,6011.634788177763,No comparison,
Canada,Vans,PHEV,2042,221159.16595905268,1.9577507575642077,Global Net-zero,Vehicle motor,PM,Dysprosium,83.0,35.93688554998411,Variability in data,
Canada,Vans,PHEV,2042,221159.16595905268,1.9577507575642077,Global Net-zero,Vehicle motor,PM,Neodymium,695.0,300.9172946655296,Small variability in data,
Canada,Vans,PHEV,2042,221159.16595905268,1.9577507575642077,Global Net-zero,Vehicle motor,PM,Praesodymium,1.0,0.4329745246986037,No comparison,
Canada,2 and 3 wheelers,BEV,2043,6158.510236814795,0.09808569078889517,Global Net-zero,Vehicle motor,PM,Copper,13884.5,8.387095101410084,No comparison,
Canada,2 and 3 wheelers,BEV,2043,6158.510236814795,0.09808569078889517,Global Net-zero,Vehicle motor,PM,Dysprosium,83.0,0.05013712365710231,Variability in data,
Canada,2 and 3 wheelers,BEV,2043,6158.510236814795,0.09808569078889517,Global Net-zero,Vehicle motor,PM,Neodymium,695.0,0.4198229029118808,Small variability in data,
Canada,2 and 3 wheelers,BEV,2043,6158.510236814795,0.09808569078889517,Global Net-zero,Vehicle motor,PM,Praesodymium,1.0,0.0006040617308084615,No comparison,
Canada,Buses,BEV,2043,7607.571469006511,5.6752374182090595,Global Net-zero,Vehicle motor,PM,Copper,13884.5,599.4601532491448,No comparison,
Canada,Buses,BEV,2043,7607.571469006511,5.6752374182090595,Global Net-zero,Vehicle motor,PM,Dysprosium,83.0,3.583506263796249,Variability in data,
Canada,Buses,BEV,2043,7607.571469006511,5.6752374182090595,Global Net-zero,Vehicle motor,PM,Neodymium,695.0,30.00646811251076,Small variability in data,
Canada,Buses,BEV,2043,7607.571469006511,5.6752374182090595,Global Net-zero,Vehicle motor,PM,Praesodymium,1.0,0.04317477426260541,No comparison,
Canada,Cars,BEV,2043,6883040.852910653,1.0,Global Net-zero,Vehicle motor,PM,Copper,13884.5,95567.58072223797,No comparison,
Canada,Cars,BEV,2043,6883040.852910653,1.0,Global Net-zero,Vehicle motor,PM,Dysprosium,83.0,571.2923907915841,Variability in data,
Canada,Cars,BEV,2043,6883040.852910653,1.0,Global Net-zero,Vehicle motor,PM,Neodymium,695.0,4783.713392772904,Small variability in data,
Canada,Cars,BEV,2043,6883040.852910653,1.0,Global Net-zero,Vehicle motor,PM,Praesodymium,1.0,6.883040852910653,No comparison,
Canada,Trucks,BEV,2043,72453.06160958581,3.6892781241792854,Global Net-zero,Vehicle motor,PM,Copper,13884.5,3711.319841466215,No comparison,
Canada,Trucks,BEV,2043,72453.06160958581,3.6892781241792854,Global Net-zero,Vehicle motor,PM,Dysprosium,83.0,22.18585810376289,Variability in data,
Canada,Trucks,BEV,2043,72453.06160958581,3.6892781241792854,Global Net-zero,Vehicle motor,PM,Neodymium,695.0,185.77314918211096,Small variability in data,
Canada,Trucks,BEV,2043,72453.06160958581,3.6892781241792854,Global Net-zero,Vehicle motor,PM,Praesodymium,1.0,0.26729949522605895,No comparison,
Canada,Vans,BEV,2043,398491.83885272196,1.9577507575642077,Global Net-zero,Vehicle motor,PM,Copper,13884.5,10831.960732278625,No comparison,
Canada,Vans,BEV,2043,398491.83885272196,1.9577507575642077,Global Net-zero,Vehicle motor,PM,Dysprosium,83.0,64.75225904995686,Variability in data,
Canada,Vans,BEV,2043,398491.83885272196,1.9577507575642077,Global Net-zero,Vehicle motor,PM,Neodymium,695.0,542.2026510809641,Small variability in data,
Canada,Vans,BEV,2043,398491.83885272196,1.9577507575642077,Global Net-zero,Vehicle motor,PM,Praesodymium,1.0,0.7801476993970705,No comparison,
Canada,Buses,FCEV,2043,470.9449004623078,5.6752374182090595,Global Net-zero,Vehicle motor,PM,Copper,13884.5,37.109438058280396,No comparison,
Canada,Buses,FCEV,2043,470.9449004623078,5.6752374182090595,Global Net-zero,Vehicle motor,PM,Dysprosium,83.0,0.22183610204452972,Variability in data,
Canada,Buses,FCEV,2043,470.9449004623078,5.6752374182090595,Global Net-zero,Vehicle motor,PM,Neodymium,695.0,1.857543264107809,Small variability in data,
Canada,Buses,FCEV,2043,470.9449004623078,5.6752374182090595,Global Net-zero,Vehicle motor,PM,Praesodymium,1.0,0.00267272412101843,No comparison,
Canada,Cars,FCEV,2043,724.5306160958581,1.0,Global Net-zero,Vehicle motor,PM,Copper,13884.5,10.059745339182943,No comparison,
Canada,Cars,FCEV,2043,724.5306160958581,1.0,Global Net-zero,Vehicle motor,PM,Dysprosium,83.0,0.06013604113595623,Variability in data,
Canada,Cars,FCEV,2043,724.5306160958581,1.0,Global Net-zero,Vehicle motor,PM,Neodymium,695.0,0.5035487781866214,Small variability in data,
Canada,Cars,FCEV,2043,724.5306160958581,1.0,Global Net-zero,Vehicle motor,PM,Praesodymium,1.0,0.0007245306160958582,No comparison,
Canada,Trucks,FCEV,2043,217.35918482875746,3.6892781241792854,Global Net-zero,Vehicle motor,PM,Copper,13884.5,11.133959524398648,No comparison,
Canada,Trucks,FCEV,2043,217.35918482875746,3.6892781241792854,Global Net-zero,Vehicle motor,PM,Dysprosium,83.0,0.06655757431128868,Variability in data,
Canada,Trucks,FCEV,2043,217.35918482875746,3.6892781241792854,Global Net-zero,Vehicle motor,PM,Neodymium,695.0,0.557319447546333,Small variability in data,
Canada,Trucks,FCEV,2043,217.35918482875746,3.6892781241792854,Global Net-zero,Vehicle motor,PM,Praesodymium,1.0,0.0008018984856781769,No comparison,
Canada,Cars,PHEV,2043,2246044.9098971603,1.0,Global Net-zero,Vehicle motor,PM,Copper,13884.5,31185.21055146712,No comparison,
Canada,Cars,PHEV,2043,2246044.9098971603,1.0,Global Net-zero,Vehicle motor,PM,Dysprosium,83.0,186.42172752146428,Variability in data,
Canada,Cars,PHEV,2043,2246044.9098971603,1.0,Global Net-zero,Vehicle motor,PM,Neodymium,695.0,1561.0012123785264,Small variability in data,
Canada,Cars,PHEV,2043,2246044.9098971603,1.0,Global Net-zero,Vehicle motor,PM,Praesodymium,1.0,2.24604490989716,No comparison,
Canada,Vans,PHEV,2043,231849.79715067463,1.9577507575642077,Global Net-zero,Vehicle motor,PM,Copper,13884.5,6302.231698780292,No comparison,
Canada,Vans,PHEV,2043,231849.79715067463,1.9577507575642077,Global Net-zero,Vehicle motor,PM,Dysprosium,83.0,37.67404162906581,Variability in data,
Canada,Vans,PHEV,2043,231849.79715067463,1.9577507575642077,Global Net-zero,Vehicle motor,PM,Neodymium,695.0,315.46336062892453,Small variability in data,
Canada,Vans,PHEV,2043,231849.79715067463,1.9577507575642077,Global Net-zero,Vehicle motor,PM,Praesodymium,1.0,0.45390411601284114,No comparison,
Canada,2 and 3 wheelers,BEV,2044,6423.618973488064,0.09808569078889517,Global Net-zero,Vehicle motor,PM,Copper,13884.5,8.748138941753425,No comparison,
Canada,2 and 3 wheelers,BEV,2044,6423.618973488064,0.09808569078889517,Global Net-zero,Vehicle motor,PM,Dysprosium,83.0,0.052295403663476125,Variability in data,
Canada,2 and 3 wheelers,BEV,2044,6423.618973488064,0.09808569078889517,Global Net-zero,Vehicle motor,PM,Neodymium,695.0,0.4378952475435652,Small variability in data,
Canada,2 and 3 wheelers,BEV,2044,6423.618973488064,0.09808569078889517,Global Net-zero,Vehicle motor,PM,Praesodymium,1.0,0.0006300651043792305,No comparison,
Canada,Buses,BEV,2044,7935.0587319558435,5.6752374182090595,Global Net-zero,Vehicle motor,PM,Copper,13884.5,625.2654402102395,No comparison,
Canada,Buses,BEV,2044,7935.0587319558435,5.6752374182090595,Global Net-zero,Vehicle motor,PM,Dysprosium,83.0,3.7377674051964336,Variability in data,
Canada,Buses,BEV,2044,7935.0587319558435,5.6752374182090595,Global Net-zero,Vehicle motor,PM,Neodymium,695.0,31.298172850741217,Small variability in data,
Canada,Buses,BEV,2044,7935.0587319558435,5.6752374182090595,Global Net-zero,Vehicle motor,PM,Praesodymium,1.0,0.04503334223128233,No comparison,
Canada,Cars,BEV,2044,7179338.852721954,1.0,Global Net-zero,Vehicle motor,PM,Copper,13884.5,99681.53030061796,No comparison,
Canada,Cars,BEV,2044,7179338.852721954,1.0,Global Net-zero,Vehicle motor,PM,Dysprosium,83.0,595.8851247759222,Variability in data,
Canada,Cars,BEV,2044,7179338.852721954,1.0,Global Net-zero,Vehicle motor,PM,Neodymium,695.0,4989.640502641758,Small variability in data,
Canada,Cars,BEV,2044,7179338.852721954,1.0,Global Net-zero,Vehicle motor,PM,Praesodymium,1.0,7.179338852721954,No comparison,
Canada,Trucks,BEV,2044,75571.987923389,3.6892781241792854,Global Net-zero,Vehicle motor,PM,Copper,13884.5,3871.083043397731,No comparison,
Canada,Trucks,BEV,2044,75571.987923389,3.6892781241792854,Global Net-zero,Vehicle motor,PM,Dysprosium,83.0,23.140904793259512,Variability in data,
Canada,Trucks,BEV,2044,75571.987923389,3.6892781241792854,Global Net-zero,Vehicle motor,PM,Neodymium,695.0,193.77022688331763,Small variability in data,
Canada,Trucks,BEV,2044,75571.987923389,3.6892781241792854,Global Net-zero,Vehicle motor,PM,Praesodymium,1.0,0.2788060818465002,No comparison,
Canada,Vans,BEV,2044,415645.9335786394,1.9577507575642077,Global Net-zero,Vehicle motor,PM,Copper,13884.5,11298.250031963882,No comparison,
Canada,Vans,BEV,2044,415645.9335786394,1.9577507575642077,Global Net-zero,Vehicle motor,PM,Dysprosium,83.0,67.53968473139128,Variability in data,
Canada,Vans,BEV,2044,415645.9335786394,1.9577507575642077,Global Net-zero,Vehicle motor,PM,Neodymium,695.0,565.5431432327342,Small variability in data,
Canada,Vans,BEV,2044,415645.9335786394,1.9577507575642077,Global Net-zero,Vehicle motor,PM,Praesodymium,1.0,0.8137311413420637,No comparison,
Canada,Buses,FCEV,2044,491.21792150202845,5.6752374182090595,Global Net-zero,Vehicle motor,PM,Copper,13884.5,38.706908203491025,No comparison,
Canada,Buses,FCEV,2044,491.21792150202845,5.6752374182090595,Global Net-zero,Vehicle motor,PM,Dysprosium,83.0,0.23138560127406493,Variability in data,
Canada,Buses,FCEV,2044,491.21792150202845,5.6752374182090595,Global Net-zero,Vehicle motor,PM,Neodymium,695.0,1.9375059383792186,Small variability in data,
Canada,Buses,FCEV,2044,491.21792150202845,5.6752374182090595,Global Net-zero,Vehicle motor,PM,Praesodymium,1.0,0.0027877783286031923,No comparison,
Canada,Cars,FCEV,2044,755.7198792338899,1.0,Global Net-zero,Vehicle motor,PM,Copper,13884.5,10.492792663222945,No comparison,
Canada,Cars,FCEV,2044,755.7198792338899,1.0,Global Net-zero,Vehicle motor,PM,Dysprosium,83.0,0.06272474997641286,Variability in data,
Canada,Cars,FCEV,2044,755.7198792338899,1.0,Global Net-zero,Vehicle motor,PM,Neodymium,695.0,0.5252253160675535,Small variability in data,
Canada,Cars,FCEV,2044,755.7198792338899,1.0,Global Net-zero,Vehicle motor,PM,Praesodymium,1.0,0.0007557198792338899,No comparison,
Canada,Trucks,FCEV,2044,226.71596377016698,3.6892781241792854,Global Net-zero,Vehicle motor,PM,Copper,13884.5,11.613249130193195,No comparison,
Canada,Trucks,FCEV,2044,226.71596377016698,3.6892781241792854,Global Net-zero,Vehicle motor,PM,Dysprosium,83.0,0.06942271437977854,Variability in data,
Canada,Trucks,FCEV,2044,226.71596377016698,3.6892781241792854,Global Net-zero,Vehicle motor,PM,Neodymium,695.0,0.5813106806499528,Small variability in data,
Canada,Trucks,FCEV,2044,226.71596377016698,3.6892781241792854,Global Net-zero,Vehicle motor,PM,Praesodymium,1.0,0.0008364182455395005,No comparison,
Canada,Cars,PHEV,2044,2342731.6256250585,1.0,Global Net-zero,Vehicle motor,PM,Copper,13884.5,32527.657255991126,No comparison,
Canada,Cars,PHEV,2044,2342731.6256250585,1.0,Global Net-zero,Vehicle motor,PM,Dysprosium,83.0,194.44672492687985,Variability in data,
Canada,Cars,PHEV,2044,2342731.6256250585,1.0,Global Net-zero,Vehicle motor,PM,Neodymium,695.0,1628.1984798094156,Small variability in data,
Canada,Cars,PHEV,2044,2342731.6256250585,1.0,Global Net-zero,Vehicle motor,PM,Praesodymium,1.0,2.3427316256250585,No comparison,
Canada,Vans,PHEV,2044,241830.36135484476,1.9577507575642077,Global Net-zero,Vehicle motor,PM,Copper,13884.5,6573.527291324441,No comparison,
Canada,Vans,PHEV,2044,241830.36135484476,1.9577507575642077,Global Net-zero,Vehicle motor,PM,Dysprosium,83.0,39.29581657099129,Variability in data,
Canada,Vans,PHEV,2044,241830.36135484476,1.9577507575642077,Global Net-zero,Vehicle motor,PM,Neodymium,695.0,329.04328333540906,Small variability in data,
Canada,Vans,PHEV,2044,241830.36135484476,1.9577507575642077,Global Net-zero,Vehicle motor,PM,Praesodymium,1.0,0.47344357314447344,No comparison,
Canada,2 and 3 wheelers,BEV,2045,6665.870777903576,0.09808569078889517,Global Net-zero,Vehicle motor,PM,Copper,13884.5,9.07805459407715,No comparison,
Canada,2 and 3 wheelers,BEV,2045,6665.870777903576,0.09808569078889517,Global Net-zero,Vehicle motor,PM,Dysprosium,83.0,0.05426760281669512,Variability in data,
Canada,2 and 3 wheelers,BEV,2045,6665.870777903576,0.09808569078889517,Global Net-zero,Vehicle motor,PM,Neodymium,695.0,0.45440944527232663,Small variability in data,
Canada,2 and 3 wheelers,BEV,2045,6665.870777903576,0.09808569078889517,Global Net-zero,Vehicle motor,PM,Praesodymium,1.0,0.0006538265399601822,No comparison,
Canada,Buses,BEV,2045,8234.31096093971,5.6752374182090595,Global Net-zero,Vehicle motor,PM,Copper,13884.5,648.8458676538274,No comparison,
Canada,Buses,BEV,2045,8234.31096093971,5.6752374182090595,Global Net-zero,Vehicle motor,PM,Dysprosium,83.0,3.878728583331606,Variability in data,
Canada,Buses,BEV,2045,8234.31096093971,5.6752374182090595,Global Net-zero,Vehicle motor,PM,Neodymium,695.0,32.47851042669236,Small variability in data,
Canada,Buses,BEV,2045,8234.31096093971,5.6752374182090595,Global Net-zero,Vehicle motor,PM,Praesodymium,1.0,0.04673166967869404,No comparison,
Canada,Cars,BEV,2045,7450090.869421644,1.0,Global Net-zero,Vehicle motor,PM,Copper,13884.5,103440.78667648481,No comparison,
Canada,Cars,BEV,2045,7450090.869421644,1.0,Global Net-zero,Vehicle motor,PM,Dysprosium,83.0,618.3575421619964,Variability in data,
Canada,Cars,BEV,2045,7450090.869421644,1.0,Global Net-zero,Vehicle motor,PM,Neodymium,695.0,5177.813154248043,Small variability in data,
Canada,Cars,BEV,2045,7450090.869421644,1.0,Global Net-zero,Vehicle motor,PM,Praesodymium,1.0,7.450090869421644,No comparison,
Canada,Trucks,BEV,2045,78422.00915180678,3.6892781241792854,Global Net-zero,Vehicle motor,PM,Copper,13884.5,4017.071909825805,No comparison,
Canada,Trucks,BEV,2045,78422.00915180678,3.6892781241792854,Global Net-zero,Vehicle motor,PM,Dysprosium,83.0,24.013610033889723,Variability in data,
Canada,Trucks,BEV,2045,78422.00915180678,3.6892781241792854,Global Net-zero,Vehicle motor,PM,Neodymium,695.0,201.07781895847415,Small variability in data,
Canada,Trucks,BEV,2045,78422.00915180678,3.6892781241792854,Global Net-zero,Vehicle motor,PM,Praesodymium,1.0,0.28932060281794847,No comparison,
Canada,Vans,BEV,2045,431321.0503349373,1.9577507575642077,Global Net-zero,Vehicle motor,PM,Copper,13884.5,11724.337175095703,No comparison,
Canada,Vans,BEV,2045,431321.0503349373,1.9577507575642077,Global Net-zero,Vehicle motor,PM,Dysprosium,83.0,70.0867863828689,Variability in data,
Canada,Vans,BEV,2045,431321.0503349373,1.9577507575642077,Global Net-zero,Vehicle motor,PM,Neodymium,695.0,586.8712835673963,Small variability in data,
Canada,Vans,BEV,2045,431321.0503349373,1.9577507575642077,Global Net-zero,Vehicle motor,PM,Praesodymium,1.0,0.8444191130466133,No comparison,
Canada,Buses,FCEV,2045,509.7430594867441,5.6752374182090595,Global Net-zero,Vehicle motor,PM,Copper,13884.5,40.16664894999885,No comparison,
Canada,Buses,FCEV,2045,509.7430594867441,5.6752374182090595,Global Net-zero,Vehicle motor,PM,Dysprosium,83.0,0.24011176944433751,Variability in data,
Canada,Buses,FCEV,2045,509.7430594867441,5.6752374182090595,Global Net-zero,Vehicle motor,PM,Neodymium,695.0,2.0105744549857176,Small variability in data,
Canada,Buses,FCEV,2045,509.7430594867441,5.6752374182090595,Global Net-zero,Vehicle motor,PM,Praesodymium,1.0,0.0028929128848715364,No comparison,
Canada,Cars,FCEV,2045,784.2200915180678,1.0,Global Net-zero,Vehicle motor,PM,Copper,13884.5,10.888503860682611,No comparison,
Canada,Cars,FCEV,2045,784.2200915180678,1.0,Global Net-zero,Vehicle motor,PM,Dysprosium,83.0,0.06509026759599963,Variability in data,
Canada,Cars,FCEV,2045,784.2200915180678,1.0,Global Net-zero,Vehicle motor,PM,Neodymium,695.0,0.5450329636050572,Small variability in data,
Canada,Cars,FCEV,2045,784.2200915180678,1.0,Global Net-zero,Vehicle motor,PM,Praesodymium,1.0,0.0007842200915180677,No comparison,
Canada,Trucks,FCEV,2045,235.26602745542033,3.6892781241792854,Global Net-zero,Vehicle motor,PM,Copper,13884.5,12.051215729477416,No comparison,
Canada,Trucks,FCEV,2045,235.26602745542033,3.6892781241792854,Global Net-zero,Vehicle motor,PM,Dysprosium,83.0,0.07204083010166917,Variability in data,
Canada,Trucks,FCEV,2045,235.26602745542033,3.6892781241792854,Global Net-zero,Vehicle motor,PM,Neodymium,695.0,0.6032334568754225,Small variability in data,
Canada,Trucks,FCEV,2045,235.26602745542033,3.6892781241792854,Global Net-zero,Vehicle motor,PM,Praesodymium,1.0,0.0008679618084538454,No comparison,
Canada,Cars,PHEV,2045,2431082.28370601,1.0,Global Net-zero,Vehicle motor,PM,Copper,13884.5,33754.36196811609,No comparison,
Canada,Cars,PHEV,2045,2431082.28370601,1.0,Global Net-zero,Vehicle motor,PM,Dysprosium,83.0,201.7798295475988,Variability in data,
Canada,Cars,PHEV,2045,2431082.28370601,1.0,Global Net-zero,Vehicle motor,PM,Neodymium,695.0,1689.6021871756768,Small variability in data,
Canada,Cars,PHEV,2045,2431082.28370601,1.0,Global Net-zero,Vehicle motor,PM,Praesodymium,1.0,2.4310822837060098,No comparison,
Canada,Vans,PHEV,2045,250950.4292857817,1.9577507575642077,Global Net-zero,Vehicle motor,PM,Copper,13884.5,6821.432538237499,No comparison,
Canada,Vans,PHEV,2045,250950.4292857817,1.9577507575642077,Global Net-zero,Vehicle motor,PM,Dysprosium,83.0,40.77776662276009,Variability in data,
Canada,Vans,PHEV,2045,250950.4292857817,1.9577507575642077,Global Net-zero,Vehicle motor,PM,Neodymium,695.0,341.45238316648505,Small variability in data,
Canada,Vans,PHEV,2045,250950.4292857817,1.9577507575642077,Global Net-zero,Vehicle motor,PM,Praesodymium,1.0,0.49129839304530226,No comparison,
Canada,2 and 3 wheelers,BEV,2046,6894.302764411736,0.09808569078889517,Global Net-zero,Vehicle motor,PM,Copper,13884.5,9.389149440294192,No comparison,
Canada,2 and 3 wheelers,BEV,2046,6894.302764411736,0.09808569078889517,Global Net-zero,Vehicle motor,PM,Dysprosium,83.0,0.05612729327987452,Variability in data,
Canada,2 and 3 wheelers,BEV,2046,6894.302764411736,0.09808569078889517,Global Net-zero,Vehicle motor,PM,Neodymium,695.0,0.46998155216280474,Small variability in data,
Canada,2 and 3 wheelers,BEV,2046,6894.302764411736,0.09808569078889517,Global Net-zero,Vehicle motor,PM,Praesodymium,1.0,0.0006762324491551147,No comparison,
Canada,Buses,BEV,2046,8516.491650155675,5.6752374182090595,Global Net-zero,Vehicle motor,PM,Copper,13884.5,671.0810947418014,No comparison,
Canada,Buses,BEV,2046,8516.491650155675,5.6752374182090595,Global Net-zero,Vehicle motor,PM,Dysprosium,83.0,4.011648303040766,Variability in data,
Canada,Buses,BEV,2046,8516.491650155675,5.6752374182090595,Global Net-zero,Vehicle motor,PM,Neodymium,695.0,33.59151289895581,Small variability in data,
Canada,Buses,BEV,2046,8516.491650155675,5.6752374182090595,Global Net-zero,Vehicle motor,PM,Praesodymium,1.0,0.04833311208482851,No comparison,
Canada,Cars,BEV,2046,7705397.207283705,1.0,Global Net-zero,Vehicle motor,PM,Copper,13884.5,106985.5875245306,No comparison,
Canada,Cars,BEV,2046,7705397.207283705,1.0,Global Net-zero,Vehicle motor,PM,Dysprosium,83.0,639.5479682045475,Variability in data,
Canada,Cars,BEV,2046,7705397.207283705,1.0,Global Net-zero,Vehicle motor,PM,Neodymium,695.0,5355.251059062175,Small variability in data,
Canada,Cars,BEV,2046,7705397.207283705,1.0,Global Net-zero,Vehicle motor,PM,Praesodymium,1.0,7.7053972072837045,No comparison,
Canada,Trucks,BEV,2046,81109.4442871969,3.6892781241792854,Global Net-zero,Vehicle motor,PM,Copper,13884.5,4154.732501649674,No comparison,
Canada,Trucks,BEV,2046,81109.4442871969,3.6892781241792854,Global Net-zero,Vehicle motor,PM,Dysprosium,83.0,24.836529773266804,Variability in data,
Canada,Trucks,BEV,2046,81109.4442871969,3.6892781241792854,Global Net-zero,Vehicle motor,PM,Neodymium,695.0,207.96853243880034,Small variability in data,
Canada,Trucks,BEV,2046,81109.4442871969,3.6892781241792854,Global Net-zero,Vehicle motor,PM,Praesodymium,1.0,0.299235298473094,No comparison,
Canada,Vans,BEV,2046,446101.9435795829,1.9577507575642077,Global Net-zero,Vehicle motor,PM,Copper,13884.5,12126.11718563483,No comparison,
Canada,Vans,BEV,2046,446101.9435795829,1.9577507575642077,Global Net-zero,Vehicle motor,PM,Dysprosium,83.0,72.48858269348489,Variability in data,
Canada,Vans,BEV,2046,446101.9435795829,1.9577507575642077,Global Net-zero,Vehicle motor,PM,Neodymium,695.0,606.9827105056868,Small variability in data,
Canada,Vans,BEV,2046,446101.9435795829,1.9577507575642077,Global Net-zero,Vehicle motor,PM,Praesodymium,1.0,0.8733564179937938,No comparison,
Canada,Buses,FCEV,2046,527.2113878667798,5.6752374182090595,Global Net-zero,Vehicle motor,PM,Copper,13884.5,41.54311538877817,No comparison,
Canada,Buses,FCEV,2046,527.2113878667798,5.6752374182090595,Global Net-zero,Vehicle motor,PM,Dysprosium,83.0,0.2483401330453807,Variability in data,
Canada,Buses,FCEV,2046,527.2113878667798,5.6752374182090595,Global Net-zero,Vehicle motor,PM,Neodymium,695.0,2.0794746080305972,Small variability in data,
Canada,Buses,FCEV,2046,527.2113878667798,5.6752374182090595,Global Net-zero,Vehicle motor,PM,Praesodymium,1.0,0.0029920497957274784,No comparison,
Canada,Cars,FCEV,2046,811.0944428719689,1.0,Global Net-zero,Vehicle motor,PM,Copper,13884.5,11.261640792055852,No comparison,
Canada,Cars,FCEV,2046,811.0944428719689,1.0,Global Net-zero,Vehicle motor,PM,Dysprosium,83.0,0.06732083875837341,Variability in data,
Canada,Cars,FCEV,2046,811.0944428719689,1.0,Global Net-zero,Vehicle motor,PM,Neodymium,695.0,0.5637106377960184,Small variability in data,
Canada,Cars,FCEV,2046,811.0944428719689,1.0,Global Net-zero,Vehicle motor,PM,Praesodymium,1.0,0.0008110944428719689,No comparison,
Canada,Trucks,FCEV,2046,243.3283328615907,3.6892781241792854,Global Net-zero,Vehicle motor,PM,Copper,13884.5,12.464197504949022,No comparison,
Canada,Trucks,FCEV,2046,243.3283328615907,3.6892781241792854,Global Net-zero,Vehicle motor,PM,Dysprosium,83.0,0.07450958931980042,Variability in data,
Canada,Trucks,FCEV,2046,243.3283328615907,3.6892781241792854,Global Net-zero,Vehicle motor,PM,Neodymium,695.0,0.623905597316401,Small variability in data,
Canada,Trucks,FCEV,2046,243.3283328615907,3.6892781241792854,Global Net-zero,Vehicle motor,PM,Praesodymium,1.0,0.0008977058954192821,No comparison,
Canada,Cars,PHEV,2046,2514392.772903104,1.0,Global Net-zero,Vehicle motor,PM,Copper,13884.5,34911.086455373144,No comparison,
Canada,Cars,PHEV,2046,2514392.772903104,1.0,Global Net-zero,Vehicle motor,PM,Dysprosium,83.0,208.69460015095763,Variability in data,
Canada,Cars,PHEV,2046,2514392.772903104,1.0,Global Net-zero,Vehicle motor,PM,Neodymium,695.0,1747.502977167657,Small variability in data,
Canada,Cars,PHEV,2046,2514392.772903104,1.0,Global Net-zero,Vehicle motor,PM,Praesodymium,1.0,2.5143927729031037,No comparison,
Canada,Vans,PHEV,2046,259550.22171903006,1.9577507575642077,Global Net-zero,Vehicle motor,PM,Copper,13884.5,7055.195453460266,No comparison,
Canada,Vans,PHEV,2046,259550.22171903006,1.9577507575642077,Global Net-zero,Vehicle motor,PM,Dysprosium,83.0,42.1751753853003,Variability in data,
Canada,Vans,PHEV,2046,259550.22171903006,1.9577507575642077,Global Net-zero,Vehicle motor,PM,Neodymium,695.0,353.1535770214905,Small variability in data,
Canada,Vans,PHEV,2046,259550.22171903006,1.9577507575642077,Global Net-zero,Vehicle motor,PM,Praesodymium,1.0,0.5081346431963892,No comparison,
Canada,2 and 3 wheelers,BEV,2047,7115.777726672328,0.09808569078889517,Global Net-zero,Vehicle motor,PM,Copper,13884.5,9.690769718516139,No comparison,
Canada,2 and 3 wheelers,BEV,2047,7115.777726672328,0.09808569078889517,Global Net-zero,Vehicle motor,PM,Dysprosium,83.0,0.05793034582713382,Variability in data,
Canada,2 and 3 wheelers,BEV,2047,7115.777726672328,0.09808569078889517,Global Net-zero,Vehicle motor,PM,Neodymium,695.0,0.4850794018055181,Small variability in data,
Canada,2 and 3 wheelers,BEV,2047,7115.777726672328,0.09808569078889517,Global Net-zero,Vehicle motor,PM,Praesodymium,1.0,0.0006979559738208894,No comparison,
Canada,Buses,BEV,2047,8790.078368242286,5.6752374182090595,Global Net-zero,Vehicle motor,PM,Copper,13884.5,692.6391355198986,No comparison,
Canada,Buses,BEV,2047,8790.078368242286,5.6752374182090595,Global Net-zero,Vehicle motor,PM,Dysprosium,83.0,4.1405198781484085,Variability in data,
Canada,Buses,BEV,2047,8790.078368242286,5.6752374182090595,Global Net-zero,Vehicle motor,PM,Neodymium,695.0,34.67061825678486,Small variability in data,
Canada,Buses,BEV,2047,8790.078368242286,5.6752374182090595,Global Net-zero,Vehicle motor,PM,Praesodymium,1.0,0.049885781664438654,No comparison,
Canada,Cars,BEV,2047,7952928.047457308,1.0,Global Net-zero,Vehicle motor,PM,Copper,13884.5,110422.429474921,No comparison,
Canada,Cars,BEV,2047,7952928.047457308,1.0,Global Net-zero,Vehicle motor,PM,Dysprosium,83.0,660.0930279389565,Variability in data,
Canada,Cars,BEV,2047,7952928.047457308,1.0,Global Net-zero,Vehicle motor,PM,Neodymium,695.0,5527.284992982829,Small variability in data,
Canada,Cars,BEV,2047,7952928.047457308,1.0,Global Net-zero,Vehicle motor,PM,Praesodymium,1.0,7.952928047457307,No comparison,
Canada,Trucks,BEV,2047,83715.03207849797,3.6892781241792854,Global Net-zero,Vehicle motor,PM,Copper,13884.5,4288.2005629532205,No comparison,
Canada,Trucks,BEV,2047,83715.03207849797,3.6892781241792854,Global Net-zero,Vehicle motor,PM,Dysprosium,83.0,25.634387030510087,Variability in data,
Canada,Trucks,BEV,2047,83715.03207849797,3.6892781241792854,Global Net-zero,Vehicle motor,PM,Neodymium,695.0,214.64938537595793,Small variability in data,
Canada,Trucks,BEV,2047,83715.03207849797,3.6892781241792854,Global Net-zero,Vehicle motor,PM,Praesodymium,1.0,0.3088480365121697,No comparison,
Canada,Vans,BEV,2047,460432.67643173883,1.9577507575642077,Global Net-zero,Vehicle motor,PM,Copper,13884.5,12515.660760645658,No comparison,
Canada,Vans,BEV,2047,460432.67643173883,1.9577507575642077,Global Net-zero,Vehicle motor,PM,Dysprosium,83.0,74.81723095059886,Variability in data,
Canada,Vans,BEV,2047,460432.67643173883,1.9577507575642077,Global Net-zero,Vehicle motor,PM,Neodymium,695.0,626.481632658629,Small variability in data,
Canada,Vans,BEV,2047,460432.67643173883,1.9577507575642077,Global Net-zero,Vehicle motor,PM,Praesodymium,1.0,0.9014124210915524,No comparison,
Canada,Buses,FCEV,2047,544.1477085102368,5.6752374182090595,Global Net-zero,Vehicle motor,PM,Copper,13884.5,42.87766077027944,No comparison,
Canada,Buses,FCEV,2047,544.1477085102368,5.6752374182090595,Global Net-zero,Vehicle motor,PM,Dysprosium,83.0,0.256317897218711,Variability in data,
Canada,Buses,FCEV,2047,544.1477085102368,5.6752374182090595,Global Net-zero,Vehicle motor,PM,Neodymium,695.0,2.1462763682771584,Small variability in data,
Canada,Buses,FCEV,2047,544.1477085102368,5.6752374182090595,Global Net-zero,Vehicle motor,PM,Praesodymium,1.0,0.0030881674363700123,No comparison,
Canada,Cars,FCEV,2047,837.1503207849797,1.0,Global Net-zero,Vehicle motor,PM,Copper,13884.5,11.623413628939051,No comparison,
Canada,Cars,FCEV,2047,837.1503207849797,1.0,Global Net-zero,Vehicle motor,PM,Dysprosium,83.0,0.06948347662515332,Variability in data,
Canada,Cars,FCEV,2047,837.1503207849797,1.0,Global Net-zero,Vehicle motor,PM,Neodymium,695.0,0.5818194729455609,Small variability in data,
Canada,Cars,FCEV,2047,837.1503207849797,1.0,Global Net-zero,Vehicle motor,PM,Praesodymium,1.0,0.0008371503207849797,No comparison,
Canada,Trucks,FCEV,2047,251.1450962354939,3.6892781241792854,Global Net-zero,Vehicle motor,PM,Copper,13884.5,12.86460168885966,No comparison,
Canada,Trucks,FCEV,2047,251.1450962354939,3.6892781241792854,Global Net-zero,Vehicle motor,PM,Dysprosium,83.0,0.07690316109153024,Variability in data,
Canada,Trucks,FCEV,2047,251.1450962354939,3.6892781241792854,Global Net-zero,Vehicle motor,PM,Neodymium,695.0,0.6439481561278738,Small variability in data,
Canada,Trucks,FCEV,2047,251.1450962354939,3.6892781241792854,Global Net-zero,Vehicle motor,PM,Praesodymium,1.0,0.000926544109536509,No comparison,
Canada,Cars,PHEV,2047,2595165.994433437,1.0,Global Net-zero,Vehicle motor,PM,Copper,13884.5,36032.58224971106,No comparison,
Canada,Cars,PHEV,2047,2595165.994433437,1.0,Global Net-zero,Vehicle motor,PM,Dysprosium,83.0,215.3987775379753,Variability in data,
Canada,Cars,PHEV,2047,2595165.994433437,1.0,Global Net-zero,Vehicle motor,PM,Neodymium,695.0,1803.6403661312388,Small variability in data,
Canada,Cars,PHEV,2047,2595165.994433437,1.0,Global Net-zero,Vehicle motor,PM,Praesodymium,1.0,2.595165994433437,No comparison,
Canada,Vans,PHEV,2047,267888.1026511935,1.9577507575642077,Global Net-zero,Vehicle motor,PM,Copper,13884.5,7281.838988012019,No comparison,
Canada,Vans,PHEV,2047,267888.1026511935,1.9577507575642077,Global Net-zero,Vehicle motor,PM,Dysprosium,83.0,43.53002528034842,Variability in data,
Canada,Vans,PHEV,2047,267888.1026511935,1.9577507575642077,Global Net-zero,Vehicle motor,PM,Neodymium,695.0,364.4984044559295,Small variability in data,
Canada,Vans,PHEV,2047,267888.1026511935,1.9577507575642077,Global Net-zero,Vehicle motor,PM,Praesodymium,1.0,0.5244581359078123,No comparison,
Canada,2 and 3 wheelers,BEV,2048,7328.882205868477,0.09808569078889517,Global Net-zero,Vehicle motor,PM,Copper,13884.5,9.980990480490382,No comparison,
Canada,2 and 3 wheelers,BEV,2048,7328.882205868477,0.09808569078889517,Global Net-zero,Vehicle motor,PM,Dysprosium,83.0,0.059665253331463275,Variability in data,
Canada,2 and 3 wheelers,BEV,2048,7328.882205868477,0.09808569078889517,Global Net-zero,Vehicle motor,PM,Neodymium,695.0,0.4996066393417708,Small variability in data,
Canada,2 and 3 wheelers,BEV,2048,7328.882205868477,0.09808569078889517,Global Net-zero,Vehicle motor,PM,Praesodymium,1.0,0.0007188584738730514,No comparison,
Canada,Buses,BEV,2048,9053.325077837531,5.6752374182090595,Global Net-zero,Vehicle motor,PM,Copper,13884.5,713.3824060260259,No comparison,
Canada,Buses,BEV,2048,9053.325077837531,5.6752374182090595,Global Net-zero,Vehicle motor,PM,Dysprosium,83.0,4.264520846999182,Variability in data,
Canada,Buses,BEV,2048,9053.325077837531,5.6752374182090595,Global Net-zero,Vehicle motor,PM,Neodymium,695.0,35.708939622463035,Small variability in data,
Canada,Buses,BEV,2048,9053.325077837531,5.6752374182090595,Global Net-zero,Vehicle motor,PM,Praesodymium,1.0,0.051379769240954005,No comparison,
Canada,Cars,BEV,2048,8191103.641853004,1.0,Global Net-zero,Vehicle motor,PM,Copper,13884.5,113729.37851530802,No comparison,
Canada,Cars,BEV,2048,8191103.641853004,1.0,Global Net-zero,Vehicle motor,PM,Dysprosium,83.0,679.8616022737993,Variability in data,
Canada,Cars,BEV,2048,8191103.641853004,1.0,Global Net-zero,Vehicle motor,PM,Neodymium,695.0,5692.817031087837,Small variability in data,
Canada,Cars,BEV,2048,8191103.641853004,1.0,Global Net-zero,Vehicle motor,PM,Praesodymium,1.0,8.191103641853005,No comparison,
Canada,Trucks,BEV,2048,86222.14359845268,3.6892781241792854,Global Net-zero,Vehicle motor,PM,Copper,13884.5,4416.624297189806,No comparison,
Canada,Trucks,BEV,2048,86222.14359845268,3.6892781241792854,Global Net-zero,Vehicle motor,PM,Dysprosium,83.0,26.402089860402167,Variability in data,
Canada,Trucks,BEV,2048,86222.14359845268,3.6892781241792854,Global Net-zero,Vehicle motor,PM,Neodymium,695.0,221.07774039734343,Small variability in data,
Canada,Trucks,BEV,2048,86222.14359845268,3.6892781241792854,Global Net-zero,Vehicle motor,PM,Praesodymium,1.0,0.3180974681976165,No comparison,
Canada,Vans,BEV,2048,474221.7897914897,1.9577507575642077,Global Net-zero,Vehicle motor,PM,Copper,13884.5,12890.481823169259,No comparison,
Canada,Vans,BEV,2048,474221.7897914897,1.9577507575642077,Global Net-zero,Vehicle motor,PM,Dysprosium,83.0,77.0578696620727,Variability in data,
Canada,Vans,BEV,2048,474221.7897914897,1.9577507575642077,Global Net-zero,Vehicle motor,PM,Neodymium,695.0,645.2436074113317,Small variability in data,
Canada,Vans,BEV,2048,474221.7897914897,1.9577507575642077,Global Net-zero,Vehicle motor,PM,Praesodymium,1.0,0.9284080682177435,No comparison,
Canada,Buses,FCEV,2048,560.4439333899423,5.6752374182090595,Global Net-zero,Vehicle motor,PM,Copper,13884.5,44.161767992087306,No comparison,
Canada,Buses,FCEV,2048,560.4439333899423,5.6752374182090595,Global Net-zero,Vehicle motor,PM,Dysprosium,83.0,0.2639941476713779,Variability in data,
Canada,Buses,FCEV,2048,560.4439333899423,5.6752374182090595,Global Net-zero,Vehicle motor,PM,Neodymium,695.0,2.210553405200092,Small variability in data,
Canada,Buses,FCEV,2048,560.4439333899423,5.6752374182090595,Global Net-zero,Vehicle motor,PM,Praesodymium,1.0,0.0031806523815828664,No comparison,
Canada,Cars,FCEV,2048,862.2214359845268,1.0,Global Net-zero,Vehicle motor,PM,Copper,13884.5,11.971513527927161,No comparison,
Canada,Cars,FCEV,2048,862.2214359845268,1.0,Global Net-zero,Vehicle motor,PM,Dysprosium,83.0,0.07156437918671572,Variability in data,
Canada,Cars,FCEV,2048,862.2214359845268,1.0,Global Net-zero,Vehicle motor,PM,Neodymium,695.0,0.599243898009246,Small variability in data,
Canada,Cars,FCEV,2048,862.2214359845268,1.0,Global Net-zero,Vehicle motor,PM,Praesodymium,1.0,0.0008622214359845268,No comparison,
Canada,Trucks,FCEV,2048,258.666430795358,3.6892781241792854,Global Net-zero,Vehicle motor,PM,Copper,13884.5,13.249872891569416,No comparison,
Canada,Trucks,FCEV,2048,258.666430795358,3.6892781241792854,Global Net-zero,Vehicle motor,PM,Dysprosium,83.0,0.0792062695812065,Variability in data,
Canada,Trucks,FCEV,2048,258.666430795358,3.6892781241792854,Global Net-zero,Vehicle motor,PM,Neodymium,695.0,0.6632332211920302,Small variability in data,
Canada,Trucks,FCEV,2048,258.666430795358,3.6892781241792854,Global Net-zero,Vehicle motor,PM,Praesodymium,1.0,0.0009542924045928493,No comparison,
Canada,Cars,PHEV,2048,2672886.451552033,1.0,Global Net-zero,Vehicle motor,PM,Copper,13884.5,37111.69193657421,No comparison,
Canada,Cars,PHEV,2048,2672886.451552033,1.0,Global Net-zero,Vehicle motor,PM,Dysprosium,83.0,221.84957547881874,Variability in data,
Canada,Cars,PHEV,2048,2672886.451552033,1.0,Global Net-zero,Vehicle motor,PM,Neodymium,695.0,1857.656083828663,Small variability in data,
Canada,Cars,PHEV,2048,2672886.451552033,1.0,Global Net-zero,Vehicle motor,PM,Praesodymium,1.0,2.6728864515520327,No comparison,
Canada,Vans,PHEV,2048,275910.85951504856,1.9577507575642077,Global Net-zero,Vehicle motor,PM,Copper,13884.5,7499.9166971166605,No comparison,
Canada,Vans,PHEV,2048,275910.85951504856,1.9577507575642077,Global Net-zero,Vehicle motor,PM,Dysprosium,83.0,44.833669621569584,Variability in data,
Canada,Vans,PHEV,2048,275910.85951504856,1.9577507575642077,Global Net-zero,Vehicle motor,PM,Neodymium,695.0,375.41446249386576,Small variability in data,
Canada,Vans,PHEV,2048,275910.85951504856,1.9577507575642077,Global Net-zero,Vehicle motor,PM,Praesodymium,1.0,0.5401646942357781,No comparison,
Canada,2 and 3 wheelers,BEV,2049,7533.350551938862,0.09808569078889517,Global Net-zero,Vehicle motor,PM,Copper,13884.5,10.25944994516236,No comparison,
Canada,2 and 3 wheelers,BEV,2049,7533.350551938862,0.09808569078889517,Global Net-zero,Vehicle motor,PM,Dysprosium,83.0,0.06132985310587172,Variability in data,
Canada,2 and 3 wheelers,BEV,2049,7533.350551938862,0.09808569078889517,Global Net-zero,Vehicle motor,PM,Neodymium,695.0,0.5135451555250704,Small variability in data,
Canada,2 and 3 wheelers,BEV,2049,7533.350551938862,0.09808569078889517,Global Net-zero,Vehicle motor,PM,Praesodymium,1.0,0.000738913892841828,No comparison,
Canada,Buses,BEV,2049,9305.9036229833,5.6752374182090595,Global Net-zero,Vehicle motor,PM,Copper,13884.5,733.2850482814921,No comparison,
Canada,Buses,BEV,2049,9305.9036229833,5.6752374182090595,Global Net-zero,Vehicle motor,PM,Dysprosium,83.0,4.383496633466372,Variability in data,
Canada,Buses,BEV,2049,9305.9036229833,5.6752374182090595,Global Net-zero,Vehicle motor,PM,Neodymium,695.0,36.70518265372444,Small variability in data,
Canada,Buses,BEV,2049,9305.9036229833,5.6752374182090595,Global Net-zero,Vehicle motor,PM,Praesodymium,1.0,0.052813212451402074,No comparison,
Canada,Cars,BEV,2049,8419627.08746108,1.0,Global Net-zero,Vehicle motor,PM,Copper,13884.5,116902.31229585338,No comparison,
Canada,Cars,BEV,2049,8419627.08746108,1.0,Global Net-zero,Vehicle motor,PM,Dysprosium,83.0,698.8290482592697,Variability in data,
Canada,Cars,BEV,2049,8419627.08746108,1.0,Global Net-zero,Vehicle motor,PM,Neodymium,695.0,5851.640825785451,Small variability in data,
Canada,Cars,BEV,2049,8419627.08746108,1.0,Global Net-zero,Vehicle motor,PM,Praesodymium,1.0,8.41962708746108,No comparison,
Canada,Trucks,BEV,2049,88627.6535522219,3.6892781241792854,Global Net-zero,Vehicle motor,PM,Copper,13884.5,4539.843614937547,No comparison,
Canada,Trucks,BEV,2049,88627.6535522219,3.6892781241792854,Global Net-zero,Vehicle motor,PM,Dysprosium,83.0,27.138681266146882,Variability in data,
Canada,Trucks,BEV,2049,88627.6535522219,3.6892781241792854,Global Net-zero,Vehicle motor,PM,Neodymium,695.0,227.24558409604919,Small variability in data,
Canada,Trucks,BEV,2049,88627.6535522219,3.6892781241792854,Global Net-zero,Vehicle motor,PM,Praesodymium,1.0,0.3269720634475528,No comparison,
Canada,Vans,BEV,2049,487452.09453722043,1.9577507575642077,Global Net-zero,Vehicle motor,PM,Copper,13884.5,13250.113131791366,No comparison,
Canada,Vans,BEV,2049,487452.09453722043,1.9577507575642077,Global Net-zero,Vehicle motor,PM,Dysprosium,83.0,79.20770571058975,Variability in data,
Canada,Vans,BEV,2049,487452.09453722043,1.9577507575642077,Global Net-zero,Vehicle motor,PM,Neodymium,695.0,663.2452466127697,Small variability in data,
Canada,Vans,BEV,2049,487452.09453722043,1.9577507575642077,Global Net-zero,Vehicle motor,PM,Praesodymium,1.0,0.9543097073565031,No comparison,
Canada,Buses,FCEV,2049,576.0797480894423,5.6752374182090595,Global Net-zero,Vehicle motor,PM,Copper,13884.5,45.3938363221876,No comparison,
Canada,Buses,FCEV,2049,576.0797480894423,5.6752374182090595,Global Net-zero,Vehicle motor,PM,Dysprosium,83.0,0.27135931540506114,Variability in data,
Canada,Buses,FCEV,2049,576.0797480894423,5.6752374182090595,Global Net-zero,Vehicle motor,PM,Neodymium,695.0,2.2722255928496082,Small variability in data,
Canada,Buses,FCEV,2049,576.0797480894423,5.6752374182090595,Global Net-zero,Vehicle motor,PM,Praesodymium,1.0,0.003269389342229652,No comparison,
Canada,Cars,FCEV,2049,886.276535522219,1.0,Global Net-zero,Vehicle motor,PM,Copper,13884.5,12.30550655745825,No comparison,
Canada,Cars,FCEV,2049,886.276535522219,1.0,Global Net-zero,Vehicle motor,PM,Dysprosium,83.0,0.07356095244834418,Variability in data,
Canada,Cars,FCEV,2049,886.276535522219,1.0,Global Net-zero,Vehicle motor,PM,Neodymium,695.0,0.6159621921879422,Small variability in data,
Canada,Cars,FCEV,2049,886.276535522219,1.0,Global Net-zero,Vehicle motor,PM,Praesodymium,1.0,0.000886276535522219,No comparison,
Canada,Trucks,FCEV,2049,265.8829606566657,3.6892781241792854,Global Net-zero,Vehicle motor,PM,Copper,13884.5,13.61953084481264,No comparison,
Canada,Trucks,FCEV,2049,265.8829606566657,3.6892781241792854,Global Net-zero,Vehicle motor,PM,Dysprosium,83.0,0.08141604379844064,Variability in data,
Canada,Trucks,FCEV,2049,265.8829606566657,3.6892781241792854,Global Net-zero,Vehicle motor,PM,Neodymium,695.0,0.6817367522881476,Small variability in data,
Canada,Trucks,FCEV,2049,265.8829606566657,3.6892781241792854,Global Net-zero,Vehicle motor,PM,Praesodymium,1.0,0.0009809161903426584,No comparison,
Canada,Cars,PHEV,2049,2747457.260118879,1.0,Global Net-zero,Vehicle motor,PM,Copper,13884.5,38147.07032812057,No comparison,
Canada,Cars,PHEV,2049,2747457.260118879,1.0,Global Net-zero,Vehicle motor,PM,Dysprosium,83.0,228.03895258986694,Variability in data,
Canada,Cars,PHEV,2049,2747457.260118879,1.0,Global Net-zero,Vehicle motor,PM,Neodymium,695.0,1909.482795782621,Small variability in data,
Canada,Cars,PHEV,2049,2747457.260118879,1.0,Global Net-zero,Vehicle motor,PM,Praesodymium,1.0,2.7474572601188787,No comparison,
Canada,Vans,PHEV,2049,283608.4913671101,1.9577507575642077,Global Net-zero,Vehicle motor,PM,Copper,13884.5,7709.1567312240695,No comparison,
Canada,Vans,PHEV,2049,283608.4913671101,1.9577507575642077,Global Net-zero,Vehicle motor,PM,Dysprosium,83.0,46.08448332252496,Variability in data,
Canada,Vans,PHEV,2049,283608.4913671101,1.9577507575642077,Global Net-zero,Vehicle motor,PM,Neodymium,695.0,385.8881434837933,Small variability in data,
Canada,Vans,PHEV,2049,283608.4913671101,1.9577507575642077,Global Net-zero,Vehicle motor,PM,Praesodymium,1.0,0.5552347388256019,No comparison,
Canada,2 and 3 wheelers,BEV,2050,7730.068933389943,0.09808569078889517,Global Net-zero,Vehicle motor,PM,Copper,13884.5,10.527354959521647,No comparison,
Canada,2 and 3 wheelers,BEV,2050,7730.068933389943,0.09808569078889517,Global Net-zero,Vehicle motor,PM,Dysprosium,83.0,0.06293135954771845,Variability in data,
Canada,2 and 3 wheelers,BEV,2050,7730.068933389943,0.09808569078889517,Global Net-zero,Vehicle motor,PM,Neodymium,695.0,0.5269553600682448,Small variability in data,
Canada,2 and 3 wheelers,BEV,2050,7730.068933389943,0.09808569078889517,Global Net-zero,Vehicle motor,PM,Praesodymium,1.0,0.0007582091511773307,No comparison,
Canada,Buses,BEV,2050,9548.90868242287,5.6752374182090595,Global Net-zero,Vehicle motor,PM,Copper,13884.5,752.4333206001202,No comparison,
Canada,Buses,BEV,2050,9548.90868242287,5.6752374182090595,Global Net-zero,Vehicle motor,PM,Dysprosium,83.0,4.497962880176455,Variability in data,
Canada,Buses,BEV,2050,9548.90868242287,5.6752374182090595,Global Net-zero,Vehicle motor,PM,Neodymium,695.0,37.663665080995614,Small variability in data,
Canada,Buses,BEV,2050,9548.90868242287,5.6752374182090595,Global Net-zero,Vehicle motor,PM,Praesodymium,1.0,0.054192323857547645,No comparison,
Canada,Cars,BEV,2050,8639488.807906406,1.0,Global Net-zero,Vehicle motor,PM,Copper,13884.5,119954.9823533765,No comparison,
Canada,Cars,BEV,2050,8639488.807906406,1.0,Global Net-zero,Vehicle motor,PM,Dysprosium,83.0,717.0775710562317,Variability in data,
Canada,Cars,BEV,2050,8639488.807906406,1.0,Global Net-zero,Vehicle motor,PM,Neodymium,695.0,6004.444721494952,Small variability in data,
Canada,Cars,BEV,2050,8639488.807906406,1.0,Global Net-zero,Vehicle motor,PM,Praesodymium,1.0,8.639488807906407,No comparison,
Canada,Trucks,BEV,2050,90941.98745164639,3.6892781241792854,Global Net-zero,Vehicle motor,PM,Copper,13884.5,4658.392550343412,No comparison,
Canada,Trucks,BEV,2050,90941.98745164639,3.6892781241792854,Global Net-zero,Vehicle motor,PM,Dysprosium,83.0,27.847353644603928,Variability in data,
Canada,Trucks,BEV,2050,90941.98745164639,3.6892781241792854,Global Net-zero,Vehicle motor,PM,Neodymium,695.0,233.17964798794853,Small variability in data,
Canada,Trucks,BEV,2050,90941.98745164639,3.6892781241792854,Global Net-zero,Vehicle motor,PM,Praesodymium,1.0,0.3355102848747461,No comparison,
Canada,Vans,BEV,2050,500180.9309840551,1.9577507575642077,Global Net-zero,Vehicle motor,PM,Copper,13884.5,13596.11333334297,No comparison,
Canada,Vans,BEV,2050,500180.9309840551,1.9577507575642077,Global Net-zero,Vehicle motor,PM,Dysprosium,83.0,81.27605651391599,Variability in data,
Canada,Vans,BEV,2050,500180.9309840551,1.9577507575642077,Global Net-zero,Vehicle motor,PM,Neodymium,695.0,680.5645696044771,Small variability in data,
Canada,Vans,BEV,2050,500180.9309840551,1.9577507575642077,Global Net-zero,Vehicle motor,PM,Praesodymium,1.0,0.9792295965532046,No comparison,
Canada,Buses,FCEV,2050,591.1229184357015,5.6752374182090595,Global Net-zero,Vehicle motor,PM,Copper,13884.5,46.57920556095983,No comparison,
Canada,Buses,FCEV,2050,591.1229184357015,5.6752374182090595,Global Net-zero,Vehicle motor,PM,Dysprosium,83.0,0.2784453211537805,Variability in data,
Canada,Buses,FCEV,2050,591.1229184357015,5.6752374182090595,Global Net-zero,Vehicle motor,PM,Neodymium,695.0,2.3315602192997287,Small variability in data,
Canada,Buses,FCEV,2050,591.1229184357015,5.6752374182090595,Global Net-zero,Vehicle motor,PM,Praesodymium,1.0,0.0033547629054672353,No comparison,
Canada,Cars,FCEV,2050,909.4198745164638,1.0,Global Net-zero,Vehicle motor,PM,Copper,13884.5,12.626840247723843,No comparison,
Canada,Cars,FCEV,2050,909.4198745164638,1.0,Global Net-zero,Vehicle motor,PM,Dysprosium,83.0,0.07548184958486649,Variability in data,
Canada,Cars,FCEV,2050,909.4198745164638,1.0,Global Net-zero,Vehicle motor,PM,Neodymium,695.0,0.6320468127889424,Small variability in data,
Canada,Cars,FCEV,2050,909.4198745164638,1.0,Global Net-zero,Vehicle motor,PM,Praesodymium,1.0,0.0009094198745164638,No comparison,
Canada,Trucks,FCEV,2050,272.8259623549392,3.6892781241792854,Global Net-zero,Vehicle motor,PM,Copper,13884.5,13.975177651030236,No comparison,
Canada,Trucks,FCEV,2050,272.8259623549392,3.6892781241792854,Global Net-zero,Vehicle motor,PM,Dysprosium,83.0,0.08354206093381178,Variability in data,
Canada,Trucks,FCEV,2050,272.8259623549392,3.6892781241792854,Global Net-zero,Vehicle motor,PM,Neodymium,695.0,0.6995389439638457,Small variability in data,
Canada,Trucks,FCEV,2050,272.8259623549392,3.6892781241792854,Global Net-zero,Vehicle motor,PM,Praesodymium,1.0,0.0010065308546242384,No comparison,
Canada,Cars,PHEV,2050,2819201.611001038,1.0,Global Net-zero,Vehicle motor,PM,Copper,13884.5,39143.204767943906,No comparison,
Canada,Cars,PHEV,2050,2819201.611001038,1.0,Global Net-zero,Vehicle motor,PM,Dysprosium,83.0,233.99373371308616,Variability in data,
Canada,Cars,PHEV,2050,2819201.611001038,1.0,Global Net-zero,Vehicle motor,PM,Neodymium,695.0,1959.3451196457215,Small variability in data,
Canada,Cars,PHEV,2050,2819201.611001038,1.0,Global Net-zero,Vehicle motor,PM,Praesodymium,1.0,2.819201611001038,No comparison,
Canada,Vans,PHEV,2050,291014.3598452684,1.9577507575642077,Global Net-zero,Vehicle motor,PM,Copper,13884.5,7910.465939399544,No comparison,
Canada,Vans,PHEV,2050,291014.3598452684,1.9577507575642077,Global Net-zero,Vehicle motor,PM,Dysprosium,83.0,47.28788742627838,Variability in data,
Canada,Vans,PHEV,2050,291014.3598452684,1.9577507575642077,Global Net-zero,Vehicle motor,PM,Neodymium,695.0,395.9648404971503,Small variability in data,
Canada,Vans,PHEV,2050,291014.3598452684,1.9577507575642077,Global Net-zero,Vehicle motor,PM,Praesodymium,1.0,0.5697335834491372,No comparison,
